Date,Open,High,Low,Close,Volume
1977-01-03,6.579034,6.621343,6.579034,6.621343,47952
1977-01-04,6.621344,6.642498,6.600189,6.642498,34217
1977-01-05,6.642497,6.642497,6.579034,6.600188,15422
1977-01-06,6.579039,6.579039,6.494421,6.557884,39036
1977-01-07,6.557877,6.579031,6.494414,6.579031,20482
1977-01-10,6.579035,6.663653,6.579035,6.642498,42892
1977-01-11,6.642498,6.684807,6.642498,6.663653,22169
1977-01-12,6.663653,6.663653,6.579035,6.663653,34940
1977-01-13,6.663654,6.748271,6.663654,6.705962,34458
1977-01-14,6.705967,6.748276,6.684813,6.727122,20723
1977-01-17,6.642495,6.642495,6.536722,6.579031,33735
1977-01-18,6.579034,6.600188,6.536725,6.600188,34217
1977-01-19,6.600188,6.621343,6.557879,6.621343,19759
1977-01-20,6.621340,6.663649,6.494414,6.579031,79518
1977-01-21,6.579031,6.600186,6.515568,6.579031,19277
1977-01-24,6.579034,6.600188,6.536725,6.600188,24096
1977-01-25,6.600189,6.663653,6.600189,6.642498,25060
1977-01-26,6.621340,6.621340,6.557877,6.579031,22892
1977-01-27,6.579034,6.600188,6.515571,6.600188,26506
1977-01-28,6.579034,6.600188,6.515571,6.600188,26506
1977-01-31,6.579036,6.579036,6.515573,6.536727,18072
1977-02-01,6.536722,6.579031,6.536722,6.579031,20241
1977-02-02,6.579036,6.600191,6.536727,6.536727,72048
1977-02-03,6.536727,6.600191,6.473264,6.536727,186988
1977-02-04,6.536730,6.600193,6.515575,6.557884,35663
1977-02-07,6.557877,6.600186,6.536722,6.579031,20723
1977-02-08,6.579034,6.621343,6.557879,6.600188,23614
1977-02-09,6.600193,6.600193,6.536730,6.557884,17349
1977-02-10,6.557880,6.642498,6.557880,6.642498,16386
1977-02-11,6.642497,6.642497,6.579034,6.621343,24819
1977-02-14,6.621343,6.621343,6.579034,6.600188,17349
1977-02-15,6.600188,6.600188,6.557879,6.600188,16867
1977-02-16,6.600188,6.621343,6.557879,6.600188,25301
1977-02-17,6.600186,6.621340,6.579031,6.579031,22410
1977-02-18,6.579035,6.642498,6.557880,6.642498,26265
1977-02-22,6.642498,6.642498,6.600189,6.642498,17590
1977-02-23,6.642498,6.663653,6.621344,6.663653,44337
1977-02-24,6.663653,6.663653,6.621344,6.663653,80723
1977-02-25,6.642497,6.642497,6.600188,6.600188,18072
1977-02-28,6.600186,6.642495,6.515568,6.579031,35181
1977-03-01,6.579034,6.642497,6.536725,6.600188,47229
1977-03-02,6.600189,6.663653,6.600189,6.663653,36386
1977-03-03,6.663653,6.663653,6.621344,6.663653,68434
1977-03-04,6.663654,6.705962,6.642499,6.705962,43614
1977-03-07,6.705962,6.727117,6.663654,6.705962,21205
1977-03-08,6.705962,6.748271,6.663653,6.663653,43614
1977-03-09,6.663653,6.663653,6.621344,6.642498,21687
1977-03-10,6.642497,6.663652,6.579034,6.621343,25542
1977-03-11,6.621344,6.663653,6.621344,6.642498,24819
1977-03-14,6.642500,6.684809,6.621346,6.684809,28916
1977-03-15,6.705967,6.769431,6.705967,6.727122,103614
1977-03-16,6.727119,6.811737,6.727119,6.769428,86024
1977-03-17,6.769427,6.790581,6.705963,6.748272,40964
1977-03-18,6.748276,6.769431,6.727122,6.727122,22651
1977-03-21,6.727118,6.790581,6.727118,6.748272,31807
1977-03-22,6.748271,6.748271,6.684808,6.705962,33253
1977-03-23,6.705967,6.748276,6.705967,6.727122,29398
1977-03-24,6.727122,6.727122,6.705967,6.727122,31084
1977-03-25,6.727116,6.727116,6.621344,6.663653,20482
1977-03-28,6.642498,6.642498,6.579035,6.642498,33735
1977-03-29,6.642498,6.663653,6.621344,6.663653,13735
1977-03-30,6.663653,6.663653,6.642498,6.642498,15904
1977-03-31,6.642498,6.684807,6.642498,6.642498,44096
1977-04-01,6.642500,6.705963,6.642500,6.684809,31566
1977-04-04,6.684807,6.705962,6.642498,6.663653,17831
1977-04-05,6.663653,6.684807,6.579035,6.663653,37590
1977-04-06,6.663655,6.727118,6.663655,6.684809,21446
1977-04-07,6.705963,6.748272,6.705963,6.748272,24337
1977-04-11,6.748276,6.790585,6.705967,6.727122,42410
1977-04-12,6.727115,6.854042,6.727115,6.854042,24578
1977-04-13,6.854041,6.896349,6.769423,6.896349,144337
1977-04-14,6.896355,7.002128,6.896355,6.938664,49398
1977-04-15,6.938658,7.002122,6.896349,6.896349,33012
1977-04-18,6.811736,6.811736,6.727118,6.748272,37108
1977-04-19,6.727118,6.727118,6.684809,6.684809,57108
1977-04-20,6.727119,6.769428,6.727119,6.769428,28675
1977-04-21,6.769427,6.769427,6.727118,6.748272,16627
1977-04-22,6.748271,6.769426,6.705962,6.705962,25060
1977-04-25,6.705960,6.727115,6.621343,6.621343,22651
1977-04-26,6.621346,6.684809,6.600191,6.684809,23855
1977-04-27,6.684808,6.769426,6.663654,6.705962,27711
1977-04-28,6.705962,6.748271,6.684808,6.705962,20000
1977-04-29,6.705967,6.748276,6.684813,6.727122,34217
1977-05-02,6.727119,6.811737,6.705964,6.769428,34217
1977-05-03,6.769428,6.811737,6.748273,6.769428,21446
1977-05-04,6.769428,6.811737,6.748273,6.790582,21205
1977-05-05,6.790582,6.790582,6.748273,6.769428,20723
1977-05-06,6.769428,6.769428,6.705964,6.769428,14458
1977-05-09,6.769428,6.832891,6.727119,6.790582,49157
1977-05-10,6.790582,6.832891,6.790582,6.790582,16386
1977-05-11,6.790582,6.832891,6.769428,6.811737,17108
1977-05-12,6.811737,6.832891,6.748273,6.790582,39518
1977-05-13,6.790582,6.811737,6.769428,6.769428,11566
1977-05-16,6.769428,6.790582,6.769428,6.769428,24337
1977-05-17,6.769428,6.832891,6.769428,6.811737,29880
1977-05-18,6.811737,6.832891,6.790582,6.811737,35422
1977-05-19,6.811737,6.875200,6.790582,6.811737,53494
1977-05-20,6.854041,6.896349,6.854041,6.896349,19759
1977-05-23,6.875205,6.875205,6.811742,6.832896,23133
1977-05-24,6.832891,6.854046,6.769428,6.811737,23855
1977-05-25,6.811742,6.854051,6.790587,6.832896,26024
1977-05-26,6.832891,6.832891,6.769428,6.811737,14217
1977-05-27,6.811737,6.811737,6.769428,6.769428,15904
1977-05-31,6.769431,6.769431,6.663659,6.727122,28916
1977-06-01,6.727118,6.769427,6.705963,6.748272,14699
1977-06-02,6.748273,6.790582,6.727119,6.790582,30120
1977-06-03,6.790582,6.811737,6.769428,6.811737,26506
1977-06-06,6.811735,6.811735,6.684808,6.705962,35663
1977-06-07,6.705964,6.790582,6.684810,6.769428,43373
1977-06-08,6.769427,6.790581,6.727118,6.748272,25542
1977-06-09,6.748273,6.769428,6.727119,6.769428,14458
1977-06-10,6.769428,6.769428,6.727119,6.769428,11566
1977-06-13,6.769428,6.769428,6.727119,6.769428,13976
1977-06-14,6.769428,6.769428,6.684810,6.769428,16386
1977-06-15,6.769431,6.769431,6.705967,6.727122,19759
1977-06-16,6.727122,6.727122,6.663659,6.727122,73735
1977-06-17,6.727118,6.748272,6.705963,6.748272,40482
1977-06-20,6.748276,6.748276,6.684813,6.727122,14699
1977-06-21,6.727122,6.769431,6.727122,6.727122,33012
1977-06-22,6.727118,6.748272,6.705963,6.748272,16386
1977-06-23,6.748273,6.769428,6.727119,6.769428,20241
1977-06-24,6.769428,6.790582,6.727119,6.769428,47229
1977-06-27,6.769431,6.790585,6.727122,6.727122,22410
1977-06-28,6.727122,6.748276,6.727122,6.727122,19759
1977-06-29,6.727119,6.769428,6.663656,6.769428,16386
1977-06-30,6.769427,6.769427,6.748272,6.748272,46506
1977-07-01,6.769428,6.811737,6.769428,6.811737,22169
1977-07-05,6.811742,6.854051,6.790587,6.832896,27952
1977-07-06,6.875198,6.917507,6.875198,6.875198,24337
1977-07-07,6.875201,6.938664,6.875201,6.938664,46747
1977-07-08,6.938664,6.959819,6.896355,6.938664,20482
1977-07-11,6.938665,6.980974,6.917511,6.980974,23133
1977-07-12,6.980974,7.002129,6.938665,6.980974,33976
1977-07-13,6.980974,7.002129,6.959820,7.002129,22651
1977-07-15,7.002129,7.023283,6.980974,7.002129,27229
1977-07-18,6.938661,6.938661,6.832889,6.875198,19036
1977-07-19,6.875202,6.980974,6.875202,6.980974,19759
1977-07-20,6.980969,7.044433,6.980969,7.023278,36867
1977-07-21,7.023279,7.065588,7.023279,7.065588,23855
1977-07-22,7.044437,7.044437,6.959819,6.959819,30602
1977-07-25,6.959820,7.002129,6.959820,6.980974,53494
1977-07-26,6.980974,7.023283,6.959820,7.002129,19277
1977-07-27,7.002129,7.044438,6.959820,6.980974,15904
1977-07-28,6.980972,6.980972,6.896354,6.917509,39277
1977-07-29,6.917507,6.959816,6.832889,6.875198,34458
1977-08-01,6.875196,6.917505,6.854042,6.854042,31807
1977-08-02,6.854044,6.875198,6.811735,6.875198,17349
1977-08-03,6.875195,6.917504,6.811732,6.896349,19518
1977-08-04,6.896355,6.959819,6.875201,6.959819,20482
1977-08-05,6.959812,7.044430,6.938657,7.044430,21205
1977-08-08,7.044438,7.044438,6.980974,6.980974,18072
1977-08-09,6.980970,7.002125,6.875198,6.875198,19277
1977-08-10,6.875202,6.980974,6.875202,6.980974,17349
1977-08-11,6.980972,7.044436,6.917509,6.917509,25542
1977-08-12,6.917507,6.917507,6.854044,6.875198,10120
1977-08-15,6.875200,6.896354,6.727119,6.811737,12771
1977-08-16,6.705963,6.705963,6.536727,6.536727,15181
1977-08-17,6.473263,6.473263,6.325182,6.473263,46506
1977-08-18,6.473263,6.494417,6.452108,6.494417,14940
1977-08-19,6.494419,6.515574,6.430956,6.452110,31566
1977-08-22,6.452109,6.515572,6.430955,6.473263,18313
1977-08-23,6.473264,6.515573,6.452109,6.515573,13253
1977-08-24,6.515573,6.536727,6.473264,6.515573,13253
1977-08-25,6.515573,6.536727,6.494418,6.515573,12771
1977-08-26,6.536725,6.642497,6.536725,6.621343,37831
1977-08-29,6.621344,6.684807,6.621344,6.642498,18313
1977-08-30,6.642498,6.663653,6.642498,6.642498,53253
1977-08-31,6.642499,6.705962,6.642499,6.705962,26506
1977-09-01,6.727122,6.769431,6.727122,6.727122,26988
1977-09-02,6.769428,6.832891,6.769428,6.811737,17831
1977-09-06,6.811737,6.832891,6.769428,6.790582,32530
1977-09-07,6.790578,6.854042,6.769424,6.854042,14940
1977-09-08,6.854042,6.980968,6.832887,6.854042,23133
1977-09-09,6.832891,6.832891,6.769428,6.811737,30120
1977-09-12,6.790582,6.790582,6.748273,6.769428,25060
1977-09-13,6.769428,6.811737,6.705964,6.790582,34699
1977-09-14,6.790582,6.811737,6.748273,6.790582,20000
1977-09-15,6.790582,6.790582,6.769428,6.769428,35904
1977-09-16,6.769428,6.790582,6.769428,6.790582,47470
1977-09-19,6.790582,6.790582,6.748273,6.769428,17590
1977-09-20,6.769428,6.790582,6.727119,6.769428,34940
1977-09-21,6.769431,6.811740,6.705967,6.727122,105060
1977-09-22,6.727116,6.727116,6.642498,6.663653,58554
1977-09-23,6.663653,6.663653,6.621344,6.642498,9639
1977-09-26,6.642495,6.642495,6.557877,6.579031,28434
1977-09-27,6.579039,6.621348,6.515575,6.557884,27711
1977-09-28,6.557881,6.579036,6.515573,6.515573,14458
1977-09-29,6.515568,6.579031,6.494414,6.579031,20000
1977-09-30,6.579034,6.600188,6.536725,6.600188,21928
1977-10-03,6.621345,6.705962,6.621345,6.705962,22892
1977-10-04,6.705962,6.748271,6.600190,6.705962,23855
1977-10-05,6.705963,6.727118,6.663655,6.684809,17108
1977-10-06,6.684813,6.769431,6.663659,6.727122,67952
1977-10-07,6.727122,6.748276,6.684813,6.727122,155663
1977-10-10,6.727122,6.748276,6.705967,6.727122,7952
1977-10-11,6.727116,6.748271,6.663653,6.663653,23614
1977-10-12,6.621343,6.621343,6.536725,6.600188,24096
1977-10-13,6.579035,6.579035,6.494417,6.494417,31084
1977-10-14,6.494418,6.536727,6.409801,6.536727,45542
1977-10-17,6.494418,6.494418,6.388646,6.473263,26988
1977-10-18,6.473260,6.515569,6.346334,6.430952,9639
1977-10-19,6.430952,6.473261,6.388643,6.388643,25783
1977-10-20,6.388644,6.430953,6.282871,6.346335,19759
1977-10-21,6.346338,6.346338,6.282874,6.325183,14699
1977-10-24,6.282873,6.282873,6.177101,6.198256,24578
1977-10-25,6.177101,6.177101,6.029019,6.092483,34699
1977-10-26,6.092485,6.261720,6.029021,6.261720,34699
1977-10-27,6.261720,6.367493,6.240566,6.261720,34217
1977-10-28,6.261717,6.325181,6.240563,6.282872,9157
1977-10-31,6.282874,6.325183,6.177101,6.219410,22410
1977-11-01,6.219410,6.219410,6.029020,6.029020,15181
1977-11-02,6.029020,6.071329,5.944402,5.986711,24337
1977-11-03,5.986711,6.029020,5.944402,6.029020,28193
1977-11-04,6.071327,6.134791,6.071327,6.113636,19518
1977-11-07,6.113637,6.134792,6.092483,6.092483,11566
1977-11-08,6.092483,6.134792,6.071329,6.134792,21446
1977-11-09,6.155948,6.304029,6.155948,6.304029,21928
1977-11-10,6.304026,6.388644,6.304026,6.346335,54458
1977-11-11,6.367491,6.536726,6.367491,6.494417,25783
1977-11-14,6.494415,6.536724,6.430952,6.430952,34699
1977-11-15,6.430956,6.452110,6.325184,6.452110,37590
1977-11-16,6.473264,6.515573,6.473264,6.515573,19277
1977-11-17,6.515572,6.557880,6.430954,6.494417,15181
1977-11-18,6.494418,6.536727,6.452109,6.515573,14940
1977-11-21,6.536722,6.579031,6.536722,6.579031,15422
1977-11-22,6.579035,6.705961,6.557880,6.642498,14940
1977-11-23,6.642502,6.684811,6.557884,6.557884,24096
1977-11-25,6.557877,6.621340,6.557877,6.579031,10843
1977-11-28,6.579036,6.579036,6.473263,6.473263,104819
1977-11-29,6.473260,6.473260,6.409797,6.430952,15422
1977-11-30,6.430955,6.473263,6.430955,6.473263,19518
1977-12-01,6.473263,6.473263,6.409800,6.473263,38072
1977-12-02,6.473264,6.536727,6.473264,6.536727,15904
1977-12-05,6.536730,6.600193,6.536730,6.557884,20482
1977-12-06,6.557881,6.557881,6.494418,6.515573,56145
1977-12-07,6.515572,6.536727,6.452109,6.473263,22651
1977-12-08,6.473265,6.515574,6.409802,6.452110,52289
1977-12-09,6.452109,6.494418,6.430955,6.473263,24819
1977-12-12,6.430954,6.536726,6.430954,6.494417,20000
1977-12-13,6.494418,6.515573,6.473264,6.515573,10120
1977-12-14,6.515575,6.579039,6.494421,6.557884,20964
1977-12-15,6.557884,6.579039,6.536730,6.557884,25060
1977-12-16,6.557884,6.557884,6.494421,6.557884,37590
1977-12-19,6.557881,6.557881,6.473264,6.515573,49398
1977-12-20,6.515572,6.515572,6.452108,6.494417,23133
1977-12-21,6.494418,6.536727,6.452109,6.515573,24337
1977-12-22,6.515573,6.579036,6.515573,6.536727,19518
1977-12-23,6.557879,6.600188,6.557879,6.600188,39518
1977-12-27,6.600193,6.600193,6.557884,6.557884,23614
1977-12-28,6.557881,6.600190,6.494418,6.515573,38072
1977-12-29,6.515573,6.557882,6.473264,6.536727,37590
1977-12-30,6.536730,6.579039,6.515575,6.557884,48675
1978-01-03,6.557877,6.579031,6.515568,6.579031,13494
1978-01-04,6.557880,6.557880,6.494417,6.494417,9639
1978-01-05,6.515573,6.557882,6.515573,6.536727,18795
1978-01-06,6.536728,6.557882,6.452110,6.452110,24337
1978-01-09,6.430953,6.430953,6.282872,6.282872,32771
1978-01-10,6.282875,6.325184,6.240566,6.261720,22651
1978-01-11,6.261717,6.282872,6.198254,6.282872,25783
1978-01-12,6.282875,6.304029,6.219412,6.261720,12530
1978-01-13,6.261720,6.346338,6.261720,6.304029,12530
1978-01-16,6.304028,6.304028,6.155947,6.155947,19036
1978-01-17,6.155948,6.219412,6.134794,6.177103,14940
1978-01-18,6.177103,6.261720,6.155948,6.261720,12048
1978-01-19,6.261719,6.304028,6.134792,6.134792,29880
1978-01-20,6.155947,6.198256,6.155947,6.198256,1205
1978-01-23,6.198259,6.240568,6.155950,6.240568,9880
1978-01-24,6.240565,6.240565,6.177101,6.198256,15904
1978-01-25,6.198256,6.219410,6.155947,6.155947,17108
1978-01-26,6.155947,6.198256,6.134792,6.134792,8916
1978-01-27,6.113637,6.113637,6.050174,6.071328,23855
1978-01-30,6.092483,6.155947,6.092483,6.134792,13253
1978-01-31,6.134794,6.177103,6.113639,6.177103,20000
1978-02-01,6.177100,6.177100,6.113636,6.113636,15904
1978-02-02,6.134792,6.240565,6.134792,6.219410,10843
1978-02-03,6.219410,6.240565,6.198256,6.219410,16145
1978-02-06,6.219410,6.219410,6.134792,6.134792,10361
1978-02-07,6.155948,6.198257,6.155948,6.177103,11084
1978-02-08,6.177101,6.219410,6.155947,6.219410,32771
1978-02-09,6.219410,6.219410,6.177101,6.219410,14940
1978-02-10,6.219410,6.219410,6.177101,6.219410,14699
1978-02-13,6.219410,6.219410,6.198256,6.219410,7229
1978-02-14,6.219410,6.219410,6.155947,6.198256,16867
1978-02-15,6.177103,6.177103,6.134794,6.177103,22169
1978-02-16,6.155945,6.155945,6.113636,6.113636,21687
1978-02-17,6.113638,6.155947,6.113638,6.134792,8193
1978-02-21,6.134792,6.155946,6.092483,6.092483,10602
1978-02-22,6.092483,6.134792,6.071329,6.134792,22892
1978-02-23,6.134792,6.155947,6.113638,6.134792,12289
1978-02-24,6.134792,6.177101,6.134792,6.134792,17590
1978-02-27,6.134792,6.177101,6.113638,6.155947,41928
1978-02-28,6.134792,6.134792,6.092483,6.092483,13012
1978-03-01,6.092487,6.113642,5.965560,5.965560,39518
1978-03-02,5.965557,6.007866,5.923248,5.986711,23614
1978-03-03,5.986716,6.007870,5.902098,5.944407,44096
1978-03-06,5.923249,5.923249,5.880940,5.880940,17349
1978-03-07,5.880943,5.965560,5.859788,5.965560,39518
1978-03-08,5.965554,6.050172,5.944399,6.050172,16867
1978-03-09,6.050174,6.050174,5.923247,5.923247,52289
1978-03-10,5.923251,5.965560,5.859788,5.965560,88916
1978-03-13,5.965559,6.050177,5.965559,6.007868,87952
1978-03-14,6.007866,6.007866,5.923248,5.986711,106747
1978-03-15,5.986711,5.986711,5.944402,5.986711,18795
1978-03-16,5.986715,6.029024,5.965560,5.965560,24578
1978-03-17,5.965560,5.986715,5.965560,5.965560,53494
1978-03-20,5.965559,6.071331,5.965559,6.007868,35904
1978-03-21,6.007866,6.029020,5.986711,6.029020,55663
1978-03-22,6.029024,6.029024,5.965560,5.965560,26988
1978-03-23,5.965557,5.986711,5.965557,5.986711,34940
1978-03-27,5.986715,5.986715,5.923251,5.965560,51807
1978-03-28,5.965561,5.986716,5.944407,5.944407,18554
1978-03-29,6.007864,6.113636,6.007864,6.113636,121205
1978-03-30,6.113638,6.177101,6.092483,6.134792,60241
1978-03-31,6.134790,6.346335,6.134790,6.346335,35422
1978-04-03,6.346338,6.346338,6.282874,6.304029,31084
1978-04-04,6.346334,6.409798,6.346334,6.388643,24578
1978-04-05,6.388646,6.536727,6.388646,6.536727,24337
1978-04-06,6.536726,6.557880,6.473263,6.494417,24337
1978-04-07,6.494414,6.663649,6.473259,6.579031,19036
1978-04-10,6.600188,6.663652,6.600188,6.621343,24819
1978-04-11,6.621348,6.663657,6.557884,6.557884,51084
1978-04-12,6.557880,6.579035,6.430954,6.494417,117590
1978-04-13,6.494418,6.536727,6.452109,6.515573,28675
1978-04-14,6.536722,6.600186,6.536722,6.579031,51566
1978-04-17,6.579034,6.663652,6.452107,6.621343,76627
1978-04-18,6.621343,6.684806,6.579034,6.600188,129398
1978-04-19,6.600188,6.621343,6.494416,6.600188,74940
1978-04-20,6.600188,6.642497,6.579034,6.600188,43373
1978-04-21,6.600189,6.642498,6.579035,6.642498,26747
1978-04-24,6.642497,6.642497,6.600188,6.621343,19036
1978-04-25,6.621344,6.705961,6.621344,6.642498,36386
1978-04-26,6.642497,6.684806,6.600188,6.600188,53976
1978-04-27,6.600188,6.642497,6.579034,6.600188,30602
1978-04-28,6.600191,6.727118,6.579037,6.684809,37108
1978-05-01,6.684808,6.727117,6.663654,6.705962,50602
1978-05-02,6.705967,6.790585,6.684813,6.727122,114217
1978-05-03,6.748272,6.790581,6.748272,6.748272,35181
1978-05-04,6.748273,6.790582,6.727119,6.769428,34458
1978-05-05,6.769427,6.790581,6.748272,6.748272,26988
1978-05-08,6.748273,6.832891,6.748273,6.790582,38313
1978-05-09,6.790581,6.811736,6.748272,6.748272,20723
1978-05-10,6.769428,6.811737,6.769428,6.769428,24337
1978-05-11,6.769428,6.790582,6.748273,6.790582,124096
1978-05-12,6.790577,6.917504,6.769423,6.896349,46506
1978-05-15,6.896350,6.917505,6.790578,6.854042,39277
1978-05-16,6.896355,7.002128,6.896355,6.959819,57590
1978-05-17,6.959813,6.959813,6.896349,6.896349,53253
1978-05-18,6.896349,6.917504,6.832886,6.896349,80723
1978-05-19,6.875205,6.875205,6.832896,6.832896,62651
1978-05-22,6.832891,6.875200,6.790582,6.811737,30843
1978-05-23,6.811737,6.854046,6.769428,6.811737,48916
1978-05-24,6.811737,6.811737,6.705964,6.790582,72048
1978-05-25,6.790582,6.811737,6.769428,6.811737,86265
1978-05-26,6.811737,6.832891,6.790582,6.811737,50120
1978-05-30,6.811737,6.832891,6.790582,6.811737,16627
1978-05-31,6.811735,6.875198,6.790580,6.875198,28193
1978-06-01,6.832896,6.832896,6.769433,6.832896,41446
1978-06-02,6.832891,6.832891,6.790582,6.790582,49880
1978-06-05,6.811735,6.875198,6.811735,6.875198,17831
1978-06-06,6.896355,6.980973,6.896355,6.938664,61928
1978-06-07,6.938663,6.938663,6.875200,6.917509,73735
1978-06-08,6.917510,6.938664,6.896355,6.938664,17590
1978-06-09,6.938663,6.938663,6.854045,6.917509,40964
1978-06-12,6.917504,6.938658,6.896349,6.896349,15181
1978-06-13,6.896349,6.896349,6.832886,6.896349,20241
1978-06-14,6.896355,6.959819,6.896355,6.938664,89880
1978-06-15,6.917509,6.917509,6.832891,6.917509,15181
1978-06-16,6.938665,7.002129,6.938665,7.002129,55663
1978-06-19,7.002129,7.129056,7.002129,7.129056,65783
1978-06-20,7.129051,7.150206,7.065588,7.150206,35663
1978-06-21,7.107897,7.150206,7.065588,7.150206,35663
1978-06-22,7.150207,7.234825,7.129053,7.234825,27470
1978-06-23,7.234825,7.234825,7.150207,7.234825,93494
1978-06-26,7.213667,7.213667,7.107895,7.107895,46988
1978-06-27,7.107898,7.277134,7.107898,7.234825,197108
1978-06-28,7.234824,7.255979,7.150207,7.171361,349398
1978-06-29,7.171358,7.192513,7.107895,7.107895,76867
1978-06-30,7.107901,7.150210,7.086746,7.129056,11807
1978-07-03,7.129055,7.150210,7.086746,7.086746,12771
1978-07-05,7.086738,7.086738,7.023275,7.044430,29880
1978-07-06,7.044434,7.086743,7.044434,7.065588,11807
1978-07-07,7.065592,7.150210,7.065592,7.086746,17349
1978-07-10,7.086740,7.129049,7.086740,7.107895,25542
1978-07-11,7.107895,7.129049,7.086740,7.107895,30843
1978-07-12,7.107895,7.150204,7.107895,7.107895,9398
1978-07-13,7.107895,7.150204,7.107895,7.107895,12771
1978-07-14,7.107897,7.171360,7.107897,7.150206,10120
1978-07-17,7.044433,7.044433,6.980969,7.023278,27229
1978-07-18,7.023283,7.023283,6.959820,7.002129,15181
1978-07-19,7.002124,7.044433,6.980969,7.023278,20241
1978-07-20,7.023279,7.086743,7.023279,7.065588,48916
1978-07-21,7.065592,7.086746,7.023283,7.086746,22651
1978-07-24,7.086746,7.086746,7.002129,7.086746,22169
1978-07-25,7.086740,7.107895,7.044432,7.107895,23133
1978-07-26,7.107895,7.129049,7.086740,7.107895,146506
1978-07-27,7.107901,7.129055,7.065592,7.086746,17108
1978-07-28,7.086740,7.107895,7.065586,7.107895,25542
1978-07-31,7.107901,7.129055,7.065592,7.086746,23855
1978-08-01,7.086746,7.107901,7.065592,7.086746,30843
1978-08-02,7.107898,7.192516,7.107898,7.171361,28916
1978-08-03,7.171362,7.234825,7.150208,7.213671,42892
1978-08-04,7.213668,7.277131,7.192514,7.255977,44337
1978-08-07,7.255977,7.277131,7.192514,7.192514,18554
1978-08-08,7.192515,7.298287,7.192515,7.277133,22410
1978-08-09,7.277131,7.298286,7.255977,7.255977,32048
1978-08-10,7.277126,7.340590,7.277126,7.298281,24096
1978-08-11,7.298286,7.298286,7.234822,7.255977,28916
1978-08-14,7.255980,7.277134,7.171362,7.234825,20723
1978-08-15,7.234825,7.255980,7.192516,7.234825,15422
1978-08-16,7.234825,7.255980,7.213671,7.213671,73012
1978-08-17,7.213668,7.255977,7.213668,7.255977,49639
1978-08-18,7.255977,7.255977,7.213668,7.255977,23855
1978-08-21,7.255977,7.255977,7.192514,7.255977,28193
1978-08-22,7.234825,7.234825,7.150207,7.234825,13253
1978-08-23,7.234824,7.234824,7.171361,7.171361,21687
1978-08-24,7.171360,7.192515,7.150206,7.150206,13735
1978-08-25,7.150207,7.234825,7.129053,7.234825,28675
1978-08-28,7.234825,7.255980,7.213671,7.213671,20000
1978-08-29,7.213670,7.255979,7.086743,7.171361,24096
1978-08-30,7.171362,7.234825,7.150208,7.213671,23373
1978-08-31,7.213669,7.255978,7.129051,7.150206,14940
1978-09-01,7.150206,7.150206,7.044434,7.065588,21446
1978-09-05,7.065595,7.065595,6.832896,6.832896,17831
1978-09-06,6.875200,6.938663,6.875200,6.917509,25783
1978-09-07,6.938665,7.002129,6.938665,6.980974,18795
1978-09-08,6.980974,7.044438,6.959820,6.980974,21687
1978-09-11,6.980974,7.086746,6.980974,7.002129,25783
1978-09-12,7.002124,7.065587,7.002124,7.023278,15663
1978-09-13,7.023279,7.086743,7.023279,7.065588,41446
1978-09-14,7.065592,7.065592,6.959820,7.002129,23614
1978-09-15,7.002122,7.044431,6.896349,6.896349,21205
1978-09-18,6.896354,6.959818,6.790582,6.790582,24337
1978-09-19,6.790580,6.790580,6.515573,6.515573,46988
1978-09-20,6.536722,6.684804,6.536722,6.579031,34217
1978-09-21,6.579034,6.663652,6.579034,6.600188,14217
1978-09-22,6.600188,6.621343,6.536725,6.600188,14940
1978-09-25,6.600186,6.600186,6.579031,6.579031,11084
1978-09-26,6.579031,6.621340,6.579031,6.579031,20241
1978-09-27,6.579036,6.642500,6.536727,6.536727,17831
1978-09-28,6.536727,6.536727,6.452109,6.515573,21928
1978-09-29,6.515571,6.600188,6.473262,6.600188,23855
1978-10-02,6.600193,6.600193,6.536730,6.557884,6747
1978-10-03,6.557877,6.663649,6.557877,6.579031,15422
1978-10-04,6.579035,6.663653,6.557880,6.642498,16386
1978-10-05,6.642498,6.642498,6.579035,6.642498,13494
1978-10-06,6.642504,6.748276,6.600195,6.727122,23855
1978-10-09,6.727122,6.748276,6.684813,6.727122,7711
1978-10-10,6.727117,6.748271,6.705962,6.705962,7952
1978-10-11,6.705962,6.748271,6.684808,6.705962,11325
1978-10-12,6.705963,6.748272,6.663655,6.684809,16145
1978-10-13,6.684808,6.748271,6.684808,6.705962,17590
1978-10-16,6.536728,6.536728,6.452110,6.452110,26265
1978-10-17,6.452106,6.473260,6.409797,6.430952,22651
1978-10-18,6.430953,6.430953,6.240563,6.282872,30602
1978-10-19,6.282875,6.282875,6.134794,6.177103,27952
1978-10-20,6.134792,6.134792,6.071329,6.134792,25301
1978-10-23,6.134792,6.155947,6.092483,6.134792,32048
1978-10-24,6.155947,6.240565,6.155947,6.198256,18795
1978-10-25,6.198255,6.219410,6.092483,6.092483,30361
1978-10-26,6.092483,6.155946,6.092483,6.092483,31807
1978-10-27,6.092482,6.155945,6.092482,6.113636,12771
1978-10-30,6.113639,6.177103,5.965558,6.177103,41687
1978-10-31,6.177101,6.177101,6.029019,6.092483,26988
1978-11-01,6.092483,6.155946,6.029019,6.092483,20964
1978-11-02,6.177103,6.282875,6.177103,6.177103,33976
1978-11-03,6.177103,6.219412,6.155948,6.177103,14699
1978-11-06,6.177101,6.177101,6.134792,6.134792,27711
1978-11-07,6.134789,6.155944,6.050172,6.050172,11084
1978-11-08,6.050173,6.113636,6.029018,6.113636,20000
1978-11-09,6.113638,6.134792,6.029020,6.029020,16627
1978-11-10,6.029019,6.092482,6.029019,6.071328,9639
1978-11-13,6.071328,6.092483,6.029019,6.092483,30602
1978-11-14,6.092480,6.092480,6.007863,6.050172,22651
1978-11-15,6.050175,6.113638,6.007866,6.029020,19759
1978-11-16,6.050174,6.134792,6.050174,6.092483,14940
1978-11-17,6.092483,6.177101,6.050175,6.134792,16867
1978-11-20,6.177105,6.261722,6.177105,6.240568,17108
1978-11-21,6.240565,6.240565,6.177101,6.198256,17108
1978-11-22,6.198259,6.240568,6.177105,6.240568,20723
1978-11-24,6.240563,6.304026,6.240563,6.282872,7711
1978-11-27,6.282871,6.346335,6.282871,6.346335,16867
1978-11-28,6.346340,6.346340,6.219414,6.240568,35422
1978-11-29,6.177104,6.177104,6.007868,6.007868,32289
1978-11-30,6.007868,6.050177,5.986713,6.007868,70361
1978-12-01,6.007863,6.071326,6.007863,6.050172,24337
1978-12-04,6.050175,6.050175,5.986711,5.986711,27229
1978-12-05,5.986713,6.050177,5.923250,6.007868,86265
1978-12-06,6.029019,6.092483,6.029019,6.092483,42651
1978-12-07,6.071326,6.071326,6.029017,6.050172,42651
1978-12-08,6.050175,6.071329,6.007866,6.029020,78554
1978-12-11,6.029022,6.071331,5.986713,6.007868,21446
1978-12-12,6.007863,6.050172,5.986708,6.050172,20241
1978-12-13,6.029022,6.029022,5.965559,6.007868,29398
1978-12-14,6.007866,6.071329,5.986711,6.029020,26506
1978-12-15,6.029017,6.071326,6.029017,6.050172,16386
1978-12-18,6.050177,6.050177,5.965559,6.007868,26265
1978-12-19,6.007866,6.071329,6.007866,6.029020,18554
1978-12-20,6.029020,6.029020,6.007866,6.029020,20482
1978-12-21,6.050172,6.092480,6.050172,6.050172,19036
1978-12-22,6.050174,6.134792,6.050174,6.092483,34217
1978-12-26,6.092483,6.134792,6.092483,6.092483,12530
1978-12-27,6.092483,6.092483,6.029020,6.029020,12530
1978-12-28,6.029017,6.050172,6.007863,6.050172,39759
1978-12-29,6.050174,6.071328,6.007865,6.071328,15904
1979-01-02,6.071328,6.092482,6.029019,6.071328,15422
1979-01-03,6.071328,6.071328,6.050174,6.071328,13253
1979-01-04,6.071327,6.155945,6.050173,6.113636,35422
1979-01-05,6.113639,6.240566,6.113639,6.177103,13012
1979-01-08,6.177101,6.240565,6.134792,6.134792,21205
1979-01-09,6.134792,6.177101,6.113638,6.155947,18554
1979-01-10,6.155947,6.177101,6.113638,6.155947,37349
1979-01-11,6.155947,6.155947,6.113638,6.155947,20241
1979-01-12,6.177101,6.282874,6.177101,6.219410,23133
1979-01-15,6.219410,6.219410,6.092483,6.219410,19277
1979-01-16,6.219409,6.219409,6.113636,6.113636,15181
1979-01-17,6.113637,6.134792,6.029019,6.092483,19759
1979-01-18,6.092483,6.177101,6.050175,6.134792,10843
1979-01-19,6.134792,6.240565,6.113638,6.219410,24578
1979-01-22,6.219412,6.219412,6.155948,6.177103,44819
1979-01-23,6.177101,6.240565,6.155947,6.219410,22892
1979-01-24,6.219410,6.282874,6.198256,6.219410,20241
1979-01-25,6.219412,6.261720,6.134794,6.177103,21205
1979-01-26,6.177103,6.240566,6.134794,6.177103,19277
1979-01-29,6.177103,6.240566,6.155948,6.177103,63614
1979-01-30,6.177103,6.240566,6.155948,6.177103,36627
1979-01-31,6.177101,6.219410,6.177101,6.198256,36145
1979-02-01,6.198256,6.240565,6.155947,6.198256,16145
1979-02-02,6.198257,6.240566,6.177103,6.177103,34217
1979-02-05,6.177101,6.198256,6.134792,6.134792,17590
1979-02-06,6.134792,6.198256,6.113638,6.134792,27229
1979-02-07,6.134791,6.177100,6.092482,6.113636,35422
1979-02-08,6.113636,6.155945,6.092482,6.113636,48916
1979-02-09,6.113637,6.134792,6.050174,6.092483,78554
1979-02-12,6.092485,6.092485,6.007868,6.007868,16145
1979-02-13,6.029019,6.092482,6.029019,6.071328,21928
1979-02-14,6.071326,6.071326,6.007863,6.050172,30602
1979-02-15,6.050174,6.071328,6.029019,6.071328,16145
1979-02-16,6.071331,6.071331,6.007868,6.007868,17349
1979-02-20,6.007863,6.071326,5.965554,6.050172,16145
1979-02-21,6.050175,6.050175,5.965557,5.986711,26506
1979-02-22,5.986715,5.986715,5.944406,5.965560,26988
1979-02-23,5.965561,5.965561,5.923252,5.944407,55422
1979-02-26,5.944403,5.986712,5.838630,5.902094,23614
1979-02-27,5.902094,5.944403,5.902094,5.902094,21687
1979-02-28,5.902097,5.965560,5.902097,5.965560,26747
1979-03-01,5.965556,5.965556,5.923247,5.923247,19277
1979-03-02,5.923250,6.029022,5.923250,6.007868,32530
1979-03-05,6.007863,6.071326,6.007863,6.050172,28434
1979-03-06,6.050174,6.092482,6.050174,6.071328,40723
1979-03-07,6.071328,6.198255,6.071328,6.092483,102892
1979-03-08,6.092483,6.155947,6.071329,6.155947,18795
1979-03-09,6.155946,6.177100,6.071328,6.071328,152771
1979-03-12,6.071328,6.092482,6.050174,6.071328,15181
1979-03-13,6.092483,6.155947,6.092483,6.134792,21446
1979-03-14,6.155948,6.198257,6.155948,6.177103,29880
1979-03-15,6.240566,6.304029,6.240566,6.304029,27470
1979-03-16,6.325180,6.409798,6.325180,6.388643,15904
1979-03-19,6.388646,6.388646,6.346337,6.367492,14699
1979-03-20,6.367492,6.409801,6.325183,6.325183,30843
1979-03-21,6.325180,6.346335,6.240563,6.346335,25783
1979-03-22,6.346335,6.409798,6.325180,6.346335,25783
1979-03-23,6.346338,6.367493,6.261720,6.261720,17590
1979-03-26,6.261720,6.325183,6.261720,6.325183,38313
1979-03-27,6.325180,6.346335,6.282871,6.346335,10602
1979-03-28,6.367489,6.409798,6.367489,6.388643,26506
1979-03-29,6.388646,6.409801,6.325183,6.367492,18554
1979-03-30,6.367488,6.430952,6.367488,6.430952,20241
1979-04-02,6.409802,6.409802,6.304029,6.304029,20482
1979-04-03,6.304026,6.346335,6.240563,6.346335,21205
1979-04-04,6.346337,6.388646,6.346337,6.367492,49639
1979-04-05,6.388643,6.473261,6.388643,6.388643,22892
1979-04-06,6.388646,6.515573,6.388646,6.515573,16627
1979-04-09,6.515570,6.557878,6.388643,6.388643,47470
1979-04-10,6.388644,6.388644,6.325180,6.346335,26988
1979-04-11,6.346335,6.388644,6.198254,6.346335,14458
1979-04-12,6.346334,6.430952,6.346334,6.388643,22651
1979-04-16,6.261719,6.261719,6.198256,6.219410,28434
1979-04-17,6.219414,6.261722,6.198259,6.240568,23855
1979-04-18,6.240566,6.325184,6.240566,6.261720,19036
1979-04-19,6.261720,6.388647,6.261720,6.325183,23373
1979-04-20,6.325183,6.325183,6.198256,6.219410,26265
1979-04-23,6.219414,6.261722,6.198259,6.240568,20482
1979-04-24,6.261719,6.494418,6.261719,6.473263,37349
1979-04-25,6.473264,6.536727,6.452109,6.515573,26265
1979-04-26,6.515575,6.557884,6.473266,6.557884,51807
1979-04-27,6.557884,6.579039,6.494421,6.557884,35422
1979-04-30,6.557884,6.600193,6.557884,6.557884,39518
1979-05-01,6.557880,6.663653,6.557880,6.663653,34940
1979-05-02,6.642500,6.642500,6.536727,6.536727,47952
1979-05-03,6.536730,6.579039,6.536730,6.557884,12771
1979-05-04,6.557880,6.579035,6.494417,6.494417,126988
1979-05-07,6.452110,6.452110,6.325183,6.325183,26265
1979-05-08,6.325180,6.388643,6.282871,6.388643,18554
1979-05-09,6.388643,6.388643,6.346334,6.388643,23133
1979-05-10,6.388643,6.473261,6.367489,6.388643,36145
1979-05-11,6.388643,6.388643,6.367489,6.388643,26747
1979-05-14,6.388646,6.430955,6.346337,6.367492,23133
1979-05-15,6.367489,6.388643,6.367489,6.388643,18795
1979-05-16,6.388647,6.388647,6.325183,6.325183,27470
1979-05-17,6.325184,6.367493,6.261720,6.261720,51807
1979-05-18,6.304029,6.325183,6.304029,6.304029,22892
1979-05-21,6.304029,6.346338,6.261720,6.325183,18554
1979-05-22,6.325180,6.388643,6.304025,6.388643,17349
1979-05-23,6.388646,6.494418,6.388646,6.473263,22892
1979-05-24,6.473264,6.536727,6.452109,6.536727,46506
1979-05-25,6.536726,6.536726,6.430954,6.494417,16867
1979-05-29,6.494418,6.536727,6.473264,6.515573,46988
1979-05-30,6.494419,6.494419,6.452110,6.452110,15904
1979-05-31,6.452110,6.494419,6.430956,6.452110,83373
1979-06-01,6.452108,6.452108,6.409799,6.409799,33735
1979-06-04,6.409802,6.452110,6.388647,6.452110,23614
1979-06-05,6.452106,6.473260,6.430952,6.430952,15904
1979-06-06,6.430955,6.494418,6.430955,6.473263,24578
1979-06-07,6.473263,6.494418,6.452109,6.473263,19518
1979-06-08,6.473263,6.494418,6.430955,6.473263,32048
1979-06-11,6.473260,6.473260,6.430952,6.430952,17108
1979-06-12,6.430956,6.494419,6.430956,6.452110,18313
1979-06-13,6.452106,6.494415,6.430952,6.430952,23614
1979-06-14,6.430952,6.452106,6.367488,6.430952,18795
1979-06-15,6.430952,6.473260,6.409797,6.430952,17831
1979-06-18,6.430956,6.452110,6.430956,6.452110,16867
1979-06-19,6.452106,6.473260,6.430952,6.430952,16627
1979-06-20,6.430955,6.473263,6.430955,6.473263,12289
1979-06-21,6.473263,6.494417,6.430954,6.494417,13494
1979-06-22,6.494421,6.557884,6.452112,6.557884,42651
1979-06-25,6.557882,6.557882,6.494418,6.536727,23373
1979-06-26,6.536727,6.579036,6.515573,6.515573,25783
1979-06-27,6.515573,6.536727,6.515573,6.536727,16145
1979-06-28,6.579035,6.748270,6.579035,6.642498,49639
1979-06-29,6.642497,6.642497,6.579034,6.600188,24337
1979-07-02,6.600188,6.642497,6.600188,6.600188,19759
1979-07-03,6.600189,6.748271,6.600189,6.663653,51807
1979-07-05,6.663654,6.727117,6.642499,6.705962,22651
1979-07-06,6.705967,6.727122,6.663659,6.727122,40964
1979-07-09,6.748274,6.959819,6.748274,6.959819,61205
1979-07-10,6.959818,6.959818,6.917509,6.917509,28675
1979-07-11,6.917504,6.938658,6.896349,6.896349,29157
1979-07-12,6.896354,6.917509,6.896354,6.917509,23855
1979-07-13,6.917509,6.917509,6.875200,6.917509,34217
1979-07-16,6.896350,6.896350,6.790578,6.854042,33012
1979-07-17,6.854051,6.875205,6.832896,6.832896,21205
1979-07-18,6.832891,6.896354,6.811737,6.811737,53494
1979-07-19,6.790580,6.790580,6.621344,6.663653,23855
1979-07-20,6.663657,6.684811,6.536730,6.557884,10843
1979-07-23,6.515574,6.515574,6.452110,6.452110,31084
1979-07-24,6.452110,6.494419,6.430956,6.452110,25542
1979-07-25,6.452109,6.557881,6.452109,6.515573,19759
1979-07-26,6.536730,6.579039,6.536730,6.557884,12048
1979-07-27,6.557884,6.579039,6.515575,6.557884,10120
1979-07-30,6.557884,6.579039,6.557884,6.557884,16386
1979-07-31,6.557882,6.557882,6.515573,6.536727,18313
1979-08-01,6.536727,6.579036,6.536727,6.536727,47229
1979-08-02,6.536727,6.579036,6.515573,6.536727,18795
1979-08-03,6.536730,6.579039,6.515575,6.557884,47470
1979-08-06,6.557884,6.579039,6.473266,6.557884,64819
1979-08-07,6.557879,6.642497,6.557879,6.621343,56627
1979-08-08,6.621343,6.684806,6.557879,6.621343,52530
1979-08-09,6.621340,6.663649,6.557877,6.579031,20241
1979-08-10,6.579034,6.600188,6.536725,6.600188,31325
1979-08-13,6.600186,6.600186,6.536722,6.579031,32530
1979-08-14,6.579039,6.600193,6.536730,6.557884,39759
1979-08-15,6.557879,6.600188,6.536725,6.600188,40241
1979-08-16,6.621350,6.727122,6.621350,6.727122,57831
1979-08-17,6.727122,6.769431,6.684813,6.727122,52530
1979-08-20,6.727119,6.790582,6.727119,6.769428,27229
1979-08-21,6.769428,6.790582,6.748273,6.769428,23133
1979-08-22,6.769427,6.769427,6.727118,6.748272,13735
1979-08-23,6.748272,6.790581,6.684809,6.748272,39277
1979-08-24,6.748270,6.769425,6.621344,6.642498,29157
1979-08-27,6.642497,6.663652,6.621343,6.621343,17349
1979-08-28,6.642498,6.727116,6.642498,6.663653,29639
1979-08-29,6.663659,6.727122,6.663659,6.727122,39518
1979-08-30,6.727116,6.727116,6.621344,6.642498,49639
1979-08-31,6.642500,6.684809,6.642500,6.684809,15422
1979-09-04,6.684809,6.705963,6.621346,6.684809,124337
1979-09-05,6.684807,6.684807,6.621344,6.642498,45301
1979-09-06,6.642498,6.684807,6.642498,6.663653,16867
1979-09-07,6.663659,6.748276,6.663659,6.727122,46024
1979-09-10,6.705963,6.705963,6.642500,6.684809,47470
1979-09-11,6.684807,6.727116,6.642498,6.642498,34940
1979-09-12,6.642498,6.684807,6.642498,6.642498,54699
1979-09-13,6.663653,6.727116,6.663653,6.663653,16145
1979-09-14,6.663653,6.705962,6.600189,6.663653,77108
1979-09-17,6.663653,6.684807,6.600189,6.642498,40241
1979-09-18,6.642497,6.642497,6.557879,6.600188,103855
1979-09-19,6.600191,6.600191,6.494418,6.536727,15663
1979-09-20,6.536725,6.621343,6.536725,6.621343,98554
1979-09-21,6.621344,6.663653,6.536726,6.663653,49639
1979-09-24,6.663652,6.663652,6.600188,6.600188,12289
1979-09-25,6.600188,6.663652,6.579034,6.600188,88434
1979-09-26,6.600188,6.642497,6.579034,6.621343,61928
1979-09-27,6.621343,6.642497,6.600188,6.600188,61205
1979-09-28,6.600188,6.642497,6.600188,6.600188,53735
1979-10-01,6.600188,6.621343,6.579034,6.600188,57831
1979-10-02,6.600193,6.600193,6.557884,6.557884,11084
1979-10-03,6.557881,6.579036,6.452109,6.473263,32530
1979-10-04,6.473262,6.600188,6.473262,6.600188,24578
1979-10-05,6.600190,6.600190,6.452109,6.473263,29639
1979-10-08,6.473260,6.515569,6.430952,6.430952,19518
1979-10-09,6.430953,6.473262,6.325180,6.346335,29157
1979-10-10,6.304025,6.304025,6.050172,6.050172,40241
1979-10-11,6.071327,6.198254,6.071327,6.113636,22651
1979-10-12,6.134794,6.198257,6.134794,6.177103,22651
1979-10-15,6.134789,6.134789,6.050172,6.050172,33012
1979-10-16,6.050179,6.092487,5.965560,5.965560,22169
1979-10-17,5.965560,6.050179,5.965560,5.965560,24819
1979-10-18,5.965560,6.007869,5.965560,5.965560,35904
1979-10-19,5.965559,6.007868,5.965559,6.007868,19759
1979-10-22,5.965556,5.965556,5.796321,5.817475,37349
1979-10-23,5.880943,5.965561,5.880943,5.944407,40964
1979-10-24,5.944401,6.007865,5.923247,5.923247,20723
1979-10-25,5.923247,5.965556,5.923247,5.923247,31807
1979-10-26,5.923252,5.965561,5.923252,5.944407,27952
1979-10-29,5.944407,5.986716,5.944407,5.944407,14940
1979-10-30,5.944406,5.986715,5.923251,5.965560,29157
1979-10-31,5.965557,6.007866,5.944402,5.986711,24096
1979-11-01,5.986713,6.029022,5.986713,6.007868,17590
1979-11-02,6.007868,6.050177,6.007868,6.007868,33735
1979-11-05,6.007869,6.029024,5.965560,5.965560,21928
1979-11-06,5.965557,5.986712,5.902094,5.902094,24096
1979-11-07,5.902093,5.944401,5.880938,5.923247,22651
1979-11-08,5.923248,5.944403,5.880939,5.902094,15422
1979-11-09,5.902098,5.944407,5.902098,5.944407,17831
1979-11-12,5.944401,5.986710,5.923247,5.923247,20964
1979-11-13,5.923247,5.986710,5.902093,5.923247,36627
1979-11-14,5.923248,5.965557,5.902094,5.902094,15904
1979-11-15,5.902094,5.944403,5.880939,5.902094,15181
1979-11-16,5.902094,5.944403,5.880939,5.902094,26506
1979-11-19,5.902092,5.923246,5.838628,5.859783,43373
1979-11-20,5.859785,5.923248,5.838630,5.902094,33494
1979-11-21,5.859780,5.859780,5.711699,5.754008,27229
1979-11-23,5.754008,5.838626,5.754008,5.754008,41687
1979-11-26,5.754011,5.923247,5.732857,5.923247,38072
1979-11-27,5.965557,6.050175,5.965557,5.986711,68434
1979-11-28,5.986708,6.092480,5.965554,6.050172,28675
1979-11-29,6.050174,6.092482,6.007865,6.071328,35663
1979-11-30,6.029019,6.029019,5.902093,5.923247,27229
1979-12-03,5.923246,5.923246,5.796319,5.859783,41928
1979-12-04,5.859783,5.902092,5.859783,5.859783,17590
1979-12-05,5.859786,6.071331,5.838632,5.838632,42892
1979-12-06,5.838632,5.859786,5.796323,5.838632,18795
1979-12-07,5.838628,5.902091,5.775164,5.796319,18313
1979-12-10,5.796321,5.838630,5.796321,5.817475,37590
1979-12-11,5.817477,5.880940,5.796322,5.880940,34699
1979-12-12,5.880939,5.880939,5.817475,5.817475,31566
1979-12-13,5.817477,5.880941,5.775168,5.838632,58313
1979-12-14,5.838630,5.880939,5.817475,5.817475,38795
1979-12-17,5.859786,5.923249,5.859786,5.880940,46747
1979-12-18,5.880940,5.923249,5.880940,5.880940,27711
1979-12-19,5.880943,5.986716,5.880943,5.944407,114699
1979-12-20,5.944406,6.007869,5.923251,5.965560,47711
1979-12-21,5.986713,6.177104,5.986713,6.007868,58554
1979-12-24,6.007865,6.029019,5.859784,5.923247,25783
1979-12-26,5.923251,5.986715,5.902097,5.965560,17108
1979-12-27,5.965559,6.007868,5.965559,6.007868,15663
1979-12-28,6.007866,6.071329,5.986711,6.029020,34940
1979-12-31,6.029020,6.071329,5.965557,6.029020,21446
1980-01-02,6.029021,6.071330,5.902094,5.902094,102892
1980-01-03,5.902094,6.092483,5.880939,6.029020,100000
1980-01-04,6.029024,6.050179,5.965560,5.965560,32771
1980-01-07,5.965557,6.071329,5.965557,6.029020,19277
1980-01-08,6.050173,6.134791,6.050173,6.113636,27711
1980-01-09,6.113636,6.155945,6.092482,6.113636,18795
1980-01-10,6.113638,6.134792,6.071329,6.134792,23133
1980-01-11,6.134792,6.155947,6.113638,6.134792,26506
1980-01-14,6.134794,6.155949,6.007868,6.007868,25783
1980-01-15,6.007863,6.092480,5.902091,6.050172,65783
1980-01-16,6.050172,6.177098,6.050172,6.050172,46506
1980-01-17,6.050174,6.155946,6.050174,6.071328,29639
1980-01-18,6.071328,6.134792,6.029019,6.092483,27711
1980-01-21,6.092483,6.155946,6.050174,6.092483,19277
1980-01-22,6.092483,6.113638,6.029020,6.029020,19036
1980-01-23,6.029020,6.071329,5.986711,6.029020,21205
1980-01-24,6.029019,6.113637,6.007865,6.071328,36386
1980-01-25,6.071326,6.092480,6.007863,6.050172,19036
1980-01-28,6.050179,6.050179,5.944407,5.944407,29398
1980-01-29,5.944407,6.007870,5.944407,5.944407,20482
1980-01-30,5.944407,6.007870,5.923252,5.944407,27470
1980-01-31,5.944401,5.986710,5.859784,5.923247,33735
1980-02-01,5.923248,5.965557,5.902094,5.902094,22892
1980-02-04,5.902094,5.923248,5.902094,5.902094,111807
1980-02-05,5.880941,5.880941,5.817477,5.838632,129157
1980-02-06,5.838626,5.859780,5.732853,5.754008,64819
1980-02-07,5.754011,5.754011,5.542466,5.584775,41446
1980-02-08,5.584777,5.627086,5.521314,5.627086,78795
1980-02-11,5.627086,5.648241,5.479005,5.542469,150361
1980-02-12,5.542466,5.627084,5.542466,5.605929,340482
1980-02-13,5.605929,5.669393,5.584775,5.605929,303614
1980-02-14,5.605932,5.627087,5.542469,5.563623,71325
1980-02-15,5.563622,5.584776,5.415540,5.479004,133253
1980-02-19,5.457852,5.457852,5.394389,5.457852,131566
1980-02-20,5.457849,5.521313,5.415540,5.521313,54458
1980-02-21,5.521317,5.521317,5.415544,5.436699,242410
1980-02-22,5.436697,5.479006,5.415542,5.415542,26265
1980-02-25,5.415540,5.457849,5.394386,5.394386,34699
1980-02-26,5.394386,5.457849,5.330923,5.330923,457349
1980-02-27,5.330923,5.352077,5.330923,5.352077,32048
1980-02-28,5.352077,5.352077,5.246304,5.288613,94217
1980-02-29,5.288615,5.330924,5.246306,5.267460,228434
1980-03-03,5.267461,5.352079,5.246306,5.246306,40723
1980-03-04,5.246306,5.288615,5.246306,5.246306,26506
1980-03-05,5.246306,5.309770,5.182843,5.246306,42410
1980-03-06,5.246307,5.267461,5.182844,5.182844,49639
1980-03-07,5.182844,5.246307,5.182844,5.182844,36145
1980-03-10,5.182841,5.203995,5.034760,5.077069,40241
1980-03-11,5.077069,5.203995,5.077069,5.077069,59518
1980-03-12,5.077070,5.119379,5.013607,5.055915,27470
1980-03-13,5.055914,5.077068,4.992451,5.013605,28675
1980-03-14,5.013607,5.034761,4.928989,4.992453,156627
1980-03-17,4.992453,5.013607,4.928989,4.992453,60482
1980-03-18,4.971295,4.971295,4.844369,4.886677,37108
1980-03-19,4.886680,4.950144,4.844372,4.844372,46265
1980-03-20,4.844371,4.886680,4.738599,4.738599,31084
1980-03-21,4.780905,4.928986,4.780905,4.886677,27711
1980-03-24,4.886682,4.950145,4.696291,4.780910,100482
1980-03-25,4.738598,4.738598,4.675134,4.717443,37831
1980-03-26,4.717444,4.738599,4.717444,4.738599,21446
1980-03-27,4.738596,4.738596,4.611669,4.653978,31084
1980-03-28,4.653983,4.780910,4.632828,4.780910,34940
1980-03-31,4.865526,5.055916,4.865526,4.907835,55422
1980-04-01,4.907836,4.950145,4.780910,4.780910,23133
1980-04-02,4.802060,4.907832,4.802060,4.886677,48434
1980-04-03,4.928988,5.119378,4.928988,5.077069,20482
1980-04-07,5.077069,5.077069,5.013606,5.077069,18554
1980-04-08,5.077069,5.077069,5.013606,5.077069,26265
1980-04-09,5.077070,5.098224,5.013607,5.055915,31084
1980-04-10,5.055915,5.119379,5.034761,5.034761,17590
1980-04-11,5.034761,5.098224,4.992452,5.034761,55663
1980-04-14,5.034761,5.034761,4.907835,4.907835,160482
1980-04-15,4.907833,4.992451,4.907833,4.928987,15663
1980-04-16,4.928989,5.013607,4.865526,4.907835,60964
1980-04-17,4.907832,4.928986,4.844369,4.886677,36867
1980-04-18,4.886682,4.907837,4.802064,4.802064,36627
1980-04-21,4.802062,4.886679,4.802062,4.865525,27470
1980-04-22,4.865524,4.971296,4.865524,4.950142,38795
1980-04-23,4.950143,4.971297,4.865525,4.865525,30120
1980-04-24,4.865526,4.971298,4.844371,4.907835,23133
1980-04-25,4.907835,4.992453,4.886680,4.907835,19036
1980-04-28,4.928987,4.992451,4.928987,4.928987,25301
1980-04-29,4.928989,5.034761,4.928989,4.992453,29880
1980-04-30,4.992451,5.119377,4.992451,5.119377,40723
1980-05-01,5.119377,5.161686,4.992451,5.013605,30120
1980-05-02,5.013607,5.119379,5.013607,5.055915,46265
1980-05-05,5.055915,5.225151,5.055915,5.203996,31807
1980-05-06,5.203996,5.246305,5.182842,5.203996,45783
1980-05-07,5.203995,5.246304,5.161686,5.225149,28434
1980-05-08,5.225151,5.309769,5.161688,5.203996,92048
1980-05-09,5.203995,5.246304,5.161686,5.225149,36386
1980-05-12,5.225151,5.225151,5.182842,5.203996,31566
1980-05-13,5.203995,5.267458,5.203995,5.225149,34940
1980-05-14,5.225152,5.267461,5.182844,5.182844,32771
1980-05-15,5.182842,5.246305,5.182842,5.203996,25060
1980-05-16,5.225152,5.288615,5.225152,5.246306,34217
1980-05-19,5.246306,5.309770,5.246306,5.246306,23373
1980-05-20,5.267460,5.330924,5.267460,5.267460,27711
1980-05-21,5.267461,5.352079,5.267461,5.309770,29157
1980-05-22,5.330922,5.394385,5.330922,5.373231,26747
1980-05-23,5.373232,5.436695,5.309768,5.352077,51566
1980-05-27,5.352077,5.373232,5.330923,5.352077,59518
1980-05-28,5.352076,5.373231,5.288613,5.373231,38554
1980-05-29,5.373232,5.415540,5.330923,5.352077,29880
1980-05-30,5.352077,5.373232,5.288614,5.352077,29880
1980-06-02,5.352078,5.352078,5.267460,5.267460,33735
1980-06-03,5.267459,5.352077,5.267459,5.330923,20241
1980-06-04,5.330923,5.394386,5.309768,5.330923,37590
1980-06-05,5.352077,5.415540,5.352077,5.352077,57108
1980-06-06,5.352077,5.394386,5.330923,5.352077,33253
1980-06-09,5.352079,5.394388,5.267461,5.309770,41687
1980-06-10,5.309768,5.394386,5.288614,5.394386,43133
1980-06-11,5.394385,5.415540,5.330922,5.373231,55422
1980-06-12,5.373232,5.415540,5.330923,5.330923,43855
1980-06-13,5.352081,5.479008,5.352081,5.436699,44819
1980-06-16,5.436697,5.500160,5.436697,5.500160,39277
1980-06-17,5.542469,5.648241,5.542469,5.563623,30120
1980-06-18,5.563620,5.648238,5.563620,5.584775,37108
1980-06-19,5.584775,5.627084,5.584775,5.584775,20482
1980-06-20,5.584777,5.627086,5.542469,5.542469,42169
1980-06-23,5.542468,5.690549,5.542468,5.690549,46988
1980-06-24,5.754010,5.859783,5.754010,5.859783,32048
1980-06-25,5.859783,5.859783,5.817474,5.859783,29157
1980-06-26,5.859780,5.859780,5.754008,5.754008,33735
1980-06-27,5.754010,5.796319,5.732855,5.796319,30120
1980-06-30,5.796321,5.817476,5.648240,5.690549,37831
1980-07-01,5.669393,5.669393,5.563620,5.605929,30602
1980-07-02,5.605932,5.627086,5.479005,5.542469,39277
1980-07-03,5.542468,5.627086,5.500159,5.627086,27952
1980-07-07,5.648238,5.754010,5.648238,5.732855,35904
1980-07-08,5.732858,5.775167,5.690549,5.690549,25542
1980-07-09,5.690551,5.796323,5.627087,5.711705,37108
1980-07-10,5.711703,5.754012,5.627085,5.669394,29157
1980-07-11,5.669394,5.711703,5.627085,5.669394,22169
1980-07-14,5.648244,5.648244,5.415544,5.436699,39036
1980-07-15,5.436694,5.500158,5.373231,5.373231,39759
1980-07-16,5.373232,5.457849,5.288614,5.330923,42169
1980-07-17,5.330925,5.373234,5.267461,5.309770,30120
1980-07-18,5.309767,5.373231,5.309767,5.373231,34458
1980-07-21,5.373236,5.479008,5.352081,5.436699,35181
1980-07-22,5.436695,5.457849,5.352077,5.352077,80241
1980-07-23,5.352077,5.394386,5.352077,5.352077,51084
1980-07-24,5.352077,5.373232,5.309768,5.352077,51807
1980-07-25,5.330923,5.330923,5.267459,5.330923,28675
1980-07-28,5.330922,5.415540,5.330922,5.373231,53012
1980-07-29,5.373232,5.415540,5.373232,5.394386,40482
1980-07-30,5.394386,5.457849,5.373232,5.394386,52048
1980-07-31,5.394388,5.436697,5.098225,5.415542,36867
1980-08-01,5.415542,5.436697,5.373233,5.415542,35904
1980-08-04,5.415542,5.415542,5.373233,5.415542,41928
1980-08-05,5.415542,5.415542,5.373233,5.415542,29639
1980-08-06,5.415539,5.584775,5.415539,5.584775,53494
1980-08-07,5.648241,5.838632,5.648241,5.838632,59036
1980-08-08,5.817477,5.817477,5.690551,5.711705,55181
1980-08-11,5.711703,5.859784,5.648240,5.648240,48193
1980-08-12,5.648239,5.669394,5.457849,5.521313,427470
1980-08-13,5.521314,5.563623,5.500160,5.542469,287229
1980-08-14,5.521316,5.521316,5.436698,5.457852,49639
1980-08-15,5.457851,5.500160,5.457851,5.500160,66988
1980-08-18,5.500161,5.500161,5.415543,5.457852,32289
1980-08-19,5.457849,5.479004,5.394386,5.479004,34217
1980-08-20,5.479004,5.479004,5.394386,5.394386,29639
1980-08-21,5.415540,5.479004,5.415540,5.479004,23373
1980-08-22,5.479006,5.542469,5.457851,5.500160,36627
1980-08-25,5.479006,5.479006,5.394388,5.415542,34940
1980-08-26,5.415540,5.479004,5.373232,5.394386,78072
1980-08-27,5.394388,5.436697,5.309770,5.309770,36627
1980-08-28,5.309769,5.330924,5.267460,5.267460,37108
1980-08-29,5.267459,5.373232,5.267459,5.330923,62169
1980-09-02,5.330922,5.394385,5.309767,5.373231,35904
1980-09-03,5.373232,5.394386,5.330923,5.394386,56867
1980-09-04,5.394390,5.500162,5.394390,5.436699,44578
1980-09-05,5.436695,5.627085,5.436695,5.479004,43855
1980-09-08,5.479003,5.605929,5.436694,5.605929,35904
1980-09-09,5.605927,5.754008,5.584772,5.754008,37831
1980-09-10,5.754012,5.775166,5.669394,5.669394,72771
1980-09-11,5.669395,5.711704,5.627086,5.627086,26506
1980-09-12,5.627086,5.690549,5.605931,5.627086,22892
1980-09-15,5.627087,5.648241,5.521315,5.563623,35904
1980-09-16,5.563621,5.627085,5.521313,5.521313,33976
1980-09-17,5.521315,5.584778,5.500160,5.563623,27711
1980-09-18,5.563621,5.648239,5.521313,5.521313,46988
1980-09-19,5.563620,5.690547,5.563620,5.605929,32289
1980-09-22,5.605931,5.648240,5.563622,5.627086,36627
1980-09-23,5.627084,5.669393,5.542466,5.584775,68434
1980-09-24,5.584776,5.648240,5.563622,5.648240,26747
1980-09-25,5.648240,5.690549,5.627085,5.648240,38554
1980-09-26,5.648241,5.669396,5.415542,5.415542,55904
1980-09-29,5.394386,5.394386,5.309768,5.352077,33735
1980-09-30,5.352079,5.373234,5.288616,5.309770,40000
1980-10-01,5.309767,5.373231,5.267458,5.373231,40241
1980-10-02,5.373233,5.542469,5.330924,5.542469,33735
1980-10-03,5.542466,5.584775,5.500157,5.584775,45301
1980-10-06,5.584777,5.648240,5.521314,5.627086,32048
1980-10-07,5.627086,5.648240,5.563622,5.627086,33976
1980-10-08,5.627085,5.648240,5.584776,5.648240,25783
1980-10-09,5.648238,5.732855,5.605929,5.732855,34217
1980-10-10,5.732857,5.796321,5.542467,5.669394,47470
1980-10-13,5.669395,5.669395,5.563622,5.627086,47711
1980-10-14,5.627084,5.711702,5.584775,5.584775,55422
1980-10-15,5.584776,5.669394,5.584776,5.648240,23133
1980-10-16,5.648240,5.690549,5.605931,5.648240,50361
1980-10-17,5.648239,5.690548,5.521313,5.521313,54217
1980-10-20,5.394388,5.394388,5.288616,5.309770,26265
1980-10-21,5.309770,5.394388,5.309770,5.309770,57349
1980-10-22,5.309770,5.352079,5.309770,5.309770,34699
1980-10-23,5.309769,5.330924,5.267460,5.267460,46747
1980-10-24,5.267460,5.309769,5.246306,5.267460,38795
1980-10-27,5.267458,5.309767,5.225149,5.225149,49880
1980-10-28,5.225152,5.225152,5.182844,5.182844,49398
1980-10-29,5.182841,5.225149,5.182841,5.225149,29639
1980-10-30,5.225152,5.225152,5.182844,5.182844,26988
1980-10-31,5.182841,5.246304,5.161686,5.225149,44096
1980-11-03,5.225151,5.288614,5.203996,5.203996,30602
1980-11-05,5.203998,5.288616,5.182844,5.182844,38313
1980-11-06,5.182844,5.225152,5.182844,5.182844,45060
1980-11-07,5.182846,5.246309,5.140537,5.161691,49639
1980-11-10,5.161686,5.182841,5.098223,5.119377,80482
1980-11-11,5.140534,5.225152,5.140534,5.140534,102169
1980-11-12,5.140537,5.204000,5.140537,5.161691,27952
1980-11-13,5.161688,5.330924,5.140534,5.140534,53494
1980-11-14,5.140533,5.182842,5.055915,5.055915,526747
1980-11-17,5.055914,5.161686,5.034759,5.119377,49398
1980-11-18,5.119379,5.203997,5.119379,5.140534,39036
1980-11-19,5.140535,5.140535,5.077072,5.098226,48675
1980-11-20,5.098225,5.140534,5.077070,5.140534,44578
1980-11-21,5.140532,5.203995,5.077069,5.077069,31325
1980-11-24,5.077070,5.077070,4.992453,4.992453,52289
1980-11-25,4.992451,5.055914,4.971296,5.013605,75904
1980-11-26,5.013607,5.055915,4.992452,5.034761,61446
1980-11-28,5.034761,5.055916,4.907835,4.992453,26747
1980-12-01,4.992451,5.013605,4.907833,4.928987,51325
1980-12-02,4.928989,4.971298,4.886680,4.907835,44096
1980-12-03,4.907833,4.971297,4.759752,4.823215,191566
1980-12-04,4.823217,4.865526,4.759754,4.844372,57349
1980-12-05,4.844371,4.907834,4.844371,4.865525,43133
1980-12-08,4.865526,4.886680,4.802063,4.844372,39036
1980-12-09,4.844372,4.886680,4.759754,4.759754,54458
1980-12-10,4.759754,4.780908,4.611672,4.611672,75663
1980-12-11,4.611672,4.675136,4.569363,4.611672,45301
1980-12-12,4.611669,4.696287,4.590515,4.653978,60482
1980-12-15,4.696292,4.844373,4.696292,4.802064,74940
1980-12-16,4.802061,4.844370,4.653980,4.717443,177831
1980-12-17,4.717444,4.738599,4.653981,4.738599,44578
1980-12-18,4.738597,4.844370,4.717443,4.823215,109398
1980-12-19,4.823217,4.907835,4.780908,4.844372,73253
1980-12-22,4.844369,4.886677,4.780905,4.886677,106747
1980-12-23,4.907835,4.971298,4.907835,4.907835,118313
1980-12-24,4.950143,5.055915,4.950143,5.055915,44819
1980-12-26,5.055917,5.140535,5.055917,5.098226,24578
1980-12-29,5.098225,5.203997,5.098225,5.140534,74458
1980-12-30,5.140535,5.203998,5.119380,5.182844,43855
1980-12-31,5.182843,5.246306,5.140534,5.140534,40241
1981-01-02,5.161689,5.288615,5.161689,5.246306,32530
1981-01-05,5.246306,5.309770,5.203997,5.246306,63373
1981-01-06,5.288615,5.457851,5.288615,5.415542,53494
1981-01-07,5.373231,5.373231,5.225150,5.288613,72048
1981-01-08,5.288615,5.352078,5.246306,5.267460,56867
1981-01-09,5.267460,5.309769,5.267460,5.267460,25783
1981-01-12,5.246307,5.246307,5.098226,5.098226,47470
1981-01-13,5.098226,5.140535,5.055917,5.098226,45301
1981-01-14,5.098228,5.225154,5.077073,5.161691,31325
1981-01-15,5.161689,5.225152,5.119380,5.182844,42169
1981-01-16,5.182841,5.246304,5.161686,5.225149,26024
1981-01-19,5.225151,5.225151,5.161688,5.203996,31807
1981-01-20,5.203995,5.225149,5.119377,5.119377,45542
1981-01-21,5.119382,5.182846,5.098228,5.161691,79759
1981-01-22,5.161690,5.203998,5.077072,5.098226,38554
1981-01-23,5.098226,5.140535,5.077072,5.098226,19036
1981-01-26,5.098224,5.140533,5.034761,5.055915,28193
1981-01-27,5.055914,5.098223,5.013605,5.013605,23855
1981-01-28,5.034761,5.098224,5.034761,5.034761,34699
1981-01-29,5.034761,5.077070,4.992453,4.992453,29880
1981-01-30,4.992452,5.055915,4.992452,5.034761,17349
1981-02-02,5.034761,5.077070,4.992453,4.992453,21446
1981-02-03,4.992452,5.055915,4.992452,5.034761,33735
1981-02-04,5.034761,5.034761,4.971298,4.992453,25060
1981-02-05,4.992451,5.034759,4.950142,5.013605,61205
1981-02-06,5.034761,5.077070,5.034761,5.055915,32048
1981-02-09,5.055914,5.077069,4.950142,4.950142,35422
1981-02-10,4.950144,4.992453,4.928989,4.992453,39518
1981-02-11,4.992451,4.992451,4.928987,4.950142,63373
1981-02-12,4.950142,4.971296,4.928987,4.950142,27952
1981-02-13,4.928988,4.928988,4.865525,4.865525,107229
1981-02-17,4.865526,4.928989,4.865526,4.907835,35663
1981-02-18,4.907833,4.950142,4.907833,4.950142,42892
1981-02-19,4.950144,4.992453,4.886680,4.971298,68916
1981-02-20,4.971298,5.034761,4.928989,4.992453,21687
1981-02-23,4.992451,5.013605,4.928987,4.928987,330843
1981-02-24,4.928986,4.950141,4.865523,4.886677,54940
1981-02-25,4.886677,4.886677,4.844369,4.886677,93976
1981-02-26,4.886680,4.928989,4.886680,4.907835,70120
1981-02-27,4.907832,4.950141,4.865523,4.886677,35904
1981-03-02,4.886677,4.907832,4.802060,4.886677,43133
1981-03-03,4.886680,4.928989,4.844372,4.844372,39518
1981-03-04,4.844371,4.886679,4.844371,4.865525,29639
1981-03-05,4.865525,4.886679,4.844371,4.865525,43855
1981-03-06,4.865526,4.886680,4.823217,4.844372,44337
1981-03-09,4.844371,4.865525,4.823216,4.865525,77349
1981-03-10,4.865526,4.886680,4.844372,4.844372,75181
1981-03-11,4.844369,4.886677,4.844369,4.886677,137590
1981-03-12,4.907835,4.992453,4.907835,4.992453,83373
1981-03-13,4.992453,5.034761,4.950144,4.992453,60241
1981-03-16,4.950143,5.055915,4.950143,5.055915,62651
1981-03-17,5.055914,5.203995,5.055914,5.119377,104578
1981-03-18,5.119380,5.182844,5.098226,5.182844,225060
1981-03-19,5.203995,5.457849,5.203995,5.373231,101687
1981-03-20,5.457850,5.754012,5.457850,5.690549,259759
1981-03-23,5.690547,5.902092,5.648238,5.859783,366024
1981-03-24,5.859786,5.944404,5.754013,5.880940,357349
1981-03-25,5.965557,6.304028,5.965557,6.219410,524337
1981-03-26,6.219410,6.388645,6.092483,6.092483,390602
1981-03-27,6.092484,6.325183,6.029021,6.325183,592289
1981-03-30,6.346332,6.748267,6.346332,6.579031,1025783
1981-03-31,6.579031,6.579031,6.579031,6.579031,0
1981-04-01,7.044432,7.488675,7.044432,7.404058,2678313
1981-04-02,7.404064,7.404064,7.065592,7.129056,1455904
1981-04-03,7.129050,7.277131,7.129050,7.255977,885783
1981-04-06,7.234824,7.234824,7.107898,7.171361,495663
1981-04-07,7.234823,7.657912,7.234823,7.467522,970120
1981-04-08,7.467522,7.467522,7.319441,7.425213,467711
1981-04-09,7.425213,7.467522,7.319441,7.425213,225783
1981-04-10,7.340598,7.340598,7.213671,7.234825,184819
1981-04-13,7.213669,7.213669,7.107897,7.150206,249639
1981-04-14,7.107901,7.107901,6.959820,7.086746,203614
1981-04-15,7.086744,7.234825,7.023280,7.234825,233976
1981-04-16,7.234824,7.255979,7.086743,7.171361,96386
1981-04-20,7.107901,7.107901,6.980974,7.002129,164578
1981-04-21,7.002127,7.023281,6.663655,6.811737,540482
1981-04-22,6.832885,7.086738,6.832885,7.044430,331084
1981-04-23,7.086741,7.340595,7.086741,7.192514,424819
1981-04-24,7.192516,7.234825,7.129053,7.234825,1314699
1981-04-27,7.192515,7.192515,7.107897,7.150206,134699
1981-04-28,7.150205,7.150205,6.959815,7.023278,120723
1981-04-29,7.023282,7.023282,6.896355,6.938664,129639
1981-04-30,6.917507,6.917507,6.811735,6.875198,117349
1981-05-01,6.896354,6.959818,6.896354,6.917509,85060
1981-05-04,6.917507,6.959816,6.832889,6.875198,118554
1981-05-05,6.875195,6.959813,6.875195,6.896349,61205
1981-05-06,6.896349,6.959813,6.896349,6.896349,114217
1981-05-07,6.896354,6.938663,6.875200,6.917509,60723
1981-05-08,6.917509,6.917509,6.769428,6.811737,98313
1981-05-11,6.811736,6.811736,6.748272,6.748272,64337
1981-05-12,6.748272,6.748272,6.727118,6.748272,58554
1981-05-13,6.748273,6.790582,6.727119,6.769428,55904
1981-05-14,6.790587,6.854051,6.790587,6.832896,71325
1981-05-15,6.854043,7.023278,6.854043,7.023278,83373
1981-05-18,7.023282,7.044437,6.938664,6.938664,42169
1981-05-19,6.938663,6.938663,6.875200,6.917509,63373
1981-05-20,6.917514,6.917514,6.811742,6.832896,60964
1981-05-21,6.832890,6.875199,6.748272,6.748272,73976
1981-05-22,6.748273,6.875200,6.727119,6.811737,76386
1981-05-26,6.811734,7.150206,6.684807,7.150206,156386
1981-05-27,7.150206,7.171360,7.023279,7.150206,277349
1981-05-28,7.150210,7.192519,7.107901,7.129056,129157
1981-05-29,7.129056,7.213674,7.107901,7.129056,124337
1981-06-01,7.129050,7.150205,7.023278,7.023278,193735
1981-06-02,7.002127,7.002127,6.769428,6.769428,46265
1981-06-03,6.769428,6.832891,6.727119,6.811737,47952
1981-06-04,6.811737,6.854046,6.769428,6.790582,46747
1981-06-05,6.790582,6.832891,6.790582,6.790582,46747
1981-06-08,6.790582,6.854046,6.790582,6.811737,128193
1981-06-09,6.811737,6.832891,6.811737,6.811737,79759
1981-06-10,6.811736,6.811736,6.705963,6.748272,54699
1981-06-11,6.748269,7.023277,6.663652,6.854042,2653012
1981-06-12,6.854047,7.086746,6.811738,7.002129,152530
1981-06-15,7.002123,7.171358,7.002123,7.107895,171807
1981-06-16,7.107901,7.129055,7.002129,7.002129,177349
1981-06-17,7.002121,7.086738,6.959812,7.044430,59036
1981-06-18,7.044430,7.150202,7.023275,7.044430,72048
1981-06-19,7.044437,7.086746,6.938664,6.938664,43373
1981-06-22,6.959820,7.044438,6.959820,7.002129,42651
1981-06-23,7.002124,7.044433,6.980969,7.023278,51807
1981-06-24,7.023282,7.023282,6.896355,6.938664,75181
1981-06-25,6.938659,7.002123,6.811733,6.854042,46988
1981-06-26,6.854046,6.875200,6.790582,6.790582,71325
1981-06-29,6.790585,6.811740,6.705967,6.727122,59277
1981-06-30,6.727119,6.790582,6.727119,6.769428,120723
1981-07-01,6.769428,6.790582,6.769428,6.769428,49880
1981-07-02,6.811737,6.959818,6.811737,6.811737,174217
1981-07-06,6.811740,6.854049,6.684813,6.727122,103614
1981-07-07,6.769428,6.790582,6.769428,6.790582,59036
1981-07-08,6.790582,6.832891,6.727119,6.769428,47952
1981-07-09,6.769427,6.811736,6.727118,6.748272,33735
1981-07-10,6.748272,6.811736,6.727118,6.748272,133494
1981-07-13,6.663652,6.663652,6.600188,6.621343,37349
1981-07-14,6.621345,6.621345,6.452109,6.473263,52289
1981-07-15,6.494416,6.621343,6.494416,6.600188,58072
1981-07-16,6.600186,6.684804,6.557877,6.579031,124096
1981-07-17,6.579036,6.621345,6.536727,6.536727,26265
1981-07-20,6.515574,6.515574,6.261720,6.304029,66506
1981-07-21,6.261719,6.261719,6.050175,6.134792,88916
1981-07-22,6.177101,6.325183,6.177101,6.219410,87711
1981-07-23,6.219412,6.304029,6.134794,6.261720,139518
1981-07-24,6.304029,6.346338,6.304029,6.325183,16386
1981-07-27,6.325183,6.367492,6.325183,6.325183,26747
1981-07-28,6.325186,6.346340,6.240568,6.240568,33976
1981-07-29,6.240565,6.261719,6.198256,6.198256,70843
1981-07-30,6.219414,6.282877,6.219414,6.240568,126265
1981-07-31,6.240568,6.282877,6.240568,6.240568,115663
1981-08-03,6.240568,6.240568,6.177105,6.240568,57108
1981-08-04,6.240568,6.240568,6.177105,6.240568,81205
1981-08-05,6.240566,6.325183,6.219411,6.325183,111325
1981-08-06,6.367489,6.430952,6.367489,6.388643,70120
1981-08-07,6.388646,6.430955,6.346337,6.367492,41687
1981-08-10,6.367492,6.430955,6.346337,6.367492,72048
1981-08-11,6.367493,6.367493,6.219412,6.261720,104819
1981-08-12,6.240565,6.240565,6.198256,6.219410,90361
1981-08-13,6.219412,6.240566,6.177103,6.177103,108434
1981-08-14,6.177101,6.198256,6.155947,6.198256,49880
1981-08-17,6.177101,6.177101,6.134792,6.155947,29398
1981-08-18,6.134789,6.134789,6.007863,6.050172,178554
1981-08-19,6.050177,6.092485,5.923250,6.007868,53976
1981-08-20,6.007866,6.029020,5.944402,5.986711,19036
1981-08-21,5.986711,6.007865,5.817475,5.817475,97108
1981-08-24,5.817471,5.817471,5.669390,5.754008,214940
1981-08-25,5.754012,5.902094,5.669395,5.902094,101205
1981-08-26,5.902097,5.986715,5.880943,5.965560,74217
1981-08-27,5.965557,5.986712,5.902094,5.902094,101205
1981-08-28,5.902094,5.944403,5.880939,5.902094,52048
1981-08-31,5.902091,5.923245,5.775164,5.796319,100482
1981-09-01,5.754014,5.754014,5.669396,5.711705,70843
1981-09-02,5.711701,5.754010,5.711701,5.732855,32771
1981-09-03,5.732857,5.754012,5.479004,5.479004,331325
1981-09-04,5.479005,5.563623,5.457851,5.542469,248916
1981-09-08,5.542472,5.542472,5.352081,5.436699,141205
1981-09-09,5.436697,5.500160,5.415542,5.500160,45783
1981-09-10,5.521313,5.711703,5.521313,5.690549,87470
1981-09-11,5.669393,5.669393,5.521312,5.605929,81687
1981-09-14,5.584777,5.584777,5.521314,5.542469,24819
1981-09-15,5.542469,5.627087,5.542469,5.563623,120241
1981-09-16,5.563621,5.563621,5.394386,5.521313,307952
1981-09-17,5.521315,5.563623,5.415542,5.415542,132289
1981-09-18,5.415542,5.436697,5.203997,5.246306,83133
1981-09-21,5.246306,5.288615,5.182843,5.246306,207470
1981-09-22,5.267461,5.521315,5.267461,5.415542,187470
1981-09-23,5.394386,5.394386,5.246305,5.352077,213253
1981-09-24,5.352077,5.394385,5.267459,5.288613,64578
1981-09-25,5.246306,5.246306,4.992452,5.034761,445060
1981-09-28,5.034759,5.267458,4.907832,5.225149,271084
1981-09-29,5.288613,5.352077,5.288613,5.288613,166024
1981-09-30,5.288613,5.415540,5.267458,5.373231,127952
1981-10-01,5.373233,5.563623,5.373233,5.415542,167711
1981-10-02,5.436697,5.542469,5.436697,5.500160,104337
1981-10-05,5.521314,5.584777,5.521314,5.542469,189639
1981-10-06,5.584774,5.838628,5.584774,5.732855,152289
1981-10-07,5.775166,6.134791,5.775166,6.071328,205301
1981-10-08,6.071326,6.092480,5.965554,6.050172,130120
1981-10-09,6.050175,6.219410,5.965557,6.219410,121928
1981-10-12,6.007864,6.007864,5.817474,5.859783,125783
1981-10-13,5.859789,6.007870,5.838634,5.944407,108434
1981-10-14,5.944398,5.944398,5.754008,5.754008,92289
1981-10-15,5.754012,5.754012,5.605931,5.648240,195422
1981-10-16,5.648240,5.669394,5.605931,5.648240,43855
1981-10-19,5.605932,5.605932,5.521315,5.563623,73253
1981-10-20,5.563622,5.669395,5.542468,5.627086,103133
1981-10-21,5.605932,5.605932,5.521314,5.542469,186265
1981-10-22,5.521315,5.521315,5.457851,5.500160,35663
1981-10-23,5.500162,5.500162,5.394390,5.436699,55904
1981-10-26,5.436695,5.479004,5.415540,5.479004,71325
1981-10-27,5.479004,5.775167,5.457850,5.690549,253494
1981-10-28,5.648241,5.648241,5.415542,5.500160,857831
1981-10-29,5.521313,5.732858,5.521313,5.690549,165783
1981-10-30,5.690548,6.071328,5.627084,6.071328,175663
1981-11-02,6.092483,6.261719,6.092483,6.219410,394217
1981-11-03,6.219412,6.282875,6.155948,6.261720,398313
1981-11-04,6.261719,6.282873,6.177101,6.198256,272048
1981-11-05,6.198258,6.240567,5.986713,6.007868,219759
1981-11-06,6.007869,6.007869,5.838634,5.965560,180241
1981-11-09,5.965560,6.050179,5.965560,5.965560,63614
1981-11-10,5.965559,6.177104,5.944404,6.007868,189398
1981-11-11,6.029021,6.177103,6.029021,6.177103,133012
1981-11-12,6.177098,6.261716,6.029017,6.050172,218072
1981-11-13,6.050177,6.092485,6.007868,6.007868,46265
1981-11-16,6.007870,6.029025,5.880943,5.944407,104578
1981-11-17,5.923247,5.923247,5.817475,5.923247,98795
1981-11-18,5.923249,5.923249,5.838632,5.838632,96627
1981-11-19,5.838632,5.902095,5.817477,5.838632,79277
1981-11-20,5.838628,5.859783,5.817474,5.859783,29398
1981-11-23,5.859782,5.859782,5.796319,5.796319,34217
1981-11-24,5.796325,5.817479,5.775170,5.775170,20964
1981-11-25,5.775162,5.775162,5.584772,5.754008,85060
1981-11-27,5.754012,5.880939,5.711703,5.817475,109157
1981-11-30,5.817474,5.859783,5.754010,5.859783,80241
1981-12-01,5.859784,5.880939,5.817475,5.817475,149639
1981-12-02,5.817477,5.859786,5.817477,5.838632,58795
1981-12-03,5.838628,5.859782,5.775164,5.796319,39759
1981-12-04,5.796325,5.838634,5.775170,5.775170,42892
1981-12-07,5.775166,5.817475,5.627085,5.648240,45783
1981-12-08,5.627084,5.627084,5.521312,5.605929,64578
1981-12-09,5.605932,5.627087,5.563623,5.563623,37590
1981-12-10,5.563622,5.669394,5.563622,5.669394,60000
1981-12-11,5.796325,6.050179,5.796325,5.965560,145783
1981-12-14,5.965557,5.986712,5.796321,5.902094,118554
1981-12-15,5.902093,6.007866,5.902093,5.986711,47711
1981-12-16,5.986713,5.986713,5.817477,5.880940,51566
1981-12-17,5.880941,5.880941,5.711705,5.711705,114699
1981-12-18,5.690549,5.690549,5.563622,5.648240,78554
1981-12-21,5.648240,5.690549,5.648240,5.690549,39759
1981-12-22,5.690549,5.690549,5.627086,5.627086,40723
1981-12-23,5.627086,5.648240,5.605931,5.627086,25783
1981-12-24,5.627085,5.669394,5.627085,5.648240,42892
1981-12-28,5.648238,5.669393,5.605929,5.605929,53012
1981-12-29,5.605931,5.669395,5.605931,5.627086,42169
1981-12-30,5.627087,5.754014,5.627087,5.711705,73012
1981-12-31,5.711703,5.817475,5.648240,5.817475,87229
1982-01-04,5.944402,6.029020,5.838630,6.029020,85542
1982-01-05,5.838630,6.029020,5.648240,5.648240,123133
1982-01-06,5.563621,5.711703,5.415540,5.521313,228434
1982-01-07,5.500158,5.542467,5.436695,5.521313,202410
1982-01-08,5.479008,5.521317,5.415544,5.436699,189157
1982-01-11,5.225154,5.309772,5.119382,5.161691,128916
1982-01-12,5.373232,5.415540,5.330923,5.394386,318554
1982-01-13,5.436697,5.479006,5.394388,5.415542,224819
1982-01-14,5.330923,5.394386,5.246305,5.330923,98554
1982-01-15,5.352077,5.352077,5.330923,5.330923,89639
1982-01-18,5.330923,5.352077,5.309768,5.352077,176867
1982-01-19,5.330923,5.352077,5.309768,5.330923,164096
1982-01-20,5.352077,5.352077,5.330923,5.352077,81687
1982-01-21,5.415542,5.457851,5.352079,5.415542,101928
1982-01-22,5.436699,5.436699,5.415544,5.436699,538072
1982-01-25,5.457852,5.479007,5.415543,5.457852,109398
1982-01-26,5.479008,5.521317,5.415544,5.436699,244819
1982-01-27,5.182841,5.225149,5.140532,5.225149,173494
1982-01-28,5.288614,5.394386,5.182842,5.394386,170361
1982-01-29,5.373232,5.394386,5.330923,5.394386,82410
1982-02-01,5.309769,5.352078,5.267460,5.267460,74458
1982-02-02,5.225151,5.267460,5.182842,5.203996,29398
1982-02-03,5.182844,5.225152,5.140535,5.182844,51084
1982-02-04,5.140532,5.182841,5.077068,5.119377,35663
1982-02-05,5.098226,5.119381,5.077072,5.098226,24578
1982-02-08,5.077069,5.119378,5.034760,5.077069,21446
1982-02-09,5.013607,5.055916,4.950144,4.971298,42169
1982-02-10,5.013607,5.055915,4.971298,5.034761,79036
1982-02-11,4.971298,5.055916,4.865526,4.907835,79036
1982-02-12,4.928987,4.971296,4.886678,4.928987,49880
1982-02-16,4.865525,4.907834,4.802062,4.865525,47711
1982-02-17,4.886680,4.928989,4.844371,4.907835,39036
1982-02-18,4.886680,4.907835,4.844372,4.844372,93494
1982-02-19,4.780909,4.865527,4.696291,4.696291,73012
1982-02-22,4.738600,4.802063,4.653982,4.675136,95181
1982-02-23,4.675136,4.696291,4.632827,4.675136,50843
1982-02-24,4.632827,4.653981,4.590518,4.611672,48916
1982-02-25,4.611671,4.632825,4.590516,4.632825,83133
1982-02-26,4.569364,4.632828,4.505901,4.527055,101928
1982-03-01,4.463589,4.548206,4.357816,4.484743,135663
1982-03-02,4.484743,4.505897,4.463589,4.484743,148675
1982-03-03,4.421279,4.484742,4.357815,4.357815,84096
1982-03-04,4.400127,4.421282,4.357818,4.378973,202410
1982-03-05,4.505900,4.590518,4.400128,4.548209,253976
1982-03-08,4.569362,4.611671,4.505898,4.505898,111325
1982-03-09,4.505898,4.548207,4.463590,4.505898,111807
1982-03-10,4.590516,4.675134,4.505898,4.632825,63373
1982-03-11,4.611672,4.653981,4.569363,4.590517,37349
1982-03-12,4.611673,4.653982,4.548210,4.569364,46988
1982-03-15,4.590519,4.611673,4.569364,4.569364,23855
1982-03-16,4.548206,4.590515,4.484743,4.484743,61205
1982-03-17,4.527053,4.548207,4.505898,4.505898,33012
1982-03-18,4.548210,4.569364,4.527055,4.569364,45783
1982-03-19,4.548210,4.569364,4.527055,4.569364,29398
1982-03-22,4.569364,4.632828,4.505901,4.569364,61205
1982-03-23,4.590518,4.632827,4.527054,4.548209,43855
1982-03-24,4.527054,4.569363,4.484746,4.548209,52530
1982-03-25,4.611672,4.653981,4.548209,4.611672,38072
1982-03-26,4.696291,4.717445,4.653982,4.696291,121205
1982-03-29,4.738599,4.780908,4.675136,4.759754,78072
1982-03-30,4.738599,4.759754,4.717445,4.759754,64096
1982-03-31,4.738600,4.780909,4.696291,4.696291,43373
1982-04-01,4.717443,4.738598,4.696289,4.717443,255422
1982-04-02,4.717443,4.738598,4.675134,4.717443,136867
1982-04-05,4.717445,4.738600,4.675136,4.696291,23133
1982-04-06,4.759754,4.802063,4.696290,4.759754,113012
1982-04-07,4.780910,4.823219,4.738601,4.802064,27952
1982-04-08,4.780906,4.823215,4.738597,4.823215,220723
1982-04-12,4.696288,4.759752,4.632825,4.632825,86988
1982-04-13,4.653978,4.675132,4.632824,4.653978,114217
1982-04-14,4.611673,4.632828,4.569364,4.569364,29880
1982-04-15,4.548210,4.569364,4.505901,4.527055,34458
1982-04-16,4.569364,4.590519,4.527055,4.527055,85060
1982-04-19,4.527053,4.548207,4.505898,4.505898,44337
1982-04-20,4.527054,4.548209,4.505900,4.548209,49157
1982-04-21,4.611669,4.653978,4.548206,4.653978,57590
1982-04-22,4.653978,4.675132,4.611669,4.653978,102410
1982-04-23,4.696290,4.738599,4.632827,4.738599,204337
1982-04-26,4.675136,4.717445,4.611672,4.611672,240482
1982-04-27,4.653980,4.696288,4.611671,4.632825,285060
1982-04-28,4.653982,4.696291,4.611673,4.675136,67229
1982-04-29,4.632826,4.653981,4.590517,4.590517,31084
1982-04-30,4.653978,4.675132,4.611669,4.653978,40000
1982-05-03,4.590518,4.632827,4.548209,4.548209,201687
1982-05-04,4.548209,4.569363,4.527054,4.548209,63373
1982-05-05,4.484746,4.527054,4.421282,4.421282,108916
1982-05-06,4.505900,4.548209,4.442437,4.548209,49157
1982-05-07,4.548210,4.569364,4.505901,4.527055,32771
1982-05-10,4.569363,4.590518,4.527054,4.548209,120964
1982-05-11,4.590518,4.675136,4.505900,4.675136,54217
1982-05-12,4.675136,4.717445,4.611672,4.611672,217590
1982-05-13,4.632826,4.653981,4.590517,4.590517,113012
1982-05-14,4.590517,4.611672,4.548208,4.590517,106747
1982-05-17,4.569364,4.590519,4.548210,4.569364,110120
1982-05-18,4.569364,4.611673,4.527055,4.527055,25301
1982-05-19,4.527053,4.569362,4.484744,4.505898,113012
1982-05-20,4.548207,4.569362,4.505898,4.505898,32530
1982-05-21,4.527055,4.569364,4.484747,4.527055,39277
1982-05-24,4.548207,4.569362,4.505898,4.505898,32530
1982-05-25,4.590515,4.653978,4.527051,4.653978,44337
1982-05-26,4.696287,4.738596,4.653978,4.653978,225301
1982-05-27,4.653980,4.696288,4.611671,4.632825,168193
1982-05-28,4.653978,4.696287,4.590515,4.653978,147952
1982-06-01,4.675132,4.717441,4.632824,4.653978,35904
1982-06-02,4.653982,4.675136,4.611673,4.675136,50602
1982-06-03,4.696291,4.717445,4.653982,4.696291,22651
1982-06-04,4.675132,4.696287,4.653978,4.653978,58795
1982-06-07,4.632827,4.696291,4.569364,4.675136,82651
1982-06-08,4.675136,4.696291,4.653982,4.675136,32289
1982-06-09,4.632828,4.696291,4.569364,4.569364,49398
1982-06-10,4.696287,4.717441,4.653978,4.653978,71807
1982-06-11,4.675134,4.717443,4.632825,4.632825,279277
1982-06-14,4.632827,4.675136,4.590518,4.611672,119759
1982-06-15,4.632827,4.653981,4.590518,4.611672,26265
1982-06-16,4.632825,4.653980,4.611671,4.632825,37590
1982-06-17,4.611672,4.632826,4.590517,4.590517,48675
1982-06-18,4.611672,4.632826,4.590517,4.590517,15904
1982-06-21,4.611673,4.632828,4.569364,4.569364,51325
1982-06-22,4.632825,4.653980,4.590516,4.632825,63133
1982-06-23,4.653982,4.675136,4.632827,4.675136,57108
1982-06-24,4.675132,4.717441,4.632824,4.653978,21687
1982-06-25,4.653978,4.675132,4.632824,4.653978,26747
1982-06-28,4.738601,4.823219,4.632828,4.780910,104096
1982-06-29,4.780906,4.823215,4.738597,4.823215,46988
1982-06-30,4.907835,4.971298,4.823217,4.907835,222410
1982-07-01,4.886679,4.928988,4.823216,4.865525,18072
1982-07-02,4.823219,4.865527,4.780910,4.780910,31325
1982-07-06,4.759754,4.780908,4.717445,4.759754,20000
1982-07-07,4.759755,4.802064,4.717446,4.802064,22892
1982-07-08,4.823217,4.865526,4.780908,4.844372,56627
1982-07-09,4.865525,4.886679,4.844371,4.865525,66024
1982-07-12,4.823215,4.844370,4.780906,4.823215,46024
1982-07-13,4.802063,4.823217,4.759754,4.759754,22410
1982-07-14,4.780910,4.802064,4.759755,4.802064,402651
1982-07-15,4.802064,4.844373,4.738601,4.780910,100964
1982-07-16,4.696287,4.738596,4.632824,4.653978,70602
1982-07-19,4.653978,4.675132,4.611669,4.653978,71084
1982-07-20,4.675136,4.717445,4.632828,4.696291,108434
1982-07-21,4.759753,4.780908,4.717444,4.738599,187711
1982-07-22,4.759755,4.823219,4.696292,4.802064,80482
1982-07-23,4.696288,4.759752,4.632825,4.632825,71807
1982-07-26,4.653978,4.696287,4.611669,4.653978,281928
1982-07-27,4.675136,4.696291,4.653982,4.696291,54458
1982-07-28,4.717445,4.780909,4.653982,4.675136,493253
1982-07-29,4.696291,4.717445,4.653982,4.696291,20241
1982-07-30,4.780907,4.823216,4.717443,4.717443,86988
1982-08-02,4.738598,4.759752,4.696289,4.717443,56145
1982-08-03,4.738600,4.802063,4.675136,4.675136,36867
1982-08-04,4.717445,4.759754,4.653982,4.759754,21928
1982-08-05,4.675136,4.738599,4.611672,4.611672,75181
1982-08-06,4.632826,4.675135,4.590517,4.590517,63373
1982-08-09,4.548207,4.590516,4.484744,4.505898,41928
1982-08-10,4.548207,4.590516,4.484744,4.505898,52530
1982-08-11,4.527055,4.548210,4.505901,4.527055,32771
1982-08-12,4.505900,4.590518,4.421282,4.421282,74940
1982-08-13,4.484747,4.527055,4.442438,4.527055,82892
1982-08-16,4.611671,4.653980,4.548207,4.632825,155904
1982-08-17,4.717443,4.759752,4.653980,4.717443,145783
1982-08-18,4.823217,4.886680,4.738599,4.759754,213494
1982-08-19,4.802062,4.886679,4.717444,4.865525,155422
1982-08-20,4.823217,4.886680,4.759754,4.844372,138554
1982-08-23,4.992454,5.098226,4.865527,5.098226,340723
1982-08-24,5.077069,5.119378,5.034760,5.077069,305542
1982-08-25,5.119381,5.161690,5.077072,5.098226,116627
1982-08-26,5.161686,5.203995,5.098223,5.119377,137108
1982-08-27,5.119377,5.182841,5.055914,5.119377,228916
1982-08-30,5.161691,5.204000,5.119382,5.161691,70120
1982-08-31,5.267459,5.352077,5.182841,5.288613,146265
1982-09-01,5.373234,5.415542,5.309770,5.309770,257108
1982-09-02,5.288615,5.330924,5.246306,5.267460,58313
1982-09-03,5.267460,5.309769,5.225151,5.267460,103855
1982-09-07,5.309768,5.352077,5.246305,5.330923,124337
1982-09-08,5.288613,5.352077,5.225150,5.288613,584819
1982-09-09,5.330924,5.415542,5.225152,5.415542,296867
1982-09-10,5.352079,5.436697,5.246307,5.309770,139759
1982-09-13,5.246304,5.330922,5.140532,5.225149,59759
1982-09-14,5.203995,5.267458,5.140532,5.225149,39518
1982-09-15,5.225152,5.309770,5.140534,5.246306,251807
1982-09-16,5.225152,5.288616,5.161689,5.182844,68193
1982-09-17,5.309768,5.352077,5.246304,5.288613,116145
1982-09-20,5.267458,5.330922,5.203995,5.225149,25301
1982-09-21,5.373236,5.479008,5.246309,5.436699,73253
1982-09-22,5.436697,5.605932,5.267461,5.309770,132048
1982-09-23,5.288613,5.330922,5.225150,5.288613,28434
1982-09-24,5.309770,5.352079,5.267461,5.309770,33253
1982-09-27,5.288614,5.330923,5.225150,5.330923,28916
1982-09-28,5.330923,5.373232,5.267459,5.330923,89880
1982-09-29,5.203998,5.246307,5.140535,5.182844,81928
1982-09-30,5.182843,5.225152,5.119379,5.140534,44819
1982-10-01,5.140537,5.182846,5.098228,5.161691,104096
1982-10-04,5.119382,5.182846,5.034764,5.161691,91084
1982-10-05,5.140537,5.182846,5.098228,5.161691,132771
1982-10-06,5.246304,5.373231,5.098223,5.373231,920000
1982-10-07,5.500160,5.563623,5.436697,5.500160,789157
1982-10-08,5.373232,5.479004,5.267459,5.479004,718554
1982-10-11,5.500158,5.584776,5.394386,5.521313,120723
1982-10-12,5.479007,5.542470,5.415543,5.457852,184096
1982-10-13,5.521317,5.605935,5.436699,5.436699,225301
1982-10-14,5.415540,5.457849,5.373232,5.394386,392530
1982-10-15,5.415544,5.479008,5.352081,5.436699,72771
1982-10-18,5.542469,5.605932,5.479005,5.542469,230602
1982-10-19,5.711705,5.754014,5.648242,5.711705,250843
1982-10-20,5.817477,5.880941,5.732859,5.838632,197831
1982-10-21,5.923248,5.965557,5.880939,5.902094,382651
1982-10-22,5.986713,6.029022,5.923250,6.007868,688916
1982-10-25,5.838626,5.923243,5.754008,5.754008,237590
1982-10-26,5.732859,5.796323,5.669396,5.711705,185301
1982-10-27,5.584776,5.711703,5.436695,5.479004,122410
1982-10-28,5.373234,5.415542,5.309770,5.309770,102892
1982-10-29,5.246304,5.288613,5.203995,5.288613,69157
1982-11-01,5.330924,5.394387,5.246306,5.267460,56867
1982-11-02,5.500158,5.669394,5.309768,5.521313,133735
1982-11-03,5.796325,5.965560,5.605934,5.965560,267470
1982-11-04,5.880941,6.050177,5.711705,5.711705,229398
1982-11-05,5.754008,5.817471,5.669390,5.754008,103614
1982-11-08,5.690551,5.732859,5.648242,5.711705,42651
1982-11-09,5.732855,5.775164,5.669392,5.732855,72289
1982-11-10,5.690549,5.754012,5.605931,5.648240,114217
1982-11-11,5.584777,5.648241,5.521314,5.542469,264096
1982-11-12,5.479003,5.584775,5.373231,5.373231,91325
1982-11-15,5.267460,5.330923,5.203996,5.203996,90843
1982-11-16,5.182841,5.246304,5.119377,5.225149,286265
1982-11-17,5.267460,5.309769,5.225151,5.267460,48193
1982-11-18,5.352076,5.415540,5.267458,5.373231,109880
1982-11-19,5.373231,5.415540,5.330922,5.373231,52771
1982-11-22,5.330924,5.373233,5.267460,5.267460,38554
1982-11-23,5.225154,5.309772,5.140537,5.161691,62651
1982-11-24,5.203998,5.225152,5.161689,5.182844,31084
1982-11-26,5.182844,5.203998,5.140535,5.182844,52289
1982-11-29,5.204000,5.288618,5.119382,5.161691,102410
1982-11-30,5.203996,5.246305,5.161688,5.203996,77108
1982-12-01,5.288614,5.352077,5.203996,5.330923,143373
1982-12-02,5.309768,5.373232,5.246305,5.330923,115663
1982-12-03,5.330923,5.373232,5.267459,5.330923,89880
1982-12-06,5.373232,5.415540,5.330923,5.394386,130843
1982-12-07,5.415540,5.479003,5.352076,5.373231,61687
1982-12-08,5.330924,5.373233,5.267460,5.267460,78554
1982-12-09,5.246306,5.288615,5.203997,5.267460,130602
1982-12-10,5.225152,5.267461,5.161689,5.182844,70602
1982-12-13,5.225152,5.246306,5.182843,5.246306,76627
1982-12-14,5.246307,5.288616,5.182844,5.182844,72048
1982-12-15,5.182846,5.204000,5.140537,5.161691,144578
1982-12-16,5.203995,5.267458,5.119377,5.225149,137831
1982-12-17,5.225152,5.246306,5.203997,5.246306,61687
1982-12-20,5.203998,5.225152,5.182844,5.182844,42892
1982-12-21,5.246306,5.288615,5.203997,5.267460,202651
1982-12-22,5.267458,5.309767,5.225149,5.225149,110843
1982-12-23,5.267460,5.288615,5.225151,5.267460,641446
1982-12-27,5.246306,5.267460,5.203997,5.267460,232530
1982-12-28,5.267458,5.288613,5.225149,5.225149,83614
1982-12-29,5.246306,5.246306,5.225152,5.246306,85301
1982-12-30,5.225151,5.246305,5.203996,5.203996,60964
1982-12-31,5.203995,5.225149,5.182841,5.225149,199277
1983-01-03,5.246305,5.309769,5.182842,5.203996,321687
1983-01-04,5.161691,5.204000,5.098228,5.161691,367229
1983-01-05,5.161691,5.204000,5.119382,5.161691,145301
1983-01-06,5.225152,5.267461,5.161689,5.246306,590843
1983-01-07,5.436697,5.563623,5.309770,5.563623,778313
1983-01-10,5.542466,5.605929,5.457848,5.584775,1509639
1983-01-11,5.542469,5.584777,5.500160,5.542469,157108
1983-01-12,5.669394,5.775167,5.542468,5.690549,248916
1983-01-13,5.711701,5.754010,5.669392,5.732855,123614
1983-01-14,5.796321,5.859784,5.732857,5.817475,140482
1983-01-17,5.775167,5.859785,5.690549,5.690549,116627
1983-01-18,5.711701,5.775164,5.627083,5.732855,186265
1983-01-19,5.711705,5.732859,5.669396,5.711705,82651
1983-01-20,5.690549,5.732857,5.648240,5.669394,42892
1983-01-21,5.711701,5.732855,5.669392,5.732855,112530
1983-01-24,5.500160,5.669396,5.309770,5.415542,439277
1983-01-25,5.288615,5.415542,5.140534,5.140534,174699
1983-01-26,5.161691,5.204000,5.119382,5.161691,168916
1983-01-27,5.267460,5.330924,5.182843,5.267460,109880
1983-01-28,5.267458,5.330922,5.203995,5.225149,95904
1983-01-31,5.246304,5.267458,5.203995,5.225149,54217
1983-02-01,5.246307,5.288616,5.182844,5.182844,154217
1983-02-02,5.182842,5.225151,5.119379,5.203996,169639
1983-02-03,5.246307,5.309770,5.182843,5.309770,53253
1983-02-04,5.309768,5.352077,5.246305,5.330923,74458
1983-02-07,5.309769,5.394387,5.203997,5.267460,66506
1983-02-08,5.203998,5.246307,5.161689,5.182844,88675
1983-02-09,5.267459,5.330922,5.203995,5.288613,172771
1983-02-10,5.373232,5.394386,5.330923,5.394386,70843
1983-02-11,5.415540,5.457849,5.352077,5.394386,252048
1983-02-14,5.415544,5.457853,5.352081,5.436699,125542
1983-02-15,5.457851,5.500160,5.415542,5.415542,45301
1983-02-16,5.415540,5.457849,5.373231,5.373231,61205
1983-02-17,5.394388,5.457851,5.330924,5.415542,57108
1983-02-18,5.479004,5.521313,5.415540,5.521313,101205
1983-02-22,5.457852,5.521316,5.394389,5.457852,55181
1983-02-23,5.436699,5.479008,5.394390,5.436699,43855
1983-02-24,5.436698,5.457852,5.394389,5.457852,73494
1983-02-25,5.479007,5.521316,5.415543,5.457852,59036
1983-02-28,5.457853,5.500162,5.415544,5.436699,104578
1983-03-01,5.479007,5.521316,5.436698,5.457852,237349
1983-03-02,5.415542,5.436697,5.373233,5.415542,124578
1983-03-03,5.415544,5.436699,5.373236,5.436699,104337
1983-03-04,5.436697,5.500160,5.373233,5.415542,80723
1983-03-07,5.373233,5.415542,5.330924,5.415542,224337
1983-03-08,5.394388,5.415542,5.373233,5.415542,106747
1983-03-09,5.542467,5.711703,5.373232,5.669394,296867
1983-03-10,5.859786,5.944404,5.754014,5.838632,370843
1983-03-11,5.817471,5.902089,5.732853,5.754008,148916
1983-03-14,5.838632,5.859786,5.796323,5.838632,102169
1983-03-15,5.859786,5.880940,5.817477,5.880940,53253
1983-03-16,5.965560,6.050179,5.880943,5.965560,226506
1983-03-17,5.902095,6.007867,5.796323,5.838632,90602
1983-03-18,5.838628,5.859782,5.796319,5.796319,38795
1983-03-21,5.796319,5.817473,5.754010,5.796319,61446
1983-03-22,5.754008,5.775162,5.732853,5.754008,63373
1983-03-23,5.817477,5.859786,5.754014,5.838632,161446
1983-03-24,5.817475,5.838630,5.796321,5.817475,96386
1983-03-25,5.838630,5.859784,5.796321,5.817475,83133
1983-03-28,5.796317,5.817471,5.754008,5.754008,35422
1983-03-29,5.775162,5.796317,5.754008,5.754008,63855
1983-03-30,5.775162,5.796317,5.732853,5.754008,1005542
1983-03-31,5.754014,5.796323,5.690551,5.711705,40964
1983-04-04,5.648238,5.669393,5.605929,5.605929,113494
1983-04-05,5.669394,5.690549,5.627085,5.669394,33494
1983-04-06,5.648242,5.711705,5.563624,5.711705,134217
1983-04-07,5.754010,5.817473,5.690546,5.796319,97108
1983-04-08,5.817477,5.838632,5.775168,5.838632,856145
1983-04-11,5.732853,5.754008,5.711699,5.754008,267229
1983-04-12,5.711703,5.754012,5.648240,5.648240,40000
1983-04-13,5.648240,5.690549,5.605931,5.648240,53735
1983-04-14,5.796320,5.923247,5.648239,5.923247,296145
1983-04-15,6.050175,6.155947,5.923248,6.155947,323133
1983-04-18,6.240566,6.325183,6.155948,6.325183,290361
1983-04-19,6.367492,6.430956,6.304029,6.325183,595663
1983-04-20,6.282877,6.325186,6.219414,6.240568,124819
1983-04-21,6.198257,6.261720,6.134794,6.177103,173976
1983-04-22,6.452106,6.515570,6.388643,6.388643,409157
1983-04-25,6.473260,6.536724,6.409797,6.430952,948675
1983-04-26,6.452108,6.515572,6.367491,6.494417,253735
1983-04-27,6.515569,6.579033,6.430952,6.430952,224819
1983-04-28,6.473263,6.494418,6.452109,6.473263,153012
1983-04-29,6.473263,6.515572,6.430955,6.473263,132289
1983-05-02,6.367493,6.473265,6.261720,6.304029,439518
1983-05-03,6.346336,6.430954,6.240563,6.409799,569398
1983-05-04,6.536725,6.621343,6.430953,6.621343,370361
1983-05-05,6.727119,6.811737,6.642501,6.790582,312048
1983-05-06,6.917509,7.023281,6.811736,6.917509,228434
1983-05-09,6.917510,6.980973,6.854047,6.938664,165301
1983-05-10,7.086741,7.213668,6.938660,7.192514,325783
1983-05-11,7.298285,7.446366,7.129049,7.404058,412048
1983-05-12,7.382899,7.488671,7.277126,7.298281,365542
1983-05-13,7.361749,7.467521,7.255976,7.404058,240723
1983-05-16,7.277134,7.361752,7.192517,7.213671,494699
1983-05-17,7.213671,7.255980,7.171362,7.213671,161687
1983-05-18,7.234825,7.255980,7.213671,7.234825,162410
1983-05-19,7.192516,7.234825,7.150207,7.234825,177108
1983-05-20,7.129056,7.192519,7.129056,7.129056,176867
1983-05-23,7.107897,7.298287,7.023279,7.277133,201928
1983-05-24,7.298287,7.530986,7.298287,7.530986,306024
1983-05-25,7.530986,7.530986,7.467522,7.530986,88675
1983-05-26,7.509833,7.615605,7.488679,7.552142,207470
1983-05-27,7.615604,7.869458,7.615604,7.784840,281687
1983-05-31,7.784838,7.784838,7.615602,7.636757,409157
1983-06-01,7.636761,7.679070,7.594452,7.657915,187229
1983-06-02,7.679066,7.679066,7.404058,7.509830,153735
1983-06-03,7.530989,7.530989,7.404062,7.446371,86506
1983-06-06,7.488679,7.530988,7.446370,7.488679,63614
1983-06-07,7.488677,7.488677,7.404059,7.425213,240000
1983-06-08,7.404060,7.425214,7.277133,7.277133,76386
1983-06-09,7.319440,7.340594,7.044432,7.107895,97349
1983-06-10,7.150207,7.234825,7.150207,7.234825,72530
1983-06-13,7.277135,7.340599,7.234826,7.319444,129639
1983-06-14,7.361749,7.425212,7.340594,7.404058,50602
1983-06-15,7.467524,7.488679,7.404061,7.488679,93253
1983-06-16,7.530985,7.636758,7.530985,7.594449,144096
1983-06-17,7.615605,7.636760,7.530988,7.552142,120723
1983-06-20,7.573297,7.636760,7.488679,7.488679,143373
1983-06-21,7.488677,7.530986,7.446368,7.530986,90120
1983-06-22,7.530985,7.573294,7.488676,7.509830,499277
1983-06-23,7.530988,7.530988,7.467524,7.488679,31084
1983-06-24,7.488680,7.488680,7.446371,7.446371,44578
1983-06-27,7.446368,7.488677,7.404059,7.425213,52771
1983-06-28,7.404059,7.530986,7.404059,7.467522,40000
1983-06-29,7.425213,7.446368,7.382905,7.425213,71807
1983-06-30,7.404058,7.404058,7.319440,7.404058,52048
1983-07-01,7.404058,7.404058,7.361749,7.404058,32771
1983-07-05,7.404062,7.404062,7.277135,7.319444,62169
1983-07-06,7.319442,7.340596,7.255978,7.277133,257108
1983-07-07,7.234825,7.234825,7.192516,7.234825,760723
1983-07-08,7.213669,7.298287,7.171360,7.277133,1347470
1983-07-11,7.129050,7.255977,7.107896,7.255977,1205301
1983-07-12,7.277131,7.277131,7.150205,7.192514,57590
1983-07-13,7.150204,7.171358,7.086740,7.107895,94699
1983-07-14,7.160782,7.213668,7.107896,7.192514,56386
1983-07-15,7.192519,7.213673,6.854047,6.938664,126265
1983-07-18,6.896354,7.023281,6.832891,6.917509,52289
1983-07-19,6.896349,6.938658,6.875195,6.896349,44578
1983-07-20,6.896351,7.023278,6.875197,7.023278,125301
1983-07-21,7.107895,7.277131,7.107895,7.107895,171325
1983-07-22,7.118479,7.171364,7.065592,7.086746,55663
1983-07-25,7.107901,7.150210,7.086746,7.129056,190361
1983-07-26,7.171361,7.192516,7.129052,7.171361,39277
1983-07-27,7.234824,7.255979,7.065588,7.065588,76867
1983-07-28,7.107893,7.150202,7.044430,7.044430,76627
1983-07-29,6.980974,7.023283,6.875202,7.002129,173012
1983-08-01,7.002128,7.002128,6.896355,6.938664,88434
1983-08-02,6.875200,6.896354,6.811737,6.811737,62410
1983-08-03,6.790585,6.854049,6.727122,6.727122,90120
1983-08-04,6.684808,6.854044,6.663654,6.705962,73012
1983-08-05,6.748272,6.811736,6.705963,6.748272,62169
1983-08-08,6.769427,6.769427,6.727118,6.748272,90843
1983-08-09,6.727116,6.748270,6.642498,6.642498,219518
1983-08-10,6.600188,6.642497,6.600188,6.600188,66747
1983-08-11,6.705962,6.748271,6.642498,6.663653,250120
1983-08-12,6.705962,6.748271,6.642499,6.705962,158072
1983-08-15,6.748276,6.769431,6.727122,6.727122,32048
1983-08-16,6.705964,6.769428,6.705964,6.769428,87229
1983-08-17,6.811737,6.832891,6.769428,6.790582,197349
1983-08-18,6.832889,6.854044,6.705962,6.705962,47229
1983-08-19,6.727118,6.748272,6.684809,6.748272,277831
1983-08-22,6.790582,6.875200,6.748273,6.769428,236627
1983-08-23,6.769428,6.769428,6.727119,6.769428,41687
1983-08-24,6.748273,6.832891,6.748273,6.790582,32048
1983-08-25,6.769428,6.769428,6.727119,6.769428,171807
1983-08-26,6.769428,6.769428,6.727119,6.769428,26506
1983-08-29,6.727118,6.769427,6.727118,6.748272,59518
1983-08-30,6.748272,6.769427,6.748272,6.748272,17108
1983-08-31,6.727117,6.896352,6.727117,6.875198,246265
1983-09-01,6.896354,6.917509,6.854045,6.917509,68434
1983-09-02,6.938660,7.023278,6.917506,7.023278,220000
1983-09-06,7.044433,7.065587,7.023278,7.023278,243373
1983-09-07,7.044433,7.234823,7.044433,7.150206,348675
1983-09-08,7.129053,7.234825,7.107898,7.234825,76386
1983-09-09,7.255976,7.404058,7.234822,7.404058,321687
1983-09-12,7.488680,7.552143,7.298290,7.319444,187711
1983-09-13,7.361753,7.361753,7.298290,7.361753,47470
1983-09-14,7.361751,7.404060,7.255978,7.277133,181446
1983-09-15,7.277135,7.277135,6.959819,6.959819,51807
1983-09-16,7.002129,7.150210,6.980974,7.129056,50843
1983-09-19,7.171363,7.319444,7.150209,7.319444,353253
1983-09-20,7.319444,7.404062,7.277135,7.319444,145542
1983-09-21,7.277131,7.319440,7.255977,7.255977,168916
1983-09-22,7.277132,7.573295,7.277132,7.530986,607470
1983-09-23,7.657910,7.657910,7.446366,7.573293,643133
1983-09-26,7.594449,7.594449,7.467522,7.530986,245301
1983-09-27,7.552143,7.552143,7.425216,7.446371,325542
1983-09-28,7.404062,7.425216,7.298290,7.361753,136867
1983-09-29,7.404058,7.446366,7.382903,7.404058,233494
1983-09-30,7.404060,7.404060,7.277133,7.277133,71566
1983-10-03,7.192518,7.361753,7.192518,7.361753,138554
1983-10-04,7.361753,7.425216,7.340599,7.361753,122410
1983-10-05,7.404062,7.404062,7.361753,7.361753,130361
1983-10-06,7.382908,7.404062,7.340599,7.361753,1265783
1983-10-07,7.213671,7.255980,7.213671,7.234825,1275904
1983-10-10,7.213669,7.277133,7.150206,7.277133,146265
1983-10-11,7.277132,7.277132,7.150206,7.150206,183855
1983-10-12,7.086746,7.129056,7.086746,7.129056,91566
1983-10-13,7.171359,7.234822,7.129050,7.192514,80482
1983-10-14,7.234829,7.340602,7.213675,7.340602,493976
1983-10-17,7.340599,7.404062,7.319444,7.361753,374940
1983-10-18,7.404062,7.425216,7.319444,7.319444,141205
1983-10-19,7.298281,7.361744,7.234817,7.298281,466988
1983-10-20,7.298290,7.319444,7.234826,7.319444,171807
1983-10-21,7.277126,7.319435,7.277126,7.298281,41928
1983-10-24,7.255978,7.319442,7.234824,7.277133,389398
1983-10-25,7.319441,7.467522,7.319441,7.425213,149639
1983-10-26,7.446371,7.488680,7.361753,7.361753,269157
1983-10-27,7.404061,7.404061,7.361752,7.382906,199759
1983-10-28,7.382899,7.382899,7.255972,7.298281,357590
1983-10-31,7.319443,7.319443,7.234825,7.234825,75181
1983-11-01,7.277135,7.319444,7.234826,7.319444,177831
1983-11-02,7.361750,7.552140,7.361750,7.530986,329398
1983-11-03,7.552137,7.721373,7.552137,7.700218,242410
1983-11-04,7.763686,7.784841,7.721378,7.763686,209157
1983-11-07,7.721378,7.784841,7.700223,7.742532,288675
1983-11-08,7.721373,7.742527,7.679064,7.700218,96627
1983-11-09,7.679072,7.721381,7.657917,7.721381,108193
1983-11-10,7.742537,7.954081,7.742537,7.954081,500482
1983-11-11,7.954079,8.207933,7.911771,8.207933,353494
1983-11-14,8.207928,8.271391,8.165619,8.186773,333735
1983-11-15,8.102156,8.144464,8.038692,8.059847,108675
1983-11-16,8.123309,8.144463,7.975227,8.038691,54699
1983-11-17,8.038690,8.144462,8.038690,8.123308,213976
1983-11-18,8.123310,8.165619,8.102156,8.102156,49398
1983-11-21,8.059847,8.186773,8.038692,8.102156,195181
1983-11-22,8.102159,8.250240,8.102159,8.229085,137831
1983-11-23,8.229085,8.292548,8.207931,8.229085,70843
1983-11-25,8.186780,8.271399,8.186780,8.271399,70361
1983-11-28,8.229085,8.271394,8.207931,8.229085,47229
1983-11-29,8.229088,8.250242,8.186779,8.207933,50361
1983-11-30,8.250238,8.292547,8.207929,8.250238,290361
1983-12-01,8.250244,8.292553,8.229090,8.271399,65542
1983-12-02,8.292547,8.377165,8.229084,8.250238,67470
1983-12-05,8.271394,8.271394,8.186776,8.229085,111807
1983-12-06,8.271392,8.356010,8.250238,8.313701,68193
1983-12-07,8.313700,8.356009,8.292545,8.356009,59277
1983-12-08,8.313702,8.356011,8.271393,8.292547,66747
1983-12-09,8.313702,8.313702,8.250239,8.292547,58795
1983-12-12,8.292547,8.292547,8.207930,8.292547,406747
1983-12-13,8.250240,8.250240,8.186776,8.229085,66988
1983-12-14,8.207928,8.271391,8.144464,8.165619,83373
1983-12-15,8.144463,8.250236,8.017536,8.038691,110843
1983-12-16,8.059850,8.059850,8.017541,8.017541,36867
1983-12-19,8.059847,8.081001,7.996383,8.059847,55904
1983-12-20,8.081006,8.144469,8.059852,8.081006,201205
1983-12-21,8.081003,8.144466,8.059849,8.144466,66747
1983-12-22,8.123310,8.123310,8.059847,8.059847,146506
1983-12-23,8.038695,8.059850,7.954077,8.017541,53735
1983-12-27,8.038700,8.038700,7.911773,7.975236,194217
1983-12-28,7.932921,7.932921,7.869458,7.911767,68434
1983-12-29,7.932921,7.954075,7.869458,7.911767,77108
1983-12-30,7.911769,7.954077,7.848305,7.932923,337349
1984-01-03,7.932923,7.932923,7.827151,7.848305,92048
1984-01-04,7.869457,8.081001,7.869457,8.059847,296145
1984-01-05,8.038697,8.229088,8.017543,8.207933,724337
1984-01-06,8.207924,8.398314,8.144461,8.398314,347470
1984-01-09,8.271393,8.377165,8.271393,8.334856,1576867
1984-01-10,8.292545,8.334854,8.186773,8.186773,140482
1984-01-11,8.165622,8.271394,8.165622,8.229085,166506
1984-01-12,8.250239,8.377165,8.207930,8.334856,115904
1984-01-13,8.398319,8.440628,8.250238,8.313701,172289
1984-01-16,8.250244,8.292553,8.229090,8.271399,348675
1984-01-17,8.292545,8.377163,8.271391,8.356009,76145
1984-01-18,8.461780,8.631016,8.461780,8.631016,590602
1984-01-19,8.673327,8.842563,8.673327,8.757945,583855
1984-01-20,8.757947,8.757947,8.588712,8.588712,406024
1984-01-23,8.588712,8.609866,8.525248,8.588712,587952
1984-01-24,8.567558,8.673330,8.546404,8.673330,174940
1984-01-25,8.652174,8.842564,8.652174,8.800255,557108
1984-01-26,8.779096,9.054103,8.779096,8.969486,281205
1984-01-27,9.054110,9.307964,9.054110,9.159883,516386
1984-01-30,9.138726,9.138726,8.779101,8.800255,366988
1984-01-31,8.800256,8.842565,8.779102,8.821410,712289
1984-02-01,8.757948,8.779103,8.588713,8.779103,140241
1984-02-02,8.736794,8.736794,8.419477,8.673330,562651
1984-02-03,8.736790,8.927180,8.652172,8.652172,260000
1984-02-06,8.609864,8.652173,8.482937,8.504092,488434
1984-02-07,8.334851,8.461778,8.207924,8.398314,566506
1984-02-08,8.377163,8.377163,8.038692,8.165619,400723
1984-02-09,8.123310,8.123310,7.996383,8.102156,170602
1984-02-10,8.102157,8.250238,8.102157,8.250238,346024
1984-02-13,8.250240,8.250240,8.186776,8.229085,216867
1984-02-14,8.186780,8.313708,8.186780,8.271399,309157
1984-02-15,8.313702,8.440629,8.313702,8.334856,156145
1984-02-16,8.292545,8.356009,8.271391,8.356009,45542
1984-02-17,8.334857,8.356011,8.123312,8.144466,92771
1984-02-21,8.102163,8.102163,7.911773,7.954081,274699
1984-02-22,7.911767,7.975230,7.869458,7.911767,65783
1984-02-23,7.911764,7.932918,7.742528,7.890609,126024
1984-02-24,7.932921,8.250238,7.932921,8.250238,522410
1984-02-27,8.356008,8.419471,8.271390,8.377162,215181
1984-02-28,8.334862,8.334862,8.207935,8.271399,1431566
1984-02-29,8.229088,8.250242,8.102161,8.207933,113976
1984-03-01,8.229084,8.292547,8.186775,8.250238,184819
1984-03-02,8.250238,8.292547,8.250238,8.250238,86747
1984-03-05,8.250238,8.313702,8.207929,8.250238,45301
1984-03-06,8.229084,8.292547,8.229084,8.250238,41205
1984-03-07,8.229081,8.229081,7.996382,8.038691,89880
1984-03-08,8.059850,8.059850,7.975232,8.017541,46988
1984-03-09,8.017539,8.017539,7.784840,7.784840,211807
1984-03-12,7.848303,7.932921,7.805994,7.911767,123373
1984-03-13,7.911764,8.123309,7.911764,8.038691,307229
1984-03-14,8.081006,8.102161,8.017543,8.081006,152289
1984-03-15,8.102154,8.186771,8.080999,8.123308,230843
1984-03-16,8.207929,8.356010,8.207929,8.313701,89157
1984-03-19,8.271397,8.271397,8.165624,8.207933,134458
1984-03-20,8.229082,8.229082,8.102156,8.102156,157831
1984-03-21,8.102156,8.123310,8.038692,8.059847,403614
1984-03-22,8.017545,8.017545,7.932927,7.954081,67711
1984-03-23,7.954082,7.996391,7.932927,7.975236,656867
1984-03-26,7.932927,7.996390,7.932927,7.954081,85542
1984-03-27,7.975230,7.975230,7.890612,7.911767,240482
1984-03-28,7.911773,7.954081,7.890618,7.954081,181687
1984-03-29,7.996390,8.081008,7.954081,7.954081,356867
1984-03-30,7.911769,7.954077,7.848305,7.848305,246024
1984-04-02,7.890610,7.911765,7.805992,7.805992,141928
1984-04-03,7.763686,7.805995,7.721378,7.742532,102892
1984-04-04,7.700220,7.700220,7.594448,7.636757,375422
1984-04-05,7.657910,7.679065,7.552138,7.573293,265301
1984-04-06,7.594448,7.636757,7.552139,7.636757,910602
1984-04-09,7.509827,7.615599,7.509827,7.615599,113494
1984-04-10,7.615604,7.827149,7.615604,7.784840,1764578
1984-04-11,7.805998,7.827153,7.721381,7.721381,94458
1984-04-12,7.742536,7.996389,7.679072,7.996389,158795
1984-04-13,8.038691,8.102154,8.017536,8.038691,234940
1984-04-16,7.954073,8.038691,7.954073,8.038691,110120
1984-04-17,8.038692,8.165619,8.017538,8.102156,214940
1984-04-18,8.123318,8.123318,7.975236,7.975236,114217
1984-04-19,7.975230,7.975230,7.700222,7.869458,157349
1984-04-23,7.890614,7.911769,7.636761,7.657915,182651
1984-04-24,7.657912,7.679067,7.530985,7.594449,53976
1984-04-25,7.573297,7.700224,7.552142,7.657915,109398
1984-04-26,7.657915,7.721379,7.636761,7.657915,210843
1984-04-27,7.615599,7.700217,7.552136,7.615599,356867
1984-04-30,7.594448,7.636757,7.552139,7.636757,63373
1984-05-01,7.615606,7.742533,7.615606,7.657915,82410
1984-05-02,7.700223,7.700223,7.552142,7.552142,298072
1984-05-03,7.573297,7.573297,7.425215,7.488679,103614
1984-05-04,7.446371,7.509834,7.404062,7.446371,145301
1984-05-07,7.404059,7.488677,7.382904,7.467522,97108
1984-05-08,7.467521,7.636757,7.467521,7.636757,126024
1984-05-09,7.679067,7.700221,7.573294,7.594449,91084
1984-05-10,7.615601,7.636756,7.573293,7.573293,53012
1984-05-11,7.594449,7.594449,7.404059,7.467522,182651
1984-05-14,7.488677,7.488677,7.425213,7.425213,213735
1984-05-15,7.425213,7.488677,7.404059,7.425213,103133
1984-05-16,7.446366,7.446366,7.382903,7.404058,87470
1984-05-17,7.361753,7.382908,7.319444,7.319444,97349
1984-05-18,7.340598,7.361752,7.192516,7.234825,180964
1984-05-21,7.277128,7.277128,7.044430,7.044430,77590
1984-05-22,7.065592,7.065592,6.790584,6.980974,416627
1984-05-23,6.938665,6.980974,6.917511,6.980974,100000
1984-05-24,7.023283,7.086746,7.002129,7.086746,153253
1984-05-25,7.044438,7.129055,7.044438,7.086746,61205
1984-05-29,7.150204,7.192513,7.044432,7.107895,64578
1984-05-30,7.107896,7.319440,7.023278,7.192514,246024
1984-05-31,7.213670,7.277133,7.171361,7.171361,131325
1984-06-01,7.255981,7.361753,7.213672,7.361753,240000
1984-06-04,7.404061,7.509833,7.361752,7.382906,177831
1984-06-05,7.382906,7.404061,7.340597,7.382906,62410
1984-06-06,7.425216,7.467525,7.382908,7.446371,101687
1984-06-07,7.446368,7.446368,7.382905,7.425213,28675
1984-06-08,7.425213,7.446368,7.382905,7.425213,101446
1984-06-11,7.425212,7.446366,7.382903,7.404058,26988
1984-06-12,7.404062,7.404062,7.340599,7.361753,44096
1984-06-13,7.361752,7.425215,7.340597,7.382906,29157
1984-06-14,7.425207,7.425207,7.298281,7.298281,121687
1984-06-15,7.340599,7.425216,7.319444,7.361753,126024
1984-06-18,7.382908,7.446371,7.319444,7.446371,53976
1984-06-19,7.446368,7.467522,7.361750,7.425213,103614
1984-06-20,7.382904,7.509830,7.361749,7.509830,96627
1984-06-21,7.530983,7.742527,7.488674,7.700218,458313
1984-06-22,7.700220,7.848301,7.700220,7.805992,193735
1984-06-25,7.784840,7.827149,7.784840,7.784840,105060
1984-06-26,7.784841,7.827150,7.742532,7.742532,160482
1984-06-27,7.742535,7.805998,7.700226,7.721381,147952
1984-06-28,7.763684,7.848302,7.742530,7.827148,50843
1984-06-29,7.827146,7.911764,7.805991,7.890609,70120
1984-07-02,7.848303,7.932921,7.784840,7.784840,87952
1984-07-03,7.805994,7.827149,7.742531,7.784840,155422
1984-07-05,7.721373,7.742527,7.679064,7.700218,109157
1984-07-06,7.679069,7.742532,7.657914,7.742532,239036
1984-07-09,7.594451,7.594451,7.530988,7.552142,431566
1984-07-10,7.530985,7.615603,7.530985,7.594449,82892
1984-07-11,7.573295,7.594449,7.530986,7.530986,83614
1984-07-12,7.488677,7.530986,7.446368,7.467522,117108
1984-07-13,7.488677,7.488677,7.446368,7.467522,277590
1984-07-16,7.509834,7.509834,7.425216,7.446371,32530
1984-07-17,7.488680,7.488680,7.319444,7.319444,128916
1984-07-18,7.361757,7.382911,7.340602,7.340602,88434
1984-07-19,7.361744,7.361744,7.298281,7.298281,36627
1984-07-20,7.319446,7.319446,7.107901,7.129056,284337
1984-07-23,7.150202,7.150202,7.044430,7.044430,100964
1984-07-24,7.044431,7.065585,6.896349,6.896349,77590
1984-07-25,6.917510,6.938664,6.854047,6.938664,82169
1984-07-26,6.938660,7.044433,6.917506,7.023278,66024
1984-07-27,7.065590,7.234825,7.023281,7.213671,54458
1984-07-30,7.213671,7.234825,7.192517,7.213671,34699
1984-07-31,7.255978,7.361751,7.234824,7.277133,106024
1984-08-01,7.319441,7.530986,7.319441,7.530986,151566
1984-08-02,7.657917,7.784844,7.615608,7.721381,262892
1984-08-03,8.038690,8.461779,8.017535,8.461779,1128434
1984-08-06,8.461784,8.482938,8.165622,8.229085,573494
1984-08-07,8.186776,8.207931,8.017541,8.017541,234458
1984-08-08,8.038692,8.038692,7.721376,7.827148,250120
1984-08-09,7.869458,7.911767,7.805994,7.869458,400000
1984-08-10,8.081001,8.102156,7.996383,8.059847,1355904
1984-08-13,8.038692,8.102156,7.996383,8.102156,103133
1984-08-14,8.292550,8.292550,8.081006,8.081006,286747
1984-08-15,8.102156,8.123310,8.017538,8.102156,90120
1984-08-16,8.059847,8.123310,8.059847,8.102156,103133
1984-08-17,8.144467,8.144467,7.975232,8.017541,258313
1984-08-20,8.081001,8.102156,8.038692,8.059847,361687
1984-08-21,8.102156,8.102156,8.059847,8.102156,212771
1984-08-22,8.165619,8.207928,8.102156,8.102156,182169
1984-08-23,8.123310,8.123310,8.059847,8.059847,45301
1984-08-24,8.081006,8.102161,8.059852,8.081006,143373
1984-08-27,8.038695,8.038695,7.932923,7.932923,88193
1984-08-28,7.932918,7.932918,7.869455,7.890609,160482
1984-08-29,7.932927,7.996390,7.932927,7.954081,51807
1984-08-30,7.911773,7.996391,7.911773,7.975236,66506
1984-08-31,8.017544,8.017544,7.954080,7.996389,35663
1984-09-04,8.038700,8.038700,7.954082,7.975236,58313
1984-09-05,7.954080,7.996389,7.869463,7.996389,69639
1984-09-06,8.038695,8.059850,8.017541,8.017541,228916
1984-09-07,8.038699,8.038699,7.911773,7.954081,140482
1984-09-10,7.869457,7.869457,7.805993,7.827148,141446
1984-09-11,7.869455,7.954072,7.869455,7.890609,95422
1984-09-12,7.932922,7.932922,7.700223,7.742532,114940
1984-09-13,7.742532,7.763686,7.721378,7.763686,141446
1984-09-14,7.911772,8.017544,7.911772,7.996389,234940
1984-09-17,8.038694,8.144466,8.017540,8.144466,177108
1984-09-18,8.144464,8.207928,8.081001,8.165619,442651
1984-09-19,8.186771,8.207926,8.123308,8.123308,82651
1984-09-20,8.144464,8.186773,8.123310,8.165619,118072
1984-09-21,8.165619,8.165619,8.102156,8.102156,106265
1984-09-24,8.102156,8.144464,8.081001,8.102156,81687
1984-09-25,8.123310,8.165619,8.081001,8.165619,73494
1984-09-26,8.165621,8.207930,8.144466,8.144466,60241
1984-09-27,8.186776,8.250240,8.165622,8.229085,60000
1984-09-28,8.207929,8.250238,8.207929,8.250238,106024
1984-10-01,8.250240,8.250240,8.207931,8.229085,42651
1984-10-02,8.229085,8.250240,7.721378,8.229085,150602
1984-10-03,8.207933,8.229088,8.038697,8.207933,318554
1984-10-04,8.229085,8.250240,8.207931,8.229085,657108
1984-10-05,8.102158,8.165621,8.102158,8.144466,78795
1984-10-08,8.144469,8.144469,8.059852,8.081006,44096
1984-10-09,8.102161,8.102161,8.059852,8.081006,35904
1984-10-10,8.059847,8.081001,8.038692,8.059847,68675
1984-10-11,8.081001,8.123310,8.081001,8.102156,21446
1984-10-12,8.123310,8.229082,8.102156,8.165619,91325
1984-10-15,8.207931,8.250240,8.186776,8.229085,57590
1984-10-16,8.271394,8.271394,8.207931,8.229085,85783
1984-10-17,8.229085,8.250240,8.229085,8.229085,55181
1984-10-18,8.250236,8.377162,8.229081,8.377162,135181
1984-10-19,8.482933,8.525242,8.461779,8.461779,311084
1984-10-22,8.461778,8.461778,8.356005,8.398314,51807
1984-10-23,8.377164,8.440628,8.313701,8.313701,57831
1984-10-24,8.292547,8.334856,8.292547,8.334856,116867
1984-10-25,8.377165,8.398320,8.313702,8.334856,110361
1984-10-26,8.334856,8.377165,8.292547,8.292547,86988
1984-10-29,8.292548,8.292548,8.207931,8.229085,76145
1984-10-30,8.250240,8.271394,8.207931,8.229085,66506
1984-10-31,8.229082,8.229082,8.144464,8.165619,76386
1984-11-01,8.144471,8.271399,8.038699,8.271399,309157
1984-11-02,8.313697,8.440624,8.292542,8.419469,591084
1984-11-05,8.356010,8.482936,8.356010,8.482936,162169
1984-11-06,8.504089,8.588707,8.482935,8.567553,226024
1984-11-07,8.609864,8.631019,8.440629,8.440629,399759
1984-11-08,8.461778,8.461778,8.377160,8.398314,166024
1984-11-09,8.398317,8.461780,8.356008,8.377162,124819
1984-11-12,8.398318,8.398318,8.334854,8.356009,66506
1984-11-13,8.356009,8.377163,8.334854,8.356009,30843
1984-11-14,8.356011,8.356011,8.292547,8.334856,153012
1984-11-15,8.313702,8.313702,8.250239,8.292547,82169
1984-11-16,8.313708,8.313708,8.271399,8.271399,51807
1984-11-19,8.313706,8.313706,8.144469,8.207933,113012
1984-11-20,8.250242,8.292551,8.207933,8.207933,81687
1984-11-21,8.102158,8.165621,8.081003,8.144466,87711
1984-11-23,8.165620,8.334855,8.144465,8.313701,172289
1984-11-26,8.313697,8.419469,8.292542,8.419469,353494
1984-11-27,8.398315,8.461778,8.377160,8.419469,202410
1984-11-28,8.398314,8.461778,8.398314,8.398314,89880
1984-11-29,8.377164,8.377164,8.292546,8.313701,160000
1984-11-30,8.334856,8.334856,8.250239,8.292547,107229
1984-12-03,8.292547,8.292547,8.229084,8.292547,136867
1984-12-04,8.292553,8.292553,8.271399,8.271399,64578
1984-12-05,8.271394,8.271394,8.207931,8.229085,61446
1984-12-06,8.271392,8.356010,8.271392,8.313701,122410
1984-12-07,8.313700,8.356009,8.292545,8.356009,56386
1984-12-10,8.334852,8.461779,8.334852,8.461779,41928
1984-12-11,8.440628,8.694481,8.440628,8.652172,387470
1984-12-12,8.609863,8.715635,8.588709,8.652172,171807
1984-12-13,8.652169,8.652169,8.525242,8.525242,57108
1984-12-14,8.482937,8.504092,8.419474,8.504092,106024
1984-12-17,8.461778,8.482932,8.334851,8.398314,78313
1984-12-18,8.461780,8.652170,8.461780,8.631016,200964
1984-12-19,8.715639,8.821412,8.715639,8.779103,232048
1984-12-20,8.779100,8.779100,8.694482,8.694482,52771
1984-12-21,8.715632,8.715632,8.461779,8.461779,106265
1984-12-24,8.461783,8.482937,8.419474,8.440629,35422
1984-12-26,8.398320,8.440629,8.377165,8.440629,45060
1984-12-27,8.440624,8.461778,8.419469,8.419469,78554
1984-12-28,8.461779,8.461779,8.419470,8.461779,82410
1984-12-31,8.504094,8.567557,8.482939,8.546403,87229
1985-01-02,8.588706,8.588706,8.461779,8.461779,93976
1985-01-03,8.504091,8.525245,8.482936,8.482936,89398
1985-01-04,8.461782,8.504091,8.461782,8.482936,100964
1985-01-07,8.356009,8.377163,8.292545,8.356009,154217
1985-01-08,8.356011,8.356011,8.292547,8.292547,45301
1985-01-09,8.334852,8.461779,8.313698,8.461779,140000
1985-01-10,8.440631,8.609866,8.398322,8.588712,286265
1985-01-11,8.652172,8.673326,8.482936,8.482936,113253
1985-01-14,8.482939,8.588712,8.440631,8.588712,387229
1985-01-15,8.546401,8.546401,8.250238,8.250238,706024
1985-01-16,8.292542,8.461778,8.292542,8.419469,1668434
1985-01-17,8.419469,8.440624,8.377160,8.419469,256627
1985-01-18,8.419474,8.461783,8.419474,8.440629,133976
1985-01-21,8.461779,8.567551,8.440625,8.525242,314940
1985-01-22,8.567551,8.652169,8.461779,8.525242,268434
1985-01-23,8.567555,8.694482,8.567555,8.694482,372530
1985-01-24,8.757947,8.906028,8.757947,8.863719,511325
1985-01-25,8.884875,9.138728,8.842566,9.138728,273976
1985-01-28,9.138724,9.434886,9.138724,9.265651,558072
1985-01-29,9.307957,9.329111,9.202184,9.307957,167952
1985-01-30,9.329118,9.371427,9.138728,9.159883,346988
1985-01-31,8.969485,8.969485,8.504087,8.609859,1166265
1985-02-01,8.588713,8.736794,8.546404,8.736794,526988
1985-02-04,8.694482,8.757945,8.631019,8.757945,158554
1985-02-05,8.800248,8.821403,8.715631,8.715631,332771
1985-02-06,8.757940,8.779094,8.715631,8.715631,291807
1985-02-07,8.715637,8.821409,8.715637,8.800255,136145
1985-02-08,8.821411,8.821411,8.609867,8.673330,426506
1985-02-11,8.673329,8.673329,8.504094,8.546403,336386
1985-02-12,8.525248,8.546403,8.504094,8.546403,131807
1985-02-13,8.546395,8.779094,8.525241,8.715631,224096
1985-02-14,8.821412,8.821412,8.757948,8.779103,337108
1985-02-15,8.842565,8.906028,8.800256,8.821410,459518
1985-02-19,8.821407,9.032952,8.800253,9.011797,180241
1985-02-20,9.032952,9.075261,8.948334,9.011797,109880
1985-02-21,9.032949,9.032949,8.948331,8.969486,107229
1985-02-22,9.011801,9.011801,8.863719,8.884874,89880
1985-02-25,8.863721,8.863721,8.715640,8.736794,74699
1985-02-26,8.736791,8.779100,8.715636,8.757945,208916
1985-02-27,8.757940,8.800248,8.715631,8.715631,45542
1985-02-28,8.694485,8.757948,8.631022,8.673330,90120
1985-03-01,8.715636,8.842563,8.673327,8.757945,319036
1985-03-04,8.757941,8.757941,8.609859,8.609859,73012
1985-03-05,8.588706,8.609860,8.461779,8.525242,334699
1985-03-06,8.482933,8.504088,8.398316,8.461779,377590
1985-03-07,8.419469,8.461778,8.334851,8.398314,118554
1985-03-08,8.398316,8.525242,8.398316,8.525242,70843
1985-03-11,8.504092,8.525246,8.377165,8.440629,116145
1985-03-12,8.419476,8.546403,8.419476,8.546403,147470
1985-03-13,8.546404,8.715639,8.546404,8.673330,236627
1985-03-14,8.631022,8.715639,8.631022,8.673330,75181
1985-03-15,8.631016,8.673324,8.631016,8.631016,61687
1985-03-18,8.631015,8.673323,8.461779,8.461779,128193
1985-03-19,8.482932,8.757940,8.440623,8.715631,178313
1985-03-20,8.715636,8.757945,8.673327,8.694482,86988
1985-03-21,8.694485,8.800257,8.673330,8.779103,96386
1985-03-22,8.927178,8.990641,8.884869,8.927178,190843
1985-03-25,8.927183,8.927183,8.800256,8.821410,57349
1985-03-26,8.821409,8.863718,8.800255,8.800255,60241
1985-03-27,8.800256,8.927183,8.800256,8.884874,54699
1985-03-28,8.884873,8.990646,8.863719,8.948337,96867
1985-03-29,8.969486,8.969486,8.906022,8.969486,86747
1985-04-01,9.011793,9.075257,9.011793,9.075257,123614
1985-04-02,9.096417,9.117572,9.054108,9.117572,130602
1985-04-03,9.075265,9.096420,9.011802,9.054111,322651
1985-04-04,9.054103,9.054103,8.948331,8.969486,274699
1985-04-08,8.863717,8.927181,8.863717,8.906026,181446
1985-04-09,8.863719,8.906028,8.842565,8.863719,111084
1985-04-10,8.800256,8.884874,8.779102,8.884874,74217
1985-04-11,8.884874,8.884874,8.821410,8.842565,65542
1985-04-12,8.842565,8.863719,8.821410,8.842565,39277
1985-04-15,8.842564,8.863718,8.800255,8.800255,53494
1985-04-16,8.842566,8.863721,8.779103,8.779103,91084
1985-04-17,8.800256,8.842565,8.779101,8.842565,76627
1985-04-18,8.884874,8.884874,8.800256,8.842565,103133
1985-04-19,8.821408,8.927181,8.779100,8.906026,161687
1985-04-22,8.884869,8.948332,8.884869,8.927178,48916
1985-04-23,8.927178,8.927178,8.884869,8.927178,38795
1985-04-24,8.948339,9.032957,8.948339,8.990648,239518
1985-04-25,9.032957,9.054111,8.990648,8.990648,44337
1985-04-26,9.054111,9.075265,8.990647,9.054111,218554
1985-04-29,9.054111,9.054111,8.969494,8.990648,193976
1985-04-30,8.948339,9.032957,8.927185,8.990648,299759
1985-05-01,8.990647,9.138729,8.990647,9.054111,163855
1985-05-02,8.969486,9.032949,8.969486,9.032949,74217
1985-05-03,8.990641,9.032950,8.927178,8.927178,95422
1985-05-06,8.884869,8.927178,8.863715,8.927178,87229
1985-05-07,8.906028,8.969491,8.884873,8.948337,101446
1985-05-08,8.948337,8.948337,8.863719,8.863719,74217
1985-05-09,8.863719,8.884874,8.821410,8.884874,68916
1985-05-10,8.927184,9.096420,8.927184,9.054111,450361
1985-05-13,9.075265,9.096420,9.032956,9.054111,54699
1985-05-14,9.096417,9.223344,9.075263,9.202189,208434
1985-05-15,9.223345,9.286808,9.223345,9.244499,136386
1985-05-16,9.244499,9.392580,9.244499,9.329117,250602
1985-05-17,9.371424,9.477196,9.350269,9.456042,246506
1985-05-20,9.498353,9.498353,9.434889,9.477198,141446
1985-05-21,9.498353,9.582971,9.456044,9.582971,291325
1985-05-22,9.540664,9.582973,9.456047,9.561819,106506
1985-05-23,9.561816,9.561816,9.519507,9.519507,115904
1985-05-24,9.477198,9.540662,9.456044,9.519507,243614
1985-05-28,9.561817,9.582971,9.519507,9.582971,84578
1985-05-29,9.561813,9.646431,9.519504,9.646431,114217
1985-05-30,9.646435,9.709898,9.625280,9.688744,84578
1985-05-31,9.667588,9.731051,9.646434,9.709897,67470
1985-06-03,9.667592,9.709901,9.604129,9.604129,101446
1985-06-04,9.604122,9.688740,9.604122,9.667585,226265
1985-06-05,9.667586,9.815667,9.667586,9.752204,315181
1985-06-06,9.794513,9.794513,9.709895,9.752204,145783
1985-06-07,9.773359,9.773359,9.709895,9.731050,146747
1985-06-10,9.731046,9.773355,9.731046,9.773355,137590
1985-06-11,9.794511,9.921437,9.752202,9.857974,133494
1985-06-12,9.857979,9.879134,9.815670,9.836825,40241
1985-06-13,9.836825,9.836825,9.561817,9.582971,80000
1985-06-14,9.561813,9.646431,9.540658,9.646431,144819
1985-06-17,9.625280,9.625280,9.498353,9.519507,110120
1985-06-18,9.540662,9.688744,9.540662,9.688744,100964
1985-06-19,9.709898,9.836825,9.667589,9.836825,72048
1985-06-20,9.815669,9.857978,9.794515,9.815669,222651
1985-06-21,9.836824,9.942596,9.815669,9.942596,115663
1985-06-24,9.900287,9.963751,9.900287,9.942596,46747
1985-06-25,9.900289,10.048370,9.900289,9.963752,131807
1985-06-26,10.006061,10.027216,9.921443,9.963752,128434
1985-06-27,9.984905,10.006060,9.942596,9.942596,46024
1985-06-28,9.963750,10.069522,9.942596,10.069522,149880
1985-07-01,10.111832,10.111832,9.921442,9.942596,135904
1985-07-02,9.942592,9.942592,9.857974,9.857974,129880
1985-07-03,9.857974,9.942592,9.857974,9.857974,224337
1985-07-05,9.900284,10.154138,9.900284,10.154138,115663
1985-07-08,10.111831,10.111831,10.006059,10.111831,122410
1985-07-09,10.111836,10.111836,10.006063,10.006063,129880
1985-07-10,9.984909,10.027218,9.963754,10.006063,37108
1985-07-11,10.048372,10.048372,9.900291,10.006063,69157
1985-07-12,9.984901,10.027210,9.942592,10.027210,33494
1985-07-15,10.006055,10.111827,9.984901,10.048364,113976
1985-07-16,10.048365,10.132983,10.027211,10.090674,150120
1985-07-17,10.132983,10.175293,10.111829,10.154138,151084
1985-07-18,10.154140,10.154140,10.111831,10.111831,73735
1985-07-19,10.111831,10.132986,10.090677,10.111831,83614
1985-07-22,10.027216,10.048370,9.942598,9.963752,93494
1985-07-23,9.942592,9.984901,9.857974,9.857974,160964
1985-07-24,9.857979,9.857979,9.794516,9.836825,93735
1985-07-25,9.815665,9.857974,9.815665,9.857974,53735
1985-07-26,9.815665,9.857974,9.773356,9.794511,71325
1985-07-29,9.794512,9.815666,9.667585,9.667585,87229
1985-07-30,9.604126,9.688744,9.582971,9.582971,99518
1985-07-31,9.688741,9.731050,9.646432,9.731050,85542
1985-08-01,9.773355,9.857973,9.752200,9.773355,99036
1985-08-02,9.857973,9.857973,9.752200,9.773355,91084
1985-08-05,9.773359,9.773359,9.667586,9.731050,49398
1985-08-06,9.688740,9.709895,9.625277,9.625277,50120
1985-08-07,9.582968,9.731050,9.582968,9.731050,221928
1985-08-08,9.688741,9.731050,9.688741,9.731050,95663
1985-08-09,9.731052,9.857979,9.731052,9.836825,51566
1985-08-12,9.836824,9.942596,9.836824,9.921441,96145
1985-08-13,9.900286,9.942595,9.857977,9.879131,85783
1985-08-14,9.942592,10.090673,9.582966,10.027210,293976
1985-08-15,10.006059,10.111831,9.984904,10.111831,462892
1985-08-16,10.090677,10.090677,9.921441,9.984905,251325
1985-08-19,10.006058,10.006058,9.857977,9.879131,51566
1985-08-20,9.921440,9.963749,9.857977,9.879131,228434
1985-08-21,9.921438,9.921438,9.815666,9.900284,72530
1985-08-22,9.857979,9.857979,9.582971,9.582971,357108
1985-08-23,9.540661,9.709897,9.540661,9.709897,189157
1985-08-26,9.667585,9.731048,9.625276,9.667585,232771
1985-08-27,9.688740,9.731048,9.604122,9.646431,248434
1985-08-28,9.646435,9.688744,9.625280,9.688744,46024
1985-08-29,9.667588,9.815669,9.667588,9.815669,115422
1985-08-30,9.836824,9.984905,9.794515,9.942596,126506
1985-09-03,9.900286,9.921440,9.794514,9.879131,103614
1985-09-04,9.900284,9.942593,9.879129,9.900284,57590
1985-09-05,9.984901,10.048364,9.984901,10.027210,115422
1985-09-06,10.027214,10.090677,10.006059,10.069522,206024
1985-09-09,10.027216,10.027216,9.963752,9.963752,270120
1985-09-10,9.942595,9.963749,9.857977,9.879131,189880
1985-09-11,9.879128,9.879128,9.794511,9.794511,166747
1985-09-12,9.794516,9.794516,9.625280,9.688744,149639
1985-09-13,9.731050,9.731050,9.540660,9.540660,282410
1985-09-16,9.540660,9.561815,9.350270,9.413733,70120
1985-09-17,9.392581,9.392581,9.138728,9.138728,103373
1985-09-18,9.138728,9.159883,8.990646,9.159883,154940
1985-09-19,9.202190,9.265654,9.159882,9.244499,47229
1985-09-20,9.286802,9.392574,9.286802,9.307957,77108
1985-09-23,9.350271,9.498353,9.350271,9.477198,49639
1985-09-24,9.434891,9.477200,9.392582,9.392582,215663
1985-09-25,9.413734,9.456043,9.286807,9.286807,600241
1985-09-26,9.265653,9.265653,9.159881,9.202189,150361
1985-09-30,9.159876,9.181031,8.990640,9.032949,122410
1985-10-01,9.054111,9.075265,9.011802,9.054111,57108
1985-10-02,9.075261,9.096415,8.948334,9.011797,374940
1985-10-03,9.011800,9.011800,8.842565,8.842565,272289
1985-10-04,8.842565,8.884874,8.800256,8.863719,2155422
1985-10-07,8.631016,8.736788,8.588707,8.631016,139518
1985-10-08,8.673322,8.757940,8.652167,8.715631,114699
1985-10-09,8.673323,8.969486,8.673323,8.969486,292048
1985-10-10,8.990646,9.265654,8.969491,9.223345,178313
1985-10-11,9.223346,9.350272,9.159883,9.350272,71325
1985-10-14,9.350269,9.434887,9.329115,9.434887,93012
1985-10-15,9.477196,9.477196,9.329115,9.434887,133494
1985-10-16,9.392585,9.498358,9.350276,9.498358,142169
1985-10-17,9.477201,9.561819,9.434892,9.561819,155181
1985-10-18,9.561821,9.604130,9.477203,9.498358,105542
1985-10-21,9.477198,9.540661,9.477198,9.477198,49639
1985-10-22,9.434887,9.498351,9.392578,9.434887,193976
1985-10-23,9.456042,9.456042,9.392578,9.434887,66024
1985-10-24,9.456037,9.456037,9.329110,9.371419,106024
1985-10-25,9.371424,9.413733,9.329115,9.413733,45783
1985-10-28,9.371426,9.413735,9.307963,9.329117,273494
1985-10-29,9.286808,9.307963,9.244499,9.244499,86506
1985-10-30,9.223345,9.519507,9.138727,9.519507,229639
1985-10-31,9.477198,9.582970,9.456044,9.477198,119036
1985-11-01,9.519504,10.090674,9.519504,10.090674,850120
1985-11-04,10.090673,10.090673,9.857974,10.027210,515422
1985-11-05,9.984905,10.027214,9.879133,9.942596,152048
1985-11-06,9.921437,10.492607,9.921437,10.450298,633253
1985-11-07,10.492618,10.704163,10.090683,10.323382,849157
1985-11-08,10.238754,10.259908,10.154136,10.238754,960241
1985-11-11,10.281069,10.407995,10.196451,10.386841,649639
1985-11-12,10.344531,10.386840,10.281068,10.281068,693253
1985-11-13,10.281064,10.302218,10.238755,10.302218,122892
1985-11-14,10.302227,10.344537,10.238764,10.323382,94699
1985-11-15,10.323382,10.344537,10.259918,10.323382,106265
1985-11-18,10.281066,10.598382,10.281066,10.598382,734940
1985-11-19,10.598387,10.640696,10.492615,10.556079,449398
1985-11-20,10.556075,10.556075,10.429148,10.429148,264578
1985-11-21,10.471454,10.746462,10.471454,10.746462,539277
1985-11-22,10.788772,10.979162,10.746464,10.936853,302169
1985-11-25,10.915705,10.958014,10.873396,10.915705,199759
1985-11-26,10.915703,11.211865,10.915703,11.127247,300241
1985-11-27,11.127239,11.233012,10.873386,10.894541,374217
1985-11-29,10.936856,10.936856,10.767621,10.831084,88434
1985-12-02,10.809926,10.809926,10.302218,10.302218,434458
1985-12-03,10.344530,10.450302,10.344530,10.344530,131325
1985-12-04,10.386839,10.471457,10.323375,10.471457,532048
1985-12-05,10.513765,10.513765,10.407992,10.407992,1568434
1985-12-06,10.344532,10.386841,10.302223,10.386841,264819
1985-12-09,10.365685,10.450302,10.323376,10.429148,412771
1985-12-10,10.386846,10.386846,10.281073,10.323382,624578
1985-12-11,10.302223,10.429150,10.302223,10.386841,309157
1985-12-12,10.386839,10.492611,10.386839,10.429148,175422
1985-12-13,10.407995,10.534922,10.386841,10.492613,454458
1985-12-16,10.513767,10.852238,10.471458,10.534921,578072
1985-12-17,10.577229,10.661847,10.429148,10.429148,207229
1985-12-18,10.407993,10.471457,10.344530,10.429148,121446
1985-12-19,10.407993,10.577229,10.386839,10.471457,432530
1985-12-20,10.450302,10.450302,10.217604,10.344530,263373
1985-12-23,10.302215,10.344524,10.132979,10.132979,81687
1985-12-24,10.132982,10.132982,9.942592,10.048364,310602
1985-12-26,10.069516,10.132979,10.027207,10.132979,68916
1985-12-27,10.111831,10.132986,10.090677,10.111831,87711
1985-12-30,10.090677,10.111831,10.027213,10.111831,219518
1985-12-31,10.111829,10.154138,10.069520,10.154138,171807
1986-01-02,10.154139,10.196448,10.090676,10.175294,221446
1986-01-03,10.196446,10.344527,10.196446,10.302218,748675
1986-01-06,10.323382,10.365691,10.175301,10.323382,197349
1986-01-07,10.365682,10.809925,10.365682,10.746462,488434
1986-01-08,10.788771,10.852235,10.577227,10.577227,211807
1986-01-09,10.577225,10.619534,10.386835,10.450298,152048
1986-01-10,10.365685,10.407993,10.323376,10.344530,96867
1986-01-13,10.344537,10.386846,10.281073,10.323382,296386
1986-01-14,10.365691,10.408000,10.302227,10.323382,249880
1986-01-15,10.365684,10.598383,10.365684,10.513765,310843
1986-01-16,10.556073,10.704154,10.556073,10.704154,246988
1986-01-17,10.683001,10.852237,10.640692,10.767619,176627
1986-01-20,10.788771,11.042625,10.682999,11.042625,428675
1986-01-21,11.084941,11.211867,10.831087,10.915705,485060
1986-01-22,10.936859,11.000323,10.894551,10.915705,266506
1986-01-23,10.873396,10.936859,10.852242,10.915705,532530
1986-01-24,10.915701,11.106091,10.873392,11.084937,234458
1986-01-27,11.106091,11.211863,11.084936,11.106091,155181
1986-01-28,11.084933,11.211860,11.084933,11.148396,269639
1986-01-29,11.148398,11.338788,11.127243,11.338788,521446
1986-01-30,11.338786,11.338786,11.211859,11.211859,152289
1986-01-31,11.169551,11.254169,11.127242,11.148396,200241
1986-02-03,11.148396,11.211859,11.127241,11.211859,446265
1986-02-04,11.211862,11.465715,11.211862,11.381098,339518
1986-02-05,11.359935,11.508016,11.317626,11.508016,278313
1986-02-06,11.592640,12.311892,11.592640,12.142656,1127470
1986-02-07,12.058043,12.650367,11.994579,12.523440,788675
1986-02-10,12.481131,12.523439,12.184967,12.375358,532289
1986-02-11,12.396514,12.650367,12.396514,12.608058,660000
1986-02-12,12.734980,13.115760,12.671517,13.052297,500000
1986-02-13,13.094605,13.327304,13.031141,13.200377,679036
1986-02-14,13.158068,13.200376,13.094605,13.136913,212048
1986-02-18,12.967687,13.115767,12.946532,13.094614,486747
1986-02-19,13.031143,13.073452,12.861908,12.988834,184819
1986-02-20,12.904223,12.904223,12.692679,12.883069,249398
1986-02-21,12.925372,12.988836,12.883063,12.946527,131807
1986-02-24,12.946524,12.988833,12.861907,12.925370,240241
1986-02-25,12.967676,12.967676,12.692668,12.756131,190843
1986-02-26,12.713830,12.734985,12.608058,12.608058,135422
1986-02-27,12.650367,12.650367,12.438823,12.608058,193012
1986-02-28,12.671520,13.073454,12.650365,13.031145,459759
1986-03-03,13.031145,13.031145,12.883064,13.031145,154458
1986-03-04,12.988829,13.009984,12.861903,12.861903,146024
1986-03-05,12.861910,12.883065,12.692674,12.734983,285783
1986-03-06,12.734976,13.052292,12.734976,12.861903,271084
1986-03-07,12.861903,12.904211,12.819594,12.861903,169639
1986-03-10,12.861909,12.946527,12.819600,12.946527,75181
1986-03-11,13.073455,13.115763,13.009992,13.073455,248675
1986-03-12,13.115763,13.200381,13.073455,13.073455,326506
1986-03-13,13.115760,13.284996,13.094607,13.284996,192530
1986-03-14,13.285000,13.496544,13.285000,13.496544,154699
1986-03-17,13.496543,13.496543,13.115763,13.221536,163855
1986-03-18,13.158073,13.179228,13.031146,13.073455,76386
1986-03-19,13.094602,13.179220,12.798439,12.861903,247470
1986-03-20,12.819603,12.946530,12.692676,12.904221,245060
1986-03-21,12.861908,13.158070,12.861908,12.967680,356867
1986-03-24,13.009988,13.073451,12.967679,13.009988,315422
1986-03-25,12.967676,12.967676,12.692668,12.756131,243614
1986-03-26,12.734985,12.967684,12.734985,12.904221,286988
1986-03-27,12.946525,13.031143,12.904216,12.967680,366265
1986-03-31,13.052292,13.073447,12.861903,12.861903,189157
1986-04-01,12.861908,12.861908,12.629209,12.629209,178072
1986-04-02,12.544593,12.586902,12.459975,12.586902,214217
1986-04-03,12.629213,12.650367,12.311896,12.354205,150602
1986-04-04,12.311894,12.311894,11.973423,12.058041,214940
1986-04-07,11.846494,11.931112,11.783031,11.846494,430602
1986-04-08,11.867649,12.184965,11.825340,12.079193,436145
1986-04-09,12.121508,12.184971,11.931118,12.036890,140482
1986-04-10,12.100350,12.142659,12.036886,12.058041,173253
1986-04-11,12.058046,12.163818,12.036891,12.163818,102892
1986-04-14,12.206123,12.692676,12.163814,12.650367,278554
1986-04-15,12.692671,12.840753,12.650362,12.671517,230602
1986-04-16,12.734985,12.756139,12.608058,12.650367,136867
1986-04-17,12.671526,12.671526,12.311900,12.502290,210120
1986-04-18,12.586902,12.692674,12.481130,12.586902,106988
1986-04-21,12.586904,12.650367,12.565749,12.608058,140964
1986-04-22,12.608061,12.650370,12.544598,12.544598,126506
1986-04-23,12.502279,12.502279,12.227271,12.248425,113494
1986-04-24,12.227276,12.311894,12.142658,12.269585,222169
1986-04-25,12.311889,12.311889,12.227271,12.248425,216145
1986-04-28,12.269581,12.269581,12.121500,12.227272,101928
1986-04-29,12.184965,12.227274,12.015730,12.079193,131084
1986-04-30,12.121502,12.227274,11.804185,11.846494,823855
1986-05-01,11.804187,11.994576,11.783032,11.973422,246265
1986-05-02,12.015729,12.184965,11.973420,12.142656,222169
1986-05-05,12.142656,12.227274,12.142656,12.142656,127229
1986-05-06,12.184965,12.248429,12.142657,12.184965,114217
1986-05-07,12.100347,12.121501,11.825339,11.952266,640482
1986-05-08,11.973427,12.121508,11.952273,12.036890,269880
1986-05-09,12.036890,12.036890,11.973427,12.015736,360482
1986-05-12,12.036883,12.036883,11.952266,11.952266,138072
1986-05-13,11.952271,11.952271,11.677263,11.761881,217590
1986-05-14,11.761876,11.783030,11.613795,11.656103,131807
1986-05-15,11.677269,11.909968,11.634960,11.888813,802651
1986-05-16,11.846496,11.888805,11.804188,11.804188,319759
1986-05-19,11.804183,11.804183,11.698411,11.719565,134217
1986-05-20,11.719570,11.804188,11.698415,11.804188,295904
1986-05-21,11.846503,11.973430,11.825349,11.931121,173494
1986-05-22,11.888804,12.269585,11.888804,12.269585,216867
1986-05-23,12.396514,12.608058,12.396514,12.523440,241928
1986-05-27,12.565743,12.692670,12.523434,12.692670,144337
1986-05-28,12.692672,12.713826,12.523436,12.629209,150843
1986-05-29,12.629213,12.650367,12.608058,12.650367,162410
1986-05-30,12.608058,12.629212,12.396513,12.417667,173012
1986-06-02,12.417667,12.502285,12.354204,12.417667,151084
1986-06-03,12.417668,12.417668,12.206124,12.354205,215181
1986-06-04,12.396518,12.502290,12.354209,12.502290,263855
1986-06-05,12.481126,12.692670,12.481126,12.692670,168434
1986-06-06,12.671515,12.798441,12.650360,12.798441,240482
1986-06-09,12.840762,12.840762,12.481136,12.481136,168675
1986-06-10,12.481128,12.481128,12.184965,12.184965,206265
1986-06-11,12.184963,12.481126,11.909956,12.459971,155904
1986-06-12,12.502280,12.565743,12.438817,12.565743,95422
1986-06-13,12.608049,12.904211,12.586895,12.861903,133012
1986-06-16,12.904211,12.925366,12.777285,12.861903,397108
1986-06-17,12.861907,12.925370,12.798443,12.925370,158313
1986-06-18,12.925368,12.925368,12.734978,12.798441,496627
1986-06-19,12.798445,12.904217,12.734981,12.840754,223133
1986-06-20,12.925366,12.967675,12.861903,12.861903,240241
1986-06-23,12.904223,12.925378,12.840760,12.883069,429639
1986-06-24,12.925378,13.179232,12.883069,13.115767,181928
1986-06-25,13.158072,13.242690,12.967682,13.031145,329639
1986-06-26,13.073453,13.073453,12.756136,12.840754,177590
1986-06-27,12.840748,12.904211,12.819594,12.861903,128434
1986-06-30,12.819594,12.861903,12.777285,12.861903,132771
1986-07-01,12.861907,12.925370,12.840752,12.925370,265783
1986-07-02,13.094607,13.940784,13.073452,13.771549,598072
1986-07-03,13.729243,13.729243,13.454236,13.602317,270120
1986-07-07,13.263842,13.517696,13.221533,13.263842,320000
1986-07-08,13.221535,13.221535,12.988836,13.031145,425060
1986-07-09,13.073454,13.073454,12.861910,13.031145,266747
1986-07-10,13.115761,13.115761,12.798444,12.988834,149157
1986-07-11,13.031146,13.115763,12.988837,13.073455,92771
1986-07-14,13.031143,13.031143,12.946525,12.967680,113976
1986-07-15,12.967682,12.967682,12.523438,12.586902,427229
1986-07-16,12.629205,12.819596,12.544587,12.777287,477349
1986-07-17,13.242687,14.385028,13.242687,14.385028,849880
1986-07-18,14.215803,14.385039,13.835022,13.961948,1032048
1986-07-21,13.961946,13.961946,13.496547,13.560012,426747
1986-07-22,13.560010,13.644627,13.538855,13.623473,266265
1986-07-23,13.665779,14.215795,13.623470,14.131177,544819
1986-07-24,14.173485,14.215795,13.877323,14.131177,328193
1986-07-25,14.173486,14.300414,14.152332,14.279259,197831
1986-07-28,14.236949,14.342721,14.046558,14.110022,258313
1986-07-29,14.131171,14.173479,13.708082,13.792699,212771
1986-07-30,13.877318,13.961936,13.475384,13.940781,338795
1986-07-31,14.004254,14.004254,13.623473,13.623473,103855
1986-08-01,13.623469,13.813858,13.602314,13.729240,273735
1986-08-04,13.686928,13.792699,13.496537,13.792699,177590
1986-08-05,14.046562,14.215798,13.983099,13.983099,340964
1986-08-06,13.940792,14.004257,13.898484,14.004257,86265
1986-08-07,14.046556,14.638881,14.004248,14.511954,358795
1986-08-08,14.469652,14.892743,14.427344,14.744661,331325
1986-08-11,14.786962,14.977353,14.786962,14.935043,340241
1986-08-12,15.146596,15.188905,14.829279,14.892742,561446
1986-08-13,14.871587,14.998514,14.765816,14.892742,519518
1986-08-14,14.850432,14.977360,14.808124,14.892742,351807
1986-08-15,14.871581,14.913890,14.786963,14.850426,364819
1986-08-18,14.892742,14.892742,14.808124,14.892742,314699
1986-08-19,14.892739,14.892739,14.744658,14.786966,267952
1986-08-20,14.850426,14.892735,14.765809,14.850426,241446
1986-08-21,14.808122,15.188902,14.808122,15.167747,206988
1986-08-22,15.125429,15.548517,15.083119,15.400436,224578
1986-08-25,15.442756,15.548527,15.125439,15.125439,260241
1986-08-26,15.125436,15.146591,14.977355,15.061973,170602
1986-08-27,15.019662,15.125435,14.850426,14.850426,283855
1986-08-28,14.765816,14.871588,14.638888,14.744661,193494
1986-08-29,14.744654,15.019661,14.744654,14.935043,91807
1986-09-02,14.935044,15.104280,14.723499,14.850426,229157
1986-09-03,14.723497,14.808115,14.596571,14.808115,153735
1986-09-04,14.765820,15.019672,14.765820,14.956209,80964
1986-09-05,14.913890,14.977353,14.829272,14.850426,142410
1986-09-08,14.808119,14.808119,14.511957,14.554265,135663
1986-09-09,14.554262,14.765808,14.300410,14.385028,182410
1986-09-10,14.406192,14.469655,14.215803,14.258111,155422
1986-09-11,14.131171,14.300407,13.750391,13.792699,373012
1986-09-12,13.708094,13.771557,13.115767,13.115767,585301
1986-09-15,13.158075,13.285001,12.861912,12.904221,253253
1986-09-16,12.904219,13.602317,12.734984,13.602317,359277
1986-09-17,13.560010,13.750399,13.411927,13.517700,234940
1986-09-18,13.475399,13.686943,13.369626,13.454244,211566
1986-09-19,13.411925,13.475389,13.242690,13.475389,270843
1986-09-22,13.475381,14.110014,13.454227,14.088861,671325
1986-09-23,14.258102,14.258102,14.067713,14.194639,263373
1986-09-24,14.194632,14.258095,13.983088,14.088861,781928
1986-09-25,14.088863,14.131171,13.644619,13.708083,288675
1986-09-26,13.623470,13.856169,13.538852,13.750396,99277
1986-09-29,13.792705,13.792705,13.200381,13.475389,278795
1986-09-30,13.454235,13.919634,13.454235,13.813861,631566
1986-10-01,13.856176,14.215802,13.856176,14.004257,287470
1986-10-02,13.961933,14.088861,13.898470,14.088861,130120
1986-10-03,14.088863,14.152326,13.898472,13.940781,146024
1986-10-06,14.046556,14.046556,13.750393,14.046556,454940
1986-10-07,14.046565,14.088875,13.919639,14.004257,251325
1986-10-08,13.919633,14.427340,13.919633,14.342722,502651
1986-10-09,14.342724,14.638887,14.300416,14.490806,200241
1986-10-10,14.448497,14.533115,14.385034,14.427342,192289
1986-10-13,14.427342,14.469651,14.385034,14.427342,76867
1986-10-14,14.469645,14.596572,14.427336,14.511954,218554
1986-10-15,14.490805,14.977358,14.490805,14.977358,271566
1986-10-16,14.998519,15.019674,14.808129,14.871593,235422
1986-10-17,14.829276,14.871584,14.744658,14.765813,172289
1986-10-20,14.723505,14.723505,14.342724,14.490806,222651
1986-10-21,14.448495,14.511958,14.279259,14.279259,123373
1986-10-22,14.279256,14.427337,14.279256,14.300411,122651
1986-10-23,14.342718,14.575417,14.342718,14.511954,235663
1986-10-24,14.554262,14.617727,14.385028,14.385028,109880
1986-10-27,14.427340,14.427340,14.215796,14.342722,66265
1986-10-28,14.385036,14.892743,14.385036,14.744661,210120
1986-10-29,14.786969,15.019668,14.786969,14.913897,317831
1986-10-30,15.061971,15.210052,14.935043,14.935043,316386
1986-10-31,14.892736,14.977354,14.638882,14.829273,176386
1986-11-03,15.019661,15.146589,14.913890,15.019661,338554
1986-11-04,14.892737,15.040818,14.892737,14.998508,185060
1986-11-05,14.956205,14.998514,14.850432,14.892742,167229
1986-11-06,14.723497,14.850423,14.617726,14.808115,370602
1986-11-07,14.850433,14.850433,14.660043,14.744661,189639
1986-11-10,14.744659,15.040821,14.723504,14.977358,676386
1986-11-11,14.913890,14.977353,14.871580,14.935043,849880
1986-11-12,14.892735,15.061971,14.892735,14.935043,420723
1986-11-13,14.913890,14.956199,14.765809,14.850426,255422
1986-11-14,14.765823,14.808131,14.638895,14.681205,193494
1986-11-17,14.638871,14.702334,14.554253,14.596562,302892
1986-11-18,14.511957,14.596575,13.919633,14.131177,498795
1986-11-19,14.173486,14.342722,14.110023,14.342722,268675
1986-11-20,14.385034,14.511960,14.321569,14.427342,200241
1986-11-21,14.406182,14.469645,14.300411,14.406182,438795
1986-11-24,14.448496,14.723503,14.427341,14.660040,297590
1986-11-25,14.617730,14.660038,14.533112,14.554265,175422
1986-11-26,14.554269,14.956204,14.385034,14.427342,76867
1986-11-28,14.385039,14.427347,14.300421,14.363884,68916
1986-12-01,14.363873,14.554263,14.131174,14.511954,200964
1986-12-02,14.596573,14.977353,14.596573,14.935043,340241
1986-12-03,14.808117,15.019662,14.744654,14.850426,301446
1986-12-04,14.871584,14.871584,14.638885,14.660040,127470
1986-12-05,14.638882,14.850427,14.638882,14.829273,129639
1986-12-08,14.829277,15.188902,14.829277,15.104284,516867
1986-12-09,15.104283,15.125438,14.681195,14.765813,205060
1986-12-10,14.765813,14.871584,14.723503,14.765813,310602
1986-12-11,14.723513,14.765823,14.596587,14.681205,207470
1986-12-12,14.723503,14.723503,14.596577,14.660040,105301
1986-12-15,14.617732,14.660040,14.554267,14.660040,84096
1986-12-16,14.702348,14.808121,14.660040,14.786966,206024
1986-12-17,14.744661,14.744661,14.554270,14.575425,256867
1986-12-18,14.575417,14.617727,14.490799,14.511954,104096
1986-12-19,14.596572,14.638881,14.511954,14.617727,397831
1986-12-22,14.575416,14.575416,14.258099,14.448490,620723
1986-12-23,14.448492,14.554264,14.258101,14.300411,281446
1986-12-24,14.300421,14.385039,14.258111,14.258111,131084
1986-12-26,14.300421,14.385039,14.300421,14.363884,119277
1986-12-29,14.385039,14.427347,14.321574,14.363884,188193
1986-12-30,14.363884,14.406192,14.258111,14.258111,168434
1986-12-31,14.279263,14.469652,14.215800,14.236955,250361
1987-01-02,14.321562,14.448490,14.321562,14.448490,186988
1987-01-05,15.061973,15.231207,14.321565,15.061973,1368434
1987-01-06,15.231213,15.231213,14.871587,14.892742,391807
1987-01-07,14.850430,15.146594,14.850430,15.104284,235422
1987-01-08,15.125445,15.400452,14.935054,15.358144,525060
1987-01-09,15.273526,15.569688,15.231216,15.358144,386988
1987-01-12,15.400444,15.442753,15.273517,15.421598,194217
1987-01-13,15.379282,15.442746,15.273510,15.400436,207952
1987-01-14,15.294681,15.400452,15.273526,15.358144,159036
1987-01-15,15.400452,15.908159,15.400452,15.675461,569880
1987-01-16,15.717757,15.886993,15.463903,15.611984,466506
1987-01-19,15.611997,15.611997,15.442762,15.442762,256867
1987-01-20,15.485064,15.527372,15.294675,15.463909,278554
1987-01-21,15.421602,15.421602,15.146594,15.167747,230361
1987-01-22,15.210047,15.400436,14.977348,15.400436,487711
1987-01-23,15.633141,15.950458,15.400442,15.654296,1148916
1987-01-26,15.569683,15.717764,15.463910,15.506220,765542
1987-01-27,15.569677,16.373546,15.548522,16.331238,1078313
1987-01-28,16.542788,16.923568,16.331244,16.458170,720241
1987-01-29,16.458175,16.585101,16.162012,16.162012,377831
1987-01-30,16.204309,16.331235,15.929300,16.077381,268434
1987-02-02,16.077380,16.585086,16.035072,16.479315,330843
1987-02-03,16.712022,16.838948,16.606249,16.606249,467470
1987-02-04,16.712012,16.881248,16.669702,16.838938,288675
1987-02-05,17.092808,17.092808,16.838954,16.944727,415904
1987-02-06,16.987020,17.346645,16.987020,17.219719,398795
1987-02-09,17.262038,17.304347,16.944721,17.008184,332771
1987-02-10,17.029337,17.050490,16.796638,16.817791,276627
1987-02-11,16.838942,16.944715,16.838942,16.902405,229639
1987-02-12,17.008175,17.092793,16.860094,16.923557,224337
1987-02-13,16.965868,17.050486,16.902405,16.902405,165783
1987-02-17,17.050498,17.304352,17.050498,17.240889,267952
1987-02-18,17.515894,17.769748,17.431276,17.727438,808675
1987-02-19,17.769743,17.769743,17.558199,17.706280,266988
1987-02-20,17.748586,17.748586,17.452424,17.494732,140723
1987-02-23,17.494741,17.579359,17.092807,17.579359,329880
1987-02-24,17.579356,18.108217,17.515893,18.044754,419036
1987-02-25,18.002446,18.023599,17.854365,17.896673,203373
1987-02-26,17.854364,17.981290,17.558201,17.875517,178554
1987-02-27,17.833196,17.875504,17.219717,17.431261,295904
1987-03-02,17.473588,17.600515,17.325507,17.346661,379518
1987-03-03,17.325497,17.388961,17.092798,17.156261,208434
1987-03-04,17.198570,17.283188,17.113952,17.156261,493253
1987-03-05,17.113961,17.156271,16.796646,16.944727,707711
1987-03-06,16.987019,17.240873,16.838938,16.838938,441687
1987-03-09,16.881250,16.881250,16.458160,16.479315,362410
1987-03-10,16.415857,16.838946,16.415857,16.627401,866988
1987-03-11,16.712018,16.923562,16.204311,16.204311,770361
1987-03-12,16.246632,16.331250,15.844697,15.992778,815904
1987-03-13,16.331238,16.331238,16.035076,16.331238,694096
1987-03-16,16.331243,16.331243,16.162007,16.288933,319398
1987-03-17,16.246620,16.373546,16.119694,16.331238,273012
1987-03-18,16.415860,16.881258,16.415860,16.881258,258313
1987-03-19,16.965880,17.346661,16.881264,17.346661,583012
1987-03-20,17.262029,17.304337,16.796631,17.219719,435301
1987-03-23,17.304346,17.515890,17.092801,17.388964,298675
1987-03-24,17.685131,17.769749,17.431277,17.769749,279880
1987-03-25,17.600508,17.642816,17.262037,17.388964,232048
1987-03-26,17.304337,17.558191,16.923557,16.923557,248795
1987-03-27,16.923560,16.923560,16.458162,16.754324,337108
1987-03-30,16.246616,16.542779,15.611982,16.246616,467831
1987-03-31,16.415856,16.542783,16.119694,16.373547,190000
1987-04-01,16.161998,16.246616,15.992762,16.246616,195663
1987-04-02,16.415856,16.500474,16.246620,16.373547,116265
1987-04-03,16.415862,16.458170,16.162008,16.458170,627108
1987-04-06,16.807980,17.191918,16.722660,16.807980,313253
1987-04-07,16.807974,17.106593,16.722654,16.722654,296747
1987-04-08,16.722654,16.893294,16.296057,16.509356,210723
1987-04-09,16.424036,16.552016,16.253398,16.296057,175904
1987-04-10,16.296061,16.381381,15.954783,16.210741,208193
1987-04-13,16.125423,16.125423,14.930948,15.186908,453494
1987-04-14,14.930943,15.101583,14.419025,14.589664,675181
1987-04-15,14.973602,15.058922,14.547004,14.674983,590361
1987-04-16,14.760310,14.930950,14.760310,14.760310,331807
1987-04-20,14.845624,14.930944,14.333706,14.461685,564096
1987-04-21,14.461686,14.930945,14.120408,14.888286,497108
1987-04-22,14.888282,15.058920,14.632322,14.632322,543012
1987-04-23,14.589670,14.973609,14.589670,14.760310,240120
1987-04-24,14.674992,14.674992,14.248394,14.291053,431084
1987-04-27,14.035094,14.376372,13.779135,14.035094,798675
1987-04-28,14.035087,14.802964,13.992426,14.589664,363373
1987-04-29,14.674982,14.930942,14.419024,14.419024,377590
1987-04-30,14.461676,14.717635,14.461676,14.717635,547349
1987-05-01,14.845629,14.973608,14.291051,14.547010,291446
1987-05-04,14.504345,14.504345,13.864447,14.163066,142048
1987-05-05,14.248389,14.461688,14.205730,14.376369,206265
1987-05-06,14.376365,14.376365,13.565828,13.821788,449277
1987-05-07,13.907110,13.992430,13.608491,13.608491,287108
1987-05-08,13.651145,13.651145,12.968588,13.352527,461205
1987-05-11,13.352527,13.352527,12.968589,12.968589,448193
1987-05-12,12.968596,12.968596,12.669976,12.712636,581084
1987-05-13,12.627319,12.712639,12.414020,12.584660,565663
1987-05-14,12.584650,12.797949,12.584650,12.797949,305181
1987-05-15,12.797952,12.797952,12.499333,12.499333,204337
1987-05-18,12.584654,12.627313,12.200715,12.371354,299036
1987-05-19,12.797954,12.883274,12.541995,12.627315,544458
1987-05-20,12.627314,12.669973,12.328695,12.456675,425904
1987-05-21,12.541993,12.797952,12.371354,12.669972,420723
1987-05-22,12.797953,13.139232,12.755293,13.139232,362289
1987-05-26,13.139233,13.523171,13.139233,13.437853,501084
1987-05-27,13.395192,13.693811,13.224552,13.480512,542651
1987-05-28,13.395190,13.693808,13.267211,13.309870,324578
1987-05-29,13.651158,13.821798,13.565838,13.651158,370964
1987-06-01,13.821792,14.376369,13.693811,14.376369,308554
1987-06-02,14.376369,14.419030,13.907111,14.248390,381446
1987-06-03,14.248396,14.248396,13.608498,13.651158,1240964
1987-06-04,13.651160,13.864459,13.608500,13.779140,250000
1987-06-05,13.949772,14.077751,13.864452,14.077751,156988
1987-06-08,14.077746,14.291045,13.992426,14.163066,256265
1987-06-09,14.205723,14.205723,13.821784,13.907103,277229
1987-06-10,13.992437,14.248397,13.907117,13.992437,265181
1987-06-11,14.163071,14.205732,14.077751,14.077751,231084
1987-06-12,14.163066,14.461685,14.077747,14.461685,304940
1987-06-15,14.717648,14.973606,14.717648,14.973606,397952
1987-06-16,15.186900,15.272220,14.930941,15.144239,415783
1987-06-17,15.229566,15.229566,14.845627,14.973606,304096
1987-06-18,14.888281,15.186900,14.802962,15.144239,175060
1987-06-19,15.144243,15.229562,14.802965,15.101583,351928
1987-06-22,15.016261,15.144240,14.930941,15.016261,550964
1987-06-23,15.016267,15.101587,14.888288,14.973606,212048
1987-06-24,14.888283,14.973602,14.589663,14.674983,253133
1987-06-25,14.760303,14.802964,14.674983,14.674983,192289
1987-06-26,14.717642,14.717642,14.547002,14.632322,153976
1987-06-29,14.632328,14.802968,14.333709,14.376369,238313
1987-06-30,14.419022,14.419022,14.163062,14.205723,167952
1987-07-01,14.120412,14.163071,13.992431,14.077751,226024
1987-07-02,14.163071,14.205732,14.035092,14.077751,125904
1987-07-06,14.258681,14.387914,14.215603,14.258681,203494
1987-07-07,14.258680,14.387912,14.129446,14.129446,274096
1987-07-08,14.301755,14.430987,14.215600,14.430987,223012
1987-07-09,14.474067,14.603300,13.957137,14.129446,202651
1987-07-10,14.043278,14.129434,13.784814,13.957125,252289
1987-07-13,13.957133,13.957133,13.526356,13.612512,365904
1987-07-14,13.526351,13.698662,13.440196,13.655583,243614
1987-07-15,13.569437,13.784825,13.483282,13.698669,167952
1987-07-16,13.784829,13.827906,13.612518,13.784829,153494
1987-07-17,13.741751,13.870985,13.698674,13.784829,191566
1987-07-20,13.784816,14.129436,13.784816,14.086359,359759
1987-07-21,14.129433,14.344822,14.000201,14.215589,712289
1987-07-22,14.301749,14.387905,14.000206,14.301749,263373
1987-07-23,14.215589,14.301744,13.784814,14.215589,372651
1987-07-24,14.129438,14.430981,14.129438,14.387904,354337
1987-07-27,14.387913,14.732533,14.258680,14.732533,314096
1987-07-28,14.818677,15.421764,14.732521,15.292530,1145181
1987-07-29,15.292528,15.507915,15.120217,15.378683,682651
1987-07-30,15.551005,15.938703,15.507926,15.809469,863855
1987-07-31,15.852550,15.852550,15.507929,15.766395,336506
1987-08-03,15.507923,15.680234,15.335614,15.507923,411928
1987-08-04,15.421764,15.594073,15.077143,15.292530,316265
1987-08-05,15.292531,16.067927,15.249454,15.981771,1349398
1987-08-06,16.197167,16.369478,16.154090,16.326401,565904
1987-08-07,16.240246,16.541789,16.240246,16.455633,473614
1987-08-10,16.455620,16.671007,16.369465,16.671007,375783
1987-08-11,16.584863,16.843328,16.369475,16.843328,682530
1987-08-12,16.714096,16.800252,16.498709,16.627941,497590
1987-08-13,16.671018,16.714097,16.326398,16.412554,300602
1987-08-14,16.326400,16.412556,16.197166,16.197166,148313
1987-08-17,16.111015,16.240248,15.895626,16.240248,452048
1987-08-18,16.240242,16.240242,15.852544,15.852544,466627
1987-08-19,15.852547,16.111013,15.809469,16.111013,650482
1987-08-20,16.154093,16.369481,16.111016,16.283325,335181
1987-08-21,16.283322,16.498711,16.283322,16.498711,280241
1987-08-24,16.498714,16.972566,16.455636,16.929489,864096
1987-08-25,16.929489,17.144877,16.843334,16.929489,329398
1987-08-26,16.843324,16.972557,16.627937,16.714092,259759
1987-08-27,16.671018,16.757174,16.369475,16.412554,306747
1987-08-28,16.627943,16.671020,16.197166,16.197166,625301
1987-08-31,16.197160,16.283315,16.024851,16.024851,346386
1987-09-01,16.024854,16.154087,15.637156,15.852544,387108
1987-09-02,15.766389,15.938700,15.421769,15.507923,370602
1987-09-03,15.594084,15.723318,15.335620,15.421775,383373
1987-09-04,15.507922,15.507922,15.034070,15.163302,816627
1987-09-08,15.077144,15.077144,14.818678,15.077144,592771
1987-09-09,15.120222,15.120222,14.818679,14.904835,235060
1987-09-10,14.990986,15.550995,14.990986,15.550995,636627
1987-09-11,15.507925,16.111012,15.464848,15.895623,404940
1987-09-14,15.981771,16.197159,15.981771,15.981771,262289
1987-09-15,15.938697,15.938697,15.594076,15.594076,200120
1987-09-16,15.507913,15.637147,15.249449,15.249449,173253
1987-09-17,15.335620,15.421775,15.077154,15.335620,193012
1987-09-18,15.507929,15.551007,15.378696,15.421775,318675
1987-09-21,15.507917,15.680228,15.206375,15.292530,376506
1987-09-22,15.507918,15.507918,15.120220,15.464841,262410
1987-09-23,15.551007,15.551007,15.077153,15.421775,256627
1987-09-24,15.335604,15.421759,14.990983,15.249449,123855
1987-09-25,15.163302,15.206379,14.904836,14.990992,221566
1987-09-28,15.421768,15.464845,15.120224,15.163302,373253
1987-09-29,15.163299,15.335610,15.077144,15.077144,427470
1987-09-30,15.077148,15.507923,15.077148,15.507923,255542
1987-10-01,15.335614,15.938699,15.335614,15.852544,511566
1987-10-02,16.067935,16.671021,16.024858,16.584866,1253012
1987-10-05,16.593554,16.767309,16.593554,16.723869,855783
1987-10-06,16.680434,16.680434,16.289486,16.419802,533253
1987-10-07,16.332914,16.376354,16.202599,16.332914,239398
1987-10-08,16.376358,16.376358,16.159165,16.289480,198554
1987-10-09,16.246047,16.246047,15.985415,16.028852,221084
1987-10-12,16.072296,16.506681,15.898541,16.463243,243855
1987-10-13,16.636991,16.680429,16.159166,16.550114,227952
1987-10-14,16.246045,16.246045,15.941974,16.115728,287952
1987-10-15,15.941971,16.115726,15.898533,15.898533,530964
1987-10-16,15.898522,15.898522,15.203505,15.420697,668675
1987-10-19,11.858737,14.421614,11.815298,11.858737,1122289
1987-10-20,12.162815,12.770956,10.077761,10.425270,1276867
1987-10-21,11.467789,12.119368,11.467789,11.641543,543494
1987-10-22,10.772772,11.380913,10.729334,11.294036,629759
1987-10-23,11.120281,11.598106,11.120281,11.120281,485783
1987-10-26,10.599020,10.599020,9.904002,9.990879,725542
1987-10-27,10.772778,10.946533,9.382743,9.513059,604578
1987-10-28,9.295860,9.513053,9.035228,9.165545,498434
1987-10-29,8.948356,9.643374,8.948356,9.469620,611446
1987-10-30,9.817129,10.251515,9.730252,10.034322,578434
1987-11-02,9.947438,10.034315,9.730245,9.947438,659880
1987-11-03,9.860564,9.860564,9.035230,9.643371,396145
1987-11-04,9.295865,9.556497,9.165550,9.513059,221807
1987-11-05,9.382736,9.990876,9.382736,9.947438,433494
1987-11-06,9.990884,10.164639,9.730253,9.860569,173133
1987-11-09,9.469620,9.599935,9.252426,9.469620,292771
1987-11-10,9.208986,9.339301,9.035231,9.295862,569398
1987-11-11,9.382742,9.556497,9.035233,9.078671,228675
1987-11-12,9.295862,9.513056,9.035231,9.339301,330602
1987-11-13,9.252424,9.469617,9.252424,9.339301,183976
1987-11-16,9.382737,9.513054,9.208983,9.252421,188313
1987-11-17,9.339301,9.426178,9.208986,9.295862,183012
1987-11-18,9.469614,9.513052,9.208982,9.426175,344096
1987-11-19,9.469622,9.469622,9.078674,9.122113,273373
1987-11-20,9.035234,9.035234,8.687725,8.861480,412651
1987-11-23,8.991790,9.252421,8.774597,9.252421,181928
1987-11-24,9.382748,9.469625,9.208993,9.382748,361807
1987-11-25,9.382738,10.034317,9.382738,9.686809,383133
1987-11-27,9.686818,9.686818,9.339309,9.382748,93614
1987-11-30,8.948356,9.078673,8.774602,8.861480,440482
1987-12-01,8.948348,9.208980,8.687717,8.904909,246867
1987-12-02,8.991786,9.078664,8.861471,8.904909,251084
1987-12-03,8.991791,8.991791,8.166457,8.166457,346867
1987-12-04,8.166458,8.209897,7.818950,7.992704,321205
1987-12-07,8.079582,8.123021,7.732073,7.862389,291928
1987-12-08,7.949266,8.166458,7.905827,7.992704,470843
1987-12-09,8.036142,8.383651,7.949264,8.166457,420482
1987-12-10,7.992709,8.123025,7.732078,7.732078,308916
1987-12-11,7.732073,7.862388,7.558318,7.688634,305663
1987-12-14,7.732071,7.818947,7.558316,7.601755,871928
1987-12-15,7.601758,7.992705,7.601758,7.949266,530843
1987-12-16,7.949264,8.166457,7.905826,8.166457,356867
1987-12-17,8.166462,8.687726,8.079585,8.209901,665663
1987-12-18,8.296776,8.600846,8.296776,8.513968,693253
1987-12-21,8.644278,8.991786,8.600839,8.904909,553855
1987-12-22,8.991790,9.078667,8.687720,8.731158,533373
1987-12-23,8.818033,8.991786,8.818033,8.904909,491807
1987-12-24,8.991795,9.035234,8.774602,8.861480,310482
1987-12-28,8.600846,8.644285,8.340215,8.340215,464940
1987-12-29,8.427091,8.470530,8.166459,8.383653,208434
1987-12-30,8.470531,8.600846,8.383654,8.600846,284819
1987-12-31,8.513968,8.513968,8.340214,8.383653,234940
1988-01-04,8.480827,8.966708,8.480827,8.966708,306627
1988-01-05,9.275910,9.585107,9.275910,9.496765,603855
1988-01-06,9.496765,9.673450,9.452594,9.496765,353012
1988-01-07,9.408414,9.496756,9.275902,9.452585,164096
1988-01-08,9.496765,9.496765,8.922543,8.922543,365783
1988-01-11,8.745858,8.922543,8.569175,8.745858,269518
1988-01-12,8.745847,8.834189,8.480822,8.657505,131687
1988-01-13,8.613338,8.878364,8.524996,8.790022,103373
1988-01-14,8.878367,8.966710,8.745854,8.878367,78554
1988-01-15,9.143394,9.364250,9.099223,9.275908,397470
1988-01-18,9.275907,9.364249,9.231736,9.364249,149759
1988-01-19,9.275904,9.585101,9.231733,9.231733,200482
1988-01-20,9.099226,9.143397,8.657516,8.745858,284217
1988-01-21,8.834196,8.834196,8.525000,8.701683,221687
1988-01-22,8.745852,9.231733,8.745852,9.187562,279518
1988-01-25,9.275904,9.452588,9.187562,9.231733,289880
1988-01-26,9.275911,9.275911,8.834200,8.922543,256627
1988-01-27,9.055052,9.364249,9.010881,9.364249,457590
1988-01-28,9.364250,9.761788,9.364250,9.717618,369157
1988-01-29,9.761786,9.894300,9.585103,9.894300,486747
1988-02-01,10.159325,10.159325,9.761786,9.761786,293855
1988-02-02,9.761789,10.026815,9.629276,10.026815,309157
1988-02-03,10.115155,10.291838,9.805957,9.894300,453373
1988-02-04,9.982635,10.115149,9.982635,9.982635,175542
1988-02-05,10.070987,10.159328,9.982644,10.026815,117108
1988-02-08,9.894299,10.026812,9.761786,9.850128,200000
1988-02-09,9.850128,9.894299,9.673445,9.850128,184699
1988-02-10,9.938472,10.159326,9.805959,10.115156,292410
1988-02-11,10.159325,10.159325,9.805957,9.850128,148795
1988-02-12,9.938464,10.070978,9.894293,9.982635,96506
1988-02-16,9.982635,10.026807,9.850122,9.982635,152169
1988-02-17,9.805957,9.982641,9.805957,9.850128,124940
1988-02-18,9.805959,9.850130,9.673447,9.717618,55301
1988-02-19,9.761780,10.159319,9.585097,9.982635,94699
1988-02-22,10.159326,10.468523,10.115156,10.380181,663494
1988-02-23,10.380181,10.424352,10.159326,10.336010,296024
1988-02-24,10.291840,10.380182,10.247669,10.291840,207590
1988-02-25,10.247668,10.777720,10.247668,10.336010,769518
1988-02-26,10.424352,10.777719,10.424352,10.777719,339398
1988-02-29,10.821895,11.042749,10.821895,10.998578,191566
1988-03-01,10.910233,10.954404,10.777721,10.866062,173133
1988-03-02,11.042749,11.175262,10.910236,10.998578,169639
1988-03-03,10.954399,11.042741,10.866057,10.954399,88916
1988-03-04,10.777716,10.866058,10.556861,10.733545,224940
1988-03-07,10.733548,10.733548,10.556864,10.601035,185301
1988-03-08,10.645209,10.689380,10.424354,10.512695,282410
1988-03-09,10.556866,10.601037,10.512695,10.512695,109157
1988-03-10,10.556868,10.601039,10.424356,10.424356,196024
1988-03-11,10.380181,10.601035,10.380181,10.601035,225783
1988-03-14,10.512686,10.601028,10.512686,10.556857,194578
1988-03-15,10.512693,10.601035,10.468523,10.601035,145422
1988-03-16,10.556857,10.601028,10.468516,10.556857,236506
1988-03-17,10.601036,10.910233,10.601036,10.866062,230602
1988-03-18,10.954404,10.998575,10.777721,10.866062,378434
1988-03-21,10.777715,10.866056,10.689373,10.821886,106024
1988-03-22,10.866055,11.175252,10.866055,11.086910,169759
1988-03-23,11.042743,11.219428,11.042743,11.131085,183253
1988-03-24,11.175259,11.175259,10.998575,11.042746,538795
1988-03-25,11.042746,11.396113,11.042746,11.219430,666627
1988-03-28,10.821893,10.866063,10.645209,10.689380,604819
1988-03-29,10.689380,10.866063,10.645209,10.689380,200361
1988-03-30,10.733551,10.777722,10.645209,10.689380,254699
1988-03-31,10.601037,10.601037,10.424354,10.512695,266747
1988-04-04,10.476871,10.521644,10.073915,10.118688,334578
1988-04-05,10.163461,10.297780,9.581412,9.670959,515181
1988-04-06,9.715733,10.208236,9.581414,10.073916,395663
1988-04-07,10.073915,10.387325,10.029142,10.118688,206386
1988-04-08,10.163459,10.163459,9.894820,9.939593,302169
1988-04-11,9.939598,9.939598,9.402323,9.760507,895301
1988-04-12,9.760506,10.118689,9.715733,10.073916,382410
1988-04-13,9.984373,10.118692,9.715735,9.805282,210482
1988-04-14,9.850054,9.850054,9.223231,9.312778,347229
1988-04-15,9.223230,9.223230,8.685955,8.820273,644458
1988-04-18,8.730731,9.088915,8.730731,9.044142,266024
1988-04-19,8.999370,9.491873,8.954596,9.178461,346024
1988-04-20,9.357551,9.670961,9.223231,9.312778,288313
1988-04-21,9.223234,9.447100,9.044143,9.178461,175542
1988-04-22,9.088910,9.402321,9.088910,9.357548,182048
1988-04-25,9.447101,9.536646,9.268008,9.268008,289398
1988-04-26,9.312781,9.402328,8.865051,8.999371,267831
1988-04-27,9.088916,9.312780,9.088916,9.178461,297952
1988-04-28,9.133686,9.357551,9.044140,9.133686,97711
1988-04-29,9.088917,9.088917,8.775505,8.865051,221687
1988-05-02,8.954597,8.999371,8.820278,8.865051,124819
1988-05-03,8.954588,8.954588,8.775496,8.775496,216024
1988-05-04,8.820278,9.044144,8.775505,8.999371,210723
1988-05-05,8.954591,9.044137,8.775499,8.909818,311205
1988-05-06,8.909818,9.088910,8.820272,8.954591,222410
1988-05-09,8.954591,8.999364,8.865045,8.909818,57831
1988-05-10,8.954597,9.044144,8.820278,8.865051,147229
1988-05-11,8.775500,8.865046,8.730728,8.820273,217711
1988-05-12,8.820273,8.865046,8.775500,8.820273,114458
1988-05-13,8.865051,9.044144,8.820278,8.865051,116386
1988-05-16,8.909818,8.954591,8.820272,8.909818,51807
1988-05-17,8.954588,9.044134,8.775496,8.775496,134096
1988-05-18,8.730735,8.775507,8.596416,8.596416,142289
1988-05-19,8.506861,8.506861,8.417315,8.506861,229277
1988-05-20,8.506861,8.506861,8.417315,8.506861,85542
1988-05-23,8.506866,8.551639,8.327774,8.372547,129398
1988-05-24,8.327768,8.462087,8.282995,8.327768,121566
1988-05-25,8.417319,8.551639,8.327774,8.372547,260361
1988-05-26,8.417317,8.506864,8.372545,8.462090,109036
1988-05-27,8.551639,8.596412,8.327774,8.372547,265422
1988-05-31,8.462093,8.865050,8.417320,8.730732,151446
1988-06-01,8.685956,9.133686,8.551637,9.133686,311928
1988-06-02,8.954596,9.133688,8.909823,9.044142,190843
1988-06-03,8.954591,8.999364,8.865045,8.909818,266386
1988-06-06,8.954591,8.954591,8.775499,8.909818,200482
1988-06-07,8.909823,8.954597,8.641186,8.685959,208072
1988-06-08,8.775505,8.999371,8.775505,8.999371,786747
1988-06-09,8.999370,9.268007,8.999370,9.178461,443253
1988-06-10,9.133681,9.581409,9.133681,9.581409,636506
1988-06-13,9.670964,9.715737,9.447100,9.447100,362651
1988-06-14,9.581416,9.805281,9.491871,9.536643,347831
1988-06-15,9.581412,9.670959,9.491867,9.670959,242169
1988-06-16,9.581418,9.581418,9.402327,9.447100,395542
1988-06-17,9.447097,9.536642,9.268004,9.312778,248313
1988-06-20,9.357548,9.357548,9.223229,9.357548,103133
1988-06-21,9.357551,9.402324,9.223231,9.312778,320361
1988-06-22,9.491871,9.536643,9.402325,9.491871,209639
1988-06-23,9.491867,9.670959,9.447094,9.670959,240482
1988-06-24,9.715737,9.894829,9.626191,9.626191,184578
1988-06-27,9.715737,9.715737,9.581418,9.626191,116145
1988-06-28,9.536645,9.715737,9.536645,9.626191,182651
1988-06-29,9.715735,9.805282,9.581416,9.715735,256386
1988-06-30,9.670961,9.760507,9.581414,9.760507,6278675
1988-07-01,9.769597,9.905917,9.769597,9.905917,373855
1988-07-05,9.905916,10.133116,9.860476,10.133116,230602
1988-07-06,10.087677,10.133117,9.724157,9.905917,326386
1988-07-07,9.815042,9.860482,9.678721,9.815042,93373
1988-07-08,9.815040,9.815040,9.496960,9.633281,96747
1988-07-11,9.724155,9.860475,9.678715,9.678715,91687
1988-07-12,9.678718,9.724158,9.451518,9.451518,228072
1988-07-13,9.496958,9.633278,9.451518,9.451518,244458
1988-07-14,9.451512,9.496952,9.269753,9.496952,150964
1988-07-15,9.542395,9.633275,9.224315,9.542395,155301
1988-07-18,9.451517,9.496957,9.315196,9.406076,198795
1988-07-19,9.451510,9.451510,9.269750,9.315189,139639
1988-07-20,9.315196,9.406076,9.315196,9.406076,70361
1988-07-21,9.360629,9.406069,9.224310,9.315189,68795
1988-07-22,9.269755,9.360635,9.042555,9.042555,178193
1988-07-25,9.042559,9.178879,8.997119,8.997119,116265
1988-07-26,9.087991,9.133431,9.042551,9.087991,39398
1988-07-27,9.178870,9.269750,8.951670,8.951670,174337
1988-07-28,8.997110,9.042550,8.951670,8.951670,139518
1988-07-29,8.906230,9.042550,8.906230,8.951670,323133
1988-08-01,9.042561,9.269761,8.997121,9.224321,170361
1988-08-02,9.224310,9.360629,9.178870,9.315189,222892
1988-08-03,9.315200,9.633281,9.178881,9.633281,703494
1988-08-04,9.496955,9.542395,9.406074,9.542395,200361
1988-08-05,9.587832,9.587832,9.451512,9.496952,214458
1988-08-08,9.542402,9.815042,9.496962,9.815042,203614
1988-08-09,9.905915,10.087674,9.587835,9.996795,854578
1988-08-10,9.996802,9.996802,9.678721,9.815042,459639
1988-08-11,9.815032,9.815032,9.360632,9.724152,650361
1988-08-12,9.633275,10.178555,9.496955,10.178555,1128916
1988-08-15,10.269435,10.678395,9.587835,9.678715,1703373
1988-08-16,9.678716,9.996797,9.633277,9.769596,649880
1988-08-17,9.815035,10.269435,9.815035,10.178555,1107108
1988-08-18,10.178555,10.178555,9.905915,10.178555,640120
1988-08-19,10.133117,10.451196,10.133117,10.269437,641325
1988-08-22,10.314877,10.451196,10.178557,10.269437,417711
1988-08-23,10.269438,10.360318,9.996798,10.042237,351205
1988-08-24,10.042234,10.223995,9.951355,10.178555,464458
1988-08-25,9.996795,10.133114,9.815035,10.087674,486988
1988-08-26,10.087677,10.951037,10.087677,10.951037,1319157
1988-08-29,10.814713,10.814713,10.542074,10.723834,1792410
1988-08-30,10.723839,10.723839,10.314879,10.542079,1725181
1988-08-31,10.496639,10.542079,10.360319,10.542079,1368916
1988-09-01,10.405750,10.405750,10.223989,10.223989,629759
1988-09-02,10.360314,10.542074,10.314874,10.496634,873735
1988-09-06,10.542074,10.542074,10.405754,10.496634,795663
1988-09-07,10.542077,10.542077,10.405758,10.405758,491807
1988-09-08,10.451199,10.451199,10.360319,10.451199,270602
1988-09-09,10.405756,10.405756,10.269436,10.314876,309880
1988-09-12,10.269437,10.405757,10.269437,10.360317,236506
1988-09-13,10.314877,10.360317,10.269437,10.360317,263012
1988-09-14,10.360316,10.405756,10.314876,10.314876,144337
1988-09-15,10.360317,10.360317,10.178557,10.269437,428434
1988-09-16,10.178555,10.269435,10.133114,10.178555,382048
1988-09-19,10.178549,10.223989,10.087669,10.223989,311928
1988-09-20,10.178557,10.269437,10.133117,10.269437,273253
1988-09-21,10.269438,10.451197,10.042237,10.405758,376747
1988-09-22,10.360314,10.496634,10.360314,10.496634,395783
1988-09-23,10.496639,10.542079,10.451199,10.542079,197711
1988-09-26,10.542079,10.542079,10.451199,10.451199,370361
1988-09-27,10.451195,10.496635,10.314876,10.314876,127229
1988-09-28,10.314878,10.496637,10.314878,10.405758,146024
1988-09-29,10.405758,10.632958,10.405758,10.587518,299157
1988-09-30,10.587519,10.632959,10.451199,10.542079,344458
1988-10-03,10.505215,10.643441,10.413063,10.505215,500964
1988-10-04,10.505213,10.505213,10.320911,10.366986,89398
1988-10-05,10.413062,10.505213,10.366986,10.413062,422771
1988-10-06,10.459138,10.505213,10.366986,10.413062,103976
1988-10-07,10.413057,10.643434,10.320905,10.643434,466024
1988-10-10,10.597365,10.689516,10.551290,10.689516,138554
1988-10-11,10.643434,10.689509,10.597358,10.643434,275663
1988-10-12,10.551283,10.643434,10.505208,10.643434,159036
1988-10-13,10.643441,10.643441,10.505215,10.505215,178554
1988-10-14,10.551289,10.597364,10.413062,10.413062,181446
1988-10-17,10.459138,10.459138,10.366986,10.413062,469277
1988-10-18,10.413062,10.459138,10.366986,10.413062,343133
1988-10-19,10.413065,10.505216,10.182686,10.320913,378434
1988-10-20,10.320910,10.643438,10.274834,10.551288,350241
1988-10-21,10.505208,10.689509,10.459132,10.643434,247590
1988-10-24,10.597362,10.643438,10.459136,10.551288,138795
1988-10-25,10.551290,10.689516,10.551290,10.689516,174458
1988-10-26,10.689516,10.781667,10.643440,10.689516,182651
1988-10-27,10.689514,10.689514,10.505212,10.551288,283012
1988-10-28,10.505215,10.689516,10.505215,10.689516,226024
1988-10-31,10.643440,10.689516,10.551290,10.689516,100602
1988-11-01,10.597365,10.689516,10.597365,10.689516,95542
1988-11-02,10.643441,10.735592,10.597365,10.735592,154578
1988-11-03,10.643441,10.781667,10.643441,10.735592,151446
1988-11-04,10.643440,10.735592,10.597365,10.689516,206265
1988-11-07,10.689516,10.735592,10.643441,10.735592,218675
1988-11-08,10.689516,10.735592,10.643441,10.735592,203614
1988-11-09,10.643440,10.689516,10.551290,10.689516,266867
1988-11-10,10.689516,10.735592,10.643440,10.689516,246024
1988-11-11,10.597363,10.597363,10.320911,10.366986,416024
1988-11-14,10.366992,10.413067,10.182689,10.274840,210723
1988-11-15,10.228761,10.274837,10.182686,10.182686,100120
1988-11-16,10.182687,10.274838,9.906234,9.952310,320361
1988-11-17,9.952310,9.952310,9.721933,9.768008,197470
1988-11-18,9.860158,9.998385,9.814083,9.952310,166747
1988-11-21,9.952301,9.998377,9.721924,9.860150,190482
1988-11-22,9.814075,9.814075,9.721924,9.814075,103133
1988-11-23,9.768007,10.228762,9.768007,10.228762,183614
1988-11-25,10.182686,10.182686,10.044460,10.182686,95181
1988-11-28,10.136614,10.274840,10.090539,10.274840,227831
1988-11-29,10.228760,10.413062,10.182684,10.413062,356627
1988-11-30,10.413061,10.643438,10.366985,10.551288,255060
1988-12-01,10.551292,10.551292,10.413065,10.459141,123494
1988-12-02,10.413065,10.413065,10.182686,10.320913,492410
1988-12-05,10.274837,10.320913,10.182686,10.228762,93614
1988-12-06,10.228763,10.459141,10.228763,10.459141,240964
1988-12-07,10.413061,10.551288,10.413061,10.551288,329639
1988-12-08,10.459141,10.505216,10.366990,10.459141,125904
1988-12-09,10.459139,10.551290,10.459139,10.505215,130723
1988-12-12,10.505215,10.551290,10.459139,10.505215,193494
1988-12-13,10.459140,10.459140,10.182686,10.228762,376024
1988-12-14,10.182686,10.274837,10.182686,10.228762,307711
1988-12-15,10.182686,10.413065,10.182686,10.320913,440241
1988-12-16,7.878912,8.063214,7.832837,8.063214,559157
1988-12-19,8.063215,8.155366,7.971063,8.109290,210361
1988-12-20,8.109293,8.247520,8.109293,8.201445,420482
1988-12-21,8.201441,8.201441,8.063215,8.109290,253253
1988-12-22,8.109289,8.201440,7.971062,8.017138,525542
1988-12-23,8.017139,8.155366,8.017139,8.109290,286506
1988-12-27,8.063215,8.155366,8.063215,8.109290,200120
1988-12-28,8.109290,8.155366,7.971063,8.109290,231446
1988-12-29,8.109290,8.155366,8.017139,8.063214,215904
1988-12-30,8.017138,8.063213,7.924986,8.017138,323614
1989-01-03,7.971062,7.971062,7.740685,7.740685,215301
1989-01-04,7.832835,8.017137,7.786760,7.971061,304940
1989-01-05,8.063212,8.063212,7.878910,7.878910,159036
1989-01-06,7.924987,8.017138,7.924987,7.924987,141325
1989-01-09,7.971063,8.109290,7.924988,8.109290,319639
1989-01-10,8.155366,8.293592,8.155366,8.155366,427831
1989-01-11,8.247518,8.247518,7.832838,8.247518,479036
1989-01-12,8.247515,8.339665,8.201439,8.293590,458795
1989-01-13,8.293590,8.385741,8.247515,8.293590,416867
1989-01-16,8.293595,8.339671,8.201445,8.201445,262169
1989-01-17,8.247517,8.247517,8.063214,8.063214,537711
1989-01-18,8.063215,8.155366,8.017139,8.109290,417831
1989-01-19,8.155366,8.339668,8.155366,8.247518,846024
1989-01-20,8.247518,8.293592,8.155366,8.247518,334699
1989-01-23,8.201441,8.247517,8.063215,8.109290,538675
1989-01-24,8.109287,8.477891,8.063211,8.385739,610723
1989-01-25,8.339668,8.385744,8.247518,8.247518,389277
1989-01-26,8.247515,8.339665,8.201439,8.293590,359518
1989-01-27,8.385741,8.708269,8.339665,8.662193,1166024
1989-01-30,8.662194,8.800421,8.662194,8.800421,570964
1989-01-31,8.780087,8.826298,8.687665,8.687665,481084
1989-02-01,8.733879,8.733879,8.549035,8.641458,720723
1989-02-02,8.595243,8.641454,8.502820,8.595243,413494
1989-02-03,8.595244,8.733876,8.595244,8.733876,398675
1989-02-06,8.687668,8.687668,8.502824,8.641458,274096
1989-02-07,8.595241,8.826296,8.595241,8.780085,1443253
1989-02-08,8.964935,9.057357,8.826302,8.964935,2172169
1989-02-09,8.918720,9.149774,8.872509,9.057352,1376747
1989-02-10,8.918716,8.964927,8.780083,8.826294,475783
1989-02-13,8.780085,8.826296,8.687662,8.780085,260843
1989-02-14,8.826296,8.872507,8.780085,8.780085,351446
1989-02-15,8.826294,8.872505,8.780083,8.826294,206747
1989-02-16,8.826294,8.872505,8.780083,8.826294,360000
1989-02-17,8.826300,8.964933,8.780089,8.872511,291084
1989-02-21,9.011140,9.011140,8.780085,8.780085,361325
1989-02-22,8.780091,8.826303,8.410403,8.456614,613133
1989-02-23,8.502824,8.918723,8.456613,8.641458,326747
1989-02-24,8.733880,8.733880,8.456614,8.456614,357952
1989-02-27,8.410400,8.549034,8.317978,8.364189,244578
1989-02-28,8.271769,8.317979,8.086925,8.133136,599880
1989-03-01,8.225558,8.271769,8.086925,8.133136,717711
1989-03-02,8.133134,8.271767,8.133134,8.225556,543976
1989-03-03,8.133136,8.179347,7.994502,8.133136,287590
1989-03-06,8.179350,8.317983,8.133139,8.271772,491446
1989-03-07,8.271768,8.456611,8.179346,8.364189,602169
1989-03-08,8.317978,8.364189,8.133134,8.225556,757349
1989-03-09,8.179346,8.225557,8.086924,8.179346,1311928
1989-03-10,8.133136,8.179347,8.040714,8.133136,349398
1989-03-13,8.225556,8.271767,8.179345,8.225556,392530
1989-03-14,8.271767,8.317978,8.179345,8.225556,487229
1989-03-15,8.179346,8.225557,8.133135,8.179346,729639
1989-03-16,8.179347,8.317980,8.179347,8.317980,571566
1989-03-17,8.179346,8.225557,8.086924,8.179346,776265
1989-03-20,8.086925,8.179347,8.086925,8.133136,611325
1989-03-21,8.133138,8.179349,8.086926,8.086926,437711
1989-03-22,8.133133,8.133133,8.040710,8.040710,264578
1989-03-23,8.086921,8.133132,7.763444,7.902076,419639
1989-03-27,7.948287,7.948287,7.809655,7.902076,273735
1989-03-28,7.855868,7.948289,7.763446,7.855868,371084
1989-03-29,7.948287,7.948287,7.809655,7.902076,310361
1989-03-30,7.855866,7.948287,7.809655,7.902076,497108
1989-03-31,7.902078,7.994500,7.855867,7.994500,505422
1989-04-03,8.086925,8.086925,7.809659,7.809659,767229
1989-04-04,7.855867,8.086922,7.763445,8.040710,561446
1989-04-05,8.133133,8.179344,8.040710,8.040710,444217
1989-04-06,8.040715,8.133138,7.994504,8.086926,649277
1989-04-07,8.040715,8.086926,8.040715,8.086926,351084
1989-04-10,7.994500,7.994500,7.809657,7.855868,527831
1989-04-11,7.855870,7.902080,7.763448,7.809659,813494
1989-04-12,7.855870,7.855870,7.763448,7.763448,656867
1989-04-13,7.763448,7.809659,7.624815,7.763448,688554
1989-04-14,7.809659,7.855870,7.671026,7.763448,540361
1989-04-17,7.809659,7.855870,7.717237,7.763448,320000
1989-04-18,7.809655,7.902076,7.717233,7.902076,379759
1989-04-19,7.902076,7.994498,7.855866,7.902076,612048
1989-04-20,7.948289,7.948289,7.763446,7.855868,268313
1989-04-21,7.809659,7.902081,7.763448,7.763448,236265
1989-04-24,7.763448,7.855870,7.763448,7.809659,291928
1989-04-25,7.763443,7.809654,7.671021,7.717232,234217
1989-04-26,7.717232,7.809654,7.671021,7.717232,480361
1989-04-27,7.763448,7.809659,7.671026,7.809659,404578
1989-04-28,7.763443,7.809654,7.671021,7.717232,251928
1989-05-01,7.717237,7.855870,7.671026,7.809659,314217
1989-05-02,7.881987,8.113809,7.789257,7.835622,479759
1989-05-03,7.789256,7.835620,7.742891,7.789256,224458
1989-05-04,7.742894,7.789258,7.511071,7.603799,373735
1989-05-05,7.603796,7.881985,7.603796,7.742890,343373
1989-05-08,7.742890,7.742890,7.650161,7.742890,168795
1989-05-09,7.696529,7.742894,7.603799,7.603799,271928
1989-05-10,7.603794,7.696523,7.603794,7.650158,418434
1989-05-11,7.650161,7.742890,7.603796,7.742890,439398
1989-05-12,7.789257,7.881987,7.742892,7.835622,310000
1989-05-15,7.928349,7.974713,7.835620,7.881985,401446
1989-05-16,7.881985,8.021078,7.835620,7.881985,339398
1989-05-17,7.881987,7.928350,7.789257,7.835622,205783
1989-05-18,7.789256,7.928349,7.789256,7.789256,173012
1989-05-19,7.789255,7.881985,7.789255,7.881985,446867
1989-05-22,8.021076,8.160170,7.928347,8.067441,1006506
1989-05-23,8.067448,8.345635,8.021083,8.252907,735301
1989-05-24,8.299269,8.345632,8.160174,8.206539,419157
1989-05-25,8.299272,8.484730,8.206542,8.252907,699518
1989-05-26,8.160174,8.252904,8.113810,8.206539,298554
1989-05-30,8.252904,8.252904,8.113810,8.206539,311687
1989-05-31,8.206537,8.345631,8.160173,8.345631,293494
1989-06-01,8.299270,8.484728,8.252905,8.438363,326747
1989-06-02,8.438360,8.670184,8.438360,8.623819,846386
1989-06-05,8.623819,8.762913,8.577455,8.623819,481807
1989-06-06,8.623818,8.762912,8.577454,8.716547,642289
1989-06-07,8.716550,8.994738,8.716550,8.762915,675301
1989-06-08,8.855643,8.994737,8.762913,8.994737,510000
1989-06-09,8.948377,8.994741,8.809282,8.948377,535181
1989-06-12,8.948376,8.948376,8.809281,8.902011,377711
1989-06-13,8.855639,8.902004,8.809275,8.855639,379036
1989-06-14,8.809280,8.855645,8.670187,8.670187,424940
1989-06-15,8.716550,8.855644,8.670186,8.762915,510964
1989-06-16,8.623818,8.716547,8.623818,8.716547,456747
1989-06-19,8.670187,8.716551,8.623822,8.670187,194699
1989-06-20,8.716551,8.716551,8.670187,8.670187,230843
1989-06-21,8.716551,8.716551,8.577457,8.577457,379277
1989-06-22,8.531090,8.670184,8.531090,8.623819,159639
1989-06-23,8.670186,8.762915,8.623821,8.762915,253614
1989-06-26,8.670183,8.716547,8.670183,8.716547,403012
1989-06-27,8.762912,8.855641,8.670183,8.716547,229880
1989-06-28,8.623822,8.716551,8.531093,8.577457,293735
1989-06-29,8.531094,8.577459,8.113813,8.252907,396265
1989-06-30,8.206542,8.299272,8.067448,8.252907,330843
1989-07-03,8.252902,8.345631,8.206537,8.345631,201687
1989-07-05,8.252907,8.299272,8.206542,8.252907,272048
1989-07-06,8.345638,8.438368,8.206545,8.299274,260602
1989-07-07,8.391998,8.531093,8.345634,8.438363,282048
1989-07-10,8.484728,8.809280,8.484728,8.670187,336386
1989-07-11,8.716550,8.948374,8.716550,8.762915,269277
1989-07-12,8.762913,9.041101,8.762913,8.994737,435783
1989-07-13,8.948376,9.226563,8.809281,8.902011,291807
1989-07-14,8.809275,8.902004,8.762910,8.855639,211205
1989-07-17,8.948371,9.087464,8.948371,9.087464,204940
1989-07-18,8.902004,8.994734,8.809275,8.855639,189157
1989-07-19,8.762915,9.180197,8.762915,9.180197,533373
1989-07-20,9.226555,9.412013,9.087461,9.133825,916024
1989-07-21,9.133825,9.180190,8.994732,9.133825,286627
1989-07-24,9.365656,9.365656,9.180197,9.180197,395542
1989-07-25,9.226561,9.643843,9.226561,9.504748,1261928
1989-07-26,9.551112,9.736571,9.504748,9.597477,1451084
1989-07-27,9.829305,10.153857,9.504752,10.107492,1870120
1989-07-28,10.107491,10.339314,10.014762,10.061127,998193
1989-07-31,10.107490,10.153855,9.922031,10.014761,543133
1989-08-01,10.226731,10.505642,10.180246,10.273215,1107590
1989-08-02,10.273224,10.319709,10.180254,10.319709,427831
1989-08-03,10.319701,10.319701,9.994305,10.087276,797952
1989-08-04,9.947822,10.180249,9.947822,10.133763,477470
1989-08-07,10.087275,10.273215,10.040790,10.273215,370964
1989-08-08,10.319701,10.412671,10.180246,10.412671,534578
1989-08-09,10.459157,10.459157,10.180246,10.226731,731084
1989-08-10,10.226731,10.459156,10.226731,10.412671,527711
1989-08-11,10.691582,10.691582,10.133761,10.226731,573494
1989-08-14,10.180245,10.226730,9.761879,9.808364,326988
1989-08-15,9.901337,10.133763,9.901337,10.040792,322289
1989-08-16,10.040790,10.273216,10.040790,10.226731,186867
1989-08-17,10.273218,10.319703,10.133763,10.180248,346627
1989-08-18,10.180246,10.319701,10.087275,10.273215,260361
1989-08-21,10.087267,10.133753,9.901327,9.994297,507470
1989-08-22,10.087276,10.087276,9.994305,10.087276,423133
1989-08-23,10.133763,10.133763,9.947822,10.133763,192771
1989-08-24,10.087276,10.087276,9.901335,10.087276,499277
1989-08-25,10.133753,10.133753,9.947812,9.994297,326506
1989-08-28,9.994307,10.040792,9.901337,10.040792,181807
1989-08-29,10.040796,10.040796,9.854856,9.854856,314217
1989-08-30,9.761882,10.226734,9.761882,10.133763,439277
1989-08-31,10.180249,10.180249,10.087278,10.133763,193494
1989-09-01,10.040790,10.226731,10.040790,10.226731,373614
1989-09-05,10.133763,10.226733,10.040792,10.040792,329759
1989-09-06,10.133759,10.133759,9.901333,9.947818,384940
1989-09-07,10.040785,10.040785,9.854845,9.901329,717108
1989-09-08,9.947822,10.087278,9.854852,10.040792,589157
1989-09-11,9.994297,10.040782,9.947812,9.994297,163735
1989-09-12,9.994305,10.226731,9.994305,10.226731,454458
1989-09-13,10.226734,10.273218,10.133763,10.180248,503494
1989-09-14,10.087274,10.133759,9.947818,9.947818,174217
1989-09-15,9.994303,9.994303,9.761878,9.947818,516024
1989-09-18,9.854842,9.994297,9.808357,9.994297,404458
1989-09-19,9.947812,10.087267,9.901327,9.994297,299277
1989-09-20,9.947818,10.040788,9.901333,9.947818,265904
1989-09-21,9.947820,10.133761,9.947820,10.087276,330482
1989-09-22,10.087276,10.226731,10.040790,10.226731,275783
1989-09-25,10.180246,10.180246,9.994305,10.087276,88313
1989-09-26,10.180246,10.226731,10.087276,10.087276,260241
1989-09-27,9.947820,10.412671,9.947820,10.412671,706627
1989-09-28,10.412671,10.738067,10.319700,10.459156,436024
1989-09-29,10.412667,10.459152,10.319696,10.366181,248916
1989-10-02,10.319709,10.366194,10.273224,10.319709,268434
1989-10-03,10.319701,10.645098,10.319701,10.598613,623373
1989-10-04,10.645100,10.831040,10.598614,10.784554,735663
1989-10-05,10.784557,11.063468,10.784557,11.063468,310964
1989-10-06,11.063466,11.063466,10.924011,10.970496,270241
1989-10-09,10.970497,11.016982,10.831041,10.877526,192048
1989-10-10,10.877524,11.063465,10.877524,11.016980,327470
1989-10-11,10.924011,10.970496,10.877526,10.924011,173735
1989-10-12,10.831041,10.924011,10.831041,10.924011,155663
1989-10-13,10.924006,11.063460,9.715392,9.715392,903133
1989-10-16,9.715402,10.366194,9.622431,10.319709,741566
1989-10-17,10.319700,10.598611,10.226730,10.505641,503614
1989-10-18,10.319706,10.738072,10.319706,10.738072,342892
1989-10-19,10.784557,11.156439,10.784557,11.063468,461807
1989-10-20,11.063465,11.063465,10.877524,11.016980,241325
1989-10-23,10.970497,11.016982,10.598616,10.691586,264217
1989-10-24,10.598611,10.598611,10.087275,10.505641,331205
1989-10-25,10.459160,10.784556,10.459160,10.691586,309277
1989-10-26,10.784556,10.784556,10.552131,10.645102,415663
1989-10-27,10.552127,10.598612,10.133761,10.226731,318554
1989-10-30,10.226730,10.598611,10.226730,10.505641,296988
1989-10-31,10.721945,10.908414,10.628711,10.721945,275060
1989-11-01,10.628713,10.721947,10.442244,10.535479,137590
1989-11-02,10.488864,10.628716,10.255779,10.582099,274096
1989-11-03,10.582091,10.675325,10.535473,10.628708,180120
1989-11-06,10.675330,10.675330,10.442244,10.488861,483855
1989-11-07,10.349005,10.488856,10.255771,10.349005,587711
1989-11-08,10.349008,10.395626,10.255775,10.302391,340482
1989-11-09,10.302394,10.302394,10.209160,10.209160,161566
1989-11-10,10.209154,10.349005,10.209154,10.349005,1072530
1989-11-13,10.255774,10.535476,10.255774,10.442242,384578
1989-11-14,10.442240,10.488858,10.349006,10.395623,308193
1989-11-15,10.395622,10.395622,10.255771,10.349005,485542
1989-11-16,10.255775,10.302391,10.162540,10.302391,305663
1989-11-17,10.255771,10.349005,10.209154,10.349005,480723
1989-11-20,10.302391,10.349008,10.255775,10.302391,87229
1989-11-21,10.395623,10.582092,10.349006,10.395623,296265
1989-11-22,10.395624,10.488859,10.349007,10.442242,234819
1989-11-24,10.255771,10.628708,10.209154,10.628708,165181
1989-11-27,10.582097,10.908417,10.582097,10.861800,326627
1989-11-28,10.861800,10.955035,10.815183,10.861800,215422
1989-11-29,10.908414,10.908414,10.675328,10.721945,105542
1989-11-30,10.768566,10.861800,10.675332,10.861800,143133
1989-12-01,10.861785,11.048254,10.815168,11.048254,263012
1989-12-04,11.048265,11.094881,10.955030,11.094881,252651
1989-12-05,11.001648,11.094882,10.908413,11.001648,182651
1989-12-06,10.861803,10.955038,10.675335,10.675335,204458
1989-12-07,10.582096,10.628713,10.535479,10.535479,141807
1989-12-08,10.628714,10.815182,10.582096,10.815182,126024
1989-12-11,10.861800,10.861800,10.768566,10.861800,132530
1989-12-12,10.768567,10.955036,10.768567,10.955036,328554
1989-12-13,10.955035,11.001652,10.815183,10.861800,340843
1989-12-14,10.815179,11.001648,10.721944,11.001648,438072
1989-12-15,11.094886,11.094886,10.675332,10.861800,383133
1989-12-18,10.768563,10.768563,10.255775,10.302391,588675
1989-12-19,10.302389,10.442241,9.976069,10.115921,727711
1989-12-20,10.162538,10.209156,9.836218,10.115921,936627
1989-12-21,10.162540,10.162540,9.976071,10.022688,292169
1989-12-22,10.069304,10.162538,10.022687,10.115921,268554
1989-12-26,10.115921,10.209156,10.069304,10.115921,163494
1989-12-27,10.115918,10.302386,10.115918,10.255770,137229
1989-12-28,10.349008,10.349008,10.209157,10.302391,391446
1989-12-29,10.395622,10.628708,10.395622,10.628708,174458
1990-01-02,10.628716,10.955036,10.535482,10.955036,478795
1990-01-03,11.094881,11.234733,11.001647,11.094881,827349
1990-01-04,11.141504,11.141504,10.861802,10.955036,300241
1990-01-05,10.908402,11.094870,10.815168,11.048254,516145
1990-01-08,10.955029,11.141498,10.908412,11.141498,245663
1990-01-09,11.188116,11.188116,10.908413,11.001648,248313
1990-01-10,10.955033,10.955033,10.815181,10.908416,406747
1990-01-11,11.001648,11.048265,10.955031,11.001648,198916
1990-01-12,10.768562,11.141499,10.349007,10.442242,468434
1990-01-15,10.349006,10.628709,10.302389,10.395623,214096
1990-01-16,10.349005,10.535474,10.255771,10.349005,296145
1990-01-17,10.395622,10.721942,10.349004,10.628708,444940
1990-01-18,10.535474,10.861794,10.442240,10.768559,413494
1990-01-19,10.815177,10.861794,10.768559,10.768559,594940
1990-01-22,10.675329,10.768563,10.302391,10.302391,366627
1990-01-23,10.349004,10.395621,9.929449,9.976067,723614
1990-01-24,9.649751,10.115923,9.509900,10.069305,575422
1990-01-25,10.115918,10.209152,9.696363,9.696363,313614
1990-01-26,9.742985,9.929453,9.649751,9.789602,449036
1990-01-29,9.789598,9.882833,9.696364,9.742981,282410
1990-01-30,9.726155,9.772915,9.258551,9.398832,885904
1990-01-31,9.539105,9.819667,9.539105,9.772906,291205
1990-02-01,9.679390,10.006713,9.679390,9.819672,148795
1990-02-02,9.726147,10.193750,9.726147,10.100229,161687
1990-02-05,10.053474,10.146995,10.006714,10.053474,153494
1990-02-06,10.006708,10.006708,9.679386,9.726147,130000
1990-02-07,9.585865,10.193750,9.585865,10.100229,383373
1990-02-08,10.006710,10.146991,9.959950,10.006710,346386
1990-02-09,10.006714,10.100235,9.913194,10.053474,174458
1990-02-12,9.959952,9.959952,9.819672,9.819672,580241
1990-02-13,9.726149,9.819670,9.632629,9.679389,383133
1990-02-14,9.772910,9.772910,9.632629,9.679389,448434
1990-02-15,9.726154,10.006716,9.632633,9.913196,258434
1990-02-16,9.959950,10.146991,9.959950,10.006710,389157
1990-02-20,9.819668,9.866428,9.679386,9.726147,278434
1990-02-21,9.492345,9.772907,9.445585,9.726147,297108
1990-02-22,9.726146,9.913188,9.632626,9.632626,242410
1990-02-23,9.632626,9.772907,9.539106,9.632626,246988
1990-02-26,9.539107,10.006710,9.539107,10.006710,256627
1990-02-27,9.959953,10.006714,9.866433,9.959953,381928
1990-02-28,10.053474,10.193756,10.006714,10.053474,975663
1990-03-01,9.959954,10.053474,9.913194,10.053474,224217
1990-03-02,9.866433,10.053474,9.772913,10.053474,296145
1990-03-05,10.006710,10.100231,10.006710,10.006710,220723
1990-03-06,9.913190,10.006710,9.866430,10.006710,603735
1990-03-07,10.053476,10.053476,9.819675,9.913196,924337
1990-03-08,9.959951,10.193753,9.959951,10.193753,443373
1990-03-09,10.193759,10.240520,10.053478,10.240520,391446
1990-03-12,10.146993,10.193753,10.100232,10.193753,236988
1990-03-13,10.100230,10.240512,10.053470,10.146991,306988
1990-03-14,10.147000,10.521083,10.147000,10.521083,379036
1990-03-15,10.474315,10.661357,10.427555,10.614596,230361
1990-03-16,10.801641,10.801641,10.661361,10.754881,660723
1990-03-19,10.614596,10.661356,10.521075,10.661356,316145
1990-03-20,10.567835,10.801637,10.380794,10.380794,389277
1990-03-21,10.380794,10.614596,10.380794,10.380794,223494
1990-03-22,10.287271,10.334031,10.006708,10.100229,354578
1990-03-23,10.146991,10.240512,10.053470,10.146991,150723
1990-03-26,10.146990,10.193750,10.100229,10.100229,93614
1990-03-27,10.193759,10.240520,10.053478,10.240520,235301
1990-03-28,10.240515,10.474317,10.193755,10.474317,162651
1990-03-29,10.427554,10.427554,10.240513,10.380794,123133
1990-03-30,10.287272,10.334032,10.053470,10.287272,243253
1990-04-02,10.193750,10.193750,10.006708,10.100229,121205
1990-04-03,10.100234,10.474317,10.100234,10.474317,141325
1990-04-04,10.380801,10.614604,10.380801,10.521083,242169
1990-04-05,10.427554,10.661356,10.380793,10.661356,153012
1990-04-06,10.754881,10.754881,10.521079,10.754881,295060
1990-04-09,10.708116,10.754876,10.567835,10.661356,180120
1990-04-10,10.661362,10.941924,10.661362,10.895164,342289
1990-04-11,10.848396,11.082198,10.801636,11.082198,321205
1990-04-12,11.082199,11.222479,10.988678,11.035439,570120
1990-04-16,11.175725,11.409528,11.082205,11.316007,779759
1990-04-17,11.269247,11.596569,11.128965,11.596569,769880
1990-04-18,11.503039,11.549800,11.128957,11.175717,299880
1990-04-19,11.035447,11.222488,10.988687,11.128967,272530
1990-04-20,11.035439,11.082199,10.567835,10.661356,381566
1990-04-23,10.614596,10.661356,10.474314,10.661356,186747
1990-04-24,10.567837,10.708119,10.334035,10.474317,372169
1990-04-25,10.427558,10.754880,10.427558,10.708120,299277
1990-04-26,10.801641,10.941922,10.614600,10.848401,235060
1990-04-27,10.895161,10.941922,10.661360,10.708120,262169
1990-04-30,10.754881,10.754881,10.567840,10.754881,136265
1990-05-01,10.644219,10.972454,10.644219,10.878673,122410
1990-05-02,10.878668,11.347576,10.878668,11.300685,524819
1990-05-03,11.300686,11.347577,11.019341,11.019341,203012
1990-05-04,11.113130,11.206911,11.113130,11.160020,166988
1990-05-07,11.206903,11.394466,11.160012,11.206903,291084
1990-05-08,11.160012,11.160012,11.066231,11.113122,253133
1990-05-09,11.160012,11.160012,11.066231,11.113122,184337
1990-05-10,11.113130,11.253802,11.066239,11.160020,411566
1990-05-11,11.206902,11.488248,11.113121,11.441357,567229
1990-05-14,11.628918,11.957154,11.441356,11.722700,1563253
1990-05-15,11.769598,12.004052,11.675816,11.957161,459398
1990-05-16,11.910271,12.050943,11.910271,11.957161,662892
1990-05-17,11.957164,12.050946,11.863383,12.050946,350843
1990-05-18,12.004052,12.050943,11.910271,11.957161,238072
1990-05-21,11.863380,12.144725,11.769598,12.097834,434940
1990-05-22,12.238506,12.285397,12.050942,12.191615,426145
1990-05-23,12.144729,12.191620,12.050947,12.144729,229759
1990-05-24,12.144718,12.426062,12.144718,12.238500,412169
1990-05-25,12.144722,12.144722,11.910268,12.004049,194940
1990-05-29,12.097828,12.379172,12.050937,12.379172,316867
1990-05-30,12.379171,12.519844,12.191609,12.238500,604217
1990-05-31,12.238500,12.332281,12.144718,12.238500,197108
1990-06-01,12.285393,12.426065,12.238502,12.332283,276747
1990-06-04,12.332284,12.519848,12.191612,12.472957,306265
1990-06-05,12.941875,12.988766,12.754311,12.894984,1082048
1990-06-06,12.894970,12.941861,12.472953,12.566734,682410
1990-06-07,12.566736,12.613627,12.332281,12.379172,353494
1990-06-08,12.332285,12.379176,11.863377,12.004049,342289
1990-06-11,11.910268,12.285395,11.910268,12.285395,230723
1990-06-12,12.332288,12.472961,12.332288,12.426070,676747
1990-06-13,12.426066,12.566738,12.332284,12.472957,442410
1990-06-14,12.472958,12.707412,12.379176,12.707412,261446
1990-06-15,12.707406,12.707406,12.566735,12.613626,383253
1990-06-18,12.566736,12.566736,12.238500,12.379172,302410
1990-06-19,12.332283,12.379174,12.238502,12.332283,203735
1990-06-20,12.332285,12.566740,12.332285,12.519849,399157
1990-06-21,12.426062,12.707406,12.426062,12.613626,360000
1990-06-22,12.707410,13.176319,12.660520,12.801192,538554
1990-06-25,12.754299,12.848081,12.707408,12.754299,427711
1990-06-26,12.754297,12.848079,12.566734,12.566734,243373
1990-06-27,12.566748,12.988766,12.566748,12.894984,307470
1990-06-28,12.894973,12.988754,12.801191,12.848082,285904
1990-06-29,12.848083,12.894974,12.754301,12.801192,350000
1990-07-02,12.848085,12.941867,12.707412,12.941867,268434
1990-07-03,13.035656,13.317001,12.988765,13.223219,293494
1990-07-05,13.223205,13.270096,12.988751,13.129423,505542
1990-07-06,13.223219,13.270110,13.176328,13.223219,368434
1990-07-09,13.270099,13.270099,12.894973,13.082537,449277
1990-07-10,13.082537,13.270099,13.035646,13.082537,563133
1990-07-11,13.082539,13.410775,13.035648,13.363884,316627
1990-07-12,13.410767,13.739003,13.410767,13.645221,723253
1990-07-13,13.598341,13.832796,13.551450,13.785905,334699
1990-07-16,13.785903,14.067248,13.645231,14.020357,551084
1990-07-17,14.161026,14.161026,13.739009,13.832790,312048
1990-07-18,13.832793,13.879683,13.504556,13.598338,344940
1990-07-19,13.410770,13.551442,12.754298,12.988752,1186265
1990-07-20,13.035648,13.035648,12.472958,12.519849,986506
1990-07-23,12.566739,12.613630,11.535141,12.285395,1000000
1990-07-24,12.426073,12.426073,11.957164,12.050946,454819
1990-07-25,12.004047,12.379174,12.004047,12.332283,427831
1990-07-26,12.379171,12.660516,12.285390,12.566734,323976
1990-07-27,12.660524,12.660524,11.957161,11.957161,338675
1990-07-30,11.910267,11.910267,11.722703,11.863376,588193
1990-07-31,11.901010,12.324366,11.901010,12.136208,676024
1990-08-01,12.089168,12.277327,12.042128,12.136208,239639
1990-08-02,11.853967,12.042125,11.712848,11.948047,634940
1990-08-03,11.853969,11.853969,11.289494,11.712850,786506
1990-08-06,11.477649,11.477649,11.148372,11.242451,728072
1990-08-07,11.524694,11.571733,11.195416,11.289495,609880
1990-08-08,11.289495,11.430614,11.195416,11.289495,498795
1990-08-09,11.289494,11.712850,11.242454,11.712850,202048
1990-08-10,11.665809,11.665809,11.195413,11.383572,306386
1990-08-13,11.336531,11.336531,11.195412,11.336531,240964
1990-08-14,11.383570,11.430610,11.289491,11.336531,113373
1990-08-15,11.430610,11.524689,11.242451,11.336531,213253
1990-08-16,11.242449,11.336528,11.101331,11.148371,178313
1990-08-17,10.913178,11.007257,10.913178,10.960217,543133
1990-08-20,10.960219,11.148378,10.960219,11.054298,250120
1990-08-21,10.913180,11.007259,10.536863,10.819100,576145
1990-08-22,10.866137,10.913176,10.160543,10.160543,627108
1990-08-23,9.784227,10.113504,9.690148,10.066464,808313
1990-08-24,10.348701,10.725018,10.254622,10.725018,363976
1990-08-27,11.195412,11.195412,10.725018,10.725018,366988
1990-08-28,10.348700,10.536858,10.348700,10.489819,691807
1990-08-29,10.442779,10.630937,10.442779,10.442779,277711
1990-08-30,10.442785,10.442785,10.254628,10.301667,213735
1990-08-31,10.348700,10.489819,10.301661,10.489819,247108
1990-09-04,10.395739,10.442779,10.301661,10.442779,367831
1990-09-05,10.442779,10.489818,10.395739,10.442779,179398
1990-09-06,10.395738,10.442778,10.301660,10.348700,177108
1990-09-07,10.301661,10.442779,10.301661,10.442779,255301
1990-09-10,10.536858,10.677977,10.442779,10.442779,131084
1990-09-11,10.395739,10.630938,10.395739,10.489819,120241
1990-09-12,10.489819,10.489819,10.348700,10.489819,126627
1990-09-13,10.489821,10.489821,9.972387,10.019425,594458
1990-09-14,9.925341,10.066459,9.737182,9.784222,904578
1990-09-17,9.690148,9.831267,9.549030,9.690148,484096
1990-09-18,9.313836,9.360876,8.184886,8.702322,1748554
1990-09-19,8.796403,8.843442,7.855611,7.996730,1726627
1990-09-20,7.902650,7.902650,7.667452,7.761531,1079277
1990-09-21,7.808568,8.184885,7.714489,7.808568,1010964
1990-09-24,7.714492,7.761532,7.573374,7.573374,619518
1990-09-25,7.667444,8.043760,7.573366,8.043760,830000
1990-09-26,8.090808,8.326007,7.996730,7.996730,479398
1990-09-27,8.137845,8.231925,7.573371,7.808568,507349
1990-09-28,7.526333,7.855610,7.385214,7.714491,564096
1990-10-01,7.902647,7.902647,7.432251,7.432251,625422
1990-10-02,7.573371,7.573371,6.350342,6.961856,1892651
1990-10-03,6.914818,7.197056,6.914818,7.150016,833494
1990-10-04,7.102973,7.338171,7.055934,7.291131,367590
1990-10-05,7.102977,7.244095,7.055937,7.150016,311566
1990-10-08,7.197054,7.291133,6.961856,6.961856,284096
1990-10-09,6.867776,6.867776,6.773697,6.773697,319036
1990-10-10,6.773694,6.961852,6.773694,6.867774,672771
1990-10-11,6.961854,7.055933,6.867775,6.914814,354096
1990-10-12,7.008894,7.244092,6.867775,7.244092,538554
1990-10-15,7.150012,7.338170,7.055933,7.197052,594458
1990-10-16,7.150014,7.244093,7.008895,7.008895,263855
1990-10-17,7.008894,7.338170,7.008894,7.244092,337711
1990-10-18,7.291129,7.902644,7.291129,7.902644,304096
1990-10-19,8.137846,8.231926,7.573372,7.667450,486988
1990-10-22,7.573373,8.090808,7.526333,7.949689,259036
1990-10-23,7.855610,7.996729,7.855610,7.949689,113494
1990-10-24,7.996729,7.996729,7.761531,7.949689,118675
1990-10-25,7.949683,7.949683,7.808564,7.902644,96265
1990-10-26,7.808570,7.808570,7.150016,7.150016,385904
1990-10-29,7.150014,7.385211,6.961855,7.008895,392048
1990-10-30,6.952138,6.999432,6.810258,6.952138,575663
1990-10-31,6.952142,7.046728,6.857554,6.857554,236506
1990-11-01,6.904847,7.046727,6.810260,6.810260,340843
1990-11-02,6.952142,7.377783,6.904849,7.377783,127349
1990-11-05,7.377784,7.708838,7.283197,7.472371,328795
1990-11-06,7.472373,7.519667,7.188612,7.235906,152410
1990-11-07,7.141313,7.188607,7.094019,7.094019,132771
1990-11-08,6.952142,7.283196,6.952142,7.046729,194337
1990-11-09,7.141317,7.472371,7.141317,7.283197,205663
1990-11-12,7.472376,7.945311,7.472376,7.756137,579759
1990-11-13,7.898018,8.087192,7.708843,7.992605,413373
1990-11-14,7.945305,8.276359,7.945305,8.181772,320000
1990-11-15,8.181772,8.229066,8.039892,8.134479,308434
1990-11-16,8.134479,8.229066,7.992599,8.181772,250843
1990-11-19,8.181775,8.276362,8.134482,8.229069,181928
1990-11-20,8.229069,8.323656,8.087188,8.229069,305663
1990-11-21,8.181773,8.229067,7.945306,8.039893,365060
1990-11-23,8.039888,8.134475,8.039888,8.087181,120361
1990-11-26,8.087181,8.134475,7.945301,8.087181,142410
1990-11-27,8.134484,8.418245,8.134484,8.323658,268434
1990-11-28,8.276360,8.607414,8.229066,8.370947,246867
1990-11-29,8.323657,8.560124,8.323657,8.465538,219639
1990-11-30,8.465540,8.702007,8.229072,8.560126,276024
1990-12-03,8.560123,8.749297,8.512829,8.702003,251807
1990-12-04,8.701995,9.033049,8.654702,8.985756,441446
1990-12-05,9.033061,9.458703,8.891180,9.458703,540000
1990-12-06,10.026218,10.026218,9.269522,9.411403,671928
1990-12-07,9.364108,9.364108,8.985760,9.222228,522530
1990-12-10,9.127637,9.127637,8.891169,8.985756,436627
1990-12-11,9.080351,9.127644,8.796590,8.938470,191566
1990-12-12,8.796583,9.033049,8.749289,8.985756,251566
1990-12-13,8.985765,9.033059,8.843885,8.891178,199880
1990-12-14,8.843880,8.843880,8.607412,8.607412,188193
1990-12-17,8.418245,8.465539,8.323658,8.323658,226386
1990-12-18,8.370946,8.843881,8.370946,8.796587,295783
1990-12-19,8.843884,8.985763,8.796590,8.938470,285422
1990-12-20,8.749300,8.938474,8.654713,8.654713,439157
1990-12-21,8.796586,8.796586,8.701999,8.749292,316506
1990-12-24,8.749300,8.749300,8.654713,8.654713,126988
1990-12-26,8.701999,8.749293,8.607412,8.607412,119277
1990-12-27,8.607412,8.701999,8.607412,8.607412,101687
1990-12-28,8.560121,8.607415,8.512828,8.512828,133373
1990-12-31,8.607419,8.654713,8.512832,8.654713,182410
1991-01-02,8.749292,8.843880,8.701999,8.749292,249036
1991-01-03,8.701999,8.796586,8.607412,8.749292,212892
1991-01-04,8.701995,9.033049,8.701995,8.985756,270000
1991-01-07,8.891176,8.985763,8.796590,8.843884,206747
1991-01-08,8.796594,8.891180,8.560125,8.654713,306265
1991-01-09,8.749295,8.891174,8.276360,8.276360,291446
1991-01-10,8.370949,8.418242,8.276362,8.418242,128675
1991-01-11,8.512825,8.607412,8.512825,8.607412,127952
1991-01-14,8.512829,8.702003,8.465536,8.702003,258072
1991-01-15,8.702006,8.702006,8.560125,8.654713,125422
1991-01-16,8.702006,8.843887,8.654713,8.654713,326265
1991-01-17,8.985760,9.127641,8.938466,9.080347,434217
1991-01-18,9.080356,9.269529,9.033062,9.269529,296145
1991-01-21,9.174936,9.553283,9.127642,9.411403,202169
1991-01-22,9.316820,9.364114,9.269527,9.364114,131205
1991-01-23,9.316817,9.411404,9.316817,9.316817,183253
1991-01-24,9.411409,9.553290,9.364116,9.458703,691807
1991-01-25,9.458701,9.458701,9.222234,9.364114,459518
1991-01-28,9.269521,9.316814,8.985760,9.080347,282169
1991-01-29,9.118343,9.545765,9.070851,9.498274,406386
1991-01-30,9.450778,9.925692,9.450778,9.783217,286024
1991-01-31,9.830712,10.068169,9.688238,10.020678,321205
1991-02-01,10.115660,10.353118,10.068170,10.258135,643373
1991-02-04,10.258134,10.495591,10.115660,10.448100,313735
1991-02-05,10.780540,10.828032,10.495591,10.685557,644096
1991-02-06,10.590571,10.970502,10.495589,10.923011,302048
1991-02-07,10.875525,11.017998,10.685559,10.733050,450361
1991-02-08,10.638067,10.828033,10.543084,10.733050,222651
1991-02-11,10.638065,11.112979,10.543082,11.112979,361446
1991-02-12,11.112979,11.397927,11.112979,11.255453,584699
1991-02-13,11.160472,11.397929,11.112981,11.350437,353614
1991-02-14,11.350435,11.492910,11.302944,11.445418,444578
1991-02-15,11.445419,11.635385,11.445419,11.635385,489518
1991-02-19,11.635383,11.825348,11.587891,11.825348,368795
1991-02-20,11.777856,11.825348,11.730365,11.825348,237108
1991-02-21,11.777861,11.825353,11.682878,11.730370,505060
1991-02-22,11.777862,11.967828,11.730370,11.777862,256747
1991-02-25,11.777862,11.872845,11.350439,11.777862,676867
1991-02-26,11.682867,11.777850,11.540393,11.587885,318072
1991-02-27,11.635383,11.825348,11.492909,11.825348,170602
1991-02-28,11.825356,11.825356,11.587899,11.682881,143855
1991-03-01,11.587894,11.872842,11.445419,11.872842,341928
1991-03-04,12.062803,12.442733,12.015311,12.252768,1205783
1991-03-05,12.347753,12.727683,12.300261,12.680192,611687
1991-03-06,12.822671,12.822671,12.347757,12.347757,443253
1991-03-07,12.395244,12.395244,12.015313,12.157786,519036
1991-03-08,12.252772,12.347755,12.062807,12.062807,582289
1991-03-11,12.062808,12.157790,11.872842,11.872842,413373
1991-03-12,11.777862,12.015319,11.777862,11.777862,405422
1991-03-13,11.682879,11.777862,11.635388,11.777862,350843
1991-03-14,11.777850,11.825341,11.587885,11.587885,232651
1991-03-15,11.635376,11.682867,11.540393,11.587885,271928
1991-03-18,11.492902,11.872833,11.492902,11.587885,278313
1991-03-19,11.492904,11.540396,11.112973,11.207956,541687
1991-03-20,11.112979,11.350436,11.017997,11.160471,337590
1991-03-21,11.350435,11.397927,11.112979,11.112979,195542
1991-03-22,11.112976,11.160468,11.065485,11.065485,186145
1991-03-25,11.065490,11.492912,11.065490,11.302946,274940
1991-03-26,11.207954,11.587885,11.017989,11.587885,840843
1991-03-27,11.540402,11.777858,11.445419,11.635385,850361
1991-03-28,11.682867,11.682867,11.492902,11.587885,226506
1991-04-01,11.492912,11.540403,11.302946,11.302946,186988
1991-04-02,11.350439,11.872845,11.302948,11.777862,458072
1991-04-03,11.872840,11.967823,11.682875,11.920332,1403253
1991-04-04,11.872839,12.205278,11.825347,12.110295,345181
1991-04-05,12.015309,12.205274,11.967818,12.015309,609639
1991-04-08,12.015309,12.110291,11.825344,12.015309,198313
1991-04-09,11.967830,12.015322,11.635391,11.682881,260241
1991-04-10,11.682879,11.825353,11.682879,11.777862,205663
1991-04-11,11.825350,12.157789,11.777858,12.062807,502530
1991-04-12,12.157790,12.252773,11.872842,11.872842,219639
1991-04-15,12.442745,12.442745,12.062813,12.300270,783253
1991-04-16,12.300266,12.585214,12.205283,12.585214,947952
1991-04-17,12.585218,12.585218,12.300270,12.300270,512892
1991-04-18,12.300264,12.300264,12.015316,12.062807,362048
1991-04-19,11.492909,11.730365,11.397926,11.540401,557470
1991-04-22,11.445419,11.540402,11.160471,11.160471,793614
1991-04-23,11.255455,11.397929,11.112981,11.302946,511084
1991-04-24,11.350442,11.730373,11.302950,11.682881,371566
1991-04-25,11.682870,11.682870,11.445413,11.492905,249759
1991-04-26,11.350435,11.540401,11.350435,11.445418,188072
1991-04-29,11.445418,11.587893,11.207962,11.255453,249277
1991-04-30,11.388885,11.436537,11.150624,11.198277,402771
1991-05-01,11.388877,11.531834,11.341224,11.484181,325060
1991-05-02,11.579487,11.627139,11.484182,11.531835,219880
1991-05-03,11.436529,11.484181,11.388877,11.484181,446145
1991-05-06,11.341224,11.531834,11.293573,11.484181,350964
1991-05-07,11.341233,11.436537,11.198277,11.198277,433976
1991-05-08,11.055314,11.245923,11.055314,11.150619,358795
1991-05-09,11.150615,11.341223,11.150615,11.245919,237711
1991-05-10,11.245923,11.245923,10.960009,11.007662,379277
1991-05-13,11.007662,11.150619,11.007662,11.007662,376386
1991-05-14,10.960006,11.007658,10.864702,10.912354,247590
1991-05-15,10.912362,10.960013,10.674100,10.721752,472530
1991-05-16,10.817057,10.864709,10.674100,10.864709,189277
1991-05-17,10.817053,10.817053,10.721748,10.769401,151687
1991-05-20,10.817053,11.007662,10.817053,11.007662,190000
1991-05-21,11.055311,11.198268,11.055311,11.102963,170482
1991-05-22,11.102965,11.293574,11.102965,11.293574,253373
1991-05-23,11.293576,11.436532,11.150619,11.150619,226988
1991-05-24,11.245920,11.245920,11.055311,11.102963,716988
1991-05-28,11.198277,11.198277,11.055319,11.198277,301446
1991-05-29,11.198268,11.436529,11.198268,11.436529,479518
1991-05-30,11.341230,12.008362,11.341230,12.008362,581566
1991-05-31,12.008353,12.056005,11.913049,12.056005,463012
1991-06-03,12.008357,12.341922,12.008357,12.151313,388072
1991-06-04,12.103658,12.198962,11.960701,12.056005,356386
1991-06-05,12.008358,12.056010,11.674792,11.674792,421928
1991-06-06,11.627140,11.817748,11.531835,11.674792,277470
1991-06-07,11.627141,11.770097,11.531836,11.770097,187108
1991-06-10,11.770096,11.770096,11.579488,11.674792,229398
1991-06-11,11.627137,11.817746,11.579485,11.579485,233735
1991-06-12,11.627138,11.627138,11.055311,11.102963,192289
1991-06-13,11.102972,11.436538,11.055320,11.341233,331325
1991-06-14,11.341233,11.388886,11.293582,11.341233,151807
1991-06-17,11.341233,11.388885,11.198277,11.198277,243133
1991-06-18,11.102966,11.150619,11.007662,11.007662,619639
1991-06-19,11.007659,11.055311,10.912355,10.960007,294578
1991-06-20,10.817050,11.007658,10.817050,10.912354,303373
1991-06-21,11.007659,11.055311,10.864703,10.960007,500120
1991-06-24,10.864704,10.864704,10.388182,10.435834,524940
1991-06-25,10.531140,10.531140,10.435837,10.531140,269518
1991-06-26,10.531138,10.531138,10.388182,10.435834,485783
1991-06-27,10.483490,10.578794,10.435838,10.483490,161325
1991-06-28,10.435836,10.626444,10.388183,10.578792,265181
1991-07-01,10.769404,11.150622,10.769404,10.864709,384699
1991-07-02,10.769403,10.769403,10.388185,10.483490,469518
1991-07-03,10.435834,10.435834,10.292877,10.435834,540482
1991-07-05,10.388183,10.578792,10.340531,10.578792,160120
1991-07-08,10.483485,10.626441,10.435833,10.626441,170000
1991-07-09,10.626444,10.864705,10.578791,10.769401,404940
1991-07-10,10.817050,11.627137,10.817050,11.388876,471928
1991-07-11,11.579485,11.579485,11.245920,11.388876,380964
1991-07-12,11.436534,11.436534,11.055316,11.055316,307590
1991-07-15,11.055313,11.341226,10.864704,11.293574,304699
1991-07-16,11.627141,11.865401,11.579488,11.770097,575904
1991-07-17,11.770094,12.103660,11.770094,11.913051,404819
1991-07-18,11.960709,12.008362,11.865405,12.008362,304940
1991-07-19,11.960701,12.008354,11.627136,11.627136,216867
1991-07-22,11.627141,11.817749,11.531836,11.770097,490602
1991-07-23,11.865405,12.056014,11.817753,11.865405,364699
1991-07-24,11.865399,12.008356,11.436529,11.436529,338313
1991-07-25,11.531836,11.817749,11.531836,11.770097,194337
1991-07-26,11.770093,11.770093,11.531833,11.579485,197349
1991-07-29,11.579484,11.722440,11.579484,11.627136,284458
1991-07-30,11.674992,11.818536,11.627144,11.770688,464096
1991-07-31,11.770682,12.105621,11.722835,12.105621,352048
1991-08-01,11.962083,12.009932,11.818538,11.866386,355783
1991-08-02,11.962082,12.153476,11.914234,12.009931,297590
1991-08-05,12.009923,12.153468,11.866378,12.057772,154940
1991-08-06,12.009931,12.536263,11.914234,12.440566,513494
1991-08-07,12.584111,12.727656,12.536263,12.631959,338554
1991-08-08,12.679804,13.062591,12.679804,12.966894,433494
1991-08-09,12.966891,12.966891,12.727650,12.775498,204096
1991-08-12,12.631952,12.631952,12.440559,12.584104,365181
1991-08-13,12.584113,12.823355,12.536265,12.727658,353735
1991-08-14,12.775501,13.110439,12.775501,12.966894,364217
1991-08-15,12.966886,13.062582,12.727645,12.823341,151325
1991-08-16,12.823346,12.823346,12.536256,12.584104,228193
1991-08-19,11.866389,12.105631,11.866389,11.962086,362771
1991-08-20,12.153472,12.392713,12.105624,12.344865,314217
1991-08-21,12.631950,13.014736,12.584101,13.014736,445783
1991-08-22,12.871192,13.206130,12.871192,13.014736,307470
1991-08-23,12.966894,13.110439,12.823350,12.966894,224940
1991-08-26,13.014743,13.014743,12.871198,12.966894,146506
1991-08-27,13.062594,13.206139,13.014746,13.158291,386506
1991-08-28,13.110439,13.253984,13.014742,13.253984,215301
1991-08-29,13.062585,13.110433,12.871192,12.919041,277952
1991-08-30,12.966898,12.966898,12.679809,12.871202,135060
1991-09-03,12.775507,12.823355,12.631961,12.727658,306506
1991-09-04,12.727656,12.727656,12.536263,12.631959,242169
1991-09-05,12.584111,12.727656,12.440566,12.488415,161205
1991-09-06,12.440565,12.536262,12.153476,12.297020,157229
1991-09-09,12.297021,12.488415,12.249173,12.488415,248675
1991-09-10,12.536263,12.536263,12.249172,12.392717,267108
1991-09-11,12.344861,12.440558,12.057772,12.057772,401325
1991-09-12,12.105625,12.679804,12.057776,12.679804,373735
1991-09-13,12.679807,12.823353,12.488415,12.631959,300120
1991-09-16,12.631950,12.919041,12.631950,12.919041,469157
1991-09-17,12.823353,12.871201,12.631959,12.631959,293976
1991-09-18,12.536254,13.014736,12.488406,13.014736,357229
1991-09-19,12.919052,13.062597,12.631961,12.727658,247952
1991-09-20,12.727645,13.110431,12.727645,12.823341,552530
1991-09-23,12.823349,12.871198,12.584107,12.679804,220723
1991-09-24,12.679810,12.823355,12.584113,12.727658,292892
1991-09-25,12.823346,13.110435,12.823346,13.110435,326024
1991-09-26,13.014746,13.445381,13.014746,13.206140,597952
1991-09-27,13.397528,13.684619,13.349681,13.636770,447470
1991-09-30,13.541074,13.588923,13.301833,13.588923,416747
1991-10-01,13.588923,13.636771,13.493226,13.588923,426988
1991-10-02,13.588921,13.828163,13.493225,13.732467,473976
1991-10-03,13.684614,13.732463,13.301828,13.397524,386265
1991-10-04,13.158282,13.253979,12.919041,12.919041,268193
1991-10-07,12.919050,13.493230,12.727656,13.445381,420723
1991-10-08,13.301827,13.541068,13.014736,13.014736,481446
1991-10-09,12.919052,12.966900,12.727658,12.727658,289398
1991-10-10,12.871194,13.110435,12.871194,13.110435,249880
1991-10-11,13.110443,13.206140,13.062594,13.206140,70361
1991-10-14,13.493228,13.636773,13.349684,13.349684,307952
1991-10-15,13.397524,13.636766,13.206131,13.397524,619277
1991-10-16,13.588921,13.732467,13.493224,13.541073,338675
1991-10-17,13.541073,13.636770,13.445377,13.636770,333976
1991-10-18,13.541073,13.684618,13.493224,13.541073,182410
1991-10-21,13.397525,13.397525,13.110435,13.110435,114940
1991-10-22,13.110443,13.301836,13.062594,13.206140,369880
1991-10-23,13.206131,13.253979,13.014737,13.062586,304699
1991-10-24,13.110443,13.253988,13.062594,13.206140,214217
1991-10-25,13.110434,13.158283,12.966889,13.062586,436627
1991-10-28,13.206136,13.636771,13.206136,13.588923,310361
1991-10-29,13.636940,13.780993,13.636940,13.684958,404217
1991-10-30,13.780989,14.021075,13.684954,13.829005,476506
1991-10-31,13.877029,14.117117,13.877029,13.973064,392651
1991-11-01,14.117111,14.117111,13.829006,13.877024,498916
1991-11-04,13.829006,13.877024,13.636937,13.877024,354940
1991-11-05,13.973064,14.405221,13.973064,13.973064,565301
1991-11-06,14.021082,14.069099,13.877029,13.925047,513976
1991-11-07,13.925047,14.261169,13.780995,14.117117,465783
1991-11-08,14.309181,14.309181,14.117112,14.165130,308072
1991-11-11,14.165134,14.165134,14.021082,14.117117,189157
1991-11-12,14.213144,14.261162,14.021075,14.213144,251566
1991-11-13,14.021082,14.069099,13.877029,13.973064,322410
1991-11-14,14.021070,14.117105,13.396845,13.444861,469277
1991-11-15,13.444868,13.636938,13.252799,13.300817,429759
1991-11-18,13.348835,13.780992,13.060730,13.780992,596747
1991-11-19,13.780991,13.780991,13.108747,13.300817,376386
1991-11-20,13.444867,13.444867,13.252798,13.348833,297952
1991-11-21,13.252802,13.588923,13.252802,13.588923,172410
1991-11-22,13.540903,13.588921,13.300817,13.300817,144458
1991-11-25,13.252794,13.252794,12.868655,12.964690,289759
1991-11-26,13.060726,13.204779,12.676587,13.060726,283494
1991-11-27,12.964698,12.964698,12.532541,12.676593,438795
1991-11-29,12.580562,12.580562,12.532544,12.532544,127590
1991-12-02,12.388489,12.676593,12.340471,12.676593,640120
1991-12-03,12.580562,12.916684,12.580562,12.772632,310482
1991-12-04,12.868657,12.868657,12.580553,12.628570,432048
1991-12-05,12.580560,12.676594,12.436507,12.484525,318313
1991-12-06,12.484515,12.580550,12.436498,12.580550,367711
1991-12-09,12.580550,12.628567,12.484515,12.580550,355904
1991-12-10,12.532542,12.580560,12.388490,12.484525,364217
1991-12-11,12.580562,12.580562,12.388492,12.532544,368675
1991-12-12,12.484527,12.628578,12.484527,12.532544,207590
1991-12-13,12.580559,12.772628,12.580559,12.676593,508193
1991-12-16,12.676584,13.012706,12.676584,12.868654,392651
1991-12-17,12.964689,13.012706,12.772619,12.868654,285422
1991-12-18,12.964693,12.964693,12.820641,12.820641,225422
1991-12-19,12.820649,12.820649,12.532545,12.772632,746627
1991-12-20,13.012714,13.060732,12.916680,13.012714,482530
1991-12-23,13.060727,13.829005,12.964693,13.829005,326627
1991-12-24,14.021082,14.117117,13.925047,14.117117,331205
1991-12-26,14.117108,14.645299,14.117108,14.597282,372892
1991-12-27,14.885392,15.173497,14.693323,15.125481,1054940
1991-12-30,15.125474,15.173490,14.837369,15.077456,842289
1991-12-31,15.125481,15.413584,15.077462,15.125481,886867
1992-01-02,15.029446,15.125481,14.453236,15.125481,655783
1992-01-03,15.125481,15.173497,14.981427,15.125481,299036
1992-01-06,15.125474,15.173490,14.789352,15.077456,503855
1992-01-07,14.981432,15.077467,14.837380,14.981432,776265
1992-01-08,14.741343,15.029448,14.741343,14.885395,950723
1992-01-09,14.981423,15.077458,14.885388,15.029442,507590
1992-01-10,14.981430,15.029448,14.837378,14.885395,462771
1992-01-13,14.885395,14.981430,14.741343,14.837379,421325
1992-01-14,15.125476,15.653666,15.077457,15.653666,1502771
1992-01-15,15.749705,15.797724,15.365567,15.461602,938795
1992-01-16,15.413580,15.605650,15.365563,15.413580,522651
1992-01-17,15.317551,15.845743,15.317551,15.749708,731084
1992-01-20,15.845740,15.893759,15.701689,15.893759,412169
1992-01-21,15.845740,15.893759,15.605654,15.893759,450482
1992-01-22,15.845744,16.181866,15.845744,16.181866,399398
1992-01-23,16.229874,16.373925,16.037804,16.229874,479036
1992-01-24,16.229873,16.229873,16.037803,16.085819,290120
1992-01-27,15.989792,16.085825,15.845738,15.845738,253976
1992-01-28,15.990232,16.279213,15.942070,16.231049,357470
1992-01-29,16.182888,16.182888,15.556764,15.556764,392651
1992-01-30,15.604924,16.134719,15.604924,15.893903,328675
1992-01-31,15.893909,16.231053,15.893909,15.990236,397108
1992-02-03,15.990234,15.990234,15.556764,15.556764,360120
1992-02-04,15.556760,15.701249,15.508597,15.653087,482651
1992-02-05,15.701252,15.893906,15.701252,15.797579,752771
1992-02-06,15.797579,15.845743,15.749416,15.797579,168193
1992-02-07,15.797574,15.797574,15.556758,15.604922,275663
1992-02-10,15.701249,15.942067,15.604924,15.942067,233494
1992-02-11,15.893899,15.893899,15.604920,15.701245,117470
1992-02-12,15.701252,15.893906,15.701252,15.797579,311807
1992-02-13,15.797576,15.893903,15.604924,15.653087,250361
1992-02-14,15.604923,15.604923,15.267778,15.412270,459036
1992-02-18,15.364112,15.460439,15.267785,15.267785,287108
1992-02-19,15.219616,15.412270,15.219616,15.364105,261205
1992-02-20,15.412270,15.556760,15.315944,15.508597,487349
1992-02-21,15.556764,15.604928,15.412274,15.556764,362771
1992-02-24,15.460437,15.508602,15.026967,15.026967,449880
1992-02-25,15.171452,15.267778,15.171452,15.219615,529157
1992-02-26,15.219616,15.893903,15.219616,15.893903,281687
1992-02-27,15.893909,16.038401,15.749420,15.990236,289518
1992-02-28,16.038401,16.231053,15.942074,15.990236,229518
1992-03-02,15.990233,15.990233,15.797579,15.797579,479880
1992-03-03,15.845743,16.182886,15.845743,16.086559,359398
1992-03-04,15.990232,16.182886,15.942070,16.182886,233373
1992-03-05,16.182890,16.182890,15.942074,15.990236,207349
1992-03-06,15.942068,15.990230,15.460433,15.508597,300000
1992-03-09,15.315943,15.460432,15.267778,15.412270,288193
1992-03-10,15.460432,15.508596,15.412270,15.412270,202892
1992-03-11,15.412265,15.412265,15.267774,15.315938,244578
1992-03-12,15.315942,15.412269,15.219615,15.219615,214940
1992-03-13,15.315938,15.364101,15.219611,15.315938,204217
1992-03-16,15.364101,15.364101,15.315938,15.315938,136386
1992-03-17,15.315942,15.315942,15.171452,15.219615,265301
1992-03-18,15.267774,15.364101,15.171449,15.315938,313253
1992-03-19,15.315949,15.315949,15.219622,15.267785,199880
1992-03-20,15.315943,15.315943,15.123289,15.171453,300964
1992-03-23,15.171450,15.219612,15.123285,15.123285,231205
1992-03-24,15.123289,15.508596,15.123289,15.412270,290000
1992-03-25,15.508600,15.942070,15.508600,15.797579,304699
1992-03-26,15.845747,16.086563,15.845747,16.038401,165181
1992-03-27,15.990234,16.086561,15.556764,15.556764,274217
1992-03-30,15.556760,15.845740,15.556760,15.845740,333976
1992-03-31,15.797576,15.893903,15.508597,15.508597,420482
1992-04-01,15.267778,15.412270,15.219616,15.364105,397711
1992-04-02,15.364107,15.460434,14.786147,14.786147,454699
1992-04-03,14.786151,14.882478,14.786151,14.834314,884940
1992-04-06,14.882469,15.171450,14.882469,15.123285,321687
1992-04-07,15.075129,15.171456,14.593495,14.593495,180120
1992-04-08,14.063694,14.352674,13.774714,14.256347,936506
1992-04-09,14.256348,14.737982,14.160022,14.545329,249398
1992-04-10,14.834313,15.123293,14.593497,14.882477,205422
1992-04-13,15.075126,15.267778,14.834308,15.219615,348916
1992-04-14,15.315943,15.701248,15.171453,15.364105,469277
1992-04-15,15.460434,15.460434,14.930636,14.978801,290964
1992-04-16,14.978806,15.267785,14.834316,15.267785,472892
1992-04-20,15.171458,15.171458,14.882477,14.882477,376867
1992-04-21,14.882466,14.930629,14.737976,14.737976,299759
1992-04-22,14.930637,14.930637,14.786147,14.786147,359157
1992-04-23,14.834314,14.882478,14.737987,14.834314,275783
1992-04-24,14.834311,14.978801,14.786147,14.786147,70723
1992-04-27,14.786150,14.930639,14.737986,14.882477,248675
1992-04-28,14.959931,15.008345,14.863103,14.959931,208916
1992-04-29,15.056760,15.395658,15.008345,15.395658,230964
1992-04-30,15.395666,15.734564,15.347251,15.734564,258434
1992-05-01,15.831394,16.170292,15.831394,16.170292,371325
1992-05-04,16.121876,16.121876,15.879805,15.928220,173855
1992-05-05,15.928226,15.928226,15.589328,15.782983,380000
1992-05-06,15.831398,15.879811,15.734570,15.782983,320602
1992-05-07,15.686149,15.734563,15.444078,15.492493,443494
1992-05-08,15.540906,15.540906,15.395664,15.492493,213133
1992-05-11,15.444070,15.540898,15.395657,15.444070,206024
1992-05-12,15.444073,15.444073,15.298831,15.347244,91205
1992-05-13,15.298836,15.298836,15.202007,15.202007,223855
1992-05-14,15.202001,15.298829,15.105173,15.250416,204217
1992-05-15,15.202011,15.202011,15.056769,15.056769,228072
1992-05-18,15.105179,15.153594,14.959937,15.008350,210241
1992-05-19,15.008350,15.056765,14.959937,15.008350,231325
1992-05-20,14.959931,15.008345,14.911517,14.959931,268193
1992-05-21,14.814689,15.008345,14.814689,14.911517,182169
1992-05-22,14.959931,15.056760,14.959931,14.959931,248072
1992-05-26,14.959931,15.008345,14.863103,14.911517,102048
1992-05-27,14.863103,14.959931,14.863103,14.911517,248916
1992-05-28,14.911517,14.911517,14.814689,14.911517,235301
1992-05-29,15.008355,15.105183,14.863113,14.863113,207711
1992-06-01,14.959931,14.959931,14.766275,14.911517,165181
1992-06-02,14.959936,15.008349,14.766279,14.766279,291807
1992-06-03,14.814696,14.814696,14.669455,14.669455,296265
1992-06-04,14.669447,14.669447,14.427377,14.427377,473012
1992-06-05,14.427375,14.524203,14.378961,14.524203,265904
1992-06-08,14.475800,15.056769,14.475800,15.056769,150964
1992-06-09,15.008344,15.008344,14.427377,14.427377,197470
1992-06-10,14.330546,14.378960,14.233719,14.282133,407229
1992-06-11,14.330546,14.572616,14.330546,14.475788,166747
1992-06-12,14.572624,15.008350,14.524210,14.717867,315301
1992-06-15,14.717862,15.008345,14.717862,14.959931,136506
1992-06-16,15.105173,15.298829,14.911517,14.911517,272530
1992-06-17,14.863100,14.911514,14.475788,14.475788,236265
1992-06-18,14.475791,14.669447,14.378963,14.427377,216024
1992-06-19,14.524202,14.669445,14.475788,14.475788,219277
1992-06-22,14.427382,14.717867,14.427382,14.717867,184458
1992-06-23,14.766282,14.766282,14.524212,14.669455,159157
1992-06-24,14.621030,14.621030,14.427374,14.475788,206506
1992-06-25,14.524205,14.572619,14.427377,14.427377,117831
1992-06-26,14.475796,14.766280,14.427382,14.572624,226265
1992-06-29,14.621035,15.153589,14.572621,15.153589,138795
1992-06-30,15.105183,15.105183,14.863113,14.863113,390482
1992-07-01,14.911515,15.540897,14.863101,15.298827,342169
1992-07-02,15.347244,15.589316,15.153589,15.153589,233012
1992-07-06,15.056759,15.444070,14.911516,15.444070,187108
1992-07-07,15.492486,15.492486,14.911517,14.911517,302410
1992-07-08,14.959937,15.056765,14.766281,15.008350,133976
1992-07-09,15.008344,15.250416,15.008344,15.250416,90602
1992-07-10,15.347244,15.395659,15.202003,15.347244,141687
1992-07-13,15.395659,15.395659,15.153589,15.153589,101928
1992-07-14,15.250418,15.831386,15.250418,15.831386,509036
1992-07-15,15.782970,16.025041,15.782970,15.976626,265783
1992-07-16,15.976626,16.121870,15.928213,15.976626,348554
1992-07-17,15.879805,15.879805,15.540907,15.734564,204096
1992-07-20,15.637736,15.831392,15.444079,15.734564,379157
1992-07-21,15.831391,16.170289,15.734563,16.121876,324940
1992-07-22,16.121873,16.170286,15.879801,16.073458,206024
1992-07-23,16.073461,16.170289,15.976632,16.121876,249157
1992-07-24,15.976626,16.170283,15.976626,15.976626,170602
1992-07-27,15.928220,16.218703,15.928220,15.928220,230602
1992-07-28,16.006053,16.346607,16.006053,16.346607,187229
1992-07-29,16.735815,16.784467,16.589864,16.735815,392048
1992-07-30,16.784472,16.833122,16.687171,16.833122,191446
1992-07-31,16.735813,17.222321,16.735813,17.125019,176145
1992-08-03,17.125012,17.125012,16.735807,17.076361,171807
1992-08-04,17.125021,17.125021,16.979070,17.027719,129157
1992-08-05,17.125021,17.173671,16.979070,17.027719,238795
1992-08-06,17.027718,17.173669,17.027718,17.125019,203373
1992-08-07,17.027722,17.173674,16.589867,16.687168,228313
1992-08-10,16.687165,16.784467,16.443912,16.735815,152651
1992-08-11,16.784472,16.881774,16.638519,16.833122,192410
1992-08-12,16.784471,16.930422,16.492566,16.541218,86145
1992-08-13,16.589864,16.735815,16.443913,16.443913,111687
1992-08-14,16.735818,16.735818,16.589867,16.589867,160361
1992-08-17,16.541211,16.930415,16.541211,16.784464,123855
1992-08-18,16.687165,16.735815,16.492562,16.735815,174217
1992-08-19,16.687169,17.125025,16.492566,16.541218,186988
1992-08-20,16.541215,16.589865,16.346612,16.395262,184578
1992-08-21,16.443911,16.492560,16.006055,16.152006,214819
1992-08-24,16.103358,16.103358,15.714152,15.762804,138072
1992-08-25,15.762808,15.908759,15.568205,15.860107,306265
1992-08-26,15.908752,16.006054,15.811451,15.811451,160241
1992-08-27,15.908750,16.152002,15.908750,16.054701,156024
1992-08-28,15.957409,15.957409,15.762808,15.860107,106145
1992-08-31,15.908749,15.908749,15.470894,15.470894,154578
1992-09-01,15.470896,16.006053,15.470896,15.908751,202651
1992-09-02,16.054703,16.054703,15.714149,15.908751,293614
1992-09-03,15.908759,16.103362,15.762808,15.860107,169157
1992-09-04,15.860104,15.908755,15.714152,15.762804,155181
1992-09-08,15.762803,15.811453,15.568200,15.616850,264337
1992-09-09,15.568202,15.762805,15.519550,15.519550,219036
1992-09-10,15.616849,16.152006,15.470898,16.152006,477831
1992-09-11,16.152005,16.152005,15.762801,15.811451,232048
1992-09-14,16.054710,16.541218,16.006060,16.541218,348434
1992-09-15,16.541208,16.541208,16.006051,16.054701,246024
1992-09-16,15.665506,16.054710,15.616855,15.860107,305301
1992-09-17,15.860108,16.103363,15.860108,16.006062,196145
1992-09-18,15.665499,15.957401,15.665499,15.908751,312892
1992-09-21,15.860108,16.006062,15.470904,16.006062,528313
1992-09-22,16.054707,16.881768,16.054707,16.735815,728795
1992-09-23,16.638510,16.687161,16.346607,16.638510,512169
1992-09-24,16.687164,17.319623,16.687164,17.270971,441566
1992-09-25,17.270972,17.319624,16.589864,16.735815,395301
1992-09-28,16.735811,16.735811,16.492558,16.638510,223614
1992-09-29,16.638514,16.638514,16.395261,16.443913,421807
1992-09-30,16.443912,17.076369,16.443912,17.027719,951807
1992-10-01,16.979073,17.319628,16.833120,17.222326,564458
1992-10-02,17.173663,17.222315,16.930410,16.930410,221325
1992-10-05,16.735808,16.930410,16.492555,16.930410,476988
1992-10-06,16.930410,17.270964,16.784459,16.930410,231084
1992-10-07,16.833119,16.979073,16.589867,16.589867,425301
1992-10-08,16.833125,17.027728,16.833125,16.979078,243373
1992-10-09,16.930424,16.930424,16.784472,16.833122,66506
1992-10-12,16.833120,16.930422,16.541218,16.541218,1276506
1992-10-13,16.443913,16.443913,16.297959,16.443913,414819
1992-10-14,16.395265,16.541218,16.297963,16.541218,669398
1992-10-15,16.152004,16.492558,16.152004,16.346607,455422
1992-10-16,16.297963,16.589868,16.249313,16.541218,314699
1992-10-19,16.492565,16.735818,16.443915,16.687168,558193
1992-10-20,16.687168,16.784470,16.589867,16.687168,366145
1992-10-21,16.735818,16.735818,16.541217,16.589867,265181
1992-10-22,16.638510,16.735811,16.541210,16.638510,109759
1992-10-23,16.687160,16.687160,16.443908,16.492558,283614
1992-10-26,16.541214,16.784467,16.541214,16.735815,276145
1992-10-27,16.735815,16.979070,16.735815,16.735815,229277
1992-10-28,16.735821,16.833122,16.687171,16.833122,227590
1992-10-29,16.784467,16.930418,16.735815,16.735815,176145
1992-10-30,16.735811,16.833113,16.638510,16.638510,371687
1992-11-02,16.638519,16.833122,16.589869,16.833122,281084
1992-11-03,16.764696,16.813572,16.520313,16.618067,249036
1992-11-04,16.618067,16.764696,16.569189,16.618067,133614
1992-11-05,16.520311,16.569187,16.422558,16.422558,216627
1992-11-06,16.520302,16.764685,16.471424,16.764685,145422
1992-11-09,16.666937,16.911320,16.666937,16.666937,215301
1992-11-10,16.618069,16.862452,16.422561,16.862452,297831
1992-11-11,16.813572,17.400093,16.813572,17.351215,261084
1992-11-12,17.448961,17.742222,17.448961,17.693344,255301
1992-11-13,17.644474,17.693350,17.302338,17.400091,163253
1992-11-16,17.351214,17.497845,17.351214,17.400091,123012
1992-11-17,17.400091,17.546721,17.351214,17.400091,233373
1992-11-18,17.351212,17.351212,17.204582,17.204582,129880
1992-11-19,17.351215,17.497847,17.253462,17.351215,393735
1992-11-20,17.497843,17.644472,17.400089,17.546719,191566
1992-11-23,17.497843,17.595594,17.400089,17.546719,129639
1992-11-24,17.497833,18.035475,17.497833,17.791092,337711
1992-11-25,17.693333,18.182100,17.693333,17.986593,512048
1992-11-27,18.133230,18.328737,18.133230,18.182108,300241
1992-11-30,18.182115,18.670881,18.182115,18.670881,388554
1992-12-01,18.866383,18.915258,18.719753,18.915258,471687
1992-12-02,18.915258,19.013012,18.915258,18.964136,405181
1992-12-03,18.915258,19.061890,18.768629,18.866383,347470
1992-12-04,18.964136,19.061890,18.817505,18.866383,290602
1992-12-07,18.866388,18.866388,18.622005,18.670881,212651
1992-12-08,18.670891,19.013027,18.670891,19.013027,279759
1992-12-09,19.013012,19.013012,18.768629,18.768629,126867
1992-12-10,18.768629,18.964136,18.524246,18.866383,324217
1992-12-11,18.768629,18.817505,18.573122,18.768629,183494
1992-12-14,18.768629,18.866383,18.719753,18.768629,99036
1992-12-15,18.670879,18.670879,18.475372,18.475372,295542
1992-12-16,18.377621,18.426498,18.230991,18.230991,288675
1992-12-17,18.279869,18.377621,18.133238,18.230991,236265
1992-12-18,18.573131,19.501789,18.524255,19.501789,554940
1992-12-21,19.404041,19.452917,18.866398,19.013027,404217
1992-12-22,19.061905,19.501795,18.866398,19.013027,357108
1992-12-23,18.866394,19.306284,18.866394,19.208530,350482
1992-12-24,19.208517,19.306270,19.061888,19.159639,169759
1992-12-28,19.061899,19.355158,18.719763,19.355158,283133
1992-12-29,19.306272,19.306272,18.964136,18.964136,240843
1992-12-30,18.964130,19.061884,18.768624,19.061884,260361
1992-12-31,19.061890,19.110765,18.817505,18.915258,356867
1993-01-04,19.159636,19.208513,19.013006,19.061884,268554
1993-01-05,19.159636,19.159636,18.817499,19.061884,446627
1993-01-06,19.110769,19.306276,19.061893,19.257399,279518
1993-01-07,19.257401,19.990551,19.208525,19.550661,616988
1993-01-08,19.501789,19.501789,19.159651,19.355158,587952
1993-01-11,19.257410,19.306288,19.013027,19.013027,195060
1993-01-12,19.012999,19.501766,18.915246,19.404013,432530
1993-01-13,19.306274,19.648411,19.257397,19.648411,227349
1993-01-14,19.941677,20.430443,19.941677,20.332689,535542
1993-01-15,20.332684,20.674820,20.283808,20.381559,491928
1993-01-18,20.381567,20.381567,20.137184,20.283815,259880
1993-01-19,20.234922,20.234922,19.843910,19.941664,294096
1993-01-20,19.990545,20.332682,19.941669,20.234928,437590
1993-01-21,20.283806,20.332682,20.186052,20.234928,242169
1993-01-22,20.332693,20.625954,20.332693,20.528200,251446
1993-01-25,20.577059,20.723690,20.479305,20.674812,243253
1993-01-26,20.772574,20.919203,20.674820,20.723698,265301
1993-01-27,20.821449,21.163587,20.821449,20.821449,309036
1993-01-28,20.870333,21.065840,20.772579,21.065840,313373
1993-01-29,21.065838,21.065838,20.772577,20.772577,199277
1993-02-01,20.723698,21.261339,20.577067,21.163588,266386
1993-02-02,21.257854,21.748797,21.208759,21.699701,504578
1993-02-03,21.699685,22.387007,21.699685,22.387007,783735
1993-02-04,22.583382,23.172515,22.583382,23.025230,599277
1993-02-05,23.025237,23.123426,21.994257,22.092445,420000
1993-02-08,22.092452,22.632490,21.994263,22.288830,302771
1993-02-09,22.190634,22.190634,21.797878,21.797878,270723
1993-02-10,21.896079,22.239739,21.896079,22.141550,217590
1993-02-11,22.190641,22.337923,22.190641,22.288830,188193
1993-02-12,22.337925,22.337925,21.994265,21.994265,248072
1993-02-16,21.699693,21.748788,20.668713,20.668713,434337
1993-02-17,20.668714,20.963281,20.619621,20.766903,223735
1993-02-18,21.012370,21.306937,20.668710,20.815994,393133
1993-02-19,21.110567,21.601511,21.110567,21.601511,225060
1993-02-22,21.797891,21.797891,21.208759,21.208759,320361
1993-02-23,21.257847,21.257847,20.423243,20.423243,243373
1993-02-24,20.521428,21.012371,20.521428,20.717806,597229
1993-02-25,20.816005,21.797890,20.816005,21.699701,215301
1993-02-26,21.503332,21.601521,21.159671,21.552425,233373
1993-03-01,21.797882,21.797882,21.429676,21.503317,107068
1993-03-02,22.534301,22.534301,21.945169,22.313375,362249
1993-03-03,22.313376,22.681583,22.239734,22.681583,190120
1993-03-04,22.607945,22.607945,22.092455,22.166096,272450
1993-03-05,22.166096,22.534304,22.166096,22.460663,337912
1993-03-08,22.460663,23.565285,22.460663,23.565285,390442
1993-03-09,26.069085,26.363649,24.817179,26.363649,1621124
1993-03-10,26.805500,27.836480,26.805500,27.615557,1620723
1993-03-11,27.541929,28.278343,27.321004,28.278343,1053815
1993-03-12,28.131054,29.309319,27.762846,29.162035,1408514
1993-03-15,29.456601,29.603883,29.088393,29.309319,1080000
1993-03-16,29.309310,29.382952,28.204687,28.204687,968755
1993-03-17,27.689199,27.910124,27.247350,27.468275,942490
1993-03-18,27.394650,27.762856,27.173724,27.689215,495261
1993-03-19,27.689211,27.689211,26.216381,26.584589,625301
1993-03-22,26.363651,26.952785,26.069087,26.731859,363936
1993-03-23,26.510943,26.731866,26.216376,26.437300,340321
1993-03-24,26.437308,27.321007,26.363667,27.321007,665060
1993-03-25,27.615566,27.836490,27.100076,27.247358,428032
1993-03-26,27.320990,27.615557,27.100067,27.615557,392450
1993-03-29,27.689199,27.762840,27.394634,27.468275,577992
1993-03-30,27.468290,27.615572,27.247364,27.541931,335020
1993-03-31,27.689204,28.131053,27.173714,27.173714,281365
1993-04-01,27.320988,27.320988,25.332669,26.363649,1816064
1993-04-02,26.216381,27.026438,25.774532,26.584589,980643
1993-04-05,26.510943,26.584584,26.363659,26.437300,458795
1993-04-06,26.437294,26.437294,25.995445,26.069088,405382
1993-04-07,26.216375,27.100074,26.069093,26.952791,362008
1993-04-08,27.026435,27.100076,26.731868,26.805510,449880
1993-04-12,27.394634,27.615557,27.394634,27.468275,313574
1993-04-13,27.836482,29.309313,27.836482,28.867464,737028
1993-04-14,29.382959,29.456601,29.014751,29.382959,575100
1993-04-15,29.456599,29.456599,28.425619,28.499260,996627
1993-04-16,28.867468,28.867468,28.057411,28.131052,387711
1993-04-19,28.278329,28.278329,27.394633,27.615557,393173
1993-04-20,27.394639,27.394639,26.658223,27.173714,1017831
1993-04-21,27.247359,27.247359,26.510945,26.805510,424819
1993-04-22,26.879148,27.394640,26.510942,26.952791,377108
1993-04-23,26.952794,27.321000,26.805510,26.805510,298233
1993-04-26,26.363671,26.584597,24.522633,24.522633,589799
1993-04-27,24.743554,26.142743,24.743554,25.921818,699036
1993-04-28,26.069085,26.879140,25.848159,26.363649,299679
1993-04-29,26.510944,26.510944,25.774529,26.142736,243614
1993-04-30,26.363665,27.100080,26.363665,27.100080,195663
1993-05-03,26.731864,26.731864,26.216374,26.510941,254056
1993-05-04,26.605530,27.344572,26.383816,26.975050,322570
1993-05-05,26.901152,27.122865,26.753344,26.827248,279036
1993-05-06,26.975057,27.122867,26.457728,26.605537,368434
1993-05-07,26.679443,26.753347,26.309921,26.383825,147550
1993-05-10,26.457732,27.270679,26.457732,27.196775,366185
1993-05-11,27.122881,27.418497,26.531645,27.418497,369076
1993-05-12,27.566292,27.566292,27.270674,27.492388,349639
1993-05-13,27.492385,27.492385,26.753342,27.048960,218313
1993-05-14,27.048963,27.048963,26.014302,26.236015,264337
1993-05-17,26.236021,26.457733,25.644787,26.309925,375100
1993-05-18,26.309920,26.605537,25.718686,26.531631,341205
1993-05-19,26.531634,26.827251,25.866496,26.753347,558394
1993-05-20,26.901167,27.714115,26.827263,27.418497,833815
1993-05-21,27.492395,27.492395,27.048969,27.344585,600964
1993-05-24,27.196775,27.418487,26.975062,27.196775,203775
1993-05-25,27.048969,27.122873,26.827256,27.122873,208594
1993-05-26,27.122870,28.009722,26.975060,28.009722,789558
1993-05-27,28.231434,28.231434,27.640200,28.009722,415743
1993-05-28,28.009733,28.009733,27.418497,27.418497,238554
1993-06-01,27.196785,27.566307,27.122881,27.418497,665783
1993-06-02,27.640207,27.935823,27.492399,27.861919,450602
1993-06-03,27.861915,27.861915,27.270682,27.566299,337992
1993-06-04,27.344583,27.492393,26.901158,27.196775,239438
1993-06-07,27.270684,27.344588,26.014311,26.014311,328273
1993-06-08,26.014302,26.827249,25.718686,26.236015,323936
1993-06-09,26.309919,26.457727,25.718685,26.088205,318474
1993-06-10,26.014311,26.088215,25.866503,26.014311,313253
1993-06-11,26.162100,26.679429,26.014290,26.162100,321687
1993-06-14,26.162118,27.122873,26.162118,27.122873,562088
1993-06-15,26.975056,27.048961,26.753344,26.827248,148594
1993-06-16,26.753344,27.122865,26.753344,26.827248,330201
1993-06-17,26.901152,26.901152,26.753344,26.827248,131486
1993-06-18,26.753345,26.753345,26.531632,26.605537,258876
1993-06-21,26.679438,27.048960,26.531628,27.048960,244980
1993-06-22,26.975062,27.196775,26.901158,27.196775,274940
1993-06-23,27.196768,27.566289,26.901150,27.048960,213735
1993-06-24,27.196782,29.192198,27.196782,29.118294,989639
1993-06-25,28.822661,29.487801,28.748757,29.487801,825060
1993-06-28,29.339994,31.187601,29.339994,31.113697,1056386
1993-06-29,31.261487,31.261487,30.596348,30.818060,354940
1993-06-30,30.670270,31.261505,30.670270,31.113697,324257
1993-07-01,31.261504,31.261504,30.226843,30.670269,467952
1993-07-02,30.374662,30.448566,29.783426,29.857332,352289
1993-07-06,29.931248,30.152960,29.413918,29.635630,612450
1993-07-07,29.561713,30.744181,29.340001,30.596373,676707
1993-07-08,30.596372,31.704935,30.596372,31.631031,796386
1993-07-09,31.557119,31.704927,30.596363,30.891979,594137
1993-07-12,30.448553,32.000544,30.448553,31.926640,794137
1993-07-13,31.926664,32.074472,30.965908,30.965908,878153
1993-07-14,31.113708,31.113708,30.448568,30.448568,858153
1993-07-15,30.448557,30.744173,30.300749,30.670269,495341
1993-07-16,30.670280,30.891992,30.226855,30.448568,380241
1993-07-19,30.374672,31.113716,30.300768,30.965908,574137
1993-07-20,31.113709,31.852749,30.965901,31.557133,867711
1993-07-21,31.483212,32.148351,31.483212,31.926640,649880
1993-07-22,31.926664,32.000568,30.818096,30.965908,455261
1993-07-23,30.818084,31.852743,30.818084,31.631031,326747
1993-07-26,31.557127,32.148363,31.483223,31.631031,378394
1993-07-27,31.778839,31.926651,31.631031,31.631031,399839
1993-07-28,31.631031,32.148363,31.409319,31.778839,440402
1993-07-29,32.074461,32.370077,31.778841,32.148365,460321
1993-07-30,32.222255,32.370063,31.631020,31.926640,464418
1993-08-02,32.074455,32.370071,31.926647,32.074455,431486
1993-08-03,32.618290,32.840687,32.395893,32.618290,813976
1993-08-04,32.544159,32.692423,32.321762,32.544159,298715
1993-08-05,32.692402,32.692402,32.099345,32.173477,107390
1993-08-06,32.321761,32.618290,32.247629,32.618290,264257
1993-08-09,32.618315,33.804434,32.544183,33.656170,796707
1993-08-10,33.804434,34.100967,33.582038,33.656170,313896
1993-08-11,33.804390,33.804390,33.211333,33.285465,265141
1993-08-12,33.285493,33.582022,32.988964,33.211361,365141
1993-08-13,33.285483,33.730276,33.063086,33.137218,264418
1993-08-16,33.211377,33.211377,32.766580,32.914848,326908
1993-08-17,32.914810,32.914810,32.321749,32.692410,446747
1993-08-18,32.544159,32.618291,31.876966,32.544159,356064
1993-08-19,32.544160,33.507882,32.470028,33.433750,243936
1993-08-20,33.507877,33.507877,32.618288,32.766552,405462
1993-08-23,32.766554,33.285483,32.692422,33.137218,236225
1993-08-24,32.766541,33.507866,32.247616,33.507866,408032
1993-08-25,33.730273,34.619863,33.656141,33.804405,459598
1993-08-26,33.804410,34.619868,33.433749,34.471603,356145
1993-08-27,34.249202,34.249202,33.730273,33.804405,343052
1993-08-30,33.804409,34.397470,33.804409,34.199783,167952
1993-08-31,34.199785,35.089375,34.002098,35.089375,384217
1993-09-01,34.891688,35.484749,34.694001,35.484749,468434
1993-09-02,35.484746,35.781274,34.595156,34.792843,667590
1993-09-03,34.792846,35.188220,34.298630,35.089375,270301
1993-09-07,34.990528,35.682431,34.595154,34.595154,311867
1993-09-08,34.397476,34.891692,32.815983,33.606731,456867
1993-09-09,33.409035,34.595154,33.409035,34.595154,395241
1993-09-10,34.990526,35.880116,34.990526,35.583584,530361
1993-09-13,35.781276,36.670866,35.781276,36.077808,413735
1993-09-14,35.880121,36.967398,35.880121,36.769711,593735
1993-09-15,36.374349,37.362781,36.176662,37.263939,682590
1993-09-16,37.066243,37.263930,36.670869,37.165085,271747
1993-09-17,36.572040,37.362785,36.374353,37.362785,766145
1993-09-20,37.955847,37.955847,37.066256,37.362785,450904
1993-09-21,36.769703,36.769703,34.990523,36.374329,600723
1993-09-22,37.758161,37.955848,36.670883,37.461632,1471807
1993-09-23,37.659307,38.450052,37.560462,38.252365,1465361
1993-09-24,38.252362,38.351208,38.054675,38.351208,688494
1993-09-27,38.351200,38.746571,38.351200,38.746571,572831
1993-09-28,38.746593,39.141968,38.647752,39.141968,582892
1993-09-29,39.141965,39.141965,38.548907,38.845436,388855
1993-09-30,38.746564,38.746564,37.560446,37.758133,473614
1993-10-01,37.856999,38.054683,37.856999,37.955841,381084
1993-10-04,37.955820,38.054662,37.758133,37.758133,386446
1993-10-05,37.955841,37.955841,37.758154,37.955841,329518
1993-10-06,37.758163,37.857008,37.362788,37.659321,433614
1993-10-07,37.560449,37.659295,36.868547,36.967392,283133
1993-10-08,36.572023,36.967398,36.473178,36.769711,393976
1993-10-11,36.769715,36.868557,36.670870,36.868557,269036
1993-10-12,37.165109,38.252387,37.165109,38.153545,990361
1993-10-13,37.955841,38.054683,37.659312,37.955841,714578
1993-10-14,37.955861,38.450077,37.461645,38.450077,735181
1993-10-15,38.450049,38.450049,37.165085,37.165085,693253
1993-10-18,37.263926,37.560455,36.572023,36.769711,741265
1993-10-19,36.868548,37.560451,35.880116,35.978958,1018795
1993-10-20,36.374321,36.374321,35.385890,35.682419,624880
1993-10-21,35.484762,35.880136,35.089388,35.287075,219880
1993-10-22,35.781291,36.176665,35.188233,35.287075,332831
1993-10-25,35.682418,35.682418,34.693983,34.891670,423795
1993-10-26,34.792838,34.891680,33.804403,34.298622,720602
1993-10-27,34.199785,34.891688,33.903256,34.002098,332530
1993-10-28,33.705557,34.990521,33.507870,34.693989,528614
1993-10-29,34.693983,35.188202,34.595142,34.891670,359880
1993-11-01,34.792844,34.792844,34.100941,34.496315,236265
1993-11-02,34.397200,34.496326,32.910288,33.604179,489337
1993-11-03,33.604172,33.703302,31.621624,31.819880,1198133
1993-11-04,32.117254,32.315505,31.621614,31.918999,1014639
1993-11-05,31.919023,32.315530,31.819893,32.216404,544819
1993-11-08,32.414639,33.703295,32.315509,33.405910,576687
1993-11-09,33.901556,34.496321,33.505049,33.703304,691506
1993-11-10,33.604179,33.703309,33.306798,33.604179,517169
1993-11-11,33.604179,33.901560,33.604179,33.604179,295663
1993-11-12,33.604156,33.604156,32.513755,33.108521,382831
1993-11-15,33.108530,33.207656,32.612894,32.811150,412771
1993-11-16,32.910289,33.306799,32.414653,32.513779,296145
1993-11-17,32.513776,32.712032,32.117270,32.315521,347952
1993-11-18,32.117257,32.117257,31.423362,31.522491,565181
1993-11-19,31.522511,31.919021,31.423381,31.720766,621446
1993-11-22,31.522495,31.522495,30.828604,31.026859,377952
1993-11-23,31.720750,32.117260,31.423365,32.117260,452831
1993-11-24,31.919002,32.216382,31.522491,31.522491,559036
1993-11-26,31.919021,31.919021,31.621637,31.720766,80482
1993-11-29,31.919009,32.018135,31.720754,31.819880,364036
1993-11-30,31.720766,31.720766,31.126000,31.720766,431024
1993-12-01,31.919010,32.811156,31.919010,32.414646,521627
1993-12-02,32.414651,32.712032,32.117270,32.315521,379518
1993-12-03,32.414639,32.811150,32.315510,32.811150,454880
1993-12-06,32.811152,34.000679,32.811152,34.000679,374819
1993-12-07,34.000676,34.298057,33.306785,33.405910,323494
1993-12-08,33.405918,33.405918,32.712026,33.009411,233976
1993-12-09,33.306778,33.505033,33.207649,33.306778,273976
1993-12-10,33.405909,33.405909,32.513763,32.612892,155181
1993-12-13,32.712018,32.712018,31.720746,32.612892,289277
1993-12-14,32.513771,32.513771,31.720754,31.819880,181566
1993-12-15,31.720750,31.720750,30.828604,31.026859,467470
1993-12-16,31.324240,32.018131,30.828604,31.026859,409819
1993-12-17,31.125981,31.621617,31.125981,31.522491,501446
1993-12-20,31.522489,31.720744,31.026853,31.324234,253253
1993-12-21,31.324238,31.324238,30.630347,30.828602,502229
1993-12-22,30.828610,31.522502,30.828610,31.423372,615181
1993-12-23,31.522502,32.117267,31.423372,31.423372,643253
1993-12-27,31.423381,31.819892,31.423381,31.720766,389699
1993-12-28,31.720744,31.720744,31.324234,31.324234,322530
1993-12-29,31.225112,31.324238,30.531219,30.828602,524940
1993-12-30,30.432085,30.531213,29.837322,30.134705,1113916
1993-12-31,30.332964,31.225112,30.233837,30.828602,896627
1994-01-03,31.324240,32.315512,31.125985,32.018131,562771
1994-01-04,32.018131,32.513767,31.819875,32.117260,620542
1994-01-05,32.018124,32.117254,31.819869,31.918999,450783
1994-01-06,31.919001,32.117256,31.522491,31.621616,356084
1994-01-07,31.423377,32.612908,31.423377,32.513779,725723
1994-01-10,32.612897,32.612897,31.819876,32.018131,558133
1994-01-11,32.018147,32.117277,31.522511,31.720766,468795
1994-01-12,31.522511,31.919021,31.324256,31.720766,638072
1994-01-13,31.720746,31.919001,31.522491,31.621616,487108
1994-01-14,31.423361,31.720746,31.423361,31.621616,598795
1994-01-17,31.522489,31.522489,31.225108,31.324234,699157
1994-01-18,31.720744,31.720744,31.324234,31.324234,452771
1994-01-19,31.324247,31.720757,31.225121,31.423372,360241
1994-01-20,31.423361,31.423361,31.125980,31.125980,244096
1994-01-21,31.225110,31.522491,31.125980,31.125980,408253
1994-01-24,30.927724,31.522489,30.729469,31.324234,604217
1994-01-25,31.423372,31.522502,31.225121,31.423372,412349
1994-01-26,31.324233,32.117254,31.225108,31.918999,844277
1994-01-27,32.117256,32.712018,31.819872,32.612892,862711
1994-01-28,32.910286,33.604177,32.910286,32.910286,694940
1994-01-31,33.207655,34.198931,32.612894,33.405910,665120
1994-02-01,33.207065,34.002442,32.709954,33.604755,491747
1994-02-02,33.704185,34.101875,33.505340,34.101875,232952
1994-02-03,33.803608,33.803608,33.107652,33.405918,210542
1994-02-04,33.207063,33.306483,30.920349,30.920349,750723
1994-02-07,30.622086,31.715731,30.622086,31.616310,1196205
1994-02-08,31.417464,31.417464,31.119198,31.218618,542289
1994-02-09,31.417453,32.013989,31.318033,31.715719,526807
1994-02-10,31.516906,32.014021,31.516906,31.815176,609096
1994-02-11,31.815155,32.113421,31.417465,31.616310,494940
1994-02-14,31.417463,31.815154,31.318043,31.417463,285964
1994-02-15,31.218622,31.715734,31.119202,31.119202,635241
1994-02-16,31.417468,31.417468,31.119202,31.119202,536024
1994-02-17,31.815160,31.815160,30.820934,30.820934,790723
1994-02-18,30.820943,30.920368,30.124989,30.124989,849036
1994-02-22,30.124969,30.522658,29.926124,30.323812,608434
1994-02-23,30.423235,30.423235,30.124969,30.323812,291506
1994-02-24,30.025544,30.323809,29.429008,29.528431,532952
1994-02-25,29.528440,30.124976,29.528440,29.826708,423253
1994-02-28,29.926121,30.224389,29.031320,29.528431,876867
1994-03-01,29.429008,29.528430,28.136518,28.335363,1179096
1994-03-02,28.136536,28.335381,27.639425,28.037113,968133
1994-03-03,28.037113,28.434804,27.838268,28.037113,1335482
1994-03-04,28.235941,28.832474,28.136518,28.335363,828373
1994-03-07,28.733067,28.832490,28.434801,28.434801,843554
1994-03-08,28.534213,28.733056,27.539989,27.838255,1045843
1994-03-09,27.838256,28.633635,27.838256,28.534214,778012
1994-03-10,28.633643,28.633643,28.136532,28.235954,311988
1994-03-11,28.136535,29.031336,28.037112,28.633646,759096
1994-03-14,29.130745,29.130745,28.633633,28.733055,518855
1994-03-15,29.230169,29.926125,29.130746,29.727280,752108
1994-03-16,29.826702,30.025547,29.429012,29.727280,486807
1994-03-17,29.727282,29.727282,29.429014,29.627859,607530
1994-03-18,29.329604,29.429025,28.633646,28.633646,765181
1994-03-21,28.832491,28.832491,28.434803,28.633646,620120
1994-03-22,28.832485,29.627863,28.733062,29.329597,523313
1994-03-23,29.528437,30.721506,29.429015,30.622084,599699
1994-03-24,30.423239,30.423239,29.826706,29.926128,466386
1994-03-25,29.926121,30.025544,29.429008,29.528431,413855
1994-03-28,29.528440,29.528440,28.434795,28.832483,1057470
1994-03-29,28.633646,28.733068,27.639423,27.738846,647651
1994-03-30,27.838269,28.235959,27.341158,27.440580,587711
1994-03-31,27.639425,28.136536,27.341157,28.037113,520120
1994-04-04,26.844035,27.639414,26.844035,27.639414,678614
1994-04-05,28.235954,28.335377,27.738843,28.136532,518735
1994-04-06,27.937677,28.335368,27.539989,27.838255,577108
1994-04-07,27.838266,28.037111,27.241732,27.937689,394819
1994-04-08,27.937689,28.037111,27.738845,27.937689,314940
1994-04-11,28.136527,29.429017,27.937682,28.832483,663012
1994-04-12,28.832474,29.528430,28.832474,28.931896,473313
1994-04-13,28.832480,29.031325,27.838256,28.534214,515060
1994-04-14,28.434799,28.633643,28.037109,28.235954,355361
1994-04-15,28.037109,28.434799,28.037109,28.235954,371928
1994-04-18,28.235947,28.633636,27.539991,27.639414,712771
1994-04-19,27.440569,27.937680,27.440569,27.639414,482530
1994-04-20,27.639410,27.937676,26.645186,27.539988,613855
1994-04-21,27.341147,27.937681,26.844036,26.844036,653735
1994-04-22,26.943466,28.037113,26.943466,28.037113,550542
1994-04-25,27.838253,28.136521,27.341142,27.539988,274578
1994-04-26,27.838267,28.037112,27.241733,27.738846,467530
1994-04-28,27.937680,28.434793,27.241724,27.341146,471265
1994-04-29,27.142301,27.639414,27.142301,27.639414,425422
1994-05-02,27.440569,27.639414,27.042879,27.341146,453253
1994-05-03,27.361120,27.860412,27.361120,27.760553,309277
1994-05-04,27.660712,28.259860,27.560853,28.160002,291506
1994-05-05,28.359701,28.459560,27.560837,27.760553,270843
1994-05-06,27.760554,27.760554,27.061545,27.361120,421145
1994-05-09,27.061551,27.161410,26.562262,26.562262,535241
1994-05-10,26.761972,26.961689,26.662114,26.761972,601928
1994-05-11,26.562248,26.662107,26.062959,26.162817,344699
1994-05-12,26.362546,26.362546,25.663540,25.863256,475361
1994-05-13,25.963100,26.162817,25.663526,26.162817,317530
1994-05-16,26.162829,26.262686,25.763396,26.062971,357831
1994-05-17,26.162822,27.161402,25.663531,27.161402,374819
1994-05-18,27.361120,28.159985,26.861830,27.760553,421566
1994-05-19,27.960268,28.159985,27.361120,27.760553,432590
1994-05-20,28.359702,28.359702,28.060127,28.259844,394337
1994-05-23,28.359700,28.359700,27.161402,27.161402,520663
1994-05-24,27.361115,27.560832,27.261257,27.261257,318675
1994-05-25,27.460974,27.760549,25.863245,27.261257,267048
1994-05-26,27.361135,27.460994,26.162839,26.462412,858916
1994-05-27,26.462397,26.761972,26.062966,26.761972,337289
1994-05-31,26.362540,26.462399,26.162825,26.262682,272831
1994-06-01,26.162839,26.662129,26.062980,26.462412,681928
1994-06-02,26.562263,26.662121,25.763398,25.863256,759277
1994-06-03,25.763392,26.362540,25.463817,26.262682,1252590
1994-06-06,26.462411,26.662128,26.162838,26.362553,725422
1994-06-07,26.462399,26.562257,26.262682,26.262682,364337
1994-06-08,26.662129,26.662129,26.362554,26.462412,554880
1994-06-09,26.562250,26.961683,26.362533,26.961683,343795
1994-06-10,27.061546,27.161404,26.761972,26.761972,317590
1994-06-13,26.961689,26.961689,26.761972,26.761972,108313
1994-06-14,27.760555,28.459561,27.460980,28.359703,945542
1994-06-15,28.359716,29.158581,28.060141,28.958864,936506
1994-06-16,28.759143,28.859002,28.359712,28.459570,308434
1994-06-17,28.559418,28.559418,27.660695,27.760553,658313
1994-06-20,26.761970,27.161402,26.761970,27.161402,530000
1994-06-21,27.061546,27.061546,26.462397,26.761972,567048
1994-06-22,27.061549,27.161407,26.562259,26.662117,473373
1994-06-23,26.462390,26.662107,26.162817,26.162817,661084
1994-06-24,25.963115,26.162832,25.763398,25.863256,391145
1994-06-27,25.663540,25.863256,25.663540,25.863256,326988
1994-06-28,25.863256,26.062972,25.563681,25.563681,530542
1994-06-29,25.363962,26.662117,25.363962,26.662117,433494
1994-06-30,26.362536,26.761969,25.663529,25.763388,341566
1994-07-01,25.963115,25.963115,25.563681,25.863256,435663
1994-07-05,25.763396,25.863254,24.964531,25.164248,292831
1994-07-06,25.164249,25.663539,24.964532,25.563681,558313
1994-07-07,25.563666,25.763383,25.363952,25.463808,274458
1994-07-08,25.264107,25.663539,25.264107,25.563681,334157
1994-07-11,25.463826,25.563684,24.864677,25.064394,304940
1994-07-12,25.164234,25.164234,24.764801,24.764801,433614
1994-07-13,24.764806,25.164239,24.764806,24.864664,480422
1994-07-14,25.064394,25.064394,24.764819,25.064394,1305000
1994-07-15,24.964529,25.164246,24.764812,24.964529,857892
1994-07-18,25.064386,25.863251,24.864669,25.663534,456265
1994-07-19,25.663534,26.162826,25.363961,25.663534,523795
1994-07-20,25.663534,26.362540,25.463817,26.262682,451145
1994-07-21,26.462400,26.761975,26.062969,26.662117,402470
1994-07-22,26.761970,27.061543,26.662111,26.861828,422349
1994-07-25,26.861845,26.861845,26.262694,26.362553,248193
1994-07-26,26.462403,26.462403,25.863254,26.062971,341024
1994-07-27,26.062972,26.562262,25.863255,26.562262,268434
1994-07-28,26.462399,26.861832,26.262682,26.262682,241506
1994-07-29,26.362554,26.662129,26.162839,26.462412,362048
1994-08-01,26.761967,27.261257,26.662109,27.261257,456446
1994-08-02,27.281334,27.682531,27.080738,27.682531,443012
1994-08-03,27.682510,27.782809,27.181014,27.281313,402289
1994-08-04,27.281330,27.281330,26.579238,26.679537,243012
1994-08-05,26.579229,26.880126,26.579229,26.779827,403494
1994-08-08,26.779824,27.481916,26.679525,27.181019,322590
1994-08-09,26.980423,27.281319,26.880124,26.980423,196687
1994-08-10,26.880123,27.181019,26.880123,26.880123,159277
1994-08-11,26.980426,27.281321,26.779827,26.779827,156988
1994-08-12,26.779819,27.281313,26.779819,27.281313,163735
1994-08-15,27.281330,27.782826,27.281330,27.582228,352590
1994-08-16,27.682511,28.083706,27.682511,27.782810,363795
1994-08-17,27.883121,28.083718,27.782822,27.883121,197711
1994-08-18,27.883109,28.083706,27.682511,27.782810,366506
1994-08-19,27.983421,27.983421,27.782822,27.883121,187169
1994-08-22,27.682532,27.682532,27.381634,27.481934,237831
1994-08-23,27.682522,28.685513,27.682522,28.384615,616205
1994-08-24,28.785802,29.086698,28.484905,28.986399,604277
1994-08-25,28.886100,29.186997,28.886100,28.986399,333313
1994-08-26,29.287293,29.387592,28.986396,29.387592,442108
1994-08-29,29.387604,29.688500,29.387604,29.487904,210301
1994-08-30,29.387599,29.788794,28.986403,29.588198,277108
1994-08-31,29.387592,29.788787,29.387592,29.688488,301687
1994-09-01,29.387599,29.788794,29.287300,29.588198,383554
1994-09-02,29.588203,29.688500,29.287305,29.487904,206145
1994-09-06,29.287293,29.487891,29.186994,29.387592,199036
1994-09-07,29.287305,29.788799,29.187006,29.487904,229157
1994-09-08,29.588192,29.588192,29.287294,29.287294,246145
1994-09-09,29.086696,29.086696,28.484903,28.685501,293494
1994-09-12,28.585215,28.685515,27.983422,28.083719,205542
1994-09-13,28.184027,28.384626,28.184027,28.284327,231867
1994-09-14,28.083728,28.384626,27.983431,28.284327,212892
1994-09-15,28.083709,28.484905,28.083709,28.484905,174217
1994-09-16,28.384617,28.384617,27.983422,28.083719,446747
1994-09-19,28.284308,28.384607,27.080721,27.181019,346386
1994-09-20,26.980437,26.980437,26.478941,26.478941,799819
1994-09-21,26.478935,26.579234,26.077740,26.077740,626807
1994-09-22,26.077738,26.579232,26.077738,26.378633,595663
1994-09-23,26.478931,26.478931,25.776838,25.776838,509277
1994-09-26,25.877141,26.077740,25.676543,26.077740,527289
1994-09-27,26.278334,26.278334,25.676539,25.776838,249578
1994-09-28,25.776837,26.779827,25.776837,26.779827,397771
1994-09-29,26.679528,26.779827,26.178034,26.178034,152530
1994-09-30,26.077738,26.579232,25.977438,26.378633,202590
1994-10-03,26.278333,26.378630,25.877136,26.178034,228976
1994-10-04,25.877132,25.877132,25.275339,25.275339,601867
1994-10-05,25.175047,25.475945,24.974448,25.175047,404458
1994-10-06,25.275346,25.475945,25.175047,25.175047,272410
1994-10-07,25.275339,25.676534,25.275339,25.275339,208916
1994-10-10,25.475943,26.178035,25.475943,25.776838,226988
1994-10-11,25.977438,26.679531,25.977438,26.378633,312771
1994-10-12,26.378635,26.378635,25.977440,25.977440,251627
1994-10-13,26.579229,27.281321,26.478930,26.779827,321325
1994-10-14,26.779830,26.779830,26.378633,26.378633,191506
1994-10-17,26.478935,26.478935,25.877141,26.077740,358675
1994-10-18,26.077746,26.880138,25.977447,26.478941,271988
1994-10-19,26.478926,27.281318,26.478926,27.181019,402590
1994-10-20,27.181034,27.181034,26.278345,26.579241,282952
1994-10-21,26.579241,26.679540,26.378642,26.579241,230783
1994-10-24,26.478933,26.779830,26.178037,26.378633,280120
1994-10-25,26.378639,26.679537,26.077743,26.679537,743012
1994-10-26,27.281318,27.281318,26.980422,27.181019,392169
1994-10-27,27.281319,27.481918,26.980424,27.080723,431867
1994-10-28,26.980438,27.682531,26.980438,27.682531,696205
1994-10-31,27.782822,27.983421,27.682523,27.883121,355783
1994-11-01,27.399602,28.205473,27.399602,28.205473,596145
1994-11-02,28.003996,28.104730,27.701794,27.701794,328012
1994-11-03,27.903262,28.104730,27.601060,27.701794,549578
1994-11-04,27.601066,27.802534,26.694462,26.694462,284458
1994-11-07,26.593732,27.399603,26.593732,27.399603,399277
1994-11-08,27.298858,27.802528,27.298858,27.500326,313855
1994-11-09,27.802520,27.903254,27.097384,27.198118,406205
1994-11-10,26.593729,27.198133,26.593729,26.895931,346747
1994-11-11,26.795196,27.097398,26.593728,26.694462,651084
1994-11-14,26.694461,26.996663,26.593727,26.795195,376928
1994-11-15,26.996650,27.298850,26.895916,27.198118,428916
1994-11-16,27.097399,27.198133,26.694463,26.895931,429036
1994-11-17,26.895921,27.097389,26.291519,26.291519,321084
1994-11-18,26.190779,26.392247,25.787843,25.989311,416566
1994-11-21,25.989321,25.989321,25.687119,25.687119,428494
1994-11-22,25.687118,25.687118,24.981981,24.981981,440000
1994-11-23,25.082727,25.687129,24.981993,25.586397,404337
1994-11-25,25.687124,25.888592,25.687124,25.888592,106265
1994-11-28,25.586377,26.190779,25.485643,25.989311,345241
1994-11-29,25.787843,25.989311,25.687109,25.989311,216386
1994-11-30,26.090052,26.593720,25.989318,26.392254,345000
1994-12-01,26.392254,26.392254,25.888584,26.090052,429819
1994-12-02,26.090058,26.795195,26.090058,26.795195,323795
1994-12-05,26.694458,27.198128,26.694458,26.996660,511566
1994-12-06,26.895929,26.996663,26.291526,26.795195,294880
1994-12-07,26.492985,26.492985,26.291519,26.291519,763735
1994-12-08,26.090055,26.190789,25.485652,25.687119,497590
1994-12-09,25.485655,25.485655,24.881251,25.183453,469337
1994-12-12,25.284200,25.485668,24.478329,25.485668,633735
1994-12-13,25.284188,25.384922,24.981986,25.384922,651747
1994-12-14,25.384929,25.989332,25.384929,25.586397,598193
1994-12-15,25.485652,26.090055,24.780514,25.687119,602470
1994-12-16,26.190789,26.190789,25.687119,25.687119,685422
1994-12-19,25.687116,26.492986,25.687116,26.392254,288795
1994-12-20,26.593720,26.694454,25.989318,26.090052,486867
1994-12-21,25.989317,27.097390,25.989317,26.593719,899639
1994-12-22,26.492993,26.694461,25.384922,25.384922,1271867
1994-12-23,25.888592,26.392262,25.787858,26.190794,213735
1994-12-27,26.392253,27.097389,26.392253,27.097389,346386
1994-12-28,26.996664,27.198132,26.593728,26.694462,186506
1994-12-29,26.593719,26.694453,26.190785,26.593719,295000
1994-12-30,26.694454,26.694454,26.090052,26.090052,292169
1995-01-03,26.090051,26.795188,26.090051,26.593719,301084
1995-01-04,26.593729,27.097399,26.593729,26.895931,514157
1995-01-05,26.996660,27.097394,26.694458,26.996660,539277
1995-01-06,26.895928,27.903266,26.895928,27.802532,1036988
1995-01-09,27.701794,27.903262,27.399592,27.701794,460301
1995-01-10,27.601062,28.205465,27.601062,28.104733,590843
1995-01-11,28.205473,28.507675,27.601070,27.903273,447771
1995-01-12,27.903262,28.205462,27.701794,27.701794,245482
1995-01-13,27.802539,28.406941,27.500336,28.205473,345723
1995-01-16,28.306202,29.212806,28.306202,29.112072,490060
1995-01-17,29.011336,29.313538,28.003999,28.507668,716928
1995-01-18,28.608405,28.809874,28.406937,28.809874,286205
1995-01-19,28.608401,28.608401,27.903264,28.104733,344337
1995-01-20,28.104734,28.104734,27.601064,27.802532,328675
1995-01-23,27.701793,27.701793,27.399591,27.601059,532530
1995-01-24,27.701805,28.406941,27.399602,28.205473,431687
1995-01-25,28.003997,29.615737,27.802529,28.709133,385964
1995-01-26,28.709140,29.011340,28.608406,28.910608,314699
1995-01-27,29.011331,29.313533,28.809865,29.212799,362590
1995-01-30,29.212801,29.515003,28.910601,29.515003,913313
1995-01-31,29.373175,29.879610,29.271888,29.879610,511506
1995-02-01,29.980927,30.487362,29.879641,29.980927,725301
1995-02-02,29.575785,30.183506,29.373211,30.183506,323253
1995-02-03,30.386070,32.006660,30.386070,32.006660,1510904
1995-02-06,31.500232,31.905380,31.398943,31.905380,755542
1995-02-07,31.601506,31.804080,31.500221,31.702795,672289
1995-02-08,31.601505,31.905368,31.601505,31.804079,427952
1995-02-09,31.905369,32.310514,31.601506,31.702795,1096807
1995-02-10,31.601506,32.006655,31.297647,31.500221,370060
1995-02-13,31.297647,31.601506,31.196360,31.500221,278554
1995-02-14,31.702795,31.804081,31.196360,31.500221,314277
1995-02-15,31.398943,32.107951,31.196370,31.905380,331024
1995-02-16,31.804081,31.905370,31.095073,31.500221,389398
1995-02-17,31.601507,31.702796,31.297647,31.297647,335723
1995-02-21,31.297647,31.905370,31.297647,31.500221,292952
1995-02-22,31.601508,31.804082,31.398933,31.398933,383434
1995-02-23,31.702795,32.107940,31.500221,31.702795,451687
1995-02-24,31.702814,32.209248,31.550884,32.209248,341325
1995-02-27,31.500221,31.804080,31.398932,31.702795,434217
1995-02-28,31.601506,31.601506,31.196360,31.500221,272771
1995-03-01,31.500239,31.702813,30.993803,30.993803,407590
1995-03-02,30.993794,31.095081,30.588647,30.791222,616386
1995-03-03,30.588636,30.588636,30.183487,30.487349,543916
1995-03-06,30.284793,30.284793,30.082219,30.183506,409578
1995-03-07,30.082212,30.082212,29.677066,29.778353,497711
1995-03-08,29.980916,30.183490,29.879631,30.082203,309398
1995-03-09,29.980895,30.183469,29.677036,29.879610,220723
1995-03-10,29.879643,31.095086,29.677069,30.588652,387711
1995-03-13,30.791231,31.095090,30.487369,30.993803,322229
1995-03-14,31.196361,31.601508,31.196361,31.398933,317892
1995-03-15,31.196374,31.398947,30.993800,31.095087,180000
1995-03-16,30.892497,31.804079,30.892497,31.804079,509157
1995-03-17,31.804082,31.905371,31.196361,31.398933,496325
1995-03-20,31.500222,31.601508,31.095074,31.398933,239578
1995-03-21,31.297655,31.398941,30.588647,30.791222,428012
1995-03-22,30.791214,31.398933,30.791214,31.297647,437831
1995-03-23,31.196377,31.196377,30.892516,30.993803,349337
1995-03-24,30.993799,31.702810,30.993799,31.601521,431867
1995-03-27,31.601505,31.804079,31.297645,31.804079,323012
1995-03-28,31.702795,31.702795,31.297647,31.500221,242831
1995-03-29,31.702796,32.107941,31.196360,31.297647,483373
1995-03-30,31.702796,31.702796,31.297647,31.297647,311747
1995-03-31,31.196360,31.398933,30.993786,31.297647,347711
1995-04-03,31.196352,31.398924,30.689918,30.892490,451024
1995-04-04,30.993799,31.601521,30.993799,31.601521,199759
1995-04-05,31.398933,31.601507,31.196360,31.297647,249398
1995-04-06,31.297645,31.905368,31.297645,31.804079,284940
1995-04-07,32.006660,32.209235,31.601512,32.006660,279699
1995-04-10,31.905388,32.209248,31.905388,32.209248,393675
1995-04-11,32.310530,32.513105,31.804096,32.107956,268976
1995-04-12,31.905375,32.006660,31.500227,32.006660,205602
1995-04-13,31.905380,32.209240,31.804091,31.905380,318133
1995-04-17,32.209234,32.816956,32.107945,32.411808,860663
1995-04-18,32.209236,32.513096,32.107947,32.513096,303855
1995-04-19,32.513107,32.513107,32.107959,32.209248,393976
1995-04-20,32.107940,32.209229,31.398932,31.500221,462289
1995-04-21,31.702806,32.107951,31.500232,31.905380,416867
1995-04-24,31.804091,33.222107,31.804091,33.222107,580843
1995-04-25,33.120829,33.120829,32.614395,32.918255,264157
1995-04-26,32.816962,33.323396,32.614388,33.222107,345542
1995-04-27,33.222098,33.627247,33.222098,33.627247,583494
1995-04-28,33.525967,33.728541,33.424678,33.525967,349398
1995-05-01,33.525972,33.525972,33.323397,33.424683,337711
1995-05-02,33.383968,33.689312,32.976850,33.383968,350542
1995-05-03,33.587534,34.198218,33.485755,34.096436,478554
1995-05-04,34.299992,35.216015,34.198213,34.299992,553735
1995-05-05,34.605359,35.114261,34.401798,34.707138,395663
1995-05-08,34.401798,34.808917,33.994675,34.707138,384277
1995-05-09,34.808890,35.419574,34.808890,35.317795,498855
1995-05-10,35.419591,35.826714,35.317812,35.826714,438072
1995-05-11,35.623131,35.724910,35.012447,35.012447,379458
1995-05-12,35.012463,35.623147,34.198222,34.401783,507771
1995-05-15,34.707108,35.724911,34.401769,35.724911,346506
1995-05-16,35.419567,35.521350,35.317788,35.419567,299096
1995-05-17,35.012456,35.012456,34.605338,34.808895,294157
1995-05-18,34.707125,34.707125,33.689322,33.892883,386325
1995-05-19,33.791090,34.299992,33.587529,34.299992,538916
1995-05-22,34.401779,34.808898,34.096436,34.096436,496928
1995-05-23,33.994639,34.503540,33.791078,34.503540,487289
1995-05-24,34.707123,35.114246,34.401783,34.401783,687108
1995-05-25,34.299989,34.299989,33.689309,33.791088,451627
1995-05-26,33.791096,34.299997,33.587534,34.096436,484337
1995-05-30,33.892883,33.994662,33.333091,33.892883,387410
1995-05-31,34.096430,34.401774,33.791090,34.299992,332530
1995-06-01,34.605326,35.419567,34.503544,35.419567,467590
1995-06-02,35.419584,36.335608,35.114244,36.233829,667952
1995-06-05,36.132046,36.640947,36.030267,36.132046,489036
1995-06-06,36.030275,36.030275,35.419591,35.826714,276807
1995-06-07,35.419601,35.419601,34.300015,34.707138,582831
1995-06-08,34.707113,34.808892,34.096429,34.198212,272108
1995-06-09,34.299989,34.299989,33.282187,33.791088,445843
1995-06-12,33.994657,34.299997,33.689317,34.096436,347470
1995-06-13,34.198236,34.707138,33.994675,34.707138,400904
1995-06-14,34.707113,34.707113,34.198212,34.198212,201024
1995-06-15,34.401773,34.401773,33.994650,34.198212,246084
1995-06-16,34.198212,34.401773,34.096429,34.198212,447349
1995-06-19,34.198222,35.216025,34.198222,35.114246,189819
1995-06-20,35.012441,35.114224,34.503540,34.503540,177771
1995-06-21,35.012450,35.521355,35.012450,35.216011,475904
1995-06-22,35.521375,36.335617,35.419593,36.335617,416506
1995-06-23,36.233829,36.335608,35.928486,36.233829,320301
1995-06-26,36.233832,36.233832,35.114246,35.114246,261566
1995-06-27,34.910675,35.216015,34.503553,34.605335,312892
1995-06-28,34.707138,35.216040,34.503577,34.707138,259458
1995-06-29,35.114247,35.521370,34.707125,35.521370,464217
1995-06-30,35.521363,36.030265,35.521363,35.623142,369699
1995-07-03,35.826706,36.132046,35.826706,36.132046,187651
1995-07-05,36.030277,36.437400,35.928494,36.335617,318012
1995-07-06,36.335600,36.539162,36.030260,36.539162,345723
1995-07-07,36.640934,37.862301,36.640934,37.556957,634880
1995-07-10,37.455191,37.760531,37.455191,37.658752,308434
1995-07-11,37.455176,37.760516,37.353394,37.353394,404759
1995-07-12,37.251630,37.760531,37.251630,37.658752,388373
1995-07-13,37.658732,37.760511,37.251610,37.251610,302410
1995-07-14,37.149835,37.251614,36.844491,36.946274,216024
1995-07-17,37.862311,38.472991,37.658749,38.371212,559940
1995-07-18,38.269413,38.269413,37.760512,38.269413,413373
1995-07-19,37.862312,37.862312,36.437387,36.844505,372952
1995-07-20,36.844497,37.149840,36.335595,36.437378,303614
1995-07-21,36.437378,36.844497,36.335595,36.437378,214940
1995-07-24,36.539165,37.149849,36.539165,36.844505,273193
1995-07-25,36.946271,37.048050,36.233809,37.048050,704518
1995-07-26,37.048047,37.760509,37.048047,37.760509,381205
1995-07-27,37.862305,38.167645,37.556961,37.862305,245482
1995-07-28,37.964073,38.269413,37.862294,38.269413,281325
1995-07-31,38.065886,38.676566,38.065886,38.574787,388133
1995-08-01,38.574757,38.574757,38.167634,38.269413,307892
1995-08-02,38.676548,38.981892,38.574769,38.676548,256807
1995-08-03,38.431221,38.635643,38.022381,38.431221,288313
1995-08-04,38.431246,38.635668,38.329037,38.533459,818313
1995-08-07,38.840080,39.351133,38.635658,39.248924,226687
1995-08-08,39.453348,39.453348,38.942295,39.351135,311566
1995-08-09,39.248940,39.248940,38.942308,39.044518,143434
1995-08-10,39.146725,39.248934,38.431246,38.533459,320783
1995-08-11,38.533434,38.533434,38.022381,38.431221,347530
1995-08-14,38.431244,38.840088,38.329035,38.635666,469639
1995-08-15,38.737879,38.840088,38.226826,38.635666,506084
1995-08-16,38.431221,38.533434,38.124590,38.431221,253916
1995-08-17,38.533461,38.533461,37.817986,37.817986,171265
1995-08-18,38.022406,38.533459,37.920193,38.533459,272892
1995-08-21,38.533434,39.044487,38.431221,38.431221,340361
1995-08-22,38.737886,39.044518,38.635673,39.044518,289398
1995-08-23,39.146732,39.146732,38.737888,39.146732,161446
1995-08-24,39.044491,39.759966,39.044491,39.657757,386145
1995-08-25,39.657767,40.373241,39.657767,40.373241,329036
1995-08-28,40.373253,40.373253,39.555565,39.555565,296145
1995-08-29,39.555557,39.555557,39.248926,39.351135,274217
1995-08-30,39.351133,39.351133,39.044502,39.248924,330060
1995-08-31,39.248924,39.555555,38.840080,39.248924,362289
1995-09-01,39.146719,39.657772,39.044506,39.453350,399880
1995-09-05,39.555585,40.679905,39.453376,40.475483,559277
1995-09-06,40.373249,40.679880,40.168827,40.168827,294639
1995-09-07,40.168869,40.373291,39.760025,39.964447,244819
1995-09-08,40.066605,40.986502,40.066605,40.884293,299699
1995-09-11,41.293136,41.293136,40.782084,40.884293,300964
1995-09-12,40.884300,41.293144,40.782091,41.293144,359639
1995-09-13,41.395357,41.497570,41.190935,41.497570,324819
1995-09-14,41.395365,42.724106,41.395365,42.724106,584157
1995-09-15,43.541752,43.541752,42.928490,43.132912,586566
1995-09-18,42.928534,43.030743,42.417480,42.826321,442289
1995-09-19,42.928534,43.235165,42.724112,42.826321,449578
1995-09-20,42.928512,42.928512,42.519669,42.519669,358976
1995-09-21,42.519688,42.826319,41.293159,41.702003,503012
1995-09-22,41.293140,41.395349,40.577665,41.088718,511506
1995-09-25,41.293140,41.395349,41.088718,41.088718,426566
1995-09-26,41.906410,42.008623,41.497570,41.497570,746687
1995-09-27,41.293142,41.804195,40.986508,41.804195,355542
1995-09-28,42.008621,43.030727,41.701990,43.030727,449940
1995-09-29,43.132944,43.643997,42.826309,43.439575,351145
1995-10-02,43.439571,43.643993,42.621883,43.030727,450783
1995-10-03,43.100925,43.511411,42.793061,42.998302,455280
1995-10-04,42.895689,42.998307,42.074716,42.382580,608580
1995-10-05,42.485198,42.485198,42.279957,42.279957,281220
1995-10-06,42.177317,43.408772,42.177317,43.408772,186240
1995-10-09,43.203554,43.306173,42.485204,42.690445,357900
1995-10-10,42.279974,42.279974,41.664246,41.869488,432840
1995-10-11,41.972097,42.587825,41.972097,42.382580,321000
1995-10-12,42.793073,44.024529,42.793073,44.024529,395280
1995-10-13,44.229742,44.845469,44.229742,44.537605,425700
1995-10-16,44.537620,45.153348,43.460097,43.614029,329640
1995-10-17,43.716665,44.435015,43.716665,44.024529,465540
1995-10-18,44.127138,44.435001,43.511410,43.614029,244260
1995-10-19,43.614026,43.614026,42.895679,42.895679,599520
1995-10-20,42.279930,42.485171,41.458958,41.458958,830940
1995-10-23,41.253736,41.356358,40.638008,40.638008,716220
1995-10-24,41.253736,41.766840,40.535386,40.638008,734220
1995-10-25,40.843255,41.253741,40.843255,40.945877,920700
1995-10-26,41.048494,41.253736,40.330144,40.638008,494880
1995-10-27,40.432791,41.048519,40.124927,41.048519,573360
1995-10-30,41.253738,41.561602,40.945874,41.151115,460740
1995-10-31,41.356339,41.972066,41.356339,41.458958,477660
1995-11-01,41.458986,42.587822,41.356367,42.587822,365400
1995-11-02,42.649635,43.988876,42.649635,43.370766,512880
1995-11-03,43.267720,44.400921,43.267720,44.091866,516960
1995-11-06,43.988861,45.122063,43.885842,45.019043,420960
1995-11-07,45.122058,45.122058,43.885838,43.885838,390900
1995-11-08,44.297921,45.740177,44.091881,45.740177,412620
1995-11-09,45.637136,47.285431,45.637136,47.079395,558660
1995-11-10,46.564323,46.770363,45.637157,45.637157,643860
1995-11-13,45.431125,45.740181,44.297924,44.503960,452940
1995-11-14,43.988876,44.297932,43.267746,43.267746,542100
1995-11-15,43.164692,43.988842,42.752621,43.782803,462000
1995-11-16,44.297924,44.916035,43.885849,44.813015,513060
1995-11-17,45.225090,45.534145,45.122070,45.328106,468120
1995-11-20,45.122070,45.225090,44.400940,44.503960,302880
1995-11-21,44.400928,44.400928,43.576782,43.885838,428460
1995-11-22,43.885838,44.194893,43.782818,43.885838,308280
1995-11-24,43.885853,44.916039,43.679817,44.916039,121800
1995-11-27,45.122066,45.122066,44.091881,44.194901,255960
1995-11-28,44.916039,45.534149,44.400944,45.431129,503040
1995-11-29,46.976406,48.624702,46.770371,48.521683,1509060
1995-11-30,48.521679,49.654880,48.418659,49.036770,1027380
1995-12-01,48.624710,49.242821,48.624710,48.933765,825900
1995-12-04,49.036755,49.757885,48.727700,49.654865,793500
1995-12-05,49.448838,51.921280,49.448838,51.406189,894600
1995-12-06,51.509205,51.509205,50.891094,51.097134,679200
1995-12-07,50.994098,50.994098,50.479008,50.582024,449940
1995-12-08,50.582035,50.685055,49.860909,50.272980,517860
1995-12-11,50.169968,50.272984,49.860912,50.066948,435840
1995-12-12,49.860901,49.963917,49.757881,49.963917,272460
1995-12-13,49.757900,51.097141,49.757900,50.376011,468660
1995-12-14,50.375988,50.788063,50.272968,50.582024,412860
1995-12-15,50.685039,50.891074,49.860893,49.860893,783240
1995-12-18,49.036758,49.345813,48.006577,48.109592,748140
1995-12-19,47.388481,49.036774,47.388481,48.521683,661320
1995-12-20,48.624698,48.933754,47.594513,47.594513,475560
1995-12-21,47.697509,48.212600,46.770344,47.182415,495480
1995-12-22,47.800541,48.933746,47.800541,48.418652,254520
1995-12-26,48.624684,50.169960,48.521664,49.757885,225300
1995-12-27,49.963940,51.715256,49.963940,51.715256,528720
1995-12-28,51.509205,52.539391,51.509205,52.333355,404820
1995-12-29,52.436386,52.642426,50.994129,51.612240,440940
1996-01-02,51.303181,51.303181,49.963940,50.891106,394440
1996-01-03,50.582027,50.994102,49.963917,50.479012,486540
1996-01-04,50.582024,50.994099,50.169953,50.788063,331620
1996-01-05,50.272972,50.685047,48.933735,49.963917,366840
1996-01-08,49.757885,49.963920,49.345810,49.654865,80880
1996-01-09,49.551851,49.757887,48.521666,49.397324,396120
1996-01-10,48.006588,48.418659,47.182438,47.388477,845100
1996-01-11,47.594513,48.109604,46.976402,47.388477,601800
1996-01-12,47.800564,48.830750,47.594528,48.624714,639360
1996-01-15,48.830757,49.139813,48.315666,48.315666,362280
1996-01-16,49.860916,49.860916,48.624695,49.448841,701160
1996-01-17,49.345814,51.200146,49.036759,51.200146,776520
1996-01-18,50.994102,50.994102,49.654862,49.963917,637920
1996-01-19,49.345803,50.582024,49.345803,50.582024,600000
1996-01-22,51.097141,51.406196,50.169975,50.376011,403320
1996-01-23,50.376015,51.097145,50.169979,50.891106,330000
1996-01-24,50.891094,51.509205,50.376003,51.097134,598680
1996-01-25,51.097129,51.200145,50.169964,50.272980,473820
1996-01-26,48.933747,50.066948,48.933747,50.066948,510960
1996-01-29,50.169975,51.509212,50.066956,51.303177,354360
1996-01-30,51.406178,53.260509,51.200139,53.054470,482580
1996-01-31,52.333348,54.393715,52.333348,54.187679,526440
1996-02-01,53.960271,54.167014,53.443411,53.650154,267720
1996-02-02,52.926545,53.340035,52.409685,52.616428,1000140
1996-02-05,52.513059,52.616428,51.375962,52.616428,550680
1996-02-06,52.513051,53.029910,52.513051,52.926537,473880
1996-02-07,53.133275,53.546761,53.133275,53.236645,328140
1996-02-08,53.546777,54.063641,52.926544,54.063641,565380
1996-02-09,53.546788,54.270394,53.340044,53.960278,438720
1996-02-12,53.856885,55.200724,53.856885,54.683865,372840
1996-02-13,54.683885,55.717604,54.270395,55.200745,344220
1996-02-14,55.407479,56.131085,55.304109,55.820969,402360
1996-02-15,55.614215,56.027701,55.407468,55.924332,360480
1996-02-16,55.820993,55.820993,55.200760,55.614250,506160
1996-02-20,55.200737,55.200737,53.856898,54.477131,403260
1996-02-21,54.477142,55.200748,53.960282,54.787258,512880
1996-02-22,55.407468,57.164797,55.200725,56.958050,646860
1996-02-23,58.301913,58.301913,57.578306,57.785053,1389540
1996-02-26,57.578306,57.785053,56.751330,57.371563,548640
1996-02-27,57.268179,57.268179,56.131086,57.061436,489720
1996-02-28,57.268191,57.785055,56.958075,57.164822,501900
1996-02-29,56.647959,56.751332,54.890633,55.304123,970140
1996-03-01,55.717616,56.854713,54.994014,56.441223,514260
1996-03-04,56.854674,57.474907,56.544558,56.751301,1044360
1996-03-05,56.441191,56.544565,55.407468,55.924332,900840
1996-03-06,55.924332,56.751308,55.614215,55.924332,276000
1996-03-07,55.820993,55.820993,55.200760,55.614250,251760
1996-03-08,53.546775,53.960264,50.548983,52.306309,1209840
1996-03-11,51.892817,52.513050,51.582701,51.789444,799020
1996-03-12,51.272592,51.479335,50.032126,50.652359,989460
1996-03-13,51.169205,52.926530,51.065831,51.892811,900300
1996-03-14,52.099560,53.236653,51.789444,51.789444,656340
1996-03-15,51.065827,51.996176,50.962457,51.479317,732720
1996-03-18,51.892818,53.029910,51.892818,52.926537,396060
1996-03-19,53.236658,53.650148,53.029915,53.029915,409740
1996-03-20,52.926543,53.340033,51.996194,52.823174,340320
1996-03-21,53.340018,54.373741,52.926528,53.236645,477360
1996-03-22,53.236664,53.960271,52.823178,53.650154,414360
1996-03-25,53.650182,54.167041,53.340065,53.340065,398580
1996-03-26,53.236688,54.373785,53.133318,54.167038,391140
1996-03-27,53.960278,54.580511,52.926555,53.960278,550320
1996-03-28,52.926550,53.546783,52.926550,53.546783,296280
1996-03-29,53.650171,54.994011,53.443428,54.580521,551580
1996-04-01,54.787258,55.407491,54.683888,54.787258,459000
1996-04-02,54.994011,55.200754,54.167031,54.580521,325500
1996-04-03,54.373748,54.787234,53.856885,54.683865,408480
1996-04-04,54.787247,55.097364,54.063645,54.477131,268500
1996-04-08,52.719777,52.823150,51.582685,51.686054,721800
1996-04-09,52.409697,52.409697,50.859114,51.065857,400500
1996-04-10,50.859118,50.859118,48.274812,49.205162,764220
1996-04-11,49.618633,49.722007,47.861308,48.895027,1521120
1996-04-12,48.895034,51.065850,48.791664,50.342247,712020
1996-04-15,51.065851,52.202947,50.962481,51.582714,621420
1996-04-16,52.513064,52.513064,49.722016,51.272598,585360
1996-04-17,51.169227,51.375970,49.928761,49.928761,415620
1996-04-18,49.928759,50.652365,49.308526,50.135502,685800
1996-04-19,50.135498,50.755731,50.032129,50.548988,532920
1996-04-22,51.375983,51.582730,50.859123,50.859123,399360
1996-04-23,51.272585,51.996187,50.859095,51.789444,396240
1996-04-24,52.099571,52.099571,50.032129,50.962479,364080
1996-04-25,50.652365,51.479341,49.618642,51.272598,393300
1996-04-26,51.272607,51.892840,51.169233,51.375977,318000
1996-04-29,51.169222,51.169222,50.652362,50.962479,253320
1996-04-30,50.962497,51.479356,50.238890,50.859123,485160
1996-05-01,50.445615,50.962478,50.342245,50.548988,358680
1996-05-02,49.594449,50.113218,48.038138,49.075676,941880
1996-05-03,48.349390,48.556897,47.726866,48.038128,1039080
1996-05-06,48.141876,48.453138,47.104338,47.415600,678420
1996-05-07,47.623144,47.726900,47.000620,47.311882,781080
1996-05-08,46.896854,49.075691,46.896854,48.971939,1115640
1996-05-09,49.179433,49.283189,48.453154,48.764416,795420
1996-05-10,49.386962,49.801980,48.764437,49.179455,1017000
1996-05-13,49.386950,49.905723,49.075688,49.801968,763980
1996-05-14,50.424503,50.528259,49.905734,50.424503,618060
1996-05-15,50.631992,51.254517,50.528241,50.631992,607920
1996-05-16,50.320722,51.150757,50.216970,50.528233,368820
1996-05-17,50.943266,51.565790,50.839514,51.254528,407820
1996-05-20,51.773295,51.877046,51.047015,51.462032,274140
1996-05-21,51.669534,52.395814,51.358272,51.877041,523680
1996-05-22,51.877021,52.499545,51.150745,52.292038,332580
1996-05-23,52.395824,52.603331,51.150775,51.669544,404820
1996-05-24,51.877056,52.084566,51.358286,51.773304,247440
1996-05-28,51.358296,51.669558,50.113246,50.735771,306000
1996-05-29,50.424491,51.202646,50.113228,50.891384,274680
1996-05-30,51.825165,52.136427,51.202640,51.825165,630000
1996-05-31,52.292069,52.292069,50.891388,51.669544,433640
1996-06-03,51.513903,51.825165,50.891378,51.825165,248920
1996-06-04,52.447687,52.758949,51.980794,52.758949,477120
1996-06-05,52.914583,54.004001,52.447689,53.848370,371400
1996-06-06,54.004007,54.782162,53.070220,53.537113,474440
1996-06-07,51.047009,52.447689,51.047009,51.825165,511120
1996-06-10,52.447687,53.225843,51.980794,52.758949,258960
1996-06-11,53.381472,54.626521,52.914578,53.070210,513080
1996-06-12,53.381482,54.782162,52.914589,53.537113,391760
1996-06-13,54.003988,54.626513,53.225833,54.315250,304440
1996-06-14,54.470885,54.470885,53.537099,53.692730,189280
1996-06-17,54.003992,54.315254,53.070206,53.692730,183800
1996-06-18,53.381461,54.626510,53.225830,54.470879,414160
1996-06-19,54.782169,54.782169,53.692751,54.004013,355760
1996-06-20,54.159623,54.315254,52.914574,53.692730,368960
1996-06-21,53.848357,54.315250,53.537095,54.315250,458560
1996-06-24,54.315245,55.093400,54.315245,54.626507,289200
1996-06-25,54.937774,56.960978,54.782142,56.027191,627560
1996-06-26,55.871598,56.027229,54.470917,55.249073,288920
1996-06-27,54.782163,56.182843,54.004007,55.715950,422280
1996-06-28,56.182861,56.805386,55.871598,56.805386,288640
1996-07-01,57.427890,58.206046,57.116628,57.272259,274920
1996-07-02,57.583519,58.828568,57.427888,58.206043,405840
1996-07-03,58.206045,58.206045,56.960996,57.116627,293160
1996-07-05,54.782165,55.871583,54.782165,55.404690,212400
1996-07-08,54.782170,54.782170,53.692752,54.159645,346400
1996-07-09,54.315275,55.249062,53.848382,54.004013,263280
1996-07-10,54.159645,54.626538,52.447702,53.381489,360960
1996-07-11,53.381481,53.537112,50.268858,51.358276,738320
1996-07-12,51.047020,52.292069,50.891388,51.669544,533720
1996-07-15,51.825175,51.980806,50.268864,50.268864,308400
1996-07-16,51.358296,52.136452,48.245672,50.735771,1356560
1996-07-17,51.358253,52.292040,50.891360,51.980778,713160
1996-07-18,51.980792,53.225841,51.513898,53.070210,369000
1996-07-19,52.914562,52.914562,51.825145,52.292038,324320
1996-07-22,51.980781,51.980781,50.268839,51.202625,411840
1996-07-23,52.603305,52.758936,50.891363,51.202625,414240
1996-07-24,49.646341,51.358284,48.868185,50.580128,363000
1996-07-25,50.891385,51.358278,50.735754,51.047016,341760
1996-07-26,51.202665,51.202665,50.580140,50.735771,450160
1996-07-29,50.424492,51.047016,50.424492,51.047016,199200
1996-07-30,51.202652,51.513915,50.113234,50.580128,331920
1996-07-31,50.580135,52.603340,50.424504,52.603340,595680
1996-08-01,52.478392,55.445920,52.166021,55.133549,778200
1996-08-02,56.382989,56.382989,55.758247,56.070618,572880
1996-08-05,56.383026,56.539212,55.133541,55.289726,290920
1996-08-06,55.133550,55.914479,54.977365,55.758293,284640
1996-08-07,56.226812,57.163925,56.070626,57.163925,457720
1996-08-08,57.163926,57.163926,56.695369,56.851555,206360
1996-08-09,57.007760,57.163946,56.383018,56.695389,164360
1996-08-12,56.539209,57.320137,56.383023,57.320137,194360
1996-08-13,57.007738,57.007738,55.758254,56.226810,277240
1996-08-14,55.914463,56.226834,55.445906,55.914463,260440
1996-08-15,55.914479,56.383036,55.289736,55.758293,246080
1996-08-16,56.070675,57.163975,56.070675,57.007790,187560
1996-08-19,57.476323,57.476323,56.851580,57.320137,191320
1996-08-20,57.163923,57.788666,57.163923,57.788666,308240
1996-08-21,57.163925,57.320111,56.539183,57.163925,353920
1996-08-22,57.320109,59.038150,57.163923,57.788666,446000
1996-08-23,57.476296,57.788668,56.539183,57.163925,300360
1996-08-26,57.163975,57.163975,56.383047,57.007790,261160
1996-08-27,57.007766,57.632508,56.539209,57.320137,176080
1996-08-28,57.476325,57.476325,56.539211,56.539211,154280
1996-08-29,56.539212,56.539212,55.133541,55.289726,406280
1996-08-30,55.289714,55.602086,53.259301,54.196415,537400
1996-09-03,53.103127,55.914469,52.634570,55.289726,286640
1996-09-04,54.821157,55.133528,54.040229,54.352600,234720
1996-09-05,53.727867,54.664981,53.571681,53.727867,192120
1996-09-06,53.884035,55.445891,53.727849,54.664963,175760
1996-09-09,55.289697,56.382996,54.977326,56.226810,236320
1996-09-10,56.695391,56.695391,55.289720,55.914463,231600
1996-09-11,55.445893,56.695378,55.445893,56.383007,256480
1996-09-12,57.163926,57.632483,56.539184,56.851555,425600
1996-09-13,57.944868,58.881982,57.632497,58.569611,538040
1996-09-16,58.725819,59.975304,58.725819,58.725819,421720
1996-09-17,59.975304,59.975304,58.101076,58.725819,358360
1996-09-18,58.569594,58.569594,57.476295,57.788666,231040
1996-09-19,57.944890,58.882004,57.163962,58.725819,245800
1996-09-20,59.350525,59.506710,58.881968,59.350525,437920
1996-09-23,59.038154,59.662896,58.257226,59.350525,219720
1996-09-24,59.350545,59.506731,58.569617,58.881989,341760
1996-09-25,58.881982,59.819096,58.569611,59.819096,348040
1996-09-26,59.975282,61.693324,59.506725,60.912395,460240
1996-09-27,61.380933,61.693304,60.600005,61.068562,287520
1996-09-30,61.537156,62.318084,61.380970,61.380970,381040
1996-10-01,61.537153,62.474267,61.380967,62.318081,527560
1996-10-02,63.098982,64.504652,62.786611,63.723724,400240
1996-10-03,63.723724,64.036096,63.098982,63.723724,294440
1996-10-04,64.348507,66.535107,64.192322,66.378922,682640
1996-10-07,66.222736,66.378922,65.441807,66.378922,521640
1996-10-08,65.910327,66.066512,64.817028,64.973213,541760
1996-10-09,64.973243,65.597985,63.879943,64.192314,268040
1996-10-10,63.879926,64.192298,62.786627,63.411369,405280
1996-10-11,64.192304,65.597975,64.036119,64.817047,440760
1996-10-14,64.817017,66.847429,64.817017,66.222687,376680
1996-10-15,66.847445,67.316002,65.441775,65.910332,637520
1996-10-16,66.222703,66.222703,64.817032,65.910332,324200
1996-10-17,66.222716,66.847459,65.285602,66.535088,317360
1996-10-18,66.847429,66.847429,65.754130,66.222687,359440
1996-10-21,66.222716,67.003645,66.066531,66.535088,248000
1996-10-22,66.691244,67.159800,65.597944,66.222687,337120
1996-10-23,65.910336,66.847450,65.597965,66.847450,278840
1996-10-24,66.691273,67.628387,66.378902,66.535088,331600
1996-10-25,66.535094,66.535094,65.597980,65.754166,300240
1996-10-28,65.754137,66.066508,65.129395,65.129395,448160
1996-10-29,65.285602,67.940758,64.660859,67.940758,440880
1996-10-30,69.034024,69.034024,67.003611,67.472168,483640
1996-10-31,67.346883,68.599848,66.563780,67.973366,314200
1996-11-01,67.973366,68.756469,67.660124,67.973366,336120
1996-11-04,68.130000,69.382965,67.660138,69.382965,320200
1996-11-05,69.539582,72.202133,69.539582,72.202133,500440
1996-11-06,72.358744,75.491158,72.202124,75.491158,921320
1996-11-07,75.021305,77.057374,74.081581,75.961029,964240
1996-11-08,75.961053,79.093467,75.961053,78.310364,774000
1996-11-11,77.057362,77.370603,75.021294,75.021294,551760
1996-11-12,75.021305,76.274270,74.394822,75.961029,443720
1996-11-13,74.864673,75.491156,74.708052,75.021294,391160
1996-11-14,74.864673,75.491156,74.708052,75.021294,519000
1996-11-15,76.117659,76.430900,75.334555,75.647797,520120
1996-11-18,75.021314,75.804417,74.864693,75.647797,273440
1996-11-19,75.177900,75.961003,75.021279,75.804382,252560
1996-11-20,75.647806,76.274289,75.177944,76.117668,272440
1996-11-21,75.961058,75.961058,74.081609,74.708092,697480
1996-11-22,75.491154,75.961016,75.177913,75.334534,580440
1996-11-25,75.804370,78.310299,75.804370,77.892647,444600
1996-11-26,78.310355,78.936838,76.222076,76.222076,480000
1996-11-27,76.013224,76.222047,74.760259,75.386742,479640
1996-11-29,75.177917,75.386748,74.551435,75.177917,149370
1996-12-02,75.386756,75.386756,74.133791,74.342613,266130
1996-12-03,74.760222,74.969045,72.045463,72.880775,413580
1996-12-04,72.671999,73.507312,71.210203,72.332657,504870
1996-12-05,72.045504,73.298470,71.210192,71.419022,300450
1996-12-06,68.495448,72.254345,68.495448,70.792549,557820
1996-12-09,73.089628,73.716110,72.254323,73.716110,306750
1996-12-10,73.924940,74.342593,73.298458,73.716110,260460
1996-12-11,73.089666,73.298496,71.314636,71.836700,275940
1996-12-12,72.880838,73.089661,69.957247,70.166077,378000
1996-12-13,69.748382,70.792517,68.913070,70.583687,286170
1996-12-16,71.210206,71.836689,70.166071,70.374901,422310
1996-12-17,69.121931,71.419032,69.121931,70.792549,345750
1996-12-18,71.836688,72.880832,71.836688,72.254349,278220
1996-12-19,73.089601,74.551396,72.671949,74.133743,390150
1996-12-20,77.266207,77.266207,75.595581,75.595581,765960
1996-12-23,76.222052,77.683847,75.386747,76.013229,354030
1996-12-24,76.430877,77.475012,76.430877,77.266190,142320
1996-12-26,77.266222,78.101527,77.266222,77.475044,226260
1996-12-27,78.310338,78.519169,76.848543,77.057373,175500
1996-12-30,77.266227,79.354498,77.266227,79.145676,270990
1996-12-31,78.936795,79.145625,75.595552,75.804382,306600
1997-01-02,75.386756,76.430891,73.089648,74.342613,473670
1997-01-03,75.177912,76.430877,73.924946,75.386742,439110
1997-01-06,75.177900,77.057347,75.177900,75.804382,443370
1997-01-07,75.386748,75.386748,73.924952,75.177917,501750
1997-01-08,75.386754,76.222059,74.760271,74.969093,435060
1997-01-09,76.639679,78.101466,76.013197,76.639679,696900
1997-01-10,74.969098,75.804411,74.133793,75.595581,658530
1997-01-13,76.430903,78.936835,76.013251,78.728004,475230
1997-01-14,79.145660,81.651591,78.936830,81.025108,587610
1997-01-15,80.189793,80.607446,78.936828,79.772141,447450
1997-01-16,80.189836,80.607489,79.145700,80.398666,229380
1997-01-17,80.398660,85.201694,80.189829,84.575211,761970
1997-01-20,85.201673,87.916435,84.575190,86.872292,518430
1997-01-21,85.619286,86.663428,84.992803,85.619286,680340
1997-01-22,86.454608,90.213504,86.245777,89.587021,797430
1997-01-23,89.795881,92.092982,87.289949,87.498772,659040
1997-01-24,87.081102,87.289933,84.157519,85.410484,611790
1997-01-27,84.366257,85.201569,83.739775,84.366257,315150
1997-01-28,87.289890,87.498712,84.157478,84.992783,541290
1997-01-29,85.201691,85.828174,83.113411,85.201691,499800
1997-01-30,87.128539,88.175762,87.128539,87.966316,636690
1997-01-31,90.060736,90.270174,87.128521,87.756851,517560
1997-02-03,89.851261,91.317368,88.175715,91.317368,405630
1997-02-04,90.898475,92.155136,90.479591,91.317368,282570
1997-02-05,92.155157,92.364603,87.966289,89.432396,698250
1997-02-06,88.385196,89.641858,88.175758,89.013527,499680
1997-02-07,90.270193,90.689086,86.919101,87.966316,713730
1997-02-10,88.175775,88.804106,86.709667,86.919113,700740
1997-02-11,86.919100,88.594647,86.500208,88.385201,289800
1997-02-12,90.060706,93.411797,89.851260,92.992912,651300
1997-02-13,93.830714,96.762922,93.830714,94.877930,761160
1997-02-14,95.087350,95.087350,92.783466,92.992912,481560
1997-02-18,92.783522,97.600731,92.783522,97.600731,564900
1997-02-19,97.181882,97.810214,95.715782,96.134666,470340
1997-02-20,95.087390,95.087390,91.526844,92.155174,637260
1997-02-21,91.945759,92.574090,90.898536,91.736313,326460
1997-02-24,91.317419,93.830742,91.107973,93.411850,318720
1997-02-25,95.925170,96.762947,94.249624,96.762947,470880
1997-02-26,96.134565,96.344011,92.574028,92.992912,637860
1997-02-27,92.574077,92.783515,89.013531,89.222977,572580
1997-02-28,88.804103,90.898534,87.547441,89.851318,545340
1997-03-03,88.804116,92.155209,88.385223,91.526878,323850
1997-03-04,91.945759,92.364644,88.175774,88.175774,424680
1997-03-05,88.385223,91.526878,88.385223,91.526878,571710
1997-03-06,92.364656,92.992987,91.107994,91.526878,497700
1997-03-07,91.736251,94.040127,91.526805,92.992912,394200
1997-03-10,93.202384,95.715706,91.317392,94.877930,380310
1997-03-11,94.459046,95.296815,93.411823,94.040154,227220
1997-03-12,93.621318,94.040202,90.479663,91.526878,276780
1997-03-13,92.783504,94.249612,87.966304,88.594635,874830
1997-03-14,89.013531,90.060754,87.547430,89.222977,635310
1997-03-17,89.222991,89.222991,83.568012,86.919113,760740
1997-03-18,87.966327,88.804105,86.919112,88.175774,539790
1997-03-19,87.966282,87.966282,86.290737,87.337952,327960
1997-03-20,87.756778,87.756778,84.615128,84.615128,396180
1997-03-21,85.452996,87.128542,85.034111,85.034111,510750
1997-03-24,85.662438,89.641861,85.243546,89.222977,385440
1997-03-25,89.432392,90.898491,88.804061,90.060722,439560
1997-03-26,90.898501,90.898501,87.337963,87.547409,363390
1997-03-27,88.385144,88.385144,83.358501,85.243492,529050
1997-03-31,84.196355,84.405801,77.913045,80.426369,1020810
1997-04-01,80.007440,84.824639,79.797994,83.567978,900810
1997-04-02,83.358547,83.358547,78.541347,79.169678,684840
1997-04-03,77.912996,82.101864,77.703550,81.054649,696990
1997-04-04,78.960260,81.054700,78.960260,80.426369,712380
1997-04-07,81.683036,83.777476,81.473590,82.101921,724350
1997-04-08,82.101905,83.149129,81.054690,82.520798,458640
1997-04-09,83.568013,85.034121,81.473574,82.520798,552300
1997-04-10,82.520814,83.358583,81.683036,82.101921,386220
1997-04-11,80.426345,80.845229,77.494137,77.703575,638970
1997-04-14,78.960211,81.264095,78.541327,81.054649,464280
1997-04-15,83.986919,84.824696,82.939703,84.196365,985920
1997-04-16,84.615218,85.662441,82.730226,85.452995,625590
1997-04-17,85.034124,85.662455,83.986900,83.986900,325890
1997-04-18,84.196335,84.824666,83.568004,83.777451,228900
1997-04-21,83.777418,84.196302,80.216873,81.054649,384720
1997-04-22,81.264138,84.824677,81.264138,83.986900,624810
1997-04-23,84.196335,84.405781,83.358558,83.777451,372000
1997-04-24,83.986902,85.034126,82.101909,82.311356,284130
1997-04-25,82.311318,83.149095,81.264102,81.892433,300300
1997-04-28,81.892487,85.034143,81.683041,84.196365,425070
1997-04-29,88.594636,92.574067,87.547421,92.155174,1067700
1997-04-30,91.736251,94.668458,90.479590,92.992912,1124820
1997-05-01,93.034982,93.875030,90.514847,90.724861,541110
1997-05-02,90.094838,92.824987,90.094838,91.774925,652140
1997-05-05,92.194990,95.975194,92.194990,94.715126,603240
1997-05-06,94.084966,96.395085,93.874952,95.555038,536220
1997-05-07,95.555143,95.555143,91.144906,91.354919,423450
1997-05-08,90.934831,94.925038,90.094784,93.874985,608520
1997-05-09,95.345092,95.765112,90.934857,92.404930,681270
1997-05-12,92.404903,93.874983,92.194897,93.454964,358080
1997-05-13,93.454959,96.185098,93.034931,94.294998,551460
1997-05-14,95.555166,95.765180,94.295098,94.715126,440250
1997-05-15,95.135075,95.555095,93.875008,94.085022,287490
1997-05-16,94.295024,95.135072,92.194918,92.824951,352620
1997-05-19,92.614925,93.874992,92.194905,93.664978,269940
1997-05-20,93.244975,97.025176,91.564888,96.815163,522660
1997-05-21,97.025152,97.865199,93.454965,93.874985,583350
1997-05-22,93.454940,93.874960,92.824907,93.244926,415170
1997-05-23,94.505006,95.135040,93.874973,94.925026,336930
1997-05-27,93.034961,94.925062,93.034961,94.085022,307890
1997-05-28,93.664970,94.715031,92.404903,93.454964,388560
1997-05-29,93.875041,94.295061,91.564919,91.774925,373440
1997-05-30,89.464776,93.034964,89.464776,92.404930,768180
1997-06-02,93.455037,93.665043,91.354921,92.194969,540630
1997-06-03,91.984891,94.505025,91.774878,93.664978,578190
1997-06-04,93.454985,93.875005,92.614937,92.824951,316110
1997-06-05,93.244945,94.925032,92.824925,94.294998,357780
1997-06-06,93.875009,97.655211,93.664996,97.235191,471660
1997-06-09,97.655214,98.915281,97.025181,98.285248,508830
1997-06-10,98.705290,101.435438,98.705290,100.805405,591000
1997-06-11,101.225391,102.905486,101.015385,102.485458,580380
1997-06-12,103.745467,106.265600,103.115434,105.635567,549750
1997-06-13,106.265650,107.945744,105.215596,106.895683,596010
1997-06-16,107.105683,107.315697,104.795563,105.005569,398730
1997-06-17,104.795577,107.315711,103.535510,106.895683,531000
1997-06-18,105.635606,108.995787,105.215587,108.575768,473280
1997-06-19,108.575783,109.415823,107.525722,108.785789,429690
1997-06-20,108.785825,111.095954,108.785825,110.885941,575670
1997-06-23,110.045882,110.675915,106.685707,106.685707,363510
1997-06-24,108.260772,109.205823,106.265661,108.155762,442800
1997-06-25,107.945770,110.780921,107.420739,107.735756,470580
1997-06-26,108.050722,108.365739,104.585539,106.265625,542100
1997-06-27,107.105721,108.155774,106.370684,107.105721,341520
1997-06-30,107.210720,107.315731,105.110613,105.950653,500190
1997-07-01,107.105703,109.730840,106.370666,108.785789,485070
1997-07-02,108.785755,112.355949,107.735702,112.355949,382620
1997-07-03,112.775991,113.616038,110.045843,112.040955,630270
1997-07-07,112.776003,115.611154,112.776003,113.511040,493170
1997-07-08,113.616016,115.191099,111.515902,112.355949,406320
1997-07-09,112.566028,113.196062,110.675927,110.885941,574230
1997-07-10,110.885936,112.881041,110.885936,112.146004,408930
1997-07-11,112.566029,112.776043,110.990944,111.200958,393210
1997-07-14,110.885906,111.095920,108.785792,109.520836,510060
1997-07-15,112.145986,112.986034,109.730855,111.305939,685320
1997-07-16,112.566031,115.926214,111.725991,115.086166,598800
1997-07-17,114.666135,114.981152,113.511071,113.826088,370860
1997-07-18,113.616084,113.931101,110.570919,111.830986,460560
1997-07-21,111.620961,111.935978,110.045877,110.465904,278640
1997-07-22,110.885926,114.666128,110.255892,113.931091,462420
1997-07-23,115.296141,115.611158,113.511043,114.771111,337920
1997-07-24,115.611132,119.181319,114.561079,118.866302,418290
1997-07-25,119.286355,120.126395,116.871224,117.081238,469800
1997-07-28,117.816297,118.131314,115.086149,116.976250,352980
1997-07-29,116.976258,120.861471,116.031207,119.916420,340530
1997-07-30,120.126405,123.696601,118.656332,120.546432,469980
1997-07-31,121.430339,121.851239,119.220601,121.114662,511950
1997-08-01,121.219852,122.272105,117.852632,119.431015,382440
1997-08-04,118.484036,118.484036,115.958621,117.221329,652890
1997-08-05,117.221335,117.747465,116.169081,117.642242,284670
1997-08-06,117.747392,119.115322,116.905585,117.852615,522060
1997-08-07,119.115325,119.115325,115.537659,115.537659,377190
1997-08-08,115.327170,115.327170,110.171122,111.328606,775890
1997-08-11,111.960029,114.064535,111.749575,113.433182,422220
1997-08-12,114.801160,115.116837,110.697360,110.907806,436860
1997-08-13,114.485449,114.590672,111.960035,114.380219,742560
1997-08-14,115.327226,115.853356,113.433166,114.906326,493680
1997-08-15,113.538452,114.064575,110.697360,110.907806,428610
1997-08-18,112.275713,113.012289,107.856238,112.380936,588540
1997-08-19,111.854772,114.801093,110.697296,114.695862,557940
1997-08-20,114.485442,115.958595,113.433181,115.958595,330000
1997-08-21,117.642210,117.642210,111.223444,113.433182,435510
1997-08-22,110.276385,112.801799,109.960709,112.486122,522810
1997-08-25,112.907085,113.222761,110.486893,111.539146,269250
1997-08-26,110.381597,111.539073,108.592760,109.224113,321810
1997-08-27,109.434643,110.065997,106.067421,108.171936,570300
1997-08-28,107.330100,110.486867,106.909200,107.750999,375000
1997-08-29,106.804018,109.013756,106.698795,106.909248,352770
1997-09-02,109.855487,112.907031,108.698003,112.591354,429750
1997-09-03,112.696577,116.274243,112.696577,114.064507,477870
1997-09-04,114.064500,115.116761,112.380894,113.643600,348600
1997-09-05,113.748823,115.642883,112.170440,113.643600,463050
1997-09-08,114.485432,114.801109,113.748848,113.748848,213810
1997-09-09,113.643609,115.011539,113.012255,114.695862,303600
1997-09-10,113.854018,113.854018,111.118152,111.328606,363090
1997-09-11,110.802523,110.907746,106.909180,109.434593,374250
1997-09-12,110.065993,111.749600,108.908509,111.539146,357660
1997-09-15,111.854741,113.117447,111.223387,111.644295,288150
1997-09-16,113.538363,118.694412,113.433132,118.168282,667140
1997-09-17,119.536304,119.536304,116.695212,117.642242,463770
1997-09-18,118.484064,123.534894,116.695233,119.115417,806790
1997-09-19,118.694452,119.536259,117.747422,118.799675,375450
1997-09-22,119.957195,122.377386,119.641518,121.746033,281790
1997-09-23,120.798973,121.535550,118.589236,121.325096,259890
1997-09-24,119.957114,122.166850,116.589894,116.905571,2195580
1997-09-25,118.063016,118.799592,115.327150,115.432381,1291260
1997-09-26,116.274219,116.589896,115.642866,116.484673,755370
1997-09-29,116.379530,116.379530,112.801854,115.222046,937710
1997-09-30,114.906328,116.379489,114.590651,115.011551,840450
1997-10-01,117.431698,117.642152,115.537638,116.695122,1066500
1997-10-02,116.589975,117.747459,116.274298,117.747459,589170
1997-10-03,120.904218,121.430348,119.957187,120.693764,1357770
1997-10-06,122.903508,125.849831,121.640801,125.323700,954240
1997-10-07,125.323607,128.375150,124.060900,126.691536,863040
1997-10-08,126.691595,127.428179,124.481858,125.534119,562410
1997-10-09,123.745280,125.428886,123.324380,125.428886,539820
1997-10-10,124.481856,125.428886,123.534826,125.428886,347640
1997-10-13,126.796860,127.533436,126.060275,126.796860,487890
1997-10-14,127.217702,127.849055,125.007965,127.007248,386700
1997-10-15,125.744606,127.428221,125.113252,125.744606,634500
1997-10-16,127.007246,127.007246,123.955710,124.376610,614310
1997-10-17,124.376599,124.376599,120.167580,122.692993,727050
1997-10-20,123.534799,123.850476,122.166870,123.640030,353220
1997-10-21,124.587111,127.533426,124.271435,126.586395,535710
1997-10-22,127.217763,128.690924,126.586409,128.585693,877230
1997-10-23,127.743878,127.849101,124.797556,125.955040,860010
1997-10-24,127.112523,127.322969,121.219887,122.798271,948870
1997-10-27,121.851208,122.693015,109.434593,109.434593,1120050
1997-10-28,109.434643,118.904948,108.908512,117.537010,1850340
1997-10-29,118.589182,119.746657,117.116022,118.694405,976230
1997-10-30,117.260355,118.525754,116.205850,117.154900,859830
1997-10-31,119.791132,119.791132,116.416731,118.103928,836850
1997-11-03,119.369293,120.740147,118.736594,120.423798,500310
1997-11-04,120.634715,124.009116,119.685666,123.060066,508890
1997-11-05,125.696348,127.805350,123.587354,125.801804,786510
1997-11-06,126.012681,128.227130,125.274534,126.961731,649680
1997-11-07,125.063673,125.590926,123.060126,125.169128,590220
1997-11-10,127.172579,127.278026,123.165480,123.270935,652830
1997-11-11,123.270956,124.220006,120.212906,121.794655,549720
1997-11-12,120.107485,121.267429,115.573132,116.311287,592890
1997-11-13,117.893019,117.893019,111.882373,117.471214,907050
1997-11-14,117.893086,120.107535,117.260386,119.158485,686100
1997-11-17,121.162006,126.118157,121.056559,124.009155,546420
1997-11-18,123.798201,124.220006,121.267403,121.794655,505080
1997-11-19,121.794640,124.958137,121.372843,123.903641,416790
1997-11-20,125.749007,130.336078,125.432657,129.070679,798360
1997-11-21,129.228889,130.177939,126.856266,127.647141,576520
1997-11-24,127.647168,127.647168,124.325494,125.274544,484740
1997-11-25,127.805340,127.963514,122.111042,124.958191,430720
1997-11-26,126.539960,127.647185,124.009161,124.641861,475880
1997-11-28,127.488995,129.545269,125.116371,128.754395,380880
1997-12-01,129.070719,137.770338,128.912544,136.821289,942280
1997-12-02,136.821365,139.984865,135.239615,138.877640,654320
1997-12-03,141.092044,144.097367,139.193944,142.990143,965900
1997-12-04,142.990067,145.204515,141.724668,141.882843,869380
1997-12-05,139.510298,142.990146,138.719423,141.724747,976540
1997-12-08,141.408304,141.882828,139.826555,140.775604,541980
1997-12-09,141.092013,141.092013,137.295815,137.770340,559800
1997-12-10,136.663051,136.663051,134.764953,135.872177,723840
1997-12-11,133.499540,133.974065,129.703345,132.550491,713380
1997-12-12,134.765036,135.397735,132.550587,133.341461,634020
1997-12-15,133.974118,138.086664,133.974118,136.346741,688880
1997-12-16,138.877640,141.566615,138.403115,138.877640,595180
1997-12-17,141.408399,141.724749,138.877600,141.566574,565900
1997-12-18,141.566527,141.724702,136.030406,139.510254,769460
1997-12-19,135.555883,136.188583,129.070712,134.132309,1097020
1997-12-22,134.132346,135.239571,130.336148,131.601547,657120
1997-12-23,131.601546,133.974170,131.443371,132.708771,428240
1997-12-24,132.708713,133.341413,129.387041,130.336090,253580
1997-12-26,129.861563,132.076011,129.861563,130.494263,118660
1997-12-29,131.601482,133.183230,130.652433,131.917831,379540
1997-12-30,131.759748,136.030472,131.759748,136.030472,389380
1997-12-31,136.030391,136.346741,133.815943,136.346741,396280
1998-01-02,136.663150,136.663150,134.448701,135.397751,428840
1998-01-05,137.295880,137.612230,132.392456,134.448730,758840
1998-01-06,132.866896,136.346744,132.708721,135.081345,787820
1998-01-07,135.555888,136.504937,128.912542,130.652466,813260
1998-01-08,127.963536,129.545285,126.539961,127.172661,700740
1998-01-09,126.698101,127.488975,118.314831,120.687454,1406920
1998-01-12,114.518656,122.585577,114.202306,119.580254,1137520
1998-01-13,124.009147,125.749072,123.534622,125.590897,806960
1998-01-14,126.381786,128.279885,125.749086,127.172661,724820
1998-01-15,127.014459,127.805333,125.590884,125.907234,462240
1998-01-16,127.014462,129.228911,127.014462,128.279861,603980
1998-01-20,129.228878,129.861577,124.958156,128.438004,763960
1998-01-21,128.438008,128.438008,125.432685,126.539909,572420
1998-01-22,124.641850,125.274550,121.636526,122.269226,1081760
1998-01-23,122.901884,124.325458,118.314812,121.478310,725080
1998-01-26,121.161979,123.376428,118.631181,119.105705,539000
1998-01-27,119.105719,126.065415,119.105719,124.958191,693440
1998-01-28,126.539882,127.805281,124.799959,126.856232,715120
1998-01-29,126.539882,129.545204,125.749008,126.856232,604140
1998-01-30,126.856237,128.279810,125.274488,125.432663,399300
1998-02-02,128.121635,132.234181,128.121635,131.917831,871360
1998-02-03,131.285167,135.081364,130.652467,134.765015,940580
1998-02-04,133.816028,135.081428,132.708803,134.606903,642060
1998-02-05,135.241026,135.399573,132.228623,134.448288,430660
1998-02-06,134.131232,135.716708,133.497042,134.289780,474320
1998-02-09,135.082522,135.558164,133.179951,134.765427,538120
1998-02-10,135.399595,139.363283,134.448310,137.936356,643160
1998-02-11,138.094923,139.363303,137.302185,137.302185,325980
1998-02-12,137.302202,140.790249,135.082536,139.204773,489680
1998-02-13,138.253431,139.680359,137.777789,138.570526,364760
1998-02-17,140.631648,141.900029,139.680363,140.156006,435540
1998-02-18,140.790127,141.741411,140.155937,141.424316,379540
1998-02-19,141.424373,141.424373,138.570518,139.838898,503660
1998-02-20,141.265787,142.692714,139.997407,142.217072,574480
1998-02-23,142.217056,142.534150,140.790129,141.107224,528240
1998-02-24,140.790145,141.265788,139.046123,139.680313,469860
1998-02-25,141.424404,142.851331,140.948761,142.058594,432240
1998-02-26,140.948761,142.058594,140.314571,142.058594,280000
1998-02-27,141.741413,141.741413,139.838844,141.107224,315920
1998-03-02,139.680416,141.582987,138.094940,139.204773,351860
1998-03-03,137.777727,141.582866,137.619180,141.107224,426900
1998-03-04,141.265825,143.009848,138.570518,139.838898,398980
1998-03-05,138.253370,141.107224,137.143537,141.107224,417900
1998-03-06,140.948674,143.009791,139.204652,141.424316,587820
1998-03-09,140.948754,144.278253,140.314564,140.790207,486520
1998-03-10,145.863674,147.132054,143.326914,146.497864,653380
1998-03-11,148.559036,150.461607,147.924846,149.668869,907440
1998-03-12,149.668897,154.108229,149.193254,152.205658,455960
1998-03-13,153.949613,154.900898,151.888496,153.156876,390920
1998-03-16,152.522733,154.108209,151.254353,152.839828,541500
1998-03-17,153.315488,155.376607,152.522751,154.742416,600620
1998-03-18,152.205587,154.742346,152.205587,153.791061,399380
1998-03-19,153.632503,155.376525,153.473956,154.266693,345800
1998-03-20,155.059464,159.181699,154.108179,157.279129,766560
1998-03-23,155.852188,156.010735,153.473975,153.632523,526900
1998-03-24,156.486391,157.437677,155.059464,157.279129,391660
1998-03-25,159.815881,160.608618,157.596216,158.547501,775460
1998-03-26,158.864585,160.132965,158.071848,160.132965,547460
1998-03-27,159.974437,160.767174,156.169296,157.279129,520200
1998-03-30,156.644918,157.120561,150.937209,153.473969,577820
1998-03-31,154.108229,155.059514,150.937277,152.205658,690140
1998-04-01,153.315451,153.315451,150.144501,151.254333,913580
1998-04-02,152.522716,155.693667,151.888526,155.376572,618920
1998-04-03,156.961986,157.754723,155.376511,156.486343,558040
1998-04-06,170.597046,186.451790,170.597046,185.183411,3992760
1998-04-07,178.207446,180.110016,169.328783,173.451019,2000920
1998-04-08,173.768026,173.926573,169.328697,170.597076,1477160
1998-04-09,170.280064,171.865540,169.645874,170.755707,955480
1998-04-13,171.231387,171.231387,163.304008,168.694626,1137200
1998-04-14,168.853121,169.804406,166.950551,169.645859,781800
1998-04-15,169.962960,169.962960,163.938154,164.255249,735040
1998-04-16,164.096704,164.096704,160.608658,160.608658,595940
1998-04-17,162.352679,165.206534,161.718488,164.255249,703960
1998-04-20,167.109049,167.426144,161.559887,163.303909,835000
1998-04-21,164.572325,165.523610,163.621039,164.889420,896540
1998-04-22,165.523636,166.633469,164.096708,165.523636,531760
1998-04-23,162.669807,163.779640,161.559974,161.718521,418980
1998-04-24,162.035524,163.620998,158.388932,159.498764,603600
1998-04-27,154.900929,157.279142,151.412884,155.376572,916460
1998-04-28,157.279182,159.815943,152.522755,154.108231,683260
1998-04-29,155.059479,155.693669,152.522718,153.949646,771080
1998-04-30,156.650561,158.874808,155.061812,155.538437,900180
1998-05-01,157.603729,158.874726,156.968230,158.080353,558420
1998-05-04,158.715930,160.145803,157.286057,157.286057,427680
1998-05-05,159.192527,159.192527,154.585158,155.379532,534500
1998-05-06,155.697240,156.491614,152.201996,152.201996,535460
1998-05-07,152.678558,154.108430,151.407561,153.155182,613180
1998-05-08,152.996417,155.538413,150.931044,151.566544,856480
1998-05-11,152.360958,155.061830,152.360958,154.267456,625340
1998-05-12,154.585155,157.603775,153.790781,157.444901,908080
1998-05-13,158.239245,158.556994,156.173873,156.650497,588880
1998-05-14,155.379533,157.127156,153.949660,154.426285,510200
1998-05-15,156.173885,159.986879,155.061761,159.192505,888000
1998-05-18,159.033630,162.052250,158.557006,159.192505,807880
1998-05-19,161.734467,162.528840,160.781218,161.575592,744420
1998-05-20,163.958754,164.912003,162.052257,164.912003,641640
1998-05-21,165.229742,165.229742,161.098999,161.257874,488120
1998-05-22,161.734545,162.052295,160.145797,160.463547,356920
1998-05-26,163.482076,163.482076,159.510208,159.510208,452860
1998-05-27,157.603733,158.239231,152.678616,155.220612,733220
1998-05-28,154.902875,157.127122,154.902875,156.650497,463160
1998-05-29,158.556980,158.556980,155.061736,155.697235,429580
1998-06-01,155.220679,160.145798,155.061804,160.145798,514700
1998-06-02,160.145749,162.369995,160.145749,162.369995,659320
1998-06-03,162.687813,163.323312,158.715942,158.874817,526240
1998-06-04,158.874799,160.463547,157.603800,160.463547,500760
1998-06-05,161.257945,163.799942,159.828072,163.641068,601840
1998-06-08,165.070877,165.547502,163.958754,164.912003,712660
1998-06-09,165.547549,166.024173,163.799926,164.276550,511620
1998-06-10,163.640979,164.435352,161.416732,161.734482,583200
1998-06-11,161.575644,162.528893,157.127151,157.603775,579380
1998-06-12,156.491681,158.239304,154.744058,158.239304,577100
1998-06-15,156.014989,156.014989,152.043121,152.201996,936980
1998-06-16,152.202026,153.631899,150.295529,152.519775,953540
1998-06-17,152.519782,158.874773,152.519782,157.603775,1245180
1998-06-18,158.556994,158.556994,155.697249,156.650497,985500
1998-06-19,157.921574,157.921574,154.744077,155.856201,749280
1998-06-22,155.697329,156.332829,154.108581,154.267456,562420
1998-06-23,155.538407,156.332781,154.585159,154.902908,588120
1998-06-24,154.902842,159.986832,154.108468,159.351334,1094100
1998-06-25,160.145771,161.575644,156.809401,157.603775,958580
1998-06-26,159.033635,159.192509,154.744016,156.332764,574220
1998-06-29,156.332764,157.921512,156.015014,156.173889,663260
1998-06-30,156.491735,156.650610,153.314238,154.108612,537460
1998-07-01,156.173927,160.622422,155.379553,160.463547,819400
1998-07-02,160.463484,162.528855,159.669110,161.734482,511880
1998-07-06,163.164354,163.164354,160.304609,162.211105,701240
1998-07-07,163.323256,166.818501,161.416759,164.117630,1133880
1998-07-08,171.584830,176.351075,170.313831,176.033325,2384260
1998-07-09,175.397738,176.986486,173.014617,173.808990,992160
1998-07-10,174.444548,177.145420,172.538050,175.397797,924340
1998-07-13,176.033170,179.846163,174.762173,178.098541,887100
1998-07-14,179.687316,181.434938,179.051817,180.640564,778920
1998-07-15,183.341499,183.500374,178.575256,178.893005,974560
1998-07-16,178.734022,181.117143,176.827526,180.322769,550860
1998-07-17,180.958372,183.500368,179.369624,182.229370,665420
1998-07-20,183.182675,185.248048,182.388301,184.612549,854920
1998-07-21,184.612536,185.406910,175.238922,175.397797,1007400
1998-07-22,175.238951,178.098698,173.173578,176.033325,961420
1998-07-23,176.827505,176.986380,169.995895,170.631393,669340
1998-07-24,172.696890,173.173515,165.547525,169.042770,794000
1998-07-27,167.136180,172.220170,165.547433,171.584671,799740
1998-07-28,170.631412,171.108036,164.594174,167.771667,851200
1998-07-29,168.724976,170.313723,166.182980,168.407227,715140
1998-07-30,169.999031,174.137584,168.884805,173.978409,862880
1998-07-31,173.819186,176.047637,167.611358,171.272385,876240
1998-08-03,170.635710,171.272410,166.019632,166.337982,675480
1998-08-04,168.088944,168.725644,157.265034,157.424210,1578940
1998-08-05,158.856717,162.199394,154.718165,159.811768,1154860
1998-08-06,159.175155,161.721958,157.424228,160.766907,871180
1998-08-07,161.403541,162.199416,155.673238,155.832413,946540
1998-08-10,155.673250,157.105826,154.240674,156.787476,813160
1998-08-11,151.534658,152.171358,146.281881,149.624557,1793420
1998-08-12,154.399796,154.399796,149.624544,150.738770,1416160
1998-08-13,150.261262,151.375488,144.053435,144.530960,1214620
1998-08-14,146.759464,148.669565,141.506685,142.620911,1075800
1998-08-17,140.869933,148.191986,140.551583,148.191986,1031860
1998-08-18,149.624557,152.330533,147.555281,151.693832,884680
1998-08-19,153.126413,153.285588,147.555286,148.191986,726920
1998-08-20,147.077797,147.396147,142.780069,143.098419,924780
1998-08-21,139.755673,140.551548,133.388672,139.118973,1844280
1998-08-24,141.347507,142.143383,136.572253,137.208954,1047560
1998-08-25,141.984161,143.098386,138.959835,140.392410,971040
1998-08-26,136.890522,139.755673,136.094647,139.118973,1022980
1998-08-27,133.388685,134.502910,127.340034,128.613434,2034140
1998-08-28,130.682796,131.160321,120.336411,123.042389,2350120
1998-08-31,124.474953,126.703405,111.422592,113.014343,2153160
1998-09-01,112.377600,113.969350,101.235345,110.467499,3213880
1998-09-02,110.308360,118.426291,109.990010,113.332687,2450740
1998-09-03,107.761564,110.149190,101.872084,104.737236,2576760
1998-09-04,104.418872,106.010623,95.505066,99.484444,3363060
1998-09-08,112.059253,113.651004,104.578025,107.443176,3202680
1998-09-09,106.965679,106.965679,101.235374,102.031250,2126740
1998-09-10,96.778439,100.598640,94.709163,100.598640,3020060
1998-09-11,99.325286,104.737241,94.550032,104.100540,3421300
1998-09-14,106.806502,110.149179,104.259700,105.692276,2488380
1998-09-15,104.418895,109.512500,102.349618,109.353325,1638040
1998-09-16,110.149161,112.218437,108.239060,109.830811,1935120
1998-09-17,101.553717,104.418869,101.553717,103.622993,1732500
1998-09-18,102.986272,104.896372,101.235346,102.349571,1582060
1998-09-21,99.325257,101.712883,96.778455,100.917007,2307820
1998-09-22,102.508740,102.827090,98.370188,100.280289,1421440
1998-09-23,101.553743,109.512500,100.598692,109.353325,2557540
1998-09-24,109.194116,109.194116,100.280310,103.145462,2908480
1998-09-25,99.484410,105.692237,97.733484,102.508736,2648240
1998-09-28,104.418863,106.647314,101.394536,103.145462,1648480
1998-09-29,104.418842,105.692242,99.484415,99.802765,2146840
1998-09-30,98.051868,99.166093,94.709190,95.505066,2694280
1998-10-01,92.321581,94.709208,88.978903,91.048180,3038020
1998-10-02,90.411422,98.210999,88.501321,98.210999,3429780
1998-10-05,94.550042,94.550042,86.591284,87.864685,3137140
1998-10-06,88.183035,92.003239,85.477058,87.864685,3062840
1998-10-07,86.591225,87.546276,79.109998,80.860924,3172560
1998-10-08,77.995768,83.726069,72.583817,82.771019,4834680
1998-10-09,84.044438,90.729791,81.656812,90.252266,4607200
1998-10-12,94.231612,95.505012,88.819661,88.978836,3079260
1998-10-13,89.138058,92.003210,86.591256,88.740120,2394580
1998-10-14,87.705478,91.366505,85.636202,90.729805,2115080
1998-10-15,90.411450,105.373908,89.138049,101.394531,4305400
1998-10-16,103.622992,107.443195,102.827117,106.488144,6714220
1998-10-19,105.533123,110.149202,104.259722,108.875801,3057660
1998-10-20,114.287691,118.107892,113.014291,115.401917,4678260
1998-10-21,117.789499,119.062899,111.422499,111.900024,3327560
1998-10-22,112.377617,116.038644,110.945041,114.765244,2489480
1998-10-23,114.128544,119.540497,113.651018,118.744621,2390060
1998-10-26,119.699664,119.699664,116.834513,117.948738,1639120
1998-10-27,118.267125,119.381350,109.830842,110.945068,3509780
1998-10-28,110.785842,114.765219,108.716566,112.855118,2589560
1998-10-29,111.877001,116.352081,111.077880,116.352081,2338620
1998-10-30,118.589623,121.786109,117.950326,120.187866,2551840
1998-11-02,119.548583,120.347705,114.594030,117.950340,4682080
1998-11-03,115.073563,115.872685,111.237777,112.836021,4610800
1998-11-04,115.073563,115.872685,111.237777,112.836021,4157840
1998-11-05,112.196627,116.352057,111.237681,115.073463,3215240
1998-11-06,115.712800,120.187881,115.393151,117.950340,2819780
1998-11-09,116.991362,117.630659,112.995755,114.753822,3066320
1998-11-10,113.954746,114.434218,110.918083,111.237732,2183980
1998-11-11,112.516334,113.155631,106.602833,108.360901,2676660
1998-11-12,107.401936,110.118949,106.283165,107.242111,2089000
1998-11-13,108.360872,111.237709,108.201047,110.918060,1974020
1998-11-16,113.635143,114.274441,111.237777,112.836021,1927060
1998-11-17,113.155569,120.187836,112.036799,115.872581,3830240
1998-11-18,116.991400,117.950346,112.036847,113.155617,2881760
1998-11-19,114.594017,114.913665,112.516301,113.635071,1871100
1998-11-20,114.913658,116.831550,113.794888,115.233307,2923580
1998-11-23,118.909253,125.302223,118.269956,125.302223,4478120
1998-11-24,125.302211,132.813951,124.822738,129.457642,3836840
1998-11-25,131.055932,134.252418,130.736284,133.932770,1889540
1998-11-27,134.412289,136.170357,134.412289,135.211411,892580
1998-11-30,134.412248,134.572073,127.859452,128.498749,2063440
1998-12-01,124.663010,128.179146,122.904942,127.859497,2291020
1998-12-02,126.900517,130.896125,126.261220,128.658585,1852540
1998-12-03,127.699605,127.859430,122.745053,123.224525,2681740
1998-12-04,125.621907,126.900501,122.105772,126.740677,2304760
1998-12-07,127.380005,128.658599,125.142464,125.462112,1407160
1998-12-08,126.261215,127.539809,124.023674,124.023674,1593860
1998-12-09,126.580887,127.539833,123.544224,125.941589,1786380
1998-12-10,125.621897,125.781722,122.265587,122.585236,1189540
1998-12-11,121.466492,122.105789,119.069127,122.105789,1632620
1998-12-14,121.466495,121.626319,116.352116,117.790535,1874020
1998-12-15,118.429765,125.621856,116.671698,124.662910,2410900
1998-12-16,126.421022,126.900495,121.466469,121.786118,1627320
1998-12-17,124.822834,128.019321,124.822834,127.859497,2438880
1998-12-18,128.179130,129.138077,126.580887,127.539833,1735180
1998-12-21,127.539811,133.133662,127.060338,130.736298,2021200
1998-12-22,130.576423,131.375544,128.179059,128.978180,1088040
1998-12-23,130.256803,133.293464,129.777330,132.334518,1509980
1998-12-24,132.334465,133.133586,131.375519,132.014816,441960
1998-12-28,132.174659,133.453253,130.256768,130.576416,870480
1998-12-29,130.416626,130.896099,127.859437,130.416626,1079300
1998-12-30,129.937164,130.736286,127.699624,129.297867,1077620
1998-12-31,128.338882,129.937124,126.580815,127.060287,1027340
1999-01-04,128.179112,132.494368,127.379990,128.658585,1737460
1999-01-05,129.297947,131.695313,129.297947,131.056015,1451560
1999-01-06,133.133636,140.006080,133.133636,139.047134,3415640
1999-01-07,137.448805,151.033861,136.809508,149.595444,3984300
1999-01-08,150.874148,151.992918,145.280297,148.157135,2854580
1999-01-11,143.841860,149.755359,143.841860,147.677643,2032960
1999-01-12,146.079397,146.878519,142.563263,142.563263,2283360
1999-01-13,134.252460,138.088245,125.302296,133.453339,4600780
1999-01-14,133.133647,135.371187,129.138039,130.096985,2660840
1999-01-15,129.457651,133.613082,128.978178,131.695190,2586520
1999-01-19,134.572086,135.531032,129.297883,131.855072,1904560
1999-01-20,134.412251,140.645399,132.973832,136.170319,2324840
1999-01-21,135.211360,138.407847,133.772942,134.092590,1866800
1999-01-22,130.736222,134.252356,130.096925,132.014816,1491460
1999-01-25,135.531021,136.170319,131.055940,136.170319,2195620
1999-01-26,136.809529,141.923904,135.051463,141.923904,2205100
1999-01-27,140.805240,141.604362,137.448929,138.088226,1930060
1999-01-28,140.955331,143.039995,139.512102,142.398560,1676660
1999-01-29,143.360781,144.804011,139.512170,143.841858,1709780
1999-02-01,144.322901,145.124695,138.870703,139.832855,1071960
1999-02-02,139.191502,140.795091,136.144684,136.144684,1688960
1999-02-03,135.663565,140.795047,133.418541,139.512177,1740380
1999-02-04,138.870765,139.031124,135.342870,136.305023,1687060
1999-02-05,135.984322,136.786117,133.899657,135.663605,1789880
1999-02-08,139.191495,139.191495,133.418576,134.701447,2016780
1999-02-09,134.861732,135.984243,129.409533,129.890610,2019780
1999-02-10,130.051003,134.380692,128.607774,134.380692,1352840
1999-02-11,133.899607,139.832883,132.937455,137.587860,2034240
1999-02-12,137.267154,138.389665,132.777106,133.097824,1616700
1999-02-16,135.182520,138.229339,134.861803,137.106827,1311380
1999-02-17,137.106837,139.672579,135.823966,136.144684,1905280
1999-02-18,136.305021,137.748250,134.380714,135.823944,1560320
1999-02-19,135.984250,140.955372,135.503174,139.031067,2037440
1999-02-22,140.794946,143.681403,140.313870,142.238174,2250580
1999-02-23,144.964320,150.256159,144.964320,149.294006,4004080
1999-02-24,149.935480,154.425526,145.605792,146.086868,3614880
1999-02-25,145.605798,148.171538,143.841851,145.285080,2253880
1999-02-26,148.813014,152.501267,145.766196,150.737320,1941660
1999-03-01,152.501207,157.793046,151.218336,157.151611,2987160
1999-03-02,156.830907,156.991266,149.775120,151.378708,1882700
1999-03-03,151.218395,153.142701,147.369782,148.492294,1503240
1999-03-04,150.256229,154.906636,149.454435,154.746277,1562040
1999-03-05,159.717364,162.924540,156.670547,158.434494,2577100
1999-03-08,159.075974,160.839921,157.312026,159.075974,1375460
1999-03-09,159.396749,162.283209,158.274236,160.358902,1961900
1999-03-10,162.283152,164.848894,160.839923,164.207458,1883080
1999-03-11,164.207405,169.659604,162.603817,169.178528,2496680
1999-03-12,170.140681,170.461398,168.376734,169.178528,1863140
1999-03-15,168.857810,169.980322,167.093864,169.178528,1560500
1999-03-16,168.537144,169.338938,164.047096,165.490326,1560420
1999-03-17,167.093958,167.093958,160.519244,161.000320,1225200
1999-03-18,160.839907,166.612825,160.679548,165.971390,1461280
1999-03-19,167.575055,168.216490,164.367877,164.848953,1830020
1999-03-22,163.245239,163.886674,160.519140,163.245239,772320
1999-03-23,162.764193,162.764193,154.746253,156.830917,1358140
1999-03-24,157.472359,158.113794,152.501236,154.265182,1579460
1999-03-25,157.472304,162.924502,156.991228,161.641632,2091940
1999-03-26,161.962462,166.131792,161.000308,162.603897,1361700
1999-03-29,164.688465,167.414565,164.528107,164.528107,1323940
1999-03-30,163.565954,166.612771,163.084878,164.528107,948020
1999-03-31,166.452537,167.895768,161.641770,163.886795,1672660
1999-04-01,165.490313,167.254260,164.688519,165.971390,1233620
1999-04-05,168.056009,171.263185,168.056009,170.621750,1592960
1999-04-06,170.461540,175.272307,169.820104,171.904770,1475840
1999-04-07,176.715432,185.374809,175.432562,183.931580,2859240
1999-04-08,184.572973,188.421584,184.091896,187.299072,2501660
1999-04-09,185.855892,190.185581,185.535174,188.902710,1699280
1999-04-12,186.336899,191.789097,186.016181,189.864792,1648880
1999-04-13,190.025189,194.675594,189.864830,193.072006,2201040
1999-04-14,195.637799,197.562105,186.818062,188.261292,2016020
1999-04-15,185.695585,188.421686,179.441589,182.328049,2109580
1999-04-16,181.205469,185.054080,176.555063,183.771210,1852460
1999-04-19,189.223400,195.637753,180.403666,181.205460,3507300
1999-04-20,187.299115,192.270239,183.290145,186.818039,3036560
1999-04-21,187.138693,189.864792,183.931517,189.864792,1962480
1999-04-22,190.185564,194.675611,190.025205,192.430588,1760900
1999-04-23,192.430550,194.675573,190.345886,192.109833,943020
1999-04-26,192.109889,192.109889,188.261277,189.383789,1002500
1999-04-27,190.827102,194.675715,189.383871,193.713562,1371880
1999-04-28,192.109792,194.996250,190.987281,191.307999,1299620
1999-04-29,194.099756,199.728166,193.295697,196.351120,1964960
1999-04-30,196.672713,197.476771,187.506446,192.652420,2158020
1999-05-03,191.687566,192.974060,188.792955,192.974060,1386320
1999-05-04,193.295685,194.260555,185.576723,185.898346,1530920
1999-05-05,186.059208,189.114632,179.626738,187.184891,2100720
1999-05-06,183.325426,186.059226,178.822696,179.626755,1801000
1999-05-07,179.787554,183.647037,178.822684,180.430801,1540940
1999-05-10,184.611858,185.094293,181.878058,183.486176,1436360
1999-05-11,184.290307,190.883590,184.129495,186.541672,1794640
1999-05-12,186.380784,190.883512,180.109127,190.240265,1594300
1999-05-13,192.652435,193.456494,188.792954,188.953766,1156560
1999-05-14,182.038943,183.647061,179.144331,182.682190,1949460
1999-05-17,179.787614,181.556544,173.676765,180.109238,1973620
1999-05-18,180.430698,183.807743,173.998231,177.696899,1706180
1999-05-19,179.626685,181.717237,177.857756,181.234802,1039260
1999-05-20,181.395645,182.521327,176.249669,177.536163,1135580
1999-05-21,176.410453,178.018571,172.711784,174.480713,1250020
1999-05-24,172.068602,172.229414,164.992884,167.565872,2462260
1999-05-25,166.440198,169.495622,160.007726,161.455032,2577040
1999-05-26,162.098208,167.565807,161.294150,166.440125,2322120
1999-05-27,164.671321,172.068665,162.259143,163.224014,1700580
1999-05-28,163.706297,170.621200,163.706297,170.460388,1043180
1999-06-01,169.334725,170.782030,162.098198,165.716461,992693
1999-06-02,164.028049,165.234138,154.861776,160.651001,1773907
1999-06-03,165.957799,166.199017,158.721267,163.063187,860280
1999-06-04,165.234023,169.817156,162.339412,168.611069,1180440
1999-06-07,168.611152,172.229417,167.646282,170.540894,919187
1999-06-08,170.058444,170.540879,164.510438,166.681396,725013
1999-06-09,166.198887,169.093498,164.992799,167.163757,646947
1999-06-10,165.234146,165.716582,158.721267,163.063187,1215013
1999-06-11,162.821957,167.646311,160.892215,166.199005,1094933
1999-06-14,166.922590,167.887461,158.721191,162.580673,839107
1999-06-15,164.510387,169.334739,163.786734,169.093521,959013
1999-06-16,175.606454,178.983502,175.124019,178.018631,1476493
1999-06-17,175.606444,184.290279,175.365226,181.154449,1250867
1999-06-18,181.154394,182.601699,178.018565,178.742218,1369587
1999-06-21,179.707111,183.325375,178.018588,180.671982,903253
1999-06-22,179.707095,182.842923,177.777354,178.501007,736787
1999-06-23,178.742223,179.465876,171.746914,176.330048,981453
1999-06-24,172.229350,173.435437,167.646216,169.093521,1113253
1999-06-25,169.817174,172.711785,168.852304,169.093521,775667
1999-06-28,172.229376,178.742251,170.782070,177.536163,1130747
1999-06-29,177.053721,180.430768,175.365198,177.777374,1008853
1999-06-30,178.983536,189.114680,173.917964,183.325455,2107573
1999-07-01,183.566626,188.632197,180.430797,187.184891,1218227
1999-07-02,187.184829,191.044310,186.461176,188.873352,791227
1999-07-06,185.496403,192.009280,185.255185,188.632233,1280973
1999-07-07,187.908517,188.149734,184.049035,188.149734,1010680
1999-07-08,187.667322,190.320716,185.013928,186.220016,1137560
1999-07-09,187.667264,190.079440,187.184829,188.873352,856680
1999-07-12,190.079475,191.285563,187.667299,188.149734,875560
1999-07-13,183.325404,184.772710,180.672010,184.049057,1018227
1999-07-14,186.220027,186.461245,182.119327,183.084198,636707
1999-07-15,185.978826,188.149785,184.772737,185.255173,950667
1999-07-16,185.737562,189.114609,182.842951,189.114609,900627
1999-07-19,192.732868,196.592350,188.632169,189.838257,1983253
1999-07-20,189.597084,192.009261,187.184908,187.667343,1368760
1999-07-21,191.044462,191.768115,181.636969,183.566711,1119853
1999-07-22,184.531487,188.390970,182.119311,184.772705,1169680
1999-07-23,185.255164,185.978817,177.053763,182.842987,1110293
1999-07-26,182.360548,183.325419,179.465936,181.878113,992040
1999-07-27,185.013882,186.219970,182.119271,182.360489,1008187
1999-07-28,180.430881,185.737671,179.948445,183.566711,846827
1999-07-29,178.302224,180.721521,176.124856,177.092575,1146200
1999-07-30,177.576388,179.027966,172.253935,172.495865,1242800
1999-08-02,173.947454,177.576400,170.318509,170.802368,1262547
1999-08-03,173.947454,173.947454,170.560438,170.802368,912427
1999-08-04,171.286309,174.673327,169.108941,170.076660,892373
1999-08-05,170.802448,173.221746,163.786483,170.318588,1248453
1999-08-06,168.624997,169.350786,162.576754,164.512192,1114907
1999-08-09,163.060610,167.657275,162.334821,164.996048,910733
1999-08-10,163.060681,165.963838,159.431734,163.544540,1312533
1999-08-11,164.754208,170.318593,164.512278,169.592804,1224427
1999-08-12,169.350776,173.221651,168.141128,170.560425,979427
1999-08-13,179.995696,179.995696,176.124821,177.818329,1424293
1999-08-16,177.092576,180.237662,176.124857,179.269943,826227
1999-08-17,183.866559,186.527785,182.173051,184.350418,1513240
1999-08-18,182.898916,183.866635,177.334531,181.084442,1171720
1999-08-19,180.237743,181.447392,175.399146,176.608795,946960
1999-08-20,176.124857,179.753803,175.640997,179.269943,976800
1999-08-23,183.866625,188.947150,183.382766,187.979431,1603427
1999-08-24,187.737429,195.237249,186.769711,189.672867,1914187
1999-08-25,185.076203,189.914796,181.205328,189.672867,1659067
1999-08-26,188.221385,191.124542,183.866648,184.592438,1052560
1999-08-27,183.866636,184.592426,180.963479,181.931198,727347
1999-08-30,183.382760,183.382760,172.495921,173.221710,1159453
1999-08-31,175.157126,176.608704,167.657304,172.012039,1337480
1999-09-01,172.012043,174.673270,169.350816,173.705551,1341800
1999-09-02,170.318590,171.044379,167.657362,170.076660,1289387
1999-09-03,178.060374,179.995813,174.673356,176.608795,1757147
1999-09-07,176.850593,177.334452,171.528140,173.463577,826547
1999-09-08,171.286228,177.092540,168.866931,170.802368,1302667
1999-09-09,171.528244,171.770174,166.447718,169.350876,1547453
1999-09-10,171.286247,171.528177,166.689582,167.899231,1301333
1999-09-13,166.689582,167.899231,165.238004,167.899231,814120
1999-09-14,165.238042,167.657340,162.818744,166.689621,1257547
1999-09-15,171.044357,171.044357,164.270323,166.689621,1481213
1999-09-16,167.415376,167.657306,162.092922,167.173447,1583973
1999-09-17,169.108887,171.044325,167.899238,169.108887,1593147
1999-09-20,169.350776,172.979722,167.899198,170.560425,758840
1999-09-21,167.415388,169.108896,163.060652,165.479950,1426453
1999-09-22,165.480008,168.383166,162.818779,165.963867,1372307
1999-09-23,168.383051,171.044277,164.512176,166.931473,1588013
1999-09-24,165.721929,171.044385,165.721929,169.350876,1450573
1999-09-27,172.254043,173.705622,165.963867,165.963867,1424813
1999-09-28,166.205788,169.350876,162.818771,169.350876,1406213
1999-09-29,167.173429,168.141148,164.512202,165.237991,1085040
1999-09-30,165.963852,171.770167,164.996132,170.318588,1618480
1999-10-01,166.447686,169.108914,165.238037,167.415405,1430907
1999-10-04,168.141291,173.947609,167.657431,172.979889,1200027
1999-10-05,174.189311,179.753692,169.834579,174.915100,2306680
1999-10-06,176.850584,180.721459,176.366725,179.511810,1284067
1999-10-07,178.544074,180.963370,176.124777,177.576355,1486187
1999-10-08,177.576398,181.205344,174.189383,180.237625,1073613
1999-10-11,179.995651,181.931088,177.092496,177.576355,687680
1999-10-12,178.060440,179.270089,174.915350,176.125000,933467
1999-10-13,172.495962,175.399120,167.899295,169.592804,1195133
1999-10-14,169.834730,173.705607,166.447713,170.076660,1548760
1999-10-15,165.479936,168.625022,162.818709,163.060638,2009867
1999-10-18,164.996081,169.834676,164.512222,169.108887,1642427
1999-10-19,176.608722,180.237668,173.705565,173.947495,2195147
1999-10-20,178.060235,180.479532,177.092517,179.027954,1415560
1999-10-21,176.608685,182.898858,175.157107,181.689209,1482600
1999-10-22,185.802058,189.914864,185.076269,186.527847,1942533
1999-10-25,184.834349,186.769787,182.415051,185.076279,1027093
1999-10-26,185.560195,194.753530,184.350546,187.737564,2682773
1999-10-27,191.850295,200.075907,188.705209,198.624329,2032200
1999-10-28,207.415873,212.025114,206.202914,210.084381,4253667
1999-10-29,215.178806,217.362131,207.901057,210.569565,2973107
1999-11-01,208.628875,210.569609,205.960366,207.173325,1475027
1999-11-02,207.658364,212.510195,207.173181,208.386139,1520013
1999-11-03,212.995414,212.995414,204.504709,205.717667,1630120
1999-11-04,210.326975,213.723258,205.960325,212.510300,7179853
1999-11-05,212.267722,214.451047,209.599214,211.054764,1847680
1999-11-08,209.113900,212.024998,208.628716,209.356491,1040213
1999-11-09,210.326882,210.812066,202.563953,204.989868,1237440
1999-11-10,202.078897,206.202956,201.108530,203.777039,1230547
1999-11-11,204.262159,204.989934,200.138102,202.321426,1125453
1999-11-12,205.717704,213.965819,203.291788,212.995453,1791907
1999-11-15,213.965823,216.876923,211.297315,216.876923,1203267
1999-11-16,217.362098,226.095397,216.149140,225.125031,2231147
1999-11-17,222.698999,223.184182,216.876803,218.817535,1620640
1999-11-18,219.302917,221.486242,213.723307,218.332550,1317893
1999-11-19,218.089822,221.971287,213.965766,219.302780,1289920
1999-11-22,215.663980,217.362122,211.297330,217.362122,1295600
1999-11-23,215.178754,215.421345,211.297288,212.267654,985000
1999-11-24,212.752773,212.752773,208.628716,209.356491,856440
1999-11-26,211.539947,213.238089,210.084397,211.054764,401733
1999-11-29,210.326907,210.326907,205.717667,205.717667,1189960
1999-11-30,207.658524,214.208501,207.415933,209.114075,1524200
1999-12-01,205.960271,212.025061,205.717680,210.812103,989200
1999-12-02,215.421413,215.906596,207.658479,209.599213,1395307
1999-12-03,215.178749,222.699088,213.965791,221.971313,1963640
1999-12-06,221.000958,221.000958,215.663943,218.089859,1175160
1999-12-07,219.787989,223.184271,218.817623,221.971313,1324520
1999-12-08,222.456529,223.426895,211.297313,217.180161,1202867
1999-12-09,217.362057,217.847240,210.569492,213.965775,1286280
1999-12-10,216.634362,219.788054,216.149179,217.847321,1377693
1999-12-13,217.362040,217.362040,213.480575,214.754181,1057107
1999-12-14,209.599196,212.752887,207.415871,207.658463,1329653
1999-12-15,209.356622,213.723273,208.871439,211.539948,1362880
1999-12-16,213.965863,213.965863,205.960337,209.599213,1231333
1999-12-17,209.356622,213.238089,207.415889,211.539948,1774760
1999-12-20,211.539858,214.936140,206.688026,211.236618,1286747
1999-12-21,205.960314,217.362122,205.717722,217.362122,1526613
1999-12-22,215.178701,215.178701,210.812053,213.480560,1059720
1999-12-23,216.634345,218.575079,215.906570,215.906570,1005440
1999-12-27,217.604740,219.788065,211.054764,211.539948,899493
1999-12-28,211.782557,215.906616,211.054782,215.421432,626080
1999-12-29,215.906552,216.634327,212.025086,212.995453,553653
1999-12-30,213.480569,215.421302,210.812062,214.693527,507440
1999-12-31,214.451059,217.119567,212.995508,216.149200,260440
2000-01-03,215.906513,215.906513,201.836201,205.717667,1681920
2000-01-04,201.836155,202.563929,193.102859,193.102859,2403280
2000-01-05,197.469577,201.836226,192.132562,200.865860,1742547
2000-01-06,199.167757,212.267706,198.925165,210.569565,1863280
2000-01-07,209.599213,213.238088,204.989971,209.599213,1394587
2000-01-10,213.238111,213.238111,207.901093,208.871460,850320
2000-01-11,207.173324,211.054791,205.232590,206.202957,996653
2000-01-12,207.900955,213.480560,207.415772,213.480560,1145773
2000-01-13,213.480654,217.604712,212.267696,215.906570,1237987
2000-01-14,219.302831,227.308355,219.060240,225.125031,2225493
2000-01-18,225.367639,228.763922,221.971356,227.065781,1571720
2000-01-19,225.125066,233.373183,224.639883,231.917633,1955293
2000-01-20,232.402807,233.130582,221.971366,227.490326,1358293
2000-01-21,225.852792,227.065750,216.876902,219.060226,1547960
2000-01-24,221.243577,221.243577,212.025095,214.208420,1143213
2000-01-25,220.515797,223.184305,213.965823,216.876923,1541867
2000-01-26,219.302847,227.308371,218.575072,225.610229,1334387
2000-01-27,227.550935,230.947218,224.154653,229.006485,1449120
2000-01-28,223.184337,227.065804,217.362137,217.847321,1207120
2000-01-31,219.788057,224.882482,218.332506,221.243607,1360480
2000-02-01,223.426845,227.065718,222.941662,226.095352,1197400
2000-02-02,226.337988,227.550946,221.243564,224.154663,1318920
2000-02-03,225.020655,225.750452,214.073704,219.182281,1900267
2000-02-04,221.371756,224.777475,210.911332,213.100723,1466240
2000-02-07,215.290051,218.695770,210.911271,211.641068,1244160
2000-02-08,215.290112,218.695831,214.560315,217.966034,1320587
2000-02-09,214.560285,216.992941,209.938238,210.911301,1265280
2000-02-10,212.127571,214.803492,206.289197,208.965118,1124307
2000-02-11,210.911300,214.803550,205.802722,210.181503,1326307
2000-02-14,211.154566,212.370894,202.640269,210.181503,1153773
2000-02-15,205.802705,213.830470,205.072908,213.587204,1403133
2000-02-16,210.668049,213.587237,206.532533,208.721924,910360
2000-02-17,211.154530,213.100655,203.126766,204.343094,1287480
2000-02-18,204.099846,205.072908,194.369221,200.207596,2039120
2000-02-22,199.964262,203.856511,194.612421,198.504669,1947453
2000-02-23,198.018194,201.180646,196.558600,198.261459,1555347
2000-02-24,194.612424,196.072017,186.827927,191.693237,3156653
2000-02-25,192.179737,197.288312,183.422179,186.827896,1884933
2000-02-28,192.666293,197.045073,190.720169,190.720169,3225133
2000-02-29,196.558637,202.883544,195.828840,201.423950,2547773
2000-03-01,207.262299,207.262299,199.477800,200.937393,1671987
2000-03-02,202.153711,202.396976,194.612477,200.450851,1161320
2000-03-03,208.235316,209.451644,205.802660,207.992050,1851347
2000-03-06,210.181409,211.154471,198.747930,203.126709,1241707
2000-03-07,205.559409,205.802675,196.072052,196.072052,1145400
2000-03-08,197.531641,198.261437,191.450002,196.558578,1180720
2000-03-09,190.963475,196.072052,188.774085,196.072052,1507347
2000-03-10,193.882621,197.288338,189.747107,190.720169,1227107
2000-03-13,186.584674,194.369171,185.854877,194.369171,1928827
2000-03-14,195.099075,196.072137,191.693355,193.639481,1192147
2000-03-15,191.936615,203.370102,190.233756,203.370102,2380000
2000-03-16,208.721876,221.858218,205.316158,218.452499,3432440
2000-03-17,220.155447,224.777495,218.452587,221.858307,1960440
2000-03-20,218.452596,223.561176,215.290142,218.695862,1368040
2000-03-21,219.182277,226.480245,216.506356,225.993713,2067453
2000-03-22,226.723568,229.642756,224.290912,228.669693,1489867
2000-03-23,228.669681,240.589696,226.237024,240.103165,2188560
2000-03-24,240.589615,242.779005,232.075321,235.724304,1836480
2000-03-27,235.724384,240.103165,226.966822,233.778259,1287347
2000-03-28,230.129277,240.832965,229.886012,237.427246,1432693
2000-03-29,237.427133,238.886726,231.588761,236.454071,1127707
2000-03-30,234.021527,237.427246,228.426418,237.427246,1165987
2000-03-31,233.778305,236.454227,230.129320,233.048508,1165853
2000-04-03,233.534959,243.022317,233.048428,241.319458,1635680
2000-04-04,241.319448,245.941494,217.965953,229.642700,2371267
2000-04-05,228.669566,231.588751,225.750380,228.426300,1242960
2000-04-06,231.588851,233.048445,228.912930,230.859055,850773
2000-04-07,232.561887,233.534949,228.912903,229.642700,946347
2000-04-10,229.642745,243.752150,229.156213,242.292557,1570227
2000-04-11,241.806064,246.914642,238.886876,246.914642,1530827
2000-04-12,249.833715,254.699026,243.508811,245.211670,2113693
2000-04-13,245.211725,245.211725,239.373350,243.508865,1447773
2000-04-14,237.184036,237.184036,222.101564,225.750549,2168360
2000-04-17,222.831299,232.805189,220.885175,230.615799,1990613
2000-04-18,232.075376,245.211718,230.859048,241.806000,1495307
2000-04-19,241.562689,241.805955,224.047570,232.075333,2383360
2000-04-20,236.940766,238.400360,232.561984,238.400360,1038427
2000-04-24,235.967689,241.806065,235.481158,240.589737,1076920
2000-04-25,242.535961,251.050262,242.292695,251.050262,1270547
2000-04-26,246.914640,249.590563,241.319530,243.265656,1122773
2000-04-27,239.499952,241.694962,234.866043,239.987732,1119120
2000-04-28,244.377750,244.621640,229.988242,230.232132,1106813
2000-05-01,234.866041,241.938850,230.476021,235.353821,895467
2000-05-02,235.597689,240.963268,233.402679,238.524368,828907
2000-05-03,237.304998,244.377809,233.158867,234.622208,1189093
2000-05-04,233.402631,235.597640,226.573713,228.768723,1250440
2000-05-05,226.086059,233.890541,226.086059,232.427200,800613
2000-05-08,231.451569,235.841588,230.232119,233.158798,973013
2000-05-09,235.597656,237.548775,229.744298,232.183197,947107
2000-05-10,228.037019,230.963698,219.988654,220.232544,1285667
2000-05-11,225.110385,231.939302,222.427596,229.744293,1112933
2000-05-12,229.744249,237.792615,227.549240,234.865936,1167787
2000-05-15,235.353857,246.085018,233.890517,245.353348,1219827
2000-05-16,246.572672,247.304341,239.012085,240.719315,1153960
2000-05-17,240.475497,243.889956,237.548817,238.280487,943093
2000-05-18,241.938735,246.084863,239.499837,240.231506,1080640
2000-05-19,237.548896,239.500016,234.866105,237.792786,1020707
2000-05-22,239.500024,240.475584,232.427213,239.256134,855747
2000-05-23,238.036680,246.816722,238.036680,243.158371,1079240
2000-05-24,241.451043,246.572732,235.353795,239.499924,1673520
2000-05-25,234.622026,238.036484,226.817551,228.524780,1550400
2000-05-26,226.573781,229.012680,222.671541,227.305450,1184347
2000-05-30,232.183251,237.304941,231.207691,235.353821,944813
2000-05-31,236.573253,242.670502,236.329363,242.670502,995707
2000-06-01,245.841143,250.718943,244.377802,247.060593,1467267
2000-06-02,256.572235,260.962254,255.840565,259.986694,1509587
2000-06-05,256.816226,259.742907,256.084556,259.255127,1043333
2000-06-06,257.060148,257.304038,249.743446,252.914017,895613
2000-06-07,255.108930,259.742839,252.182250,259.011169,970613
2000-06-08,258.279660,258.523550,250.475175,251.694626,946040
2000-06-09,253.401651,256.328330,248.767742,249.743301,858200
2000-06-12,251.450531,253.401651,248.767742,249.743301,688467
2000-06-13,252.182291,255.596752,248.280051,254.865082,870480
2000-06-14,255.352806,263.888956,254.865026,261.937836,1204307
2000-06-15,262.181689,262.425578,252.426091,253.157761,1337400
2000-06-16,253.157792,255.108912,241.207183,244.621643,1961267
2000-06-19,245.841199,252.182341,245.109529,250.962891,964533
2000-06-20,253.157800,254.133360,248.036111,251.206680,847160
2000-06-21,247.304336,247.548225,243.889877,243.889877,913320
2000-06-22,243.890004,245.597234,235.841634,242.914444,934240
2000-06-23,242.182704,245.109384,240.231585,241.451035,832653
2000-06-26,244.377723,250.231081,242.670493,249.743301,992840
2000-06-27,249.743402,251.938412,248.036171,249.499512,756427
2000-06-28,250.474930,253.889388,245.841022,250.474930,894800
2000-06-29,244.621637,250.231106,244.377747,244.377747,860493
2000-06-30,244.133869,245.841099,234.134380,235.109940,1727213
2000-07-03,236.817153,245.109412,236.329374,243.646072,588493
2000-07-05,245.597125,250.962702,244.621565,246.816574,1003160
2000-07-06,244.865535,250.475004,240.475515,249.255554,992133
2000-07-07,250.962859,255.108989,249.987298,254.377319,1081573
2000-07-10,254.621155,257.060055,253.645595,254.621155,761293
2000-07-11,256.816091,262.425559,254.864971,260.962219,956453
2000-07-12,262.425559,266.327798,260.962219,260.962219,1078080
2000-07-13,261.693924,263.888934,257.547795,259.986694,691467
2000-07-14,260.962305,265.352325,260.474525,265.352325,784040
2000-07-17,265.352309,267.059539,255.596710,259.011169,1069587
2000-07-18,257.060021,260.718371,254.865012,260.230591,642413
2000-07-19,258.523405,266.815665,258.523405,265.352325,913013
2000-07-20,266.083987,275.839587,266.083987,275.351807,1219253
2000-07-21,275.595668,280.961248,272.912878,276.571228,1630733
2000-07-24,275.595625,279.253974,272.181166,276.083405,873067
2000-07-25,276.815041,277.302821,271.937243,274.863922,948493
2000-07-26,276.083471,276.571251,271.449561,271.693451,995280
2000-07-27,272.912842,276.327301,271.205612,272.912842,707920
2000-07-28,271.693290,272.424960,263.888815,268.034943,732587
2000-07-31,268.035100,275.351800,262.913411,275.107910,1111453
2000-08-01,276.815140,277.059030,273.400680,275.107910,887253
2000-08-02,275.107931,278.278502,273.644591,277.059052,841733
2000-08-03,276.319623,280.965706,275.341501,279.009460,1112933
2000-08-04,280.476516,288.056963,276.808558,287.567902,1139173
2000-08-07,287.078922,291.235942,281.943779,288.301575,1027227
2000-08-08,287.323388,287.567918,282.188246,284.878082,752973
2000-08-09,282.188256,288.301520,279.498420,284.144501,843933
2000-08-10,284.389214,284.878276,277.542354,278.520477,808680
2000-08-11,278.764839,285.611694,277.542186,283.410919,973693
2000-08-14,287.567895,290.257731,281.699163,289.524139,714600
2000-08-15,290.013255,290.991377,285.856235,289.279663,682013
2000-08-16,290.502264,292.703039,284.144471,286.345245,855053
2000-08-17,285.611701,294.414802,285.122640,292.458557,908027
2000-08-18,294.414759,294.659290,290.502271,292.580780,664240
2000-08-21,293.436726,300.772644,292.947665,300.772644,1010240
2000-08-22,300.772691,306.396896,298.327385,302.484406,1517453
2000-08-23,301.261540,302.728723,286.284048,294.903748,1024347
2000-08-24,300.772661,301.750784,296.860171,300.283600,744027
2000-08-25,300.283542,304.196031,296.860114,297.104645,569133
2000-08-28,297.349031,308.434411,296.696950,307.130249,770180
2000-08-29,303.869989,304.522071,297.675215,302.565826,767870
2000-08-30,300.609582,305.174153,296.371052,302.565826,735420
2000-08-31,298.653273,306.478250,298.653273,304.603516,768020
2000-09-01,305.826222,308.108508,298.327285,299.957489,715170
2000-09-05,300.935682,306.478376,298.979437,300.283600,690080
2000-09-06,295.066839,299.957449,281.699170,286.508270,2870960
2000-09-07,286.589847,287.894010,279.416950,285.611725,2154030
2000-09-08,284.633611,294.740875,283.655488,294.740875,1709180
2000-09-11,294.740790,296.044952,289.850179,296.044952,984610
2000-09-12,298.001283,298.001283,291.806508,294.740875,897020
2000-09-13,290.828430,294.088839,285.611777,290.828430,954260
2000-09-14,294.088784,295.718987,289.524213,293.273682,1052950
2000-09-15,293.436687,293.762728,285.285668,287.241913,1347880
2000-09-18,282.677453,284.633699,276.808717,279.091003,1017440
2000-09-19,281.373275,283.981602,279.417029,283.003479,989330
2000-09-20,283.003386,283.003386,270.287796,277.460693,1033310
2000-09-21,274.526358,277.786766,267.353460,268.657623,1186080
2000-09-22,276.808610,277.786732,269.961754,275.178406,1339860
2000-09-25,278.112788,285.611726,277.460707,282.351318,960790
2000-09-26,279.417044,285.937862,278.764963,279.091003,936580
2000-09-27,281.047213,282.677418,266.701416,266.701416,1036250
2000-09-28,274.200231,282.351249,271.265865,278.764801,1209020
2000-09-29,284.307646,286.589932,278.764951,282.025360,1212670
2000-10-02,282.025245,289.198142,279.416919,288.872101,1112640
2000-10-03,289.850316,298.001337,289.524275,296.697174,1459220
2000-10-04,292.784622,296.045030,281.699235,285.611725,1398130
2000-10-05,285.611740,294.740882,285.611740,292.784637,1147190
2000-10-06,295.719089,295.719089,274.200390,279.091003,1471290
2000-10-09,278.764867,280.069030,272.896133,274.526337,630070
2000-10-10,274.526315,275.178396,260.832603,266.049255,1712620
2000-10-11,261.158610,263.114854,251.377388,258.224243,2250900
2000-10-12,255.615962,257.898247,234.749353,243.878494,2853370
2000-10-13,243.878552,263.441003,243.878552,259.854553,1576910
2000-10-16,257.572199,267.353422,254.311791,265.071136,1213500
2000-10-17,270.287891,275.178504,252.029601,257.572296,1523680
2000-10-18,235.727526,264.745160,232.141077,258.550385,2100090
2000-10-19,264.419006,270.939820,263.114843,267.679413,1150910
2000-10-20,267.353409,274.852346,264.745083,265.723206,1032490
2000-10-23,266.701378,269.961786,259.854521,263.114929,821740
2000-10-24,267.027325,273.222098,265.723162,269.635651,1043840
2000-10-25,270.939936,278.438875,262.136834,264.093079,1073490
2000-10-26,265.397174,267.679459,247.790973,255.615952,1508920
2000-10-27,260.506606,265.397218,256.920157,262.136810,1303190
2000-10-30,262.462767,273.222111,262.136727,268.983582,928690
2000-10-31,271.918010,276.482581,270.613847,274.526337,1123340
2000-11-01,271.265854,274.852302,265.723162,269.635651,1194390
2000-11-02,274.618118,283.118203,272.656560,277.560455,1228270
2000-11-03,281.810464,283.445095,276.906569,282.137390,977920
2000-11-06,286.387590,290.637634,285.406811,287.041443,1012430
2000-11-07,287.041273,291.945167,285.406642,286.387421,709380
2000-11-08,285.079761,285.406687,276.252750,277.560455,1105180
2000-11-09,275.271859,279.194974,269.387188,275.598785,1295750
2000-11-10,273.310415,278.868162,269.387299,269.387299,972480
2000-11-13,262.848849,267.425819,254.348762,264.156555,1419740
2000-11-14,267.098773,272.656520,261.867953,265.464142,1108110
2000-11-15,262.848685,271.021841,259.906349,262.521759,1240140
2000-11-16,262.521781,272.983422,261.541003,270.368011,991040
2000-11-17,269.714087,276.252610,264.810194,267.343872,1210410
2000-11-20,269.060422,271.021980,257.291071,258.271851,1131630
2000-11-21,256.637124,258.271755,246.502410,256.964050,1845850
2000-11-22,252.714033,254.021738,243.233170,246.175507,1367540
2000-11-24,252.060230,252.387157,247.483261,247.483261,493680
2000-11-27,251.733275,253.040980,247.483232,248.137085,1112090
2000-11-28,248.137034,255.983265,246.175477,249.117813,1229220
2000-11-29,251.733242,260.560252,249.117831,258.598694,1129110
2000-11-30,256.964173,265.137334,251.406424,260.560364,2204010
2000-12-01,266.117959,268.079517,253.694762,255.983246,1325230
2000-12-04,253.367788,255.002419,244.540781,250.098526,1669640
2000-12-05,255.329427,266.771847,250.752459,265.464142,1797820
2000-12-06,266.118042,274.945053,255.002546,260.233368,2296220
2000-12-07,253.694841,264.483410,253.040988,260.233368,957890
2000-12-08,263.829551,274.291194,263.829551,269.387299,1343700
2000-12-11,274.291106,278.541147,272.002623,276.579590,1349610
2000-12-12,275.598807,276.252660,270.041062,275.271881,1138370
2000-12-13,277.233521,280.829710,270.368068,277.233521,1227410
2000-12-14,268.733405,271.675741,263.502584,265.464142,1342750
2000-12-15,260.560136,265.464028,251.406204,251.406204,2604500
2000-12-18,257.617998,263.175746,257.291071,258.271851,1700980
2000-12-19,258.598743,266.771902,256.310258,262.848785,2484740
2000-12-20,259.579459,261.541017,249.444745,251.079376,1608050
2000-12-21,250.425504,258.925587,247.156242,255.002472,1567150
2000-12-22,259.906514,263.502705,255.656470,261.868073,1007610
2000-12-26,266.444916,269.060326,265.137211,266.444916,725720
2000-12-27,260.560264,268.079569,260.560264,266.118011,899150
2000-12-28,269.714160,272.329570,267.098750,268.079529,978930
2000-12-29,270.695006,272.983490,266.771890,267.098816,931420
2001-01-02,270.695084,271.348937,261.868070,264.156555,1324690
2001-01-03,264.156401,287.695090,263.502549,287.368164,3399110
2001-01-04,288.349105,300.118456,287.368326,291.291443,2825980
2001-01-05,289.002776,290.637407,274.618022,280.829620,2292640
2001-01-08,280.502712,283.118122,275.925745,279.195007,1213830
2001-01-09,279.195153,281.483638,272.656625,272.983551,1328900
2001-01-10,272.329601,284.425874,271.348822,282.137390,1526410
2001-01-11,282.464129,289.329577,281.156425,287.694946,1390300
2001-01-12,286.387538,286.714464,273.637408,277.887451,1345940
2001-01-16,274.945022,287.041295,272.002685,286.060516,1479140
2001-01-17,285.079833,287.368318,277.560526,281.483643,1350480
2001-01-18,282.137433,283.772064,279.195095,283.772064,1414600
2001-01-19,283.772081,287.041345,282.464376,284.425934,1209900
2001-01-22,286.060466,289.002802,277.233457,281.810425,1570940
2001-01-23,283.772178,289.983781,281.483693,287.041443,1174820
2001-01-24,288.675837,294.560508,285.406575,291.945099,1573560
2001-01-25,292.925993,296.195256,285.079761,289.329803,1262110
2001-01-26,289.656652,291.618209,285.406610,288.675873,1237110
2001-01-29,291.356636,295.018210,289.787390,293.972046,948210
2001-01-30,295.541292,295.750537,290.362768,293.972046,1210210
2001-01-31,296.587598,298.104549,288.741365,292.769104,1559030
2001-02-01,292.349379,296.806724,291.195707,294.237183,1031170
2001-02-02,294.237325,297.278835,288.416567,290.828766,865460
2001-02-05,294.709218,296.282399,291.090890,295.233612,896000
2001-02-06,295.233586,295.233586,288.416470,289.098175,892830
2001-02-07,291.825148,292.034918,283.487274,285.060455,1011920
2001-02-08,287.105550,288.259223,281.861613,283.696991,972080
2001-02-09,285.532512,285.794709,280.550770,283.434937,1129400
2001-02-12,283.434854,291.038564,283.329969,290.776367,788880
2001-02-13,291.038573,293.450771,284.483650,286.266602,1085930
2001-02-14,286.843384,287.577548,280.550659,281.337250,1077070
2001-02-15,282.648258,286.843408,280.865306,283.539734,981590
2001-02-16,280.026336,288.154441,279.869024,283.172699,1120440
2001-02-20,283.224980,284.693308,266.129761,268.489532,1362260
2001-02-21,264.871350,269.014058,251.446863,253.282242,1835370
2001-02-22,254.068726,257.896793,242.794262,254.855316,2191980
2001-02-23,254.330886,257.477248,238.599079,252.757706,1772930
2001-02-26,254.330845,263.769928,252.862550,263.769928,1339590
2001-02-27,262.196797,271.111489,256.166271,261.148010,1629530
2001-02-28,262.196886,263.245673,253.806586,257.896851,1469710
2001-03-01,253.282115,256.271165,247.828425,255.117493,1447170
2001-03-02,252.757772,259.522448,249.191901,251.708984,1398630
2001-03-05,253.806518,255.694339,248.929664,253.019928,1201160
2001-03-06,259.050456,260.885834,253.439438,255.012619,1219910
2001-03-07,256.952961,264.713983,254.435877,264.556671,1000850
2001-03-08,264.556610,270.062744,262.196839,266.129791,1109100
2001-03-09,263.507860,263.560303,255.904151,257.634644,1090310
2001-03-12,250.398093,252.757866,242.532184,246.989532,1782150
2001-03-13,246.727232,253.754105,242.794280,253.754105,1990270
2001-03-14,238.599275,245.678595,231.257759,235.452911,2535130
2001-03-15,240.958953,245.940695,240.434560,243.318726,1766200
2001-03-16,241.483379,247.880991,238.599213,238.599213,2023750
2001-03-19,241.483327,245.154083,234.141814,242.794312,1308160
2001-03-20,246.202893,246.202893,229.422292,232.306458,1696210
2001-03-21,232.358897,235.977211,218.095379,221.556381,2109140
2001-03-22,219.196595,221.031973,204.513569,212.903870,3046000
2001-03-23,217.623353,226.013651,216.312369,224.702667,1957780
2001-03-26,228.635696,232.830846,226.118612,231.782059,1384670
2001-03-27,232.568764,243.843236,226.276036,243.581039,2087950
2001-03-28,239.647903,240.172297,233.617376,236.501541,1438250
2001-03-29,234.928492,237.969971,231.887014,234.404099,1119100
2001-03-30,234.141837,236.239412,228.635702,235.872330,1717440
2001-04-02,233.617420,242.532113,231.257648,241.588211,1566130
2001-04-03,234.928443,238.337003,225.803993,229.160110,1508210
2001-04-04,226.800412,230.471170,217.099122,223.916245,2094130
2001-04-05,229.999058,235.977142,228.111238,235.977142,1628510
2001-04-06,232.830953,234.561447,224.178452,224.178452,1656870
2001-04-09,227.849164,230.733331,223.916210,224.597916,1116570
2001-04-10,231.782058,241.221146,230.995467,238.074783,1634650
2001-04-11,243.843092,249.087029,241.221123,243.004059,1369290
2001-04-12,242.112491,248.667410,241.221016,248.038132,962380
2001-04-16,251.184544,252.233331,242.269852,246.202805,1155850
2001-04-17,245.940682,251.341932,242.532123,251.289505,1021100
2001-04-18,254.855337,275.254264,253.282156,262.459045,2272810
2001-04-19,261.147961,269.748027,260.676010,263.769928,1486120
2001-04-20,263.717705,263.717705,254.593253,259.155487,1422160
2001-04-23,259.312733,259.312733,251.971220,254.278549,1055140
2001-04-24,256.166351,261.148092,252.810235,255.379761,1033500
2001-04-25,255.641897,260.623637,253.072371,258.526062,1000940
2001-04-26,258.421235,264.032254,257.005381,259.627350,1009940
2001-04-27,264.556658,267.440823,261.462737,266.968872,1060750
2001-04-30,269.957965,269.957965,257.739594,257.739594,1137190
2001-05-01,258.001769,264.661577,256.585899,264.294495,977700
2001-05-02,264.294413,267.598087,261.672445,265.343201,1055420
2001-05-03,262.924314,268.182800,260.347659,268.182800,950230
2001-05-04,262.924417,269.497527,261.609795,267.026031,1091390
2001-05-07,263.187164,267.446540,261.346694,266.342255,877060
2001-05-08,266.342209,266.342209,260.820801,261.872498,899160
2001-05-09,258.191574,260.820816,257.192465,260.032043,893870
2001-05-10,262.924440,263.870962,260.084860,260.821045,929690
2001-05-11,262.661279,263.607800,257.192459,259.032928,684960
2001-05-14,259.033069,263.450195,258.191708,263.450195,793440
2001-05-15,264.659655,268.182848,263.713133,265.816528,929390
2001-05-16,265.816410,273.441214,262.924244,272.336945,1363010
2001-05-17,270.023370,274.230161,265.027807,266.552765,2014600
2001-05-18,267.656900,268.130160,265.027657,267.446564,1186650
2001-05-21,266.868202,272.337041,265.553580,271.127563,1122910
2001-05-22,273.230946,277.385163,271.600828,276.333466,1405060
2001-05-23,274.755946,275.492147,269.970736,273.493896,1238440
2001-05-24,274.493074,278.699864,274.019797,276.438721,1072720
2001-05-25,277.648099,277.805847,272.442184,272.705109,661000
2001-05-29,275.281755,275.807604,270.338765,271.337891,886830
2001-05-30,271.337998,274.703444,265.921762,267.026031,1158880
2001-05-31,268.182845,271.232761,265.658778,269.497467,998440
2001-06-01,269.550052,275.544741,267.657010,272.389648,1230230
2001-06-04,274.230039,275.018811,269.234477,274.913635,1112630
2001-06-05,275.439595,278.489512,274.493074,276.438721,909380
2001-06-06,274.230083,274.493007,270.917242,272.705109,863970
2001-06-07,271.337888,271.337888,265.606142,270.443939,1259800
2001-06-08,268.182938,268.656199,264.291659,267.920013,626130
2001-06-11,266.079407,267.656953,262.398467,265.027710,833800
2001-06-12,262.924358,267.131148,258.980493,264.922577,932730
2001-06-13,266.079446,268.971614,261.346807,262.345917,839590
2001-06-14,262.345971,262.345971,255.299600,255.615112,1041130
2001-06-15,252.670270,260.505411,251.092724,259.243378,2019480
2001-06-18,261.346808,262.924354,256.982270,261.820068,916650
2001-06-19,267.657090,270.023410,265.816619,266.868317,1289940
2001-06-20,266.868103,272.599864,265.816406,266.342255,1246660
2001-06-21,268.182780,281.591919,267.236259,281.591919,1664110
2001-06-22,281.592026,282.643724,277.648160,280.803253,1199940
2001-06-25,281.329028,282.380725,273.493870,276.333466,993460
2001-06-26,270.812086,275.281800,269.970741,274.230103,1254230
2001-06-27,275.281786,278.647230,271.074997,271.863770,1120260
2001-06-28,273.651605,278.594562,273.441253,276.596344,1227100
2001-06-29,276.596471,278.647294,273.546554,277.858521,988120
2001-07-02,278.436855,282.380720,275.071411,281.223846,886070
2001-07-03,282.538503,282.538503,278.226537,278.962738,541630
2001-07-05,277.648054,281.171246,274.755887,274.913635,752340
2001-07-06,272.337055,273.704249,266.079443,267.078552,1104760
2001-07-09,267.393967,269.444789,264.501800,267.131042,1021710
2001-07-10,266.342353,267.762151,257.665850,258.296875,1067140
2001-07-11,258.191669,259.243366,248.726394,250.303940,2329760
2001-07-12,255.299514,259.874404,253.196120,256.088287,1711000
2001-07-13,257.245139,260.242466,255.877929,256.929626,1064080
2001-07-16,262.924272,266.605212,256.982190,258.454559,1381250
2001-07-17,261.872701,267.131189,257.771087,266.657928,1363950
2001-07-18,265.027697,267.709528,261.925193,266.184570,1308200
2001-07-19,268.077673,268.182849,260.820967,263.713135,1290530
2001-07-20,260.558035,266.079446,260.295111,265.869110,966850
2001-07-23,265.921647,267.867277,263.397564,264.081177,850820
2001-07-24,264.501742,265.237927,255.825244,257.507965,1295800
2001-07-25,258.191726,261.083894,255.299558,259.506348,1283860
2001-07-26,260.295103,263.660532,258.244297,262.924347,988660
2001-07-27,263.713105,264.186365,261.346786,263.187256,733890
2001-07-30,262.398552,263.134737,260.347745,261.031342,701880
2001-07-31,262.819225,268.656150,262.083040,264.028687,1132320
2001-08-01,266.605307,270.286248,264.922585,266.289795,798370
2001-08-02,270.351631,271.353923,267.450297,269.296600,823640
2001-08-03,270.615319,270.615319,266.395197,269.718536,711540
2001-08-06,270.615375,271.142890,264.285191,265.867737,675560
2001-08-07,267.186389,268.610686,265.287331,267.977661,785650
2001-08-08,264.971077,267.450407,261.067465,261.647736,914900
2001-08-09,262.702631,262.702631,257.163720,260.645325,957200
2001-08-10,261.120094,262.649885,255.053667,261.858612,765520
2001-08-13,262.175118,263.335658,257.691237,259.168274,799020
2001-08-14,260.961844,261.753117,254.789908,257.163727,802120
2001-08-15,257.638593,258.482621,253.207465,256.372559,933410
2001-08-16,253.734804,254.526077,248.195895,252.574265,1207690
2001-08-17,249.514921,250.780956,243.606739,245.822311,1433720
2001-08-20,246.244210,250.464334,245.822204,250.042328,1368190
2001-08-21,252.046729,256.319605,246.982596,247.404602,1207200
2001-08-22,250.833617,252.099651,245.400214,247.932281,1119150
2001-08-23,248.723583,249.514856,245.716738,246.824524,794610
2001-08-24,248.987144,257.163628,247.457353,254.789810,1245320
2001-08-27,255.581186,256.372459,252.627097,253.207367,947430
2001-08-28,252.785390,254.051423,246.296940,248.195999,835380
2001-08-29,249.356516,249.725767,242.920822,245.030884,1024000
2001-08-30,242.657171,244.292472,234.744437,240.177841,1590800
2001-08-31,240.177768,245.558432,238.225971,241.602066,1181650
2001-09-04,243.975920,249.514833,239.017278,243.501160,1340550
2001-09-05,242.762563,244.714360,236.590627,240.441483,1441590
2001-09-06,237.118183,238.700730,230.524240,232.370544,1511320
2001-09-07,227.359109,232.106747,224.194017,229.047165,1730730
2001-09-10,224.194117,227.886726,221.609294,223.930359,1942640
2001-09-17,201.774689,213.696543,201.774689,208.896149,3236970
2001-09-18,208.896095,210.900647,203.515431,207.524551,1644240
2001-09-19,205.467259,209.159867,193.492652,202.829681,2300680
2001-09-20,196.499464,201.774617,191.488068,191.804581,2502540
2001-09-21,184.630369,193.545375,182.045547,191.804581,3059990
2001-09-24,200.455864,208.368595,199.189830,205.731018,1974800
2001-09-25,203.620922,210.162109,200.508585,205.941986,1894420
2001-09-26,210.742460,210.742460,203.621000,207.366364,1411680
2001-09-27,208.052033,210.953367,202.302119,210.320358,1366710
2001-09-28,211.797449,216.808846,211.269934,213.643753,1845520
2001-10-01,215.120840,222.875325,213.643803,220.237747,1769210
2001-10-02,219.710122,223.402729,216.439521,222.875214,1557800
2001-10-03,220.395814,232.106656,219.921054,229.363571,1930920
2001-10-04,234.480683,235.271957,227.306468,230.102310,2264920
2001-10-05,229.469177,233.425542,222.400475,227.359116,2117970
2001-10-08,227.411840,227.411840,221.661927,223.771988,1186960
2001-10-09,222.611492,228.150404,222.136732,225.249069,1130560
2001-10-10,225.776580,236.326888,225.512822,233.742065,1559160
2001-10-11,237.381787,242.656938,236.959781,241.338150,1916260
2001-10-12,237.381821,240.072152,232.106670,237.698334,1787510
2001-10-15,237.118208,238.964512,232.159566,236.326935,1224010
2001-10-16,238.964423,245.822121,237.962147,243.131790,1437410
2001-10-17,247.668544,251.624910,243.764932,245.611237,1952370
2001-10-18,243.501189,246.719037,242.604406,245.294739,1123670
2001-10-19,245.241879,245.241879,236.221363,241.865784,1584580
2001-10-22,241.074501,249.250988,240.916253,247.984955,1174700
2001-10-23,253.207331,255.053634,248.195936,249.198212,1653610
2001-10-24,249.251070,252.363408,246.349734,247.615768,1225230
2001-10-25,243.817685,255.159268,242.446141,253.734970,1329870
2001-10-26,252.257954,257.163842,252.046935,256.267059,1184540
2001-10-29,254.842635,254.842635,244.081326,244.767090,1464840
2001-10-30,239.492067,247.879561,236.537977,240.283340,1411000
2001-10-31,242.657021,244.661573,238.753411,240.124954,1110850
2001-11-01,240.601462,246.054030,236.631141,244.836472,1261990
2001-11-02,240.336681,249.071384,240.124934,248.436127,898360
2001-11-05,251.188954,254.100523,247.324515,250.236084,1254850
2001-11-06,250.236000,252.353504,246.424487,251.718246,1459270
2001-11-07,250.394934,256.747449,248.912688,254.629944,1202460
2001-11-08,255.423905,261.511729,255.212158,256.747345,1338890
2001-11-09,256.218051,259.341367,253.518230,255.688675,824470
2001-11-12,253.041843,256.588670,248.277456,255.159348,958930
2001-11-13,259.658985,264.688058,257.488540,264.423370,1352960
2001-11-14,264.687998,268.658318,262.835182,267.070190,1510790
2001-11-15,266.170332,267.705536,262.676462,265.164520,1273830
2001-11-16,263.364583,263.417524,255.159254,258.335510,1772780
2001-11-19,261.088310,264.846868,258.864924,262.570557,989900
2001-11-20,264.317470,265.640910,261.935277,262.305847,876690
2001-11-21,261.406021,262.888284,257.276892,258.865021,688620
2001-11-23,260.188444,264.635202,259.712009,264.370514,358900
2001-11-26,265.111528,269.399477,263.946910,268.975983,1105050
2001-11-27,268.975898,269.928769,264.687950,267.599518,1028220
2001-11-28,264.687957,265.852591,252.776999,253.041687,2365120
2001-11-29,253.041868,256.694561,248.806857,256.006378,1553420
2001-11-30,256.006285,256.588602,251.506588,253.571152,1325500
2001-12-03,254.100565,254.100565,246.424611,248.330368,1378990
2001-12-04,249.071405,253.518160,248.594970,253.200531,970940
2001-12-05,254.100496,262.199943,254.100496,259.394257,1275930
2001-12-06,260.453052,264.529255,258.600236,262.570557,1148330
2001-12-07,263.893831,263.893831,258.335385,260.505829,841000
2001-12-10,258.070863,259.870739,253.147672,253.677048,983600
2001-12-11,255.159327,259.923713,251.718382,257.329773,1237110
2001-12-12,257.806068,259.923572,251.400616,254.894501,1366830
2001-12-13,250.130228,251.453668,249.071476,251.188980,1319020
2001-12-14,248.436164,250.130174,243.512973,247.165665,1481210
2001-12-17,248.489191,252.671260,245.101186,250.765518,1158350
2001-12-18,253.306503,255.900443,250.659622,254.629944,1375410
2001-12-19,256.747526,265.270489,256.747526,264.688171,1837270
2001-12-20,266.540835,267.334900,261.776451,263.152832,1392280
2001-12-21,263.205715,265.482025,258.864826,265.482025,2693040
2001-12-24,264.688073,266.276201,264.264578,264.529266,484830
2001-12-26,265.270344,269.081842,265.005656,265.852661,657600
2001-12-27,264.688058,269.134814,264.688058,268.605438,743990
2001-12-28,269.981829,274.216838,269.664200,270.987640,868530
2001-12-31,267.864231,271.940432,267.228973,267.228973,841600
2002-01-02,264.793909,270.511164,264.211592,270.034729,1127670
2002-01-03,268.393674,272.099307,266.011482,270.246490,1181500
2002-01-04,270.775937,275.275635,270.775937,275.275635,1234890
2002-01-07,275.222674,276.334351,270.828842,272.046417,1051100
2002-01-08,269.717279,270.299596,260.717880,262.041321,1983590
2002-01-09,265.482204,267.864398,262.941205,263.576447,1296600
2002-01-10,264.688230,266.276359,261.988407,263.894165,918490
2002-01-11,265.217398,265.693834,259.341321,259.764832,863080
2002-01-14,259.764799,260.929417,256.747350,258.758972,1101660
2002-01-15,261.511891,263.629397,258.547381,263.205902,1054260
2002-01-16,260.982450,261.935321,257.806193,258.653198,1212810
2002-01-17,265.217413,266.011477,263.099909,264.158661,1543010
2002-01-18,264.158750,266.382137,263.629374,264.476379,1273560
2002-01-22,267.334923,267.599611,259.711910,260.453033,1244450
2002-01-23,262.782445,264.635262,257.806310,262.041321,982340
2002-01-24,264.423349,267.652546,261.776469,264.158661,1148980
2002-01-25,262.570540,265.693856,260.823606,262.676422,967530
2002-01-28,263.999972,265.164590,256.906317,261.035461,1033060
2002-01-29,261.035435,262.570623,244.836518,247.271652,2255520
2002-01-30,246.160017,252.512534,239.331065,251.453781,2308240
2002-01-31,253.525301,253.631540,245.664057,251.772461,1498830
2002-02-01,249.700833,251.772374,244.336060,246.938766,1432260
2002-02-04,244.336023,244.389143,233.659598,235.306213,2210840
2002-02-05,241.680224,241.680224,229.197839,237.962067,1956800
2002-02-06,237.962092,240.989741,231.056942,233.712769,1578020
2002-02-07,232.384803,240.830328,231.322473,234.456345,1611240
2002-02-08,237.696470,243.433049,236.846603,241.627090,1526980
2002-02-11,241.680115,243.804775,239.024289,243.432953,1105010
2002-02-12,243.539247,243.539247,239.289925,239.821091,1023000
2002-02-13,241.148929,245.132667,239.342971,240.883347,1380780
2002-02-14,241.414681,244.070508,237.324701,241.945847,1191620
2002-02-15,239.555570,240.299198,233.659631,234.403259,2001360
2002-02-19,229.728960,231.056874,223.833023,224.257965,2302710
2002-02-20,225.214104,231.906790,222.027112,231.163162,2198590
2002-02-21,231.216245,234.084551,227.338745,227.338745,1601490
2002-02-22,227.391908,227.391908,220.433638,225.214127,1949500
2002-02-25,228.135490,233.181560,226.966920,232.597275,1601150
2002-02-26,233.712798,235.306294,229.729057,232.650467,1719350
2002-02-27,235.571865,240.139890,233.181620,234.987579,1758860
2002-02-28,238.227664,244.229826,236.581048,240.352325,1770200
2002-03-01,241.680231,243.751773,238.068314,243.273727,1741380
2002-03-04,246.460729,253.631461,245.770220,252.887833,1907710
2002-03-05,249.913315,257.615214,249.913315,253.365891,1448810
2002-03-06,254.959393,261.333378,253.365897,258.677551,1615950
2002-03-07,262.661222,262.661222,256.021656,258.783722,1326120
2002-03-08,262.661258,264.520336,256.287274,259.580505,1500040
2002-03-11,258.412076,261.599070,257.084162,259.739990,1186590
2002-03-12,259.739890,262.661300,256.021733,262.023895,1183470
2002-03-13,259.208696,260.164787,253.100294,257.030914,1235310
2002-03-14,257.508894,260.589662,256.021638,259.261749,994340
2002-03-15,262.289328,263.989063,261.067655,263.935944,1940560
2002-03-18,265.582565,267.972808,260.802079,263.192322,1336320
2002-03-19,265.582618,266.326246,262.979911,265.051453,1017580
2002-03-20,264.786085,265.051667,261.280388,261.599091,971460
2002-03-21,262.395708,264.467249,257.880802,263.458038,979870
2002-03-22,264.254743,266.113821,259.314912,264.732788,993560
2002-03-25,263.192383,265.317044,258.411896,258.411896,1018280
2002-03-26,258.411922,265.051489,257.933877,261.067749,1218970
2002-03-27,262.395740,266.698184,261.067827,265.582733,1181960
2002-03-28,265.582730,268.185437,262.926903,263.033142,1267180
2002-04-01,261.067880,264.520456,259.315040,262.661377,856760
2002-04-02,260.271132,264.042411,260.005549,262.661377,925530
2002-04-03,262.714354,263.086160,258.146329,259.049316,988120
2002-04-04,258.411896,259.102404,255.756069,258.411896,1070120
2002-04-05,259.686681,262.289388,257.986962,258.518127,1043770
2002-04-08,254.959370,259.102453,254.056383,258.146362,873440
2002-04-09,260.005336,261.120786,258.943006,259.421051,967750
2002-04-10,259.367964,260.802117,256.605915,258.305634,1143070
2002-04-11,257.933949,258.252651,246.991937,248.372971,1541300
2002-04-12,249.647576,253.365732,248.479007,250.178741,1177460
2002-04-15,249.382129,250.391340,240.564781,243.911133,1622380
2002-04-16,247.788549,256.021609,246.726219,255.543564,1609870
2002-04-17,255.490551,257.562093,251.506811,252.940964,1342420
2002-04-18,252.303559,253.684592,245.132826,249.913315,1125580
2002-04-19,252.303493,252.569076,245.929510,247.151184,1312750
2002-04-22,245.132769,245.185888,240.033579,241.414612,1320800
2002-04-23,241.148995,243.804821,237.962004,241.680161,1276400
2002-04-24,243.008051,244.229724,236.368486,237.430817,1231860
2002-04-25,233.712743,235.571822,228.666672,234.509491,1796670
2002-04-26,234.775073,237.962065,228.666672,228.666672,1516660
2002-04-29,229.197855,232.650430,227.338777,227.763702,1340730
2002-04-30,228.400996,234.243812,227.073083,229.994492,1608700
2002-05-01,229.994490,234.668737,227.073082,233.500183,1326710
2002-05-02,234.940320,239.740463,234.406971,239.740463,1144280
2002-05-03,239.740522,239.740522,234.673703,236.220413,1093640
2002-05-06,236.540487,237.873861,226.246849,226.300171,1081840
2002-05-07,230.140178,230.140178,224.486674,224.806686,1496890
2002-05-08,232.273486,240.327059,231.740137,238.780350,1416820
2002-05-09,236.967111,239.527198,234.673715,236.433762,913220
2002-05-10,239.740383,239.740383,230.353437,230.940125,1431620
2002-05-13,229.873556,236.060412,228.273508,235.953735,1370800
2002-05-14,241.340464,242.140488,238.887055,242.140488,1318170
2002-05-15,242.140653,250.514246,240.060594,244.060715,1636440
2002-05-16,244.060670,248.114128,243.153970,247.207428,942430
2002-05-17,250.407494,251.154180,245.020663,249.500793,1114810
2002-05-20,248.540738,248.540738,242.727235,244.540619,728560
2002-05-21,247.474100,248.540799,240.967232,241.393921,1046010
2002-05-22,238.673707,240.273755,237.286997,240.007080,1733470
2002-05-23,240.913873,243.207268,238.193788,241.820557,1197800
2002-05-24,241.820572,242.673934,237.767114,239.047165,692850
2002-05-28,241.340544,241.393882,233.500303,234.567001,1318100
2002-05-29,233.180272,234.460306,230.673524,232.006897,1200230
2002-05-30,230.140159,234.140277,227.313415,231.153519,1114600
2002-05-31,231.153518,233.980278,228.860123,230.300156,1370830
2002-06-03,231.740258,233.286968,224.006694,226.140091,1202200
2002-06-04,224.806869,227.473617,222.353458,223.953506,1506100
2002-06-05,224.006669,226.886752,221.339923,225.820053,1413030
2002-06-06,225.073382,225.766729,218.139842,224.006683,1783190
2002-06-07,220.006622,222.673369,213.073080,218.673248,2299200
2002-06-10,218.673112,223.473253,216.059705,222.406555,1128670
2002-06-11,223.260043,225.393441,216.273164,217.126526,1234210
2002-06-12,216.273113,220.539907,211.739645,219.739883,1845520
2002-06-13,217.499855,221.713328,213.606411,214.299759,1220290
2002-06-14,209.606274,216.113142,204.539456,214.406418,1790990
2002-06-17,218.406513,228.806823,218.139838,228.433472,1587920
2002-06-18,225.606766,230.140235,224.913418,229.713562,1473690
2002-06-19,226.673424,229.340170,223.473329,224.326691,1387030
2002-06-20,222.139902,224.539973,214.566338,215.953049,1581780
2002-06-21,212.006290,216.699756,210.939592,212.272964,2593490
2002-06-24,210.672974,216.006467,205.446157,211.152985,2803900
2002-06-25,213.339770,216.273192,207.792939,208.646301,1921610
2002-06-26,193.339039,203.472671,192.005666,197.339157,4217370
2002-06-27,201.072642,209.499552,198.672570,208.859543,2107490
2002-06-28,209.606195,215.473035,206.299424,206.672775,1936030
2002-07-01,207.739574,212.006368,204.166126,205.286163,1470910
2002-07-02,205.286185,205.339524,198.405981,199.899353,1851170
2002-07-03,196.965935,201.872756,192.272466,197.392624,1856160
2002-07-05,202.672664,211.046252,201.179293,210.939575,963980
2002-07-08,208.006172,211.152929,204.006053,205.179428,1457070
2002-07-09,205.179415,207.419471,198.779225,200.379272,1524040
2002-07-10,200.432607,203.206029,192.699044,194.939117,2282040
2002-07-11,192.165747,198.939290,187.205605,196.805893,2706110
2002-07-12,198.139246,199.472619,192.592417,193.872452,1505190
2002-07-15,192.325803,197.232608,186.672296,197.019272,2116250
2002-07-16,192.539084,197.872577,189.872338,193.072433,3003790
2002-07-17,200.539297,202.672694,194.672456,196.965851,2886850
2002-07-18,198.139266,202.406061,196.005869,196.805893,2165950
2002-07-19,193.605785,196.805881,188.005618,192.005737,2554430
2002-07-22,178.671972,186.938884,170.671734,170.885071,5402870
2002-07-23,164.004883,170.938423,134.670676,144.004288,12162490
2002-07-24,136.270733,158.884737,130.563897,157.818039,9385510
2002-07-25,157.604697,167.471658,144.537641,158.138046,5816560
2002-07-26,158.138050,164.804915,156.431326,163.951553,2556000
2002-07-29,171.738392,178.351917,170.671694,177.658569,3185570
2002-07-30,176.005220,181.285373,172.271776,181.072037,2743790
2002-07-31,180.271995,181.605368,173.071783,178.885284,2901290
2002-08-01,176.954882,179.099790,169.072340,173.201294,2727930
2002-08-02,171.110015,172.396957,161.243443,165.586868,2336180
2002-08-05,160.600027,162.208708,153.360961,153.629074,2350120
2002-08-06,157.382603,172.665070,157.382603,163.012985,2514700
2002-08-07,169.715826,170.252053,163.012990,169.018738,1991840
2002-08-08,176.150606,182.263592,175.614379,181.780991,2702480
2002-08-09,178.402764,185.695440,176.418717,183.979523,2095550
2002-08-12,180.976658,183.925907,177.759295,182.746201,1305720
2002-08-13,182.746058,188.215577,177.383791,177.491043,2385810
2002-08-14,178.402666,189.556177,175.292540,188.966324,2168640
2002-08-15,189.020010,193.309826,187.786695,192.183746,2095500
2002-08-16,188.751915,190.896823,185.212814,187.143234,2283050
2002-08-19,187.196823,195.186601,187.196823,194.918488,1555640
2002-08-20,194.918555,194.918555,189.717146,191.915680,1578370
2002-08-21,197.522232,198.442281,189.816856,197.522232,1909910
2002-08-22,197.522135,205.285014,195.222023,202.294861,1670670
2002-08-23,194.934478,198.384646,192.691873,195.509506,2060690
2002-08-26,195.452058,199.247247,192.059396,197.809677,1475080
2002-08-27,197.234635,199.534747,193.094426,196.659607,1484550
2002-08-28,192.634317,195.221942,189.701671,190.621719,1799000
2002-08-29,186.884116,191.829361,184.699016,188.724213,1433640
2002-08-30,188.896714,194.129473,187.401637,188.321686,1290830
2002-09-03,178.201229,179.696306,167.908228,169.000778,3425050
2002-09-04,168.195755,175.671122,168.138248,174.233551,2725650
2002-09-05,167.908142,171.358309,164.745488,168.483170,2175350
2002-09-06,172.508428,176.936151,172.508428,174.118500,2048390
2002-09-09,171.703411,180.558841,169.690812,178.661255,1961400
2002-09-10,179.696284,181.018842,175.728594,177.511185,1618830
2002-09-11,181.708955,182.859012,172.566008,173.313538,1632310
2002-09-12,172.623480,173.313503,166.068144,167.620728,2003910
2002-09-13,167.678201,171.933406,166.873165,168.943253,1634600
2002-09-16,169.000786,172.795975,166.183151,171.818420,1227950
2002-09-17,175.671016,176.821072,169.748236,171.358307,1859280
2002-09-18,163.883011,170.438328,163.537991,167.390686,2232080
2002-09-19,163.020451,164.458021,157.557684,158.995255,2471840
2002-09-20,159.915268,159.915268,152.957426,154.279984,4362690
2002-09-23,154.337488,159.225225,150.369799,158.535202,2736190
2002-09-24,158.592738,161.582891,154.107526,156.407639,2513100
2002-09-25,162.157875,162.732903,154.970026,161.467834,2403200
2002-09-26,161.525404,171.070875,161.007883,169.690811,2647560
2002-09-27,169.748356,175.383626,164.803109,166.873215,2404290
2002-09-30,166.930608,173.945956,158.420202,170.495789,2988180
2002-10-01,172.623489,178.258759,168.483278,178.258759,2374400
2002-10-02,174.808585,178.833782,168.483274,170.208359,2174180
2002-10-03,170.265767,172.508373,162.157870,163.940460,2343430
2002-10-04,163.940512,167.275668,144.217047,160.892853,2229200
2002-10-07,160.950359,161.582894,152.784971,153.705002,2157520
2002-10-08,153.762535,163.883034,153.762535,160.087845,2503990
2002-10-09,160.145382,160.145382,151.807472,154.625107,2379080
2002-10-10,152.382491,165.320627,152.094977,164.285583,2475360
2002-10-11,165.378105,178.086231,164.285555,174.808563,2630910
2002-10-14,173.486041,177.971254,170.495886,174.291077,1761710
2002-10-15,189.759303,198.384726,187.171676,196.314621,4591630
2002-10-16,194.129512,194.704540,188.954258,194.647034,2408730
2002-10-17,202.409886,206.952604,198.614697,205.572540,3100530
2002-10-18,205.572623,206.550178,199.822339,201.144897,2447820
2002-10-21,198.039700,205.572573,195.164560,204.250015,1997040
2002-10-22,201.259763,205.859986,199.822193,204.307404,1569520
2002-10-23,204.364952,204.364952,192.059356,204.077438,2949500
2002-10-24,204.134923,206.435035,197.637114,199.362198,2057270
2002-10-25,199.419740,205.860062,196.544600,205.285034,1465380
2002-10-28,213.047879,214.140428,205.342507,208.735168,2208260
2002-10-29,208.160230,210.460343,202.754968,209.885315,2286050
2002-10-30,209.942824,214.140523,207.930225,213.220474,2323100
2002-10-31,213.220422,215.242838,209.464507,213.509338,2002970
2002-11-01,212.353686,217.554184,209.753436,217.554184,1891390
2002-11-04,221.656763,227.377307,216.109562,217.265228,1896480
2002-11-05,217.265265,221.252310,215.994025,219.634384,1442490
2002-11-06,221.310206,222.465873,212.642705,218.941086,2203890
2002-11-07,214.953880,216.918509,209.348893,210.620132,1935740
2002-11-08,210.677954,216.109582,210.100121,213.047073,1696000
2002-11-11,213.047061,213.047061,204.321779,206.286407,1276910
2002-11-12,206.286453,213.220451,206.286453,210.273499,1582720
2002-11-13,207.153205,207.962168,198.139004,202.241623,2769200
2002-11-14,202.241550,209.175545,202.241550,208.828842,1579000
2002-11-15,208.886695,214.318323,204.090687,213.220444,1802860
2002-11-18,215.242834,215.531751,206.748681,206.979828,1587310
2002-11-19,206.979793,212.469207,206.286387,210.562347,1788690
2002-11-20,212.642629,219.403285,212.353712,218.363174,1732340
2002-11-21,220.732218,225.990502,219.865468,225.008179,2213190
2002-11-22,223.794794,226.279488,222.696915,222.696915,1496460
2002-11-25,224.777087,225.701624,220.732255,223.332504,1295080
2002-11-26,220.443416,222.465833,213.798333,214.722870,1619490
2002-11-27,218.709901,226.337307,217.843151,225.181641,1645190
2002-11-29,226.799411,228.243994,224.488080,224.661423,867160
2002-12-02,224.719409,228.128623,220.212316,222.581436,1736550
2002-12-03,219.981125,222.350227,217.207515,218.709885,1297380
2002-12-04,216.109635,222.465801,213.509385,218.709885,1613610
2002-12-05,219.576576,219.634363,213.856032,214.607208,1040920
2002-12-06,211.082397,218.131967,210.909055,217.034088,1292750
2002-12-09,213.220421,214.665004,208.019923,208.886673,1591580
2002-12-10,208.886710,214.607255,207.442127,212.584839,1250650
2002-12-11,212.584771,214.029353,208.251023,209.522263,1208890
2002-12-12,209.522306,213.393777,209.233389,211.602509,1097910
2002-12-13,210.620177,212.469250,206.575345,208.019928,1166750
2002-12-16,210.042391,216.571899,209.637900,216.571899,1332540
2002-12-17,217.727614,217.843187,214.087270,214.549530,1210500
2002-12-18,215.242750,216.629545,212.931418,214.664917,1283160
2002-12-19,214.722769,218.420898,211.544688,213.798233,1614790
2002-12-20,215.242699,220.443193,215.242699,220.385406,3196020
2002-12-23,217.554196,219.634399,215.936270,217.727539,1360530
2002-12-24,214.491661,215.820670,210.389042,210.909088,872210
2002-12-26,210.909090,214.202746,206.690915,208.135498,1146050
2002-12-27,207.153212,208.366665,201.374880,203.223953,1354510
2002-12-30,203.281728,205.130801,201.143756,203.686218,1280460
2002-12-31,203.108378,204.264045,199.930296,203.339508,1209630
2003-01-02,206.286458,210.331290,202.761672,210.042374,1849800
2003-01-03,210.042313,210.331230,206.922018,208.655518,1365630
2003-01-06,210.042307,217.207433,209.580048,215.589508,1519740
2003-01-07,215.647325,217.265251,211.949179,213.682678,1309360
2003-01-08,211.197934,215.820598,210.388972,212.006897,1204050
2003-01-09,212.642625,217.265290,212.642625,213.971634,1523520
2003-01-10,214.029423,217.323079,211.429173,216.456329,2087820
2003-01-13,218.420970,220.270044,213.971647,214.029434,1498300
2003-01-14,214.954019,219.287769,214.029482,219.172195,1428490
2003-01-15,220.154445,224.777110,215.531779,216.398529,1368090
2003-01-16,217.554210,217.554210,212.815971,214.433914,1329230
2003-01-17,214.491728,215.127331,210.793581,212.642654,1121720
2003-01-21,215.762838,215.762838,207.730963,208.828842,1369160
2003-01-22,208.886614,209.984493,205.130700,207.442032,1786040
2003-01-23,208.886664,214.953912,208.597748,214.607208,1883750
2003-01-24,214.376138,214.607268,205.188592,206.806519,1913720
2003-01-27,204.264027,207.731027,200.219195,202.761658,1709140
2003-01-28,203.397273,206.690929,202.819440,204.899643,1516620
2003-01-29,202.530497,206.575329,198.716795,205.419662,1725800
2003-01-30,205.129109,206.233200,198.736984,198.736984,1508260
2003-01-31,196.993727,200.364114,195.540971,199.608688,2364320
2003-02-03,199.783021,203.443977,199.260033,201.352005,1356290
2003-02-04,196.993688,197.749114,193.565188,195.482819,1861340
2003-02-05,198.155946,201.410124,194.088229,195.540985,1406210
2003-02-06,195.540949,195.540949,190.020476,192.635437,1589640
2003-02-07,195.250464,195.715339,188.393461,191.240860,1616530
2003-02-10,191.473207,192.402974,186.940616,191.124542,1533550
2003-02-11,192.926010,194.146329,184.500025,186.243332,1922890
2003-02-12,186.243305,188.277163,182.349912,182.582367,1458420
2003-02-13,182.582361,186.591963,180.432275,185.022980,1554790
2003-02-14,184.674347,189.090729,183.744597,189.090729,1952690
2003-02-18,193.216561,194.959868,189.090730,193.158447,1264940
2003-02-19,193.158429,196.122054,191.705673,193.855759,988210
2003-02-20,193.855753,194.669293,190.311025,190.950241,984900
2003-02-21,192.925980,194.959838,187.986610,192.925980,1327690
2003-02-24,192.984195,192.984195,186.998827,188.451584,1302910
2003-02-25,185.487861,191.124542,182.814786,191.124542,1567240
2003-02-26,191.124561,191.124561,186.243305,187.463623,1385190
2003-02-27,188.858269,192.925986,187.114962,190.950241,1394080
2003-02-28,192.403004,196.005828,192.054339,193.739532,1433830
2003-03-03,196.703140,198.039668,190.659679,192.054321,1341080
2003-03-04,193.216522,193.216522,187.696050,188.102829,1192350
2003-03-05,188.567734,193.623332,188.102859,192.751678,1390250
2003-03-06,192.809861,193.507191,189.846251,190.543564,1269750
2003-03-07,186.010939,194.669364,186.010939,192.693619,1406660
2003-03-10,189.439338,190.717770,186.243276,187.114929,1419660
2003-03-11,186.243373,188.858335,182.756758,183.337860,1591200
2003-03-12,183.047298,184.093276,175.783517,183.977066,2165690
2003-03-13,187.289299,194.030090,185.604105,194.030090,1878340
2003-03-14,194.030128,197.342420,193.100361,196.122101,1717950
2003-03-17,194.378717,201.991161,193.274626,198.736984,2664840
2003-03-18,199.027534,202.630376,197.574779,201.816818,1681550
2003-03-19,202.804737,207.163005,201.642532,206.058914,1916070
2003-03-20,204.199396,208.906330,201.642549,208.209000,1594030
2003-03-21,208.208980,216.170090,207.685991,216.170090,2276760
2003-03-24,212.567246,212.625360,206.523785,207.453552,1625600
2003-03-25,207.511586,210.242756,205.768280,208.615677,1478480
2003-03-26,207.744108,210.300955,206.988682,208.557648,1183950
2003-03-27,208.557563,210.010319,204.780399,208.615677,1167740
2003-03-28,206.698200,209.080706,194.669369,206.000870,1135680
2003-03-31,201.061381,203.792569,200.189728,200.189728,1476850
2003-04-01,200.247962,207.279307,200.247962,206.872528,1470540
2003-04-02,211.811900,217.274261,210.940246,215.240402,1845150
2003-04-03,216.751220,217.913425,211.637525,212.218628,1668470
2003-04-04,214.891696,216.751231,211.811860,216.344452,1339470
2003-04-07,223.317625,225.816376,215.647085,216.286301,2013640
2003-04-08,217.274256,220.818985,215.007959,218.552689,1436420
2003-04-09,220.528439,223.143401,214.775527,215.240402,1585260
2003-04-10,215.298449,217.332307,213.845693,214.717346,1152540
2003-04-11,215.298471,220.179728,215.298471,217.041779,1422260
2003-04-14,219.889112,223.724390,217.913367,223.317612,1792910
2003-04-15,222.852617,228.547409,222.852617,228.082535,2166600
2003-04-16,228.198879,229.535407,221.341861,222.329742,1632480
2003-04-17,222.562197,227.036692,220.295901,226.862350,1433740
2003-04-21,230.174663,230.232776,223.666309,224.886627,1132130
2003-04-22,223.143356,232.150445,222.562254,232.092331,1586860
2003-04-23,232.092316,234.765391,230.232799,234.126175,1613660
2003-04-24,230.232775,231.743627,226.165059,227.501587,1785810
2003-04-25,227.559683,228.024558,222.445972,223.433853,1075870
2003-04-28,225.758254,230.058408,223.491959,228.140778,1428860
2003-04-29,229.535423,232.440935,224.886604,227.211014,1711140
2003-04-30,228.779864,230.988045,222.678293,228.082535,1784590
2003-05-01,228.082658,228.841953,223.702069,227.790619,1606390
2003-05-02,228.082745,232.813787,226.680960,231.879257,1281300
2003-05-05,231.937613,234.098693,229.893338,230.886261,1391030
2003-05-06,232.112909,234.799675,229.542965,233.339478,1390710
2003-05-07,231.879187,234.741168,230.302167,233.748245,1485680
2003-05-08,231.119945,233.865104,229.017258,229.017258,1480180
2003-05-09,229.075643,231.003096,225.804800,228.082703,1846180
2003-05-12,224.461340,231.587104,224.461340,230.068497,1145840
2003-05-13,230.068513,230.944631,227.148121,229.367630,1177350
2003-05-14,230.711030,231.178285,226.038401,227.206558,1149560
2003-05-15,228.374746,230.419022,227.615451,230.419022,1134980
2003-05-16,230.419014,230.711054,226.564092,228.666779,1567310
2003-05-19,225.863157,227.790609,222.533903,223.293198,1254140
2003-05-20,223.351781,226.739450,222.475663,224.987213,1321310
2003-05-21,223.293270,227.498644,223.234877,226.972977,1029730
2003-05-22,226.330505,229.192487,223.001249,226.155289,1332560
2003-05-23,225.746403,229.250875,225.571186,228.316345,834680
2003-05-27,228.316435,235.091754,224.928785,234.682892,1685790
2003-05-28,235.967694,243.210263,234.916360,240.289871,2404000
2003-05-29,241.224470,242.334216,237.311136,238.128860,1971500
2003-05-30,238.012046,242.743087,237.895223,239.589066,1591880
2003-06-02,242.275773,245.546616,237.719967,241.633301,1706920
2003-06-03,241.808511,246.831590,240.932393,246.773178,1512070
2003-06-04,246.831629,251.445846,246.130727,251.270630,1336490
2003-06-05,250.511350,255.067175,249.226388,254.074234,1463140
2003-06-06,257.578671,259.856574,251.153806,255.183945,1548430
2003-06-09,252.263558,252.789225,248.408635,250.336105,1298820
2003-06-10,249.693637,252.497207,247.882989,252.321991,1170570
2003-06-11,251.445760,257.929034,251.036898,257.520172,1225230
2003-06-12,259.155555,259.564399,253.606811,257.403320,1106250
2003-06-13,257.403427,258.922017,254.950290,257.578644,888850
2003-06-16,259.564463,264.237091,257.578600,264.237091,1330500
2003-06-17,266.339890,267.040792,263.536319,266.106262,1524910
2003-06-18,262.368195,264.062020,260.207097,262.309784,1320370
2003-06-19,262.893787,263.419454,250.452902,255.768021,1428730
2003-06-20,258.045855,259.038795,255.359108,257.286560,1866000
2003-06-23,256.702584,256.819407,249.343189,251.737915,1156680
2003-06-24,249.401624,254.950372,246.714858,253.198135,1105230
2003-06-25,253.665277,257.578610,251.095335,251.445786,1346720
2003-06-26,251.212230,256.060076,249.401583,255.359192,1212980
2003-06-27,254.658218,261.375120,250.452845,251.212158,978790
2003-06-30,251.153768,253.198043,248.525415,249.985611,1285000
2003-07-01,247.415673,256.293656,247.357261,255.884811,1385780
2003-07-02,256.994678,259.623033,254.716775,259.330994,1335420
2003-07-03,257.286703,261.200038,256.293762,256.293762,784600
2003-07-07,258.454816,263.302661,258.454816,262.484955,1331830
2003-07-08,261.083186,265.697405,259.915029,264.996521,1090600
2003-07-09,267.040644,271.362821,266.222920,268.617645,1684640
2003-07-10,268.617820,268.676231,262.835444,264.003601,1081840
2003-07-11,266.631914,270.194797,265.171717,269.552307,1177900
2003-07-14,274.516933,280.299307,274.458522,275.217834,2198890
2003-07-15,276.269225,281.233894,271.187733,273.524048,1725910
2003-07-16,272.764678,274.516914,263.711461,265.872559,2660170
2003-07-17,264.003488,267.215920,260.499017,261.783997,1727160
2003-07-18,264.003511,267.800022,261.667197,267.157532,1166220
2003-07-21,267.157583,267.215995,260.557502,262.543365,1238230
2003-07-22,264.470713,266.398183,260.557398,265.463654,1154060
2003-07-23,265.463832,266.982440,263.711595,266.573578,1035850
2003-07-24,266.923895,268.559307,261.959227,262.076050,1309540
2003-07-25,263.361112,267.508075,260.557541,267.099213,1005380
2003-07-28,265.755699,269.318581,264.470719,267.507935,1279740
2003-07-29,267.799999,268.617705,264.295528,265.405273,1155490
2003-07-30,267.332811,267.741655,263.711516,264.178772,1050430
2003-07-31,267.534067,268.946784,262.530679,263.707947,1484060
2003-08-01,265.356107,265.356107,254.996166,255.761383,1804560
2003-08-04,256.762028,258.822246,250.051589,258.233612,1602860
2003-08-05,257.644925,259.587409,253.053573,253.524490,1147110
2003-08-06,254.584022,258.881040,253.465622,256.173340,1261690
2003-08-07,256.055601,260.058302,253.877650,259.587402,1245880
2003-08-08,261.765414,262.530630,260.176096,261.353363,1118050
2003-08-11,262.000665,262.824748,258.998632,262.236115,1033200
2003-08-12,262.236228,266.121213,262.000778,266.003479,1006960
2003-08-13,268.240452,268.299301,263.707964,264.708649,1009570
2003-08-14,265.944677,266.945361,263.531293,265.650360,944200
2003-08-15,265.885796,266.062379,263.707845,264.296478,630000
2003-08-18,266.592079,266.592079,261.941879,262.824829,1195100
2003-08-19,262.824826,264.355277,258.233492,261.412109,1322450
2003-08-20,259.646326,261.883127,259.352010,259.940643,977170
2003-08-21,261.824256,263.178125,256.114520,258.469055,1324210
2003-08-22,260.117261,260.647028,253.112523,253.701157,1502830
2003-08-25,252.229444,255.054878,251.993994,252.641495,1445520
2003-08-26,252.288434,255.584787,251.346617,254.937286,1524820
2003-08-27,252.288381,254.584048,251.346563,252.877014,1002230
2003-08-28,254.525162,254.584029,250.463594,253.642212,1035080
2003-08-29,254.584126,255.525944,253.171409,255.172760,759610
2003-09-02,255.172757,260.470461,254.584123,260.058411,1298100
2003-09-03,256.938480,264.002081,256.938480,261.941864,1447810
2003-09-04,261.058926,262.177326,259.705076,261.412109,960420
2003-09-05,259.234191,264.590760,259.234191,261.000092,1024490
2003-09-08,260.705764,264.885065,260.705764,262.059631,1026080
2003-09-09,260.587941,262.530423,259.292940,260.646790,965900
2003-09-10,259.116427,260.411409,257.409376,258.704376,1286460
2003-09-11,258.880935,262.118418,258.880935,260.234802,942130
2003-09-12,259.587321,262.295038,259.351871,260.764587,1008090
2003-09-15,260.764727,261.176778,257.998141,259.940643,895350
2003-09-16,259.822880,263.590132,259.764013,263.119232,1152820
2003-09-17,264.590849,265.768117,260.470413,264.531982,1339570
2003-09-18,267.239615,275.833668,266.121215,274.597534,2295950
2003-09-19,274.362168,276.598969,274.303301,276.598969,1733790
2003-09-22,271.948676,275.186160,270.241643,273.008209,1332570
2003-09-23,273.714656,277.776224,268.475819,277.658508,1273320
2003-09-24,278.364700,279.483099,272.831550,273.891083,1504580
2003-09-25,273.891182,275.480500,270.241665,270.594849,1118230
2003-09-26,270.653791,270.653791,266.651089,267.004272,1256930
2003-09-29,267.063067,272.772802,267.063067,271.183502,1355750
2003-09-30,271.183529,271.654428,266.651042,267.887177,1456950
2003-10-01,270.536020,277.246440,269.241019,276.657806,1548630
2003-10-02,277.010964,278.953447,275.657096,278.129364,1070480
2003-10-03,281.955438,281.955438,276.657736,277.305237,1696340
2003-10-06,277.540818,280.130803,275.774917,278.482635,877380
2003-10-07,276.952092,281.837743,276.657775,281.543427,1058930
2003-10-08,282.367533,282.367533,278.953448,279.954132,877820
2003-10-09,282.543983,284.309883,280.778083,281.837616,1460070
2003-10-10,281.778922,283.956856,280.837105,281.955505,867950
2003-10-13,285.134011,288.371494,283.426977,288.018311,1008020
2003-10-14,288.136042,288.665809,281.484492,288.430359,1066920
2003-10-15,288.430397,289.136764,285.075179,287.724030,1180740
2003-10-16,287.311959,289.313309,285.781509,288.430359,1010910
2003-10-17,288.430450,288.783633,282.720697,284.780914,1355990
2003-10-20,279.012280,286.134749,279.012280,283.368164,1806950
2003-10-21,283.427192,283.427192,278.718121,280.013123,1725120
2003-10-22,276.657755,279.306606,276.422305,277.835022,1289780
2003-10-23,277.835047,281.955482,276.540046,281.249115,1158720
2003-10-24,281.249200,281.837834,275.480597,280.189667,1062720
2003-10-27,281.248987,282.131937,274.538571,274.891754,1640940
2003-10-28,275.480534,280.071869,275.245084,280.071869,1381430
2003-10-29,280.071809,280.778177,277.364110,280.130676,1179920
2003-10-30,283.036474,283.273686,280.190105,281.791199,1113550
2003-10-31,282.977119,283.095707,279.004047,281.079529,989950
2003-11-03,282.265370,287.009326,281.731679,284.874542,1393000
2003-11-04,284.637444,287.424526,282.443356,286.535034,1290380
2003-11-05,286.535064,287.898945,284.637474,287.602448,1112500
2003-11-06,287.661667,290.152233,286.179181,289.915039,938320
2003-11-07,290.152361,290.448858,283.155029,283.155029,1542660
2003-11-10,283.154953,285.645538,281.198078,284.340942,1133650
2003-11-11,283.451485,284.874668,280.249317,281.020203,1309150
2003-11-12,280.605117,283.629376,279.893516,281.020203,1146080
2003-11-13,281.020249,281.791153,279.063373,279.300568,1083820
2003-11-14,278.944602,279.893396,274.319252,275.327332,1493120
2003-11-17,272.836898,275.683266,270.702114,274.556580,1062090
2003-11-18,274.853144,276.335631,269.575493,270.168488,1415860
2003-11-19,269.990441,273.133323,267.440571,272.421722,1390760
2003-11-20,270.464901,276.928540,265.898834,271.413696,1525570
2003-11-21,273.370518,275.742496,272.421723,274.793701,1080480
2003-11-24,276.039085,279.181950,275.742588,277.165771,1237820
2003-11-25,278.707489,279.893478,276.809899,278.173798,1072190
2003-11-26,280.367855,280.427158,276.394802,278.410980,836090
2003-11-28,279.537735,280.842331,278.411048,278.885437,433350
2003-12-01,281.138798,282.206181,279.597008,282.028290,927580
2003-12-02,281.613190,282.917786,278.707520,280.012115,1302920
2003-12-03,281.613148,281.613148,278.410980,278.410980,1201760
2003-12-04,278.885403,280.486496,272.777565,279.834198,911920
2003-12-05,279.834345,280.427340,275.149688,276.217072,998890
2003-12-08,275.801763,281.079411,275.445963,280.901520,942770
2003-12-09,281.198074,281.731765,278.055191,279.241180,1044710
2003-12-10,279.597053,281.494644,279.181950,280.842346,1011260
2003-12-11,279.715637,284.044491,279.597031,282.087616,1253710
2003-12-12,282.265522,283.214317,280.842338,281.969025,790090
2003-12-15,287.543183,287.543183,283.332916,283.332916,1266060
2003-12-16,283.332912,284.518902,282.028335,284.281708,883210
2003-12-17,283.155041,283.629430,279.597072,281.613251,1006050
2003-12-18,281.613250,283.985229,278.529688,283.985229,1102720
2003-12-19,284.518887,286.238586,283.629395,286.238586,1615480
2003-12-22,285.526966,287.602448,285.111862,287.602448,925060
2003-12-23,287.483877,288.432672,284.874703,285.052612,957920
2003-12-24,284.637539,284.934037,283.273658,283.748047,421100
2003-12-26,284.340943,284.518834,283.510754,283.807251,242070
2003-12-29,284.578213,286.950192,284.341019,286.831604,796560
2003-12-30,286.831596,287.721088,285.527000,287.187378,747810
2003-12-31,288.314037,288.314037,285.230457,287.839630,986350
2004-01-02,290.863850,292.049839,287.839574,290.567352,1395350
2004-01-05,293.413788,295.311378,292.642902,295.252075,1461740
2004-01-06,293.710297,295.785778,293.591709,295.548584,1077030
2004-01-07,295.370628,297.505413,293.650948,295.963623,1204160
2004-01-08,296.200795,297.861172,294.718308,297.208893,1341190
2004-01-09,296.497391,298.632175,293.947520,295.845093,1131340
2004-01-12,294.777782,295.845166,293.532489,295.607971,979860
2004-01-13,295.370689,295.548581,291.575527,294.125397,1097110
2004-01-14,295.133464,296.675236,294.718361,296.497345,1027820
2004-01-15,296.497291,299.580870,291.338231,293.532318,1741220
2004-01-16,294.659004,294.659004,290.982449,293.532318,1511200
2004-01-20,296.497376,296.497376,291.160423,292.287109,1399400
2004-01-21,291.753369,298.987911,291.753369,298.632111,1912780
2004-01-22,298.869308,302.130779,297.624016,300.588989,1367570
2004-01-23,301.775141,302.071639,297.209091,298.395081,1554780
2004-01-26,296.497513,303.079762,296.497513,302.012360,1133130
2004-01-27,300.648428,302.308806,296.793961,296.912567,1321750
2004-01-28,298.869194,300.351681,291.160267,291.931152,1660700
2004-01-29,293.844447,297.132635,292.110678,295.817352,1646320
2004-01-30,294.442299,296.415205,293.067246,295.817352,1036000
2004-02-02,295.936932,298.328342,292.947670,294.322723,1189960
2004-02-03,293.724794,293.844372,291.811678,292.230164,969450
2004-02-04,290.018238,292.887923,290.018238,290.376953,1237650
2004-02-05,292.349831,292.349831,286.909370,287.626801,1207660
2004-02-06,288.344149,295.040102,288.224589,294.800964,1171790
2004-02-09,294.800958,295.637948,293.246539,293.844391,922350
2004-02-10,292.947696,293.724897,291.751991,292.469421,1389520
2004-02-11,292.828045,297.790230,290.675792,297.252167,1692150
2004-02-12,296.235902,298.746890,295.578261,295.996765,936900
2004-02-13,296.534808,298.627292,294.143398,295.877167,979710
2004-02-17,297.670606,299.763089,297.551047,298.328247,1073470
2004-02-18,298.866382,298.926170,295.936909,296.295624,765320
2004-02-19,298.627206,298.746783,293.545461,293.665039,1344050
2004-02-20,293.246698,294.023899,290.197647,292.290131,1524710
2004-02-23,293.844423,295.757557,292.947644,294.860779,1019390
2004-02-24,292.050891,297.132636,292.050891,295.578217,1104370
2004-02-25,296.474913,298.567396,295.996638,297.969543,965470
2004-02-26,297.431577,299.165346,296.594588,298.926208,995290
2004-02-27,299.524023,301.078443,297.371751,300.480591,1436850
2004-03-01,302.513320,304.306878,301.138267,301.676331,1321890
2004-03-02,301.676294,302.333936,297.132613,297.551117,1277090
2004-03-03,297.132667,300.361067,297.013090,297.850098,1153740
2004-03-04,298.926205,299.643635,294.741238,295.219513,1953920
2004-03-05,296.534799,300.719766,296.235873,298.926208,1770850
2004-03-08,299.822937,301.556705,298.208729,298.567444,945550
2004-03-09,297.132554,298.866322,296.235776,297.969543,1025350
2004-03-10,296.833672,298.328302,294.083547,294.203125,1206470
2004-03-11,294.203168,296.833715,290.556265,290.675842,1741910
2004-03-12,290.675787,294.980313,290.556209,294.800964,1218080
2004-03-15,297.132575,297.311923,292.230179,293.665039,1803600
2004-03-16,296.235938,298.986063,295.638085,298.866486,1609350
2004-03-17,301.556703,304.665542,300.420787,303.828552,1625040
2004-03-18,302.991621,307.714670,302.154631,306.578735,1764520
2004-03-19,305.801346,307.236205,299.045624,300.958740,1637910
2004-03-22,299.284817,300.121807,295.279200,296.594482,1427100
2004-03-23,298.806596,300.420804,296.056489,297.730469,1173820
2004-03-24,297.670593,299.523939,296.056403,297.670593,1291550
2004-03-25,300.301224,301.377369,297.431540,300.480591,1181800
2004-03-26,299.165395,301.317668,298.388194,299.284973,1013850
2004-03-29,302.812222,308.013545,302.812222,306.817841,1526360
2004-03-30,304.964468,310.703854,304.964468,310.524506,1397250
2004-03-31,310.524490,311.182113,308.252622,309.089630,1779010
2004-04-01,310.763580,313.573492,308.730904,312.616943,1247100
2004-04-02,314.709474,316.144298,308.730951,309.687500,1706670
2004-04-05,310.524460,312.377787,308.970022,312.258209,1064080
2004-04-06,309.687489,312.437595,309.687489,312.318054,759570
2004-04-07,313.394187,313.394187,308.073287,309.149414,983480
2004-04-08,311.959405,312.019212,306.817889,308.073364,825690
2004-04-12,310.404941,311.660417,309.508163,311.241913,705260
2004-04-13,311.301788,311.540907,304.366695,306.100464,1530860
2004-04-14,303.111173,306.100435,299.225133,304.605804,1491760
2004-04-15,300.719707,303.708969,295.637963,298.447876,2620600
2004-04-16,300.062203,301.377486,298.687149,299.524139,1762880
2004-04-19,298.926188,299.763178,297.192420,298.806610,979110
2004-04-20,298.806577,300.002281,294.143336,294.203125,1281120
2004-04-21,293.545439,295.936848,292.708450,293.784576,1252130
2004-04-22,295.040148,298.328336,293.127013,296.893494,1458400
2004-04-23,295.697863,295.877211,292.170537,294.023865,1175600
2004-04-26,293.844446,295.398866,291.991100,292.887878,971370
2004-04-27,292.947633,295.757547,292.349781,292.708496,1218650
2004-04-28,291.512841,292.170482,289.001853,289.539917,1790720
2004-04-29,292.373217,295.688789,288.454813,290.383881,1722030
2004-04-30,290.383826,292.312875,289.057590,289.901550,1185650
2004-05-03,289.961926,293.458342,289.901640,292.734955,1227570
2004-05-04,293.277445,296.472444,291.770367,294.422821,1342670
2004-05-05,294.422810,296.412164,291.770356,293.156860,1104200
2004-05-06,291.468962,291.589535,285.199519,286.405182,1594660
2004-05-07,284.898201,287.490369,280.135835,281.642914,2064780
2004-05-10,275.795258,275.795258,271.093183,273.745636,2983100
2004-05-11,275.493881,276.398127,273.022269,275.433594,1520630
2004-05-12,275.433642,279.352046,270.249289,279.171204,1635410
2004-05-13,277.664019,281.522134,275.674665,277.061188,1357620
2004-05-14,277.121603,278.930097,274.107446,275.192535,1164230
2004-05-17,271.394771,273.082692,270.249376,270.430237,1577780
2004-05-18,272.419443,273.805966,271.032938,272.178314,1229410
2004-05-19,275.072063,276.940845,271.274231,271.274231,1679280
2004-05-20,271.575592,274.710323,271.515305,272.962097,1080520
2004-05-21,273.926562,276.337887,271.334394,273.323730,1914550
2004-05-24,275.855681,276.217384,272.901811,273.564911,855220
2004-05-25,274.408789,280.979646,272.298880,280.316528,1307760
2004-05-26,280.316671,281.522334,277.724503,280.557800,1031520
2004-05-27,282.727916,283.149906,277.905265,280.437164,1185430
2004-05-28,281.462050,281.522336,278.568465,279.894684,993900
2004-06-01,280.075524,282.305990,277.664198,281.944305,1128470
2004-06-02,283.813043,285.018706,278.628707,283.511627,1316570
2004-06-03,286.344931,286.344931,279.472656,279.472656,1008380
2004-06-04,282.667635,283.330753,280.015180,280.618011,1032300
2004-06-07,282.968995,286.947685,282.305877,286.525696,1274000
2004-06-08,285.742030,286.947693,285.018625,286.947693,916160
2004-06-09,286.646329,286.887457,283.632172,283.632172,816230
2004-06-10,283.933504,285.681711,283.210099,285.440582,678930
2004-06-14,283.089634,284.536425,280.437179,281.763397,1261470
2004-06-15,284.536383,285.500917,282.245631,283.451294,1227400
2004-06-16,283.933552,285.259788,282.426473,283.451294,669840
2004-06-17,282.848473,284.536393,281.944226,283.812988,641240
2004-06-18,284.717258,286.887454,284.355573,286.344910,1367310
2004-06-21,285.862581,287.068244,283.933514,284.415771,853250
2004-06-22,283.330703,284.837781,280.617962,283.270416,1050550
2004-06-23,283.210222,285.199577,281.281173,284.777588,1130660
2004-06-24,285.320097,286.766907,283.933592,285.983215,1304920
2004-06-25,284.777546,286.525753,281.703102,282.125092,1200080
2004-06-28,283.330748,283.933579,280.135749,280.437164,1136340
2004-06-29,278.749234,280.497441,277.965561,279.291779,1234330
2004-06-30,279.412281,282.547011,278.387461,280.316528,1490400
2004-07-01,280.316622,281.823701,276.036515,277.483307,1488580
2004-07-02,277.603890,277.965593,275.313138,275.855682,1068640
2004-07-06,275.313083,276.096757,272.178353,273.986847,1175300
2004-07-07,272.660635,276.036494,272.660635,275.071960,915490
2004-07-08,275.192534,275.855652,271.394703,272.298950,1184750
2004-07-09,272.720936,273.806044,270.912442,271.454987,1203010
2004-07-12,271.274127,272.720918,270.430166,270.671295,1313620
2004-07-13,270.731663,273.504692,270.189118,273.082703,1153500
2004-07-14,273.082493,275.011560,270.610882,271.876831,1353400
2004-07-15,271.876882,273.685376,262.954988,266.511688,2861020
2004-07-16,267.476221,267.777636,262.713839,262.954987,1836580
2004-07-19,264.040171,267.355744,263.437339,265.185547,1400520
2004-07-20,264.522208,265.908730,263.015130,265.547028,1480980
2004-07-21,267.355676,269.887574,264.642935,264.884064,1549160
2004-07-22,264.884072,269.887583,263.437281,268.862762,1520470
2004-07-23,268.862893,269.646567,264.040240,267.114685,1270910
2004-07-26,267.235300,267.777863,262.533220,264.100586,1248150
2004-07-27,265.848607,266.451438,263.135866,264.642944,1369670
2004-07-28,264.160728,266.692609,263.256481,265.908936,1750280
2004-07-29,268.707297,270.714838,267.673098,269.376465,1297220
2004-07-30,268.342166,269.498023,266.577962,268.220490,1056970
2004-08-02,262.623959,271.566668,262.623959,269.619965,1586780
2004-08-03,269.619859,272.174910,267.429802,267.916473,1054880
2004-08-04,267.673175,271.262425,266.517317,270.106567,986340
2004-08-05,270.106569,270.654078,266.273983,266.638977,910290
2004-08-06,265.300676,267.247379,261.528909,262.745605,1550570
2004-08-09,263.110540,266.152281,263.110540,264.448914,1058330
2004-08-10,266.030562,268.768127,265.300555,268.768127,939350
2004-08-11,268.585702,270.228250,266.882335,269.802399,890940
2004-08-12,269.802293,270.897312,266.578057,267.064728,971600
2004-08-13,267.855698,269.376568,266.456504,267.734039,749500
2004-08-16,267.794872,272.783315,267.734033,272.357483,1002660
2004-08-17,273.452507,275.216713,273.026655,274.730042,1029520
2004-08-18,274.729961,277.710863,274.060775,277.650024,1028630
2004-08-19,276.250849,277.102533,274.486644,276.555023,812070
2004-08-20,276.555078,280.083490,275.460040,279.535980,951050
2004-08-23,279.231788,279.900975,276.676719,278.745117,1115410
2004-08-24,280.448504,280.935175,278.197609,279.353485,761410
2004-08-25,280.022553,282.212610,278.927534,281.665100,965830
2004-08-26,281.665159,283.307706,280.387624,282.638519,859050
2004-08-27,282.638658,284.767877,281.239446,284.220367,754120
2004-08-30,284.220233,284.281053,282.334351,282.334351,708850
2004-08-31,283.246872,283.672704,280.874318,283.368530,917170
2004-09-01,283.307723,284.706916,281.056827,282.577698,923510
2004-09-02,283.307631,286.957718,281.665084,286.045197,859500
2004-09-03,285.923525,287.991904,284.950165,284.950165,790910
2004-09-07,286.836159,288.722042,285.315289,287.201172,1048550
2004-09-08,287.140206,287.626877,284.463479,284.828491,1119840
2004-09-09,286.045327,287.018670,284.098606,285.619476,950340
2004-09-10,285.011052,288.174470,284.463543,287.383606,727830
2004-09-13,287.201119,287.931125,284.889385,285.923584,916740
2004-09-14,285.923549,288.417780,285.315201,287.079407,834360
2004-09-15,286.349286,287.505143,285.375926,285.801758,713530
2004-09-16,285.801828,288.782748,285.315158,287.018524,825440
2004-09-17,287.627018,287.687856,284.463618,285.619476,1733990
2004-09-20,280.205165,281.361023,275.338380,276.190063,2544070
2004-09-21,276.980821,278.988380,274.243255,277.710846,1802130
2004-09-22,276.250984,276.250984,269.984985,269.984985,2187060
2004-09-23,269.498123,270.471483,266.821396,266.943054,1520040
2004-09-24,267.551433,268.950645,265.361395,268.585632,1860940
2004-09-27,267.855680,268.342369,264.874778,265.300629,1753210
2004-09-28,265.848185,269.680771,265.300675,269.559113,1728580
2004-09-29,267.247352,271.931641,267.186532,271.931641,1547170
2004-09-30,270.836560,271.627405,267.673143,268.403168,1651380
2004-10-01,270.532337,273.209064,269.193964,272.965729,1361200
2004-10-04,273.756560,274.486585,270.897318,272.114014,1512400
2004-10-05,272.053336,273.330852,269.619943,270.836639,1264000
2004-10-06,270.714834,272.174866,269.072288,272.174866,1187000
2004-10-07,272.418381,274.365103,271.749213,272.296722,1068160
2004-10-08,272.296622,274.851673,269.498217,271.079926,1081870
2004-10-11,271.384128,273.635005,271.384128,272.904999,787900
2004-10-12,270.714903,273.999979,270.714903,272.539948,1208480
2004-10-13,274.060752,274.425765,267.794776,268.342285,1365860
2004-10-14,269.133128,269.741476,263.171326,265.848053,1980060
2004-10-15,269.254734,270.045579,266.699666,267.308014,1559330
2004-10-18,265.361447,269.802381,265.361447,269.011536,1077190
2004-10-19,269.498169,271.323213,265.178894,265.178894,1543740
2004-10-20,264.692224,264.753063,260.129614,263.353851,1882290
2004-10-21,264.266363,264.813872,260.372939,261.285461,1599340
2004-10-22,260.920536,262.198071,258.547982,258.912994,1315610
2004-10-25,258.852110,259.460458,256.114544,259.034607,1629180
2004-10-26,260.312106,263.962194,260.068771,263.658020,1705800
2004-10-27,263.718930,267.673193,262.076382,267.369019,1761910
2004-10-28,267.982894,272.955776,267.123388,271.727905,1505390
2004-10-29,272.587280,273.569580,270.991044,272.403107,1299330
2004-11-01,272.894449,273.815353,271.421007,272.034943,1343790
2004-11-02,272.034888,276.209643,272.034888,275.657104,1641420
2004-11-03,280.016023,280.261594,276.762154,278.051422,1538410
2004-11-04,278.174321,283.147205,276.885052,282.963013,1412080
2004-11-05,284.129400,285.295892,280.691375,283.208496,1646200
2004-11-08,283.208521,284.190822,282.042047,283.945251,1019070
2004-11-09,283.945308,285.909910,282.840231,283.699738,1090260
2004-11-10,283.331282,284.129391,281.489475,282.717346,1121790
2004-11-11,283.638288,284.804762,281.857878,284.006653,1108410
2004-11-12,283.638365,289.102390,283.638365,288.979614,1632170
2004-11-15,288.549723,289.163658,285.787012,286.523743,1379240
2004-11-16,283.454076,285.173089,281.796443,282.717346,1766140
2004-11-17,283.515442,286.155376,282.410365,283.515442,1980000
2004-11-18,283.638228,284.190766,281.857819,281.857819,1612750
2004-11-19,282.840140,282.840140,276.455195,277.191925,2328780
2004-11-22,277.805869,279.217913,276.455203,277.314728,1490100
2004-11-23,278.112841,278.542603,275.902669,277.560303,1482610
2004-11-24,279.033708,279.954611,278.174202,279.463470,1122960
2004-11-26,279.647626,279.831800,278.726723,278.849518,532100
2004-11-29,278.910969,279.831872,275.350149,276.025482,1553360
2004-11-30,276.086811,276.393778,273.815242,274.736145,1485640
2004-12-01,276.455205,282.348991,275.841269,282.042023,1536740
2004-12-02,280.875614,283.638325,280.261679,280.937012,1357650
2004-12-03,279.463457,282.164770,279.217868,280.261566,1517470
2004-12-06,280.322996,284.129385,279.647663,283.454071,1418360
2004-12-07,284.559114,285.418620,282.410339,282.410339,1360360
2004-12-08,283.699655,284.436366,281.796451,284.190796,1361460
2004-12-09,282.594585,285.295917,281.305335,285.111725,1125700
2004-12-10,285.050272,285.418637,280.875518,281.857819,1363020
2004-12-13,283.883855,287.260502,282.533208,287.137726,1349810
2004-12-14,287.137712,288.672551,287.076315,287.751648,1444420
2004-12-15,288.856706,291.189653,288.242770,290.452942,1653650
2004-12-16,289.777623,290.145989,287.199086,288.856720,1582620
2004-12-17,286.585174,289.470679,285.602892,286.216827,1906010
2004-12-20,287.751610,289.409225,286.523739,286.646515,1021540
2004-12-21,287.628900,290.330214,286.830791,289.716278,1280220
2004-12-22,288.549814,296.899345,288.549814,296.592377,2072960
2004-12-23,291.619444,301.196844,290.821335,299.293640,1771110
2004-12-27,300.828530,301.196895,296.592377,296.592377,816480
2004-12-28,296.653778,299.293695,296.592381,296.837952,793470
2004-12-29,295.916962,297.083436,294.443520,294.750488,896420
2004-12-30,294.689087,296.223926,294.689087,294.873260,754580
2004-12-31,295.487222,296.715093,294.689113,295.794189,547410
2005-01-03,300.828494,300.828494,295.917009,296.346771,1474660
2005-01-04,296.408077,299.416377,292.847259,293.829559,1584770
2005-01-05,294.996105,299.477828,294.811931,297.513245,1893350
2005-01-06,299.600573,302.301886,299.232208,300.398682,1804990
2005-01-07,301.442305,301.503703,298.372628,298.679596,1280370
2005-01-10,297.820095,299.232140,294.811815,296.776398,1699870
2005-01-11,296.715017,297.635921,294.811832,296.039703,1295270
2005-01-12,295.303039,295.855577,292.908694,295.118866,1612300
2005-01-13,294.689111,296.408123,291.312464,292.233368,1543380
2005-01-14,293.154197,293.768133,291.373788,291.680756,1141110
2005-01-18,291.005536,296.653753,290.084633,295.732849,1511480
2005-01-19,295.302996,297.390374,294.750458,294.934631,1276380
2005-01-20,291.619405,294.996051,291.312437,293.277039,1731840
2005-01-21,297.758717,297.758717,293.768136,294.259277,1937040
2005-01-24,296.408071,299.416370,295.671360,296.899231,1598150
2005-01-25,298.065608,299.293479,296.899135,297.820038,1269150
2005-01-26,297.881606,298.863888,295.487242,297.636017,1487690
2005-01-27,297.697435,299.416466,295.303089,298.127197,1236940
2005-01-28,297.758703,298.434035,295.978294,297.021973,1682050
2005-01-31,300.828408,302.670215,300.337267,301.135376,1914920
2005-02-01,302.670314,304.512121,301.565237,303.775391,1874180
2005-02-02,304.082453,305.433120,302.363440,305.003357,1608430
2005-02-03,305.003215,305.684583,301.968053,304.445740,1509990
2005-02-04,304.445705,308.409999,304.383759,308.348053,1404570
2005-02-07,308.224168,309.648830,306.861433,308.038330,946390
2005-02-08,308.472056,309.029532,306.118261,306.489899,1098460
2005-02-09,306.489857,307.480935,303.888297,304.631592,1060350
2005-02-10,306.613700,306.613700,303.206881,303.392700,1373160
2005-02-11,303.516667,307.171252,302.587535,305.994354,999570
2005-02-14,306.056203,306.365914,304.135992,305.065125,960370
2005-02-15,305.870462,306.799595,304.941330,305.994354,950090
2005-02-16,304.259954,305.684616,303.826351,304.631592,822810
2005-02-17,304.693481,305.127084,301.782211,302.277740,1412470
2005-02-18,300.729227,302.091962,299.552330,300.853119,1649340
2005-02-22,299.180640,301.348616,296.702954,297.012665,1741190
2005-02-23,299.366376,300.419400,297.136474,299.676086,1658700
2005-02-24,299.985782,300.791041,298.375302,299.180542,1278590
2005-02-25,297.632161,299.862083,297.074685,299.056824,1583600
2005-02-28,298.870878,298.932824,294.844638,295.587952,2069780
2005-03-01,296.888782,298.437336,295.340228,296.579071,1242590
2005-03-02,295.154499,299.862109,294.968680,298.127716,1137510
2005-03-03,299.676149,299.738095,295.711855,297.136536,1172930
2005-03-04,298.437526,301.534637,297.446466,299.800262,1255040
2005-03-07,300.667318,301.348686,299.428475,300.233734,789950
2005-03-08,300.233734,301.534505,298.623234,300.233734,1192540
2005-03-09,298.251517,299.428414,295.464120,296.579071,1305980
2005-03-10,296.640904,299.304428,296.517031,298.251404,1196920
2005-03-11,298.251528,298.870950,294.039468,296.021606,1198730
2005-03-14,296.021595,298.870939,295.773830,298.685120,994270
2005-03-15,299.799994,300.109705,295.959574,296.083466,1065750
2005-03-16,294.225315,295.402213,292.986472,293.420074,1142100
2005-03-17,293.667832,294.225307,291.128199,292.614807,958600
2005-03-18,291.871420,292.738607,285.243603,290.198975,3735780
2005-03-21,287.845224,287.845224,282.146538,283.447327,2447300
2005-03-22,284.314494,284.995861,274.961224,275.270935,4488250
2005-03-23,274.403784,277.810603,272.855230,275.332916,3678710
2005-03-24,276.571751,279.359148,275.766510,275.766510,1817030
2005-03-28,277.810532,279.792688,277.315002,277.315002,1225670
2005-03-29,276.633681,278.182235,274.155995,274.713470,1714690
2005-03-30,275.332912,278.739731,274.961256,278.244202,1335160
2005-03-31,278.739607,279.978450,277.438818,278.367950,1426130
2005-04-01,281.836828,283.075671,275.023190,276.385925,1722130
2005-04-04,276.447899,277.253159,271.306707,276.200134,1935820
2005-04-05,277.624656,279.049318,275.828319,278.367950,1263880
2005-04-06,279.978534,280.783774,276.076186,279.668823,1159850
2005-04-07,280.598094,283.385492,279.978672,281.589172,1283620
2005-04-08,283.137710,283.571294,280.907788,281.217499,964340
2005-04-11,282.889967,284.314630,281.836943,282.518311,1131870
2005-04-12,282.518176,288.712392,280.845730,287.721313,1501380
2005-04-13,288.031241,288.588717,283.013919,283.757233,1383860
2005-04-14,284.314608,284.748211,279.854763,281.217499,1577040
2005-04-15,285.243702,287.225859,282.766015,283.385437,2694460
2005-04-18,284.934074,287.473707,284.810182,286.234863,1854920
2005-04-19,288.340680,289.951180,287.101837,287.101837,1482910
2005-04-20,286.172799,288.774378,284.252589,285.739197,1910910
2005-04-21,287.101883,287.721305,282.827879,286.606354,1755630
2005-04-22,285.863144,289.269963,283.447403,286.916168,1253660
2005-04-25,287.721297,291.128116,287.411587,289.765381,1221530
2005-04-26,289.889335,291.995365,288.588546,288.774384,1263250
2005-04-27,288.031078,292.057318,287.473602,291.437897,1217560
2005-04-28,290.812605,292.250716,288.436572,288.811737,1583070
2005-04-29,289.124338,293.751324,286.060524,293.626282,1710480
2005-05-02,293.626382,295.252086,288.561699,290.937714,1518330
2005-05-03,291.875555,293.063581,289.624602,292.625885,1445900
2005-05-04,292.625787,295.064331,291.062615,293.688751,1371310
2005-05-05,293.876368,295.064375,290.437389,293.126038,987170
2005-05-06,293.188704,293.563870,290.875220,291.312897,1130950
2005-05-09,291.187731,293.626276,291.125201,292.938477,851870
2005-05-10,290.750178,291.375447,288.749309,289.999847,1230780
2005-05-11,290.437499,293.188679,289.312022,292.000671,1041960
2005-05-12,293.251131,293.876400,288.936779,290.187317,992430
2005-05-13,292.000626,292.000626,286.123101,287.061005,1345470
2005-05-16,287.498672,293.188623,287.498672,292.625885,1269910
2005-05-17,291.187808,295.377100,291.125278,294.876892,1350890
2005-05-18,296.252446,301.004494,295.752238,298.503418,1525350
2005-05-19,299.628950,300.129157,297.503020,299.128723,896290
2005-05-20,299.191144,299.253675,296.127330,298.878510,1096930
2005-05-23,297.315417,299.941555,297.315417,297.628052,1093490
2005-05-24,296.377398,298.815942,296.377398,298.315735,917060
2005-05-25,297.252832,297.940632,295.502087,296.690094,985120
2005-05-26,296.690229,298.503506,295.564752,296.252533,1233420
2005-05-27,295.752259,296.627632,294.189086,295.627197,1139760
2005-05-31,295.689655,296.377454,294.001440,294.564178,1007370
2005-06-01,294.626713,300.754341,294.564182,298.378326,1472430
2005-06-02,297.940570,298.753412,296.690032,298.315735,802100
2005-06-03,298.315925,299.191298,296.690221,297.378021,964160
2005-06-06,297.377862,298.253235,295.814690,298.190704,601590
2005-06-07,298.503534,300.754507,297.815734,298.003326,1146510
2005-06-08,298.878614,300.004090,298.253344,298.565979,797620
2005-06-09,298.691053,299.503896,296.377550,298.128296,717610
2005-06-10,298.878486,300.003962,296.189837,297.878052,857030
2005-06-13,297.002783,299.128694,296.502575,297.628052,835020
2005-06-14,297.127894,298.065798,296.252502,296.440094,795980
2005-06-15,297.628102,297.940736,294.626818,296.377563,1153990
2005-06-16,297.502911,298.003138,294.314055,297.252808,1024960
2005-06-17,298.253205,298.253205,296.002233,296.752563,2035640
2005-06-20,295.439581,297.002753,294.814312,296.189911,1124660
2005-06-21,295.314501,296.377466,295.126928,295.877258,962600
2005-06-22,296.690125,297.252863,294.814318,296.627594,1039120
2005-06-23,295.502071,296.377443,292.563299,293.126038,1235570
2005-06-24,293.313678,295.189485,292.750940,293.563782,1208010
2005-06-27,292.375824,294.689308,291.688024,292.438354,1167620
2005-06-28,293.938904,294.939338,293.376165,294.001434,867980
2005-06-29,294.814265,294.939327,291.875494,292.500763,1071150
2005-06-30,292.625838,293.626272,288.874225,289.061798,1650360
2005-07-01,290.750148,291.625521,288.061499,288.624237,864630
2005-07-05,288.249058,291.250342,287.686320,290.500031,928810
2005-07-06,291.687953,292.688387,289.186877,289.499512,1462170
2005-07-07,287.623778,289.437054,286.310709,289.312012,1581470
2005-07-08,289.311920,292.125630,288.686651,290.812561,1238750
2005-07-11,290.812692,291.500492,287.936450,288.311615,1454440
2005-07-12,288.874256,289.061829,286.935919,287.623718,1433620
2005-07-13,288.248958,288.749165,285.060083,285.997986,1842950
2005-07-14,286.810904,291.375361,285.998043,290.750092,1755850
2005-07-15,289.499547,290.437451,287.873844,290.249878,1358390
2005-07-18,285.747853,286.373122,280.745703,281.370972,3424230
2005-07-19,281.996174,282.246278,276.743921,277.619293,3819170
2005-07-20,279.182607,279.245137,275.931200,276.431427,2751580
2005-07-21,276.994147,277.744478,275.743609,276.056244,1982860
2005-07-22,276.994146,277.932049,276.306346,277.744476,2187790
2005-07-25,278.557282,279.807820,277.744440,278.432220,1517400
2005-07-26,278.557300,280.057941,278.307196,278.869934,1373300
2005-07-27,278.244623,279.495161,276.118713,277.556824,1840920
2005-07-28,279.451484,279.451484,276.672761,276.988525,2403110
2005-07-29,276.546364,277.241050,274.714935,274.714935,1901000
2005-08-01,275.346499,277.304241,274.967578,275.978027,1752410
2005-08-02,277.556855,278.504148,276.546405,278.314697,1641310
2005-08-03,277.556856,278.251542,276.293799,278.188385,1616920
2005-08-04,277.367493,277.683257,275.978121,277.367493,1619360
2005-08-05,276.293853,277.430597,274.715031,275.536011,1464510
2005-08-08,275.030665,276.167408,273.388687,273.451843,1441260
2005-08-09,273.515158,276.230725,273.515158,275.346588,1303060
2005-08-10,275.346429,278.188307,272.883471,273.451843,1784210
2005-08-11,273.451893,275.409635,271.683620,274.778107,1598650
2005-08-12,273.767734,276.420163,273.325657,275.472870,1125150
2005-08-15,275.662281,278.819924,274.841301,276.546417,1483350
2005-08-16,276.546485,280.588266,276.546485,278.756836,1777760
2005-08-17,278.504211,280.461955,277.367467,278.504211,1072160
2005-08-18,278.567354,280.588235,277.241140,279.198883,1330620
2005-08-19,280.272531,280.398844,278.377944,278.883179,981250
2005-08-22,279.641019,280.398861,277.430667,279.135803,955110
2005-08-23,279.198870,279.198870,273.957170,275.093933,1807200
2005-08-24,271.241671,275.662373,271.241671,271.873199,2080560
2005-08-25,272.631044,274.715082,271.936359,273.262573,1436200
2005-08-26,275.599248,275.662405,272.062682,272.188995,1710970
2005-08-29,271.557369,276.041227,270.988997,274.967621,1598930
2005-08-30,274.083477,274.209791,271.809970,273.199341,1645590
2005-08-31,273.199305,276.483242,271.683640,276.420105,1544270
2005-09-01,275.346605,278.125328,273.957233,276.041290,1643560
2005-09-02,277.430572,278.693629,276.799043,277.114807,1082310
2005-09-06,277.872596,280.588161,277.872596,279.767181,1613060
2005-09-07,279.767260,280.777710,278.377889,280.777710,1209780
2005-09-08,278.504204,281.472397,278.504204,280.651398,1256090
2005-09-09,280.398852,283.556497,280.146245,281.725067,1307670
2005-09-12,285.514034,285.766641,283.872056,284.250977,1715430
2005-09-13,283.051094,285.577208,282.609017,284.819366,1714100
2005-09-14,284.819427,285.640406,283.745820,284.061584,1255300
2005-09-15,284.187990,284.945833,283.556462,284.377441,1064670
2005-09-16,284.945718,287.029755,284.503640,287.029755,2423410
2005-09-19,285.956252,286.840408,285.324723,286.461487,1209560
2005-09-20,286.145612,289.682176,284.440477,285.135162,1773440
2005-09-21,284.187953,286.271990,283.051208,283.051208,1382440
2005-09-22,283.114477,287.219416,281.661968,285.324829,1224380
2005-09-23,285.135241,287.345592,284.503712,285.703613,1070500
2005-09-26,286.714122,287.282494,284.377457,284.756378,1128120
2005-09-27,285.766828,287.345651,283.682791,284.756378,1075120
2005-09-28,286.082672,286.966809,283.682869,285.324829,1254250
2005-09-29,284.819455,289.176999,284.503690,288.229706,1399840
2005-09-30,289.303231,289.303231,286.208745,287.471802,1206010
2005-10-03,288.861261,289.366496,286.524616,287.408752,1185770
2005-10-04,287.850748,290.755784,285.577260,286.335083,1587600
2005-10-05,286.650920,289.240192,285.577333,285.893097,1491020
2005-10-06,286.398349,288.545543,284.693213,286.903564,1293630
2005-10-07,288.924446,288.924446,285.766802,286.777252,1096390
2005-10-10,286.461471,288.166588,285.261571,285.640472,1074370
2005-10-11,285.135185,286.840321,282.103856,282.924835,1670390
2005-10-12,280.714511,284.629997,280.651354,281.661804,1642360
2005-10-13,279.767310,282.924954,279.704153,282.419739,1396330
2005-10-14,284.187883,284.503647,281.661769,284.440491,1313960
2005-10-17,286.398350,287.850859,281.282962,282.988098,1463610
2005-10-18,282.293375,283.745884,280.777710,280.777710,1226780
2005-10-19,281.219688,283.745802,277.872594,283.493195,2541010
2005-10-20,282.609262,284.630163,278.504323,280.019989,1658620
2005-10-21,280.019865,281.472393,278.946277,279.830414,1759570
2005-10-24,281.472362,285.072065,280.840834,284.503693,1406920
2005-10-25,285.261505,285.577269,282.419626,285.261505,1253310
2005-10-26,284.503705,290.187463,284.440548,288.292877,1753740
2005-10-27,287.661389,290.187504,286.650939,286.777252,1316450
2005-10-28,287.661384,290.376950,286.840404,289.871735,1509170
2005-10-31,290.503171,292.081992,289.113800,289.113800,2357360
2005-11-01,290.187613,290.250770,286.208987,286.714203,1992670
2005-11-02,286.714175,288.229841,286.272097,287.661469,2091680
2005-11-03,290.020675,290.403292,288.298928,289.829376,1607390
2005-11-04,291.296093,292.571470,289.127956,290.785950,1334290
2005-11-07,292.061366,296.270115,291.742522,296.078796,2281860
2005-11-08,294.930932,297.800530,294.548315,297.162842,1652840
2005-11-09,297.481748,299.394814,296.525215,298.565826,1311630
2005-11-10,298.565704,304.751269,298.374386,304.368652,2351960
2005-11-11,304.623930,306.536997,303.476079,306.090607,1325430
2005-11-14,305.835451,308.131134,304.177457,307.620972,1339400
2005-11-15,306.409499,307.302259,302.902210,303.922516,1495640
2005-11-16,305.261560,305.452859,300.733966,304.113708,1513050
2005-11-17,302.519564,306.026852,301.818102,305.708008,1504930
2005-11-18,306.090581,309.087726,306.090581,308.705109,1589980
2005-11-21,308.067366,309.789113,307.047060,309.342743,1501610
2005-11-22,309.278945,312.594933,306.281801,311.957245,1482740
2005-11-23,311.128302,315.592123,310.873230,314.635590,1294610
2005-11-25,314.508100,317.313927,314.508100,315.783478,830370
2005-11-28,315.592098,316.293559,313.296415,314.380493,1522890
2005-11-29,314.316729,314.954417,310.554369,313.041351,1543070
2005-11-30,313.615301,314.061691,309.470324,309.597870,1758220
2005-12-01,312.212387,313.997907,310.363093,311.510925,1849850
2005-12-02,310.936990,312.021049,309.852912,311.000763,1254390
2005-12-05,309.725405,312.850075,309.087716,311.510925,1410530
2005-12-06,312.148700,314.763228,311.192167,311.766083,1430000
2005-12-07,310.936999,311.829760,308.003628,310.554382,1372440
2005-12-08,310.235555,312.403693,307.684800,309.279022,1086600
2005-12-09,309.279027,314.061692,308.194948,311.893555,1220030
2005-12-12,312.467430,313.105119,308.832597,310.426819,1022760
2005-12-13,309.534117,316.931310,309.534117,315.273315,2066900
2005-12-14,315.655854,316.867459,312.722483,316.548615,1767620
2005-12-15,316.421060,316.867431,312.850000,313.105072,1459710
2005-12-16,314.890688,315.719695,314.061701,314.826935,2795250
2005-12-19,314.061626,316.803679,312.531178,313.551483,1180830
2005-12-20,312.849955,315.783326,312.849955,313.806488,874230
2005-12-21,315.400783,317.122530,313.232646,314.189178,1475210
2005-12-22,314.061725,314.954485,313.105192,313.679108,1029650
2005-12-23,313.997955,314.380572,312.148662,313.997955,625380
2005-12-27,315.145776,315.273302,310.108020,310.235565,1012480
2005-12-28,311.000774,311.829761,308.832616,309.087708,922010
2005-12-29,309.789185,312.339940,308.450054,309.789185,922280
2005-12-30,308.322383,310.618066,307.493396,309.470215,1058900
2006-01-03,312.467509,314.890719,306.792083,314.316803,1537600
2006-01-04,311.574681,313.105130,308.322465,308.513763,1870960
2006-01-05,308.896338,311.064476,308.641267,310.044189,1143160
2006-01-06,311.702164,311.829710,307.365890,310.044189,1370210
2006-01-09,309.916787,310.809548,308.003721,308.577637,1680740
2006-01-10,308.003609,309.597830,306.600686,309.534058,1365890
2006-01-11,316.166037,316.166037,309.789150,312.339905,1684340
2006-01-12,313.105173,313.105173,311.702250,312.658783,1230010
2006-01-13,313.105076,313.678992,310.745621,311.957245,940880
2006-01-17,309.342713,310.554317,307.812264,308.832550,1237740
2006-01-18,308.832601,310.363069,306.792009,308.386230,1215070
2006-01-19,309.661686,309.789212,304.177559,305.708008,1696500
2006-01-20,301.052768,302.264372,290.977277,291.359894,4777680
2006-01-23,293.336670,295.759878,291.423605,293.336670,2024410
2006-01-24,295.186156,295.632546,293.273089,293.400635,2083740
2006-01-25,294.229368,295.696063,293.400381,294.803284,1591940
2006-01-26,296.843943,303.220827,296.206254,299.777313,1988560
2006-01-27,299.777465,302.073148,297.162937,298.884705,1412760
2006-01-30,298.884671,299.649885,297.545521,298.565826,1057630
2006-01-31,298.629622,300.032545,296.844102,297.035400,1887080
2006-02-01,297.099157,297.928164,294.038259,295.441162,1845250
2006-02-02,295.827915,297.116926,290.671873,291.187469,2325420
2006-02-03,290.478517,293.958841,288.802799,290.414062,1663510
2006-02-06,291.703098,292.089805,290.607431,291.123047,1147420
2006-02-07,290.607346,292.476407,290.027296,290.349548,1207470
2006-02-08,292.154171,293.443181,290.478473,292.347534,1051350
2006-02-09,293.249836,297.116866,292.798674,295.118896,1357740
2006-02-10,294.538852,296.923529,291.638579,296.214569,1272030
2006-02-13,296.859043,297.954690,292.669760,294.409912,1158300
2006-02-14,295.054486,298.083668,294.603344,297.245819,1518040
2006-02-15,296.730275,299.501660,294.925668,298.083740,1700050
2006-02-16,298.405863,299.308167,296.730146,299.308167,1325990
2006-02-17,299.694882,300.146044,297.310205,298.019165,1313850
2006-02-21,297.761337,298.857003,296.278983,297.567993,1395640
2006-02-22,298.921487,302.788518,298.019183,302.144012,1515530
2006-02-23,302.143984,303.690812,300.339377,301.628387,1257540
2006-02-24,301.177361,303.497584,301.177361,301.950775,1254600
2006-02-27,302.917492,303.755341,301.048431,301.499573,1011450
2006-02-28,300.210562,302.530785,298.470410,298.857117,1656790
2006-03-01,298.985941,300.661659,297.825840,299.888245,1006530
2006-03-02,298.212413,299.050262,295.698828,296.794495,1280670
2006-03-03,296.472292,298.663605,295.183282,295.956696,1398560
2006-03-06,295.956813,299.566026,295.376742,297.052460,1214820
2006-03-07,295.505606,299.308183,295.183354,299.050385,1560380
2006-03-08,298.728121,301.692849,298.470323,300.854980,1138820
2006-03-09,300.854988,302.788503,299.437088,299.630432,1335380
2006-03-10,300.339340,304.141915,300.210431,302.852905,1356280
2006-03-13,302.853080,304.142091,300.532857,301.886322,1044280
2006-03-14,302.530676,304.657554,302.208423,304.077484,1310920
2006-03-15,303.755267,304.206428,302.144004,302.981873,1151760
2006-03-16,304.013040,307.106656,303.755222,304.979797,1753160
2006-03-17,306.268957,306.268957,304.528785,305.559998,2092900
2006-03-20,305.817736,307.493454,304.850978,305.495483,1051010
2006-03-21,304.850893,306.010994,303.626337,304.335297,1606880
2006-03-22,302.272898,308.073444,302.272898,307.235596,1377320
2006-03-23,306.655551,309.233572,305.946611,307.880127,1379500
2006-03-24,307.751263,309.362526,306.462252,308.137970,868420
2006-03-27,306.977751,308.202327,306.075448,307.042206,1227550
2006-03-28,306.268828,309.426899,305.753212,306.784424,1753870
2006-03-29,306.848955,308.782471,305.495490,306.977844,1423120
2006-03-30,306.268935,307.300128,304.657672,304.722107,1443260
2006-03-31,305.173256,306.526721,304.270952,304.399841,1293990
2006-04-03,305.559998,308.460272,304.851038,305.559998,1145520
2006-04-04,305.688760,311.811559,305.559871,310.715912,1611820
2006-04-05,311.296037,312.391703,310.200370,311.038239,1276340
2006-04-06,309.749156,310.458115,307.171135,308.395691,1183440
2006-04-07,309.620316,311.553831,305.882193,307.171204,1255520
2006-04-10,308.718003,310.973771,307.428992,308.911346,1273400
2006-04-11,307.428887,309.942452,305.302028,305.946533,1020660
2006-04-12,306.139919,308.266778,306.011010,306.784424,787020
2006-04-13,305.559894,310.522572,305.559894,309.684723,1197840
2006-04-17,312.004993,312.971751,310.651528,311.618286,1656020
2006-04-18,312.198287,313.229499,308.717963,312.456085,1803670
2006-04-19,312.456173,313.938547,309.684808,310.844910,1445480
2006-04-20,311.295990,314.002920,311.038192,311.295990,1866460
2006-04-21,312.520558,312.520558,308.009022,309.426941,1579130
2006-04-24,309.233487,310.071356,308.073386,309.362396,1347680
2006-04-25,309.362465,309.491374,305.624343,305.882141,1849030
2006-04-26,305.882069,308.266725,305.882069,307.751129,1219180
2006-04-27,307.360472,315.435193,307.034879,313.546753,2464800
2006-04-28,315.174722,325.268127,315.174722,325.268127,4037230
2006-05-01,325.593740,325.984456,320.709834,322.077332,2076680
2006-05-02,323.314455,324.747075,320.774829,322.988861,1493670
2006-05-03,324.161074,325.202978,321.816815,324.616913,1180060
2006-05-04,324.616863,324.812211,320.774862,321.556274,1721280
2006-05-05,324.161091,328.003113,323.575026,328.003113,1894860
2006-05-08,328.263619,330.282305,325.984463,326.635651,1384770
2006-05-09,327.221737,329.240423,325.593768,327.872925,1253480
2006-05-10,326.244958,329.305547,325.593770,327.547333,1590980
2006-05-11,329.045050,329.045050,320.319141,322.207581,1480300
2006-05-12,322.012251,324.291408,318.756314,319.016785,1861800
2006-05-15,318.951588,323.770391,318.756240,322.402893,1329120
2006-05-16,323.249485,323.640201,319.472605,322.598297,938750
2006-05-17,320.449378,320.709849,315.956188,317.974854,2216110
2006-05-18,317.909754,320.644730,317.128321,317.323669,1645100
2006-05-19,318.691047,319.602705,317.063078,317.779388,2179010
2006-05-22,316.151508,319.993510,315.956160,318.039948,1804030
2006-05-23,318.951645,320.579614,315.956198,316.021301,1597440
2006-05-24,316.021242,318.300398,315.370055,316.867798,2015200
2006-05-25,318.821379,319.863283,317.453881,319.537689,1279430
2006-05-26,320.970303,324.096015,320.188890,322.793640,1347710
2006-05-30,322.988976,322.988976,318.430664,319.212097,1208930
2006-05-31,320.709807,322.598246,317.584115,321.035400,1666450
2006-06-01,321.556381,325.137912,320.840091,324.486725,1446490
2006-06-02,325.789091,327.091466,323.444832,326.505402,1427680
2006-06-05,325.658859,328.263609,322.663393,323.119232,1362090
2006-06-06,323.444850,324.942573,320.319137,324.030914,1586960
2006-06-07,324.291346,328.263594,323.705282,325.268127,1665630
2006-06-08,324.942534,326.896096,320.188873,325.268127,2274910
2006-06-09,325.268138,326.244919,323.640169,324.096008,1303290
2006-06-12,324.942612,325.268206,321.165732,321.230835,1354460
2006-06-13,320.709753,321.621411,313.090853,313.937408,2537680
2006-06-14,314.263106,316.477139,309.118728,311.267639,2341840
2006-06-15,312.569920,318.691077,312.309449,316.997986,2025830
2006-06-16,317.128217,318.104998,313.676933,314.914185,1889680
2006-06-19,315.500424,317.584232,310.421168,311.397949,1287240
2006-06-20,311.397819,315.891008,310.941980,312.635071,1345810
2006-06-21,313.221035,317.453751,312.895441,314.979248,1596060
2006-06-22,319.081912,319.081912,312.895630,313.677063,1046700
2006-06-23,311.918765,313.742082,310.290797,310.876862,1164290
2006-06-26,310.876906,315.044502,309.965247,314.523560,981130
2006-06-27,314.523395,316.216486,311.006989,311.006989,1242380
2006-06-28,311.332852,312.700350,309.509514,311.593323,979520
2006-06-29,313.546732,320.970264,311.918763,318.170166,2034810
2006-06-30,318.756218,318.756218,314.132784,314.197906,1989760
2006-07-03,316.477225,319.407569,315.826037,318.886627,632860
2006-07-05,318.756226,320.709788,316.932909,319.146942,1235750
2006-07-06,319.537683,322.598252,319.537683,320.840057,942690
2006-07-07,320.840086,322.923874,319.146994,319.602814,807950
2006-07-10,321.230867,323.249553,319.733144,321.295990,838870
2006-07-11,321.295770,323.509803,318.170080,322.988861,816870
2006-07-12,322.468063,323.835541,317.193440,317.974854,1374150
2006-07-13,317.779485,317.779485,311.462959,311.723450,1632990
2006-07-14,311.593236,312.635140,308.728015,309.835022,1539690
2006-07-17,305.471969,305.732440,301.695070,302.150909,3265410
2006-07-18,302.281211,305.406903,300.978836,303.127747,1655100
2006-07-19,305.081346,309.379188,304.951101,307.686096,2614340
2006-07-20,307.686011,308.988386,306.383637,306.774353,1596560
2006-07-21,308.532670,309.053632,303.713885,305.602325,2451420
2006-07-24,306.709310,310.160596,306.058122,309.053589,1549850
2006-07-25,310.616556,311.918931,307.490863,308.988586,1474990
2006-07-26,308.988427,311.853648,306.969742,309.509369,1390680
2006-07-27,312.114132,312.114132,307.881414,308.076782,1072170
2006-07-28,309.965212,317.974809,309.965212,314.718872,2333850
2006-07-31,314.719001,316.151622,313.742220,314.588776,1776930
2006-08-01,314.588647,316.281738,313.286272,315.891022,1388420
2006-08-02,317.128208,317.974743,314.393213,317.258453,1332120
2006-08-03,317.324442,319.692539,317.061325,318.837402,1195330
2006-08-04,321.271103,322.520926,316.206030,319.034576,1485460
2006-08-07,317.982041,319.429216,316.469102,317.258453,918740
2006-08-08,318.903044,320.350219,316.798085,317.784790,1280420
2006-08-09,320.284370,321.468428,313.706338,314.627258,1084320
2006-08-10,314.627308,316.074483,311.469860,315.548248,1203180
2006-08-11,315.219425,315.219425,310.614801,313.377563,782310
2006-08-14,315.416626,317.324251,312.259179,313.903687,1100160
2006-08-15,317.126929,320.152828,317.061145,318.442535,1256050
2006-08-16,319.626589,320.415961,318.574100,319.231903,1129060
2006-08-17,319.034708,319.626727,318.245335,319.495178,1032270
2006-08-18,319.824043,319.889807,318.508436,319.692474,1180050
2006-08-21,319.363344,319.889579,318.245071,318.968658,820000
2006-08-22,320.087024,320.481710,318.442516,318.508301,1323140
2006-08-23,318.968833,319.692421,317.258540,319.560852,1039910
2006-08-24,320.218522,320.810560,319.034484,320.481659,1335960
2006-08-25,320.547494,321.007964,319.034554,319.955475,797180
2006-08-28,319.100432,324.625977,319.100432,323.113037,1287800
2006-08-29,323.639250,324.625955,320.810703,324.033936,1499430
2006-08-30,324.033848,326.928178,323.902280,325.744141,1364190
2006-08-31,325.744220,326.994042,324.033927,324.625946,1011950
2006-09-01,326.928127,326.993912,323.704896,324.757385,744150
2006-09-05,324.362869,326.796729,323.113046,325.086456,775640
2006-09-06,323.704935,324.099621,321.731526,323.178680,1041370
2006-09-07,326.599393,326.599393,318.508420,319.363556,1420360
2006-09-08,319.100268,320.942109,318.902916,320.481659,919950
2006-09-11,320.284495,323.376179,319.758260,321.797455,1044540
2006-09-12,322.323536,323.639142,320.744812,322.257751,1098170
2006-09-13,322.323618,325.612634,321.468481,324.297028,1390750
2006-09-14,324.362831,325.086419,322.652538,324.231262,1329330
2006-09-15,325.481112,326.138916,323.507702,323.573486,1784870
2006-09-18,323.968093,327.059777,323.047173,326.204620,1246150
2006-09-19,326.204696,326.994068,324.297070,326.928284,918360
2006-09-20,327.783487,329.888466,326.467880,328.243958,1631750
2006-09-21,328.178001,329.625176,325.612572,327.257080,1401900
2006-09-22,326.599468,326.599468,324.099822,325.612762,1114150
2006-09-25,327.257144,330.019926,325.678420,329.427887,1625760
2006-09-26,329.427937,331.138230,327.914997,330.414642,1592360
2006-09-27,329.230550,331.203960,327.849159,328.704315,1588050
2006-09-28,328.835787,330.019845,327.257063,328.441101,1202520
2006-09-29,328.901608,329.362078,326.138827,326.730865,1690870
2006-10-02,326.796759,327.915033,324.165545,325.546936,1167880
2006-10-03,326.204666,331.467093,325.941549,329.493683,1508440
2006-10-04,329.230628,335.874447,328.901726,335.677094,2093430
2006-10-05,336.269005,336.663671,333.243106,335.413849,1486980
2006-10-06,335.413938,335.940193,332.848509,335.808624,1502320
2006-10-09,335.479655,336.597929,334.492950,336.005890,992900
2006-10-10,336.795299,337.650435,334.229870,334.295654,2359550
2006-10-11,331.203882,332.519488,329.756707,331.401215,1980600
2006-10-12,332.190733,332.782752,328.572815,330.085754,1920870
2006-10-13,331.466999,331.532783,327.059730,331.401215,1969870
2006-10-16,330.875072,331.072405,328.046525,329.888367,1305680
2006-10-17,328.638541,330.743500,326.467778,329.230560,1303900
2006-10-18,330.151367,333.571951,326.928136,330.151367,1865610
2006-10-19,327.257198,328.441236,325.678474,328.046570,1814460
2006-10-20,328.046606,328.835958,325.612725,328.309723,2669420
2006-10-23,327.586016,333.769363,327.520232,332.980011,2073440
2006-10-24,332.190619,333.177324,330.480327,331.993286,1548670
2006-10-25,331.532889,335.019239,331.532889,334.624573,1416910
2006-10-26,334.624679,335.150914,332.651269,334.361542,1927800
2006-10-27,333.177309,333.835112,330.874998,331.269684,1686820
2006-10-30,330.546176,331.795999,329.230570,329.691040,1284730
2006-10-31,329.691015,331.927542,329.625230,329.954132,1813900
2006-11-01,332.519582,333.572072,328.375429,329.493683,2084280
2006-11-02,330.822261,331.353694,328.630073,330.423676,1761520
2006-11-03,330.490041,332.084361,328.696419,329.427155,1057540
2006-11-06,329.493566,334.077243,328.430679,333.612244,1529100
2006-11-07,333.811653,337.133162,333.413067,335.339539,1362750
2006-11-08,334.808057,336.933830,333.944473,335.937378,1075080
2006-11-09,335.937469,336.269620,334.210280,336.203186,1024100
2006-11-10,337.133199,338.129652,334.808143,336.336029,1165050
2006-11-13,335.472389,338.461747,335.472389,336.734558,809470
2006-11-14,337.797450,337.797450,332.416602,337.133148,1807300
2006-11-15,335.804535,336.800988,333.479479,335.273102,1514390
2006-11-16,335.472361,337.133115,334.940928,336.535248,1295170
2006-11-17,336.402415,337.996735,335.339528,337.465302,3011080
2006-11-20,337.133082,338.063100,335.140177,337.000214,1342730
2006-11-21,337.731072,337.797506,335.140299,336.203186,1011050
2006-11-22,336.801002,338.461757,336.003832,337.266022,1168650
2006-11-24,335.472344,336.601665,334.210175,334.210175,1013510
2006-11-27,334.143838,335.738159,329.958745,331.420197,2175140
2006-11-28,329.825742,331.154345,328.364271,329.227875,1455710
2006-11-29,330.490181,331.951653,328.696557,331.220917,1326250
2006-11-30,330.357173,331.420059,328.497136,329.427155,1706140
2006-12-01,329.427234,329.692950,324.378536,328.032196,1774090
2006-12-04,329.825853,333.346645,327.965816,332.150909,2077410
2006-12-05,331.420139,335.937403,330.556555,335.538818,1577910
2006-12-06,335.472270,337.531609,334.675100,337.332306,1231670
2006-12-07,336.601684,337.265986,334.940930,336.867401,1984580
2006-12-08,335.339548,350.087056,334.475964,344.440491,5445830
2006-12-11,344.440535,351.282837,344.440535,351.282837,2675560
2006-12-12,346.699152,347.894888,343.776208,347.097717,2604950
2006-12-13,349.621910,349.754779,346.233988,347.562592,1408170
2006-12-14,348.094082,353.408496,347.429780,352.810608,2096150
2006-12-15,354.405037,359.254433,353.408585,359.188019,3213990
2006-12-18,361.247197,369.418099,360.383613,368.288818,4547520
2006-12-19,366.229558,366.893860,362.310202,366.893860,2640580
2006-12-20,366.163076,367.292397,363.904434,366.428772,1805360
2006-12-21,366.495237,368.288860,363.040860,363.771576,1615380
2006-12-22,365.033732,366.030185,361.778638,362.376526,964770
2006-12-26,363.240173,366.628136,362.177306,366.163116,880630
2006-12-27,366.163077,376.459753,366.163077,374.732544,2235020
2006-12-28,375.994742,378.651948,369.019574,371.211761,1530610
2006-12-29,371.012627,372.606968,369.019721,370.016174,1103800
2007-01-03,369.750354,373.869034,363.505942,367.026733,2282100
2007-01-04,367.026624,373.005338,363.505834,365.764435,1658680
2007-01-05,365.365898,365.698049,361.778653,363.838013,1317880
2007-01-08,362.708823,366.362483,360.715917,365.698181,1236940
2007-01-09,365.432425,366.362464,359.985183,362.509521,1963000
2007-01-10,360.516556,361.978028,358.390782,359.586517,1744860
2007-01-11,360.516444,361.313614,357.394219,359.852142,1447750
2007-01-12,358.855753,362.376544,358.722885,361.247223,1842960
2007-01-16,362.907974,364.103709,360.981524,363.838013,1255190
2007-01-17,365.365914,365.897347,360.582934,361.313690,1404510
2007-01-18,362.044406,363.439423,359.187917,361.313690,1761490
2007-01-19,358.722925,362.110848,355.401416,362.044434,2395580
2007-01-22,366.495299,368.886769,363.107335,363.240204,2808250
2007-01-23,363.040924,364.037377,360.715868,361.978058,1626530
2007-01-24,362.044415,364.303057,360.516530,364.236603,1506360
2007-01-25,363.372973,364.568708,357.659996,358.257843,1902680
2007-01-26,358.257918,363.173767,355.534297,363.173767,2110090
2007-01-29,361.712283,362.708736,358.390775,359.121490,2220680
2007-01-30,358.058586,360.848661,357.394284,360.516510,1692090
2007-01-31,358.922324,367.292552,358.855910,366.229645,1815610
2007-02-01,369.852346,370.053600,364.284108,367.168854,1875510
2007-02-02,367.168869,368.577727,364.418305,366.699249,1258560
2007-02-05,365.961324,370.254928,365.022085,367.303070,1658800
2007-02-06,367.302968,372.334516,367.101715,368.644714,1553620
2007-02-07,368.577643,370.254826,367.839659,368.644714,1199300
2007-02-08,367.101764,367.504272,363.277779,365.223328,1399410
2007-02-09,364.954853,365.558655,357.508180,358.246124,1922970
2007-02-12,358.850058,361.667693,356.904510,358.447510,1530850
2007-02-13,359.118456,361.265258,358.917202,360.326019,1305190
2007-02-14,361.332263,365.223360,360.527248,363.479065,1416250
2007-02-15,363.613196,365.759998,362.539816,363.680267,1370810
2007-02-16,362.808108,363.277728,360.795489,362.942291,1725490
2007-02-20,363.411899,366.632081,362.875209,363.546082,1610550
2007-02-21,362.338461,363.277700,359.520827,360.594208,1491600
2007-02-22,361.935908,362.875147,358.380290,359.520782,1909300
2007-02-23,360.057429,362.472555,356.568883,360.728302,1773710
2007-02-26,361.600552,363.546101,350.061529,353.415894,3559730
2007-02-27,349.659166,354.019842,335.772080,339.461884,3161560
2007-02-28,342.145131,342.279313,332.484566,337.918640,4673630
2007-03-01,333.759224,345.164061,332.752914,342.681824,3672380
2007-03-02,341.608585,343.554092,334.430235,335.235291,2617310
2007-03-05,332.753055,339.126349,329.935379,330.404999,2491590
2007-03-06,334.430181,341.071819,332.417562,339.327545,2686810
2007-03-07,339.461662,342.816026,336.576917,336.912354,2080560
2007-03-08,339.595858,343.755278,337.516148,338.790802,1783090
2007-03-09,341.541405,341.809750,335.436457,337.650330,1570120
2007-03-12,336.174441,339.797151,336.107350,337.851624,1098860
2007-03-13,335.503571,336.040261,327.050568,327.050568,2928670
2007-03-14,327.385938,330.874485,322.354392,329.264374,3044130
2007-03-15,329.398581,336.576929,329.130236,336.308563,2929270
2007-03-16,335.503620,337.985838,330.002452,332.283417,3081450
2007-03-19,334.161777,336.107304,333.423812,335.838959,1681370
2007-03-20,335.839047,341.742722,334.899829,339.730103,1644510
2007-03-21,338.723796,352.208348,338.388360,349.055237,2927020
2007-03-22,348.183178,350.195797,346.774360,347.780670,2074200
2007-03-23,347.512246,349.256499,345.030007,346.975555,1514320
2007-03-26,348.853944,348.921015,342.547742,345.767944,2086930
2007-03-27,343.554080,346.505938,342.145263,342.547791,1711160
2007-03-28,343.352800,346.505912,340.870583,341.876892,2323610
2007-03-29,344.157832,346.103380,342.346467,344.828705,1781610
2007-03-30,345.499620,348.451477,341.608564,344.426239,1991310
2007-04-02,344.224875,345.499549,338.187039,342.480621,1881330
2007-04-03,343.285833,346.573088,343.218742,344.895905,2045210
2007-04-04,345.432593,345.633846,343.084516,344.560425,1533010
2007-04-05,343.553950,347.243750,342.480569,345.969116,1033960
2007-04-09,347.512122,347.646305,344.560265,346.036194,1152640
2007-04-10,346.170461,352.275389,344.493279,351.537445,2153560
2007-04-11,351.604516,352.074135,344.426208,347.512207,2427960
2007-04-12,347.512230,347.579301,344.292048,346.505920,2271040
2007-04-13,347.512187,347.512187,344.493258,346.170441,1690130
2007-04-16,350.598131,359.520772,350.531060,355.092987,3277250
2007-04-17,355.562688,355.898124,351.269084,352.409576,2253690
2007-04-18,353.684180,357.575234,353.214560,355.495544,2618800
2007-04-19,353.617123,358.715782,353.214616,356.166473,2243980
2007-04-20,360.527234,360.594305,354.958955,358.380432,2658760
2007-04-23,357.776557,359.856288,354.891812,356.300629,1514820
2007-04-24,357.239944,357.575381,351.336269,354.288086,1895740
2007-04-25,355.495512,361.868804,354.086655,360.929565,2675340
2007-04-26,360.862621,361.265128,357.374073,359.319580,2474200
2007-04-27,358.581704,359.252577,356.569084,358.045013,1315900
2007-04-30,359.856198,367.034505,358.782777,359.722015,3049570
2007-05-01,360.929546,364.418093,360.527039,363.613037,2098920
2007-05-02,365.290306,365.290306,362.740997,364.283997,1934650
2007-05-03,365.571442,366.587859,362.860995,365.571442,1622800
2007-05-04,366.587856,369.704852,365.571438,366.520111,1770210
2007-05-07,365.707004,368.620726,364.012975,365.097137,1602980
2007-05-08,364.216306,365.910336,362.386746,364.013031,1539270
2007-05-09,363.403196,366.926786,362.047973,366.723511,2077140
2007-05-10,364.351836,366.249141,360.353910,360.489441,2086540
2007-05-11,360.557159,364.284023,358.456579,359.879547,7673280
2007-05-14,360.353821,361.166963,356.288151,358.185455,2398490
2007-05-15,359.337394,360.760403,357.372345,357.711151,2467700
2007-05-16,364.555035,372.957436,362.522201,372.076508,6452370
2007-05-17,371.941135,373.973971,365.571568,371.331268,2236920
2007-05-18,372.686493,376.413358,370.924719,372.686493,2102100
2007-05-21,373.906089,374.041619,370.924622,371.602234,2331700
2007-05-22,371.873231,374.922484,369.433846,373.228455,2128000
2007-05-23,373.499456,376.277647,371.669897,372.754059,1896970
2007-05-24,374.312688,376.209992,370.924629,372.212067,2243110
2007-05-25,372.415278,373.770501,369.162751,373.499481,1353860
2007-05-29,375.532351,375.532351,370.111459,372.076508,1592070
2007-05-30,371.127844,374.312626,369.637090,374.041565,1420020
2007-05-31,373.431781,374.041648,368.010887,369.230621,1954240
2007-06-01,370.450170,370.992251,367.807469,369.365967,1736430
2007-06-04,368.891848,368.891848,365.571534,366.926758,1571990
2007-06-05,366.587828,366.858889,363.674107,365.232605,1443580
2007-06-06,363.267543,365.232633,359.811741,361.370239,1939660
2007-06-07,360.828148,364.216206,355.542786,355.881592,2253720
2007-06-08,355.881602,361.641300,354.390848,361.370239,2264220
2007-06-11,360.489288,364.351682,357.846587,362.318848,1458110
2007-06-12,361.167142,364.148651,356.423859,356.423859,2056340
2007-06-13,357.846653,364.080688,357.440103,363.741882,2318400
2007-06-14,363.267572,367.401028,362.996552,363.674164,1718320
2007-06-15,366.045841,368.078677,364.013006,365.774780,2697020
2007-06-18,368.146515,369.230719,365.571599,365.639343,1204740
2007-06-19,365.639162,368.552925,365.571418,367.671997,1825670
2007-06-20,367.875453,368.824085,361.912437,362.115753,1818900
2007-06-21,362.047795,363.674079,357.168984,363.606293,1662830
2007-06-22,361.573448,363.199732,354.390783,355.136139,3361160
2007-06-25,356.830308,358.456592,349.241090,350.257507,2561080
2007-06-26,351.883690,353.780994,346.395052,346.598328,2896420
2007-06-27,345.310939,351.680485,342.058390,351.070618,3066380
2007-06-28,352.493627,354.865268,347.140478,351.070618,2368240
2007-06-29,353.035665,354.052083,343.955673,347.547028,2657870
2007-07-02,347.614805,350.664058,345.649735,349.918701,1806070
2007-07-03,351.816016,353.916595,349.512119,351.409424,1005180
2007-07-05,351.409387,352.358059,348.089114,348.970001,1353840
2007-07-06,350.799562,351.002837,348.360135,350.325226,1259670
2007-07-09,349.173247,351.409357,348.969971,349.647583,1789550
2007-07-10,347.411561,348.021387,344.023502,345.582001,3372870
2007-07-11,345.378702,349.105566,344.226754,348.360168,2518900
2007-07-12,349.308871,358.524375,348.360198,358.050079,3078750
2007-07-13,356.084867,358.320977,354.255308,355.881592,2035310
2007-07-16,356.898097,358.930932,352.900171,353.645569,1909230
2007-07-17,354.390905,358.659850,353.238957,355.475067,2332180
2007-07-18,351.883693,355.068476,343.481313,349.647583,3645300
2007-07-19,349.647582,353.238915,344.429964,346.462799,2898500
2007-07-20,348.563386,353.577686,339.822181,343.752319,4763010
2007-07-23,344.972076,347.682502,343.820128,344.633270,2389950
2007-07-24,341.109702,342.058354,331.758669,334.130310,4597590
2007-07-25,336.705287,339.144694,328.506180,333.452759,4441470
2007-07-26,328.573938,329.861396,315.089468,323.966187,7731630
2007-07-27,323.288461,326.540988,316.512345,318.274139,5591740
2007-07-30,320.645831,322.881941,316.444630,319.764923,4024890
2007-07-31,322.339836,327.015352,315.089384,315.563721,4678890
2007-08-01,314.411747,319.426068,309.194130,317.460999,6073780
2007-08-02,320.477264,324.110474,318.694927,323.836273,4127120
2007-08-03,323.287854,326.235551,313.210807,313.416473,4812400
2007-08-06,314.650458,332.473796,308.617952,331.445526,6282300
2007-08-07,328.566430,338.643481,325.070329,333.090820,5700090
2007-08-08,334.256170,341.933903,330.211647,339.260406,5397220
2007-08-09,327.743695,333.913310,321.505524,321.505524,6659720
2007-08-10,313.896390,325.618666,313.622189,322.191101,5158780
2007-08-13,327.263906,328.429287,318.352237,319.037750,3450030
2007-08-14,319.791793,321.025708,312.045505,313.005219,3882690
2007-08-15,312.456779,318.763506,309.851838,312.662445,4611530
2007-08-16,308.960741,331.308450,306.150133,325.961456,10234250
2007-08-17,342.070870,342.070870,324.864496,334.598785,8496920
2007-08-20,335.901391,337.135306,326.989721,331.719757,3861920
2007-08-21,330.074324,334.735802,327.675030,329.457367,3366340
2007-08-22,332.473825,334.324719,325.618695,331.993958,4091020
2007-08-23,334.530335,335.901360,328.703474,331.445526,2579860
2007-08-24,331.514041,333.296379,328.086477,332.473755,2356250
2007-08-27,331.308487,331.651243,326.989762,327.606720,2031540
2007-08-28,323.904821,323.973376,316.021423,316.295624,3899740
2007-08-29,318.078037,322.191115,314.307715,321.848358,2945400
2007-08-30,319.791883,320.408841,315.336048,316.912720,3006840
2007-08-31,322.739495,323.356474,318.146571,321.368469,2721150
2007-09-04,321.916955,326.030033,318.763590,323.630737,2628660
2007-09-05,319.997448,319.997448,314.444810,315.335968,3525000
2007-09-06,316.432783,318.009455,312.114039,313.005219,2703920
2007-09-07,309.988924,315.678672,308.960654,311.771240,4056690
2007-09-10,313.279498,314.170656,307.315525,310.537445,3173620
2007-09-11,312.182652,317.666756,311.565694,315.404572,3169350
2007-09-12,314.581955,316.707049,311.908458,313.690796,2887520
2007-09-13,315.267427,319.243415,314.719024,317.803833,2883470
2007-09-14,314.993171,320.065962,314.787525,319.723206,2864670
2007-09-17,318.763484,318.900595,312.936624,315.541565,2345880
2007-09-18,318.626400,332.610880,315.678703,331.582611,4932530
2007-09-19,333.639146,335.901331,327.195308,330.897095,4179450
2007-09-20,331.514089,332.268157,322.328219,323.562134,3358440
2007-09-21,326.167164,326.989788,321.711328,325.687317,3810970
2007-09-24,325.618634,325.961391,318.146548,319.380463,3798890
2007-09-25,317.598119,319.174811,315.061734,317.461029,3223150
2007-09-26,317.803913,322.328305,315.404617,319.106384,3472180
2007-09-27,321.094268,321.437025,318.215126,321.368469,2713730
2007-09-28,321.231334,323.424962,318.763483,319.928864,2098300
2007-10-01,314.581812,330.622807,314.376167,327.126709,5676440
2007-10-02,327.880851,329.046231,324.110529,328.086517,3301630
2007-10-03,327.332461,330.760026,326.646948,328.292175,3408980
2007-10-04,329.320465,332.131073,324.933186,326.509857,3565810
2007-10-05,328.017944,334.324672,327.743743,331.102753,3702930
2007-10-08,330.897059,330.965594,326.167004,327.675140,1854830
2007-10-09,328.703407,328.703407,320.820009,326.441223,4072870
2007-10-10,324.247612,324.796014,320.614402,323.150787,2914380
2007-10-11,324.316243,335.558653,323.082307,331.239929,6485410
2007-10-12,327.949363,334.735936,324.521798,328.155029,4383000
2007-10-15,322.670909,332.130978,313.210819,316.981140,7719530
2007-10-16,314.650458,316.981198,306.287191,307.041260,6428680
2007-10-17,309.371984,310.537364,300.597426,306.150085,11455420
2007-10-18,302.242665,304.504870,299.911925,300.460327,5730040
2007-10-19,299.569170,301.968466,289.903433,290.383301,6995610
2007-10-22,288.600926,296.415769,288.395280,292.097046,5893160
2007-10-23,294.085096,294.427853,288.806638,290.931732,4364810
2007-10-24,289.355015,293.468092,282.088574,286.681519,7104000
2007-10-25,286.201669,289.766345,277.221445,282.636993,6090200
2007-10-26,289.834866,293.262431,284.556429,292.234161,5475830
2007-10-29,293.673869,295.524763,291.343128,292.645599,3418350
2007-10-30,291.342991,293.536641,286.612956,288.669495,3893960
2007-10-31,289.629276,291.137413,283.802415,287.229980,7346310
2007-11-01,268.201688,284.035440,264.798802,267.437775,17147470
2007-11-02,268.965629,270.146225,253.618007,262.020996,13870850
2007-11-05,250.006719,256.881900,243.062088,249.312256,23018950
2007-11-06,250.284527,252.367916,239.728699,243.617676,15170590
2007-11-07,240.284233,245.562157,231.811775,232.020126,12075250
2007-11-08,234.728547,236.117473,215.630810,228.478378,19427110
2007-11-09,222.922693,239.381479,219.450377,229.867325,15395400
2007-11-12,233.270212,243.478831,231.256273,233.131332,11060630
2007-11-13,240.075905,250.006719,237.575834,249.312256,10571110
2007-11-14,259.798637,260.423650,249.590022,250.284485,11644730
2007-11-15,248.270457,248.617688,237.575733,240.145233,8268660
2007-11-16,241.673136,242.228698,232.297885,236.117432,7969580
2007-11-19,228.131100,230.353390,221.533702,222.228165,9815050
2007-11-20,221.533748,227.436685,213.894653,218.061432,12758130
2007-11-21,214.797573,219.103255,211.811388,213.408646,9203560
2007-11-23,217.366923,220.144775,215.352985,220.144775,3847530
2007-11-26,219.450380,220.630976,206.602810,213.200211,11085750
2007-11-27,213.964099,214.936343,205.561090,210.561234,19314170
2007-11-28,215.422429,228.269994,215.422429,224.242096,13887420
2007-11-29,224.311546,225.422692,220.839232,224.242096,7092070
2007-11-30,236.464684,238.200841,229.172821,231.256210,9452690
2007-12-03,231.256185,231.603416,227.158857,229.589478,5565540
2007-12-04,226.117165,229.658930,222.228168,226.047714,6470550
2007-12-05,227.922724,234.381221,227.228261,233.964539,6632750
2007-12-06,232.992390,239.034228,232.992390,238.548096,5486960
2007-12-07,239.450823,240.423088,232.992326,238.270248,5342370
2007-12-10,239.173057,244.659311,238.548045,241.464798,5731210
2007-12-11,242.298140,245.075992,230.075587,230.770050,8569740
2007-12-12,235.631305,236.811901,212.505694,218.547531,17796660
2007-12-13,215.977979,217.505806,210.213945,215.352966,9543220
2007-12-14,212.783528,222.575464,210.214027,213.200211,10543370
2007-12-17,209.588916,217.505810,209.102804,213.686264,8684030
2007-12-18,216.811382,217.922506,207.783362,210.977875,8157850
2007-12-19,211.950157,216.047486,208.755623,209.797318,7530330
2007-12-20,211.463994,211.463994,203.755450,207.574997,9249920
2007-12-21,210.491733,211.950109,208.269443,210.005600,8559110
2007-12-24,210.491823,216.255860,210.422373,215.144714,3172470
2007-12-26,213.894579,214.936273,210.144483,211.463959,4065330
2007-12-27,206.394363,208.755533,204.727635,205.283218,6152790
2007-12-28,206.811114,207.227796,201.602641,203.408249,5748350
2007-12-31,202.366592,206.186140,200.005421,204.449982,6542020
2008-01-02,206.463864,207.575009,200.352597,200.838730,6214650
2008-01-03,202.922210,204.102785,200.630468,200.908249,5965790
2008-01-04,198.685885,201.602617,194.727437,196.116364,7545430
2008-01-07,196.810949,199.727704,193.963644,196.255386,6891880
2008-01-08,197.644169,199.310876,187.574456,188.477249,9998940
2008-01-09,188.546773,191.671858,184.032762,190.907944,10781020
2008-01-10,187.366205,198.408189,186.949544,195.213654,10559540
2008-01-11,193.685772,203.269377,191.671833,198.338684,8894630
2008-01-14,201.047030,202.644286,197.088583,201.810944,9431530
2008-01-15,196.255269,196.949733,185.491092,187.088348,22078200
2008-01-16,187.505051,189.102308,179.865957,182.227127,19821450
2008-01-17,184.171594,191.463455,170.837896,173.337967,23219430
2008-01-18,170.351807,174.657476,166.115577,169.796234,19718770
2008-01-22,155.281961,176.254746,155.281961,169.449005,21079670
2008-01-23,166.532233,186.810551,164.448844,183.060455,18963490
2008-01-24,186.116197,190.838540,184.032807,189.796844,13578570
2008-01-25,194.449677,195.144140,181.115977,185.004974,11031670
2008-01-28,183.546585,192.157944,181.602097,192.019043,8367260
2008-01-29,193.755241,197.019227,190.977388,193.824692,8165430
2008-01-30,192.296842,202.297107,189.518989,193.616318,13495700
2008-01-31,189.682150,201.625100,185.818254,197.901718,13862060
2008-02-01,198.674466,208.861100,198.604231,208.580093,12037670
2008-02-04,206.121309,207.526362,203.100453,205.278290,8475970
2008-02-05,201.273792,201.625055,189.752365,190.033371,10920250
2008-02-06,191.860028,194.670134,187.855617,189.120178,7369580
2008-02-07,187.925848,191.368224,184.834736,187.574585,10720340
2008-02-08,186.942359,187.153108,180.619618,182.867691,8185880
2008-02-11,184.272681,184.342938,178.301217,181.322083,7130470
2008-02-12,183.710621,188.277042,182.094819,184.132141,8506580
2008-02-13,186.731561,188.206871,180.198072,185.045502,10378810
2008-02-14,183.991707,185.256268,180.549331,180.830338,6563010
2008-02-15,179.074000,182.375883,175.631624,179.003754,8737640
2008-02-19,181.462641,182.235424,176.755724,177.879761,6995500
2008-02-20,176.404398,181.954353,171.978479,179.073990,7415690
2008-02-21,180.057587,181.673411,175.631677,175.982941,7836590
2008-02-22,176.263895,176.825918,170.432934,176.474655,8675360
2008-02-25,173.172739,175.561324,169.660107,173.805008,12003200
2008-02-26,171.838034,178.933547,171.416514,175.280411,10763990
2008-02-27,173.524026,182.656869,173.313266,180.689804,8775790
2008-02-28,178.863274,179.846807,175.069624,175.701904,6221650
2008-02-29,173.243001,173.734767,165.023434,166.569000,10000490
2008-03-03,166.639267,166.639267,160.176026,162.213348,10214360
2008-03-04,156.171694,158.068515,149.146427,155.258408,18768120
2008-03-05,156.803881,158.911460,153.712770,155.609589,11233460
2008-03-06,154.204531,154.204531,148.092554,148.724823,8697280
2008-03-07,145.774269,152.378014,143.315426,146.898315,10073740
2008-03-10,147.319827,148.303370,138.327484,138.327484,11678560
2008-03-11,146.827985,151.464662,142.612827,150.972885,13736630
2008-03-12,151.956468,159.332996,148.303333,149.005859,12005760
2008-03-13,145.352736,149.638152,140.786313,148.022339,13799010
2008-03-14,150.832458,151.605241,137.273692,138.959763,16764220
2008-03-17,128.211094,135.798383,126.384521,130.810440,18154640
2008-03-18,139.381237,145.774231,135.025575,145.493225,15244380
2008-03-19,147.530552,152.096974,141.980598,143.385651,13711620
2008-03-20,145.563478,159.051984,144.860952,158.068451,18090680
2008-03-24,161.300095,171.135466,160.457054,163.477921,12883550
2008-03-25,162.213353,167.552558,162.213353,164.531693,9192670
2008-03-26,159.052023,160.176069,153.642570,154.907120,12323180
2008-03-27,155.469133,157.506455,151.113470,153.080536,10665300
2008-03-28,153.572314,154.345087,145.423002,146.336288,8504380
2008-03-31,146.125538,151.675494,143.455935,150.481201,8964140
2008-04-01,158.841262,167.763347,158.630502,167.482330,13529120
2008-04-02,168.957586,175.982850,167.201270,168.746826,15337310
2008-04-03,166.498744,173.805013,165.515211,171.135422,7650630
2008-04-04,171.697439,172.118959,165.234198,169.168350,7337010
2008-04-07,174.577865,176.966451,171.346238,172.821548,8925050
2008-04-08,170.784184,171.135447,165.163972,166.920288,7866930
2008-04-09,169.379170,170.713966,165.374760,165.655777,8466120
2008-04-10,165.163948,169.098089,162.283585,166.569000,7752820
2008-04-11,163.618376,170.854399,163.337370,164.110153,6947560
2008-04-14,162.494301,162.634804,155.820303,158.138641,7969290
2008-04-15,160.035583,161.651397,157.857746,160.176086,5511960
2008-04-16,164.391235,166.147551,160.878602,164.672241,7262330
2008-04-17,161.932318,171.135417,161.300048,168.817078,8057380
2008-04-18,180.760055,182.656885,175.842380,176.404404,14507760
2008-04-21,174.367021,176.334097,170.222121,175.842331,6733510
2008-04-22,175.912632,177.879708,173.032280,176.474655,6071040
2008-04-23,176.123431,178.090508,171.978528,173.032318,6873340
2008-04-24,173.524055,183.851204,173.453798,180.970840,8548840
2008-04-25,184.061994,187.223364,181.322144,186.872101,9738850
2008-04-28,187.574568,192.140990,186.310029,188.347351,7506480
2008-04-29,188.277071,190.946663,184.483433,184.904953,5772890
2008-04-30,179.214528,181.813863,177.387954,177.528458,14899760
2008-05-01,179.520822,186.422730,178.951590,184.928497,8451470
2008-05-02,190.834266,192.115024,186.707337,187.774643,7742090
2008-05-05,187.845754,188.130365,182.936154,183.220764,6301350
2008-05-06,181.441890,186.066879,178.239974,184.074585,7915920
2008-05-07,185.213094,185.640021,172.618901,174.184280,8845620
2008-05-08,176.247725,176.461189,170.768892,172.903503,7901530
2008-05-09,173.686159,175.393844,167.495780,168.136169,8607690
2008-05-12,168.776583,171.409268,166.215057,168.207352,6880480
2008-05-13,168.634238,169.915007,163.084248,163.866943,6703870
2008-05-14,165.147717,166.143864,163.155411,165.432327,6436040
2008-05-15,165.716918,168.918834,163.653466,168.847687,7078400
2008-05-16,169.416951,169.416951,164.222729,164.507339,6731610
2008-05-19,165.218812,167.424580,162.728434,163.582275,5895800
2008-05-20,162.230416,162.586185,156.609279,157.320816,8973970
2008-05-21,157.463161,158.530467,149.493948,149.849716,11344910
2008-05-22,151.201556,155.755387,150.347714,154.545776,9170050
2008-05-23,154.759265,155.043876,149.991970,150.276581,6554880
2008-05-27,151.130418,154.972723,150.845807,154.118881,6872740
2008-05-28,156.822744,157.178513,150.276606,153.691986,7037320
2008-05-29,153.193877,158.316940,153.122719,156.822708,7268620
2008-05-30,158.459228,159.526533,155.541934,155.755386,5354940
2008-06-02,154.403500,155.541964,149.422742,152.695816,6272640
2008-06-03,153.976634,154.830488,149.636264,152.411255,7202840
2008-06-04,151.913152,155.399679,148.284309,149.992004,9114510
2008-06-05,151.486233,154.118929,148.711243,150.988159,8783690
2008-06-06,149.707367,149.707367,142.307387,142.734314,11425070
2008-06-09,143.374696,144.442001,138.038169,139.461243,11079870
2008-06-10,138.749680,146.149658,138.678522,144.157364,9880060
2008-06-11,145.082457,145.580542,135.761324,136.686325,10889260
2008-06-12,138.607424,143.943952,138.393960,141.524719,9807660
2008-06-13,143.730458,145.865068,141.595847,145.722763,6811990
2008-06-16,145.224697,152.909287,145.011234,148.213150,7399810
2008-06-17,150.845765,151.841912,144.868862,145.580399,7084320
2008-06-18,143.232341,147.501561,141.026573,145.153488,8570390
2008-06-19,145.865072,147.359304,138.109324,143.516998,15174540
2008-06-20,140.457357,141.666978,135.191989,137.326599,15160370
2008-06-23,138.038161,138.678540,131.207402,131.990097,8781290
2008-06-24,131.990129,137.042047,130.424750,134.124741,9313580
2008-06-25,136.117047,140.457416,133.413204,134.124741,12029140
2008-06-26,128.503546,129.286230,124.732399,125.728546,17332100
2008-06-27,126.724731,127.365110,120.320899,122.740120,12647440
2008-06-30,122.313107,123.238107,117.972742,119.253510,12464770
2008-07-01,117.901628,123.807385,115.624713,121.886238,13829670
2008-07-02,122.882442,125.088211,119.467062,119.822830,8926060
2008-07-03,120.676647,121.815099,117.901647,119.680489,5799810
2008-07-07,121.317061,123.309366,112.422848,116.692070,11539140
2008-07-08,117.545905,123.878591,114.628610,123.736275,10540450
2008-07-09,124.234306,126.226600,116.549708,116.976624,10100080
2008-07-10,114.557442,119.751664,114.201674,115.838211,10426350
2008-07-11,112.849767,119.395905,112.067072,115.197830,13624380
2008-07-14,119.253588,120.818967,107.797840,108.295914,11873880
2008-07-15,106.659369,111.995896,99.686317,103.599770,18911890
2008-07-16,107.655513,117.688175,103.742061,117.190102,15887210
2008-07-17,122.028596,131.420882,121.317059,127.863197,19573740
2008-07-18,140.884304,145.722757,134.622778,137.682388,21382430
2008-07-21,141.880466,145.153540,138.749708,140.101624,11700690
2008-07-22,135.476669,149.351643,133.768984,148.640106,13879600
2008-07-23,146.790055,158.032339,145.865055,150.276581,15657590
2008-07-24,150.276563,151.913099,135.618912,135.618912,11753780
2008-07-25,136.686278,140.386269,131.918971,134.124741,10217800
2008-07-28,133.911207,135.690049,122.597778,124.020851,12169000
2008-07-29,120.605468,132.416982,117.545858,131.278519,14725510
2008-07-30,134.480451,139.603514,128.361231,133.840073,10627940
2008-07-31,133.188632,139.196599,129.858912,135.287796,8496750
2008-08-01,137.169735,138.038354,131.017003,136.590652,8412710
2008-08-04,134.129654,139.848076,130.220851,136.301208,8680070
2008-08-05,140.210055,144.915090,138.255657,144.191238,9247840
2008-08-06,142.164363,146.435092,139.341348,142.598679,6739200
2008-08-07,139.630858,142.453884,132.681895,133.695282,10084520
2008-08-08,133.261004,142.381522,133.116225,140.354736,8209780
2008-08-11,139.268932,148.389459,139.051785,143.467270,7413170
2008-08-12,142.526349,142.671128,132.826744,134.202057,8300440
2008-08-13,133.333425,133.333425,126.167301,128.917938,9338300
2008-08-14,128.338850,133.550578,128.194082,130.872330,6408720
2008-08-15,132.899086,135.722101,131.668530,134.274399,6483280
2008-08-18,134.998282,134.998282,127.470232,127.542610,7440310
2008-08-19,127.180598,127.904449,123.199418,124.429962,7837220
2008-08-20,124.502399,126.818720,121.968920,126.601562,8571760
2008-08-21,123.778510,127.035840,122.258419,126.456757,6095150
2008-08-22,130.437976,132.030446,128.049265,131.306595,6242450
2008-08-25,130.293254,132.464808,127.180691,127.470238,6156450
2008-08-26,128.338826,130.582758,126.891123,129.135056,5032120
2008-08-27,130.365605,132.030454,128.194051,131.161835,5632720
2008-08-28,133.695283,138.183157,132.175203,138.110779,8076010
2008-08-29,136.445918,138.617471,134.853448,137.459305,5246040
2008-09-02,142.092028,143.467341,136.663143,138.328003,7979090
2008-09-03,138.400342,142.309145,135.866863,141.947220,6362760
2008-09-04,139.703312,140.933857,131.813336,132.464798,8057360
2008-09-05,130.655113,138.834632,129.786494,138.038391,8401440
2008-09-08,150.850634,151.646875,141.151029,147.086609,17043010
2008-09-09,144.915032,147.520902,136.156438,136.663132,11634880
2008-09-10,138.689896,139.268968,131.596152,135.215408,9026060
2008-09-11,129.135091,135.215449,127.615009,134.708755,13396690
2008-09-12,131.668480,136.735436,128.266383,130.003632,10991620
2008-09-15,118.639273,127.976965,106.406185,110.314980,26909750
2008-09-16,103.221231,115.888633,102.063065,114.006615,25736750
2008-09-17,108.577674,110.242534,94.317809,101.556320,31223420
2008-09-18,105.899453,125.950133,93.014897,120.521248,34223920
2008-09-19,157.075735,163.083703,137.531749,149.475296,26540510
2008-09-22,144.480665,148.823771,141.150946,144.842590,11772140
2008-09-23,143.250098,144.770189,131.161789,144.697800,8501110
2008-09-24,144.770219,144.770219,136.084006,137.242172,8743370
2008-09-25,139.703256,146.000758,137.821239,140.499496,9354680
2008-09-26,132.826669,147.810383,131.378966,145.855988,11248610
2008-09-29,141.657671,154.107908,128.483582,128.483582,20118520
2008-09-30,138.183216,153.239326,137.097439,148.461914,11318420
2008-10-01,150.923019,168.223064,145.132208,166.485825,15699040
2008-10-02,167.643985,170.105076,159.247305,162.866562,10876560
2008-10-03,140.789151,151.285000,128.121746,132.826782,29571940
2008-10-06,124.719580,131.161852,116.540058,126.022514,15922150
2008-10-07,131.740913,131.740913,108.577675,109.663452,12775840
2008-10-08,105.609894,117.915365,101.701102,104.234581,15606320
2008-10-09,111.255938,112.196947,93.593971,93.593971,18930780
2008-10-10,87.151690,107.129983,86.862149,102.135414,26081660
2008-10-13,113.644689,117.698262,105.103239,114.006615,16383390
2008-10-14,133.767725,139.341378,125.660593,134.781113,25352210
2008-10-15,126.601583,129.786535,115.816204,117.481064,15327840
2008-10-16,115.888602,122.186107,106.044220,115.092361,17092760
2008-10-17,111.617837,121.824142,107.202352,107.709045,15737900
2008-10-20,109.880606,111.473077,106.333729,109.229134,10724810
2008-10-21,105.247955,107.129972,98.733295,102.642097,17137840
2008-10-22,99.167614,102.786870,94.173045,96.416977,13714880
2008-10-23,95.548373,98.443779,90.481414,94.896912,14477960
2008-10-24,86.862134,92.652943,86.500208,87.875526,12844550
2008-10-27,87.586008,92.363426,84.328677,84.907761,12208960
2008-10-28,88.961321,98.081846,83.532437,97.068459,15088930
2008-10-29,95.910278,101.049625,92.580564,93.449188,13053170
2008-10-30,98.726327,98.946210,93.522491,96.087769,10086960
2008-10-31,94.768494,101.291611,94.402027,100.045624,9197050
2008-11-03,100.045616,104.296641,98.653044,102.537590,7104590
2008-11-04,105.689221,108.547674,104.882999,107.594856,8020500
2008-11-05,105.689192,107.008477,91.470262,92.569664,10737260
2008-11-06,91.470244,95.794553,82.894905,84.434067,15281210
2008-11-07,87.219277,88.245388,83.921069,86.632927,9972330
2008-11-10,89.418043,90.004393,80.989293,82.161987,8991280
2008-11-11,81.282479,82.748349,75.785468,79.156967,14035220
2008-11-12,77.911012,81.062630,69.775427,70.654953,16091600
2008-11-13,71.754316,72.560543,60.613704,69.262337,27693000
2008-11-14,71.534459,74.099731,64.424991,69.775414,28156970
2008-11-17,68.602721,71.900929,64.131818,65.157928,16755820
2008-11-18,65.670975,65.890858,57.828573,61.273365,21271830
2008-11-19,60.027354,61.053464,45.808420,46.907822,34145120
2008-11-20,44.928904,46.541361,32.175840,34.521229,72437300
2008-11-21,39.871655,40.531295,22.354512,27.631643,102772530
2008-11-24,44.855597,47.640748,38.479066,43.609608,80378310
2008-11-25,46.834531,48.227108,42.143747,44.562431,46312050
2008-11-26,45.222076,54.163881,44.562434,51.671902,38172080
2008-11-28,54.603670,62.152904,54.383787,60.760326,25077460
2008-12-01,57.901865,58.048449,46.468080,47.274307,31481200
2008-12-02,50.719092,54.676941,43.536333,52.917896,32692380
2008-12-03,50.352608,57.462077,48.960036,57.315487,31407220
2008-12-04,55.776329,59.367710,53.504233,54.237167,25963510
2008-12-05,53.137767,61.273342,52.551417,56.509266,21521410
2008-12-08,60.320513,63.252251,58.781346,62.079552,22910990
2008-12-09,60.833603,65.964147,60.100668,62.592648,21702360
2008-12-10,63.985209,64.718144,59.001251,60.833588,16340030
2008-12-11,59.294426,59.734186,55.263285,55.483162,16549230
2008-12-12,51.818508,57.535403,51.085573,56.436001,14896130
2008-12-15,56.729146,57.022321,52.991181,54.237167,10147230
2008-12-16,55.629757,61.053476,54.383765,60.320541,20492970
2008-12-17,59.441016,60.100658,57.168919,57.388802,15419050
2008-12-18,58.634792,59.001260,54.017300,54.457066,11149680
2008-12-19,54.530356,55.043408,50.645799,51.452026,20240200
2008-12-22,52.404846,53.137781,47.933944,49.473106,13533270
2008-12-23,50.499216,50.719093,47.714061,47.787354,10685850
2008-12-24,48.007226,49.839563,47.860641,49.692978,3998030
2008-12-26,50.132738,51.525316,48.886746,49.326511,4805880
2008-12-29,50.059451,50.206036,47.714056,48.153816,6103560
2008-12-30,48.813470,49.986165,47.860658,49.839581,7337200
2008-12-31,49.253220,51.598615,48.520285,49.179928,9255840
2009-01-02,50.352619,52.478132,49.473100,52.331547,10470770
2009-01-05,52.184966,54.970121,51.525329,51.891796,12818480
2009-01-06,53.430950,55.629755,53.357658,54.676937,11249880
2009-01-07,52.917875,54.530335,51.891771,52.404823,10528730
2009-01-08,52.038374,53.797419,51.158855,52.478134,10532530
2009-01-09,53.284366,53.430956,48.813464,49.473106,14024850
2009-01-12,47.933934,48.007226,39.358596,41.044346,29449610
2009-01-13,37.966025,43.682916,37.086503,43.243156,27389790
2009-01-14,36.793332,38.112614,32.542310,33.201950,51309120
2009-01-15,34.008196,34.008196,24.626623,28.071419,63453460
2009-01-16,30.929846,32.835476,25.212956,25.652716,42653170
2009-01-20,25.286249,26.239063,20.522173,20.522173,38431180
2009-01-21,22.867572,26.898714,21.768169,26.898714,31235310
2009-01-22,25.066378,25.799313,22.061344,22.794279,29362730
2009-01-23,21.988046,26.239068,21.841458,25.432840,26644640
2009-01-26,26.898708,27.485056,24.186849,24.406729,21284620
2009-01-27,25.579426,26.678828,24.406729,26.019186,17714240
2009-01-28,31.442908,31.736080,29.610571,30.856558,37601010
2009-01-29,29.313730,30.048410,28.652517,28.652517,16636040
2009-01-30,29.313727,29.313727,26.081135,26.081135,19739840
2009-02-02,24.905656,27.330099,24.391379,26.815823,17009390
2009-02-03,28.285172,28.285172,22.922010,25.419920,16658250
2009-02-04,26.081134,28.064770,25.346454,25.640327,18493540
2009-02-05,25.419920,27.330089,23.509754,25.934196,21841440
2009-02-06,23.362822,29.901474,23.362822,28.725985,26148360
2009-02-09,29.828014,30.121887,28.432123,29.019867,17448290
2009-02-10,29.460672,29.607608,23.950571,24.611784,29657680
2009-02-11,26.228082,27.109699,24.832189,27.109699,15698220
2009-02-12,25.787270,26.889290,25.052590,26.521950,13235750
2009-02-13,25.860731,27.330091,25.640327,25.640327,13606700
2009-02-17,23.877103,24.317910,22.481211,22.481211,19249840
2009-02-18,23.362820,23.509756,20.938377,21.379185,18635620
2009-02-19,22.040397,22.113865,18.366998,18.440466,23114110
2009-02-20,16.162958,17.118042,11.828347,14.326259,61771060
2009-02-23,17.338458,18.220073,15.134417,15.722160,38826810
2009-02-24,16.750704,19.101681,15.134409,19.101681,36277170
2009-02-25,19.762886,21.673054,15.869084,18.513931,43757850
2009-02-26,20.056761,20.791441,17.264978,18.073126,26164050
2009-02-27,11.461005,14.179319,10.285517,11.020197,186820940
2009-03-02,11.020199,11.754879,8.448819,8.816159,107799620
2009-03-03,9.697774,10.212049,8.889626,8.963094,51618540
2009-03-04,9.550839,9.624308,8.154948,8.301884,48175560
2009-03-05,8.081480,8.154948,7.126396,7.493736,57908530
2009-03-06,7.787608,7.934543,7.346799,7.567204,41521800
2009-03-09,7.493735,7.861075,7.273331,7.714139,24061740
2009-03-10,9.110028,10.652856,7.714137,10.652856,111511620
2009-03-11,12.269156,12.636496,10.726328,11.314072,86438980
2009-03-12,11.314071,12.269156,10.873263,12.269156,51990900
2009-03-13,13.444644,13.885452,12.048752,13.077304,72675800
2009-03-16,14.399729,19.689424,14.105857,17.118044,147367850
2009-03-17,18.954741,19.542486,16.971106,18.440466,69616400
2009-03-18,19.101680,24.685247,18.513936,22.628143,129964780
2009-03-19,26.521948,28.579054,19.101681,19.101681,124562510
2009-03-20,20.644505,20.717973,17.632317,19.248613,60747130
2009-03-23,24.317907,24.611780,20.791443,22.995483,81343850
2009-03-24,22.407735,22.995478,21.011843,22.113863,52271150
2009-03-25,22.628143,23.215888,19.615956,21.673059,64079800
2009-03-26,22.260801,22.701610,20.203698,20.644506,43143240
2009-03-27,19.395548,20.056760,18.660869,19.248613,43150440
2009-03-30,17.411918,17.852725,16.530301,16.971109,44857360
2009-03-31,18.734337,18.881274,17.926189,18.587400,30679100
2009-04-01,18.220061,20.203697,17.852721,19.689421,38512130
2009-04-02,21.819997,21.966932,19.689424,20.130232,52594690
2009-04-03,20.203701,20.938381,19.395553,20.938381,27997320
2009-04-06,20.497580,20.644517,19.542497,19.983305,19565480
2009-04-07,19.248609,21.232244,19.175141,20.277161,36332010
2009-04-08,20.791446,20.864915,19.615959,19.836363,22628330
2009-04-09,22.187330,22.628136,21.232245,22.334265,54495400
2009-04-13,23.215881,27.917831,22.922010,27.917831,83474270
2009-04-14,31.003476,32.913642,28.285161,29.460648,122225470
2009-04-15,28.872925,29.240265,25.787268,29.166798,74633210
2009-04-16,30.783073,30.856540,29.166777,29.460648,73522350
2009-04-17,30.489223,30.562690,26.081143,26.815823,111530470
2009-04-20,25.052583,25.199520,20.571037,21.599588,83212170
2009-04-21,19.836360,24.097503,19.175148,23.803633,70991330
2009-04-22,23.509752,24.758709,22.481201,23.877092,48982860
2009-04-23,24.170973,24.170973,22.701612,23.509760,36173570
2009-04-24,23.730159,23.950562,22.701607,23.436287,32964010
2009-04-27,22.407738,23.289354,22.187334,22.554674,19385000
2009-04-28,21.305713,21.893456,20.938373,21.232244,32919880
2009-04-29,22.481206,23.142418,22.040398,22.922014,22935140
2009-04-30,23.950562,24.097499,22.407736,22.407736,26594860
2009-05-01,22.848544,23.068947,21.746524,21.819992,25310730
2009-05-04,22.554676,23.803633,22.407740,23.509760,31985380
2009-05-05,24.170966,25.493389,23.950560,24.317900,43485810
2009-05-06,25.787270,29.240267,25.346463,28.358650,86731360
2009-05-07,32.178992,32.399395,25.713806,27.991314,103236360
2009-05-08,30.783090,31.223897,28.872921,29.534134,76724850
2009-05-11,29.166800,29.607607,27.844376,28.358650,49317220
2009-05-12,29.313728,29.313728,26.889282,26.889282,48135460
2009-05-13,26.228081,26.742358,25.052591,25.052591,39301550
2009-05-14,24.685242,26.742348,24.538308,26.081135,40135080
2009-05-15,26.742352,26.889285,25.346459,25.566862,23552890
2009-05-18,26.742355,27.330099,26.301546,26.742355,31057380
2009-05-19,27.917835,28.432111,26.889282,27.697432,31807320
2009-05-20,28.652526,29.754547,26.595423,27.109699,38251110
2009-05-21,26.962750,27.477026,26.448473,27.330090,17093820
2009-05-22,27.770902,27.844372,26.962755,26.962755,13459850
2009-05-26,27.036219,28.064771,27.036219,27.697432,18545490
2009-05-27,28.064766,28.138232,27.183149,27.183149,17682440
2009-05-28,27.623965,27.623965,26.815819,26.962755,15697060
2009-05-29,27.477026,27.770896,27.036217,27.330090,14770690
2009-06-01,27.623973,27.697443,26.889293,27.109699,23989270
2009-06-02,26.521946,26.668882,25.419926,25.787266,28698430
2009-06-03,25.346450,25.419917,24.391367,24.905643,21652750
2009-06-04,25.199516,26.815813,24.905646,26.228069,23279100
2009-06-05,26.889280,26.962749,25.419920,25.419920,18788620
2009-06-08,24.832187,26.521951,24.758720,25.126060,28826290
2009-06-09,25.126061,25.419931,24.832188,25.052591,20904210
2009-06-10,25.860735,26.595415,25.419926,25.566862,31512150
2009-06-11,25.713799,26.081139,25.419926,25.566862,16970930
2009-06-12,25.493397,26.081140,25.272993,25.493397,13907910
2009-06-15,25.346464,25.493401,24.611784,24.758720,13993380
2009-06-16,24.905645,24.905645,23.877092,23.877092,18616890
2009-06-17,23.656696,24.170973,22.040400,22.628143,33844650
2009-06-18,22.775080,23.215888,22.040400,22.995483,22568550
2009-06-19,23.583225,23.656694,22.995481,23.289354,20640720
2009-06-22,23.068945,23.142414,21.893457,22.040394,20456620
2009-06-23,22.260798,22.481203,21.305715,22.113863,24194470
2009-06-24,22.407733,22.701605,22.040393,22.334265,13120530
2009-06-25,22.407740,22.481208,21.966932,22.260803,15376260
2009-06-26,22.334272,22.407740,21.893463,22.260803,10314650
2009-06-29,22.187330,22.260797,21.966925,22.187330,10486130
2009-06-30,22.113864,22.187332,21.526119,21.819992,10893990
2009-07-01,22.040395,22.554672,21.746524,21.819992,8579260
2009-07-02,21.599583,21.599583,21.158775,21.158775,11834490
2009-07-06,21.011849,21.085317,20.056764,20.497572,18996350
2009-07-07,20.644506,20.644506,19.542486,19.762890,15369770
2009-07-08,19.909825,19.909825,18.734337,19.248613,21018320
2009-07-09,19.615955,19.762890,19.322082,19.762890,11436370
2009-07-10,19.689421,19.689421,18.807806,19.028210,15029170
2009-07-13,19.542491,20.424107,19.175151,20.424107,22319810
2009-07-14,21.305715,21.526119,20.791439,21.452652,21927220
2009-07-15,22.187334,23.583225,21.893461,23.289354,38800900
2009-07-16,23.289356,23.509760,22.113868,22.260803,33323340
2009-07-17,23.362817,23.509753,21.819990,22.187330,44758640
2009-07-20,22.187337,22.334272,20.130232,20.497572,39246660
2009-07-21,20.571039,20.717975,19.322082,19.469019,36507960
2009-07-22,19.615952,20.864907,19.248612,20.571035,28412200
2009-07-23,20.717977,21.158784,20.277169,20.350637,22006020
2009-07-24,20.571035,20.644504,19.615952,20.056759,17814220
2009-07-27,19.983295,21.011846,18.807807,19.762890,61937110
2009-07-28,19.836356,22.407735,19.615953,21.819992,103746810
2009-07-29,22.040400,23.656696,21.673060,23.656696,107645930
2009-07-30,24.244433,24.758709,22.187330,23.068945,103950270
2009-07-31,22.481206,23.362821,21.966930,23.289354,110797830
2009-08-03,24.170973,24.244440,23.068952,23.362823,64248560
2009-08-04,23.068944,23.877092,22.848541,23.877092,83574080
2009-08-05,24.391377,26.521948,24.170974,26.301544,267446330
2009-08-06,27.991298,27.991298,26.375005,27.917831,128777960
2009-08-07,29.240268,31.150438,28.138248,28.285185,189881460
2009-08-10,29.387197,30.195344,28.725984,28.946390,95516100
2009-08-11,28.872930,29.093333,26.228082,27.109699,91585970
2009-08-12,27.697433,29.313729,27.403559,29.240259,98883010
2009-08-13,30.048405,30.415745,29.240256,29.827999,75554240
2009-08-14,30.562682,33.280998,28.725982,29.681068,112162930
2009-08-17,28.432107,29.607593,27.917830,29.387190,75873870
2009-08-18,29.901474,30.489217,29.534134,30.415751,56583680
2009-08-19,29.974941,30.783091,29.754538,30.342281,59364820
2009-08-20,30.783088,33.134062,30.562682,32.913658,105945050
2009-08-21,34.015680,35.705444,33.648340,34.529957,136681890
2009-08-24,36.366659,36.733999,34.970766,35.411575,120227490
2009-08-25,35.852380,35.999317,34.309554,34.897297,97316510
2009-08-26,34.823840,34.897307,33.648350,34.015690,72132960
2009-08-27,34.750375,37.468693,34.236099,37.101353,121601410
2009-08-28,38.864565,39.893115,37.101332,38.423756,135999640
2009-08-31,36.954401,37.542144,35.558511,36.733997,95323150
2009-09-01,36.146240,36.880920,33.207521,33.354458,126786530
2009-09-02,32.472857,34.309557,31.591241,33.501408,99545100
2009-09-03,34.970758,35.411568,34.162611,35.044228,59180880
2009-09-04,35.778914,36.219720,35.264637,35.631977,57542050
2009-09-08,36.587070,36.660540,34.015690,34.383030,90059280
2009-09-09,34.603428,34.970768,33.501408,34.236088,79811170
2009-09-10,33.795277,34.897297,33.281000,34.897297,116711140
2009-09-11,34.823834,34.897301,33.868748,33.868748,48006390
2009-09-14,33.354471,33.574875,32.032045,33.207535,73800890
2009-09-15,32.619790,33.134064,30.195344,30.268814,131885930
2009-09-16,31.370834,31.664705,30.489218,30.856558,130674940
2009-09-17,32.032049,33.501409,31.517775,32.472858,115493420
2009-09-18,32.766727,32.913664,31.297367,31.297367,125072600
2009-09-21,31.150424,32.766718,30.415745,32.546314,47905820
2009-09-22,33.501404,34.383020,33.354470,34.162617,67838110
2009-09-23,34.603425,34.823831,33.207535,33.207535,59869910
2009-09-24,33.942207,34.089143,31.664698,32.546314,66450380
2009-09-25,32.399385,33.134065,32.032045,32.178982,46116580
2009-09-28,32.766722,33.574871,32.619788,33.574871,31530720
2009-09-29,34.970764,35.191170,34.236084,34.529957,50099310
2009-09-30,34.897304,35.558517,33.134071,35.558517,82481630
2009-10-01,34.897303,34.897303,33.207539,33.281006,48521050
2009-10-02,32.325918,33.721811,31.664705,33.207535,58853980
2009-10-05,33.648346,34.383026,33.427942,34.309559,30414280
2009-10-06,34.970769,35.264642,34.089155,34.309559,47709440
2009-10-07,34.089161,34.529968,33.501415,34.089161,36917480
2009-10-08,34.603424,34.676893,34.015680,34.162617,34461860
2009-10-09,34.015690,34.309563,33.721819,34.015690,28835270
2009-10-12,34.309548,35.264631,34.089144,35.044228,36251950
2009-10-13,35.264632,35.852375,34.823825,35.485035,45533930
2009-10-14,36.587061,36.733997,35.999317,36.733997,58527200
2009-10-15,35.264637,35.485040,34.089150,34.897297,83405090
2009-10-16,34.383020,34.456489,32.472853,33.721809,41099010
2009-10-19,34.236071,34.236071,33.134052,33.354458,30462400
2009-10-20,33.721804,34.015674,32.399378,32.546314,52459310
2009-10-21,32.472858,33.501409,32.399389,32.472858,39240270
2009-10-22,32.546316,32.913656,32.252446,32.766720,30679880
2009-10-23,33.354466,33.795273,32.766720,32.766720,33523070
2009-10-26,33.134071,33.281007,31.150437,31.370840,64038580
2009-10-27,31.591244,31.811647,31.076967,31.370840,33277340
2009-10-28,31.076963,31.223900,29.387200,29.974943,64507320
2009-10-29,30.783086,31.958573,30.636149,31.664700,44074000
2009-10-30,31.444293,31.591229,29.534126,30.048403,53583280
2009-11-02,30.121873,30.195340,27.991300,29.313726,69051660
2009-11-03,28.505579,29.754535,28.211709,29.681068,50739070
2009-11-04,30.195348,30.636158,29.093328,29.166798,48146650
2009-11-05,29.754532,29.974936,29.387192,29.827999,26644960
2009-11-06,29.313725,29.827999,29.093319,29.827999,25344420
2009-11-09,30.415743,30.783083,30.121870,30.783083,23410170
2009-11-10,30.489231,31.297378,30.415764,30.709635,24568590
2009-11-11,31.223898,31.444302,30.415751,30.562685,31834120
2009-11-12,30.415745,30.636149,29.754532,29.827999,20783380
2009-11-13,30.121879,30.415753,29.607603,29.754539,19618180
2009-11-16,31.003508,31.223912,30.709635,30.709635,36003680
2009-11-17,30.636152,31.223896,30.562683,31.150429,20027790
2009-11-18,31.150427,31.664701,31.076957,31.517767,30598000
2009-11-19,31.297367,31.370837,30.856560,31.297367,24821480
2009-11-20,30.783091,31.076961,30.783091,30.856558,12444070
2009-11-23,31.297384,31.444321,31.076980,31.444321,22623430
2009-11-24,31.517777,31.591244,30.930031,30.930031,19323450
2009-11-25,31.076951,31.150421,30.415741,30.636145,20097990
2009-11-27,29.240256,30.342276,29.019852,29.827999,25806580
2009-11-30,29.974940,30.562683,29.828003,30.195343,25016920
2009-12-01,30.489208,30.562675,29.754528,30.121868,24623940
2009-12-02,29.974932,30.121868,29.534125,30.121868,18922360
2009-12-03,30.489219,30.930026,29.607603,29.754539,34577410
2009-12-04,30.268809,30.268809,29.754532,29.827999,31939870
2009-12-07,30.048405,30.268808,29.607595,29.607595,23200950
2009-12-08,29.460665,29.681071,28.285178,28.725985,55286630
2009-12-09,28.946397,29.019863,27.844376,28.358650,39989180
2009-12-10,28.505579,28.725982,28.211708,28.432112,39824110
2009-12-11,28.652527,29.019867,28.432123,29.019867,22120240
2009-12-14,27.917829,28.211702,26.889276,27.183149,83688720
2009-12-15,26.962757,27.183161,25.787268,26.154608,93423080
2009-12-16,25.713791,26.301534,25.272984,25.346451,119108140
2009-12-17,23.142420,23.877100,22.995483,23.509760,377263850
2009-12-18,23.950567,24.979120,23.583227,24.979120,281369720
2009-12-21,24.905657,25.126060,24.685251,25.126060,62625030
2009-12-22,25.272991,25.272991,24.538311,24.538311,49092610
2009-12-23,24.685239,24.832175,23.950559,24.170965,35752040
2009-12-24,24.391381,24.611784,24.097507,24.611784,14549800
2009-12-28,24.758707,25.052577,24.317897,24.905643,33795650
2009-12-29,24.905657,25.052591,24.611784,24.758720,19084190
2009-12-30,24.685243,24.685243,24.244436,24.391373,22009500
2009-12-31,24.464836,24.685240,24.317900,24.317900,19875800
2010-01-04,24.685247,25.052587,24.538313,24.979120,40679350
2010-01-05,25.126050,26.081133,25.052580,25.934196,66861710
2010-01-06,26.154609,27.036226,25.787269,26.742355,67433890
2010-01-07,27.109696,27.183163,26.521949,26.815823,67245190
2010-01-08,26.815822,26.962759,25.787269,26.375015,62409770
2010-01-11,26.889290,26.962759,26.448483,26.668886,47557650
2010-01-12,26.375004,26.521937,25.566854,25.860727,47011810
2010-01-13,26.007666,26.375006,25.713793,25.713793,41035110
2010-01-14,26.154606,26.154606,25.713799,25.787266,27417030
2010-01-15,25.640337,25.713804,24.979124,25.126060,54017740
2010-01-19,24.538315,26.154609,24.244442,26.007675,80789300
2010-01-20,25.787260,26.448473,25.346453,25.419920,47944940
2010-01-21,25.346450,25.419917,23.509751,24.024027,95968050
2010-01-22,24.097496,24.905645,23.656689,23.877092,65474150
2010-01-25,24.317905,24.464842,23.583225,23.730162,49752440
2010-01-26,23.656689,24.024028,23.142412,23.142412,45890280
2010-01-27,23.289356,23.730163,23.068952,23.509760,55891370
2010-01-28,23.877100,24.170973,23.509760,23.803633,51294260
2010-01-29,24.024033,24.538309,24.024033,24.391373,67942930
2010-02-01,24.685245,24.758714,24.317905,24.538311,23577690
2010-02-02,24.611784,25.052591,24.391381,25.052591,33280870
2010-02-03,24.905657,25.419931,24.758720,24.758720,27200590
2010-02-04,24.538313,24.611780,23.289357,23.362823,45029910
2010-02-05,23.583227,23.803633,23.142420,23.656696,46750170
2010-02-08,23.730155,23.803625,23.142412,23.142412,25620320
2010-02-09,23.436292,23.730163,22.848548,23.362823,49883800
2010-02-10,23.362823,23.509760,23.068952,23.509760,25499680
2010-02-11,23.436296,23.656701,23.289361,23.583231,23685280
2010-02-12,23.289357,23.583227,23.142420,23.362823,18926940
2010-02-16,23.656690,24.464836,23.583220,24.317900,33228540
2010-02-17,24.832188,25.346464,24.685251,25.052591,57569040
2010-02-18,24.979120,25.493397,24.905654,25.199524,28868750
2010-02-19,24.979124,25.272997,24.905657,25.126060,27822290
2010-02-22,25.272986,25.566856,25.052580,25.419920,23360670
2010-02-23,25.272997,25.566868,24.611784,24.611784,28291710
2010-02-24,24.758708,25.346451,24.758708,25.346451,29262200
2010-02-25,24.905643,24.979110,24.685237,24.905643,25996910
2010-02-26,24.905653,25.346460,24.832184,24.979120,17855770
2010-03-01,25.126047,25.272983,24.538304,24.905643,15568690
2010-03-02,25.052587,25.272993,24.905653,24.979120,16428080
2010-03-03,25.052587,25.199524,24.905653,24.979120,16364990
2010-03-04,25.052587,25.566864,24.905654,25.199524,31935610
2010-03-05,25.493389,25.713793,25.346453,25.713793,31907970
2010-03-08,26.007674,26.448481,26.007674,26.154608,45986460
2010-03-09,26.081148,28.358655,26.007681,28.064785,110631150
2010-03-10,29.093319,29.901468,28.799449,29.093319,121205060
2010-03-11,29.240274,30.709635,29.019871,30.709635,120029930
2010-03-12,30.930028,31.003498,28.946394,29.166798,127975970
2010-03-15,28.505571,28.946380,28.138231,28.579041,63482980
2010-03-16,29.019860,29.901476,28.799456,29.754539,54320540
2010-03-17,30.121879,30.636156,29.313733,29.754539,68063590
2010-03-18,30.048410,30.048410,29.387197,29.534134,35021590
2010-03-19,28.652517,29.754537,28.652517,28.652517,55803040
2010-03-22,28.579049,30.121875,28.505579,29.681068,50007930
2010-03-23,30.048411,30.489218,29.901474,30.342281,44335410
2010-03-24,30.121878,30.783091,30.121878,30.489218,46585380
2010-03-25,31.150437,32.178987,31.076967,31.370840,97149430
2010-03-26,31.885106,32.105509,31.297360,31.664700,58727000
2010-03-29,32.178995,32.399399,30.195358,30.709635,88626840
2010-03-30,30.342273,30.709613,29.754530,30.048403,62439130
2010-03-31,29.974943,30.195346,29.460666,29.754539,55035890
2010-04-01,30.195358,30.709635,29.534147,30.709635,30209100
2010-04-05,31.370837,31.444304,31.076964,31.297367,34453330
2010-04-06,31.370830,31.591234,31.223894,31.517767,31812190
2010-04-07,31.664715,32.325928,31.591248,32.032055,62152800
2010-04-08,31.958574,32.987127,31.664701,32.840191,55935620
2010-04-09,33.354462,33.574865,33.207526,33.427929,66446000
2010-04-12,34.015691,34.089161,33.648351,34.089161,43484970
2010-04-13,33.942219,34.383026,33.721815,33.942219,59676180
2010-04-14,34.676892,36.293189,34.529956,36.219719,103954530
2010-04-15,36.660542,37.248286,34.823842,35.338116,153653670
2010-04-16,35.411577,35.485044,32.399388,33.501408,186414120
2010-04-19,34.162612,36.219715,34.089145,35.852375,186006680
2010-04-20,36.880920,37.174790,36.146240,36.513580,102738530
2010-04-21,36.954399,37.027869,35.411572,36.219719,98787570
2010-04-22,35.631971,35.925844,35.044228,35.778908,80864670
2010-04-23,35.778899,36.366642,35.485026,35.705429,76164060
2010-04-26,35.191174,35.264641,33.795281,33.868748,124478540
2010-04-27,33.427936,33.574872,31.811639,31.885109,133979440
2010-04-28,32.472853,33.501403,32.325916,32.693256,110487010
2010-04-29,33.281004,34.015684,33.060601,33.501408,71647090
2010-04-30,33.427934,33.427934,32.105511,32.105511,80341770
2010-05-03,32.766724,32.913660,32.178980,32.399384,44946260
2010-05-04,31.885113,32.032047,31.076964,31.297367,97352370
2010-05-05,30.562698,31.223912,29.681084,30.709635,100162270
2010-05-06,30.856555,31.370832,28.652515,29.681068,170724590
2010-05-07,29.974933,30.342273,28.799447,29.387190,122458690
2010-05-10,31.811639,31.958576,30.562683,31.003492,109813230
2010-05-11,30.342272,31.150421,30.195335,30.636145,75475030
2010-05-12,31.076975,31.076975,30.415764,30.709635,65669620
2010-05-13,30.489210,30.562676,29.974933,30.048403,50910530
2010-05-14,29.607599,29.681069,28.725983,29.240259,87280120
2010-05-17,29.387203,29.460670,27.623970,28.358650,94521750
2010-05-18,29.019853,29.093320,27.256620,27.403557,88927420
2010-05-19,27.403570,28.285187,27.256634,27.991314,92045240
2010-05-20,27.550503,27.697439,26.521950,26.668886,116429090
2010-05-21,26.007669,27.991302,25.934199,27.550495,133515830
2010-05-24,28.358640,29.019853,27.697430,27.770897,84300490
2010-05-25,26.742347,27.917833,26.154601,27.770897,102076440
2010-05-26,29.166800,29.607607,28.358650,28.358650,124767260
2010-05-27,29.607601,29.901474,29.240261,29.534134,75460890
2010-05-28,29.534129,29.681065,29.019852,29.093319,63286600
2010-06-01,28.652525,29.093332,28.211718,28.285185,56634680
2010-06-02,28.579054,28.872924,28.285181,28.799458,56166340
2010-06-03,29.093319,29.607595,28.872916,29.093319,71405630
2010-06-04,28.285177,28.799453,27.697433,27.844370,106756480
2010-06-07,27.991309,28.064779,26.595419,26.742355,86203870
2010-06-08,27.109686,27.550493,26.815813,27.330090,83022780
2010-06-09,27.770899,28.579048,27.623962,28.432112,114856500
2010-06-10,29.019857,29.093324,28.432114,28.652517,70989130
2010-06-11,28.358642,28.799452,28.285176,28.505579,43859390
2010-06-14,28.799452,28.872919,28.505579,28.505579,38228780
2010-06-15,28.872917,29.313726,28.579047,29.313726,42247510
2010-06-16,29.093320,29.387193,28.872917,29.313726,40783400
2010-06-17,29.460659,29.607595,28.725979,29.093319,58734300
2010-06-18,29.166777,29.460648,28.872905,29.460648,68839920
2010-06-21,29.754537,29.901474,29.460664,29.534134,57155530
2010-06-22,29.387197,29.607600,28.946390,28.946390,48772470
2010-06-23,29.019847,29.240251,28.432104,28.579041,46265950
2010-06-24,28.358640,28.358640,27.697430,27.770897,56634790
2010-06-25,28.285177,29.019857,28.064774,28.946390,70357690
2010-06-28,28.872913,29.534126,28.799447,29.387190,54126640
2010-06-29,28.799450,28.799450,27.256620,27.403557,79745340
2010-06-30,27.991306,28.358646,27.256626,27.623966,53205360
2010-07-01,28.138237,28.285173,26.595410,27.770897,86206490
2010-07-02,28.064773,28.579050,27.256624,27.844370,38516880
2010-07-06,28.432113,28.652517,27.330093,27.844370,51454380
2010-07-07,28.064774,28.725984,27.697434,28.652517,47295490
2010-07-08,29.019861,29.387201,28.799458,29.166798,46663460
2010-07-09,29.166792,29.754535,28.946389,29.681068,41928480
2010-07-12,29.754536,30.342280,29.681069,30.195343,39470360
2010-07-13,30.783097,31.591244,30.709627,31.591244,64688800
2010-07-14,31.370841,31.444307,30.489224,30.930031,48298880
2010-07-15,31.076962,31.150431,29.754538,30.562685,68022500
2010-07-16,29.754537,30.121877,28.652517,28.652517,80624880
2010-07-19,28.872919,29.681069,28.285176,29.240259,60092350
2010-07-20,28.725980,29.828000,28.652513,29.313726,54745170
2010-07-21,29.754537,29.828004,28.799454,28.946390,42520470
2010-07-22,29.313723,30.048403,29.313723,30.048403,42143450
2010-07-23,29.534134,29.828004,29.313730,29.534134,37675190
2010-07-26,29.534134,30.489218,29.534134,30.489218,43066240
2010-07-27,30.930025,31.370835,30.562685,30.562685,53521030
2010-07-28,30.342273,30.562676,29.901466,30.048403,33190010
2010-07-29,30.415751,30.489218,29.828004,30.268814,39395920
2010-07-30,29.827995,30.268805,29.827995,30.121868,26978030
2010-08-02,30.783083,30.856550,30.562677,30.783083,29385140
2010-08-03,30.562685,30.636154,30.195345,30.342281,21169620
2010-08-04,30.489217,30.562684,30.195344,30.415751,27707590
2010-08-05,30.195335,30.195335,29.901465,30.121868,19093650
2010-08-06,29.901469,29.974936,29.460659,29.827999,29607280
2010-08-09,29.974943,30.268816,29.460667,29.974943,27938130
2010-08-10,29.607593,29.827997,29.387190,29.387190,37330160
2010-08-11,29.019865,29.166802,28.211718,28.285185,57403800
2010-08-12,28.211708,28.579048,28.138239,28.432112,33560510
2010-08-13,28.652516,29.019855,28.505579,28.505579,27447280
2010-08-16,28.432112,28.725982,28.285175,28.432112,23911520
2010-08-17,28.799462,28.799462,28.138248,28.285185,42478180
2010-08-18,28.358650,28.652523,28.211716,28.358650,47840910
2010-08-19,28.285177,28.579050,27.770900,27.844370,53867410
2010-08-20,27.770899,27.844368,27.256622,27.550495,51973470
2010-08-23,27.844368,28.138238,27.550495,27.550495,29397900
2010-08-24,27.183163,27.550503,27.036226,27.256630,44346680
2010-08-25,27.183165,27.330101,26.742358,27.036228,50868250
2010-08-26,27.403559,27.550495,26.889282,26.889282,33489660
2010-08-27,27.183159,27.623966,26.742352,27.623966,55836000
2010-08-30,27.550499,27.623965,26.962755,26.962755,31688960
2010-08-31,27.036226,27.403567,26.668886,27.256630,61541890
2010-09-01,27.550505,28.285185,27.477038,28.285185,53222240
2010-09-02,28.211709,28.872919,28.138239,28.505579,47390890
2010-09-03,28.946391,29.240261,28.652518,28.725985,43608360
2010-09-07,28.505592,28.505592,28.064785,28.138252,26492790
2010-09-08,28.285171,28.358638,28.138235,28.211704,24907680
2010-09-09,28.579051,29.019858,28.505581,28.725985,45078780
2010-09-10,28.799454,28.946391,28.652518,28.725985,25644170
2010-09-13,29.093320,29.460660,29.093320,29.313726,45870620
2010-09-14,29.240260,29.313730,28.725984,28.946390,38404540
2010-09-15,28.799458,28.872924,28.652521,28.799458,24836100
2010-09-16,28.579054,29.240265,28.505584,29.166798,37834360
2010-09-17,29.387207,29.534144,29.019867,29.019867,55888390
2010-09-20,29.019853,29.387193,28.946387,29.313726,34473280
2010-09-21,29.534134,29.534134,28.946390,28.946390,37200450
2010-09-22,28.872919,29.240259,28.505579,28.505579,43837660
2010-09-23,28.211704,28.579044,27.917831,27.917831,38372030
2010-09-24,28.358644,28.725984,28.285177,28.652517,39249340
2010-09-27,28.652515,28.872919,28.432112,28.432112,36629390
2010-09-28,28.579049,28.652516,28.211709,28.505579,29345050
2010-09-29,28.579054,29.313734,28.432118,28.799458,50744380
2010-09-30,29.093325,29.460665,28.579051,28.725985,47868000
2010-10-01,29.240253,30.121870,28.946383,30.048403,77500060
2010-10-04,29.974935,30.268808,29.607595,29.607595,42326390
2010-10-05,29.901474,30.489218,29.901474,30.342281,63625620
2010-10-06,30.415741,30.562675,29.974932,30.121868,48412190
2010-10-07,30.415764,30.783104,30.342295,30.709635,49228170
2010-10-08,30.709613,30.856550,30.415743,30.783083,35248850
2010-10-11,30.930038,30.930038,30.268828,30.709635,43225180
2010-10-12,30.489216,31.150429,30.342279,31.150429,48296870
2010-10-13,31.223888,31.591228,30.709612,31.223888,107396320
2010-10-14,30.636149,30.636149,29.313725,29.827999,98325960
2010-10-15,30.121887,30.195354,28.725994,29.019867,106125370
2010-10-18,29.387189,30.856548,29.166785,30.636145,94439510
2010-10-19,30.342276,30.783085,29.681065,29.827999,70732750
2010-10-20,30.121876,30.268813,29.607600,30.195343,49484540
2010-10-21,30.342277,30.636150,29.607597,29.901470,43687230
2010-10-22,30.121876,30.415749,30.048409,30.195343,31441180
2010-10-25,31.003501,31.076967,30.415757,30.930031,76494560
2010-10-26,30.562698,30.930038,30.489231,30.709635,42127270
2010-10-27,30.562675,30.783081,30.415741,30.636145,26922470
2010-10-28,30.783081,30.856548,30.489208,30.636145,26162360
2010-10-29,30.562675,30.709611,30.489208,30.636145,18835180
2010-11-01,30.709621,30.856558,30.121878,30.489218,29258270
2010-11-02,30.783081,30.856548,30.489208,30.636145,22490240
2010-11-03,30.636146,30.783083,30.489210,30.783083,30544940
2010-11-04,31.003512,31.811659,30.783108,31.811659,65927800
2010-11-05,31.811632,33.134055,31.738165,32.987122,105440700
2010-11-08,33.207544,33.207544,32.399394,32.619801,42687730
2010-11-09,32.840200,32.840200,31.591244,31.591244,54105940
2010-11-10,31.811645,32.766729,31.664709,32.472858,50288500
2010-11-11,32.178991,32.399395,31.958588,32.032055,38163270
2010-11-12,31.811637,32.252447,31.076957,31.517767,49740230
2010-11-15,31.811641,32.105514,31.591238,31.738174,35374110
2010-11-16,31.444299,31.517769,30.783089,31.003492,50020480
2010-11-17,31.076953,31.150423,30.489210,30.783083,39175510
2010-11-18,31.297371,31.811647,31.003500,31.591244,48876450
2010-11-19,31.297370,31.370840,31.003500,31.370840,29041620
2010-11-22,31.223912,31.223912,30.562698,30.709635,36827360
2010-11-23,30.489208,30.489208,30.121868,30.121868,38789450
2010-11-24,30.415741,30.783081,30.195335,30.636145,30429910
2010-11-26,30.415749,30.562683,30.121876,30.195343,15672580
2010-11-29,30.268814,30.636154,30.121878,30.489218,33721160
2010-11-30,30.342281,31.150431,30.195345,30.856558,61260330
2010-12-01,31.444307,31.664711,31.297371,31.591244,49494990
2010-12-02,31.738178,32.693262,31.738178,32.472858,51966270
2010-12-03,32.178980,32.766723,31.958576,32.693256,36080610
2010-12-06,32.693256,33.060596,32.546320,32.693256,47203040
2010-12-07,33.427942,34.162622,33.354475,33.942219,326782940
2010-12-08,33.868755,34.089161,33.427948,34.089161,91574090
2010-12-09,34.383024,34.603427,34.089153,34.456493,73204230
2010-12-10,34.529951,35.044228,34.236078,35.044228,76407750
2010-12-13,35.264649,35.631989,34.970776,35.338116,69850800
2010-12-14,35.338107,35.338107,34.236087,34.456493,60311180
2010-12-15,34.309553,34.383020,33.354469,33.721809,72978680
2010-12-16,33.868743,34.162616,33.354469,33.721809,68094680
2010-12-17,33.795277,34.529957,33.574873,34.529957,69555640
2010-12-20,34.750353,34.823823,34.309546,34.603416,41915750
2010-12-21,34.823841,35.044245,34.603435,34.823841,39886050
2010-12-22,34.897287,34.970754,34.383011,34.750351,51355450
2010-12-23,34.676903,34.676903,34.383030,34.383030,20536470
2010-12-27,34.236078,35.191164,34.162611,35.044228,29016760
2010-12-28,35.191172,35.264639,34.897299,35.117702,18644350
2010-12-29,35.264631,35.264631,34.897291,35.044228,16459820
2010-12-30,35.117708,35.117708,34.897305,34.970772,14418630
2010-12-31,34.897287,34.970754,34.676884,34.750351,16923250
2011-01-03,35.117697,35.999313,35.117697,35.999313,65798900
2011-01-04,36.072780,36.293186,35.485037,35.999313,58340430
2011-01-05,35.852367,36.733984,35.852367,36.513580,66673580
2011-01-06,36.733993,37.101333,36.219717,36.366653,71529750
2011-01-07,36.440120,36.733993,35.558506,36.293186,68069720
2011-01-10,36.146246,36.219713,35.778907,36.072777,46153210
2011-01-11,36.366653,36.587056,36.072780,36.293186,33127350
2011-01-12,36.660525,37.321735,36.587056,37.321735,60853490
2011-01-13,37.395202,37.615606,36.954393,37.027863,65082660
2011-01-14,37.101351,37.836031,36.954414,37.689095,103634370
2011-01-18,36.219720,36.366657,35.117700,35.264637,180960580
2011-01-19,35.631985,35.705452,34.897305,34.970772,71421890
2011-01-20,35.044234,35.411574,34.676894,35.264637,62673870
2011-01-21,35.631977,36.072784,35.558510,35.925850,65507770
2011-01-24,36.072769,36.146239,35.485026,35.705429,37250070
2011-01-25,35.631979,35.705446,35.044235,35.411575,42339570
2011-01-26,35.558522,35.778925,35.338116,35.338116,44338240
2011-01-27,35.485035,35.705438,35.338098,35.485035,27251160
2011-01-28,35.558504,35.852374,34.676888,34.676888,64329500
2011-01-31,34.823832,35.411575,34.750362,35.411575,34795650
2011-02-01,35.705440,36.072780,35.631973,35.999313,39237120
2011-02-02,35.925850,35.999317,35.485041,35.631977,31667370
2011-02-03,35.631989,35.705456,34.970776,35.338116,43984840
2011-02-04,35.485042,35.485042,34.970766,35.411575,36607580
2011-02-07,35.558507,35.999313,35.485037,35.999313,39261140
2011-02-08,35.999317,36.072784,35.631977,35.925850,40287550
2011-02-09,35.852388,35.852388,35.264644,35.558517,28657830
2011-02-10,35.264639,35.411576,34.970766,35.117702,41029190
2011-02-11,35.117695,35.999312,34.970759,35.852375,45335780
2011-02-14,35.925843,36.146246,35.705437,36.072777,35369660
2011-02-15,35.999310,36.293183,35.852373,36.072777,42499990
2011-02-16,36.293186,36.293186,35.778910,35.999313,29894750
2011-02-17,35.852377,36.293186,35.778910,36.293186,30673510
2011-02-18,36.366650,36.440117,35.999310,36.072777,25229030
2011-02-22,35.558513,35.558513,34.162620,34.456493,89462910
2011-02-23,34.676893,34.970764,33.574873,34.529957,81515000
2011-02-24,34.383024,34.603427,33.721813,34.456493,58605760
2011-02-25,34.309553,34.750360,34.236084,34.529957,40819490
2011-02-28,34.750370,34.897307,34.383030,34.383030,44054250
2011-03-01,34.529954,34.529954,33.574871,33.574871,52789640
2011-03-02,33.721806,33.942209,33.574869,33.795273,35351470
2011-03-03,34.236093,34.383030,34.015690,34.383030,45540670
2011-03-04,34.015668,34.089138,33.207521,33.354458,71717620
2011-03-07,33.354471,33.574875,33.060598,33.207535,36391780
2011-03-08,33.427948,34.162628,33.354481,34.089161,47184230
2011-03-09,34.309553,34.309553,33.868744,34.162617,34512780
2011-03-10,33.795265,33.868731,33.207521,33.354458,46421340
2011-03-11,33.134061,33.648338,33.134061,33.574871,32170320
2011-03-14,33.207521,33.354458,32.840182,33.354458,38691140
2011-03-15,32.399394,32.840204,32.252460,32.619801,58194870
2011-03-16,32.913671,33.060608,32.105524,32.252460,62107200
2011-03-17,32.766723,32.766723,32.252450,32.693256,38307430
2011-03-18,33.060608,33.427948,32.766735,33.060608,45908550
2011-03-21,33.868737,33.942207,32.178974,32.546314,82106490
2011-03-22,32.472858,32.693262,32.325922,32.472858,34194090
2011-03-23,32.325920,32.472857,31.885113,32.325920,47019570
2011-03-24,32.399378,32.619784,31.958571,32.546314,40238690
2011-03-25,32.766720,32.913656,32.546316,32.766720,30876830
2011-03-28,32.766718,32.840187,32.399378,32.546314,23570900
2011-03-29,32.546320,32.693256,32.178980,32.693256,24791350
2011-03-30,32.766723,33.207533,32.472853,32.693256,33904790
2011-03-31,32.619795,32.693262,32.325922,32.472858,33507430
2011-04-01,32.766723,32.913660,32.546320,32.693256,25952210
2011-04-04,32.766718,32.840187,32.252444,32.546314,29670460
2011-04-05,32.766721,32.913658,32.472851,32.840191,40880950
2011-04-06,33.134063,34.162616,32.840193,33.721809,64009410
2011-04-07,33.942215,34.456492,33.648342,33.648342,56844410
2011-04-08,34.089154,34.309557,33.281004,33.501408,39526630
2011-04-11,33.648346,33.721816,33.207539,33.281006,23444240
2011-04-12,33.060589,33.721802,32.766716,33.427929,45351280
2011-04-13,33.721821,33.795288,32.913671,33.060608,41002970
2011-04-14,32.913654,32.913654,32.252444,32.546314,40517360
2011-04-15,32.766729,32.987135,32.325922,32.472858,40547880
2011-04-18,32.472858,33.207538,31.958582,32.472858,79085390
2011-04-19,32.766729,33.427942,32.619795,33.281006,54278930
2011-04-20,33.501401,33.795274,33.207531,33.574871,31615610
2011-04-21,33.648332,33.795269,32.987122,33.427929,31274740
2011-04-25,33.354471,33.648342,33.134065,33.207535,24048020
2011-04-26,33.280996,33.354466,32.987126,33.134060,37260000
2011-04-27,33.134060,33.280996,32.987126,33.134060,28289910
2011-04-28,32.987129,33.795276,32.840193,33.721809,43925890
2011-04-29,33.648340,33.721809,33.281000,33.721809,26901780
2011-05-02,33.795268,33.795268,32.987122,32.987122,28862010
2011-05-03,32.840195,33.574875,32.840195,33.207535,43508120
2011-05-04,33.281002,33.354471,32.987131,33.207535,27559410
2011-05-05,32.987128,33.134062,32.766722,32.913658,27189990
2011-05-06,33.427938,33.648342,33.060598,33.207535,5131670
2011-05-09,32.979786,33.148762,32.215718,32.443470,49168100
2011-05-10,32.333267,32.715301,32.142252,32.472858,42299000
2011-05-11,32.347962,32.465511,31.407573,31.532467,54014800
2011-05-12,31.010845,31.187169,30.577383,31.165127,60720600
2011-05-13,31.054914,31.223890,30.430434,30.511250,43395000
2011-05-16,30.180655,30.841865,30.077797,30.261467,42979300
2011-05-17,30.121878,30.599421,30.114533,30.518606,36727300
2011-05-18,30.481863,30.525942,30.121869,30.298193,33051500
2011-05-19,30.371665,30.577374,30.246768,30.401052,30115400
2011-05-20,30.210041,30.592075,30.092492,30.136574,31538600
2011-05-23,29.614947,29.857390,29.431277,29.504744,34722800
2011-05-24,29.548832,29.894129,28.953740,29.761887,61023600
2011-05-25,29.578175,30.019090,29.541432,29.636965,40313600
2011-05-26,29.423848,29.783929,29.423848,29.556124,32041000
2011-05-27,29.614914,30.173411,29.607567,30.107273,27696700
2011-05-31,30.415909,30.562882,29.952946,30.239544,34705800
2011-06-01,30.121973,30.129320,29.093166,29.137259,41994500
2011-06-02,29.173999,29.644310,28.733080,29.401804,40828200
2011-06-03,29.027016,29.614904,28.990273,29.284216,27554900
2011-06-06,29.063758,29.100501,27.851239,27.976164,69952400
2011-06-07,28.255421,28.365649,27.586698,27.616093,49736400
2011-06-08,27.461772,27.924735,27.013506,27.050251,64098400
2011-06-09,27.094340,27.910037,27.042900,27.755716,51092100
2011-06-10,27.638141,28.159892,27.072297,27.865946,57048500
2011-06-13,27.968822,29.012323,27.829196,28.784515,51683900
2011-06-14,29.034371,29.063766,28.409740,28.497923,38166800
2011-06-15,28.203975,28.534663,27.410323,27.924726,49812600
2011-06-16,27.704276,28.174587,27.197220,27.652836,59369000
2011-06-17,27.932090,28.270129,27.829210,28.145201,38591200
2011-06-20,27.887992,28.453836,27.785112,28.042313,30249100
2011-06-21,28.115795,28.938842,27.924732,28.887402,44132600
2011-06-22,28.813903,29.519369,28.674281,29.034361,40189000
2011-06-23,28.608153,28.997629,28.350953,28.960886,38344100
2011-06-24,28.982928,29.181341,28.630195,29.093159,63661100
2011-06-27,28.982934,29.541430,28.975586,29.387110,29365900
2011-06-28,29.512036,29.629613,29.218090,29.504688,22526900
2011-06-29,30.136659,30.518787,29.894156,30.496742,46800700
2011-06-30,30.562897,30.864191,30.283649,30.599640,32214600
2011-07-01,30.518796,31.643136,30.437961,31.510860,42780800
2011-07-05,31.518196,31.599032,31.018491,31.283041,34279200
2011-07-06,30.974417,31.025857,30.401223,30.871534,28177800
2011-07-07,31.136077,31.569646,31.091987,31.327143,22067400
2011-07-08,30.922961,31.047886,30.739245,30.886215,22229800
2011-07-11,30.335077,30.423262,29.078465,29.240135,47287600
2011-07-12,29.012320,29.409146,28.674285,28.711027,43630400
2011-07-13,28.982932,29.556126,28.740430,29.004980,32756100
2011-07-14,29.188687,29.298915,28.659586,28.674284,32718400
2011-07-15,29.497334,29.681050,28.012914,28.203979,69517800
2011-07-18,28.071709,28.108451,27.131084,27.733673,50137500
2011-07-19,27.799796,28.056996,27.498500,27.939419,32172000
2011-07-20,28.049666,28.747785,27.954136,28.380354,31574600
2011-07-21,28.762472,29.673701,28.703684,29.629608,53445100
2011-07-22,29.592868,29.761886,29.276877,29.585518,24164500
2011-07-25,29.166653,29.438554,28.953545,29.328323,21427400
2011-07-26,29.218096,29.460602,28.953548,29.188704,21205600
2011-07-27,28.946190,28.968235,27.932081,28.123146,39694100
2011-07-28,28.108458,28.571540,28.005548,28.064354,23233800
2011-07-29,27.873218,28.498015,27.667404,28.181942,27141900
2011-08-01,28.917001,28.946404,27.873224,28.284855,33848100
2011-08-02,28.115801,28.299565,27.219035,27.226387,41079100
2011-08-03,27.233730,27.535101,26.770645,27.388090,31623100
2011-08-04,26.910309,27.189630,25.543109,25.587214,57091700
2011-08-05,25.704821,26.094398,23.382050,24.580187,103688800
2011-08-08,23.190929,23.830425,19.295148,20.544739,142308300
2011-08-09,21.632625,24.190611,20.941674,23.389402,120458000
2011-08-10,22.794004,22.801355,20.838762,20.941669,99090000
2011-08-11,21.463555,22.786650,21.007821,22.264763,63486600
2011-08-12,22.926319,23.499660,21.684078,21.941347,63917600
2011-08-15,22.485279,23.021867,22.235360,22.985115,45423900
2011-08-16,22.522028,22.573482,21.581161,22.007492,50459800
2011-08-17,22.250070,22.661699,21.831089,21.941347,33900900
2011-08-18,21.096027,21.316542,19.670023,20.566788,79479300
2011-08-19,20.147811,20.993122,19.662676,19.677378,56199100
2011-08-22,20.375675,20.463882,19.104034,19.155487,61703800
2011-08-23,19.206945,20.096361,18.670357,20.081659,68228200
2011-08-24,20.169865,20.919619,19.956699,20.912270,54803500
2011-08-25,22.646989,23.212981,21.294491,21.926638,93618100
2011-08-26,21.684078,22.235368,21.353303,21.933996,52076800
2011-08-29,22.470581,22.999821,22.279467,22.999821,35270900
2011-08-30,22.816061,22.999825,22.382380,22.742556,30682600
2011-08-31,22.955726,23.183593,22.610251,22.823416,34079800
2011-09-01,22.735201,22.823407,22.051601,22.051601,32273400
2011-09-02,20.890218,21.338601,20.772610,20.875517,36128000
2011-09-06,19.875844,20.522690,19.552420,20.360979,44663700
2011-09-07,20.824069,21.463566,20.655007,21.301853,35099200
2011-09-08,21.051923,21.198934,20.463881,20.566788,38061800
2011-09-09,20.324227,20.434485,19.581823,19.655329,46652300
2011-09-12,19.295150,19.831739,19.148139,19.817038,44486300
2011-09-13,19.956698,20.324224,19.714130,19.883192,36296700
2011-09-14,20.125759,20.383028,19.625924,20.133110,32634200
2011-09-15,20.522695,21.022531,20.258075,21.015181,40745500
2011-09-16,21.257749,21.522368,20.699108,21.309202,49241900
2011-09-19,20.632946,20.640297,20.081656,20.368326,37811400
2011-09-20,20.434486,20.530044,19.772938,19.794991,35419400
2011-09-21,19.846449,20.236028,18.751219,18.758570,73165300
2011-09-22,18.060255,18.368977,17.045882,17.611872,86914400
2011-09-23,17.288458,18.486594,17.244354,18.361635,56330600
2011-09-26,18.699758,19.728832,18.648304,19.640625,60165600
2011-09-27,20.500642,20.816715,19.662681,19.839094,61327200
2011-09-28,19.809687,19.949346,19.037880,19.052582,41353400
2011-09-29,19.721484,20.022856,19.052586,19.772938,44445900
2011-09-30,19.302501,19.478914,18.824717,18.832067,41243300
2011-10-03,18.493946,18.876175,16.942983,16.987087,69568400
2011-10-04,16.582801,18.030856,15.730139,17.927948,84504100
2011-10-05,17.736833,18.442485,17.119390,18.163164,54164000
2011-10-06,18.170522,19.273103,17.847100,19.126093,69855700
2011-10-07,19.346601,19.420107,18.045556,18.104361,64586100
2011-10-10,18.699762,19.478918,18.677709,19.471567,46194400
2011-10-11,19.126088,20.779958,19.045231,20.463884,80653500
2011-10-12,20.868170,22.029554,20.713809,21.463564,89031000
2011-10-13,20.971070,21.051925,20.030201,20.316872,63361700
2011-10-14,20.735856,20.882868,20.015504,20.875517,48555700
2011-10-17,21.184238,21.676724,20.493287,20.530041,82340000
2011-10-18,20.868167,22.441182,20.588847,21.963396,78304400
2011-10-19,22.029555,23.029228,21.463565,21.603224,75783900
2011-10-20,21.595873,22.198618,21.096037,22.110411,52466000
2011-10-21,22.360327,22.566142,21.823738,22.272120,68536100
2011-10-24,22.404426,23.411449,22.404426,23.227686,58945800
2011-10-25,23.080677,23.154182,22.382377,22.713150,65217200
2011-10-26,23.220334,23.426149,22.250063,22.896910,68002100
2011-10-27,24.528730,25.285836,24.043594,25.116772,104602100
2011-10-28,24.661038,25.278483,24.418472,25.109421,51423800
2011-10-31,24.300868,24.403775,23.183587,23.220339,65573000
2011-11-01,21.257752,22.250074,20.875523,21.441515,90369200
2011-11-02,22.235360,22.330916,21.632617,21.926638,49419600
2011-11-03,22.522234,22.867826,21.536934,22.632530,63378600
2011-11-04,22.463412,22.500178,22.066351,22.309000,39917200
2011-11-07,22.309001,22.536944,21.911938,22.463413,34837700
2011-11-08,22.838409,23.198705,22.522230,23.103117,44373800
2011-11-09,22.161940,22.206059,21.103109,21.213404,62394700
2011-11-10,21.882521,21.882521,20.750159,21.051632,54183800
2011-11-11,21.456049,21.786933,21.404578,21.566343,40412100
2011-11-14,21.404585,21.426643,20.632519,20.867815,41679600
2011-11-15,20.617818,20.992819,20.147225,20.603111,62607800
2011-11-16,20.433984,20.507512,19.706035,19.750154,52980400
2011-11-17,19.867802,19.867802,18.970735,19.117796,60160600
2011-11-18,19.228091,19.647212,18.992795,19.323681,47280700
2011-11-21,18.853087,18.867794,18.183965,18.382496,62290100
2011-11-22,18.397206,18.639855,17.963379,17.985437,44985900
2011-11-23,17.706024,17.720730,17.132490,17.286903,60513700
2011-11-25,17.375137,18.022202,17.301608,17.375137,28169200
2011-11-28,18.551614,18.735439,18.125140,18.419260,63928900
2011-11-29,18.353085,18.970737,18.088378,18.558969,58172500
2011-11-30,19.757511,20.220750,19.316331,20.206043,74290000
2011-12-01,19.911920,20.022215,19.558977,19.845743,41866700
2011-12-02,20.382514,21.103109,20.331044,20.713400,62471900
2011-12-05,21.338402,22.161937,21.264872,21.933994,80804300
2011-12-06,21.720754,21.978107,21.448692,21.875166,42795300
2011-12-07,21.456050,22.058995,21.117811,21.933994,53277800
2011-12-08,21.529581,21.581052,20.154569,20.404572,80314500
2011-12-09,20.728103,21.522227,20.551632,21.154577,59372400
2011-12-12,20.492810,20.514868,19.823686,20.014864,49251600
2011-12-13,20.257512,20.367809,19.367800,19.779568,56573800
2011-12-14,19.448679,19.992801,19.058970,19.154558,68337300
2011-12-15,19.573684,19.779567,19.029561,19.058973,44899200
2011-12-16,19.301624,19.544273,18.897209,19.139858,49643500
2011-12-19,19.154562,19.169268,17.941317,18.250143,72789000
2011-12-20,18.757509,19.228101,18.625155,19.081041,67653700
2011-12-21,19.213388,19.264860,18.683973,19.191330,44246000
2011-12-22,19.485449,20.544281,19.433978,20.331043,64529700
2011-12-23,20.514860,20.536920,19.933974,20.191328,35958100
2011-12-27,19.919275,20.411926,19.742803,19.779568,23916700
2011-12-28,19.845747,19.875160,19.132506,19.213388,30292700
2011-12-29,19.264853,19.713385,19.213381,19.676620,28016100
2011-12-30,19.500155,19.691333,19.331036,19.345741,26210200
2012-01-03,19.948683,20.963397,19.948683,20.831043,58169500
2012-01-04,20.617812,20.867812,20.308985,20.713400,41455000
2012-01-05,20.338398,21.456055,20.198691,20.963404,66793300
2012-01-06,21.073697,21.367816,20.595752,20.992813,48226900
2012-01-09,21.117814,21.603112,21.066343,21.382523,35017900
2012-01-10,21.875169,22.161936,21.808992,22.058994,47710900
2012-01-11,21.889875,23.125179,21.867815,22.992825,72656000
2012-01-12,23.419302,23.595774,22.691356,23.235477,58233900
2012-01-13,22.213409,22.794297,21.970761,22.603119,65632100
2012-01-17,21.456051,22.036937,20.706045,20.750162,116154600
2012-01-18,20.691348,21.389884,20.338404,21.345766,77552100
2012-01-19,21.904582,22.088407,21.397225,21.566343,63977200
2012-01-20,21.500173,21.794292,21.081052,21.794292,55968600
2012-01-23,21.750174,22.301649,21.625173,21.948706,39474700
2012-01-24,21.463402,22.051641,21.250164,21.985464,37257100
2012-01-25,21.610460,22.169288,21.558990,22.029581,39067000
2012-01-26,22.360471,22.757533,21.720761,22.338411,50455500
2012-01-27,22.103114,22.728119,22.073702,22.698708,37713400
2012-01-30,22.375179,22.448710,22.117824,22.228119,34772400
2012-01-31,22.551649,22.720767,22.279587,22.588413,40151200
2012-02-01,22.992829,23.566362,22.897239,23.235477,64155000
2012-02-02,23.279610,23.787128,23.051596,23.529692,41331200
2012-02-03,24.162246,24.713896,24.007785,24.669765,56356700
2012-02-06,24.404973,24.544724,24.228444,24.493237,32026000
2012-02-07,24.375559,24.544731,24.118124,24.324072,32391800
2012-02-08,24.478524,25.214056,24.456459,25.177280,49495300
2012-02-09,25.478850,25.552405,24.713895,24.758028,54651400
2012-02-10,24.250510,24.419683,24.015140,24.221088,40688300
2012-02-13,24.618271,24.706534,24.169596,24.184307,54999100
2012-02-14,24.037209,24.051920,23.058950,23.595890,54665300
2012-02-15,23.779777,24.051924,23.191350,23.331100,49170100
2012-02-16,23.117792,24.066630,22.853000,24.059273,51924500
2012-02-17,24.184311,24.324061,23.993071,24.213730,30968200
2012-02-21,24.250512,24.662408,24.206379,24.537369,45487500
2012-02-22,24.250513,24.338776,23.742994,23.801838,38321200
2012-02-23,23.831259,24.213734,23.595889,24.059273,34682100
2012-02-24,24.132827,24.257866,23.684151,23.794479,26596200
2012-02-27,23.573819,24.294641,23.485556,24.221088,36057200
2012-02-28,24.250511,24.721251,24.228443,24.625631,38179400
2012-02-29,24.655055,25.008110,24.463815,24.507948,43322100
2012-03-01,24.655052,25.339098,24.655052,25.103727,47853800
2012-03-02,25.192000,25.361172,25.066961,25.081669,32112000
2012-03-05,24.963973,25.008106,24.574141,24.772736,33306000
2012-03-06,24.096049,24.235802,23.367874,23.625309,49832100
2012-03-07,23.890096,24.537366,23.772411,24.449102,34763400
2012-03-08,24.772751,25.022832,24.427050,25.008121,35951400
2012-03-09,25.236129,25.662737,25.074311,25.155220,42006000
2012-03-12,24.949262,25.236122,24.669761,25.221411,38513800
2012-03-13,25.721579,27.008761,25.648024,26.810167,91242400
2012-03-14,25.927530,26.552731,25.655383,25.898108,113680500
2012-03-15,26.089341,26.913137,25.802484,26.677767,61559900
2012-03-16,26.839586,27.067600,26.677768,26.986691,46028600
2012-03-19,27.052887,28.244452,26.876361,27.339745,72146000
2012-03-20,27.104375,28.237096,27.008758,28.009083,58269900
2012-03-21,28.104699,28.185608,27.450076,27.803131,46300300
2012-03-22,27.420661,27.582480,26.883723,27.141161,51433700
2012-03-23,27.038184,27.501571,26.964632,27.310333,34154700
2012-03-26,27.656024,27.722222,27.347102,27.530985,27895100
2012-03-27,27.508925,27.744295,27.045539,27.052893,31146600
2012-03-28,27.001408,27.391242,26.861658,27.258846,36305600
2012-03-29,26.942565,27.052894,26.427692,26.854300,32684100
2012-03-30,26.994053,27.067605,26.663063,26.883722,23966200
2012-04-02,26.773383,27.317676,26.596854,27.119081,23825400
2012-04-03,26.994057,27.097031,26.479183,26.751329,30799800
2012-04-04,26.390913,26.398267,25.611247,25.773066,45697800
2012-04-05,25.545051,25.949593,25.397944,25.589184,31465700
2012-04-09,25.008107,25.206701,24.699185,24.986042,34335400
2012-04-10,24.971330,25.302320,24.051914,24.169600,58489800
2012-04-11,24.706545,25.000759,24.478529,24.706545,30680500
2012-04-12,24.860999,25.648019,24.721249,25.471493,36908700
2012-04-13,25.464144,25.493566,24.390267,24.574150,41220900
2012-04-16,25.133161,25.522995,24.831592,25.008121,59668700
2012-04-17,25.611246,26.045211,25.324389,25.802486,52307900
2012-04-18,25.662733,26.471821,25.662733,25.802486,41510700
2012-04-19,26.067271,26.111404,25.346449,25.633307,40303900
2012-04-20,25.714220,25.765707,24.861002,24.927200,37359200
2012-04-23,24.154893,24.500594,23.875389,24.456461,39887900
2012-04-24,24.544731,24.941919,24.272584,24.581507,30282900
2012-04-25,25.037528,25.066950,24.427034,24.772736,32379600
2012-04-26,24.581500,25.111085,24.530013,24.919847,28828900
2012-04-27,25.037539,25.074315,24.559441,24.640350,28829900
2012-04-30,24.530010,24.574142,24.073980,24.301996,26263300
2012-05-01,24.213735,24.941914,24.088696,24.713898,35450300
2012-05-02,24.485877,24.515299,24.022490,24.051912,32805100
2012-05-03,24.118136,24.213785,23.698755,23.897409,31713200
2012-05-04,23.794397,23.948906,23.227864,23.249937,34461400
2012-05-07,22.911497,23.529533,22.852636,23.301449,36302400
2012-05-08,22.867348,23.257300,22.808488,23.043930,27727300
2012-05-09,22.720191,22.808482,22.219877,22.403816,47974900
2012-05-10,22.882065,23.139581,22.411180,22.550974,36923000
2012-05-11,21.601850,22.050661,21.425268,21.594492,59709500
2012-05-14,21.256042,21.462055,20.645363,20.704224,51814200
2012-05-15,20.880801,21.042668,20.343698,20.446705,60977400
2012-05-16,20.674791,20.924949,19.799239,19.806597,54396100
2012-05-17,19.843388,20.159764,19.372503,19.431364,68419000
2012-05-18,19.475508,19.534369,19.004624,19.137060,60358300
2012-05-21,19.276851,19.674160,18.945760,19.313639,47884900
2012-05-22,19.607942,20.380488,19.512294,19.806597,50788200
2012-05-23,19.519650,19.990534,19.188558,19.975819,48579300
2012-05-24,20.056748,20.181827,19.357778,19.615294,40744800
2012-05-25,19.401931,19.813955,19.387216,19.475506,25276300
2012-05-29,19.747736,19.916960,19.622657,19.880173,27076800
2012-05-30,19.519660,19.578520,19.114992,19.129707,33578900
2012-05-31,19.276852,19.703591,19.026694,19.504936,37222100
2012-06-01,19.026692,19.188558,18.577880,18.680885,41527800
2012-06-04,18.732392,18.783896,18.106999,18.261507,38793800
2012-06-05,18.210009,19.041414,18.202651,18.945766,36086100
2012-06-06,19.357785,19.975822,19.137058,19.968464,47077900
2012-06-07,20.431988,20.564425,19.630012,19.799236,44148600
2012-06-08,19.600588,20.446711,19.394577,20.431995,36994900
2012-06-11,20.917586,20.969089,19.446071,19.482859,58250900
2012-06-12,19.615299,20.343698,19.438717,20.321627,43147200
2012-06-13,20.115614,20.674790,19.916959,20.358414,46785400
2012-06-14,20.424631,20.718934,20.284836,20.534994,45508800
2012-06-15,20.674795,20.829304,19.939037,20.829304,60019800
2012-06-18,20.586493,20.689500,20.233329,20.270117,32822200
2012-06-19,20.549717,21.108893,20.512929,20.969099,42654400
2012-06-20,21.116246,21.565057,20.880802,21.233967,47693300
2012-06-21,21.248678,21.484122,20.424631,20.476133,39787200
2012-06-22,20.718932,20.880798,20.454059,20.593853,29956200
2012-06-25,20.056747,20.108250,19.497572,19.681511,43716100
2012-06-26,19.747731,19.939029,19.549077,19.666798,34250300
2012-06-27,19.725659,20.027320,19.497575,19.939030,29528900
2012-06-28,19.468150,19.674162,18.857471,19.416647,68262300
2012-06-29,20.196555,20.299560,19.872821,20.167124,54296400
2012-07-02,20.211259,20.549708,19.843380,20.203901,29971400
2012-07-03,20.159757,20.431988,20.005249,20.343697,14966500
2012-07-05,20.248051,20.321627,19.644730,19.747736,31836300
2012-07-06,19.453432,19.696232,19.203274,19.394571,27552100
2012-07-09,19.284209,19.409288,18.982548,19.210634,27902500
2012-07-10,19.453426,19.578505,18.908966,19.041401,27895100
2012-07-11,19.100271,19.468150,18.923689,19.034054,37863200
2012-07-12,18.842757,18.872186,18.504307,18.599957,36919200
2012-07-13,18.820684,19.843387,18.791254,19.607944,48422100
2012-07-16,20.196548,20.255409,19.585869,19.725662,59427600
2012-07-17,19.961103,20.167116,19.578510,20.145042,39561100
2012-07-18,20.005248,20.233332,19.799235,19.939030,32283900
2012-07-19,19.983181,20.122975,19.460793,19.563799,33200800
2012-07-20,19.320999,19.320999,19.019338,19.034054,31663300
2012-07-23,18.467513,18.702955,18.401295,18.644094,39012600
2012-07-24,18.717676,18.754464,18.327724,18.570524,35737900
2012-07-25,18.739749,19.203278,18.732392,18.975193,37005900
2012-07-26,19.475503,19.512292,19.129698,19.335711,29947900
2012-07-27,19.571160,20.306917,19.387220,20.086189,52233900
2012-07-30,20.049398,20.145046,19.850743,19.968464,26263900
2012-07-31,19.850744,20.064114,19.688878,19.961107,24735600
2012-08-01,20.086183,20.115614,19.497578,19.703590,38396000
2012-08-02,19.313500,19.607913,19.136852,19.269339,31938700
2012-08-03,19.755119,20.373387,19.578472,20.167297,39855200
2012-08-06,20.299771,21.146207,20.174645,21.021082,40063000
2012-08-07,21.065246,21.631989,21.028443,21.263973,39406800
2012-08-08,21.072613,21.447990,20.932768,21.241901,21628800
2012-08-09,21.197738,21.337585,21.065254,21.241901,17522000
2012-08-10,21.079969,21.337581,20.866520,21.271338,25277600
2012-08-13,21.227177,21.455347,21.006368,21.183016,22901800
2012-08-14,21.278699,21.484789,21.109412,21.175655,26002900
2012-08-15,21.094691,21.315501,21.021088,21.153574,19283200
2012-08-16,21.168294,21.300780,20.837079,21.212456,21641400
2012-08-17,21.278703,21.418549,21.190380,21.367027,27365000
2012-08-20,21.315502,22.066256,21.241900,22.066256,31880800
2012-08-21,22.250257,22.905326,22.184014,22.618273,64434500
2012-08-22,22.500516,22.758127,22.272346,22.441633,31092000
2012-08-23,22.419551,22.522596,21.676159,21.779203,31208400
2012-08-24,21.587831,22.036811,21.359661,21.955847,29697600
2012-08-27,22.007374,22.139860,21.654079,21.852808,24897100
2012-08-28,21.735044,22.000015,21.573116,21.595198,20453900
2012-08-29,21.543676,22.110421,21.492154,22.014736,26634600
2012-08-30,21.882249,21.926412,21.609917,21.823366,21811500
2012-08-31,22.007368,22.220818,21.742397,21.867521,25333200
2012-09-04,21.735039,22.132496,21.735039,21.860165,23189700
2012-09-05,21.874891,22.022098,21.786568,21.911694,18163900
2012-09-06,22.007372,22.927413,21.992651,22.905333,59369400
2012-09-07,23.111415,23.884250,23.111415,23.604557,52132900
2012-09-10,23.648724,23.994658,23.383752,23.427914,32084700
2012-09-11,23.472075,25.385761,23.052537,24.038820,37575500
2012-09-12,24.296438,24.715979,24.156593,24.325880,41363700
2012-09-13,24.266990,25.393119,24.024098,25.356318,62548500
2012-09-14,25.790579,25.945145,25.378400,25.606571,59510200
2012-09-17,25.371033,25.555041,24.914691,25.069260,31628600
2012-09-18,24.833741,25.025109,24.524606,24.980946,37055100
2012-09-19,25.047189,25.422567,24.936785,25.157595,44888800
2012-09-20,24.701248,25.017742,24.480436,24.885256,31832500
2012-09-21,25.275362,25.319525,24.664454,24.782219,30342600
2012-09-24,24.487799,24.863174,24.436277,24.649727,28090000
2012-09-25,24.789576,24.951504,24.178668,24.186029,37088900
2012-09-26,23.950504,24.141871,23.464721,23.928421,46571400
2012-09-27,24.171306,24.531963,23.965217,24.266991,32072500
2012-09-28,24.090342,24.377394,23.943135,24.082983,28952300
2012-10-01,24.289073,24.723332,24.068263,24.105064,33550700
2012-10-02,24.487796,24.568760,24.193382,24.480434,25460500
2012-10-03,24.612918,25.069260,24.325865,25.069260,34206500
2012-10-04,25.326883,25.827386,25.223839,25.731701,39524000
2012-10-05,26.048194,26.305807,25.466727,25.591854,42369700
2012-10-08,25.194388,25.680169,25.194388,25.599205,20622700
2012-10-09,25.628649,25.820019,25.407839,25.466721,29208800
2012-10-10,25.547691,25.893627,25.459368,25.864185,29302200
2012-10-11,26.254276,26.614934,26.026108,26.143873,44125600
2012-10-12,25.621296,26.239564,25.510890,25.577133,42554900
2012-10-15,26.055562,27.012404,25.908354,26.982962,76080200
2012-10-16,26.798950,27.527623,26.681185,27.417217,128150100
2012-10-17,27.726337,28.322524,27.645375,28.285723,69122700
2012-10-18,28.145889,28.499184,27.976599,28.278372,43728600
2012-10-19,27.991317,28.013400,27.240563,27.350969,59598800
2012-10-22,27.387773,27.785231,27.299450,27.763151,35734500
2012-10-23,27.225846,27.454014,27.085998,27.152241,36533100
2012-10-24,27.417213,27.748428,27.247926,27.454014,41788700
2012-10-25,27.763152,27.851475,27.159605,27.534981,32797300
2012-10-26,27.336238,27.461365,26.850457,26.938780,40482500
2012-10-31,27.218492,27.586509,27.041846,27.520266,34193700
2012-11-01,27.660130,27.976708,27.498158,27.939898,36174700
2012-11-02,28.050335,28.094510,27.615960,27.682220,24526300
2012-11-05,27.461359,27.674866,27.203680,27.476084,25782400
2012-11-06,27.571803,28.344844,27.557078,28.322758,39803700
2012-11-07,27.696957,27.822117,26.504266,26.541077,68287600
2012-11-08,26.842930,26.982815,26.467454,26.504265,40321600
2012-11-09,26.195047,26.887102,26.062526,26.452726,37701300
2012-11-12,26.592606,27.049071,26.474810,26.813475,24364200
2012-11-13,26.511612,27.071148,26.452715,26.622047,25977400
2012-11-14,26.717763,26.842920,25.687040,25.782751,49909500
2012-11-15,25.907907,26.357008,25.775386,25.922632,39677700
2012-11-16,25.878464,25.996261,25.156957,25.753304,52828200
2012-11-19,26.305477,26.813474,26.283391,26.577881,34352000
2012-11-20,26.393829,26.791394,26.283397,26.504265,37247900
2012-11-21,26.570524,26.570524,26.195048,26.334930,19638900
2012-11-23,26.474803,26.577874,26.371731,26.526339,13501300
2012-11-26,26.379108,26.386469,26.033079,26.187687,25519300
2012-11-27,26.158232,26.371740,25.782757,25.797482,31273300
2012-11-28,25.598702,25.826934,25.061255,25.819571,48663700
2012-11-29,26.047793,26.239211,25.782750,25.922632,31678000
2012-11-30,25.731216,25.944724,25.193769,25.451448,41674500
2012-12-03,25.738574,25.760662,25.127505,25.193766,38383600
2012-12-04,25.127509,25.407275,25.083335,25.245306,31781900
2012-12-05,25.966814,27.292026,25.841653,26.842926,84672900
2012-12-06,26.938640,27.262580,26.688321,27.255219,44260900
2012-12-07,27.549710,27.792667,27.468727,27.711681,43946600
2012-12-10,27.498164,27.608599,27.262571,27.380367,26715900
2012-12-11,27.557063,27.652774,27.115327,27.240484,29748900
2012-12-12,27.350921,27.844193,27.321471,27.630686,42252800
2012-12-13,27.608598,27.792656,27.402455,27.453991,30445400
2012-12-14,27.468716,27.741120,27.336195,27.682220,24596000
2012-12-17,27.807388,28.860196,27.800024,28.823385,52474700
2012-12-18,28.867555,29.405003,28.550977,29.051613,62611800
2012-12-19,29.220948,29.530166,28.941183,29.044254,45812600
2012-12-20,28.948537,29.581695,28.933813,29.574331,37806600
2012-12-21,28.639336,29.191508,28.344843,29.073711,47568200
2012-12-24,28.963274,29.117881,28.830752,28.992723,8674800
2012-12-26,29.014801,29.265119,28.845468,29.117872,20297700
2012-12-27,29.213592,29.360838,28.411101,28.897013,30332300
2012-12-28,28.580426,28.897005,28.543615,28.720308,24563800
2012-12-31,28.668765,29.154676,28.455260,29.125229,37172800
2013-01-02,30.119149,30.479902,29.964541,30.369467,45648500
2013-01-03,30.310569,30.553526,30.214861,30.472540,38343300
2013-01-04,30.744941,31.319202,30.649233,31.238216,46310100
2013-01-07,31.319204,31.326565,30.899553,31.267668,36305100
2013-01-08,31.135138,31.267660,30.943717,31.260296,28185200
2013-01-09,31.289749,31.841921,30.781752,30.951084,44923500
2013-01-10,31.171954,31.702040,30.906911,31.532707,42154200
2013-01-11,31.525356,31.532720,30.862749,31.171967,42517300
2013-01-14,31.186669,31.326551,30.708119,31.083597,26795300
2013-01-15,30.781747,31.466440,30.752297,31.341280,29118700
2013-01-16,31.319201,31.547430,31.105694,31.275026,36165300
2013-01-17,30.575597,30.641858,30.111775,30.362093,80185700
2013-01-18,30.384187,30.730216,30.266391,30.671316,40807100
2013-01-22,30.443095,30.789124,30.052894,30.759674,42035900
2013-01-23,30.811191,31.083598,30.582962,30.936352,32339300
2013-01-24,30.995244,31.805098,30.951072,31.510605,34462600
2013-01-25,31.753576,31.908183,31.378097,31.591604,26707200
2013-01-28,31.643153,31.643153,31.090981,31.171967,27213600
2013-01-29,30.973176,31.363376,30.884829,31.039436,26998900
2013-01-30,30.914271,31.054153,30.744936,30.884821,21801200
2013-01-31,30.840644,31.142570,30.649177,31.046837,21324700
2013-02-01,31.282475,31.812687,31.091011,31.680134,34997400
2013-02-04,31.201483,31.591780,31.054201,31.083658,25691500
2013-02-05,31.238306,31.812704,31.186758,31.606508,24224200
2013-02-06,31.311942,31.702236,31.297214,31.702236,22059300
2013-02-07,31.746420,32.026254,31.164659,31.569681,29381400
2013-02-08,31.628580,31.731676,31.341383,31.429750,17441800
2013-02-11,31.415032,31.959972,31.289844,31.775871,23462700
2013-02-12,31.842161,32.770031,31.665423,32.659569,39087500
2013-02-13,32.747929,32.902573,32.225079,32.401817,26663400
2013-02-14,32.276637,32.711113,32.217723,32.637474,20048500
2013-02-15,32.755291,32.777383,32.129348,32.283993,23244700
2013-02-19,32.394454,32.924664,32.364997,32.770020,23709100
2013-02-20,32.755286,32.755286,31.753775,31.827417,26464100
2013-02-21,31.510753,31.518116,30.847988,31.186733,37602900
2013-02-22,31.518128,31.643318,31.230930,31.510765,23756400
2013-02-25,31.753772,31.937873,30.222052,30.303057,34939800
2013-02-26,30.494528,30.619718,29.662390,30.406160,46233000
2013-02-27,30.413528,31.179390,30.207336,31.046837,29204600
2013-02-28,30.987924,31.437129,30.744909,30.906919,28914100
2013-03-01,30.604988,31.311936,30.207328,31.010010,29850300
2013-03-04,30.921645,31.621227,30.906916,31.621227,27216000
2013-03-05,31.967342,32.423912,31.739055,32.107258,43223400
2013-03-06,32.379730,32.954125,32.328182,32.828938,35986300
2013-03-07,32.814208,33.233959,32.733203,33.138226,40245900
2013-03-08,33.859897,34.390110,33.410690,34.375381,63728900
2013-03-11,34.471110,35.288517,34.169184,35.052868,51807400
2013-03-12,34.861409,34.942414,34.169189,34.574211,35089100
2013-03-13,34.522659,34.611027,34.117637,34.588936,27654300
2013-03-14,34.655227,35.097069,34.647861,34.949787,26017300
2013-03-15,34.993965,35.030784,34.552120,34.802498,48856400
2013-03-18,33.904091,34.287022,33.808358,34.051373,38550200
2013-03-19,34.242833,34.574216,33.432788,33.719986,44416000
2013-03-20,33.977726,34.213376,33.852539,33.940907,24498700
2013-03-21,33.808350,34.206009,33.300231,33.307594,33126900
2013-03-22,33.528515,33.535881,33.101402,33.307594,26449100
2013-03-25,33.697889,33.742074,32.644832,32.762657,32795800
2013-03-26,32.909940,33.204503,32.666927,33.013039,24940500
2013-03-27,32.718471,32.873116,32.519642,32.740562,26298000
2013-03-28,32.733193,32.954114,32.438630,32.578548,25355400
2013-04-01,32.637471,32.924668,32.151444,32.247177,19623400
2013-04-02,32.387089,32.755291,32.313450,32.482822,25145000
2013-04-03,32.379729,32.475459,31.076292,31.297213,47968100
2013-04-04,31.319302,31.650685,31.039470,31.496040,38527900
2013-04-05,30.744906,31.783237,30.634444,31.672775,32561500
2013-04-08,31.709595,32.121979,31.326664,32.077797,23502800
2013-04-09,32.173527,32.608006,32.166164,32.320808,26793500
2013-04-10,32.571194,33.322327,32.534374,33.182411,28334200
2013-04-11,33.211869,33.543251,32.880489,33.042496,28399900
2013-04-12,32.740566,32.998309,32.446006,32.976215,24702000
2013-04-15,33.948274,34.088192,33.013042,33.042496,56796300
2013-04-16,33.786262,34.449025,33.749442,34.360657,40230100
2013-04-17,33.985096,34.029279,33.189777,33.683170,36241300
2013-04-18,33.690537,33.690537,33.042500,33.204510,29877900
2013-04-19,33.462242,33.506428,33.071949,33.160316,23630500
2013-04-22,33.256039,33.329678,32.784741,33.248676,19919400
2013-04-23,33.454883,34.331204,33.432791,34.213379,28837900
2013-04-24,34.176559,34.927692,34.169196,34.699406,23560500
2013-04-25,34.750950,35.111790,34.537395,34.692039,25633900
2013-04-26,34.611038,34.773048,34.235472,34.552124,14989200
2013-04-29,34.750939,34.824581,34.397465,34.478470,14224700
2013-04-30,34.500573,34.758316,34.228104,34.360657,18085000
2013-05-01,34.228104,34.301746,33.609524,33.778896,21943100
2013-05-02,33.874644,34.390238,33.506362,34.279755,19996300
2013-05-03,34.706957,34.986852,34.522815,34.596474,20347400
2013-05-06,34.559648,35.391968,34.537552,34.972126,29160400
2013-05-07,35.200449,35.576096,34.883726,35.436150,27492800
2013-05-08,35.391960,36.430516,35.259378,36.305302,34220900
2013-05-09,36.297946,36.342141,35.568747,35.797081,27058600
2013-05-10,35.760256,36.003324,35.671869,35.907570,18476600
2013-05-13,35.723435,36.069622,35.649779,36.032791,17096400
2013-05-14,36.128555,36.975607,36.106459,36.894585,35998300
2013-05-15,36.798823,37.896307,36.754631,37.815285,40824400
2013-05-16,37.564844,37.830008,37.196561,37.277584,25290000
2013-05-17,37.667957,37.933121,37.410161,37.896294,23610900
2013-05-20,37.903652,38.375054,37.748974,38.006771,24697300
2013-05-21,37.859478,38.433998,37.859478,38.050983,28171000
2013-05-22,38.183561,38.956955,37.446996,37.564846,44035800
2013-05-23,36.239024,37.498550,36.224292,37.218655,42219400
2013-05-24,36.887208,37.226028,36.828282,37.211296,23094900
2013-05-28,37.793177,38.154093,37.623768,38.146729,28201000
2013-05-29,37.881580,38.735996,37.785826,38.507660,30015100
2013-05-30,38.500285,39.450455,38.478189,39.236851,30310100
2013-05-31,39.236855,39.362070,38.294052,38.294052,34618000
2013-06-03,38.345600,38.470815,37.277580,38.271942,35191300
2013-06-04,38.220378,38.758071,37.564836,37.734245,27899200
2013-06-05,37.645864,37.918393,36.651499,36.850372,38307500
2013-06-06,36.725159,37.461725,36.555749,37.439629,35143600
2013-06-07,37.763706,38.161452,37.454347,38.006771,30885500
2013-06-10,38.301407,38.389794,37.719519,38.249847,22354400
2013-06-11,37.343879,37.454362,36.695700,36.791454,51536900
2013-06-12,37.071348,37.159735,36.209565,36.415802,38569300
2013-06-13,36.297941,37.041874,35.944390,37.041874,34191300
2013-06-14,36.990319,37.086071,36.231655,36.253754,27362500
2013-06-17,36.688328,37.115534,36.128536,36.356873,32128600
2013-06-18,36.474728,37.012421,36.452632,36.835644,19535800
2013-06-19,36.820912,37.049246,36.393703,36.482090,32511000
2013-06-20,36.018052,36.099072,35.016322,35.281487,48678600
2013-06-21,35.524561,35.605583,33.521101,34.522831,76788800
2013-06-24,33.712604,33.904110,33.189643,33.469536,50809800
2013-06-25,33.999872,34.869020,33.970409,34.618587,38838900
2013-06-26,35.207837,35.222568,34.655412,35.067890,30623500
2013-06-27,35.458256,35.863366,35.215191,35.561375,29309200
2013-06-28,35.443541,35.642414,35.112085,35.333057,28063600
2013-07-01,35.723440,36.239037,34.397623,35.539299,27234700
2013-07-02,35.554017,36.209559,35.185734,35.465630,26615400
2013-07-03,34.964773,35.185742,34.729072,35.112083,15269700
2013-07-05,35.539277,35.782344,35.185726,35.745514,21649800
2013-07-08,36.032798,36.658881,35.944411,36.474739,26617000
2013-07-09,36.828270,37.012412,36.386332,36.982948,29512900
2013-07-10,36.761993,37.005061,36.474733,36.555756,23768300
2013-07-11,37.284941,37.299673,36.496816,36.857735,31097900
2013-07-12,36.938763,37.446992,36.776718,37.424896,26672500
2013-07-15,38.330871,38.419258,37.572206,38.161461,57329500
2013-07-16,38.301397,38.618120,37.940478,38.176182,33099000
2013-07-17,38.294042,38.588667,38.139361,38.146729,34814200
2013-07-18,38.419253,38.816999,38.338230,38.809631,33211400
2013-07-19,38.765437,38.780168,38.411886,38.559196,21762600
2013-07-22,38.581317,39.037987,38.419271,39.037987,20047200
2013-07-23,39.163194,39.258949,38.787547,38.949593,19492100
2013-07-24,39.023252,39.163198,38.382440,38.441364,22674500
2013-07-25,38.286683,38.817011,37.859477,38.787548,23057000
2013-07-26,38.610767,38.640230,38.168829,38.456089,16248100
2013-07-29,38.227748,38.264576,37.785807,38.036240,16327800
2013-07-30,38.168829,38.301411,37.925764,38.139366,16099700
2013-07-31,38.087810,39.008517,38.087810,38.404533,27860500
2013-08-01,38.927587,39.192802,38.853918,38.942322,20583300
2013-08-02,38.927579,39.082287,38.677099,39.045452,15440000
2013-08-05,38.993907,39.126514,38.861299,38.949703,10699700
2013-08-06,38.743412,38.817081,37.866732,37.925667,23692600
2013-08-07,37.579412,38.043538,37.424704,37.940399,18613400
2013-08-08,38.375059,38.397159,37.623618,38.146679,18623800
2013-08-09,38.102480,38.308757,37.748861,37.807796,15613000
2013-08-12,37.572044,37.660449,37.314198,37.498375,17413200
2013-08-13,37.601521,38.419266,37.380509,38.139317,23814200
2013-08-14,38.271913,38.632898,37.999333,38.006699,17240200
2013-08-15,37.586791,37.645726,37.078464,37.468918,26231400
2013-08-16,37.343666,37.630984,36.997416,37.093185,23497000
2013-08-19,36.879547,36.931116,36.319648,36.341751,22958800
2013-08-20,36.297548,37.019520,35.929194,36.776405,29313400
2013-08-21,36.687995,36.791133,36.120730,36.216503,30669600
2013-08-22,36.584870,37.034262,36.304921,36.769047,22411800
2013-08-23,36.916383,37.078459,36.606965,36.710106,15302800
2013-08-26,36.687995,37.085817,36.540653,36.540653,16604100
2013-08-27,35.980773,36.349126,35.479812,35.538750,29854200
2013-08-28,35.398771,36.047074,35.096722,35.590317,29616600
2013-08-29,35.656606,36.024960,35.560834,35.708176,17293800
2013-08-30,35.884984,35.884984,35.214581,35.605038,24902000
2013-09-03,36.371201,36.717454,35.627128,36.371201,28906900
2013-09-04,36.327010,36.798502,36.187034,36.540653,18949600
2013-09-05,36.724851,36.982700,36.555409,36.732220,17765800
2013-09-06,36.967950,36.967950,36.017597,36.260712,24627200
2013-09-09,36.459642,36.923765,36.363869,36.901665,22388100
2013-09-10,37.380509,37.962505,37.233167,37.638355,24843900
2013-09-11,37.601519,37.660454,37.026885,37.373138,22251600
2013-09-12,37.321585,37.395255,36.813258,37.026901,21341600
2013-09-13,37.048997,37.292109,36.997427,37.196339,12571800
2013-09-16,37.712014,37.903559,37.380498,37.572041,19369100
2013-09-17,37.682560,37.778330,37.476280,37.719395,15469000
2013-09-18,37.586779,38.794978,37.557310,38.463459,31901700
2013-09-19,38.861296,38.957068,38.235096,38.271931,25368500
2013-09-20,38.330864,38.382433,37.660461,37.726765,28157600
2013-09-23,36.798512,36.960585,36.312285,36.518562,34571800
2013-09-24,36.415421,36.452256,36.047068,36.069168,26564600
2013-09-25,36.128103,36.496456,35.855519,36.290176,26930400
2013-09-26,36.297558,36.459634,35.730293,36.047077,23345400
2013-09-27,35.921828,36.245981,35.870259,36.017601,20243100
2013-09-30,35.560840,35.995497,35.236690,35.737648,23789300
2013-10-01,35.988128,36.172305,35.671344,35.803951,21040400
2013-10-02,35.671345,36.135471,35.479802,35.884991,23568300
2013-10-03,35.958670,36.083909,35.384036,35.656620,22013300
2013-10-04,35.693455,36.238617,35.641886,36.201782,18436000
2013-10-07,35.818695,35.855530,35.479811,35.494545,19144300
2013-10-08,35.524004,35.693446,35.081978,35.118813,24655300
2013-10-09,35.347196,35.641880,35.067247,35.325096,22597700
2013-10-10,35.951301,36.371224,35.781859,36.297554,23989600
2013-10-11,36.356482,36.363850,35.877624,36.260712,22990000
2013-10-14,35.973392,36.761667,35.767112,36.540653,24765900
2013-10-15,36.606968,36.827982,35.840795,35.995502,49035600
2013-10-16,36.415436,37.498397,36.297563,37.454193,41564100
2013-10-17,37.115292,37.734126,37.048989,37.660454,28304600
2013-10-18,37.844630,37.844630,37.432076,37.682556,24565300
2013-10-21,37.712016,37.991965,37.572043,37.594143,18703100
2013-10-22,37.807794,37.859363,37.262632,37.395237,27816600
2013-10-23,37.181606,37.225807,36.776415,36.975327,19530800
2013-10-24,37.034270,37.063739,36.665916,36.945866,20034600
2013-10-25,36.857440,37.026882,36.798505,36.879543,16736600
2013-10-28,36.842724,37.078473,36.805889,36.945866,15543300
2013-10-29,37.034252,37.174226,36.886910,36.997417,16416100
2013-10-30,37.203706,37.203706,36.533303,36.754314,22429200
2013-10-31,36.651138,36.651138,35.936389,35.943756,25056900
2013-11-01,36.010092,36.120621,35.818511,35.914303,19004100
2013-11-04,35.987975,36.209031,35.796395,35.833237,16513900
2013-11-05,35.737451,35.825872,35.538499,35.649029,18394200
2013-11-06,35.929034,35.973246,35.656398,35.825874,17621500
2013-11-07,36.054300,36.201671,35.626923,35.626923,26954900
2013-11-08,35.715352,36.968003,35.715352,36.798527,35134400
2013-11-11,36.687988,37.063783,36.371140,36.967991,16831200
2013-11-12,36.842726,36.850094,36.363770,36.489037,21627500
2013-11-13,36.312204,36.835373,36.120623,36.835373,23536400
2013-11-14,36.850092,37.056413,36.511139,36.997463,21758300
2013-11-15,36.982732,37.417477,36.872206,37.137474,22217400
2013-11-18,37.432210,37.874325,37.262734,37.424843,26353400
2013-11-19,37.402724,37.903785,37.292197,37.704834,20113300
2013-11-20,37.616410,37.793256,37.299562,37.410091,18347200
2013-11-21,37.476434,38.294343,37.417484,38.117496,22868900
2013-11-22,38.272231,38.714345,38.198546,38.618553,26051300
2013-11-25,38.677507,39.554364,38.670137,39.266991,32610000
2013-11-26,39.126967,39.392235,39.023808,39.060650,17661000
2013-11-27,39.031187,39.244872,38.979607,39.090134,13075200
2013-11-29,39.134347,39.488037,38.950133,38.994343,10952100
2013-12-02,39.023816,39.355401,38.706968,38.773285,19854900
2013-12-03,38.662770,38.876456,38.117496,38.412239,20588400
2013-12-04,37.682743,38.544864,37.616426,38.345913,32155300
2013-12-05,38.029072,38.169073,37.542748,37.623802,23556900
2013-12-06,38.124853,38.309067,37.726951,37.940639,19714300
2013-12-09,38.272225,38.655389,38.257487,38.397491,16653500
2013-12-10,38.279598,38.765922,38.088014,38.124859,20025700
2013-12-11,38.036428,38.058536,37.233256,37.365891,24600000
2013-12-12,37.579573,37.682732,37.041670,37.513256,27240800
2013-12-13,37.564847,37.719586,37.343791,37.557480,16743600
2013-12-16,37.866955,38.029064,37.446948,37.505898,20312000
2013-12-17,37.579576,37.616419,37.247991,37.351151,17951700
2013-12-18,37.439595,38.368030,37.085905,38.286976,32921300
2013-12-19,38.117483,38.412226,37.911164,38.228012,20127100
2013-12-20,38.338531,38.640641,38.242742,38.471165,27871300
2013-12-23,38.677503,38.788029,38.478552,38.618553,13627500
2013-12-24,38.581702,38.662757,38.375384,38.633282,5302600
2013-12-26,38.773280,38.824860,38.463803,38.574329,8882900
2013-12-27,38.581709,38.618552,38.456443,38.508022,11814500
2013-12-30,38.500640,38.640641,38.191163,38.257477,11506000
2013-12-31,38.286962,38.404859,38.176436,38.397491,10706800
2014-01-02,38.338546,38.611184,38.176440,38.515392,16479700
2014-01-03,38.603813,39.399617,38.544866,39.348038,26884900
2014-01-06,39.510158,40.003852,39.370156,39.650162,28503100
2014-01-07,40.224901,40.320693,39.628048,39.922791,28840400
2014-01-08,40.003848,40.527014,39.937531,40.387012,25989800
2014-01-09,40.527002,40.733321,40.350156,40.674374,21803700
2014-01-10,40.549109,40.593322,40.011206,40.320686,22485900
2014-01-13,40.129103,40.276474,39.377511,39.583832,21110300
2014-01-14,39.885930,40.084881,39.517503,39.753296,17771000
2014-01-15,40.173319,40.652273,40.055423,40.519642,33688100
2014-01-16,39.465943,39.465943,38.574346,38.758560,62946800
2014-01-17,38.795398,38.994346,38.412233,38.515392,33934500
2014-01-21,38.684870,39.053298,37.992228,38.205914,27567400
2014-01-22,38.323808,38.412232,37.955380,38.242756,20841100
2014-01-23,38.058551,38.058551,37.248009,37.373276,34832200
2014-01-24,36.879574,36.967996,36.164827,36.349041,59057100
2014-01-27,36.179559,36.592199,35.634289,35.965874,39675300
2014-01-28,36.319558,36.739565,36.319558,36.547981,24780900
2014-01-29,36.046922,36.371140,35.147962,35.427967,54018100
2014-01-30,35.715410,35.892293,35.214244,35.597488,39940700
2014-01-31,35.015247,35.523784,34.853107,34.956287,33425100
2014-02-03,35.258462,35.273203,34.042398,34.152950,42977600
2014-02-04,34.639369,35.007873,34.403527,34.477226,31286900
2014-02-05,34.462482,34.912057,34.130830,34.683586,32535500
2014-02-06,34.934175,35.575371,34.838363,35.560631,33905600
2014-02-07,36.179716,36.400818,35.759622,36.363968,37875700
2014-02-10,36.518743,36.651405,35.988099,36.349232,19630100
2014-02-11,36.290266,36.747210,36.083902,36.599808,22982800
2014-02-12,36.688242,36.960937,36.592433,36.820904,23626300
2014-02-13,36.164982,36.798809,36.150242,36.747219,20639800
2014-02-14,36.533470,36.717722,36.415549,36.496620,18780600
2014-02-18,36.511380,36.784073,36.378719,36.393459,16217800
2014-02-19,36.120761,36.341866,35.516415,35.516415,30294400
2014-02-20,35.730135,35.774356,35.295300,35.472183,25234100
2014-02-21,35.538519,35.744880,35.450076,35.567997,26881700
2014-02-24,35.619606,36.467164,35.604865,36.098660,23874000
2014-02-25,36.069155,36.157598,35.597471,35.671173,20495500
2014-02-26,35.693300,35.825961,35.140544,35.612228,28822100
2014-02-27,35.442711,35.884914,35.346899,35.884914,18598300
2014-02-28,35.575367,36.327116,35.457446,35.840691,31732000
2014-03-03,35.228978,35.560632,35.044726,35.088947,28678000
2014-03-04,35.619602,36.083915,35.479568,35.988106,23940500
2014-03-05,36.142874,36.791440,36.083912,36.422935,23620700
2014-03-06,36.776702,36.990433,36.614560,36.636669,26967000
2014-03-07,37.005159,37.152561,36.386072,36.570324,25775500
2014-03-10,36.231305,36.562959,36.172346,36.533478,15397100
2014-03-11,36.688254,36.717735,35.671185,35.693295,33244300
2014-03-12,35.464822,35.479562,35.199498,35.361641,25822400
2014-03-13,35.501668,35.597479,34.690960,34.882584,38925400
2014-03-14,34.912062,35.243716,34.484599,34.550930,26135900
2014-03-17,34.985766,35.228978,34.867845,35.177387,18928200
2014-03-18,35.192140,35.479572,35.007888,35.479572,19517200
2014-03-19,35.538509,36.496619,35.391107,36.069153,30308800
2014-03-20,36.327110,37.189408,36.120746,37.012527,33885600
2014-03-21,37.587413,37.587413,36.747224,36.909367,38388600
2014-03-24,36.997797,37.329452,36.688253,36.887245,21170300
2014-03-25,37.005157,37.263111,36.887235,37.071487,17484200
2014-03-26,37.241003,37.277856,36.614548,36.968311,36784700
2014-03-27,34.956283,35.523779,34.720441,34.971024,112601000
2014-03-28,35.170022,35.192131,34.661485,34.823627,39796000
2014-03-31,35.029979,35.302674,34.985761,35.081570,25651000
2014-04-01,35.170010,35.560624,35.118420,35.228970,26810400
2014-04-02,35.486922,35.641693,35.177378,35.553253,22354300
2014-04-03,35.332150,35.376372,34.912056,35.140530,29237100
2014-04-04,35.177372,35.221594,34.528805,34.720428,33010000
2014-04-07,34.727799,34.764649,34.116084,34.307705,30145300
2014-04-08,34.292984,34.528826,33.990810,34.344574,26874900
2014-04-09,34.477222,34.779395,34.138199,34.757286,22373200
2014-04-10,34.816252,34.838362,33.990801,34.071873,27170000
2014-04-11,33.681260,34.211903,33.298015,33.666519,31063200
2014-04-14,34.934170,35.228971,34.624625,35.133160,51962300
2014-04-15,35.346900,35.715404,35.111058,35.604855,36511600
2014-04-16,35.789089,35.833308,35.066822,35.509026,24654500
2014-04-17,35.516397,35.700649,35.368998,35.538509,21360900
2014-04-21,35.509040,35.538521,35.206867,35.258457,17044500
2014-04-22,35.302677,35.781730,35.265824,35.391117,18584800
2014-04-23,35.376369,35.744873,35.310038,35.671173,13497900
2014-04-24,35.708042,35.803854,35.383757,35.619602,14699100
2014-04-25,35.464816,35.685917,35.140533,35.192123,18117600
2014-04-28,35.111056,35.354270,34.676222,34.860474,25780300
2014-04-29,35.081560,35.523767,34.934161,35.494286,16942400
2014-04-30,35.472194,35.619596,35.258461,35.310051,17077200
2014-05-01,35.243708,35.486970,35.081532,35.206848,10931500
2014-05-02,35.258433,35.538552,35.007798,35.184715,15358500
2014-05-05,34.794021,34.875110,34.499156,34.779278,16845800
2014-05-06,34.653973,34.683461,34.152706,34.174820,21786700
2014-05-07,34.307507,34.521285,34.145331,34.425453,17502000
2014-05-08,34.425455,35.007814,34.425455,34.749805,16065700
2014-05-09,34.676079,34.816138,34.432814,34.639221,15185800
2014-05-12,34.808769,34.941459,34.676080,34.845627,13305600
2014-05-13,34.904610,35.007815,34.816151,34.956211,12615200
2014-05-14,35.015180,35.022550,34.631856,34.735058,12405600
2014-05-15,34.536021,34.602365,34.020010,34.292759,21174400
2014-05-16,34.233784,34.410704,34.034750,34.233784,17186900
2014-05-19,33.983147,34.491791,33.968406,34.477047,13621000
2014-05-20,34.366481,34.609746,34.189564,34.314880,11789800
2014-05-21,34.521293,34.712954,34.418088,34.536034,12822600
2014-05-22,34.484427,34.757179,34.477056,34.749805,12711900
2014-05-23,34.816151,34.941470,34.712949,34.860382,9571800
2014-05-27,35.103641,35.641769,34.948838,35.066784,24503800
2014-05-28,35.000442,35.302678,34.875125,34.882496,14178100
2014-05-29,34.904598,35.015173,34.801396,34.852997,15552800
2014-05-30,34.786662,35.088898,34.757177,35.066784,11538700
2014-06-02,35.088902,35.354281,34.963586,35.206848,11887400
2014-06-03,35.022545,35.575416,34.985688,35.523815,16105800
2014-06-04,35.413245,35.531191,35.251069,35.295300,13075300
2014-06-05,35.391137,35.973495,35.302678,35.848179,17048300
2014-06-06,35.899774,36.268355,35.840800,36.069321,19149500
2014-06-09,36.113552,36.555848,36.084065,36.548477,14235700
2014-06-10,36.482131,36.489501,36.113550,36.364185,12769300
2014-06-11,36.143035,36.319955,35.855543,35.980862,13944200
2014-06-12,35.840800,35.907144,35.457475,35.582794,15670200
2014-06-13,35.486951,35.877645,34.735046,35.081512,34838700
2014-06-16,34.993073,35.221591,34.676093,35.118389,12790900
2014-06-17,35.000437,35.420619,34.904605,35.228958,13946300
2014-06-18,35.214211,35.383758,34.948833,35.332157,14468500
2014-06-19,35.346903,35.361646,34.897234,35.059410,15747900
2014-06-20,35.214223,35.251081,34.698209,34.897243,18832900
2014-06-23,34.742429,35.516449,34.720313,35.427990,18431400
2014-06-24,35.273190,35.737603,35.169988,35.243706,16916400
2014-06-25,35.140500,35.435366,35.059415,35.251076,12704600
2014-06-26,35.169988,35.192105,34.668718,34.816151,18875700
2014-06-27,34.808780,34.897238,34.587629,34.749805,19162000
2014-06-30,34.764533,34.867735,34.653958,34.720303,12290400
2014-07-01,34.956215,35.310056,34.808785,34.985703,16699800
2014-07-02,35.044653,35.568037,35.015166,35.391117,16774600
2014-07-03,35.663879,35.907141,35.435358,35.560677,13643100
2014-07-07,35.420623,35.464854,35.081530,35.369022,12052300
2014-07-08,35.162618,35.184732,34.830895,34.956211,13808800
2014-07-09,34.993068,35.140498,34.794034,34.926723,14195300
2014-07-10,34.432829,34.683464,34.314883,34.572891,18671600
2014-07-11,34.513909,34.653969,34.329619,34.646599,15205700
2014-07-14,35.877657,35.995606,35.641766,35.693367,36149700
2014-07-15,35.988231,36.460014,35.988231,36.334698,34419100
2014-07-16,36.482126,36.762245,36.415781,36.725388,23590400
2014-07-17,36.489493,36.843330,36.238858,36.253601,23847600
2014-07-18,36.482140,36.718031,36.349451,36.533741,15453900
2014-07-21,36.238854,36.467375,36.172510,36.378914,10920200
2014-07-22,36.563225,36.732774,36.401051,36.563225,13125500
2014-07-23,36.570598,37.293016,36.386307,36.990780,20099200
2014-07-24,37.020266,37.204557,36.828603,36.924435,13282600
2014-07-25,36.850704,37.005507,36.813843,36.880188,10082900
2014-07-28,36.821238,36.917070,36.519002,36.636948,12070400
2014-07-29,36.659048,36.762250,36.430527,36.430527,13165800
2014-07-30,36.614817,37.057116,36.585333,36.858082,15327600
2014-07-31,36.541054,36.806483,36.061802,36.061802,23550900
2014-08-01,35.825867,36.150282,35.317125,35.464584,21822700
2014-08-04,35.722630,35.759495,35.435080,35.641525,14277000
2014-08-05,35.582546,35.752129,35.132789,35.309742,15912700
2014-08-06,35.206518,35.781618,35.206518,35.494068,13038300
2014-08-07,35.759497,35.855348,35.309737,35.435081,12377000
2014-08-08,35.435068,35.759483,35.228620,35.722618,12001500
2014-08-11,35.796352,35.833217,35.560414,35.678383,9130300
2014-08-12,35.545675,35.892211,35.427706,35.715256,9238600
2014-08-13,35.847966,36.047040,35.781608,35.943817,8602600
2014-08-14,36.002811,36.238749,35.936453,36.224003,9693100
2014-08-15,36.341965,36.482053,35.626775,35.921700,16215300
2014-08-18,36.165019,36.555795,36.106036,36.504181,13199700
2014-08-19,36.518920,37.049784,36.511548,36.644264,13073300
2014-08-20,36.592646,36.806463,36.467302,36.717987,9039500
2014-08-21,36.843346,37.764982,36.718001,37.654385,24162400
2014-08-22,37.558527,38.096762,37.403693,37.551155,20002900
2014-08-25,37.809205,38.332696,37.809205,38.067265,17502900
2014-08-26,37.986169,38.627627,37.941930,38.435928,18384700
2014-08-27,38.428546,38.539144,38.104131,38.236847,13398400
2014-08-28,37.986167,38.059897,37.809212,37.890316,10255900
2014-08-29,37.993544,38.214740,37.941933,38.082024,8981300
2014-09-02,38.177858,38.325320,37.927173,38.310574,11452100
2014-09-03,38.517018,38.730836,38.369556,38.509644,15116800
2014-09-04,38.524391,38.988896,38.502273,38.686600,15694900
2014-09-05,38.568650,38.701366,38.133638,38.561275,17484800
2014-09-08,38.458042,38.907801,38.273715,38.376938,13557800
2014-09-09,38.074654,38.177877,37.691253,37.794476,14584100
2014-09-10,37.779721,38.332702,37.735481,38.214733,13013600
2014-09-11,38.052513,38.531762,37.986155,38.509644,14084300
2014-09-12,38.487542,38.974166,38.406438,38.620258,18329200
2014-09-15,38.612871,38.723468,38.281081,38.568634,12805700
2014-09-16,38.428551,38.642372,38.273717,38.605507,13221300
2014-09-17,38.576017,39.114252,38.502287,38.627628,20379900
2014-09-18,38.856198,39.740970,38.693989,39.564014,27307100
2014-09-19,39.799952,39.910549,39.269088,39.431297,22153100
2014-09-22,39.401806,39.623001,39.047898,39.106884,16654900
2014-09-23,38.893058,39.261712,38.893058,38.959415,14586000
2014-09-24,39.003652,39.313321,38.701356,39.269081,15606000
2014-09-25,39.246956,39.276449,38.310574,38.310574,19262500
2014-09-26,38.332716,38.775100,38.310594,38.701370,10474200
2014-09-29,38.155746,38.539147,37.838703,38.376938,13006900
2014-09-30,38.399054,38.701350,38.067264,38.207352,21787700
2014-10-01,38.104139,38.229480,37.521664,37.676498,20757500
2014-10-02,37.558535,37.986176,37.352089,37.787102,18393400
2014-10-03,38.126256,38.657120,38.074645,38.576015,17716300
2014-10-06,38.760329,38.834059,38.435914,38.546509,12675100
2014-10-07,38.332713,38.391696,37.801849,37.801849,16837100
2014-10-08,37.757609,38.782468,37.735491,38.738232,23356300
2014-10-09,38.693980,38.693980,37.610135,37.705986,22423700
2014-10-10,37.551149,37.816581,36.946556,36.946556,27764500
2014-10-13,36.968670,37.506905,36.762224,36.791718,26025900
2014-10-14,37.713356,38.067264,37.189865,37.949295,41368500
2014-10-15,37.529035,37.551153,35.471942,36.629517,55398300
2014-10-16,36.113401,37.020291,35.936448,36.681129,28295100
2014-10-17,37.226740,37.396321,36.673758,36.917068,21969900
2014-10-20,36.887567,37.322580,36.835956,37.256222,13796700
2014-10-21,37.632269,37.964058,37.418448,37.801849,17798300
2014-10-22,37.801835,38.192608,37.366822,37.381569,16664500
2014-10-23,37.787102,38.266354,37.669133,37.905071,15167500
2014-10-24,37.927176,38.244219,37.875565,38.192608,13284400
2014-10-27,37.956669,38.082013,37.728102,38.037773,12134600
2014-10-28,38.074651,38.723483,38.074651,38.664497,16529200
2014-10-29,38.693984,38.893058,38.406434,38.819328,16322200
2014-10-30,38.804577,39.379789,38.598092,39.195427,21027700
2014-10-31,39.379788,39.748513,39.077434,39.475655,27639400
2014-11-03,39.394533,39.637893,39.099555,39.431408,12123000
2014-11-04,39.291297,39.320795,38.811956,39.224926,13618000
2014-11-05,39.519906,39.903380,39.276546,39.837009,18546200
2014-11-06,39.800135,40.043492,39.682143,39.814884,13621300
2014-11-07,39.719006,39.829622,39.483022,39.637886,13479200
2014-11-10,39.505166,39.741150,39.483044,39.741150,11235500
2014-11-11,39.748522,39.888637,39.645277,39.682152,9524300
2014-11-12,39.335544,39.542029,39.136433,39.394539,10271800
2014-11-13,39.438781,39.512528,39.070057,39.409283,12668400
2014-11-14,39.313422,39.527281,39.276548,39.365044,11345500
2014-11-17,39.129056,39.556775,39.121680,39.505154,10191900
2014-11-18,39.497789,39.947631,39.460915,39.682152,12907700
2014-11-19,39.696886,39.696886,39.365033,39.571518,8664900
2014-11-20,39.269181,39.505164,39.165938,39.468292,9721900
2014-11-21,39.873872,40.080357,39.534646,39.571518,15142200
2014-11-24,39.778016,40.183615,39.645275,40.117245,13733900
2014-11-25,40.117242,40.205735,39.866509,40.065620,13212100
2014-11-26,40.154105,40.176227,39.822252,39.918121,8704200
2014-11-28,39.822248,39.954989,39.696883,39.800125,5876800
2014-12-01,39.674760,39.755879,39.121673,39.342907,13825700
2014-12-02,39.460905,40.168858,39.460905,40.087738,15964300
2014-12-03,40.168858,40.766190,40.050867,40.714569,21221500
2014-12-04,40.537588,40.876814,40.331100,40.692451,13407400
2014-12-05,40.943175,41.658502,40.898927,41.356148,21945900
2014-12-08,41.282410,41.997737,41.112797,41.570015,21799300
2014-12-09,40.884185,41.400400,40.331098,41.186539,26262900
2014-12-10,40.935799,41.238153,40.080358,40.168854,22464100
2014-12-11,40.301606,40.729325,40.131990,40.198360,20641300
2014-12-12,39.807507,40.080362,39.254420,39.379787,23137300
2014-12-15,39.881261,39.881261,38.730839,38.929951,20956200
2014-12-16,38.465343,38.966809,37.698396,37.735268,34745200
2014-12-17,37.764761,38.701322,37.691017,38.679199,26918800
2014-12-18,39.379795,39.896008,39.180684,39.896008,23478100
2014-12-19,39.814893,40.176242,39.637904,39.829639,22986200
2014-12-22,39.851756,40.021369,39.468282,39.792759,11742300
2014-12-23,39.837018,40.456476,39.770648,40.131996,12277000
2014-12-24,40.323728,40.485968,40.058246,40.220486,6237400
2014-12-26,40.286860,40.390103,40.124621,40.139370,6415100
2014-12-29,39.925497,40.618701,39.844377,40.360592,9887500
2014-12-30,40.198363,40.522843,40.006628,40.441723,8188600
2014-12-31,40.522839,40.611332,39.896005,39.903381,10193000
2015-01-02,40.087739,40.331096,39.667393,40.013992,11137800
2015-01-05,39.755888,39.792760,38.590719,38.752956,20945400
2015-01-06,38.848817,38.915187,37.263300,37.388668,31989300
2015-01-07,37.986000,38.015499,37.329671,37.735268,27890800
2015-01-08,38.177751,38.406361,37.978639,38.303116,17467200
2015-01-09,38.472732,38.524356,37.440304,37.447678,20180200
2015-01-12,37.477171,37.543542,36.894586,37.152695,22725800
2015-01-13,37.359182,37.779528,36.584861,36.887215,23201800
2015-01-14,36.105512,36.208755,35.227949,36.171883,44630800
2015-01-15,35.441808,35.574549,34.593740,34.829723,48799400
2015-01-16,34.438891,35.168965,34.365145,35.109970,32307000
2015-01-20,35.382817,35.397566,34.770735,34.851852,25561000
2015-01-21,34.932960,35.567167,34.770723,35.205818,22873300
2015-01-22,35.589299,36.688100,35.345943,36.555359,29652600
2015-01-23,36.496365,36.695474,35.847409,35.854782,18984700
2015-01-26,35.751540,36.157136,35.699919,36.053894,13817500
2015-01-27,35.427071,35.876915,35.227959,35.626183,16401200
2015-01-28,35.670423,35.773665,34.741238,34.741238,26065300
2015-01-29,34.719108,35.242807,34.542084,35.124790,19865700
2015-01-30,34.733864,35.205932,34.593720,34.630600,23729800
2015-02-02,34.815000,35.235435,34.593718,35.198555,19178200
2015-02-03,35.744369,36.304951,35.663232,36.054165,25220200
2015-02-04,35.825511,36.142681,35.626357,35.700119,19581800
2015-02-05,35.950912,36.142689,35.567357,35.803391,15481900
2015-02-06,36.437732,36.843414,36.186946,36.245953,25881500
2015-02-09,36.039412,36.518854,35.729616,36.297573,16364900
2015-02-10,36.880299,36.924556,36.245957,36.430359,17223700
2015-02-11,36.253323,36.791774,36.223818,36.644253,13079500
2015-02-12,36.836029,37.684276,36.710637,37.536755,28926800
2015-02-13,37.625268,37.979322,37.477749,37.765415,17448500
2015-02-17,37.581020,38.207983,37.544140,38.126846,14569400
2015-02-18,37.839177,38.112090,37.684280,37.927689,17666800
2015-02-19,37.824426,38.016205,37.647402,37.706409,11272000
2015-02-20,37.654766,38.289108,37.145820,38.193218,19429400
2015-02-23,38.008836,38.016213,37.433504,37.853939,15282600
2015-02-24,37.927689,38.576783,37.905562,38.281742,20250900
2015-02-25,38.097337,38.436635,38.023575,38.421883,10666000
2015-02-26,38.377626,38.716927,38.289114,38.657917,16358100
2015-02-27,38.591531,38.997214,38.480889,38.665291,18588400
2015-03-02,38.665303,39.476671,38.392390,39.454544,19384200
2015-03-03,39.786469,39.830727,39.410291,39.631573,24281900
2015-03-04,39.447155,39.727446,39.270131,39.587299,14698100
2015-03-05,39.616808,39.631560,39.203750,39.506168,13853800
2015-03-06,39.646310,39.838087,39.041474,39.137363,40296600
2015-03-09,39.004585,39.218489,38.923448,39.056217,17542600
2015-03-10,38.407133,38.576782,37.787544,37.787544,29061300
2015-03-11,38.075198,38.916068,38.001438,38.598900,32443600
2015-03-12,39.830711,40.361788,39.425028,39.889721,50191200
2015-03-13,39.756952,40.007738,39.284882,39.491413,20780600
2015-03-16,39.638945,39.860226,39.388159,39.602062,17031600
2015-03-17,39.247996,39.823330,39.211116,39.712688,13902900
2015-03-18,39.402903,39.786459,39.218502,39.624187,18383700
2015-03-19,39.513542,39.550421,38.503023,38.635792,21150000
2015-03-20,38.680065,39.218517,38.657938,39.078373,22466200
2015-03-23,39.115239,39.129992,38.709557,38.709557,13148900
2015-03-24,38.613663,38.680048,38.311245,38.311245,12887700
2015-03-25,38.340748,38.436638,37.876056,37.898186,15418200
2015-03-26,37.758034,37.957188,37.226960,37.758034,21839600
2015-03-27,37.979325,37.979325,37.411368,37.617897,16052400
2015-03-30,37.861302,38.355497,37.846550,38.089958,13289200
2015-03-31,37.809659,38.185840,37.735900,38.001438,13928900
2015-04-01,37.890802,38.281734,37.625263,38.075203,21577700
2015-04-02,38.119470,38.517778,38.053085,38.252239,13966900
2015-04-06,37.735905,38.325989,37.603136,38.075203,13250800
2015-04-07,38.230097,38.303856,37.905549,38.001438,11562700
2015-04-08,38.112102,38.517787,38.082600,38.274376,11773000
2015-04-09,38.156342,38.510392,38.126837,38.451385,13591400
2015-04-10,38.414519,38.857081,38.340757,38.672680,13032000
2015-04-13,38.709543,39.056218,38.657910,38.842312,11984400
2015-04-14,39.041469,39.093101,38.635787,38.893948,13259700
2015-04-15,39.041476,39.373399,38.908707,39.248005,19041100
2015-04-16,39.815962,40.170012,39.683192,39.845467,38345600
2015-04-17,39.469279,39.904466,39.056222,39.144733,23287000
2015-04-20,39.314394,39.513548,39.159498,39.240635,14730000
2015-04-21,39.351273,39.432410,38.539908,38.709557,19554400
2015-04-22,38.739060,39.373402,38.613666,39.166870,14873400
2015-04-23,39.100491,39.388159,38.960347,39.255390,13049600
2015-04-24,39.211140,39.255397,38.982481,39.019363,10150500
2015-04-27,39.004601,39.380779,38.930839,38.945591,15613000
2015-04-28,38.849693,39.166864,38.539900,39.107857,14134500
2015-04-29,38.834935,39.823327,38.805430,39.653675,22542400
2015-04-30,39.646310,39.808585,39.034096,39.329140,19420600
2015-05-01,39.565163,39.712685,39.321755,39.653675,13147600
2015-05-04,39.720063,40.022481,39.638929,39.956097,15670100
2015-05-05,39.823331,40.051987,39.277502,39.351261,20669100
2015-05-06,39.506164,39.756950,38.613659,38.960335,19414800
2015-05-07,38.827444,39.455002,38.694549,39.359024,14954200
2015-05-08,39.536228,39.949680,39.351652,39.883232,17333500
2015-05-11,39.809388,39.986583,39.720793,39.846306,13896800
2015-05-12,39.624807,39.853682,39.299954,39.676491,13336900
2015-05-13,39.661727,40.134242,39.484533,40.016113,15810400
2015-05-14,40.185929,40.407420,40.112100,40.311440,14250800
2015-05-15,40.304044,40.318811,39.890593,40.045639,10377200
2015-05-18,40.008724,40.532922,39.993957,40.363110,11717600
2015-05-19,40.451718,40.879933,40.422185,40.850403,18207400
2015-05-20,40.806111,40.828260,40.422192,40.525555,13954600
2015-05-21,40.377897,40.680602,40.318834,40.488644,11799200
2015-05-22,40.444323,40.850392,40.370493,40.584602,12652000
2015-05-26,40.422173,40.488621,39.875827,40.045639,16564500
2015-05-27,40.119491,40.592006,40.016129,40.510792,13699400
2015-05-28,40.473863,40.473863,40.030882,40.274521,13380900
2015-05-29,40.208078,40.230229,39.772478,39.927525,13841400
2015-06-01,40.370509,40.643681,40.193314,40.200699,18156300
2015-06-02,40.163775,40.621523,39.964432,40.400032,17765400
2015-06-03,40.636292,41.359830,40.614141,41.071892,21240500
2015-06-04,40.938999,41.345066,40.724890,40.850403,18517600
2015-06-05,41.359827,41.773279,41.226932,41.522255,26500400
2015-06-08,41.529640,41.714216,41.086658,41.086658,14961600
2015-06-09,41.027591,41.610852,40.769186,41.345062,15193100
2015-06-10,41.544412,42.238418,41.477965,42.098141,21275600
2015-06-11,42.231052,42.452543,42.031709,42.238434,19187100
2015-06-12,42.090745,42.267940,41.839722,42.164577,13860600
2015-06-15,41.802812,42.039069,41.426277,41.824963,17698400
2015-06-16,41.728966,42.179332,41.610837,42.135033,13563800
2015-06-17,42.135041,42.194106,41.625611,41.743740,17801900
2015-06-18,41.832344,41.994772,41.330297,41.906174,18739300
2015-06-19,41.721606,41.943099,41.470582,41.514881,18840500
2015-06-22,41.980000,42.238406,41.906168,42.046448,13011600
2015-06-23,42.290093,42.555884,42.171965,42.371307,16216100
2015-06-24,41.832352,42.075994,41.714223,41.832352,19235500
2015-06-25,42.075990,42.127671,41.477962,41.485344,12176200
2015-06-26,41.692069,41.824964,41.418894,41.596088,12148300
2015-06-29,40.636287,41.064502,40.496007,40.518158,22260400
2015-06-30,40.990687,41.108815,40.466491,40.783962,17737400
2015-07-01,41.352446,41.352446,40.783954,41.108807,17606100
2015-07-02,40.924228,41.234314,40.658438,40.879929,12062800
2015-07-06,40.451704,40.791324,40.237595,40.665813,12706200
2015-07-07,40.584614,40.643677,39.152301,40.237610,32011200
2015-07-08,39.728176,39.728176,38.960338,38.982487,26169400
2015-07-09,39.750327,39.979202,39.573132,39.654346,23540400
2015-07-10,40.274525,40.451720,40.089949,40.281910,16578700
2015-07-13,40.636295,41.116191,40.636295,41.005447,18803900
2015-07-14,40.879925,41.433654,40.783947,41.278610,18174900
2015-07-15,41.537027,41.928331,41.308154,41.684689,20470500
2015-07-16,42.747857,43.301585,42.607577,43.257286,41084000
2015-07-17,43.212969,43.478759,43.072692,43.375397,21055300
2015-07-20,43.530444,43.781468,43.286805,43.449230,16016600
2015-07-21,43.412321,43.788858,43.412321,43.633812,21541700
2015-07-22,43.648584,44.689593,43.582136,44.549316,30156200
2015-07-23,44.512387,44.999668,44.098935,44.202297,29432300
2015-07-24,44.076794,44.128475,43.065318,43.338490,24760800
2015-07-27,42.747841,43.065312,42.400837,42.792137,20378400
2015-07-28,43.153914,43.190829,42.659249,43.094849,12566700
2015-07-29,43.235117,43.670717,43.139136,43.500904,14460800
2015-07-30,43.397460,43.633918,43.079719,43.508301,11202100
2015-07-31,43.441805,43.478751,43.131452,43.197956,12529300
2015-08-03,43.316182,43.353128,42.821099,43.183174,10508700
2015-08-04,43.131446,43.500912,43.072333,43.205341,10984500
2015-08-05,43.552626,43.781696,43.301390,43.404842,10631000
2015-08-06,43.463970,43.567420,42.784154,42.931938,14707400
2015-08-07,42.991054,43.308795,42.444243,42.791542,11934000
2015-08-10,43.050153,43.478734,43.013207,43.404842,10812200
2015-08-11,42.865422,43.042767,42.296447,42.592018,18897600
2015-08-12,42.074783,42.296465,40.870326,42.052616,27428700
2015-08-13,42.141271,42.562462,41.749639,42.362953,15837900
2015-08-14,42.252111,42.651135,42.252111,42.555073,8864000
2015-08-17,42.237346,42.747208,42.111729,42.688095,11139200
2015-08-18,42.614199,42.798932,42.414690,42.525528,11593200
2015-08-19,42.252122,42.503359,41.793985,42.119114,17673200
2015-08-20,41.402351,41.609254,40.885101,40.885101,28455500
2015-08-21,40.197891,40.678195,39.591967,39.606743,33437500
2015-08-24,36.303723,38.816090,34.803690,37.197830,37767000
2015-08-25,38.941713,38.978659,36.857925,36.857925,27809200
2015-08-26,37.988474,38.705239,37.131314,38.631344,30721900
2015-08-27,39.303766,39.621507,38.683063,39.488499,26467300
2015-08-28,39.229893,39.577192,39.030381,39.370289,17205400
2015-08-31,39.259449,39.651082,38.956487,39.518074,20629000
2015-09-01,38.720017,38.720017,37.160870,37.641174,28621600
2015-09-02,38.284064,38.446627,37.678140,38.239727,17515800
2015-09-03,38.394885,38.949084,38.121481,38.269268,15708700
2015-09-04,37.781585,37.907202,37.035262,37.382561,19054500
2015-09-08,37.981100,38.335787,37.700305,38.165833,17160200
2015-09-09,38.720032,38.882595,37.486014,37.596855,16930900
2015-09-10,37.360386,38.054981,37.160874,37.737240,17467000
2015-09-11,37.692922,37.796375,37.412130,37.759426,12001800
2015-09-14,37.744629,37.818521,37.449055,37.670734,11427000
2015-09-15,37.818522,38.638737,37.729851,38.424446,17858900
2015-09-16,38.616568,38.949087,38.269272,38.860416,17369500
2015-09-17,38.875206,39.163389,37.966321,38.165833,24075200
2015-09-18,37.463835,37.567285,37.027865,37.160873,33404600
2015-09-21,37.552509,37.759409,37.212601,37.471226,14936600
2015-09-22,36.909642,37.279108,36.843138,37.227383,19610600
2015-09-23,37.242158,37.426891,36.909638,37.035255,13680200
2015-09-24,36.695352,36.761855,36.022924,36.303719,32241000
2015-09-25,37.072202,37.478617,36.850523,37.352997,22341800
2015-09-28,37.412113,37.463838,36.170707,36.229820,21919800
2015-09-29,36.244607,36.540181,35.816028,36.207661,16485000
2015-09-30,36.806192,36.828359,36.133764,36.658405,17629000
2015-10-01,36.518016,36.946597,36.370231,36.865314,16291000
2015-10-02,35.845587,36.857925,35.254442,36.857925,27320900
2015-10-05,37.242158,37.936753,37.197822,37.803745,14881200
2015-10-06,37.722468,38.054987,37.559904,37.729858,12602100
2015-10-07,38.040218,38.313622,37.604248,37.921989,16572000
2015-10-08,37.752030,38.306229,37.500793,38.165833,16903000
2015-10-09,38.291445,38.439232,37.633796,37.966316,14341200
2015-10-12,37.951526,38.047588,37.596839,37.892410,11187000
2015-10-13,37.574675,38.210156,37.559899,37.840691,13337900
2015-10-14,37.737240,37.848081,37.227378,37.478615,22288000
2015-10-15,38.298835,39.296391,37.774191,39.141216,31023100
2015-10-16,39.414610,39.429389,38.845632,38.934303,17569200
2015-10-19,38.690467,39.296391,38.668300,39.059933,13616200
2015-10-20,39.059937,39.311174,38.867814,39.045158,11195800
2015-10-21,39.155986,39.281603,38.269267,38.284046,15577800
2015-10-22,38.557450,39.067312,38.535283,38.801296,22320500
2015-10-23,39.163376,39.658459,39.126430,39.636292,19927100
2015-10-26,39.333350,39.599366,38.978663,39.244678,14530700
2015-10-27,38.949102,39.096889,38.601806,38.875210,13232400
2015-10-28,39.059922,40.611677,38.949081,40.441723,23403900
2015-10-29,40.308602,40.722784,39.657747,39.687332,23153900
2015-10-30,39.753890,39.805663,39.147413,39.324917,18430200
2015-11-02,39.532013,39.975776,39.450656,39.813065,11999700
2015-11-03,39.613362,40.227234,39.583777,40.057125,13518300
2015-11-04,40.212450,40.308600,39.687330,39.813065,16985200
2015-11-05,39.776087,40.234646,39.753900,40.049744,13632500
2015-11-06,41.247909,41.758237,41.040820,41.321869,21654400
2015-11-09,41.358835,41.558529,40.730170,41.203518,19921800
2015-11-10,41.070398,41.543746,40.678407,41.270092,17657400
2015-11-11,41.506769,41.521562,40.515695,40.604450,15834000
2015-11-12,40.323394,40.323394,39.532015,39.539410,17735000
2015-11-13,39.324917,39.628159,38.955113,39.324917,16828800
2015-11-16,39.169605,39.709518,38.821992,39.709518,14896600
2015-11-17,39.857449,40.101521,39.369308,39.561607,14845300
2015-11-18,39.827866,40.700604,39.761302,40.663624,19100300
2015-11-19,40.589660,40.900294,40.486116,40.722790,11997500
2015-11-20,40.952059,40.952059,40.345582,40.493504,14896000
2015-11-23,40.434332,40.560067,40.049739,40.145885,14547100
2015-11-24,39.798276,40.315999,39.724314,40.071930,12950900
2015-11-25,40.153295,40.182880,39.761301,39.997978,9859400
2015-11-27,39.983169,40.212446,39.731703,40.094109,5483300
2015-11-30,40.190261,40.279014,39.916608,40.005360,14603100
2015-12-01,40.234642,40.611840,40.123700,40.589653,11856000
2015-12-02,40.671019,40.693206,39.960993,40.042351,15288800
2015-12-03,40.249432,40.382561,39.458052,39.576389,19750000
2015-12-04,39.687345,40.922491,39.583800,40.744984,21464100
2015-12-07,40.508296,40.589653,39.872233,40.234642,15077300
2015-12-08,39.820476,39.946208,39.332335,39.487652,14785500
2015-12-09,39.236174,39.798277,38.688866,39.058670,19903700
2015-12-10,39.117842,39.376707,38.585324,38.940338,16333800
2015-12-11,38.415203,38.614897,37.475902,37.801331,24093500
2015-12-14,37.823538,38.259907,37.350189,37.793953,21586800
2015-12-15,38.348643,39.051270,38.348643,38.844181,21642300
2015-12-16,39.228779,39.946196,38.681468,39.864841,26044800
2015-12-17,39.946196,40.086723,38.984707,39.080856,17179600
2015-12-18,38.799807,38.962521,37.838318,37.875298,25509600
2015-12-21,38.245087,38.393009,37.779136,38.304256,16929000
2015-12-22,38.452198,38.555743,38.008432,38.466988,13241300
2015-12-23,38.681469,38.932936,38.518757,38.925541,14950200
2015-12-24,38.814598,39.177006,38.792410,38.984707,4671200
2015-12-28,38.881167,38.881167,38.430006,38.740643,8761700
2015-12-29,39.021696,39.361917,39.006906,39.184410,10155100
2015-12-30,39.080858,39.154817,38.644489,38.681469,8763300
2015-12-31,38.511367,38.748041,38.274693,38.274693,11281800
2016-01-04,37.535080,37.860506,37.120899,37.816132,23440200
2016-01-05,38.119365,38.171138,37.283608,37.616432,17444900
2016-01-06,37.054326,37.409340,36.802859,37.069118,22501800
2016-01-07,36.292542,36.521821,35.131358,35.175735,37902900
2016-01-08,36.041066,36.048463,34.044125,34.118088,30643000
2016-01-11,34.436128,34.754159,33.970174,34.650612,26284600
2016-01-12,35.131362,35.131362,34.221645,34.672806,26310000
2016-01-13,34.998240,35.020427,33.260163,33.422874,27925800
2016-01-14,33.592979,33.888823,32.964313,33.563396,30129500
2016-01-15,31.440717,32.313454,30.952576,31.411135,52452600
2016-01-19,31.692177,31.891872,30.812045,31.019135,39032700
2016-01-20,29.968881,30.346079,29.170104,29.946693,49905400
2016-01-21,29.961494,30.612350,29.606483,29.695238,34976700
2016-01-22,30.360883,30.582764,30.190773,30.368280,30187200
2016-01-25,30.183381,30.294321,29.177515,29.251474,31924000
2016-01-26,29.288452,30.168586,29.214492,29.954100,23508400
2016-01-27,29.857936,30.834217,29.754391,29.998463,28274800
2016-01-28,30.509443,30.650141,29.672654,29.909620,23212800
2016-01-29,30.213227,31.538759,30.198416,31.531355,36107600
2016-02-01,31.368439,31.716484,31.101851,31.457300,22860300
2016-02-02,30.998184,30.998184,29.828161,29.931833,31460900
2016-02-03,30.102145,30.146575,28.169387,29.887394,43680300
2016-02-04,29.702275,30.783435,29.657843,30.205830,26732600
2016-02-05,30.376135,30.687152,29.287570,29.517132,23599700
2016-02-08,28.983967,29.013589,27.532548,27.999077,35237100
2016-02-09,27.347411,28.191603,27.162280,27.776911,39767200
2016-02-10,28.510033,28.946940,27.680651,27.702866,33390000
2016-02-11,26.658735,26.777219,25.562766,25.903404,48945600
2016-02-12,26.680946,28.043504,26.643921,27.799133,38120400
2016-02-16,28.576675,29.043203,28.376734,28.798830,31802500
2016-02-17,29.406061,29.835564,29.250552,29.457897,29133500
2016-02-18,29.568980,29.613412,28.598897,28.821053,24107700
2016-02-19,28.747001,28.924727,28.184206,28.872890,22426000
2016-02-22,29.376436,29.598595,29.102445,29.265360,22028600
2016-02-23,28.969147,29.020984,28.169387,28.302681,26234200
2016-02-24,27.725080,28.273066,27.110449,28.206419,25912400
2016-02-25,28.310099,28.621119,28.147184,28.598902,19889500
2016-02-26,28.924720,29.635618,28.702561,29.250547,23757400
2016-02-29,29.198724,29.472715,28.769220,28.769220,22268700
2016-03-01,28.991384,30.576098,28.954356,30.561287,30606800
2016-03-02,30.539059,31.286983,30.427980,31.264769,28383800
2016-03-03,31.205520,31.746099,31.020389,31.716480,21835200
2016-03-04,31.894204,32.279274,31.449893,31.716480,28071000
2016-03-07,31.368438,31.790534,31.161093,31.553568,22134600
2016-03-08,31.212935,31.331418,30.353932,30.398361,26265000
2016-03-09,30.627932,30.679768,30.087353,30.472424,18573900
2016-03-10,30.813045,31.212926,30.072525,30.635319,21139800
2016-03-11,31.301808,31.849792,30.924141,31.834984,21068500
2016-03-14,31.590598,31.775728,31.257363,31.598001,15332700
2016-03-15,31.294388,31.560976,31.079639,31.538761,13784700
2016-03-16,31.198124,31.879401,30.731595,31.272175,22981000
2016-03-17,31.094440,31.790528,30.642722,31.731285,24262800
2016-03-18,32.160795,32.560676,32.027501,32.242252,30801900
2016-03-21,32.160803,32.775433,32.027509,32.286690,16226400
2016-03-22,32.042314,32.308902,31.775726,32.123772,14885100
2016-03-23,32.049712,32.212628,31.309192,31.375839,23989200
2016-03-24,30.938938,31.057421,30.383547,31.057421,22723400
2016-03-28,31.175906,31.235149,30.864889,31.042612,13062400
2016-03-29,30.938942,30.938942,30.465009,30.894512,18160100
2016-03-30,31.087032,31.538750,30.990764,31.012981,14763200
2016-03-31,30.975964,31.353628,30.798238,30.916721,15661700
2016-04-01,30.746409,31.546169,30.583493,31.449903,17749500
2016-04-04,31.368440,31.620217,31.087041,31.146284,14376300
2016-04-05,30.694567,31.027802,30.450194,30.738997,17867800
2016-04-06,30.753805,31.020393,30.502028,30.998178,16169900
2016-04-07,30.583482,30.716776,29.583781,29.820747,22618000
2016-04-08,30.257655,30.568673,29.894799,29.968853,14676100
2016-04-11,30.168796,30.738994,30.146578,30.450191,21083700
2016-04-12,30.568684,31.072239,30.450201,31.027809,19888700
2016-04-13,31.509136,32.945747,31.509136,32.768021,33135400
2016-04-14,32.686560,33.538160,32.597699,33.308598,26885100
2016-04-15,34.397166,34.478623,33.027202,33.264168,39168600
2016-04-18,32.893908,33.508541,32.738400,33.404869,22929900
2016-04-19,33.634425,34.012092,33.493727,33.789936,18833300
2016-04-20,33.871395,34.619320,33.863989,34.611916,21645700
2016-04-21,34.648948,34.767431,34.234256,34.508247,21538600
2016-04-22,34.574906,35.063649,34.523069,34.782253,17425900
2016-04-25,34.530461,34.752616,34.167605,34.574890,13480500
2016-04-26,34.589699,34.922934,34.374948,34.878502,15573600
2016-04-27,34.723005,35.426500,34.648954,35.048836,19444700
2016-04-28,34.685581,35.234144,34.507667,34.641102,18399500
2016-04-29,34.485432,34.737475,34.144433,34.307518,23922700
2016-05-02,34.500268,34.715246,34.025834,34.604050,13802500
2016-05-03,33.929469,33.973949,33.343839,33.781208,21186200
2016-05-04,33.269701,33.373483,32.743373,33.106613,24310500
2016-05-05,33.195562,33.417955,32.735955,32.787846,14912000
2016-05-06,32.476510,32.928703,32.409793,32.921291,17632500
2016-05-09,32.847165,33.069556,32.357905,32.535816,14251900
2016-05-10,32.869392,33.284523,32.698893,33.240044,13608900
2016-05-11,33.106598,33.640337,32.958337,32.965752,15997900
2016-05-12,33.240039,33.484667,32.446844,32.617344,15551500
2016-05-13,32.602521,33.039890,31.876044,31.957588,19433500
2016-05-16,31.957593,32.246701,31.831570,31.987246,17158400
2016-05-17,31.927937,32.535805,31.735199,32.394958,19943000
2016-05-18,32.432031,34.203746,32.432031,34.003593,37645200
2016-05-19,33.803439,34.144441,33.084376,33.403137,23036100
2016-05-20,33.669998,33.877565,33.202979,33.284523,19610200
2016-05-23,33.247460,33.492092,33.039896,33.440201,15050500
2016-05-24,33.692243,34.240806,33.588461,33.996178,18976500
2016-05-25,34.240806,35.286044,34.240806,34.796783,23944600
2016-05-26,34.870912,34.930215,34.151847,34.181499,16956600
2016-05-27,34.277872,34.596629,34.159263,34.529915,13854500
2016-05-31,34.752300,34.767127,34.329758,34.522495,21404000
2016-06-01,34.129612,34.833851,33.714481,34.796783,17212500
2016-06-02,34.737491,34.885752,34.544750,34.819035,15483800
2016-06-03,33.440194,33.803432,32.802673,33.647758,36961500
2016-06-06,33.647772,34.292706,33.514338,33.907230,17321400
2016-06-07,34.129612,34.174089,33.736720,33.758961,12089800
2016-06-08,33.714483,34.025832,33.581048,33.773788,13147300
2016-06-09,33.492101,33.514339,33.099210,33.366077,17069000
2016-06-10,32.817506,32.913876,32.380137,32.543224,23071100
2016-06-13,32.046554,32.661838,31.987251,31.994663,20612100
2016-06-14,31.905706,32.276358,30.778924,31.105097,27621300
2016-06-15,31.357133,31.794502,31.112505,31.142155,21934200
2016-06-16,30.845627,31.268169,30.504628,31.223690,19904800
2016-06-17,31.460913,31.831565,31.245938,31.490566,25113400
2016-06-20,32.217049,32.654418,31.712963,31.727789,20244000
2016-06-21,32.002068,32.031721,31.483158,31.816742,14714900
2016-06-22,31.779673,32.194804,31.609174,31.638826,18087600
2016-06-23,32.254109,32.988000,32.224459,32.958347,25703000
2016-06-24,30.119162,30.682552,29.844878,29.874531,71849800
2016-06-27,29.340792,29.385268,28.399336,28.525356,53380200
2016-06-28,29.511298,30.119167,29.059102,29.978317,38605600
2016-06-29,30.497213,31.275581,30.319302,31.223690,34004100
2016-06-30,31.638826,31.727781,30.897523,31.423847,34485400
2016-07-01,31.357143,31.646251,31.112514,31.260773,19399600
2016-07-05,30.675140,30.764096,29.963487,30.230356,25571100
2016-07-06,29.763332,30.452744,29.674373,30.437918,27713900
2016-07-07,30.638076,31.179227,30.460162,30.608423,24585500
2016-07-08,30.986490,31.334903,30.860469,31.119925,29468600
2016-07-11,31.423857,31.690727,31.349728,31.349728,19752600
2016-07-12,31.742602,32.231862,31.698123,32.202209,23803600
2016-07-13,32.120674,32.380129,31.890869,32.120674,20488200
2016-07-14,32.899044,33.188152,32.706304,32.950935,37093600
2016-07-15,32.950944,33.380898,32.506160,32.861988,29198800
2016-07-18,32.824908,33.284518,32.795258,33.039886,18683900
2016-07-19,32.758196,33.128848,32.661829,32.876804,15297300
2016-07-20,33.010228,33.136251,32.765599,32.965752,16547100
2016-07-21,32.988011,33.136273,32.698903,32.713730,14924900
2016-07-22,32.691480,32.884220,32.491330,32.839741,12764200
2016-07-25,32.847171,32.884235,32.550648,32.647018,14391400
2016-07-26,32.565470,32.795275,32.543232,32.728558,16152500
2016-07-27,32.765615,33.143679,32.713724,32.832333,17814200
2016-07-28,32.735615,32.862092,32.497538,32.795135,13239600
2016-07-29,32.638895,32.854653,32.557056,32.594257,13773700
2016-08-01,32.676092,32.750493,32.170180,32.304096,14794400
2016-08-02,32.162748,32.460346,31.619635,31.984192,20089100
2016-08-03,31.939547,32.690977,31.887468,32.653778,14708300
2016-08-04,32.542179,32.765376,32.482658,32.616577,11747900
2016-08-05,33.204331,34.022720,33.115050,34.015282,28566800
2016-08-08,34.097127,34.342643,33.836728,34.193844,16861600
2016-08-09,34.186407,34.305446,33.978088,34.149208,12203800
2016-08-10,34.074799,34.149200,33.769763,33.814404,16566700
2016-08-11,33.859038,34.156635,33.695361,34.022717,14819400
2016-08-12,33.784630,33.925987,33.643273,33.911110,12472900
2016-08-15,34.089677,34.595591,34.089677,34.513752,12252700
2016-08-16,34.409596,34.811352,34.327756,34.684872,15202100
2016-08-17,34.603033,34.818791,34.506316,34.692314,17899300
2016-08-18,34.647668,34.744387,34.379831,34.595589,14190300
2016-08-19,34.476547,34.662545,34.238470,34.617905,12207600
2016-08-22,34.536063,34.781582,34.409586,34.714622,11007500
2016-08-23,34.893190,35.012229,34.662552,34.662552,13345500
2016-08-24,34.692304,35.056858,34.625344,34.714622,16054400
2016-08-25,34.603026,34.833664,34.573268,34.759266,16520200
2016-08-26,34.841103,35.146139,34.744383,35.049419,23338500
2016-08-29,35.108943,35.480939,35.049425,35.161022,16700000
2016-08-30,35.161020,35.659495,35.131262,35.637177,17519800
2016-08-31,35.681819,35.845498,35.153586,35.518143,20826600
2016-09-01,35.577659,35.733897,34.789028,35.235424,19403900
2016-09-02,35.339596,35.495833,34.975039,35.347034,16293000
2016-09-06,35.347026,35.451187,34.707196,35.183350,17649500
2016-09-07,34.967580,35.443734,34.863422,35.324696,13610600
2016-09-08,35.309818,35.763653,35.205659,35.555336,15856400
2016-09-09,35.637187,35.838062,35.094070,35.094070,20468100
2016-09-12,34.699745,35.614854,34.469110,35.555336,22074800
2016-09-13,34.893181,35.183337,34.677423,34.908058,19885000
2016-09-14,34.885744,35.294939,34.729507,34.781586,19778400
2016-09-15,34.781604,35.205679,34.662565,35.027122,14133200
2016-09-16,34.669987,34.811347,34.402152,34.528629,24820800
2016-09-19,34.684871,35.146147,34.603031,34.662552,12759700
2016-09-20,34.997339,35.108936,34.558384,34.625343,13749400
2016-09-21,34.967583,35.175899,34.439350,34.893185,16605200
2016-09-22,34.960141,35.190777,34.781582,35.049419,16247600
2016-09-23,34.982466,35.309821,34.848547,35.079185,14793500
2016-09-26,34.603032,34.692313,34.097120,34.141758,22646700
2016-09-27,33.866464,34.580695,33.598627,34.498856,16165700
2016-09-28,34.655106,34.900621,34.297988,34.870861,15871600
2016-09-29,34.818782,35.265178,33.784635,34.074791,28066800
2016-09-30,34.469101,35.339569,34.268223,35.138691,25563100
2016-10-03,34.982460,35.161016,34.803901,34.989899,13819800
2016-10-04,35.041990,36.031499,35.027112,35.525585,25542000
2016-10-05,35.719022,36.366297,35.719022,36.195179,18173400
2016-10-06,36.329092,36.522529,35.986854,36.507648,15721000
2016-10-07,36.455578,36.760614,36.217501,36.663895,16584000
2016-10-10,36.797802,37.169798,36.730843,36.864761,14022700
2016-10-11,36.663875,36.939154,36.224921,36.448120,16033300
2016-10-12,36.433239,36.619236,36.202601,36.232361,14407300
2016-10-13,35.652059,36.217494,35.369344,36.061256,22302200
2016-10-14,36.901955,37.162353,36.001726,36.165405,28291800
2016-10-17,36.150539,36.559734,36.016621,36.157978,16655000
2016-10-18,36.589477,36.671317,36.314202,36.448120,18159900
2016-10-19,36.537407,36.983801,36.477887,36.812683,14663600
2016-10-20,36.797804,37.125162,36.611806,36.887085,13522600
2016-10-21,36.507651,36.924287,36.440691,36.879646,12728600
2016-10-24,37.065641,37.110282,36.842444,36.887085,10753500
2016-10-25,36.820122,37.058199,36.678762,36.894520,9790500
2016-10-26,36.656449,37.244203,36.611808,37.207001,13960000
2016-10-27,37.437632,37.645949,37.125157,37.147476,19181400
2016-10-28,37.184675,37.288833,36.418365,36.872200,17780300
2016-10-31,37.006124,37.095402,36.559728,36.567169,15173400
2016-11-01,36.753169,36.954044,36.009178,36.410931,20691100
2016-11-02,36.180290,36.254688,35.830613,36.113331,15824100
2016-11-03,36.225298,36.568668,35.844609,35.971504,16224300
2016-11-04,35.911788,36.426839,35.605743,35.956573,14152500
2016-11-07,36.770215,37.203158,36.732893,37.188229,19357600
2016-11-08,36.889643,37.344979,36.605993,37.255405,17548300
2016-11-09,37.374838,38.770702,36.926968,38.509445,59210400
2016-11-10,38.852800,40.457672,38.621402,40.017265,52067300
2016-11-11,39.382785,39.681367,38.516902,39.435040,41858600
2016-11-14,39.591795,40.972729,39.561936,40.815975,43113100
2016-11-15,40.300917,41.405665,40.091909,41.390736,33433800
2016-11-16,40.465149,41.054846,40.465149,40.778660,24200100
2016-11-17,40.756250,41.786354,40.577103,41.390736,24579000
2016-11-18,41.338498,41.681865,41.039916,41.398212,24990000
2016-11-21,41.771436,41.793832,41.159346,41.457928,20410400
2016-11-22,41.547501,41.913263,41.375817,41.875938,21975900
2016-11-23,42.025233,42.420855,41.659474,42.316349,19906300
2016-11-25,42.249168,42.398459,41.943123,42.383530,11488200
2016-11-28,41.696790,42.062549,41.375815,41.405674,23645000
2016-11-29,41.428071,41.756509,41.293710,41.443001,15725400
2016-11-30,41.972979,42.338741,41.846083,42.092411,24395100
2016-12-01,42.376068,42.973229,42.204385,42.749294,27592500
2016-12-02,42.697044,42.726903,41.749050,41.816231,25110300
2016-12-05,42.256627,42.943361,42.234234,42.756748,24404500
2016-12-06,43.279274,43.353921,42.547751,43.234486,21487500
2016-12-07,43.212084,44.160078,43.212084,44.085434,30517600
2016-12-08,44.339240,45.384270,44.077980,44.899078,32536000
2016-12-09,44.757242,44.951321,44.204869,44.816959,22804900
2016-12-12,44.376562,44.854291,43.943619,44.451206,21879400
2016-12-13,44.510912,44.764706,43.861497,44.630344,22014500
2016-12-14,44.010790,45.384261,43.913753,44.376553,31399400
2016-12-15,44.861750,45.249906,44.458669,44.958790,22389300
2016-12-16,45.227502,45.242432,44.518373,44.600483,28405900
2016-12-19,44.406411,44.622880,43.980931,44.533306,17654400
2016-12-20,44.727380,45.384258,44.727380,45.384258,23439800
2016-12-21,45.309617,45.466371,44.899069,45.346939,15090200
2016-12-22,45.279769,45.481312,45.093156,45.152874,14571100
2016-12-23,45.182719,45.533552,45.070753,45.526089,9314000
2016-12-27,45.555943,45.757485,45.421581,45.600731,9544000
2016-12-28,45.533552,45.682843,44.772171,44.816959,17127400
2016-12-29,44.802027,44.876671,43.801782,44.324299,17121200
2016-12-30,44.413873,44.637808,44.182472,44.361622,16588500
2017-01-03,45.294693,45.600738,44.600493,45.227512,18322400
2017-01-04,45.302157,46.003824,45.242443,45.839603,16947500
2017-01-05,45.511167,45.854534,44.719927,45.040901,18317900
2017-01-06,45.294687,45.414119,44.846817,45.197647,16778400
2017-01-09,44.899062,45.264821,44.540762,44.951313,14593000
2017-01-10,44.936397,45.421589,44.749784,44.958790,13483300
2017-01-11,44.533313,44.787107,44.227268,44.757248,20737600
2017-01-12,44.436269,44.652740,43.861500,44.212334,22778900
2017-01-13,44.376549,45.025961,44.324297,44.510910,21045200
2017-01-17,44.048109,44.279510,43.316587,43.577847,25013800
2017-01-18,43.286744,43.503213,42.622399,42.838871,29276200
2017-01-19,42.943353,42.995605,42.092399,42.293941,24932400
2017-01-20,42.510427,42.637323,41.823690,41.883408,27722300
2017-01-23,41.890873,42.017771,41.368356,41.562435,23130200
2017-01-24,41.771430,42.659709,41.562425,42.353664,18416400
2017-01-25,43.219555,43.234481,42.622391,43.062798,21492900
2017-01-26,42.995614,43.279267,42.585066,42.816467,20792700
2017-01-27,42.838869,42.853799,42.338748,42.629864,17074200
2017-01-30,42.181983,42.308881,41.622144,42.256630,17537600
2017-01-31,42.047615,42.517877,41.487776,41.674389,29221000
2017-02-01,42.338747,42.532823,41.711728,41.838623,17441500
2017-02-02,41.539184,42.078166,41.344549,41.905991,15586800
2017-02-03,42.699494,43.328308,42.362629,43.238476,21404100
2017-02-06,43.051330,43.680145,42.924071,43.148647,15680200
2017-02-07,43.418137,43.470538,42.677033,42.811779,13996900
2017-02-08,42.609651,42.609651,42.025753,42.160500,18626600
2017-02-09,42.160506,43.073784,42.160506,42.864178,18054100
2017-02-10,43.283398,43.380715,42.766872,43.141167,14421700
2017-02-13,43.410659,44.443709,43.410659,44.129303,22779800
2017-02-14,44.166722,44.997655,43.979575,44.788052,22359300
2017-02-15,45.035088,45.566585,44.690738,45.289608,22423900
2017-02-16,45.177316,45.289606,44.735649,45.199776,15916600
2017-02-17,44.690737,45.042572,44.466161,45.042572,15120600
2017-02-21,45.132414,45.431847,45.087497,45.327045,15812700
2017-02-22,45.050059,45.626472,44.930285,45.379436,16025700
2017-02-23,45.394409,45.544127,45.087487,45.379436,14624400
2017-02-24,44.825489,45.050065,44.249076,44.585941,19900300
2017-02-27,44.585940,45.094981,44.473651,44.930290,15711400
2017-02-28,44.668274,44.982683,44.526043,44.773079,17237500
2017-03-01,45.813625,46.367579,45.663907,46.068146,26421700
2017-03-02,46.172934,46.315165,45.356973,45.386917,17270300
2017-03-03,45.207251,45.851038,45.162338,45.663891,15178600
2017-03-06,45.514186,45.574075,45.109948,45.124920,14979400
2017-03-07,45.057545,45.446811,44.750623,45.289608,17297800
2017-03-08,46.083123,46.809252,45.708829,45.746258,30724000
2017-03-09,45.933388,46.479857,45.836071,46.075619,21429300
2017-03-10,46.367579,46.434952,45.604018,46.030716,17421900
2017-03-13,46.068141,46.255288,45.648931,46.060654,13481500
2017-03-14,45.910940,46.015742,45.521674,45.993282,11819700
2017-03-15,46.187919,46.247805,45.259668,45.544132,20086900
2017-03-16,45.701335,45.970827,45.491731,45.776196,15198300
2017-03-17,45.783669,45.866014,45.065025,45.192284,32281900
2017-03-20,44.990170,45.199776,44.608391,44.608391,14813800
2017-03-21,45.012636,45.065037,43.380713,43.448086,34140400
2017-03-22,42.976468,43.710084,42.594689,43.245960,25648500
2017-03-23,43.238479,44.031984,43.066304,43.455570,16916500
2017-03-24,43.665174,43.822377,43.126189,43.470539,13504400
2017-03-27,42.557255,43.754999,42.332679,43.665169,17257200
2017-03-28,43.560369,44.660795,43.507968,44.481133,15391100
2017-03-29,44.563481,44.825489,44.368849,44.458679,13457400
2017-03-30,44.458674,45.536643,44.436217,45.297092,14886200
2017-03-31,45.147385,45.297100,44.758118,44.780575,14407900
2017-04-03,44.862921,44.982695,43.904728,44.675774,15460500
2017-04-04,44.383824,44.877893,44.316451,44.675774,9745600
2017-04-05,45.289606,45.678873,44.563474,44.608391,20295200
2017-04-06,44.496104,45.087490,44.174211,44.832970,13806000
2017-04-07,44.413759,44.832967,44.361355,44.488617,13449300
2017-04-10,44.436220,44.900344,44.151755,44.376331,12096700
2017-04-11,43.927177,44.204154,43.478025,44.189182,15247800
2017-04-12,44.234113,44.264058,43.620271,43.799931,15223400
2017-04-13,43.642718,44.713200,43.178593,43.448086,31784400
2017-04-17,43.687633,44.211646,43.365740,44.159245,14657300
2017-04-18,43.852313,44.084374,43.470531,43.732536,16891000
2017-04-19,44.054433,44.241580,43.118698,43.216015,18104200
2017-04-20,43.545397,43.904722,43.081273,43.725060,17074800
2017-04-21,43.702603,43.747516,43.141161,43.208534,15255900
2017-04-24,44.301470,44.698221,44.219124,44.496101,24400300
2017-04-25,44.975207,45.506704,44.915318,45.072521,21593500
2017-04-26,44.945256,45.439324,44.885368,44.990170,16058000
2017-04-27,45.020197,45.027704,44.232081,44.577351,14025900
2017-04-28,44.554841,44.712463,44.322158,44.374699,11917100
2017-05-01,44.577342,45.080237,44.404707,44.629883,12879400
2017-05-02,44.622380,44.825039,44.232075,44.817532,11471900
2017-05-03,44.659919,45.282908,44.509801,45.215355,12845300
2017-05-04,45.560618,45.740757,45.102760,45.192829,14509800
2017-05-05,45.403002,45.470555,45.110270,45.215355,11484300
2017-05-08,45.147799,45.583138,45.125280,45.410503,8458300
2017-05-09,45.523096,45.815824,45.087754,45.207848,13179900
2017-05-10,45.110272,45.515590,45.035215,45.312931,11607300
2017-05-11,45.222859,45.725750,44.975163,45.560623,16314000
2017-05-12,45.305421,45.860854,45.192832,45.838337,15393200
2017-05-15,45.950932,46.311214,45.853355,46.101048,14838500
2017-05-16,46.153588,46.971728,46.071023,46.904175,21199500
2017-05-17,46.904169,46.904169,44.787512,45.020195,33251400
2017-05-18,44.832550,45.485559,44.359679,45.095257,25142200
2017-05-19,45.342947,46.363746,45.215349,45.860851,20266600
2017-05-22,46.093542,46.198623,45.575638,45.830837,11744800
2017-05-23,45.853344,46.498849,45.583132,46.318707,12414300
2017-05-24,46.416284,46.866635,46.281178,46.739037,16102700
2017-05-25,46.724031,47.054288,46.371254,46.498856,13368600
2017-05-26,46.438806,46.784079,46.273679,46.588924,10850300
2017-05-30,46.378763,46.588927,46.168597,46.266174,12603800
2017-05-31,46.228633,46.236137,44.937623,45.440517,23150500
2017-06-01,45.703231,45.853349,45.162808,45.845844,13922400
2017-06-02,45.282906,46.236148,45.260386,45.868362,13643600
2017-06-05,45.815812,46.363740,45.755764,45.973434,10024900
2017-06-06,45.545601,45.913387,45.365459,45.793293,10764300
2017-06-07,45.943417,46.709016,45.860852,46.446312,16056100
2017-06-08,46.446331,47.902469,46.326237,47.444611,25925700
2017-06-09,47.917457,48.592984,47.669762,48.375313,31488800
2017-06-12,48.420361,49.088383,48.090101,48.277748,27444400
2017-06-13,48.698069,48.983296,48.285250,48.555462,18749000
2017-06-14,48.225196,48.728087,47.662256,48.577972,20791600
2017-06-15,48.270225,48.743098,47.992508,48.112602,15111500
2017-06-16,48.157644,48.210185,47.819877,47.954983,19549900
2017-06-19,48.337790,48.705576,48.232709,48.397839,13264800
2017-06-20,48.270234,48.352799,47.970001,47.970001,12162800
2017-06-21,47.954999,48.232718,47.744835,47.909966,13532800
2017-06-22,47.752327,47.969998,47.542164,47.752327,11344700
2017-06-23,48.075082,48.172656,47.407057,47.594704,16395300
2017-06-26,47.699787,48.127624,47.444587,47.872421,14978000
2017-06-27,48.217703,48.683069,48.045071,48.210201,16416300
2017-06-28,48.788146,49.058358,48.427862,48.923252,24015200
2017-06-29,50.777203,50.852260,49.733888,50.274311,40827200
2017-06-30,50.709649,50.732165,50.079158,50.199249,15832300
2017-07-03,50.469456,51.722940,50.469456,51.235058,16488300
2017-07-05,51.287600,51.587836,51.002373,51.377666,17783100
2017-07-06,51.377665,51.610351,50.717151,50.762184,17960700
2017-07-07,51.062425,51.265087,50.619582,50.972359,14735300
2017-07-10,50.807227,51.069931,50.619580,50.777203,12613800
2017-07-11,50.664612,50.717153,49.989083,50.154213,17134600
2017-07-12,50.109176,50.439431,49.944046,50.229267,16881700
2017-07-13,50.401917,50.506998,50.056647,50.304337,20152000
2017-07-14,49.778919,50.236778,49.178447,50.079155,20742300
2017-07-17,50.109179,50.364376,49.853977,50.161720,17498000
2017-07-18,49.868999,50.364383,49.703869,50.206760,15965900
2017-07-19,50.401889,50.559511,49.914006,50.064121,12687300
2017-07-20,50.004091,50.319336,49.786420,49.808937,14027600
2017-07-21,49.613784,49.868987,49.456162,49.538727,14075500
2017-07-24,49.478687,49.861487,49.471185,49.613792,14848400
2017-07-25,50.987355,51.355141,50.897282,51.062412,30833600
2017-07-26,51.392673,51.670386,50.882274,51.024887,19228500
2017-07-27,51.039902,51.580325,50.559527,50.739666,22650200
2017-07-28,50.604553,50.867257,50.289308,50.612061,13604500
2017-07-31,50.942330,51.527787,50.679620,51.377666,23059300
2017-08-01,51.858036,52.255852,51.602839,52.240837,22974700
2017-08-02,52.218321,52.278369,51.655381,52.105732,19095600
2017-08-03,51.977539,52.181133,51.283803,51.374287,20937900
2017-08-04,51.871977,52.339498,51.811651,52.015251,18148400
2017-08-07,52.128356,52.226388,51.796573,52.060493,12961100
2017-08-08,52.030324,52.678819,51.894593,51.939835,16645900
2017-08-09,51.366756,51.638219,51.215940,51.600513,19195700
2017-08-10,51.276279,51.374305,50.635326,50.688110,19147200
2017-08-11,50.574993,50.876620,50.213041,50.371399,15172800
2017-08-14,50.982188,51.374299,50.831378,51.193325,15120200
2017-08-15,51.713626,52.000167,51.185778,51.253647,15472000
2017-08-16,51.389372,51.555267,50.816283,51.057583,15064500
2017-08-17,50.755961,51.012345,50.152714,50.220577,14487900
2017-08-18,50.062224,50.793666,49.903872,50.205498,13628900
2017-08-21,50.205501,50.356312,49.662575,49.730438,15791100
2017-08-22,49.986838,50.469437,49.956674,50.409111,13247000
2017-08-23,49.926493,50.952019,49.926493,50.695641,10031600
2017-08-24,50.861539,51.208413,50.484508,51.042519,11524800
2017-08-25,51.125447,51.457231,51.057579,51.163147,11883100
2017-08-28,51.336588,51.411993,50.846446,51.132988,10797600
2017-08-29,50.295978,51.102825,50.152710,50.884151,12448000
2017-08-30,51.050046,51.570351,51.042510,51.283810,9152000
2017-08-31,51.389375,51.494943,51.087749,51.298885,12439300
2017-09-01,51.359228,52.052964,51.261202,51.713638,10720600
2017-09-05,51.102841,51.231036,50.341242,50.642868,17649500
2017-09-06,50.869072,50.974641,50.409094,50.763504,11849400
2017-09-07,50.816298,50.854003,49.534393,49.813393,20307800
2017-09-08,49.745525,50.461883,49.670120,49.896336,13438000
2017-09-11,50.341226,51.117909,50.047142,51.057583,17287000
2017-09-12,51.442156,52.218839,51.351666,51.871971,15495400
2017-09-13,51.796568,52.429978,51.623131,52.324409,17467300
2017-09-14,52.294259,52.595885,52.188690,52.211311,15022100
2017-09-15,52.120820,52.316872,51.962467,52.060493,18360900
2017-09-18,52.316870,53.485670,52.233923,53.236828,18027800
2017-09-19,53.010621,54.066304,53.010621,53.651573,15466000
2017-09-20,53.824996,54.443327,53.402723,53.885323,19788100
2017-09-21,53.877767,54.390530,53.651552,54.111530,11509200
2017-09-22,53.990898,54.021061,53.546004,53.840088,10446600
2017-09-25,53.696818,53.923039,53.025702,53.417812,10762800
2017-09-26,53.425353,53.719437,53.168974,53.493221,11553800
2017-09-27,54.435799,55.023967,54.224663,54.503662,18092200
2017-09-28,54.752513,54.941029,54.307613,54.782677,13845900
2017-09-29,54.707253,54.971174,54.563979,54.850521,12777300
2017-10-02,55.099365,55.717697,54.978718,55.649834,13386300
2017-10-03,55.785581,56.087201,55.687549,55.898685,11925100
2017-10-04,55.936368,56.358641,55.747853,55.845879,12904100
2017-10-05,55.853421,57.255978,55.687526,57.097626,19701200
2017-10-06,57.165486,57.323838,56.630102,57.037296,16119900
2017-10-09,57.180590,57.218290,56.622579,56.848801,12830800
2017-10-10,56.856347,56.961916,56.275716,56.690453,13866600
2017-10-11,56.532081,56.803544,56.298324,56.509460,18597900
2017-10-12,57.173040,57.414340,54.496115,54.571526,40166300
2017-10-13,54.367916,54.548889,53.470585,54.375458,30907300
2017-10-16,53.824996,54.729874,53.817459,54.119080,21169200
2017-10-17,54.473495,54.835447,54.292521,54.435795,15743800
2017-10-18,54.790198,55.295418,54.707250,55.137066,15126700
2017-10-19,54.556437,55.001337,54.073837,54.956089,12322700
2017-10-20,55.619673,55.710156,55.182315,55.446236,15634600
2017-10-23,55.408536,55.808188,55.370831,55.446236,10821500
2017-10-24,55.770465,56.366175,55.597034,55.981602,15260200
2017-10-25,56.162597,56.275702,55.242640,55.514103,17188100
2017-10-26,55.544289,55.989183,55.499041,55.642315,13213100
2017-10-27,55.370832,55.785569,55.054127,55.702621,11309900
2017-10-30,55.204927,55.732775,55.182306,55.634743,10556900
2017-10-31,55.702612,55.868501,55.242633,55.423607,11733500
2017-11-01,55.793113,56.192766,55.657382,55.823277,11361900
2017-11-02,55.762944,56.441601,55.295428,56.358654,12997500
2017-11-03,56.207190,56.335930,55.919410,56.078449,10692600
2017-11-06,55.730071,56.063287,55.412005,55.889111,12636600
2017-11-07,55.873972,56.040580,54.768307,55.063656,17255700
2017-11-08,54.821319,54.957634,54.162461,54.783451,18710600
2017-11-09,54.313930,55.101528,54.109454,54.851616,15496600
2017-11-10,54.927346,55.177258,54.609279,54.715302,12853100
2017-11-13,54.276057,54.639566,54.132173,54.518394,13500600
2017-11-14,54.260900,54.382066,53.798943,54.170021,13188900
2017-11-15,53.480897,54.578988,53.026509,54.321507,17541800
2017-11-16,54.609278,54.768312,54.154896,54.276062,12415600
2017-11-17,53.889849,54.397242,53.723240,54.018589,11813000
2017-11-20,54.351781,54.753158,53.980703,54.563831,10000000
2017-11-21,54.904626,54.972781,54.624421,54.813747,9632100
2017-11-22,54.866762,55.396879,54.722878,54.722878,9146200
2017-11-24,54.836469,54.919767,54.518397,54.541115,4676100
2017-11-27,54.518408,54.798613,54.003440,54.064026,12615200
2017-11-28,54.101891,56.040590,53.867122,55.813396,18048300
2017-11-29,56.896329,57.381004,56.078444,56.828175,21876400
2017-11-30,57.350719,58.229190,56.911481,57.176537,23179600
2017-12-01,57.335583,57.736954,55.873983,57.184124,18269800
2017-12-04,58.327644,59.009219,58.024726,58.388229,23151400
2017-12-05,58.297362,58.524550,57.699090,57.964146,16045900
2017-12-06,57.736960,57.933861,56.866057,57.131119,16612500
2017-12-07,56.547969,57.040219,56.237477,56.782738,19173400
2017-12-08,56.843314,57.343138,56.775160,57.335564,12460900
2017-12-11,57.509765,57.653649,57.199267,57.441605,10461700
2017-12-12,57.585492,58.161046,57.191691,57.668797,18381900
2017-12-13,57.517323,57.797528,56.835753,56.903908,20231600
2017-12-14,56.972062,57.123520,55.873966,55.979988,24778500
2017-12-15,56.381347,56.911463,56.245031,56.623684,37121100
2017-12-18,57.009942,57.562777,57.002367,57.305290,16449300
2017-12-19,57.630903,57.668770,56.532813,56.570675,17655100
2017-12-20,57.062938,57.381005,56.502534,56.540401,17644000
2017-12-21,56.782739,57.615774,56.752446,57.418873,14085700
2017-12-22,57.471891,57.547621,56.835758,57.168968,12006600
2017-12-26,57.138668,57.343144,56.358645,56.631275,10882100
2017-12-27,56.547972,56.858470,56.434376,56.714581,10845100
2017-12-28,56.729738,56.926633,56.676721,56.858479,8759800
2017-12-29,56.926633,57.017512,56.328362,56.351086,10074900
2018-01-02,56.866035,56.934196,56.055719,56.313206,15819800
2018-01-03,56.305641,56.600989,56.017867,56.487392,14657900
2018-01-04,56.805471,57.638506,56.540416,57.184124,16864900
2018-01-05,57.335579,57.381015,56.767600,57.108391,15300500
2018-01-08,56.926630,56.979642,56.290497,56.441956,14215700
2018-01-09,56.616120,57.471873,56.502524,57.032635,14209500
2018-01-10,57.328008,57.767246,57.078101,57.290146,14008000
2018-01-11,57.540065,57.570352,56.903926,57.221992,15459900
2018-01-12,57.479444,58.282186,57.388566,58.191307,16946700
2018-01-16,58.888047,59.403015,58.153460,58.395798,26181400
2018-01-17,58.229196,58.812324,57.630924,58.668434,20958400
2018-01-18,58.812317,58.842604,58.373079,58.607841,15420800
2018-01-19,58.744162,59.357577,58.638139,59.296997,17814000
2018-01-22,59.251561,59.751385,59.107677,59.516617,11561100
2018-01-23,59.418160,59.743801,59.039507,59.486320,10080000
2018-01-24,59.796815,60.364793,59.569626,60.167892,18108600
2018-01-25,60.470835,60.879781,59.986160,60.160343,16178800
2018-01-26,60.289062,60.644997,59.796813,60.644997,12807800
2018-01-29,60.675295,61.114527,60.455675,60.554123,14611100
2018-01-30,59.978570,60.281493,59.531762,59.539337,15816900
2018-01-31,59.660503,60.122460,59.213696,59.433315,16266300
2018-02-01,59.274283,60.001301,59.175835,59.978577,12437200
2018-02-02,59.803685,60.115437,58.457814,58.564266,18561200
2018-02-05,57.423694,58.716339,54.899241,55.712845,31087800
2018-02-06,54.382179,57.172768,54.100843,56.891426,32116700
2018-02-07,56.853407,57.849505,56.511240,57.020691,18908400
2018-02-08,57.081524,57.218392,54.595093,54.648319,24941100
2018-02-09,55.522761,56.480838,53.986801,56.024612,26616500
2018-02-12,56.625304,57.408491,56.245115,56.845814,16677700
2018-02-13,56.526460,57.317253,56.381992,57.165180,11749100
2018-02-14,57.051122,58.442614,56.823012,58.328556,16261300
2018-02-15,58.685927,58.898831,58.092833,58.609890,11066400
2018-02-16,58.397004,58.830419,58.252530,58.412209,11644900
2018-02-20,58.275315,58.723941,57.857105,58.138447,12040900
2018-02-21,58.092824,59.628784,58.092824,58.549049,15888800
2018-02-22,58.761967,58.914046,57.743064,57.993984,16049500
2018-02-23,58.153665,58.632700,57.940754,58.609890,12481200
2018-02-26,58.723947,59.111736,58.336153,59.043304,17288300
2018-02-27,58.944478,59.218215,58.054838,58.077648,19977200
2018-02-28,58.244898,58.647897,57.370463,57.400879,19329900
2018-03-01,57.408491,57.743059,55.659621,56.009399,23803200
2018-03-02,55.636818,56.169086,54.655931,56.024612,21061200
2018-03-05,55.560780,56.982687,55.279438,56.587288,16814600
2018-03-06,56.975087,57.020708,56.077841,56.313557,14891200
2018-03-07,55.644418,56.328759,55.401098,56.207096,14654900
2018-03-08,56.374373,56.442810,55.606390,56.351562,10878600
2018-03-09,56.990293,58.070033,56.724162,57.872334,15939200
2018-03-12,57.750668,58.191688,57.727857,57.803894,13398200
2018-03-13,57.895138,58.100443,56.769783,56.959877,12636600
2018-03-14,57.241210,57.248816,55.750871,55.864929,18485700
2018-03-15,56.100647,56.169084,55.515159,55.766079,13334000
2018-03-16,55.636814,56.374381,55.621609,55.864929,33033700
2018-03-19,55.864924,55.887735,54.686337,55.279430,15131400
2018-03-20,55.545584,55.910562,55.287053,55.446732,13113500
2018-03-21,55.644417,56.473226,55.271834,55.750870,16374700
2018-03-22,54.998117,55.112174,53.127588,53.462151,27652300
2018-03-23,53.469739,53.583797,51.515569,51.629627,31458900
2018-03-26,52.549692,53.234032,51.926182,53.059143,19156100
2018-03-27,53.408911,53.697858,51.409120,51.918571,21610800
2018-03-28,52.070639,52.496448,51.348277,51.903355,21712000
2018-03-29,52.101052,52.975487,51.325470,51.325470,22621300
2018-04-02,51.956593,52.496460,50.603122,51.485157,29975600
2018-04-03,51.743693,52.207524,51.264652,52.070656,18822600
2018-04-04,51.066949,52.891850,50.983307,52.701756,15651300
2018-04-05,53.279653,53.842331,53.150391,53.393711,16120700
2018-04-06,52.861434,53.446928,51.652437,52.161888,21543500
2018-04-09,52.511651,53.941164,52.458425,52.800598,17036500
2018-04-10,54.024828,54.169296,53.446939,53.614223,16022300
2018-04-11,53.203616,53.682651,52.884259,53.142784,15645500
2018-04-12,53.583796,55.127361,53.583796,54.846020,24488100
2018-04-13,55.667232,55.796495,53.097158,53.994404,31356000
2018-04-16,54.055223,54.245317,53.043925,53.279640,18877000
2018-04-17,53.720663,53.933568,52.823418,53.028717,18233400
2018-04-18,53.081953,53.500163,52.351991,52.450844,15382900
2018-04-19,52.542085,53.690257,52.542085,53.439331,15531600
2018-04-20,53.530562,53.865124,53.036316,53.226410,17629900
2018-04-23,53.226433,53.431733,52.770208,52.831039,11596400
2018-04-24,53.043934,53.697859,52.009820,52.557293,16233700
2018-04-25,52.291162,53.051540,51.743695,52.739788,16059700
2018-04-26,52.549694,52.914672,52.390016,52.602921,13829700
2018-04-27,52.466044,52.800612,52.268345,52.458439,10420100
2018-04-30,52.618116,52.914663,51.895760,51.910965,12237900
2018-05-01,51.888158,51.926179,51.264649,51.895763,11602700
2018-05-02,51.667647,52.481251,51.515574,51.698063,15287300
2018-05-03,51.553589,51.880552,50.603118,51.660042,16325500
2018-05-04,51.224580,52.156626,51.163461,51.904518,12512000
2018-05-07,52.156619,52.462211,52.057305,52.332336,11801800
2018-05-08,53.210913,54.586066,53.012278,54.242279,23603200
2018-05-09,54.417998,55.006257,54.058928,54.968056,15900700
2018-05-10,54.975686,55.716743,54.693013,55.441711,11488900
2018-05-11,55.411171,55.953593,55.357693,55.663284,11531400
2018-05-14,55.716758,55.999431,55.388248,55.479927,12615500
2018-05-15,55.395894,55.785517,55.281296,55.525768,12483300
2018-05-16,55.342408,55.586880,54.861100,54.968056,11796000
2018-05-17,54.799985,55.036816,54.295758,54.670105,14876000
2018-05-18,54.440917,54.486754,53.394268,53.447746,16160700
2018-05-21,53.974896,54.142971,53.707505,53.806820,9798500
2018-05-22,54.081852,54.769432,53.867940,54.303406,14147100
2018-05-23,53.974884,54.013080,52.890040,53.661652,13626700
2018-05-24,53.356067,53.394268,52.324701,52.951160,16553700
2018-05-25,52.660845,52.660845,52.110782,52.286499,16008700
2018-05-29,51.278056,51.568365,49.811218,50.200848,37721400
2018-05-30,50.850223,51.094695,50.536996,50.941902,19040500
2018-05-31,50.842591,51.148176,50.231408,50.949547,22633000
2018-06-01,51.560726,51.973273,51.247499,51.400291,14914400
2018-06-04,51.522539,51.774646,51.186387,51.446136,10468900
2018-06-05,51.247493,51.255129,50.773826,51.003021,14072700
2018-06-06,51.346810,52.271220,51.262772,52.126068,14862400
2018-06-07,52.660858,52.714337,51.927442,52.294147,16505300
2018-06-08,52.049686,52.347636,51.774654,52.309441,11609500
2018-06-11,52.653212,52.844206,52.003834,52.034393,13941500
2018-06-12,52.148990,52.385821,51.522530,51.652405,13737100
2018-06-13,51.812842,52.263591,51.354458,51.407936,17531500
2018-06-14,51.614209,51.652410,50.384207,50.544647,24035400
2018-06-15,50.666867,50.896062,49.841772,50.682144,29314800
2018-06-18,50.231412,51.041225,49.948739,50.995388,13680800
2018-06-19,50.445321,51.117624,50.384202,51.018303,16892800
2018-06-20,51.736439,51.912151,51.285691,51.476685,16697100
2018-06-21,51.308615,52.019107,50.957181,51.667679,16545800
2018-06-22,51.980907,52.110782,51.308611,51.339165,16059900
2018-06-25,51.025947,51.094702,49.918178,50.231411,21426600
2018-06-26,50.048056,50.949548,49.184760,50.659233,22613700
2018-06-27,50.590477,51.614201,49.994576,50.009853,20917500
2018-06-28,50.407130,51.285698,50.086256,51.094704,19860100
2018-06-29,51.950343,52.538602,51.094688,51.125248,24193900
2018-07-02,50.582836,51.308617,50.376565,51.308617,12699100
2018-07-03,51.530161,51.560721,50.376562,50.468235,12346000
2018-07-05,50.758558,51.056508,50.590482,50.850231,12359000
2018-07-06,50.590475,51.446124,50.346003,51.293331,13174900
2018-07-09,51.568364,52.752529,51.560723,52.668491,15148500
2018-07-10,52.890044,52.981717,51.912150,52.126068,17057700
2018-07-11,51.927417,52.301763,51.828096,51.881580,13262800
2018-07-12,52.225376,52.408728,51.904508,52.339973,13345200
2018-07-13,51.942701,52.179538,50.590467,51.186367,34054000
2018-07-16,51.461421,53.256763,51.400301,53.065769,26659900
2018-07-17,53.096302,53.378975,52.561522,52.981705,17262800
2018-07-18,52.882406,53.676941,52.882406,53.363708,16321200
2018-07-19,53.096321,53.142158,52.378182,52.706692,14833900
2018-07-20,52.553913,53.142172,52.355278,52.882423,12017500
2018-07-23,52.836569,53.822093,52.721972,53.638741,15764000
2018-07-24,53.783887,54.601341,53.699850,54.295750,21883800
2018-07-25,54.104768,54.815265,54.051289,54.792347,14232700
2018-07-26,54.815262,54.937501,54.433274,54.502029,11169200
2018-07-27,54.517319,54.868747,54.364526,54.769432,11194100
2018-07-30,54.899293,55.609790,54.853456,55.227802,16339100
2018-07-31,55.159057,55.288937,54.723591,54.922226,13608100
2018-08-01,55.388240,55.831347,54.929856,54.952774,13612200
2018-08-02,54.502034,54.952783,54.257562,54.884022,13248600
2018-08-03,55.076200,55.752735,55.022385,55.652794,13680000
2018-08-06,55.475991,55.852697,55.299167,55.660500,10121400
2018-08-07,55.791194,56.052586,55.652811,55.668190,12991100
2018-08-08,55.460604,56.283210,55.399099,56.037197,10178900
2018-08-09,55.691248,55.852693,55.268410,55.337605,11044200
2018-08-10,54.299735,54.507312,53.738520,54.015285,20240100
2018-08-13,53.969158,54.092168,53.092737,53.169621,16926100
2018-08-14,53.277248,53.969156,53.238806,53.823090,12668200
2018-08-15,53.223435,53.377191,52.339324,52.777534,18952300
2018-08-16,53.169623,53.730837,53.115802,53.477135,13439600
2018-08-17,53.369493,53.715453,53.238800,53.561691,10329600
2018-08-20,53.400248,54.353548,53.338743,54.222855,11233300
2018-08-21,54.299752,55.083922,54.261315,54.768715,12261100
2018-08-22,54.707194,54.907075,54.561121,54.676441,7297600
2018-08-23,54.607253,54.745636,54.307425,54.438118,8310000
2018-08-24,54.276660,54.784065,54.207471,54.330475,8760000
2018-08-27,54.637990,55.852681,54.538049,55.652794,13545300
2018-08-28,55.791191,55.929574,55.522115,55.645119,9688600
2018-08-29,55.583626,55.998768,55.368359,55.760445,7146800
2018-08-30,55.422184,55.629761,54.837906,54.937847,13197700
2018-08-31,54.622648,54.807157,54.268999,54.768715,11898200
2018-09-04,54.576512,55.030103,54.099865,54.891720,10108500
2018-09-05,54.737949,55.183849,54.691823,54.714886,13138100
2018-09-06,54.530380,54.668762,53.753899,53.899971,15207100
2018-09-07,54.076795,54.161362,53.407950,53.538643,15180600
2018-09-10,53.800015,54.030649,53.523250,53.530933,12353600
2018-09-11,53.246489,53.592443,52.977413,53.377182,12650000
2018-09-12,54.553443,55.083911,54.207489,54.207489,17434900
2018-09-13,54.507311,55.122341,53.838460,53.930717,13569000
2018-09-14,53.953802,54.491954,53.930740,54.230568,9653300
2018-09-17,54.422736,54.930135,54.122908,54.491924,11323000
2018-09-18,54.814840,55.037785,54.276683,54.860966,11457100
2018-09-19,54.999343,56.990510,54.999343,56.675308,21766100
2018-09-20,57.274952,57.667037,57.090443,57.497902,23550500
2018-09-21,57.644008,57.843889,56.867526,57.005909,28874700
2018-09-24,56.952058,57.298012,56.214019,56.767544,14023100
2018-09-25,57.059704,57.298027,56.483110,56.513863,12324300
2018-09-26,56.521543,56.882876,55.637438,55.698936,15060000
2018-09-27,56.044896,56.598427,55.645121,56.083332,11420600
2018-09-28,55.399120,55.683575,54.953225,55.153107,14341900
2018-10-01,55.537487,56.014140,55.168471,55.299164,11263700
2018-10-02,54.976276,55.491365,54.607254,55.199226,12746900
2018-10-03,55.768124,55.998758,55.368350,55.629742,11977900
2018-10-04,55.952643,56.875196,55.368360,55.829639,18956800
2018-10-05,56.083324,56.214023,55.406789,55.675865,11481400
2018-10-08,55.114657,56.106398,54.983958,55.806564,11958200
2018-10-09,55.399114,55.891140,54.899405,55.268421,15654500
2018-10-10,55.406802,55.737383,53.715463,53.776962,23679600
2018-10-11,53.154233,54.315110,52.554577,52.569950,28890800
2018-10-12,54.161365,54.761028,52.593036,53.692402,29024200
2018-10-15,53.915340,54.307426,53.184991,53.208054,17661300
2018-10-16,53.730828,53.846148,53.177297,53.592445,15453500
2018-10-17,53.315696,54.422757,53.069683,53.692402,16774200
2018-10-18,53.461758,54.115229,52.593025,52.754471,18168500
2018-10-19,52.692956,53.507873,52.400817,52.938969,16721900
2018-10-22,52.962040,53.208053,51.178444,51.193817,17890900
2018-10-23,49.317977,50.801745,48.572248,50.532669,32809200
2018-10-24,50.286643,50.286643,48.887440,49.048885,23420600
2018-10-25,49.794622,50.363531,49.456357,49.948383,19510300
2018-10-26,49.333341,49.771552,48.572240,49.364094,24066300
2018-10-29,50.017571,50.448098,48.956640,49.471729,20036800
2018-10-30,49.663919,50.117509,49.056576,49.610104,19951900
2018-10-31,49.979131,50.901678,49.848432,50.325085,20450300
2018-11-01,50.809424,51.078506,50.125200,50.609543,17744100
2018-11-02,51.143656,51.801625,50.764357,51.027542,21214800
2018-11-05,51.321708,52.227384,51.290744,52.095791,14823900
2018-11-06,52.103515,52.103515,51.221061,51.615845,17049600
2018-11-07,52.088033,52.877594,51.631321,52.838894,15529300
2018-11-08,52.591191,53.411717,51.747437,52.467335,18908100
2018-11-09,52.018366,52.242850,50.454721,50.903690,27125800
2018-11-12,50.748880,51.073999,49.595498,49.703869,16424200
2018-11-13,49.835458,50.655990,49.789015,50.145092,14121300
2018-11-14,50.617279,50.926913,48.643368,49.154263,19754600
2018-11-15,48.744000,50.098645,48.256327,50.005753,19202300
2018-11-16,49.920603,50.292165,49.556783,50.276680,15995200
2018-11-19,50.377322,50.733399,49.696125,50.021244,12227400
2018-11-20,49.401964,49.549042,48.109247,48.403397,21024000
2018-11-21,48.581438,49.409710,48.511771,48.666588,12380200
2018-11-23,48.248587,48.333734,47.776396,47.799618,7316500
2018-11-26,48.511766,49.479369,48.380173,49.332294,19065100
2018-11-27,49.038153,49.417455,48.573704,49.123302,12867900
2018-11-28,49.262639,50.818548,48.697559,50.764362,17719000
2018-11-29,50.385055,50.748875,50.052205,50.237984,12914200
2018-11-30,49.827711,50.315381,49.626448,50.152824,14207800
2018-12-03,51.120442,51.445555,50.168317,50.439251,14255500
2018-12-04,49.990272,50.036715,47.311943,48.194397,27104500
2018-12-06,45.949562,46.514642,45.175479,46.491421,37802600
2018-12-07,46.228232,47.002315,45.005179,45.167736,24282100
2018-12-10,44.858108,45.136778,43.217053,44.176914,30695800
2018-12-11,45.028395,45.152251,43.271230,43.518936,23712500
2018-12-12,44.223365,44.238847,43.232536,43.333168,24941600
2018-12-13,43.642784,43.689227,42.891923,43.170593,27670700
2018-12-14,42.365557,43.627313,42.288150,42.590042,22839300
2018-12-17,42.458440,43.294451,41.738543,41.993992,26212500
2018-12-18,42.357814,43.093191,41.452136,41.746288,27302000
2018-12-19,41.723065,42.884190,40.391642,40.887054,31483100
2018-12-20,40.414861,41.219908,40.035563,40.461308,39800000
2018-12-21,40.174900,40.685795,38.611253,38.889923,52323000
2018-12-24,38.239695,38.897664,37.527537,38.131321,21970800
2018-12-26,38.433222,39.826571,37.481098,39.818829,32005600
2018-12-27,39.184083,40.074280,38.471928,40.074280,28573400
2018-12-28,40.198131,40.678061,39.919460,40.120724,23176900
2018-12-31,40.236820,40.770936,39.780111,40.298748,19317500
2019-01-02,39.230522,41.599217,39.222779,41.436657,21646300
2019-01-03,41.343772,41.506329,40.422614,40.685802,21183000
2019-01-04,41.808215,42.868711,41.537287,42.675190,24205100
2019-01-07,42.830003,43.511194,42.419737,43.046745,20634100
2019-01-08,43.371864,43.495718,42.388779,42.930637,18840100
2019-01-09,43.124166,43.921474,43.046759,43.642803,19359100
2019-01-10,43.340901,44.091759,43.116416,43.689236,16910000
2019-01-11,43.704717,44.447835,43.371861,43.882755,23087500
2019-01-14,43.426054,45.903121,43.116423,45.616711,34783400
2019-01-15,46.359825,47.853806,46.096637,47.513210,42694200
2019-01-16,47.954450,48.627901,47.404852,48.140228,27628900
2019-01-17,47.706731,48.573703,47.474506,48.356960,22728900
2019-01-18,48.658855,48.914301,48.000883,48.860115,19947300
2019-01-22,48.511781,48.620155,47.551920,47.877033,24608700
2019-01-23,48.202144,48.364701,47.335172,48.093773,16819800
2019-01-24,47.791881,48.705297,47.791881,48.542740,14962200
2019-01-25,49.022669,49.889638,48.945259,49.556782,15827200
2019-01-28,48.914288,49.587739,48.844620,49.425182,12683500
2019-01-29,49.316820,49.595491,48.883336,48.929779,13472000
2019-01-30,49.123304,50.114129,48.759487,49.711609,15929600
2019-01-31,49.270368,50.005744,49.262626,49.897373,19442600
2019-02-01,50.084477,50.404085,49.569990,49.632351,16991700
2019-02-04,49.499816,49.936348,49.265959,49.936348,11515500
2019-02-05,50.037698,50.045489,49.382894,49.741478,13310900
2019-02-06,49.757067,50.365096,49.546595,49.803837,13774300
2019-02-07,49.585575,49.601166,48.260382,48.961956,17922400
2019-02-08,48.431878,48.735892,47.558808,48.338333,15770800
2019-02-11,48.650139,48.665730,47.878408,48.026520,14614100
2019-02-12,48.447467,49.375101,48.447467,48.852818,14347400
2019-02-13,49.343918,49.694705,49.086676,49.141243,10710500
2019-02-14,48.603381,49.000940,47.878423,48.657948,12855300
2019-02-15,49.219202,50.341720,49.117863,50.100063,17908900
2019-02-19,49.679124,50.396289,49.515425,50.185814,11013900
2019-02-20,50.279352,50.435255,49.998723,50.388485,10545000
2019-02-21,50.318328,50.622342,49.920768,50.139034,10696100
2019-02-22,50.380699,50.778259,49.764877,49.998734,14003800
2019-02-25,50.349512,51.004316,50.240379,50.302742,12853000
2019-02-26,49.959748,50.411874,49.803846,49.983139,12912800
2019-02-27,50.076689,50.341731,49.640157,50.201416,13495700
2019-02-28,50.248176,50.404085,49.764871,49.874004,14209300
2019-03-01,50.497605,51.206976,49.975325,50.255955,14376000
2019-03-04,50.302734,50.902972,49.195811,49.694706,15786600
2019-03-05,49.624541,49.624541,48.260373,49.055489,18754900
2019-03-06,48.876204,49.164627,48.408487,48.728092,12711200
2019-03-07,48.353926,48.424084,47.714716,48.252590,15788900
2019-03-08,47.519833,48.424081,47.363927,48.377312,14304400
2019-03-11,48.743694,49.078890,48.470862,48.572201,14167600
2019-03-12,48.564397,49.063292,48.299358,48.961956,14772000
2019-03-13,49.219197,50.068882,49.110064,49.616756,13781100
2019-03-14,49.647932,50.100055,49.437460,49.975334,12193600
2019-03-15,50.014324,50.879592,49.905185,50.817234,37840300
2019-03-18,50.832815,51.588955,50.832815,51.394073,15601100
2019-03-19,51.807213,52.095639,50.941940,51.160206,12723600
2019-03-20,50.871791,51.136826,50.061084,50.123447,17494000
2019-03-21,49.632344,50.131239,49.047700,49.819431,18638300
2019-03-22,49.094481,49.289362,47.122284,47.535431,27527400
2019-03-25,47.535429,48.065507,46.810471,47.028740,20899300
2019-03-26,47.543217,47.823844,47.184633,47.722507,14740300
2019-03-27,47.847234,48.065500,47.332748,47.340542,16359600
2019-03-28,47.512032,48.330532,47.410693,48.314941,12081000
2019-03-29,48.587785,48.961957,48.299359,48.502037,13406300
2019-04-01,48.993139,50.380692,48.969754,50.170223,17736300
2019-04-02,50.076665,50.559973,49.827218,50.216980,9915800
2019-04-03,50.661315,50.941944,50.302734,50.715881,11560800
2019-04-04,50.521005,51.604544,50.521005,51.308327,11915700
2019-04-05,51.394076,51.768250,50.817229,51.097858,11062400
2019-04-08,50.770453,51.526593,50.684705,51.503208,10466400
2019-04-09,51.136835,51.136835,50.419673,50.825024,10221000
2019-04-10,51.043287,51.206987,50.497616,51.074463,12293300
2019-04-11,51.292731,51.791626,50.910759,51.378479,11358700
2019-04-12,52.290525,53.249338,51.947533,52.555561,19238700
2019-04-15,52.532173,52.836187,51.659103,52.524376,19493900
2019-04-16,52.617928,54.114614,52.532180,54.028866,18635700
2019-04-17,54.527762,55.151384,54.223748,54.839573,20509000
2019-04-18,54.574524,54.870741,54.270510,54.309483,13513800
2019-04-22,54.239336,54.340672,53.795007,53.857365,13195600
2019-04-23,53.662490,54.021076,53.303909,53.943119,13205000
2019-04-24,53.779422,53.958715,53.319505,53.654701,9699900
2019-04-25,53.444228,53.927536,53.124626,53.576752,8913600
2019-04-26,53.709262,54.239339,53.405248,54.184772,10692700
2019-04-29,54.325080,56.079011,54.239332,55.369640,16491400
2019-04-30,55.361852,55.603508,54.738235,55.112404,11122000
2019-05-01,55.096812,55.478777,54.364057,54.535553,13261700
2019-05-02,54.364070,54.940923,54.161398,54.847378,12186700
2019-05-03,55.223940,55.686823,54.917969,55.443611,11486700
2019-05-06,54.172669,55.443624,53.945150,55.239647,12004000
2019-05-07,54.408028,54.525710,53.050773,53.474426,17673400
2019-05-08,53.254744,54.015752,53.121374,53.521492,9470500
2019-05-09,52.430975,53.239053,52.117157,53.058605,16994200
2019-05-10,52.776181,53.427353,52.195621,53.270447,12318700
2019-05-13,51.881804,52.038716,50.179347,50.508854,23494400
2019-05-14,50.697139,51.756270,50.485309,51.199245,15096400
2019-05-15,50.571615,51.167869,50.226414,50.893280,14570900
2019-05-16,51.238470,52.085778,51.128635,51.764118,10573100
2019-05-17,50.971729,51.724889,50.908964,51.050182,11503500
2019-05-20,50.799133,51.387540,50.618686,50.963886,11605900
2019-05-21,51.387531,51.850409,51.152166,51.842567,11051500
2019-05-22,51.654282,51.717046,50.712833,50.728527,12564900
2019-05-23,50.069502,50.163646,49.488942,50.132267,15042200
2019-05-24,50.438240,50.767746,50.257793,50.516693,9715400
2019-05-28,50.281334,50.563770,50.022436,50.045975,14727400
2019-05-29,49.543858,50.077347,49.206505,49.983200,13836300
2019-05-30,50.814821,51.191404,49.622319,49.904755,13570900
2019-05-31,48.947608,49.324188,48.618101,48.759319,19968900
2019-06-03,48.720087,49.253576,48.594560,49.120205,19636800
2019-06-04,50.045963,51.732730,50.022425,51.685654,17743100
2019-06-05,51.348300,51.795489,50.602987,51.607201,12536300
2019-06-06,51.638587,52.383900,51.387533,52.148540,10868900
2019-06-07,51.905334,52.407441,51.481680,51.536598,11674200
2019-06-10,52.470199,53.333200,52.352522,52.658493,10994700
2019-06-11,53.019386,53.372428,52.689880,53.254745,9800900
2019-06-12,53.074306,53.199830,52.274069,52.415287,9878300
2019-06-13,52.430970,52.909541,52.383893,52.627106,9453600
2019-06-14,52.682021,53.129210,52.172068,52.940922,8901900
2019-06-17,52.956621,52.964468,52.093625,52.203461,8135900
2019-06-18,52.415283,53.545026,52.172077,53.333202,12199100
2019-06-19,53.474420,53.811768,53.019384,53.027225,12334800
2019-06-20,53.788230,53.913760,52.752634,53.427341,15557100
2019-06-21,53.372430,54.102055,53.207677,53.325359,19502500
2019-06-24,53.207665,53.741154,52.862464,52.886005,11223700
2019-06-25,52.925238,52.940933,52.156390,52.203461,14205600
2019-06-26,52.595732,53.129221,52.383902,52.736950,13654100
2019-06-27,53.050765,53.686243,52.980153,53.466572,11989100
2019-06-28,54.353099,55.082723,54.235416,54.941505,20388700
2019-07-01,55.592702,56.204644,55.067059,55.498554,13573600
2019-07-02,55.200404,55.686822,54.988574,55.263168,10272200
2019-07-03,55.474992,55.859416,55.137638,55.584827,7632400
2019-07-05,55.914344,56.330157,55.686832,56.016338,9107300
2019-07-08,55.514231,56.243856,55.420084,55.804508,10196000
2019-07-09,55.333779,56.228157,55.239638,56.141857,9477700
2019-07-10,56.094791,56.439992,55.427931,55.804508,12153200
2019-07-11,56.039862,56.487051,55.773114,56.181080,10739400
2019-07-12,56.400773,56.502761,56.157566,56.306625,15355700
2019-07-15,56.275239,56.604745,54.980742,56.259544,23365800
2019-07-16,56.251680,56.487045,55.773109,55.953556,16516600
2019-07-17,55.851570,56.094776,55.404381,55.561287,12278200
2019-07-18,55.341641,56.408619,55.294570,56.322319,13407400
2019-07-19,56.275246,56.620441,55.592692,55.639763,11184600
2019-07-22,55.482843,55.930032,55.451461,55.788815,7930600
2019-07-23,55.961400,56.628260,55.937865,56.479195,11804300
2019-07-24,56.220322,57.334371,56.220322,57.279453,12512900
2019-07-25,57.240231,57.334378,55.647610,56.008499,15698300
2019-07-26,56.604736,56.989160,56.369371,56.612583,10625900
2019-07-29,56.416465,56.753813,56.275247,56.298782,8561200
2019-07-30,55.726055,56.259544,55.373013,56.259544,9208300
2019-07-31,56.016345,56.220328,55.553462,55.828056,13617300
2019-08-01,55.443628,55.773135,53.035082,53.623489,22571000
2019-08-02,53.441692,53.797388,52.667058,53.441692,14771400
2019-08-05,51.852903,52.026801,51.046657,51.520920,21144800
2019-08-06,52.169070,52.429917,51.244256,52.366680,12411500
2019-08-07,51.086173,51.631579,50.303639,51.489300,18418300
2019-08-08,52.050514,52.793530,51.876616,52.754005,13577900
2019-08-09,52.429910,52.619614,51.544615,52.208588,13604600
2019-08-12,51.070366,51.212645,50.461726,50.777901,13039500
2019-08-13,50.509145,52.137451,50.200871,51.244255,19056700
2019-08-14,49.702907,49.829377,48.359157,48.540958,29370700
2019-08-15,48.991501,49.299772,47.995547,48.469810,16340400
2019-08-16,48.951980,50.319442,48.888743,50.177162,16450700
2019-08-19,51.236352,51.307494,50.714664,50.833225,13312700
2019-08-20,50.366861,50.651420,50.074396,50.129726,9815800
2019-08-21,50.690958,50.722577,49.845190,49.995373,14692900
2019-08-22,50.438005,50.754179,50.121828,50.517048,9718500
2019-08-23,50.019069,50.690942,48.627895,48.967785,17997900
2019-08-26,49.457864,49.655474,49.141687,49.576431,10628800
2019-08-27,49.805661,49.876801,48.343347,48.738567,17219300
2019-08-28,48.454010,49.639671,48.454010,49.291878,12343500
2019-08-29,50.042788,50.769994,49.876793,50.509148,11478200
2019-08-30,50.856932,51.236346,50.738370,50.864838,11844600
2019-09-03,50.588183,50.619802,49.260243,50.129726,11991500
2019-09-04,50.588183,50.967597,50.461713,50.809505,9689800
2019-09-05,51.892417,53.180833,51.860798,52.437817,14723500
2019-09-06,52.319261,52.564295,51.971465,52.145363,10476000
2019-09-09,52.769808,54.777527,52.714477,54.374401,20193300
2019-09-10,54.682679,55.338746,54.105655,54.524593,18146200
2019-09-11,54.319078,54.706392,53.836908,54.461357,11858800
2019-09-12,53.836897,55.378253,53.694618,54.777523,15528700
2019-09-13,55.599571,55.915748,55.212257,55.639095,14313100
2019-09-16,54.508779,55.417787,54.508779,55.196465,12063700
2019-09-17,55.156936,55.156936,54.279547,54.919807,10916900
2019-09-18,54.706384,55.607486,54.508774,55.401970,11234500
2019-09-19,55.378253,55.702337,55.006745,55.117413,10069100
2019-09-20,55.449410,55.757681,54.801249,54.817055,26002100
2019-09-23,54.240033,55.093705,54.232127,54.975143,9546300
2019-09-24,54.935621,54.990952,53.402165,53.670918,16801900
2019-09-25,53.678824,55.093708,53.647206,54.840767,12243000
2019-09-26,54.793334,54.959326,54.382308,54.627342,8555500
2019-09-27,55.188547,55.615385,54.587811,54.903988,11559700
2019-09-30,55.172748,55.251791,54.548299,54.603630,8661000
2019-10-01,54.990947,55.544253,53.757861,53.868523,12428500
2019-10-02,53.560241,53.591859,52.319250,52.374580,14760900
2019-10-03,52.232309,52.746096,51.212640,52.722378,12646100
2019-10-04,52.769814,53.939663,52.698672,53.892239,10977100
2019-10-07,53.647200,54.413923,53.639294,53.868523,7835500
2019-10-08,52.983224,53.101791,52.192783,52.485249,13500700
2019-10-09,52.959507,53.568143,52.793515,53.299397,8357800
2019-10-10,53.568149,54.769622,53.394257,54.240028,9817000
2019-10-11,55.322929,56.065945,55.322929,55.409878,14921700
2019-10-14,54.959330,55.726058,54.903999,55.520542,11398600
2019-10-15,55.465205,56.974949,54.303257,56.295170,22030100
2019-10-16,55.979001,56.484882,54.872383,54.935619,17295400
2019-10-17,55.354538,55.599573,54.682665,55.014648,11382800
2019-10-18,54.793333,55.401970,54.651054,55.125317,10413600
2019-10-21,55.741863,56.824769,55.741863,56.761532,13080600
2019-10-22,56.690394,57.599402,56.492784,56.959141,11052300
2019-10-23,56.832683,57.283234,56.698310,57.267422,10327000
2019-10-24,57.346463,57.591498,56.801058,57.148853,7445700
2019-10-25,56.888014,58.034150,56.761540,57.836540,10497600
2019-10-28,58.279189,58.713928,58.049961,58.168522,13086900
2019-10-29,57.812821,58.326608,57.480837,57.773296,9592300
2019-10-30,57.504535,57.978798,56.990747,57.678432,12431500
2019-10-31,57.196265,57.678434,56.382112,56.801044,16864000
2019-11-01,57.517529,58.902725,57.398114,58.783310,12935200
2019-11-04,59.659020,59.921726,58.998264,59.826199,12585200
2019-11-05,59.858038,60.478988,59.420186,59.571445,14403200
2019-11-06,59.245033,59.746574,58.886795,59.245033,12629200
2019-11-07,60.033200,60.725795,60.033200,60.351631,14340500
2019-11-08,60.088907,60.598404,59.754544,60.598404,7927100
2019-11-11,60.065026,60.566567,59.897848,60.184441,6020300
2019-11-12,60.144638,60.471032,59.714749,59.762512,11066600
2019-11-13,59.109710,59.635133,58.679821,58.839043,14040700
2019-11-14,58.600213,58.918650,58.377308,58.783310,9446800
2019-11-15,59.181372,59.276905,58.655955,59.229141,10294000
2019-11-18,59.141571,59.420201,58.560422,59.229141,8525700
2019-11-19,59.682907,59.897848,59.284861,59.563492,9095500
2019-11-20,59.412223,59.483874,58.289738,58.839043,12799900
2019-11-21,58.974378,59.412224,58.520607,58.831081,8585100
2019-11-22,58.990294,59.643088,58.886804,59.603287,7910700
2019-11-25,59.651059,60.383461,59.603296,60.248127,11497700
2019-11-26,60.375503,60.375503,59.563493,60.072990,11306000
2019-11-27,60.375507,60.606374,60.104839,60.279980,7592100
2019-11-29,60.049101,60.343656,59.698819,59.802315,6246900
2019-12-02,60.041136,60.447144,59.253008,59.324654,11085300
2019-12-03,58.417128,58.488779,57.716570,58.377327,13559400
2019-12-04,58.775358,59.380383,58.448958,59.093796,8266400
2019-12-05,59.428135,59.587351,59.189306,59.475899,9581200
2019-12-06,60.447164,60.678031,60.184453,60.351631,9877800
2019-12-09,59.850087,60.439192,59.770479,59.969501,8817100
2019-12-10,59.762501,60.717807,59.603285,60.327724,13019600
2019-12-11,60.598413,60.670058,60.104835,60.144642,10484900
2019-12-12,60.351630,61.712945,60.200377,61.338787,15829000
2019-12-13,61.338789,61.959738,60.550655,60.813366,13447000
2019-12-16,61.585564,61.776624,61.219363,61.227325,13967200
2019-12-17,61.529838,62.198552,61.402461,61.888077,14409200
2019-12-18,61.856227,62.357768,61.824389,62.031368,12643000
2019-12-19,62.095034,62.508998,62.047270,62.254250,13006200
2019-12-20,62.843376,62.930946,62.126893,62.501057,32019400
2019-12-23,62.628430,62.867259,62.445332,62.700081,9256500
2019-12-24,62.652310,62.843376,62.461250,62.564739,4576200
2019-12-26,62.692127,63.559863,62.612520,63.551907,11992800
2019-12-27,63.687238,63.830534,63.352881,63.424526,10867900
2019-12-30,63.806643,64.021585,63.161806,63.297146,10084900
2019-12-31,63.145895,63.639474,62.970754,63.599667,8031200
2020-01-02,63.790723,64.690309,63.711115,64.666428,12728900
2020-01-03,63.528024,64.101204,63.249387,63.448410,12437400
2020-01-06,62.668251,63.329007,62.668251,63.249393,10059500
2020-01-07,63.122008,63.129970,62.676199,62.700081,10469100
2020-01-08,62.708034,63.687228,62.636389,63.177731,11292400
2020-01-09,64.467413,64.467413,63.472300,63.750931,12895900
2020-01-10,63.687232,63.695195,62.946868,63.090164,10062100
2020-01-13,63.289191,64.260423,62.891146,64.204697,16566300
2020-01-14,64.642564,66.163101,64.459467,65.207794,24971800
2020-01-15,65.064466,65.319215,64.268376,64.674377,16063600
2020-01-16,65.247560,65.382894,64.363900,64.483315,10426000
2020-01-17,64.610694,64.801754,64.332058,64.578850,12413100
2020-01-21,64.069369,64.411689,63.583754,63.607635,10522000
2020-01-22,63.846469,64.069379,63.575801,63.766861,8045600
2020-01-23,63.352878,63.750923,62.827455,63.528019,11618200
2020-01-24,63.384721,63.424522,61.808459,62.429409,15036100
2020-01-27,60.709873,61.298978,60.383473,61.068111,15859600
2020-01-28,61.466135,62.198537,61.123816,61.490017,10960200
2020-01-29,61.728844,62.015437,60.829265,60.884991,9478900
2020-01-30,60.295898,61.728863,60.104838,61.641293,12498200
2020-01-31,60.871974,61.048276,59.229172,59.629856,17101200
2020-02-03,59.862236,61.072305,59.862236,60.206825,11096500
2020-02-04,61.505072,61.921781,61.248634,61.304729,12173200
2020-02-05,62.442654,63.292109,62.354503,63.187927,13070400
2020-02-06,63.949226,63.997306,62.827308,63.284088,12826400
2020-02-07,62.610952,63.348216,62.554857,63.059723,8341700
2020-02-10,62.570866,63.099766,62.546826,62.891415,8418300
2020-02-11,63.107787,63.748884,63.019636,63.380249,9437200
2020-02-12,64.029374,64.726561,63.548554,63.572594,9484100
2020-02-13,63.219977,63.532511,63.003610,63.308128,8946200
2020-02-14,63.219982,63.380254,62.867378,63.139847,9056600
2020-02-18,62.995594,63.195936,62.114090,62.170185,10343500
2020-02-19,62.402583,62.819292,62.202240,62.546829,9145200
2020-02-20,62.234307,63.059715,61.953823,62.683071,11763400
2020-02-21,62.154155,62.474704,61.024228,61.256626,14020000
2020-02-24,58.804438,59.341360,58.051156,58.123276,21096200
2020-02-25,58.203412,58.668207,55.294445,55.639034,27451000
2020-02-26,56.111845,56.584656,54.621304,54.637329,25552100
2020-02-27,52.970464,53.603546,51.608140,51.648205,34656800
2020-02-28,49.684861,51.648212,49.155958,50.854858,46013200
2020-03-02,51.167395,54.180543,50.582396,54.164513,29006400
2020-03-03,54.380884,54.837664,51.664244,52.129040,29547700
2020-03-04,52.930407,54.108414,51.576092,54.004238,24188500
2020-03-05,51.928689,52.185127,50.494235,50.878895,27277600
2020-03-06,48.450750,49.933284,47.873767,49.107872,29916600
2020-03-09,43.522339,44.564118,40.869808,41.166313,35625600
2020-03-10,43.858904,44.636233,41.270484,44.540070,32527500
2020-03-11,43.233848,43.538369,40.084468,40.701523,36709000
2020-03-12,36.301995,39.267059,34.314601,34.667202,45941600
2020-03-13,38.321455,41.062137,36.310020,40.901863,40519800
2020-03-16,32.447433,36.245920,31.710172,33.008389,35133800
2020-03-17,33.657488,35.244198,31.093107,32.255093,51650000
2020-03-18,29.698720,30.443993,25.643794,29.193857,48351400
2020-03-19,28.424555,33.048454,27.406816,31.766262,43397100
2020-03-20,32.423383,32.848110,29.810921,30.500099,38163900
2020-03-23,30.091398,30.572221,27.743387,28.360441,33013300
2020-03-24,30.171523,32.791996,29.923098,32.583641,34100600
2020-03-25,33.905916,35.821187,31.597973,33.545300,38211100
2020-03-26,35.003787,37.095360,34.458856,36.878990,31528600
2020-03-27,35.364410,36.462284,34.458862,35.099957,25484500
2020-03-30,35.300298,35.468584,33.312903,35.324341,27459000
2020-03-31,34.963727,35.444547,33.377017,33.753658,26219100
2020-04-01,31.365571,32.255091,30.452012,30.860708,29219500
2020-04-02,30.740508,31.782287,29.891056,31.437698,29532100
2020-04-03,31.253385,31.622014,29.386194,30.043320,25327100
2020-04-06,31.894479,33.128588,31.662081,32.952286,30064700
2020-04-07,35.909331,36.534398,32.952279,33.056458,35220700
2020-04-08,34.338645,35.620837,33.633443,35.468575,32944800
2020-04-09,37.616249,39.443372,37.159469,37.992893,43637200
2020-04-13,38.065020,38.121116,36.277968,37.407898,27944300
2020-04-14,38.193234,38.257345,34.883580,36.398167,40466200
2020-04-15,34.755369,35.476602,34.146330,34.346672,32249000
2020-04-16,34.226467,34.330646,32.134893,32.471470,37756000
2020-04-17,34.579060,36.558438,34.178375,36.422207,41252900
2020-04-20,34.779402,36.414192,34.370702,35.268234,33471900
2020-04-21,33.937971,34.547013,32.912220,33.312904,35336200
2020-04-22,34.458866,34.555029,33.537290,33.849827,21888100
2020-04-23,34.178370,35.051862,33.865833,34.026108,23970700
2020-04-24,34.458854,34.731320,33.441116,34.538990,26282100
2020-04-27,35.396463,37.520092,35.043862,37.311737,30929200
2020-04-28,39.218978,39.739869,37.608229,37.832611,28973300
2020-04-29,39.828026,40.589327,38.834328,40.276791,32941100
2020-04-30,39.323156,39.884114,38.497747,38.914459,28687000
2020-05-01,37.505284,37.634864,36.622521,36.865482,28078900
2020-05-04,36.468642,36.735902,35.618274,36.541531,26340200
2020-05-05,37.497186,37.537680,35.569684,35.593983,27342900
2020-05-06,36.031315,36.460547,34.597836,34.784107,25028000
2020-05-07,35.245743,36.573937,35.180951,36.152802,29849100
2020-05-08,36.703504,37.594364,36.654910,37.513378,22905200
2020-05-11,36.614418,36.646814,35.480596,35.691162,34765200
2020-05-12,35.950320,36.193282,34.273881,34.298176,33328300
2020-05-13,34.014719,34.176694,32.581241,32.880894,35350600
2020-05-14,32.386880,34.095713,31.390732,34.063320,40976400
2020-05-15,33.674578,34.379168,33.285835,33.949932,28494900
2020-05-18,35.674969,37.181336,35.221442,36.986965,39383300
2020-05-19,36.663014,37.084149,35.804546,35.982719,27271600
2020-05-20,36.905972,37.480982,36.622517,36.824986,23841300
2020-05-21,36.582017,37.084141,36.266166,36.444340,21698300
2020-05-22,36.258079,36.484843,35.383413,35.715462,22631700
2020-05-26,37.416203,39.602865,37.238030,39.011654,34429300
2020-05-27,41.854303,42.429313,40.380332,42.324028,43660500
2020-05-28,42.915252,42.931446,39.772938,39.813431,37972800
2020-05-29,38.890169,40.072585,38.517628,38.801083,35873400
2020-06-01,38.987361,40.234569,38.728201,40.048298,22860100
2020-06-02,41.068731,41.538459,40.623300,41.174015,27651300
2020-06-03,42.567003,43.538850,42.453618,43.198704,33341800
2020-06-04,43.166308,45.101908,42.607496,45.069515,33083500
2020-06-05,49.863955,50.592844,47.248062,47.669197,44648500
2020-06-08,49.126985,49.669603,48.406198,49.596714,32587100
2020-06-09,47.782586,48.754436,46.689257,48.187523,30422900
2020-06-10,47.701605,47.895973,45.239586,45.239586,36743700
2020-06-11,41.846202,43.344471,39.035941,39.189816,62098600
2020-06-12,41.627553,42.477920,40.331751,42.315945,39040000
2020-06-15,40.461322,42.923340,40.283151,42.907143,36592100
2020-06-16,45.595934,45.676924,42.372634,44.097668,37638700
2020-06-17,44.300135,44.381121,42.826163,42.923347,23727300
2020-06-18,42.656086,43.449766,42.137767,42.955742,22280600
2020-06-19,43.781814,43.806110,41.757128,42.858555,50379300
2020-06-22,41.991988,42.575098,41.724731,42.162064,22642100
2020-06-23,42.882851,43.514552,42.518407,42.882851,22092600
2020-06-24,41.846213,41.983893,40.623303,41.149723,27207700
2020-06-25,40.736683,42.753271,40.599005,42.664185,28112400
2020-06-26,42.388832,42.388832,40.064493,40.153580,35426200
2020-06-29,40.720488,41.238807,40.177873,40.728588,22578600
2020-06-30,40.339851,41.749030,40.210271,41.384586,23360400
2020-07-01,41.919095,42.113466,40.615200,40.777172,19206900
2020-07-02,42.210654,42.486012,40.720485,40.939152,22042700
2020-07-06,42.008179,42.566995,41.457464,42.089169,22613100
2020-07-07,41.506067,41.595154,40.566613,40.752884,21235300
2020-07-08,40.655695,41.360284,40.445126,41.206409,19115300
2020-07-09,41.084936,41.368394,39.708149,40.048298,24263900
2020-07-10,40.048294,42.672285,40.048294,42.639893,28027800
2020-07-13,43.190591,43.409255,42.000075,42.275433,27151800
2020-07-14,41.538464,42.178266,40.501823,40.615208,35814400
2020-07-15,42.032476,42.202549,41.044429,41.983883,27676300
2020-07-16,41.530355,42.486007,41.254997,41.676132,18824000
2020-07-17,41.481776,41.692342,40.655704,40.671902,19747400
2020-07-20,40.485618,40.963444,40.291247,40.607098,23472600
2020-07-21,41.222608,41.967691,41.036334,41.894802,21943200
2020-07-22,41.740932,42.340237,41.425081,41.838116,17873400
2020-07-23,41.668032,42.299732,41.408872,42.178253,17090400
2020-07-24,42.194457,42.502210,41.708533,41.846210,16258900
2020-07-27,41.676145,41.676145,40.987752,41.538467,13991400
2020-07-28,41.319794,41.838113,41.279301,41.522263,13121400
2020-07-29,41.441278,42.591302,41.295504,42.534611,16991000
2020-07-30,41.392682,41.465571,40.380339,41.198311,24154600
2020-07-31,41.116503,41.157409,40.388415,40.911983,22485800
2020-08-03,41.361929,41.599169,40.650201,41.222855,15856600
2020-08-04,41.091960,41.165587,40.781091,41.018333,16230800
2020-08-05,41.312843,41.975485,41.288301,41.754604,16412400
2020-08-06,41.517363,41.959125,41.378292,41.631893,11025000
2020-08-07,41.329210,42.728119,41.010160,42.638130,21499100
2020-08-10,42.777204,43.529833,42.744480,43.243507,16850400
2020-08-11,44.544245,45.018728,43.799796,43.979771,25256500
2020-08-12,44.945097,45.010544,43.153511,43.644356,19337900
2020-08-13,43.218965,43.750712,43.006263,43.268047,13815300
2020-08-14,42.908094,43.644360,42.834467,43.300770,13861300
2020-08-17,43.055346,43.210779,42.008207,42.065472,19788700
2020-08-18,42.147284,42.155463,41.132868,41.181953,17100800
2020-08-19,41.460090,41.991841,40.903798,41.141041,20837300
2020-08-20,40.519313,40.920171,40.273890,40.560219,15920900
2020-08-21,40.453859,40.969248,40.216616,40.331146,17416000
2020-08-24,40.821994,41.828227,40.453859,41.770962,19745100
2020-08-25,42.417244,42.957174,41.697340,42.253632,17244800
2020-08-26,42.261817,42.368168,41.574633,41.599174,14541600
2020-08-27,41.492822,42.711753,41.435557,42.310898,19393500
2020-08-28,42.597217,42.842639,42.155455,42.769012,16990300
2020-08-31,42.466338,42.572689,41.803695,41.820057,16280100
2020-09-01,41.623710,42.188181,41.345564,41.885494,16903400
2020-09-02,41.754601,42.654483,41.443731,42.499050,15348600
2020-09-03,42.899911,43.881603,41.910039,42.130920,25003200
2020-09-04,42.924452,43.652539,42.081831,42.965355,25124000
2020-09-08,42.474509,42.613584,41.443735,41.754604,28128600
2020-09-09,41.885495,42.204544,41.411009,42.049110,19193900
2020-09-10,42.310911,42.949010,41.476473,41.680992,22324400
2020-09-11,41.631893,42.286353,41.558266,41.721882,21033200
2020-09-14,42.122740,42.605405,39.185847,39.390366,58798300
2020-09-15,39.365819,39.586700,36.543456,36.657990,84689700
2020-09-16,36.985219,38.253236,36.502554,37.647861,45484600
2020-09-17,37.189737,37.492427,36.821602,37.247002,28741600
2020-09-18,37.238817,37.598769,36.617077,36.698887,33201700
2020-09-21,35.512687,36.126245,35.234541,35.938087,33469700
2020-09-22,35.823547,36.101693,35.242714,35.414509,25799200
2020-09-23,35.676300,35.954446,34.187402,34.236485,28780200
2020-09-24,34.236487,34.850044,33.778366,34.514633,31259200
2020-09-25,34.228307,34.465550,33.966523,34.375561,26917200
2020-09-28,35.111820,35.897176,35.087279,35.455414,21204600
2020-09-29,35.259077,35.414514,34.375557,34.702785,20694300
2020-09-30,34.833675,35.659930,34.768227,35.267254,22533400
2020-10-01,35.447234,35.709018,34.850036,35.537220,21900500
2020-10-02,34.800961,35.889000,34.784599,35.717205,23899200
2020-10-05,36.208049,37.001584,36.167146,36.739799,24170600
2020-10-06,37.206102,37.680588,36.126242,36.330761,29505900
2020-10-07,36.829787,37.328814,36.494376,36.682533,22135800
2020-10-08,36.739799,36.952498,36.224410,36.584366,28630700
2020-10-09,36.821605,37.296091,36.559821,36.756161,25595600
2020-10-12,36.887048,37.623318,36.772518,37.533329,24070200
2020-10-13,37.729663,37.729663,35.627208,35.733559,49899100
2020-10-14,35.602675,36.191691,35.177275,35.201817,30260500
2020-10-15,34.800955,35.700838,34.563712,35.676296,26408000
2020-10-16,35.733569,35.897185,35.242725,35.332710,25998000
2020-10-19,35.463598,35.496322,35.021840,35.095467,22793600
2020-10-20,35.479960,36.060796,35.455419,35.602673,21255900
2020-10-21,35.553583,35.774463,35.095462,35.185448,19816300
2020-10-22,35.087287,35.987172,34.899130,35.954449,21341200
2020-10-23,36.167147,36.461655,35.725385,35.954449,18486500
2020-10-26,35.471782,35.504506,35.021841,35.389973,24928100
2020-10-27,35.209993,35.209993,34.252842,34.261024,24251700
2020-10-28,33.516565,34.023771,33.328408,33.647457,27485000
2020-10-29,33.647468,34.481906,33.303874,34.081047,23351000
2020-10-30,33.981669,34.404060,33.534435,34.304672,26962800
2020-11-02,34.669084,35.339936,34.122462,34.958958,24310800
2020-11-03,35.861704,36.458019,35.662934,36.052193,29985200
2020-11-04,35.223982,35.952812,34.702209,34.851288,25956400
2020-11-05,35.066626,36.093614,34.934112,35.671223,24945100
2020-11-06,36.035630,36.118453,35.199134,35.373058,17705200
2020-11-09,38.818443,40.400334,38.313231,39.456169,56895200
2020-11-10,40.011069,40.375482,39.298803,39.464447,33275800
2020-11-11,39.671495,40.822713,39.489287,40.524555,29719600
2020-11-12,39.729480,40.093894,39.514143,39.986225,28457400
2020-11-13,40.292665,40.640513,40.085611,40.300945,18632500
2020-11-16,41.750312,42.255523,41.294794,41.742031,26699400
2020-11-17,41.278243,42.180998,40.980085,42.015354,18970000
2020-11-18,42.313513,43.605530,42.247255,42.280384,25824000
2020-11-19,42.735903,43.332219,42.197565,43.183140,20262400
2020-11-20,42.926388,43.158288,42.396328,42.777309,15471100
2020-11-23,43.489569,44.417172,43.307364,44.143860,28923200
2020-11-24,45.121150,47.324202,45.121150,47.257946,32890900
2020-11-25,46.603655,47.340766,45.825135,47.257946,28250500
2020-11-27,47.208249,47.407022,46.479419,46.934937,14267100
2020-11-30,46.495996,46.827283,45.551831,45.609806,23359300
2020-12-01,46.835552,46.992915,45.883107,45.941082,23497900
2020-12-02,45.849978,47.556099,45.758874,47.373894,26796800
2020-12-03,47.522976,47.580951,46.545682,46.860405,18776100
2020-12-04,47.672063,48.715612,47.465009,48.549969,24696000
2020-12-07,48.160703,48.541681,47.440154,48.144138,21280900
2020-12-08,47.605795,48.367755,47.506410,48.334625,15511700
2020-12-09,48.997212,49.320216,48.284947,48.823288,27278200
2020-12-10,48.069605,50.347197,48.044757,50.107014,25866600
2020-12-11,49.527275,49.535559,48.185567,48.806728,20960000
2020-12-14,49.692910,49.908245,48.641077,48.649361,19688300
2020-12-15,48.649357,49.576957,48.508558,49.419594,16044400
2020-12-16,49.750872,49.808847,49.162840,49.485844,14988300
2020-12-17,49.692908,49.933091,49.336775,49.734318,18229900
2020-12-18,49.941368,49.941368,48.624506,48.914383,28712700
2020-12-21,49.982782,51.200260,49.535549,50.711613,31906100
2020-12-22,50.603941,50.637070,48.997204,49.080025,17851600
2020-12-23,49.692902,50.777865,49.518978,50.338909,16579100
2020-12-24,50.463140,50.595654,49.593515,50.164982,6824400
2020-12-28,50.206389,51.291352,50.098723,50.628780,14414600
2020-12-29,50.645348,50.852402,50.148417,50.446575,10800400
2020-12-30,50.446577,50.744735,50.247804,50.405167,10770700
2020-12-31,50.247811,51.225105,50.131861,51.067745,12500700
2021-01-04,51.009766,51.109151,49.469285,49.808853,21286200
2021-01-05,49.982772,51.349328,49.709463,51.100864,20213100
2021-01-06,53.411586,55.159120,52.964352,54.041031,38106600
2021-01-07,55.548370,56.401430,54.670464,54.678741,24161000
2021-01-08,54.836117,54.836117,53.287352,54.140419,20747800
2021-01-11,53.486123,55.175683,53.279070,55.026604,20454000
2021-01-12,55.896227,56.103280,54.860958,55.217091,20162800
2021-01-13,55.490408,55.672616,54.653909,55.374458,18541900
2021-01-14,55.921065,57.502958,55.631191,57.155109,29108900
2021-01-15,55.796849,56.028749,53.080299,53.196255,38295300
2021-01-19,53.999623,54.041036,52.103013,52.749020,27022400
2021-01-20,52.798709,52.856684,52.045034,52.384602,17448900
2021-01-21,52.351473,52.459142,51.133999,51.241665,19394600
2021-01-22,50.471427,51.208541,49.850266,50.794434,24740400
2021-01-25,50.247805,50.330628,49.005482,50.156704,25754100
2021-01-26,50.686758,50.719888,49.767439,50.446575,18760900
2021-01-27,49.610076,49.692896,48.475419,49.195969,24657200
2021-01-28,49.817131,50.570807,49.386459,49.974491,19986200
2021-01-29,50.083089,50.283556,48.187014,48.437599,27078300
2021-02-01,48.997228,49.005579,47.944783,48.805115,16073000
2021-02-02,49.782385,50.325315,49.531803,49.765682,18693400
2021-02-03,49.623688,51.077068,49.548513,51.035301,18730600
2021-02-04,51.427874,52.313267,51.302582,52.129505,16612900
2021-02-05,52.613970,52.689145,51.845515,52.271507,13493800
2021-02-08,52.697498,53.215367,52.497030,53.165253,15055400
2021-02-09,53.207014,53.349009,52.221390,52.722553,12336900
2021-02-10,53.023256,53.449248,52.605618,53.140194,12680700
2021-02-11,53.123483,53.349008,51.728576,52.789375,12108300
2021-02-12,52.555500,53.474302,52.530443,53.148548,12174600
2021-02-16,54.226043,54.351336,53.323948,53.557827,19065400
2021-02-17,53.290548,54.217707,52.998203,54.092415,20279600
2021-02-18,53.708179,53.916998,52.697494,53.023251,14833200
2021-02-19,53.591248,55.119796,53.499367,54.944389,20456200
2021-02-22,54.626982,55.879894,54.535101,54.727211,23120700
2021-02-23,54.785683,55.896600,54.175935,55.746250,26712100
2021-02-24,56.105407,57.366674,55.963412,57.299850,20752900
2021-02-25,57.667373,57.951364,55.871531,56.305878,25206100
2021-02-26,55.779653,56.464578,54.743914,55.027905,24182200
2021-03-01,57.207966,58.460878,56.781980,58.085007,28054600
2021-03-02,57.792672,58.460888,57.508675,57.558796,19200600
2021-03-03,58.043257,59.713807,57.884559,58.786652,25157600
2021-03-04,58.619582,59.956020,56.706802,58.310528,28518400
2021-03-05,59.170877,59.530046,57.166223,58.661366,25406800
2021-03-08,59.362976,60.841410,59.187569,60.323544,27351100
2021-03-09,59.229352,60.549082,58.502661,59.296169,24194900
2021-03-10,59.546749,61.710108,59.471571,61.601524,21331100
2021-03-11,61.375995,62.044211,60.599189,61.233994,17499200
2021-03-12,62.161160,62.854440,61.893872,62.795971,17210600
2021-03-15,63.071600,63.138417,61.208935,61.994095,18918100
2021-03-16,61.409415,61.501296,60.407088,61.250717,15834800
2021-03-17,61.751884,62.094344,60.757905,61.476242,19337500
2021-03-18,62.169512,63.589477,61.350940,61.676697,23857900
2021-03-19,61.142104,61.459512,59.738842,60.983406,24079400
2021-03-22,60.382034,60.640967,59.839104,60.106392,15040000
2021-03-23,59.555100,60.674365,58.895232,59.229343,16238700
2021-03-24,59.880861,60.540729,58.519359,58.536068,17089600
2021-03-25,58.327249,60.072971,57.759262,59.905918,18357300
2021-03-26,60.615897,61.175529,60.139790,60.991768,15716600
2021-03-29,59.763918,60.265081,58.778293,59.788975,17822300
2021-03-30,60.139795,61.158831,60.139795,60.941658,15615900
2021-03-31,60.732827,61.668337,60.524009,60.766239,15224800
2021-04-01,60.323563,61.217307,60.323563,61.092014,15251300
2021-04-05,61.868802,62.094323,60.507306,60.766239,16128400
2021-04-06,60.440485,61.033529,60.181552,60.640949,12908400
2021-04-07,60.908243,61.075302,60.098025,60.716133,14081400
2021-04-08,60.265097,60.582500,59.371353,60.415447,13677100
2021-04-09,60.816365,60.983424,60.148149,60.490608,14586400
2021-04-12,60.657664,60.808014,60.256729,60.716133,12002400
2021-04-13,60.390378,60.490607,59.362987,60.189907,16150000
2021-04-14,59.922611,61.217289,59.621911,60.899887,19476600
2021-04-15,62.186223,62.420105,59.939337,60.590851,31333400
2021-04-16,61.242358,61.451177,59.880863,60.515667,28478400
2021-04-19,60.732840,60.833075,60.098029,60.248379,19964800
2021-04-20,59.763928,59.763928,57.859496,58.293842,22013000
2021-04-21,57.742559,59.062295,57.141166,59.012180,16334800
2021-04-22,58.828400,59.095688,58.193590,58.310528,16037600
2021-04-23,58.335590,59.755561,58.059954,59.621914,18876100
2021-04-26,59.914261,60.816353,59.814026,60.306835,13098600
2021-04-27,60.557438,61.058601,60.440500,60.966721,13357500
2021-04-28,61.284113,61.509634,60.749537,60.899887,14420400
2021-04-29,61.609880,61.827047,60.874834,61.676697,20628400
2021-04-30,61.138422,61.180473,59.792682,59.918846,23669300
2021-05-03,60.574878,60.928138,60.044997,60.314144,16026100
2021-05-04,59.918840,60.894500,59.405778,60.835625,23071400
2021-05-05,61.071105,62.080403,60.373004,61.996296,19427200
2021-05-06,61.937450,63.030863,61.752411,62.896286,19621800
2021-05-07,61.760808,63.173829,61.584181,63.148598,16937400
2021-05-10,63.384088,64.628888,63.173817,63.190636,19628200
2021-05-11,62.660747,63.560707,62.164511,62.971951,21534800
2021-05-12,63.871919,64.258817,62.156107,62.433666,19791300
2021-05-13,62.139279,63.821447,62.071997,63.325211,18622300
2021-05-14,63.653235,64.570014,63.636416,64.393387,14122700
2021-05-17,64.199936,65.158771,64.006484,65.116714,14676300
2021-05-18,65.083082,65.343823,64.401806,64.443863,13729600
2021-05-19,63.602788,64.469104,62.845811,64.309296,23283600
2021-05-20,64.065375,64.460686,63.384099,64.090607,15244300
2021-05-21,64.342955,65.444774,64.267261,65.310204,18544500
2021-05-24,65.461569,65.907343,65.158779,65.629784,16750200
2021-05-25,65.772789,66.681162,64.923298,64.998993,20015800
2021-05-26,64.940095,65.520445,64.494321,65.200829,15243400
2021-05-27,66.041910,66.538153,65.562492,66.243774,17467000
2021-05-28,66.159686,66.420420,65.528873,66.201736,14392800
2021-06-01,66.857781,67.362430,66.731617,67.084877,15450500
2021-06-02,67.370834,67.530642,66.765253,67.168976,15285600
2021-06-03,67.042806,67.530636,66.798890,66.975517,22255800
2021-06-04,67.026001,67.177397,66.285843,66.857780,13807000
2021-06-07,66.967116,66.992347,66.462460,66.706375,12670100
2021-06-08,65.856902,66.798913,65.360659,66.512947,15399100
2021-06-09,66.168086,66.260606,65.402703,65.722313,13778400
2021-06-10,66.479292,66.689563,64.620496,64.670959,15277400
2021-06-11,64.763479,64.923287,64.006502,64.326118,18043500
2021-06-14,64.435451,64.570021,62.803746,63.215881,18304400
2021-06-15,63.123381,63.367290,61.609426,62.088844,25191700
2021-06-16,61.188866,61.399137,59.002049,60.103867,53319800
2021-06-17,61.045879,61.071111,57.328289,57.917046,48523000
2021-06-18,57.597441,57.824531,56.461973,56.865696,44582900
2021-06-21,57.563795,58.110494,57.092783,57.572201,30266600
2021-06-22,57.950700,58.379655,57.000271,58.001163,21564600
2021-06-23,58.337590,58.917940,58.102087,58.581505,19672700
2021-06-24,59.153436,60.280485,58.833820,59.986107,23900400
2021-06-25,60.095452,60.431887,58.758131,60.179565,26727400
2021-06-28,59.986112,60.280490,59.262779,60.145920,17660900
2021-06-29,58.993637,60.221619,58.522632,58.606739,28696900
2021-06-30,58.606754,59.557177,58.388070,59.506714,18502300
2021-07-01,59.784256,59.893594,59.254369,59.725380,12584800
2021-07-02,59.725398,59.817918,58.968421,59.220749,13222700
2021-07-06,58.968411,59.035699,57.075972,57.370350,24672200
2021-07-07,56.949802,57.504921,56.571317,57.134842,19342700
2021-07-08,55.847994,56.470394,55.301288,56.125553,24763600
2021-07-09,57.286235,57.631076,56.890925,57.572201,18872600
2021-07-12,56.916166,58.531046,56.604969,58.404888,19600600
2021-07-13,58.102090,58.438525,57.210536,57.504921,18962400
2021-07-14,58.867473,59.531930,56.731119,57.336700,36287800
2021-07-15,56.806818,58.068444,56.722711,57.572201,18897200
2021-07-16,57.790892,57.832949,55.864809,56.268532,19289000
2021-07-19,55.057368,55.570430,54.132177,54.737759,33318600
2021-07-20,54.821863,56.167596,54.485428,55.755466,20577900
2021-07-21,56.361045,57.403987,56.293756,57.101196,23393200
2021-07-22,56.983459,57.017103,55.856409,56.293770,16524900
2021-07-23,56.773180,56.991864,55.948915,56.108723,13443300
2021-07-26,55.898449,57.059143,55.898449,57.000267,16434000
2021-07-27,56.419922,57.530153,56.167594,57.176899,17127700
2021-07-28,57.462868,57.706783,56.764766,57.277828,20275900
2021-07-29,57.790881,58.522627,57.538560,57.874989,22261700
2021-07-30,57.553003,58.061421,56.976795,57.298798,18078200
2021-08-02,57.578425,58.569846,57.315744,57.392010,16616700
2021-08-03,57.832625,58.544408,56.680209,58.366463,21041500
2021-08-04,57.722465,58.679984,57.561463,58.061405,14416300
2021-08-05,58.324111,59.120629,58.273265,59.052845,14361600
2021-08-06,59.976466,60.586569,59.806995,60.222202,23915400
2021-08-09,60.112041,61.010246,59.705304,60.603508,15619800
2021-08-10,60.688248,62.145709,60.484876,61.840664,17920100
2021-08-11,62.111833,62.993087,61.798306,62.959198,18676100
2021-08-12,62.984605,63.247286,62.391446,62.815128,14181400
2021-08-13,62.874437,63.230335,61.789812,61.950813,13362800
2021-08-16,61.357673,61.425458,60.154411,61.094986,15532800
2021-08-17,60.450984,61.315299,59.891727,60.688251,14623000
2021-08-18,60.332349,61.230560,60.061192,60.264565,13970600
2021-08-19,59.773087,59.942557,58.832512,59.179928,21047300
2021-08-20,59.069785,59.569734,58.646103,59.527363,14028800
2021-08-23,59.959524,60.383207,59.790047,60.069679,13079500
2021-08-24,60.281499,61.171234,60.188289,61.044128,12669300
2021-08-25,61.688147,62.620247,61.044148,62.010143,17766600
2021-08-26,62.255883,62.620250,61.247517,61.383099,14135600
2021-08-27,61.501724,62.171143,61.264463,61.849140,13669400
2021-08-30,61.857606,61.866082,60.349298,60.730610,12687400
2021-08-31,60.798409,61.433932,60.442517,60.933990,17285900
2021-09-01,61.315311,61.315311,60.340840,60.425575,15114800
2021-09-02,60.467917,60.984810,60.095075,60.586548,13533400
2021-09-03,60.688237,60.781448,59.866292,60.306919,13683300
2021-09-07,60.467927,61.247501,59.917139,60.010349,14663600
2021-09-08,60.052729,60.349305,59.213833,59.349415,14861800
2021-09-09,59.290089,60.247608,59.239249,59.705296,14212900
2021-09-10,60.103561,60.154401,58.908774,58.951145,15422800
2021-09-13,59.417205,59.874782,59.112153,59.756145,16337300
2021-09-14,60.027299,60.484877,58.061414,58.281731,26568900
2021-09-15,58.315621,60.052721,58.146151,59.696823,22392100
2021-09-16,60.188302,60.315408,59.307042,59.315517,19245400
2021-09-17,59.120626,59.806996,59.027422,59.281628,30768300
2021-09-20,57.663165,57.764844,55.900645,57.027641,36955400
2021-09-21,57.324223,57.400483,56.366697,56.722595,21169900
2021-09-22,57.527589,58.612215,57.442854,57.824165,21160200
2021-09-23,58.646098,60.493353,58.468152,60.061195,21451500
2021-09-24,59.917144,60.654354,59.917144,60.315407,15788400
2021-09-27,60.883145,61.527144,60.798410,61.230568,19857500
2021-09-28,61.408510,62.094873,60.366248,60.476410,20835000
2021-09-29,60.747550,60.857705,60.145922,60.611969,13683900
2021-09-30,60.696724,60.756039,59.273151,59.468048,22090900
2021-10-01,59.688359,60.739089,59.391776,60.315407,23701900
2021-10-04,60.230666,61.840659,60.035769,60.408611,18957200
2021-10-05,60.806886,61.798302,60.442519,61.459354,15587200
2021-10-06,60.942456,61.527140,60.179827,61.366138,15997200
2021-10-07,61.866088,62.154189,61.052619,61.171249,15349900
2021-10-08,60.883138,61.696607,60.595037,61.306820,11960700
2021-10-11,61.603391,62.467707,60.679767,60.739082,14985500
2021-10-12,60.620459,60.959407,59.688360,59.857830,17593400
2021-10-13,59.781564,59.806984,58.247830,59.535828,23451900
2021-10-14,60.222186,60.391656,59.078245,59.993401,24707900
2021-10-15,60.857712,62.044023,60.595031,61.255974,21884500
2021-10-18,61.069566,61.476304,60.501833,60.679779,15026100
2021-10-19,61.222076,61.433917,60.383187,60.806870,15173900
2021-10-20,60.637403,61.247506,60.001879,60.857719,14350400
2021-10-21,60.383196,60.866194,59.323991,59.747673,18519000
2021-10-22,59.967986,60.917037,59.891726,60.476410,14625100
2021-10-25,60.654353,60.883138,59.917143,60.018829,15103000
2021-10-26,60.162879,60.679772,59.832407,59.866302,18647900
2021-10-27,59.747667,59.917137,58.730825,59.578190,25475900
2021-10-28,59.976460,60.434038,59.552778,60.061195,16367800
2021-10-29,60.155069,60.266023,58.866274,59.028442,22403000
2021-11-01,59.685654,59.685654,58.917498,59.412533,19106600
2021-11-02,59.344248,59.429597,58.499279,58.550488,25539000
2021-11-03,58.294433,59.386919,58.115191,58.891884,21755600
2021-11-04,58.678518,58.695585,56.775198,57.184883,32148900
2021-11-05,57.884753,58.029848,57.142201,57.176342,20902600
2021-11-08,57.944509,58.908968,57.500689,58.422470,25122000
2021-11-09,57.850607,58.251756,57.560418,58.029842,18513000
2021-11-10,58.140812,58.413934,57.790872,58.217625,19290200
2021-11-11,58.260302,59.045526,58.183483,58.780941,20296200
2021-11-12,58.891878,59.036973,58.294427,59.028442,13867400
2021-11-15,59.258904,59.463744,58.499284,58.669983,12965100
2021-11-16,58.704126,58.704126,57.440941,57.816479,19042800
2021-11-17,57.748206,57.773810,56.988580,57.056862,16468300
2021-11-18,56.937363,57.312908,56.502073,57.278767,14994700
2021-11-19,56.433801,56.689849,55.674181,56.621567,19766900
2021-11-22,58.004248,58.132276,57.014185,57.219025,24020500
2021-11-23,57.671380,58.354187,57.278768,58.098133,18142200
2021-11-24,58.038395,58.089604,57.381199,57.423870,14975500
2021-11-26,55.486413,56.109468,54.462205,55.904629,24542000
2021-11-29,56.322852,56.578906,55.016989,55.512024,24340700
2021-11-30,54.897489,55.315705,54.078125,54.368317,35574000
2021-12-01,55.187688,55.554690,53.344113,53.361183,27379200
2021-12-02,54.061040,54.854797,53.566005,54.462189,24890700
2021-12-03,54.402452,54.726785,53.284358,53.566013,25458700
2021-12-06,53.719654,54.257364,53.036850,53.361183,25105500
2021-12-07,53.728183,54.069584,53.190474,53.685509,28301200
2021-12-08,53.787924,53.907414,53.216073,53.309959,20697200
2021-12-09,52.806399,53.344109,51.935823,53.036846,29960500
2021-12-10,52.644228,53.139259,51.381040,51.816326,39726500
2021-12-13,51.628560,51.952889,51.022568,51.363972,20489500
2021-12-14,51.594419,52.336968,51.534674,51.756584,19571100
2021-12-15,52.012643,52.072388,50.817737,51.415192,33861300
2021-12-16,52.149200,52.840541,51.910220,52.123596,25688300
2021-12-17,51.440800,51.637106,50.322706,50.817741,47383500
2021-12-20,50.015427,50.126384,49.153388,49.742306,31619600
2021-12-21,50.134928,51.090854,50.058113,50.681171,23175100
2021-12-22,50.621428,51.159134,50.442189,50.868942,14760600
2021-12-23,51.201811,51.876078,51.167670,51.389580,15223300
2021-12-27,51.551749,52.012639,51.210345,51.765125,14035400
2021-12-28,51.585890,52.345513,51.474936,51.739521,12697900
2021-12-29,51.901689,52.046783,51.440795,51.671242,13284000
2021-12-30,51.739523,52.123601,51.543217,51.577358,11380500
2021-12-31,51.577346,51.859001,51.312758,51.543205,12307200
2022-01-03,52.217483,54.291502,52.157738,53.856213,30508500
2022-01-04,54.675571,55.247425,54.231751,54.274426,30303600
2022-01-05,54.709724,54.974315,53.583096,53.642841,25149100
2022-01-06,54.812137,55.742455,54.206146,55.401058,33334200
2022-01-07,55.631506,56.800811,55.631506,56.143608,26548200
2022-01-10,56.723995,57.167821,55.665649,56.356987,28693700
2022-01-11,56.655705,57.423861,56.476469,57.278767,23453000
2022-01-12,57.850623,58.593175,57.116607,57.423870,27976200
2022-01-13,57.637236,58.413930,57.201947,57.850613,29222000
2022-01-14,55.785126,57.253157,55.546146,57.125130,35994400
2022-01-18,56.920289,57.048310,55.563212,55.733917,26353600
2022-01-19,56.041184,56.041184,54.598757,54.829201,22817100
2022-01-20,54.871877,55.861940,54.368309,55.016972,22794100
2022-01-21,54.615830,55.008438,53.557481,54.001305,28637900
2022-01-24,52.499127,53.600150,51.235939,53.514801,38601700
2022-01-25,52.891749,55.016976,52.174804,54.718250,34371100
2022-01-26,55.221818,56.143606,54.513410,55.264496,31803400
2022-01-27,55.665647,56.203353,54.539019,54.752396,24674000
2022-01-28,54.300037,55.230358,53.625770,55.213291,20953500
2022-01-31,54.632892,55.691237,54.282952,55.580284,23067400
2022-02-01,55.853415,56.920298,55.512012,56.809338,26868400
2022-02-02,56.630104,57.014185,55.972907,56.527687,18194200
2022-02-03,56.553289,56.655706,55.503474,55.699783,18219100
2022-02-04,55.949253,57.342825,55.777203,56.843891,23267900
2022-02-07,56.852478,57.454642,56.344947,57.084743,20081600
2022-02-08,57.686896,58.469707,57.291192,57.738514,23191000
2022-02-09,57.987992,58.658969,57.755726,58.357883,20902700
2022-02-10,58.452499,58.968641,57.824536,58.065399,22522300
2022-02-11,57.850346,59.450371,57.291196,57.764324,27226700
2022-02-14,57.523465,57.824544,56.620223,57.170769,24544000
2022-02-15,57.772932,58.048204,57.230984,57.635292,15487600
2022-02-16,57.239587,58.005190,57.144962,57.592278,13067400
2022-02-17,57.058947,57.325616,55.235261,55.665375,23150000
2022-02-18,55.149228,55.889025,54.796534,55.175034,18114800
2022-02-22,54.254604,55.364300,54.254604,54.959991,19057000
2022-02-23,55.415908,55.708389,54.228795,54.383636,17563500
2022-02-24,52.035214,52.525544,50.211527,52.190052,46453500
2022-02-25,52.740593,54.099752,52.482522,53.316944,30518900
2022-02-28,51.553485,51.974995,50.237337,50.951324,48212900
2022-03-01,50.228733,51.028746,49.824425,50.400780,51389000
2022-03-02,49.007208,51.493267,48.112569,51.235199,60206500
2022-03-03,50.538404,50.744860,49.024404,49.566345,54027300
2022-03-04,48.095365,48.740536,47.476000,48.680321,54263000
2022-03-07,47.338364,48.405048,46.512545,47.785683,49710700
2022-03-08,48.654513,49.282480,47.106100,47.200726,43858100
2022-03-09,48.946990,49.273874,48.009341,48.129772,32757100
2022-03-10,47.329755,47.630834,46.409311,47.209324,31942500
2022-03-11,47.630841,47.906114,46.512545,46.589966,20550900
2022-03-14,47.054489,47.544819,46.306091,46.650181,25046000
2022-03-15,46.848027,47.845892,46.753402,47.407177,20747100
2022-03-16,48.189985,49.497532,48.146974,48.860962,31659800
2022-03-17,47.923324,49.291087,47.338368,49.282486,21432300
2022-03-18,48.981402,49.574961,48.800754,49.334095,30900500
2022-03-21,49.747004,49.747004,48.817956,49.015808,21661200
2022-03-22,49.738400,50.108298,49.299685,49.463127,23407400
2022-03-23,49.136238,49.463126,48.172783,48.473862,23070200
2022-03-24,48.697526,48.723332,48.344833,48.534081,16770200
2022-03-25,48.628702,49.230863,48.551282,48.809353,21206300
2022-03-28,48.344836,48.413652,47.080299,48.103970,25546300
2022-03-29,49.273866,49.377096,48.284606,48.577084,21463500
2022-03-30,48.181386,48.559888,46.925453,47.286751,32222400
2022-03-31,46.891042,47.192124,45.901782,45.936192,29202400
2022-04-01,45.996411,46.228673,44.534022,45.015751,40073100
2022-04-04,44.946934,45.592106,44.439399,45.420059,29296200
2022-04-05,44.783488,45.144782,44.232939,44.370579,23065500
2022-04-06,43.880240,43.949060,43.355504,43.467331,25196600
2022-04-07,43.493136,43.536146,42.185588,43.037212,28689900
2022-04-08,42.873775,44.129708,42.865175,43.768414,26853300
2022-04-11,43.690995,44.946928,43.338302,43.484539,20895700
2022-04-12,43.527556,43.974875,43.054431,43.303898,18755500
2022-04-13,42.392049,43.166255,42.323232,43.140450,21194200
2022-04-14,43.579170,44.645854,43.252282,43.811432,34043100
2022-04-18,43.734010,45.772750,43.682395,44.998547,28396300
2022-04-19,45.359843,45.746946,45.161991,45.523285,19996800
2022-04-20,45.936195,46.435125,45.497476,45.678123,20532800
2022-04-21,46.056623,46.254475,45.179190,45.273815,15952900
2022-04-22,45.110368,45.248004,44.017877,44.069492,23073900
2022-04-25,43.682381,44.078089,42.736132,43.983463,22079300
2022-04-26,43.467331,44.387775,43.200662,43.209263,18335800
2022-04-27,42.804957,43.544753,42.615709,42.667320,24707500
2022-04-28,42.933996,43.037223,42.159789,43.028622,20112100
2022-04-29,43.158980,43.376253,41.759746,41.898800,21844900
2022-05-02,42.116075,42.463712,41.525094,42.333347,25904000
2022-05-03,42.872182,44.158434,42.654910,43.541378,25374500
2022-05-04,43.602215,45.540287,43.489235,45.392540,26643600
2022-05-05,44.705959,45.305632,44.054142,44.592979,25756000
2022-05-06,44.532145,45.192651,43.958546,44.862396,25912900
2022-05-09,44.314872,44.514762,43.098145,43.358871,28888400
2022-05-10,43.923789,44.054151,41.420810,42.368118,31054700
2022-05-11,42.541933,43.402330,41.333899,41.420807,30179000
2022-05-12,41.073166,41.194841,39.456662,40.464806,36301500
2022-05-13,40.682070,41.585920,40.682070,41.403412,21739400
2022-05-16,41.359973,41.777135,40.847210,41.246990,16919100
2022-05-17,43.315418,44.853707,43.193746,44.367016,46643400
2022-05-18,44.088907,44.375708,42.594072,42.863491,32181600
2022-05-19,42.289888,43.715194,42.229052,43.263268,27279400
2022-05-20,43.680432,44.088905,42.159526,43.237198,29025500
2022-05-23,44.627746,46.583197,44.453930,45.861855,35166800
2022-05-24,45.601122,46.070428,44.749415,45.783630,24344800
2022-05-25,45.679342,46.166030,45.210033,45.801014,23507900
2022-05-26,46.461525,47.148106,46.209488,47.009052,19140700
2022-05-27,46.930829,46.930829,46.096504,46.600574,19509300
2022-05-31,46.087809,46.809155,45.575046,46.418064,25805400
2022-06-01,46.496287,46.704870,44.957998,45.531597,23902000
2022-06-02,45.540296,45.627204,44.845022,45.566368,17473600
2022-06-03,45.253483,45.479449,44.514759,44.610359,16550000
2022-06-06,45.018830,45.688029,44.645121,44.671196,18473200
2022-06-07,44.349635,45.392543,44.175819,45.279560,15528800
2022-06-08,44.931926,45.288253,44.375710,44.679890,13207700
2022-06-09,44.792872,44.845015,43.419709,43.428402,14272900
2022-06-10,42.342035,42.715743,41.168762,41.464252,28910800
2022-06-13,40.551716,40.855896,39.456665,39.708698,30308400
2022-06-14,40.143242,40.612551,39.587025,39.943352,25223600
2022-06-15,40.386587,41.872729,40.369204,41.351276,30001500
2022-06-16,40.673388,41.012332,39.943352,40.751606,24744900
2022-06-17,40.951491,41.099238,39.969422,40.430038,35111400
2022-06-21,41.681538,42.011793,41.299139,41.681538,20289700
2022-06-22,41.134005,41.707604,40.795058,41.021023,19752800
2022-06-23,40.734218,40.768983,39.621785,40.282291,24137200
2022-06-24,39.595715,41.942254,39.569640,41.594620,27322600
2022-06-27,41.768436,42.063927,41.064473,41.568546,21198200
2022-06-28,42.063920,42.680972,40.795047,41.029701,21643600
2022-06-29,41.073171,41.542480,40.525647,40.934116,20981000
2022-06-30,40.169312,40.595163,39.334983,39.969421,21207900
2022-07-01,39.752161,40.881977,39.404524,40.734230,16539600
2022-07-05,39.708691,40.543019,39.048185,40.508255,19156800
2022-07-06,40.238832,40.569087,39.508797,40.108471,14952800
2022-07-07,40.768987,41.107932,40.508261,40.786369,15598900
2022-07-08,41.073171,41.333901,40.482193,40.690773,11789900
2022-07-11,40.343136,40.673391,40.056338,40.143246,12778200
2022-07-12,39.613100,40.786370,39.543571,40.091099,16966700
2022-07-13,39.717386,39.786912,38.813532,39.543568,21793600
2022-07-14,38.657101,38.657101,37.753247,38.361610,27337600
2022-07-15,40.847202,43.993305,40.143238,43.437088,86566200
2022-07-18,44.028067,44.758103,43.219814,43.515305,26042500
2022-07-19,44.219272,45.548978,44.175818,45.305634,28113600
2022-07-20,44.758105,45.583740,44.714651,45.583740,24546500
2022-07-21,45.288255,45.740182,45.010147,45.705418,18261900
2022-07-22,45.644582,46.079127,44.749421,45.114437,14903400
2022-07-25,45.566354,46.192099,45.253481,45.331699,16794700
2022-07-26,44.992758,45.887919,44.532142,44.671196,18960800
2022-07-27,44.931916,45.809695,44.601661,45.496822,17087300
2022-07-28,45.270868,45.818395,44.592979,45.392540,12729200
2022-07-29,45.392543,45.857701,45.199457,45.550522,16783500
2022-08-01,45.190683,45.822595,44.883500,45.568073,13051800
2022-08-02,45.427645,45.726049,44.523657,44.541210,17378500
2022-08-03,44.971265,45.445198,44.611424,45.295998,13570600
2022-08-04,45.252116,45.418870,44.822061,44.988815,10152200
2022-08-05,44.865941,45.936687,44.681634,45.339878,13868800
2022-08-08,45.611964,45.778718,45.120473,45.173134,11594400
2022-08-09,45.322330,45.734831,45.129244,45.717278,9739300
2022-08-10,46.349193,47.744672,46.287757,46.682701,32416200
2022-08-11,47.305843,47.806109,47.174193,47.393608,13450300
2022-08-12,47.551583,47.744669,47.068871,47.727116,15493600
2022-08-15,47.174182,47.560351,46.928438,47.455032,11595200
2022-08-16,47.226853,47.885098,47.165417,47.551586,14708000
2022-08-17,46.884560,47.411158,46.779242,47.182964,13370800
2022-08-18,47.042547,47.147869,46.551060,46.998665,10573300
2022-08-19,46.647593,46.875783,45.963017,46.173656,14798800
2022-08-22,45.252117,45.436425,44.751852,44.980042,16749600
2022-08-23,44.988816,45.357434,44.637754,44.716743,11126100
2022-08-24,44.699183,45.015141,44.435886,44.769394,11159300
2022-08-25,44.944932,45.857699,44.822060,45.690945,12569000
2022-08-26,45.884033,45.936693,43.663555,43.689884,20049700
2022-08-29,43.593341,43.637227,43.031639,43.330044,15103100
2022-08-30,43.742543,43.742543,42.742012,43.075523,16735500
2022-08-31,43.251052,43.488020,42.715679,42.838554,16582100
2022-09-01,42.803446,42.803446,41.960894,42.785892,14470900
2022-09-02,43.277381,44.014614,42.671793,42.864880,15568100
2022-09-06,42.978980,43.093074,41.794138,42.320736,15544500
2022-09-07,41.899460,42.777119,41.776585,42.680576,15413900
2022-09-08,42.478719,43.839090,42.232972,43.795208,18088800
2022-09-09,44.155039,44.769397,44.102378,44.470993,18711800
2022-09-12,44.988813,45.322324,44.497326,44.646526,13506500
2022-09-13,43.795205,44.058502,42.627916,43.005310,22148200
2022-09-14,43.119405,43.452913,41.864352,42.505043,25701700
2022-09-15,42.443606,43.224722,42.373391,42.513817,16556900
2022-09-16,42.118872,42.338286,41.662488,42.224190,19995600
2022-09-19,41.680043,42.548924,41.636157,42.338287,14716100
2022-09-20,41.969676,42.101326,41.127123,41.469410,16650200
2022-09-21,41.469410,41.890686,40.644411,40.661964,18641800
2022-09-22,40.907700,41.135890,39.924722,40.003712,18443100
2022-09-23,39.477123,39.591220,38.002655,38.845207,30918000
2022-09-26,38.344934,38.774989,37.370735,37.730576,23684400
2022-09-27,37.941218,38.081644,36.931912,37.379517,21255500
2022-09-28,37.379514,38.283503,37.256643,38.090420,19818100
2022-09-29,37.651584,37.809563,36.870464,37.203976,20982200
2022-09-30,37.203979,37.713023,36.519406,36.572063,22266400
2022-10-03,36.466746,37.669138,36.036695,37.353184,22001000
2022-10-04,38.239618,39.275257,38.151854,38.976852,20660000
2022-10-05,38.406371,38.617011,37.835894,38.476585,15458500
2022-10-06,38.107966,38.441477,37.555043,37.792011,17738400
2022-10-07,37.476054,37.555044,36.809031,37.028446,18101300
2022-10-10,37.291740,37.397058,36.449184,36.510620,13768800
2022-10-11,36.221000,36.475522,35.474988,35.501320,20176100
2022-10-12,35.448665,36.299996,35.150261,35.843613,20862200
2022-10-13,35.281906,37.897330,35.115148,37.695469,27964900
2022-10-14,37.818344,38.985629,37.563822,37.941216,28885100
2022-10-17,38.889091,38.994410,37.906110,38.257175,20835400
2022-10-18,39.196274,39.450796,38.309839,38.748669,21302100
2022-10-19,38.467812,38.704778,37.642810,38.037758,15142800
2022-10-20,38.081641,38.564353,37.493611,37.669140,15421600
2022-10-21,37.686697,38.897868,37.458507,38.845207,18783600
2022-10-24,38.897863,39.205042,38.590684,38.976852,14392300
2022-10-25,38.660896,40.012493,38.538025,39.775524,20085700
2022-10-26,39.933501,40.354777,39.687757,39.854511,16516200
2022-10-27,40.258242,40.495210,39.801858,39.880848,15687900
2022-10-28,39.986166,40.618078,39.521004,40.486431,13457900
2022-10-31,40.117800,40.565409,39.994929,40.249451,15600400
2022-11-01,40.635625,40.793604,40.372328,40.565414,15505200
2022-11-02,40.486431,41.258768,39.968611,39.977386,20306800
2022-11-03,39.635094,39.854508,39.064614,39.126053,16025800
2022-11-04,39.605474,40.351240,39.303616,40.067139,15204100
2022-11-07,40.377873,40.715244,40.138162,40.599827,11792300
2022-11-08,40.661978,41.310084,40.511051,40.946079,16737100
2022-11-09,40.599830,40.715247,40.084899,40.271339,13299000
2022-11-10,41.469891,43.289914,41.336721,42.988056,27915500
2022-11-11,43.059082,44.896861,43.005812,44.559490,26009200
2022-11-14,44.337537,44.373051,43.520748,43.520748,19631600
2022-11-15,44.239873,44.763681,43.050199,43.529617,19839400
2022-11-16,43.396449,43.467472,42.739463,42.943661,18052100
2022-11-17,42.331065,42.845997,42.082478,42.837120,11962700
2022-11-18,43.263273,43.565131,42.757218,43.201126,12884300
2022-11-21,43.201129,43.538500,42.863758,43.396450,9884100
2022-11-22,43.627276,44.106698,43.618399,43.795963,13132000
2022-11-23,43.804847,43.920264,42.482000,42.828251,22863300
2022-11-25,42.792735,43.085713,42.730588,42.872639,6823600
2022-11-28,42.535272,42.783859,41.576432,41.931557,18987100
2022-11-29,41.931552,42.526391,41.913796,42.233410,12224700
2022-11-30,41.798378,42.996928,41.008219,42.979172,23993100
2022-12-01,42.863761,43.210009,42.038092,42.419853,19797600
2022-12-02,41.975944,42.126874,41.558672,41.940434,12745400
2022-12-05,41.674088,41.833895,40.289097,40.519928,20397500
2022-12-06,40.528810,40.741884,39.241476,39.933971,22160800
2022-12-07,39.632104,40.351236,39.339126,39.658737,20233400
2022-12-08,39.818549,40.280214,39.294737,39.676498,15622200
2022-12-09,39.596597,40.120408,39.552207,39.827431,14030600
2022-12-12,39.640992,40.661979,39.383525,40.635345,19045100
2022-12-13,41.585304,42.481997,41.052616,41.363350,25655400
2022-12-14,41.292323,41.762867,40.590950,40.821781,16587500
2022-12-15,40.031628,40.182555,39.179325,39.614353,20201900
2022-12-16,39.241475,39.649869,38.895227,39.374645,26955400
2022-12-19,39.383520,39.490057,38.602241,39.001759,18019100
2022-12-20,39.197079,39.552204,38.886342,38.895222,14412700
2022-12-21,39.250347,39.854063,39.214834,39.783039,22492300
2022-12-22,39.454549,39.454549,38.096192,39.055035,24476100
2022-12-23,39.063908,39.383522,38.957371,39.294739,15143800
2022-12-27,39.312500,39.543334,39.037279,39.410160,14777800
2022-12-28,39.445669,39.836307,39.232592,39.614353,12882200
2022-12-29,39.809661,40.164788,39.640977,40.093761,14124100
2022-12-30,39.889574,40.200308,39.738644,40.155918,11802800
2023-01-03,40.617581,41.505397,40.431141,40.644215,19564000
2023-01-04,41.318956,42.206772,41.141392,41.691837,21507200
2023-01-05,41.461011,41.691842,40.812906,41.505402,12314900
2023-01-06,41.780629,42.339950,41.381111,42.002583,16736300
2023-01-09,42.517514,42.899275,42.144633,42.206779,16745500
2023-01-10,42.224534,42.801612,41.904919,42.783855,12429900
2023-01-11,42.801610,43.272155,42.490875,43.245518,17143700
2023-01-12,43.556256,43.929137,43.103468,43.582890,16287800
2023-01-13,43.067954,44.594999,42.384339,44.319775,28037000
2023-01-17,44.266505,45.047784,44.159968,44.666023,28193500
2023-01-18,44.603879,44.816953,43.716063,43.884747,18952000
2023-01-19,43.192257,44.035679,43.032449,43.831482,14869100
2023-01-20,44.106704,45.376281,43.733819,45.358524,19957300
2023-01-23,45.323016,46.423910,45.172089,46.148685,18531200
2023-01-24,45.651501,46.122046,44.763685,45.651501,13303200
2023-01-25,45.145442,46.113162,45.145442,46.077652,20719000
2023-01-26,46.237464,46.397268,45.731406,46.335121,22393300
2023-01-27,46.130914,46.335111,45.864569,46.042133,18294000
2023-01-30,45.669257,46.201948,45.580476,45.944481,11126200
2023-01-31,46.042141,46.361755,45.837944,46.361755,34823400
2023-02-01,45.758042,46.823422,45.642625,46.299610,22111900
2023-02-02,46.681370,47.258448,45.926724,46.361755,22331700
2023-02-03,45.743115,46.209333,45.303793,45.680355,20050600
2023-02-06,45.187240,45.716218,44.747919,45.599663,16152000
2023-02-07,45.501049,46.406585,45.357597,45.841747,14361000
2023-02-08,45.518970,46.182432,45.366551,45.859669,13242300
2023-02-09,46.038979,46.137603,44.703089,44.810677,16794900
2023-02-10,44.667232,44.998962,44.066530,44.927238,16519900
2023-02-13,44.819656,45.796920,44.756893,45.725193,11626900
2023-02-14,45.662425,46.397614,45.267935,46.272095,16283300
2023-02-15,45.581744,46.514180,45.554848,46.460384,9216600
2023-02-16,46.038988,46.469346,45.814845,46.137611,9398000
2023-02-17,45.958298,46.254169,45.653463,46.101749,12297700
2023-02-21,45.492082,45.644498,44.317571,44.685165,22899200
2023-02-22,44.729999,45.258977,44.263781,44.864487,14431500
2023-02-23,45.133455,45.384495,44.559650,45.169319,12550700
2023-02-24,44.828611,45.133445,44.514812,44.989994,14547300
2023-02-27,45.276896,45.895530,45.178273,45.250000,14190200
2023-02-28,45.258971,45.608634,45.052760,45.447250,12932400
2023-03-01,45.241045,46.209345,45.097593,46.173481,15966000
2023-03-02,45.886581,46.128656,45.241048,46.083828,18104500
2023-03-03,46.155541,46.971422,46.155541,46.935558,15879900
2023-03-06,46.944533,47.025225,46.630731,46.783150,12693300
2023-03-07,46.442447,46.738317,45.483115,45.796917,30953800
2023-03-08,45.778984,45.967264,45.097587,45.438286,12847700
2023-03-09,45.348626,45.572769,43.403063,43.573410,29460100
2023-03-10,43.107209,44.272753,42.255465,43.340317,29770800
2023-03-13,42.138900,42.354079,39.987125,40.112648,50709200
2023-03-14,42.327181,43.026510,41.744411,42.497532,42165900
2023-03-15,40.740246,40.794041,39.538839,40.184372,41832800
2023-03-16,40.040922,41.323021,39.180213,40.901630,28877300
2023-03-17,40.327822,40.327822,39.287798,39.673325,37130200
2023-03-20,40.085751,41.009223,39.368493,39.529877,31899900
2023-03-21,40.856798,41.260256,40.300924,40.408512,29835600
2023-03-22,40.507137,40.623692,39.162279,39.189175,21672000
2023-03-23,39.727123,40.211269,38.651235,38.956070,24112600
2023-03-24,38.409155,38.660194,37.664998,38.651230,25453900
2023-03-27,39.502980,40.345757,39.341597,40.148510,29335200
2023-03-28,40.094721,40.551971,39.888509,40.543007,16206000
2023-03-29,40.874736,41.251294,40.758180,41.197502,15047000
2023-03-30,41.672686,41.816138,41.009225,41.305092,14226400
2023-03-31,41.780269,42.112003,41.538197,42.040276,16009200
2023-04-03,42.264414,42.578216,41.627848,41.878887,16633100
2023-04-04,42.049242,42.156830,40.928527,41.323017,15542400
2023-04-05,40.767147,41.412676,40.623695,41.036118,11739100
2023-04-06,41.063010,41.430605,40.811971,41.116806,11918100
2023-04-10,41.054045,41.923717,41.036113,41.708542,11777100
2023-04-11,41.843029,42.470630,41.771305,42.318214,14177300
2023-04-12,42.569251,42.712702,41.708542,42.067169,14330900
2023-04-13,42.049244,42.667878,41.762341,42.407871,15578900
2023-04-14,43.187886,44.729991,43.053402,44.434124,33064500
2023-04-17,44.613442,44.658273,44.012740,44.550682,19590400
2023-04-18,44.765854,45.097585,44.335500,44.900341,16616200
2023-04-19,44.586547,45.232080,44.272748,45.187252,14894000
2023-04-20,44.658271,44.873446,44.021702,44.290676,20410200
2023-04-21,43.896179,44.129290,43.322373,43.958939,14377300
2023-04-24,43.958939,44.209981,43.707899,43.958939,11208800
2023-04-25,43.483758,43.618245,42.784433,42.945816,15374000
2023-04-26,42.856155,42.909950,41.591988,42.013378,16984600
2023-04-27,42.174766,42.452701,41.636820,42.165798,16541400
2023-04-28,41.866680,42.899981,41.730722,42.664314,15222100
2023-05-01,43.398507,43.851707,42.754959,42.827473,18314800
2023-05-02,42.437722,42.655260,41.295658,41.694473,19450100
2023-05-03,41.812310,42.238317,41.359109,41.395363,14533500
2023-05-04,40.824325,41.150630,39.954181,40.697430,20601800
2023-05-05,41.513187,42.147669,41.395354,41.984516,13384500
2023-05-08,42.492104,42.736833,41.939199,42.020775,8760900
2023-05-09,41.612893,42.383333,41.504126,42.165798,10188800
2023-05-10,42.736830,42.773084,41.322843,42.029835,11840000
2023-05-11,41.458803,41.812299,41.177817,41.721657,11222800
2023-05-12,41.993588,42.038907,40.851520,41.195953,12812800
2023-05-15,41.413483,41.975454,41.359101,41.739788,11911300
2023-05-16,41.631021,41.839493,41.023730,41.041859,9201200
2023-05-17,41.495061,42.700577,41.495061,42.673386,16359100
2023-05-18,42.582751,42.582751,41.567582,42.047974,17618000
2023-05-19,42.111411,42.356140,41.350034,41.431610,15416200
2023-05-22,41.667280,41.785110,41.195951,41.504128,14471000
2023-05-23,41.549444,42.437717,41.513187,41.612892,13797100
2023-05-24,40.933093,41.005607,40.072011,40.325806,23744900
2023-05-25,40.153585,40.606786,39.772898,40.090137,18109400
2023-05-26,40.298607,40.470826,39.872601,40.425503,11962600
2023-05-30,40.543339,40.688363,40.108266,40.516148,12431100
2023-05-31,40.062948,40.253291,39.618809,40.171715,18154100
2023-06-01,40.498019,41.105307,40.162652,40.643044,15757100
2023-06-02,41.214076,42.310821,41.114372,41.984516,19455600
2023-06-05,42.020781,42.129548,41.522261,41.912014,11004700
2023-06-06,41.866686,43.063135,41.830432,42.800282,14189200
2023-06-07,43.026884,43.670428,42.745898,43.516338,15457400
2023-06-08,43.262540,43.733870,43.081259,43.597908,12058600
2023-06-09,43.597909,44.023919,43.425694,43.779190,11744000
2023-06-12,43.752005,43.960477,43.480085,43.915157,13801000
2023-06-13,43.915156,44.794363,43.915156,44.132690,14062700
2023-06-14,44.259589,44.658404,43.108458,43.724812,22053000
2023-06-15,43.625102,44.042045,43.126581,44.014854,14926100
2023-06-16,44.268652,44.268652,43.652298,43.679489,18223000
2023-06-20,43.425694,43.425694,42.673383,43.153774,12777700
2023-06-21,43.054065,43.371304,42.809336,42.972488,10550700
2023-06-22,42.800288,42.836541,42.084230,42.265511,11841900
2023-06-23,41.785111,41.921073,41.549448,41.712601,13249100
2023-06-26,41.803243,42.319892,41.703539,41.912014,13253900
2023-06-27,41.875753,42.247377,41.603833,42.057034,11863300
2023-06-28,42.029834,42.047963,41.531314,41.902939,13394900
2023-06-29,41.848558,42.410530,41.703534,41.957329,18840800
2023-06-30,42.401463,42.419592,41.721662,41.730728,15228200
2023-07-03,41.766979,42.863724,41.712594,42.365204,10159900
2023-07-05,42.338018,42.646194,42.066098,42.419594,11852900
2023-07-06,42.147668,42.147668,40.887771,41.132500,17431400
2023-07-07,40.996542,42.011711,40.978414,41.458809,13160700
2023-07-10,41.331915,42.047973,41.277533,41.395363,14307600
2023-07-11,41.513189,42.247376,41.359103,42.174862,14131700
2023-07-12,42.836534,43.752002,42.800281,42.945305,17960500
2023-07-13,43.108457,43.371311,42.727766,43.217224,26210700
2023-07-14,43.942349,44.005796,41.413487,41.467873,38634500
2023-07-17,41.522248,42.256431,41.440672,41.930126,18521400
2023-07-18,42.374274,43.199100,42.310827,42.619003,24678000
2023-07-19,42.673385,43.362249,42.256438,43.072201,15789100
2023-07-20,42.954360,43.398498,42.809336,42.972488,17647200
2023-07-21,43.090329,43.144711,42.437719,42.646191,18251600
2023-07-24,42.582747,43.362253,42.582747,43.199100,19006200
2023-07-25,43.045011,43.307865,42.655258,42.682449,14729900
2023-07-26,42.954371,43.280676,42.619004,43.045013,12267900
2023-07-27,43.144708,44.522438,42.999683,43.398502,25162700
2023-07-28,43.797314,43.833570,42.682440,42.972488,20871700
2023-07-31,43.135653,43.552597,42.927181,43.199100,14377200
2023-08-01,42.899981,43.026876,42.428651,42.664314,15219100
2023-08-02,42.075158,42.310824,41.649151,41.975456,13101100
2023-08-03,41.667281,42.120482,41.431614,41.884815,13467100
2023-08-04,41.930654,42.810894,41.774780,41.912315,18329500
2023-08-07,42.132376,42.398283,41.838962,42.022346,16972000
2023-08-08,41.279641,41.472193,40.472752,41.408009,18524500
2023-08-09,41.279647,41.435522,40.720327,40.747833,13957100
2023-08-10,40.995406,41.252145,40.573624,40.656147,12112300
2023-08-11,40.381062,40.912872,40.326046,40.867027,11973200
2023-08-14,40.417746,40.720327,40.326052,40.436081,14280300
2023-08-15,40.023468,40.023468,39.592515,39.620022,17125100
2023-08-16,39.445823,39.574191,39.033209,39.097393,13963600
2023-08-17,39.280761,39.500823,38.593072,38.932331,16123600
2023-08-18,38.648101,39.244096,38.593085,38.739792,12908700
2023-08-21,39.079046,39.207414,38.207973,38.574741,14486300
2023-08-22,38.794810,38.858994,37.566139,37.611984,20507900
2023-08-23,37.648653,37.804528,37.382746,37.666992,16214500
2023-08-24,37.611976,38.207970,37.336901,37.666992,15579600
2023-08-25,37.832029,38.198798,37.391909,37.813694,16881900
2023-08-28,38.033761,38.382191,37.731180,37.887054,14125900
2023-08-29,37.868711,38.299664,37.832034,38.253819,13199700
2023-08-30,38.226305,38.363844,37.905385,37.932892,18211400
2023-08-31,38.061266,38.217144,37.602807,37.859547,17795700
2023-09-01,38.134621,38.345511,37.942069,38.134621,12413500
2023-09-05,38.079596,38.446364,37.767843,37.923721,15843400
2023-09-06,37.611972,38.042925,37.511110,37.932892,13675200
2023-09-07,37.657825,37.932900,37.318567,37.346073,12406100
2023-09-08,37.236040,37.309391,36.933455,37.217701,15055400
2023-09-11,37.419424,37.932896,37.162685,37.217701,11404200
2023-09-12,37.199357,38.565566,37.190189,38.217136,24774700
2023-09-13,38.455540,39.335784,38.217143,38.849815,31031900
2023-09-14,39.234923,39.830918,39.179907,39.555843,19422800
2023-09-15,39.198249,39.647540,39.115726,39.161572,22983200
2023-09-18,39.060715,39.225761,38.877335,39.097393,10467400
2023-09-19,39.234921,39.299105,38.941508,39.134060,11031700
2023-09-20,39.381627,39.546673,38.758123,38.785629,11240700
2023-09-21,38.565568,38.840642,38.226305,38.244644,12260100
2023-09-22,38.281326,38.382188,37.465270,37.520283,15438200
2023-09-25,37.364416,37.676168,37.208542,37.611984,10866800
2023-09-26,37.291059,37.630321,36.731742,36.878448,21786500
2023-09-27,36.942625,37.254377,36.621702,37.098499,15083400
2023-09-28,37.116837,37.914555,37.052653,37.777020,14409800
2023-09-29,38.006251,38.409693,37.520282,37.712837,16916100
2023-10-02,37.584465,37.639478,36.942622,37.135174,16178900
2023-10-03,36.860100,37.171852,36.300779,36.548347,19283400
2023-10-04,36.392466,36.612528,35.888162,36.502499,23342000
2023-10-05,36.328284,36.566685,35.934009,36.566685,18734100
2023-10-06,36.383307,37.456100,36.227429,37.199364,17080000
2023-10-09,36.841765,37.602805,36.630874,37.355240,14859700
2023-10-10,37.722003,38.290491,37.722003,37.997078,18902100
2023-10-11,38.180459,38.510550,37.923723,38.079597,12763900
2023-10-12,37.960401,38.317998,37.703661,38.079597,18112500
2023-10-13,39.390799,39.720890,37.914560,37.987915,32082900
2023-10-16,38.464712,38.510558,37.162687,37.547794,25044200
2023-10-17,37.272715,38.207969,37.226867,37.777020,20258100
2023-10-18,37.538615,37.538615,36.832588,37.107666,23232600
2023-10-19,36.915112,37.364403,36.704222,36.731731,17483300
2023-10-20,36.649204,36.896772,36.273268,36.383297,21396500
2023-10-23,36.291615,36.328289,35.567249,35.658939,21333500
2023-10-24,35.686447,36.034876,35.521405,35.695618,17181000
2023-10-25,35.484729,35.622265,35.081283,35.402206,15570100
2023-10-26,35.301341,36.447488,35.273835,36.071552,25109600
2023-10-27,36.062387,36.099061,34.998759,35.062946,20654700
2023-10-30,35.347188,35.732295,35.218820,35.695618,21777500
2023-10-31,35.796481,36.245769,35.686448,36.209095,16373100
2023-11-01,36.254935,36.530010,36.016535,36.309948,16011000
2023-11-02,36.667549,37.932893,36.612533,37.914555,23283600
2023-11-03,38.601887,39.447115,38.583310,39.252060,20287700
2023-11-06,39.354235,39.354235,38.787653,39.047726,20843900
2023-11-07,38.731923,39.159181,38.685482,38.973415,11463200
2023-11-08,38.871244,39.159180,38.574020,38.843380,14761600
2023-11-09,39.084877,39.270639,38.351106,38.546158,19128400
2023-11-10,38.731923,39.149894,38.518294,39.084877,11912500
2023-11-13,38.973417,39.855800,38.945553,39.660748,16332100
2023-11-14,40.041566,41.583412,40.032276,41.202595,26218500
2023-11-15,41.314047,42.001377,41.314047,41.685577,18894900
2023-11-16,41.574115,41.889915,41.165434,41.490520,14744800
2023-11-17,41.741309,42.159280,41.471953,42.131416,15573100
2023-11-20,42.057109,42.484370,41.992092,42.038532,19670300
2023-11-21,41.908506,42.103561,41.518401,41.880642,14466700
2023-11-22,42.084976,42.094263,41.648428,41.815617,9441200
2023-11-24,41.694862,42.280022,41.648422,42.010662,5941000
2023-11-27,41.759884,41.973513,41.667003,41.871346,14679700
2023-11-28,41.824898,41.834188,41.388354,41.667000,14064700
2023-11-29,42.010668,42.753725,41.945650,42.493656,14027600
2023-11-30,42.530804,42.883754,42.335752,42.818737,16249000
2023-12-01,42.725861,43.896176,42.623690,43.868313,20053400
2023-12-04,43.459633,44.100519,43.376038,43.998348,19351000
2023-12-05,43.663967,44.007634,43.106674,43.376034,14813100
2023-12-06,44.397741,45.623788,44.379165,44.453472,33903400
2023-12-07,44.527774,45.289409,44.379163,45.047916,14896800
2023-12-08,45.057203,45.670226,44.973608,45.410156,17591600
2023-12-11,45.280124,45.465889,44.694965,44.722832,17666000
2023-12-12,44.592792,44.685677,44.314146,44.639236,14735600
2023-12-13,44.583510,46.004608,44.453475,45.828133,22212500
2023-12-14,46.450442,47.880830,46.450442,46.664074,51664900
2023-12-15,46.153218,46.534036,45.698097,46.283257,35156100
2023-12-18,46.589766,46.961297,46.023184,46.125355,17871400
2023-12-19,45.902426,47.657904,45.670220,47.304951,23161500
2023-12-20,47.091328,47.453568,46.320403,46.506168,17452100
2023-12-21,46.821969,47.063461,46.413288,46.998444,13089000
2023-12-22,47.119193,47.611468,47.082039,47.239941,14440600
2023-12-26,47.258518,47.862251,47.174924,47.685776,11501500
2023-12-27,47.500010,47.908695,47.304958,47.797234,9901300
2023-12-28,47.741505,48.113032,47.741505,47.852962,10218500
2023-12-29,47.890117,47.936558,47.574317,47.778656,13149400
2024-01-02,47.648613,49.366938,47.546442,49.264767,24784900
2024-01-03,49.459827,50.500108,48.512427,49.822067,30897600
2024-01-04,50.082135,50.853060,49.840643,49.942814,23714300
2024-01-05,50.184310,50.778756,50.054275,50.462959,17782200
2024-01-08,50.147160,50.240041,49.246200,50.165733,17359500
2024-01-09,50.017114,50.072845,49.478399,49.673450,17237400
2024-01-10,49.274060,49.431962,48.865379,49.246197,16532700
2024-01-11,48.150189,48.428835,47.611470,48.373108,25444400
2024-01-12,48.577445,50.017120,47.620758,48.874668,37908000
2024-01-16,48.094457,48.503141,47.249228,48.178051,21209400
2024-01-17,47.472148,48.010863,47.369976,47.704353,17393500
2024-01-18,47.787949,47.908697,46.914853,47.472149,15788100
2024-01-19,47.481432,48.001574,47.017020,47.852962,18211000
2024-01-22,48.289508,49.320499,48.252354,49.079006,21573200
2024-01-23,49.144023,49.608435,48.846800,49.506264,12962500
2024-01-24,49.729189,49.831360,49.218337,49.469116,14402200
2024-01-25,49.599153,49.942816,49.264776,49.905663,15634000
2024-01-26,50.026416,50.147164,49.794210,49.849937,14041200
2024-01-29,49.664175,50.370079,49.636308,50.258621,12158300
2024-01-30,51.122418,53.128676,51.094551,53.026505,40086100
2024-01-31,52.701418,53.825293,52.144122,52.171986,28967800
2024-02-01,52.032667,52.562095,50.945942,52.069820,21178700
2024-02-02,52.135456,52.491778,51.563469,52.079197,19283100
2024-02-05,51.516582,51.704120,50.738302,51.104000,14040600
2024-02-06,50.991478,51.544714,50.738301,50.963345,14832700
2024-02-07,51.103998,51.291536,50.419486,51.141506,13383300
2024-02-08,50.803939,51.094624,50.250703,50.907085,15822200
2024-02-09,50.907084,51.047735,50.194439,50.625778,13843300
2024-02-12,50.231953,51.141512,49.697471,50.560143,17162300
2024-02-13,49.969401,50.128806,48.984829,49.472424,17672100
2024-02-14,50.297584,50.728919,50.250700,50.616398,14891900
2024-02-15,50.841447,52.022933,50.766430,51.769756,16865000
2024-02-16,51.535340,51.760387,51.150888,51.432194,11527500
2024-02-20,51.179013,52.191714,50.972720,51.966667,16537900
2024-02-21,51.816641,52.004179,51.554089,51.882282,9317200
2024-02-22,51.985420,52.951241,51.957291,52.416759,12904800
2024-02-23,52.501155,52.829345,52.276109,52.444893,11668900
2024-02-26,52.473023,52.988751,51.891658,51.910412,12307100
2024-02-27,52.210476,52.435519,51.779140,52.238605,11039300
2024-02-28,52.060446,52.679321,51.563473,51.619732,13448100
2024-02-29,52.041690,52.182344,51.235277,52.032314,23744600
2024-03-01,52.022931,52.463645,51.638479,52.135452,12922400
2024-03-04,51.957296,53.045014,51.844774,52.641808,14314700
2024-03-05,52.276107,53.973323,52.276107,52.754326,19653900
2024-03-06,53.513861,53.963951,52.519911,53.720154,17845000
2024-03-07,53.954572,54.498429,53.476349,54.123356,14720300
2024-03-08,54.423414,54.751604,53.692015,53.926437,13028000
2024-03-11,53.588875,53.954573,53.101277,53.832672,9176900
2024-03-12,53.926437,54.320268,53.523235,53.870178,10954000
2024-03-13,53.917068,54.732856,53.879560,54.160866,12982800
2024-03-14,54.695351,55.014161,53.110655,53.532616,18833600
2024-03-15,52.932492,54.151486,52.932492,54.020210,26164300
2024-03-18,54.245259,55.004787,53.973332,54.976658,13994600
2024-03-19,54.939146,55.623657,54.892262,55.192322,13455300
2024-03-20,54.845371,56.580092,54.817238,56.383179,20269900
2024-03-21,56.551965,57.714697,56.551965,57.508408,17892100
2024-03-22,57.236486,57.827227,56.805150,57.030193,16206800
2024-03-25,57.095826,57.686570,56.805145,57.152088,12040300
2024-03-26,57.339629,58.089779,57.198974,57.817848,17947400
2024-03-27,58.164795,58.849307,57.874114,58.839931,16684400
2024-03-28,58.821174,59.421293,58.680523,59.299397,19012000
2024-04-01,59.636960,59.918269,59.093102,59.505684,14223900
2024-04-02,58.746161,59.627586,58.746161,58.924320,16062000
2024-04-03,58.943075,59.440048,57.686573,57.845978,18079900
2024-04-04,58.277313,58.830549,56.964548,57.114578,13401100
2024-04-05,57.030186,58.174166,56.655109,57.761581,12686300
2024-04-08,57.827221,58.436720,57.817846,57.883484,10708300
2024-04-09,57.902240,58.221054,57.114582,57.817848,10301200
2024-04-10,56.748887,57.489661,56.233159,56.430073,18088000
2024-04-11,56.589472,57.095824,55.792438,56.927040,18181900
2024-04-12,58.408590,58.699271,55.089173,55.961224,28561900
2024-04-15,56.430072,57.114584,54.564071,54.911018,19242300
2024-04-16,54.554698,54.901642,53.204428,53.466980,23211400
2024-04-17,53.907694,55.220455,53.785793,54.545319,15971600
2024-04-18,54.845375,55.295465,54.320269,54.685966,12272500
2024-04-19,54.601572,55.736174,54.601572,55.454868,13410100
2024-04-22,55.736177,57.255234,55.511134,57.152088,14513100
2024-04-23,57.273991,58.858683,57.217728,58.764912,17427800
2024-04-24,58.258567,58.821178,57.986637,58.577381,10123000
2024-04-25,57.986634,58.539871,57.292744,57.939751,13339100
2024-04-26,57.677185,59.290009,57.677185,58.755527,16364100
2024-04-29,58.830552,59.411918,58.099153,58.380459,10857100
2024-04-30,58.052265,58.455471,57.470899,57.508408,11163400
2024-05-01,57.649057,58.389832,57.086446,57.527157,14086600
2024-05-02,58.314825,58.314825,57.180223,57.705330,11292500
2024-05-03,58.178242,58.783579,58.083660,58.187702,11048900
2024-05-06,58.698454,59.530785,58.376870,59.407829,13386700
2024-05-07,59.417280,59.738864,58.613323,58.641697,10158200
2024-05-08,58.301198,59.540242,58.178239,59.351074,9755200
2024-05-09,59.001115,59.994240,58.915990,59.890198,11563000
2024-05-10,60.136120,60.457700,59.701033,60.088825,9548700
2024-05-13,60.173947,60.486074,59.937489,59.965866,6617900
2024-05-14,60.069912,60.504998,59.805079,60.145580,8322500
2024-05-15,60.183409,60.902241,60.155031,60.760365,9461300
2024-05-16,60.627949,60.977910,59.994242,60.665783,11682200
2024-05-17,60.892781,61.053578,60.438785,60.599575,8418400
2024-05-20,60.599574,60.769824,59.511863,59.738865,11792100
2024-05-21,59.833447,61.365696,59.776699,61.233280,11197200
2024-05-22,60.807664,61.460292,60.192871,60.363121,8855300
2024-05-23,60.344202,60.561744,59.114619,59.606453,11535000
2024-05-24,59.899658,60.504991,59.842906,60.136116,9424600
2024-05-28,59.805071,60.126655,58.972736,59.067322,8404400
2024-05-29,58.225531,58.811947,57.885030,58.651154,7224200
2024-05-30,58.736287,59.095705,58.272830,58.575497,10061500
2024-05-31,58.641696,59.010571,58.112028,58.934906,17351600
2024-06-03,59.511862,59.587531,57.998530,58.566029,11373900
2024-06-04,57.714783,58.670073,57.468864,57.724239,10424200
2024-06-05,57.960688,58.509274,57.629648,58.424149,8780700
2024-06-06,58.452530,58.688988,57.932322,58.584946,8537900
2024-06-07,58.263362,59.199740,58.244449,58.433613,8260800
2024-06-10,57.932323,58.320115,57.449949,58.102573,9302300
2024-06-11,57.478325,57.497242,55.709617,55.936615,16966800
2024-06-12,57.610747,57.894496,56.655456,56.759495,15398500
2024-06-13,56.513575,57.099991,55.946076,56.967575,9358200
2024-06-14,56.220368,56.589246,55.482619,56.116329,10511000
2024-06-17,56.012281,57.251321,55.662320,56.806782,15527500
2024-06-18,57.099990,58.291742,56.835157,57.487782,15768100
2024-06-20,57.147277,57.714780,57.081069,57.336445,9519200
2024-06-21,56.939198,56.995946,56.125780,56.740574,18976200
2024-06-24,56.844620,58.433622,56.598705,58.017456,13290500
2024-06-25,57.885039,58.480916,57.563456,58.244457,11643100
2024-06-26,57.913406,58.083657,57.279699,57.932323,12409300
2024-06-27,58.168773,58.575482,57.658022,58.216064,11285100
2024-06-28,58.670071,60.136116,58.461990,60.022614,20053200
2024-07-01,60.202328,60.817122,59.578078,59.994244,15334400
2024-07-02,59.861821,61.204903,59.852360,61.176529,10965600
2024-07-03,61.176529,61.687281,60.921157,60.968445,6574100
2024-07-05,61.006284,61.063032,60.296909,60.561741,7226200
2024-07-08,60.817118,61.356243,60.741450,61.233280,10349000
2024-07-09,61.290031,63.143864,61.233276,62.945240,16904300
2024-07-10,62.670954,63.361409,62.633120,63.351955,9817100
2024-07-11,62.604749,62.897955,61.772410,62.150745,20112300
2024-07-12,63.002000,63.077669,59.918580,61.025204,30125400
2024-07-15,61.176532,61.999410,60.419865,61.611614,16656600
2024-07-16,61.479200,63.862698,61.195447,63.626240,21170200
2024-07-17,63.219530,64.136990,63.011453,63.947826,17215300
2024-07-18,63.891082,64.080246,61.327866,61.375160,15796200
2024-07-19,61.412990,62.406118,61.053576,61.611614,8583100
2024-07-22,61.611612,62.093989,60.675239,61.006279,9925100
2024-07-23,61.015747,61.517038,60.798202,61.157623,6961200
2024-07-24,60.911703,61.167075,60.117202,60.211784,11591100
2024-07-25,60.353663,62.093998,59.909120,60.883331,12819700
2024-07-26,61.053576,62.093991,60.949533,61.649448,9661300
2024-07-29,61.762953,61.800780,60.665783,60.817120,7901900
2024-07-30,61.488668,62.642587,61.488668,62.302086,13554300
2024-07-31,62.339915,62.453410,61.318412,61.365700,15046500
2024-08-01,61.554871,61.687287,58.594410,59.852367,18052700
2024-08-02,56.437907,57.317533,55.236701,55.577198,30289300
2024-08-05,51.642872,54.335787,51.098555,53.676880,27977300
2024-08-06,53.848764,55.061531,53.562284,54.011105,16643100
2024-08-07,55.548554,55.815938,53.352204,53.581390,19221200
2024-08-08,54.288039,55.729992,54.249844,55.386215,17933300
2024-08-09,55.414858,55.825480,54.860997,55.233421,11421000
2024-08-12,55.672690,56.035567,55.128378,55.233421,15123500
2024-08-13,55.605846,55.663144,55.166577,55.529453,7478500
2024-08-14,55.739538,56.847262,55.653593,56.608528,12419500
2024-08-15,57.620760,58.260564,57.391574,57.792648,14159000
2024-08-16,57.611208,58.747579,57.611208,58.632988,9939700
2024-08-19,58.728482,59.253695,58.585240,59.234596,8882500
2024-08-20,58.814427,58.919471,58.336960,58.547047,8661300
2024-08-21,58.632992,58.680738,57.181491,57.802197,14414900
2024-08-22,58.012281,58.012281,57.401124,57.697151,7848500
2024-08-23,58.126870,59.645217,58.002731,59.339638,13299700
2024-08-26,59.549729,59.778912,58.795330,59.005417,9384200
2024-08-27,59.120006,59.377839,58.690285,58.900372,7294800
2024-08-28,58.585240,59.196401,58.394256,58.804878,7692900
2024-08-29,59.215497,59.416036,58.413352,59.091358,8368000
2024-08-30,59.158205,59.874406,58.881273,59.817108,10806500
2024-09-03,59.244152,59.578378,58.222373,58.690289,11055200
2024-09-04,58.795325,59.272792,57.687601,58.212814,11436800
2024-09-05,58.833529,59.005418,57.620762,57.897694,10243900
2024-09-06,57.964531,58.327407,56.150154,56.427086,14094000
2024-09-09,57.210132,57.935881,55.548545,56.856808,19811700
2024-09-10,57.191035,57.191035,54.135243,55.338463,22482300
2024-09-11,54.994686,54.994686,53.648229,54.717754,16569400
2024-09-12,54.784605,55.252525,54.268943,54.746410,12937800
2024-09-13,55.109281,55.653594,54.841901,55.071083,10379400
2024-09-16,55.319367,56.140612,55.319367,55.758636,9912700
2024-09-17,56.207458,56.732671,56.111962,56.618080,10630400
2024-09-18,57.057347,58.136424,56.618077,57.200588,13638700
2024-09-19,58.174620,60.323223,57.869041,60.179985,21860600
2024-09-20,59.702514,59.826656,58.900369,59.339638,18331800
2024-09-23,59.416038,60.036744,59.368288,59.759815,11508200
2024-09-24,59.855305,60.065392,58.365606,58.604340,12046200
2024-09-25,58.365608,58.527949,57.401126,57.658958,12763800
2024-09-26,58.298763,59.205952,58.117327,58.929020,12844500
2024-09-27,59.215496,59.788459,59.005413,59.081806,8144600
2024-09-30,58.900373,59.817110,58.480203,59.778912,11316400
2024-10-01,59.416040,59.540179,58.260566,59.024517,13550100
2024-10-02,58.919470,59.712064,58.547046,59.234596,7380800
2024-10-03,58.728483,58.881272,58.184170,58.547047,7939800
2024-10-04,59.654771,60.094040,59.024514,59.817108,10097900
2024-10-07,59.673872,60.189534,59.272797,59.778912,6954300
2024-10-08,60.065390,60.504659,59.673867,60.390068,8245700
2024-10-09,60.323227,61.354558,60.199088,61.230419,8636400
2024-10-10,61.115822,61.220865,60.265930,60.619255,8708600
2024-10-11,61.230412,63.121178,61.211309,62.777401,15512400
2024-10-14,62.844253,63.436315,62.691467,63.035244,14682900
2024-10-15,63.741890,64.133417,59.712065,59.817108,35348100
2024-10-16,60.581047,61.535985,60.542853,61.354546,20208800
2024-10-17,61.812930,62.233096,60.896190,61.087177,13439600
2024-10-18,61.230414,61.230414,59.903052,60.017643,13841200
2024-10-21,59.960350,60.074941,58.948118,59.043613,12188500
2024-10-22,58.814426,60.819787,58.537494,60.695648,14347300
2024-10-23,60.332771,60.762492,59.798006,60.256374,8720500
2024-10-24,60.170429,60.447361,59.578370,60.160881,11420300
2024-10-25,60.781594,60.867539,58.909920,58.976765,9697800
2024-10-28,59.540179,61.450048,59.416040,61.268616,14637700
2024-10-29,61.182661,62.003905,60.953479,61.774723,13134100
2024-10-30,61.306805,62.290394,61.249511,61.593288,11717600
2024-10-31,61.650580,62.089849,61.201760,61.278156,10042800
2024-11-01,61.430948,61.889313,60.819787,60.838886,11557700
2024-11-04,60.684746,61.301323,59.952558,60.068165,9419600
2024-11-05,60.694385,61.407304,60.434265,61.339863,12649800
2024-11-06,65.896759,67.524905,65.790784,66.503700,41957700
2024-11-07,65.704073,66.426625,65.280181,65.617371,18582000
2024-11-08,66.205050,66.600041,65.598101,66.118340,14973300
2024-11-11,66.956498,67.630877,66.667474,67.245522,19173100
2024-11-12,66.985394,67.428559,66.349552,66.494057,15766500
2024-11-13,66.542241,67.235892,66.291754,66.368828,10525300
2024-11-14,66.763814,66.763814,65.000785,65.655899,15043500
2024-11-15,65.511395,66.436261,65.405421,66.243584,15372900
2024-11-18,66.166511,66.744552,65.867859,66.474800,11519000
2024-11-19,65.511399,66.368827,65.222375,66.089439,14428200
2024-11-20,66.609670,66.946860,65.511392,65.781143,10495600
2024-11-21,66.282116,66.927594,65.906389,66.426620,11390300
2024-11-22,66.388092,67.630876,65.944921,67.284050,16671600
2024-11-25,67.862091,68.584643,67.467093,68.160744,19558100
2024-11-26,67.785026,67.900637,66.792722,67.197350,11605200
2024-11-27,67.216612,67.823561,67.110645,67.592346,9736100
2024-11-29,67.698320,68.488310,67.650154,68.276367,8606500
2024-12-02,68.652089,69.027815,68.285991,68.777328,11932600
2024-12-03,69.548053,70.135729,68.661717,68.806229,17544200
2024-12-04,68.883301,69.095251,67.919898,68.883301,12331900
2024-12-05,69.201223,70.183891,69.018175,69.586586,14307600
2024-12-06,69.663662,69.943050,69.085622,69.509521,8781100
2024-12-09,69.654025,70.135726,69.210853,69.230125,11957500
2024-12-10,69.365009,70.694502,68.960381,69.846710,16833400
2024-12-11,70.328402,70.578888,68.661712,69.326462,22533600
2024-12-12,69.230128,69.682929,68.796600,68.815865,8893000
2024-12-13,69.085611,69.278296,68.170381,68.411232,9819900
2024-12-16,68.661715,69.143416,68.237823,68.873665,11833800
2024-12-17,68.305262,68.738790,68.208923,68.517212,12639000
2024-12-18,68.575025,68.854413,65.434329,65.627014,18028000
2024-12-19,66.677120,67.284061,65.819692,65.916031,13464300
2024-12-20,65.790781,67.688685,65.540294,66.657845,27720100
2024-12-23,66.821607,67.322573,66.349542,67.216599,8248000
2024-12-24,67.534532,68.603910,67.380391,68.401596,6544900
2024-12-26,67.958438,68.854403,67.929538,68.738792,6341700
2024-12-27,68.266720,68.912198,67.958432,68.401596,7743100
2024-12-30,67.611605,68.237819,67.235879,67.813919,6664400
2024-12-31,67.968067,68.363058,67.582704,67.813919,6393000
2025-01-02,68.343805,68.555754,67.101014,67.380402,9827400
2025-01-03,68.285985,68.488299,67.293681,68.401596,11342900
2025-01-06,69.586589,71.282173,69.249392,70.077919,19199700
2025-01-07,71.195478,71.571205,70.077927,70.983528,18309400
2025-01-08,70.761937,70.781209,70.029756,70.578896,13742800
2025-01-10,69.808177,69.808177,68.420874,68.786972,13217700
2025-01-13,68.382342,70.328413,68.382342,70.106827,16720600
2025-01-14,70.636692,71.282170,70.463279,70.810104,19576000
2025-01-15,73.411289,76.349671,73.083736,75.405533,44903000
2025-01-16,74.981643,75.877608,74.914205,75.636757,21463100
2025-01-17,75.675304,77.505764,75.299577,77.062599,22084800
2025-01-21,77.486489,78.854519,76.995152,78.681107,21297400
2025-01-22,78.488429,79.268783,78.257214,78.700378,14725700
2025-01-23,78.999024,79.740841,78.806346,78.979759,14435200
2025-01-24,78.507691,79.114639,78.363179,78.498062,16025200
2025-01-27,77.794769,78.430619,77.284167,78.103058,12782800
2025-01-28,78.247582,78.420994,76.571263,77.014427,16521700
2025-01-29,76.956609,78.613663,76.956609,77.679161,10573000
2025-01-30,78.315019,79.596347,78.025995,78.864159,10775500
2025-01-31,78.700377,79.326583,78.103065,78.449890,12818300
2025-02-03,76.150825,77.518633,74.589005,77.227608,20998500
2025-02-04,77.712642,77.838749,76.015012,76.131424,13417700
2025-02-05,76.674663,77.217902,75.869500,77.082092,10736100
2025-02-06,77.838745,80.031114,77.538024,79.866203,19545700
2025-02-07,79.963204,80.428843,78.915522,79.274452,10310300
2025-02-10,79.187140,79.371456,77.673827,78.314079,10681600
2025-02-11,78.052152,79.090130,77.819336,78.682701,9993800
2025-02-12,77.770841,78.857327,77.615633,78.837921,10448100
2025-02-13,78.964033,79.672183,78.362584,79.643082,11108400
2025-02-14,79.943805,82.136167,79.769191,82.077965,16035000
2025-02-18,81.428020,82.204075,81.049692,82.097366,17907000
2025-02-19,81.544428,81.709347,80.952683,81.428024,9710800
2025-02-20,81.331016,81.544433,78.517807,78.905830,15160300
2025-02-21,79.352064,79.458773,77.227599,77.266403,14907800
2025-02-24,77.819354,78.275290,74.763618,76.189629,12830000
2025-02-25,76.810476,77.188804,74.171873,75.801598,14501400
2025-02-26,76.441849,77.693238,76.121723,76.703766,13115000
2025-02-27,77.179096,77.964862,76.306036,76.509750,8485900
2025-02-28,76.849269,77.576824,75.287449,77.557419,21233600
2025-03-03,77.605930,78.023062,73.968152,74.860619,20121100
2025-03-04,72.309325,72.619748,68.516332,70.184860,33983900
2025-03-05,70.427376,71.329546,69.554308,70.776604,17214200
2025-03-06,69.661014,70.223658,67.943986,68.467827,18550800
2025-03-07,68.079798,68.623037,66.032941,68.351418,18212900
2025-03-10,66.440367,66.673190,64.073391,65.392693,22378400
2025-03-11,65.276289,66.420976,64.189803,65.480003,21269200
2025-03-12,66.731401,67.041824,64.868860,65.916534,16131100
2025-03-13,66.353071,67.070924,64.733049,65.218086,17125200
2025-03-14,65.935937,66.935112,65.557609,66.721695,12727300
2025-03-17,66.828404,68.254414,66.624689,67.846985,12531700
2025-03-18,67.876088,68.380523,67.507455,68.118607,12289900
2025-03-19,68.254419,70.019954,67.585066,69.302101,14400600
2025-03-20,68.855857,70.796005,68.429022,69.670715,15315600
2025-03-21,69.146879,70.087852,68.652139,69.825935,21724000
2025-03-24,71.067623,72.125000,70.495276,71.824280,15310600
2025-03-25,72.125013,72.561551,71.513869,72.241425,10922200
2025-03-26,72.580936,72.813752,70.873604,71.048218,12345800
2025-03-27,70.805713,70.805713,69.612526,69.699829,13155800
2025-03-28,69.447607,70.039353,67.594769,68.225319,13630700
2025-03-31,67.420147,69.069269,66.362769,68.865555,15568400
2025-04-01,68.273808,68.758845,67.206728,68.429024,10957100
2025-04-02,67.585067,69.806538,67.517162,69.612526,9731700
2025-04-03,64.189800,64.800951,61.017661,61.163170,39469500
2025-04-04,58.446960,58.611870,54.624869,56.390404,51730500
2025-04-07,54.479358,59.494643,53.848808,57.088856,37487700
2025-04-08,59.407337,60.784841,55.847164,57.011253,30272300
2025-04-09,55.061408,63.782376,54.392058,62.230259,49437900
2025-04-10,60.231901,60.629632,57.311980,59.746864,25912800
2025-04-11,59.058110,60.445316,58.126836,59.795364,24776000
2025-04-14,61.454194,62.501876,60.823648,61.328087,20385900
2025-04-15,62.269059,64.306213,61.929531,62.404869,24738400
2025-04-16,61.172874,61.910129,59.465541,60.241600,21922600
2025-04-17,60.319206,61.871323,59.989381,61.357185,14656300
2025-04-21,60.872148,61.250476,60.096089,60.813942,15136000
2025-04-22,61.619104,63.025712,61.609401,62.618282,13252300
2025-04-23,64.480829,66.760502,64.180108,64.315918,17243900
2025-04-24,64.277120,66.294868,63.811481,66.120262,13672300
2025-04-25,65.829230,66.653791,65.732224,66.382172,12253400
2025-04-28,66.605289,67.323142,65.741916,66.236656,14304800
2025-04-29,65.994134,67.041815,65.935932,66.818695,8862800
2025-04-30,65.489704,66.605291,64.723345,66.333664,15756500
2025-05-01,66.168750,66.838104,65.858327,66.100845,9682300
2025-05-02,67.497762,68.710355,67.284344,68.477531,13291200
2025-05-05,67.744152,69.367355,67.705038,68.682869,10318500
2025-05-06,67.910378,68.712200,67.636587,67.929939,7744300
2025-05-07,68.203742,69.122906,68.105960,68.692657,11619200
2025-05-08,69.426023,70.638531,69.377128,70.051834,12698400
2025-05-09,70.442975,70.658099,69.709602,69.866051,8941900
2025-05-12,72.946219,73.972945,72.643093,73.249352,18464100
2025-05-13,73.464466,74.579193,73.366685,73.894714,12397800
2025-05-14,73.953385,74.178289,73.308020,73.620926,11372000
2025-05-15,72.936438,74.481413,72.819103,74.276070,12627700
2025-05-16,73.708923,74.207619,73.454692,74.041389,14008700
2025-05-19,73.337352,74.628089,73.132008,74.442299,12691700
2025-05-20,74.168513,74.364083,73.748045,74.217407,8930900
2025-05-21,73.317803,73.748044,71.577257,71.792381,17143800
2025-05-22,71.596818,72.271524,71.303466,71.792381,12067800
2025-05-23,70.061616,71.772821,70.061616,71.469688,9851900
2025-05-27,72.515972,73.875157,71.860819,73.796928,12148500
2025-05-28,73.894706,74.070716,73.131999,73.366676,9993200
2025-05-29,73.924054,74.041396,73.024451,73.855606,11879200
2025-05-30,73.640473,73.845817,72.828879,73.650253,12512200
2025-06-02,73.493802,74.217395,72.652867,74.119614,9073400
2025-06-03,73.953385,75.038779,73.767602,74.833435,9802600
2025-06-04,74.804103,75.860163,74.657427,74.706322,10119600
2025-06-05,74.911669,75.557034,73.982733,74.970337,14760500
2025-06-06,75.987275,76.671762,75.762378,76.525085,11515200
2025-06-09,76.857541,77.160673,76.378405,76.437073,9288000
2025-06-10,76.104615,76.583751,75.801482,76.300179,10942400
2025-06-11,76.466408,77.170448,76.133949,76.642418,9030500
2025-06-12,76.075275,76.525077,75.625466,76.495743,6739700
2025-06-13,75.332124,75.517914,74.422740,74.667198,11987200
2025-06-16,75.420131,76.564199,75.244121,76.339294,10396600
2025-06-17,75.781938,76.261074,75.400585,75.645042,8078600
2025-06-18,75.684146,77.219341,75.547250,76.613083,14866100
2025-06-20,77.131337,77.512690,76.593534,76.710869,17336500
2025-06-23,76.632642,77.688694,75.791706,77.600693,12007200
2025-06-24,78.226513,79.644365,78.109170,79.341240,18393000
2025-06-25,79.341236,80.876431,79.282568,80.798203,13221900
2025-06-26,80.837316,82.910321,80.837316,82.499634,18600500
2025-06-27,82.616969,82.695197,81.952043,82.509407,21872400
2025-06-30,83.017885,83.545915,82.734313,83.233009,18035200
2025-07-01,83.115671,84.562865,82.890766,84.357513,17088900
2025-07-02,84.572636,85.002884,83.565471,84.836655,13420200
2025-07-03,85.198441,86.831425,84.924649,86.753197,13229900
2025-07-07,86.176277,86.860764,85.208226,85.658028,12407300
2025-07-08,85.667812,85.843822,83.585033,83.673035,18075600
2025-07-09,84.719308,84.719308,83.692582,83.888153,9929400
2025-07-10,83.927277,85.149567,83.858829,85.149567,9586100
2025-07-11,84.015271,85.032217,83.721926,84.807320,10256000
2025-07-14,84.562865,85.589583,84.308626,85.560249,13450800
2025-07-15,86.684752,89.764922,86.166502,88.708862,39270900
2025-07-16,89.452009,89.588904,86.274057,88.024368,23321000
2025-07-17,88.131941,91.133883,87.887484,91.026321,23949200
2025-07-18,91.084989,91.720581,90.684075,91.378334,16603700
2025-07-21,91.515241,91.994384,90.478742,90.596085,11894500
2025-07-22,91.495678,92.385508,90.664522,91.916145,15282600
2025-07-23,92.405063,93.862030,92.385510,93.862030,22339800
2025-07-24,94.155379,94.761637,93.187328,93.275330,15644400
2025-07-25,93.275336,94.057604,92.336619,93.940262,13543400
2025-07-28,93.940262,94.067378,92.962431,93.431793,19370700
2025-07-29,93.871806,93.979368,92.268163,92.385506,13169900
2025-07-30,92.796205,93.862037,92.483299,93.686028,13998000
2025-07-31,93.353561,94.018486,91.476126,91.622795,14638800
2025-08-01,89.813804,89.989814,85.990487,89.794250,17725600
2025-08-04,90.306066,91.359227,90.089527,90.630875,11611400
2025-08-05,90.876947,91.260808,88.268650,90.079689,19836100
2025-08-06,90.434013,91.172210,90.168266,90.778511,13153600
2025-08-07,91.772620,91.782465,89.666299,89.794258,12964000
2025-08-08,90.522604,91.821830,89.902514,91.270645,10772600
2025-08-11,91.565932,91.703728,89.371031,90.857262,12133300
2025-08-12,91.752939,94.252966,91.546244,94.233276,21046400
2025-08-13,94.489191,94.686041,93.091540,93.160439,16605000
2025-08-14,92.973417,93.987206,92.747041,93.957680,13288800
2025-08-15,93.957679,93.997050,92.117106,92.215538,12000400
2025-08-18,91.880887,92.874994,91.861205,92.737198,8780700
2025-08-19,92.491131,92.865148,91.959629,92.264748,11504400
2025-08-20,92.058055,92.274594,89.252909,91.703720,13447400
2025-08-21,91.388761,91.398606,90.020637,91.132851,17635200
2025-08-22,91.497027,94.115169,91.378913,93.760834,20124400
2025-08-25,93.731312,93.947844,93.386814,93.504929,8647000
2025-08-26,93.189959,94.233274,92.550187,94.213593,11031100
2025-08-27,93.652565,95.916364,93.593504,95.345497,11315600
2025-08-28,95.837627,95.955734,95.020688,95.296280,10878900
2025-08-29,95.128959,95.463605,94.538404,95.050217,8362600
2025-09-02,93.524604,93.524604,91.497026,93.288383,15128800
2025-09-03,93.396651,93.741141,91.930102,93.534447,14158800
2025-09-04,93.800207,95.621091,93.800207,95.552193,12900100
2025-09-05,95.837626,96.438027,92.668300,93.898628,17020800
2025-09-08,94.351384,94.459654,93.150583,94.361229,11398800
2025-09-09,93.997051,96.595503,93.947835,95.808090,18101600
2025-09-10,95.965578,96.831726,94.991161,95.640770,12238300
2025-09-11,95.817934,97.481340,95.365174,97.264801,13426500
2025-09-12,97.225429,98.130949,96.890783,97.875046,9502900
2025-09-15,98.229388,98.593560,97.835682,98.219543,10620100
2025-09-16,98.288437,99.262854,97.648665,99.056160,12350700
2025-09-17,98.908521,100.601454,98.829786,100.158539,14371600
2025-09-18,100.365231,101.083739,100.089639,100.798309,11677600
2025-09-19,100.926260,101.506971,100.266806,101.064056,24745700
2025-09-22,100.158536,102.176269,100.099475,101.861305,11474500
2025-09-23,101.900679,103.928257,100.798310,101.379021,15747900
2025-09-24,101.762884,102.432183,100.020743,100.050270,12272400
2025-09-25,99.440024,100.650670,98.573876,100.503029,11232900
2025-09-26,100.896737,102.678249,100.896737,101.792412,11296300
2025-09-29,102.510924,102.747145,101.260907,101.536507,10748700
2025-09-30,101.477444,101.989265,97.579766,99.902626,17789100
2025-10-01,99.351441,99.548290,97.067952,97.156532,13793300
2025-10-02,97.520712,97.884884,95.178163,95.808090,14511900
2025-10-03,95.808091,97.028582,95.768727,96.201797,13863600
2025-10-06,97.638823,98.485289,95.512820,96.506927,10398000
2025-10-07,96.900629,97.304180,95.158488,96.260864,8519400
2025-10-08,96.644726,96.644726,95.069900,95.178169,8496000
2025-10-09,95.493133,95.768733,93.957686,94.410446,11300600
2025-10-10,94.686039,96.359290,92.186019,92.451767,18619500
2025-10-13,94.065951,95.434075,93.908472,94.587608,18463600
2025-10-14,93.869099,99.627032,93.544291,98.268745,33164600
2025-10-15,99.597507,100.542398,97.284485,98.209694,15730100
2025-10-16,98.632928,99.115214,93.741143,94.745094,20534000
2025-10-17,94.695885,96.467560,93.780520,95.542351,14007800
2025-10-20,95.936049,98.032525,95.591559,97.737251,11302700
2025-10-21,97.373080,97.835684,96.428189,96.703781,9150100
2025-10-22,96.644725,96.930162,93.504926,94.784470,14369200
2025-10-23,95.296279,95.995104,94.784466,95.168327,8189100
2025-10-24,95.857309,97.943948,95.817938,97.225433,11870700
2025-10-27,97.737259,99.636886,97.540402,99.400658,13214200
2025-10-28,99.410496,99.932153,98.554185,99.794357,8766400
2025-10-29,99.695929,100.335701,97.471494,97.560081,11878800
2025-10-30,97.077788,99.863252,96.762824,98.642769,9584000
2025-10-31,98.327808,99.912471,98.150641,99.636879,11190300
2025-11-03,99.725985,100.636903,98.072468,100.607201,10829100
2025-11-04,99.161617,101.537933,97.716027,100.013130,13449100
2025-11-05,100.250757,101.270590,98.032865,100.686417,9992400
2025-11-06,100.468590,101.329999,98.983393,99.854706,9282500
2025-11-07,99.022995,99.834902,96.409050,99.795296,14887100
2025-11-10,100.260662,101.884476,99.320033,100.488388,11270600
2025-11-11,100.636907,101.082463,99.320031,99.765594,9639500
2025-11-12,100.211153,102.835002,100.181451,101.854774,15069200
2025-11-13,101.438915,102.547864,99.478460,99.676483,11427000
2025-11-14,98.844772,100.547799,97.181352,99.310135,10134500
2025-11-17,99.092309,99.290333,96.260534,97.220963,11389600
2025-11-18,96.537763,98.587334,95.428814,97.349670,10463700
2025-11-19,97.201151,99.597266,97.121939,98.844772,8426800
2025-11-20,100.072534,101.844869,96.498161,96.666481,12633700
2025-11-21,97.161547,98.349709,94.884251,97.725922,14404700
2025-11-24,97.745726,99.626976,97.626907,98.706154,17389200
2025-11-25,99.369543,100.745825,98.547733,100.171547,10881900
2025-11-26,100.716118,102.280526,100.458682,101.488419,11384100
2025-11-28,101.785468,103.339973,101.498329,102.577568,5865200
2025-12-01,102.082502,103.320166,101.399317,101.666649,9663700
2025-12-02,102.577558,103.171635,101.993384,102.171608,8056900
2025-12-03,102.082494,105.934103,102.082494,105.666771,14003600
2025-12-04,105.607374,107.637138,105.577664,106.726219,12811300
2025-12-05,106.607393,108.290620,106.448976,107.805450,14936300
2025-12-08,108.122298,109.161938,106.676707,107.845062,11394800
2025-12-09,107.726249,108.765882,105.953914,108.350029,15822700
2025-12-10,108.280722,110.805559,108.181711,109.993645,16584300
2025-12-11,110.171867,111.231307,110.013450,110.637230,10829700
2025-12-12,112.181836,112.310551,110.092660,110.696640,11227900
2025-12-15,111.340223,112.399663,111.112497,111.686775,10692100
2025-12-16,111.686774,112.261044,109.458979,110.181770,12418200
2025-12-17,110.785757,111.894707,109.864935,110.360001,9949700
2025-12-18,111.112488,112.726399,111.013477,111.716469,21155800
2025-12-19,112.082819,114.469039,111.934306,113.726440,37660800
2025-12-22,114.072979,117.479031,113.736338,116.924553,20178100
2025-12-23,116.993874,119.083043,116.904758,118.221634,16135000
2025-12-24,118.528573,121.627680,118.073113,120.360313,13529600
2025-12-26,120.449432,120.835582,118.488969,119.231567,10603700
2025-12-29,119.172160,119.380087,116.815651,116.964165,11000600
2025-12-30,117.122589,117.241407,115.379956,116.053246,8636100
2025-12-31,116.241376,116.459206,115.221542,115.538383,6203300
2026-01-02,116.053249,117.548348,115.439365,117.528542,9245400
2026-01-05,118.132517,122.875245,118.122621,122.083145,19993400
2026-01-06,122.459393,122.944555,121.003900,121.291039,11940100
2026-01-07,121.102913,121.370253,119.508802,120.172195,11595800
2026-01-08,119.687018,121.211820,118.974130,119.409782,14801500
2026-01-09,119.746434,120.538534,118.964229,120.122681,7565700
2026-01-12,115.746306,117.568143,115.518573,116.538406,19926900
2026-01-13,116.558213,117.063182,114.399728,115.152229,18332300
2026-01-14,116.746341,117.578047,109.379765,111.300621,27984600
2026-01-15,112.726408,116.795847,111.637265,116.300781,18719700
2026-01-16,116.637424,118.172122,115.845316,116.875053,17153800
2026-01-20,113.330389,115.370056,111.280818,111.686775,20451300
2026-01-21,112.023410,114.449227,112.023410,112.736305,14199900
2026-01-22,113.439300,115.488871,112.924436,114.518547,11271500
2026-01-23,113.835357,114.488839,112.082821,112.468971,12164400
2026-01-26,112.775918,114.340326,112.736311,113.686836,11728700
2026-01-27,113.766042,114.825482,112.577881,113.657127,11976800
2026-01-28,113.468999,114.568044,112.023408,113.072945,11378300
2026-01-29,113.706640,115.211643,112.280856,114.063087,14443200
2026-01-30,113.290777,115.498772,113.053147,114.568047,12396600
2026-02-02,114.418752,116.429246,114.060447,115.682777,11773700
2026-02-03,116.449151,118.360110,114.836776,117.155807,15332100
2026-02-04,117.225479,119.375313,116.379483,116.877129,12408300
2026-02-05,115.861935,115.861935,112.388361,115.195084,18704600
2026-02-06,116.807458,122.391046,116.807458,122.112366,15248800
2026-02-09,121.614716,124.570734,121.117070,123.187271,12887500
2026-02-10,123.137513,124.411486,118.937380,121.574905,12121300
2026-02-11,123.008117,123.655059,116.807453,116.837311,13771400
2026-02-12,117.484254,118.618886,110.417683,110.626694,19353300
2026-02-13,109.253186,110.905375,107.879686,110.338058,16665200
2026-02-17,111.771281,113.970875,111.462735,113.244308,12314600
2026-02-18,114.498383,116.488967,114.428713,115.722588,11678900
2026-02-19,114.448613,115.364287,113.642429,115.005981,8085300
2026-02-20,114.717344,115.583243,113.304023,115.453857,12986800
2026-02-23,114.796963,116.359578,108.347476,110.228577,17996400
2026-02-24,108.934691,110.875515,106.993875,109.044174,14981000
2026-02-25,110.795896,113.970879,110.308205,113.801674,13649100
2026-02-26,114.159977,116.449151,113.921109,115.642967,14759400
2026-02-27,112.647140,112.647140,108.148423,109.671219,29106900
2026-03-02,105.759718,111.363209,105.699995,110.925278,18976600
2026-03-03,106.924209,111.850901,106.247410,110.238533,15813300
2026-03-04,111.144241,111.801138,109.969797,110.795891,13042200
2026-03-05,110.049425,111.074575,107.382043,108.437050,15549100
2026-03-06,104.694755,106.088157,102.604636,106.028442,16586900
2026-03-09,103.958234,106.545999,101.529727,106.088158,18525600
2026-03-10,107.899594,110.387824,106.864490,108.456955,17843900
2026-03-11,107.829922,109.024277,106.973978,108.675926,12958400
2026-03-12,105.859248,106.496234,104.147344,105.003296,17487000
2026-03-13,105.620382,107.392000,104.893815,105.192406,11406900
2026-03-16,106.804769,108.178277,106.108068,106.844582,11902600
2026-03-17,107.989170,109.223330,106.914253,107.202888,12758400
2026-03-18,106.605718,109.034233,106.605718,108.158371,12337200
2026-03-19,106.824677,110.059376,106.327031,109.332809,16714500
2026-03-20,109.083989,110.686410,108.347475,109.004364,29718400
2026-03-23,112.597370,112.856148,110.447544,111.114388,16883200
2026-03-24,109.651307,114.259513,108.974508,113.204498,14105700
2026-03-25,114.448611,115.583243,113.055200,113.941017,11314900
2026-03-26,113.522993,114.249560,111.044719,111.880768,12689900
2026-03-27,110.547073,111.333354,106.456422,106.874443,23143000
2026-03-30,107.949361,108.904840,106.018492,106.764961,20319300
2026-03-31,108.586347,113.234359,107.839878,112.876060,18267700
2026-04-01,114.926354,116.240139,113.532944,114.757156,13273700
2026-04-02,111.791184,115.065696,111.223868,114.707390,9833900
2026-04-06,115.254804,117.145853,115.254804,116.807457,13319700
2026-04-07,115.931603,117.145853,115.205037,116.578537,8450100
2026-04-08,121.375842,123.903884,121.156884,122.908592,16312000
2026-04-09,122.231797,124.889232,121.754061,124.331863,8835400
2026-04-10,124.650356,124.879277,123.028033,123.804359,8958000
2026-04-13,122.430854,125.715313,121.773958,125.685455,14416800
2026-04-14,127.467040,130.373290,126.252775,128.969925,17034700
2026-04-15,130.632061,132.234482,129.955270,131.069992,14738900
2026-04-16,130.622112,132.144908,128.611618,128.731049,9290300
2026-04-17,130.462866,132.941149,130.044845,131.557678,15929400
2026-04-20,131.358614,132.811747,131.030166,132.423584,10151800
2026-04-21,132.971002,134.653032,130.642007,131.060028,8081400
2026-04-22,131.786607,131.846322,128.790769,129.119217,10439100
2026-04-23,128.880350,129.377996,126.242817,127.904953,9084600
2026-04-24,127.676040,128.452366,126.899713,127.377457,6835000
2026-04-27,127.258025,128.790768,127.039060,128.531998,6155900
2026-04-28,129.845787,130.691776,127.407310,127.924866,9585300
2026-04-29,127.954725,128.313031,125.984052,127.009201,12796000
2026-04-30,127.098769,128.313026,125.954189,127.377457,12127700
2026-05-01,128.034351,129.865685,126.262733,126.840004,10616500
2026-05-04,126.860001,127.050003,124.599998,125.629997,15027900
2026-05-05,126.309998,128.580002,126.050003,128.009995,13566900
2026-05-06,130.490005,131.580002,127.470001,127.599998,13363800
2026-05-07,127.620003,131.229996,127.059998,129.089996,18802300
2026-05-08,130.190002,131.949997,125.220001,125.550003,17505500
2026-05-11,125.870003,128.089996,124.690002,125.849998,11377100
2026-05-12,126.070000,126.559998,123.250000,126.440002,9937100
2026-05-13,125.000000,125.849998,123.760002,124.099998,7207100
2026-05-14,125.080002,126.349998,123.480003,124.820000,8226300
2026-05-15,124.480003,124.500000,122.730003,123.419998,7762100
2026-05-18,123.309998,124.449997,121.809998,122.410004,8770600
2026-05-19,121.449997,121.449997,119.760002,119.970001,11092200
2026-05-20,120.970001,125.279999,119.889999,124.820000,11182000
2026-05-21,124.029999,125.449997,123.279999,125.220001,6834900
2026-05-22,125.989998,126.489998,124.879997,125.089996,6331000
2026-05-26,126.250000,127.430000,125.260002,126.860001,8966900
2026-05-27,127.089996,127.769997,124.459999,125.389999,8246300
2026-05-28,124.470001,125.349998,123.239998,124.680000,7933200
2026-05-29,124.650002,126.849998,123.519997,125.900002,17325700
2026-06-01,124.080002,129.100006,123.599998,129.089996,12543700
2026-06-02,128.690002,132.460007,128.690002,131.259995,13589300
2026-06-03,130.929993,131.850006,128.270004,129.929993,11146400
2026-06-04,131.270004,135.669998,130.869995,135.149994,11482600
2026-06-05,135.410004,135.830002,131.190002,132.470001,12557900
2026-06-08,133.399994,134.880005,132.970001,133.279999,11550500
2026-06-09,134.729996,135.929993,131.919998,134.729996,11663300
2026-06-10,134.190002,137.119995,132.559998,133.380005,15085500
2026-06-11,134.399994,138.229996,133.809998,138.070007,12464200
2026-06-12,139.750000,141.119995,138.210007,139.830002,10359700
2026-06-15,142.429993,143.559998,140.880005,141.210007,12775600
2026-06-16,143.039993,143.500000,141.050003,142.990005,13234700
2026-06-17,143.199997,146.539993,143.039993,143.779999,13140300
2026-06-18,146.490005,147.960007,143.039993,143.059998,29331200
2026-06-22,144.710007,146.369995,144.479996,145.669998,14979400
2026-06-23,144.130005,146.139999,143.139999,144.970001,13297300
2026-06-24,144.990005,145.919998,143.179993,143.589996,13904300
2026-06-25,144.889999,147.789993,144.820007,144.979996,12155900
2026-06-26,144.630005,145.100006,140.759995,141.759995,17927100
2026-06-29,141.850006,143.839996,141.429993,142.490005,9526100
2026-06-30,141.000000,141.899994,139.380005,139.960007,22118600
2026-07-01,140.240005,141.279999,138.259995,140.130005,13702800
2026-07-02,141.880005,142.110001,138.220001,139.970001,9500100
2026-07-06,141.869995,143.889999,141.559998,143.860001,14139700
2026-07-07,144.059998,144.710007,140.660004,140.770004,9737600
2026-07-08,140.139999,140.240005,137.149994,137.389999,9831400
2026-07-09,138.759995,139.839996,138.009995,139.570007,10269000
2026-07-10,141.389999,141.440002,139.750000,140.789993,10517800
2026-07-13,141.100006,141.470001,137.570007,140.710007,12439900
2026-07-14,137.740005,144.289993,132.160004,133.270004,32127800
2026-07-15,134.080002,135.119995,131.770004,134.889999,18092200
2026-07-16,134.720001,135.000000,131.210007,131.710007,13763500
2026-07-17,129.440002,131.250000,127.080002,129.360001,15691900
2026-07-20,129.559998,131.270004,128.440002,128.720001,10961300
2026-07-21,129.570007,133.539993,129.169998,132.839996,11224200
2026-07-22,132.720001,133.910004,132.100006,132.250000,10635500
2026-07-23,130.500000,132.470001,130.020004,131.880005,10724500
2026-07-24,132.240005,133.279999,131.399994,132.190002,10822000
2026-07-27,134.250000,135.350006,131.020004,133.100006,12451600
2026-07-28,132.779999,133.000000,130.750000,132.470001,9420800
2026-07-29,131.759995,132.429993,126.779999,127.129997,12930600
