Date,Open,High,Low,Close,Volume
1986-07-09,7.108712,7.358140,7.025569,7.316569,1116800
1986-07-10,7.358147,7.399718,7.108718,7.275004,595600
1986-07-11,7.233428,7.275000,7.025571,7.025571,800400
1986-07-14,7.067142,7.067142,6.734570,6.817713,738000
1986-07-15,6.776145,6.776145,6.194145,6.609859,2059200
1986-07-16,6.609859,6.984002,6.609859,6.734573,1160400
1986-07-17,6.734573,6.817715,6.651430,6.776144,1046000
1986-07-18,6.776142,6.880070,6.651428,6.817713,1420000
1986-07-21,6.817713,6.859285,6.776142,6.817713,322800
1986-07-22,6.817715,6.838501,6.776144,6.776144,390800
1986-07-23,6.817713,6.817713,6.651427,6.692999,1004000
1986-07-24,6.693002,6.734573,6.526716,6.609859,1071600
1986-07-25,6.609856,6.734570,6.568285,6.692999,688400
1986-07-28,6.693001,6.817716,6.630644,6.734573,414800
1986-07-29,6.651430,6.776144,6.651430,6.776144,278400
1986-07-30,6.693001,6.734573,6.568287,6.734573,459200
1986-07-31,6.734570,6.817713,6.651427,6.692999,1213600
1986-08-01,6.651431,6.734574,6.485145,6.485145,1118000
1986-08-04,6.526717,6.526717,6.339645,6.485145,892400
1986-08-05,6.485141,6.485141,6.318855,6.360427,868800
1986-08-06,6.360429,6.402001,6.069429,6.069429,550400
1986-08-07,5.986288,6.027860,5.404288,5.570574,7560000
1986-08-08,5.612142,5.944714,5.570571,5.903142,2802000
1986-08-11,5.986287,6.069429,5.903144,6.069429,1428000
1986-08-12,6.069433,6.277290,6.069433,6.235719,1155200
1986-08-13,6.277286,6.713786,6.235715,6.443572,865600
1986-08-14,6.485143,6.526714,6.235714,6.318857,762000
1986-08-15,6.318862,6.318862,6.111004,6.235719,654400
1986-08-18,6.277286,6.568286,6.152572,6.443572,606800
1986-08-19,6.485141,6.485141,6.318855,6.360427,2744000
1986-08-20,6.360429,6.360429,6.235714,6.318857,500000
1986-08-21,6.318858,6.360429,6.277287,6.277287,353200
1986-08-22,6.318862,6.360433,6.235719,6.235719,286000
1986-08-25,6.318857,6.318857,6.069428,6.152571,766400
1986-08-26,6.111004,6.235719,6.111004,6.235719,408800
1986-08-27,6.235713,6.235713,6.110999,6.194142,686400
1986-08-28,6.194147,6.194147,6.069432,6.111004,286000
1986-08-29,6.069429,6.152572,6.027858,6.069429,1128800
1986-09-02,6.110998,6.110998,5.778427,5.819998,916800
1986-09-03,5.819997,5.944712,5.778426,5.944712,684400
1986-09-04,5.986285,6.194142,5.903142,6.194142,576800
1986-09-05,6.194143,6.277286,5.986286,5.986286,961600
1986-09-08,6.069427,6.069427,5.736855,5.819998,1793200
1986-09-09,5.778428,5.820000,5.653714,5.736857,388000
1986-09-10,5.736859,5.736859,5.653717,5.653717,802400
1986-09-11,5.695284,5.695284,5.154856,5.279570,6240000
1986-09-12,5.238001,5.279573,5.030144,5.071715,2066800
1986-09-15,5.071715,5.154858,4.947001,5.071715,1746800
1986-09-16,5.030144,5.071716,4.863859,4.947001,1547200
1986-09-17,4.988571,4.988571,4.697571,4.905428,997600
1986-09-18,4.905427,5.819998,4.905427,5.819998,833200
1986-09-19,5.820004,5.820004,5.445861,5.695290,928000
1986-09-22,5.695288,5.778431,5.570574,5.653717,464000
1986-09-23,5.695287,5.695287,5.362715,5.487430,436400
1986-09-24,5.487431,5.695288,5.404288,5.653717,649600
1986-09-25,5.653715,5.653715,5.529001,5.529001,305600
1986-09-26,5.529001,5.612144,5.487429,5.529001,278400
1986-09-29,5.570572,5.570572,5.362715,5.487430,724800
1986-09-30,5.445861,5.820004,5.445861,5.695290,773200
1986-10-01,5.778433,5.820004,5.695290,5.695290,668400
1986-10-02,5.695290,5.736861,5.695290,5.695290,592000
1986-10-03,5.736860,5.736860,5.487431,5.570574,228000
1986-10-06,5.653714,5.653714,5.529000,5.612143,467600
1986-10-07,5.570571,5.653714,5.570571,5.612143,176000
1986-10-08,5.653714,5.736857,5.612143,5.736857,558800
1986-10-09,5.736857,5.736857,5.570571,5.612143,243200
1986-10-10,5.612144,5.612144,5.487429,5.529001,238400
1986-10-13,5.570571,5.570571,5.362714,5.362714,362800
1986-10-14,5.362716,5.736859,5.362716,5.653717,612000
1986-10-15,5.695284,5.861570,5.653713,5.819998,606800
1986-10-16,5.820000,5.861571,5.778429,5.778429,269200
1986-10-17,5.820002,5.820002,5.612145,5.653717,216000
1986-10-20,5.612144,5.653715,5.362715,5.529001,595200
1986-10-21,5.529001,5.529001,5.445858,5.445858,327200
1986-10-22,5.529001,5.529001,5.445858,5.487430,396000
1986-10-23,5.528999,5.528999,5.487428,5.508214,1358400
1986-10-24,5.529001,5.570572,5.487429,5.529001,809600
1986-10-27,5.570572,5.570572,5.487429,5.529001,305200
1986-10-28,5.487431,5.653717,5.487431,5.653717,329200
1986-10-29,5.653714,5.986285,5.653714,5.903142,835600
1986-10-30,5.903141,6.110998,5.861569,6.027855,973200
1986-10-31,6.027858,6.027858,5.903143,5.986286,632400
1986-11-03,5.903143,6.027858,5.903143,5.986286,408800
1986-11-04,5.944712,6.027855,5.944712,5.944712,283200
1986-11-05,5.986285,5.986285,5.903142,5.903142,231200
1986-11-06,5.903144,5.944716,5.695287,5.861573,434000
1986-11-07,5.861572,5.944715,5.820000,5.840786,517200
1986-11-10,5.861570,5.861570,5.736855,5.819998,503200
1986-11-11,5.861569,5.944712,5.778426,5.944712,142000
1986-11-12,5.944716,6.007073,5.903145,5.965502,669600
1986-11-13,5.944717,5.986288,5.570574,5.570574,578800
1986-11-14,5.529002,5.612145,5.445859,5.570574,806000
1986-11-17,5.570574,5.612145,5.487431,5.570574,734400
1986-11-18,5.612144,5.612144,5.445858,5.487430,605600
1986-11-19,5.529001,5.570572,5.445858,5.529001,495600
1986-11-20,5.529002,5.653717,5.529002,5.653717,828400
1986-11-21,5.695283,5.986283,5.653712,5.944712,666800
1986-11-24,5.861572,6.152572,5.861572,6.069429,715600
1986-11-25,5.986286,6.069429,5.944715,5.986286,424000
1986-11-26,5.944712,6.027855,5.944712,6.027855,171600
1986-11-28,6.027858,6.027858,5.903143,5.986286,236000
1986-12-01,5.986285,6.027857,5.861571,5.903142,596000
1986-12-02,5.944712,5.965497,5.882355,5.944712,845600
1986-12-03,5.903141,6.027855,5.903141,6.027855,1016800
1986-12-04,5.986283,6.110997,5.861569,5.944712,643200
1986-12-05,5.903147,5.944718,5.653718,5.695290,636400
1986-12-08,5.653717,5.736859,5.529002,5.653717,712000
1986-12-09,5.612143,5.695285,5.612143,5.612143,302400
1986-12-10,5.653717,5.653717,5.529002,5.570574,341200
1986-12-11,5.612143,5.612143,5.279571,5.362714,1172000
1986-12-12,5.445857,5.445857,5.362714,5.362714,332000
1986-12-15,5.362714,5.736857,5.321143,5.736857,768400
1986-12-16,5.695286,5.778429,5.695286,5.778429,770000
1986-12-17,5.778431,5.820002,5.653717,5.653717,345200
1986-12-18,5.653714,5.736857,5.529000,5.612143,349200
1986-12-19,5.612145,5.653717,5.570574,5.570574,883600
1986-12-22,5.612145,5.736859,5.570574,5.653717,371600
1986-12-23,5.695288,5.736860,5.529002,5.570574,282800
1986-12-24,5.570572,5.570572,5.529001,5.529001,189200
1986-12-26,5.529002,5.570574,5.487431,5.570574,180000
1986-12-29,5.529002,5.570574,5.404288,5.570574,462000
1986-12-30,5.529001,5.570573,5.404287,5.445858,485200
1986-12-31,5.508216,5.570573,5.445858,5.445858,378400
1987-01-02,5.445858,5.570572,5.404286,5.549786,363600
1987-01-05,5.570572,6.111001,5.570572,6.069429,1222000
1987-01-06,6.069428,6.069428,5.861571,5.903142,1120000
1987-01-07,5.986290,6.235719,5.986290,6.235719,976800
1987-01-08,6.235715,6.485143,6.194143,6.443572,1178800
1987-01-09,6.443574,6.568288,6.402002,6.485145,659600
1987-01-12,6.443572,6.485144,6.277287,6.277287,1713600
1987-01-13,6.277287,6.277287,6.111001,6.277287,1000000
1987-01-14,6.277290,6.318862,6.152576,6.235719,1237600
1987-01-15,6.194141,6.235712,5.944712,6.027855,2141600
1987-01-16,6.027857,6.027857,5.861571,5.903142,722400
1987-01-19,5.903144,6.111001,5.903144,6.069429,1030000
1987-01-20,6.110999,6.235713,6.069428,6.194142,895200
1987-01-21,6.111001,6.152572,5.986287,6.069429,923200
1987-01-22,6.111004,6.235719,6.069433,6.235719,372800
1987-01-23,6.235715,6.568287,6.152572,6.277287,1741600
1987-01-26,6.318857,6.318857,6.111000,6.152571,456800
1987-01-27,6.152572,6.443572,6.152572,6.443572,666400
1987-01-28,6.443573,6.609859,6.360430,6.609859,937200
1987-01-29,6.651429,6.693001,6.402001,6.443572,712000
1987-01-30,6.485142,6.485142,6.277285,6.464356,445200
1987-02-02,6.485143,6.526715,6.402001,6.443572,483600
1987-02-03,6.443572,6.443572,6.277287,6.277287,739200
1987-02-04,6.318859,6.526717,6.277288,6.485145,1103600
1987-02-05,6.485144,6.776144,6.443573,6.776144,904000
1987-02-06,6.734573,6.817716,6.526716,6.526716,1008800
1987-02-09,6.568284,6.568284,6.318855,6.360427,663200
1987-02-10,6.443570,6.443570,6.318855,6.360427,423600
1987-02-11,6.402002,6.609859,6.402002,6.526716,394000
1987-02-12,6.568287,7.067144,6.526716,6.734573,1348800
1987-02-13,6.734570,6.859285,6.568285,6.817713,1257600
1987-02-17,6.859286,7.067143,6.817714,7.025571,1275200
1987-02-18,7.067144,7.275001,6.984001,7.067144,1346000
1987-02-19,7.067142,7.233428,7.067142,7.233428,432800
1987-02-20,7.150286,7.275001,7.150286,7.191858,350000
1987-02-23,7.191857,7.233428,7.108714,7.129500,479200
1987-02-24,7.108714,7.150286,7.067143,7.150286,934800
1987-02-25,7.150287,7.316573,7.108715,7.295787,831600
1987-02-26,7.316572,7.524429,7.316572,7.441287,720000
1987-02-27,7.378930,7.441287,7.275001,7.358144,314000
1987-03-02,7.358142,7.358142,7.150285,7.233428,560400
1987-03-03,7.191858,7.233429,7.108715,7.191858,411200
1987-03-04,7.108714,7.399714,7.108714,7.378928,508000
1987-03-05,7.399715,7.524429,7.358144,7.441287,684400
1987-03-06,7.441287,7.607572,7.399715,7.441287,741200
1987-03-09,7.441289,7.482861,7.337361,7.399718,481600
1987-03-10,7.399712,7.524427,7.399712,7.482855,206000
1987-03-11,7.482855,7.649141,7.482855,7.607570,837600
1987-03-12,7.607570,7.607570,7.482856,7.565999,597600
1987-03-13,7.566000,8.397429,7.566000,8.064857,3545200
1987-03-16,8.106431,8.148002,8.064860,8.106431,504000
1987-03-17,8.148002,8.397431,8.106431,8.231145,1909600
1987-03-18,8.231145,8.355859,8.231145,8.231145,1048000
1987-03-19,8.231145,8.272716,8.148002,8.231145,594800
1987-03-20,8.272716,8.397430,8.148001,8.314287,1144000
1987-03-23,8.314284,8.355856,8.272713,8.272713,636800
1987-03-24,8.272713,8.314284,8.231141,8.272713,490400
1987-03-25,8.314284,8.314284,8.231141,8.272713,939600
1987-03-26,8.314288,8.605288,8.272716,8.480574,2110800
1987-03-27,8.563717,8.605288,8.480574,8.480574,810400
1987-03-30,8.480575,8.480575,7.607574,7.815432,1305600
1987-03-31,7.773859,8.064859,7.732288,7.981716,876400
1987-04-01,7.815429,7.940143,7.815429,7.898571,830000
1987-04-02,7.981714,8.106429,7.857000,7.898571,566400
1987-04-03,7.940144,8.023287,7.857001,8.023287,264800
1987-04-06,8.023287,8.148002,8.023287,8.148002,297600
1987-04-07,8.148000,8.231143,7.898571,7.898571,304000
1987-04-08,7.898573,8.023288,7.898573,7.981716,507200
1987-04-09,7.981716,8.023288,7.898573,7.981716,310400
1987-04-10,7.940143,7.940143,7.898571,7.898571,442400
1987-04-13,7.857001,7.898573,7.649144,7.649144,524000
1987-04-14,7.649144,7.649144,7.025572,7.067144,1610000
1987-04-15,7.233429,7.275001,7.025572,7.191858,730400
1987-04-16,7.191857,7.316571,7.150285,7.233428,970800
1987-04-20,7.233428,7.316571,7.150285,7.233428,482800
1987-04-21,7.191857,7.233428,7.067142,7.233428,798800
1987-04-22,7.233429,7.358143,7.150286,7.150286,466800
1987-04-23,7.191858,7.191858,7.025572,7.108715,288400
1987-04-24,7.067144,7.108716,6.734573,6.776144,686000
1987-04-27,6.776145,6.776145,6.485145,6.609859,927200
1987-04-28,6.734570,6.776142,6.651427,6.692999,978800
1987-04-29,6.693000,6.734572,6.402000,6.402000,1031200
1987-04-30,6.443572,7.191858,6.318858,7.067144,1474800
1987-05-01,7.067143,7.067143,6.984000,7.025571,763600
1987-05-04,7.025572,7.025572,6.859286,6.942429,791600
1987-05-05,6.942429,6.942429,6.817715,6.900857,403600
1987-05-06,6.859286,6.984000,6.817715,6.942429,1174800
1987-05-07,6.984000,7.025572,6.859286,6.942429,630400
1987-05-08,6.984001,7.150286,6.942429,7.108715,518800
1987-05-11,7.150287,7.441287,7.067144,7.067144,783600
1987-05-12,7.108714,7.150286,6.984000,7.150286,351200
1987-05-13,7.150283,7.358140,7.108712,7.316569,519200
1987-05-14,7.358142,7.441285,7.233428,7.233428,436400
1987-05-15,7.274997,7.482855,7.233426,7.316569,1227600
1987-05-18,7.358144,7.358144,7.233430,7.358144,665200
1987-05-19,7.275001,7.358144,7.191858,7.191858,691200
1987-05-20,7.275000,7.275000,7.108714,7.150286,1437200
1987-05-21,7.275004,7.358147,7.275004,7.275004,426800
1987-05-22,7.316572,7.316572,7.108715,7.191858,463600
1987-05-26,7.150286,7.191858,7.067144,7.191858,851200
1987-05-27,7.191861,7.358147,7.150290,7.275004,642800
1987-05-28,7.274997,7.316569,7.191855,7.316569,269600
1987-05-29,7.233429,7.316572,7.150286,7.191858,454000
1987-06-01,7.191858,7.191858,7.067144,7.067144,270000
1987-06-02,7.067143,7.233429,6.900857,6.900857,1157200
1987-06-03,6.984000,7.108714,6.984000,7.025571,454400
1987-06-04,7.025572,7.108715,6.984001,7.067144,339600
1987-06-05,7.067142,7.316571,7.067142,7.233428,298800
1987-06-08,7.233428,7.274999,7.150285,7.212642,102000
1987-06-09,7.275001,7.441287,7.233430,7.358144,553200
1987-06-10,7.441286,7.898572,7.358144,7.732286,1327600
1987-06-11,7.773861,7.773861,7.690719,7.773861,438000
1987-06-12,7.773859,8.023288,7.690716,7.981716,802000
1987-06-15,7.981715,8.023286,7.649143,7.711501,1014000
1987-06-16,7.732289,7.857003,7.690717,7.815432,950400
1987-06-17,7.773860,7.857003,7.732289,7.815432,305200
1987-06-18,7.732286,8.148000,7.649143,7.898571,716400
1987-06-19,7.940144,8.023286,7.690715,7.732286,1115200
1987-06-22,7.815429,7.940144,7.732287,7.877787,1788800
1987-06-23,7.857005,7.898576,7.690719,7.794648,522000
1987-06-24,7.815429,7.857001,7.690715,7.711501,341200
1987-06-25,7.732287,7.773858,7.649144,7.649144,141200
1987-06-26,7.649141,7.649141,7.399713,7.607570,665600
1987-06-29,7.649141,7.690713,7.565998,7.607570,174000
1987-06-30,7.566000,7.649142,7.399714,7.462071,658800
1987-07-01,7.462070,7.482855,7.399712,7.482855,284000
1987-07-02,7.482858,7.649144,7.441287,7.649144,1198000
1987-07-06,7.565999,7.649141,7.565999,7.565999,557200
1987-07-07,7.566000,7.940143,7.566000,7.898571,1249200
1987-07-08,7.857004,7.940147,7.773861,7.773861,974800
1987-07-09,7.815430,7.815430,7.732287,7.753073,676000
1987-07-10,7.773857,7.857000,7.732286,7.857000,1556400
1987-07-13,7.773857,8.148000,7.773857,8.064857,1487200
1987-07-14,8.064859,8.189573,8.064859,8.148002,2787200
1987-07-15,8.148002,8.189573,7.898573,7.981716,836400
1987-07-16,7.940139,7.981710,7.732282,7.940139,608800
1987-07-17,7.981717,7.981717,7.815432,7.815432,574000
1987-07-20,7.815433,7.857004,7.732290,7.773861,333200
1987-07-21,7.773861,7.940147,7.690719,7.773861,506400
1987-07-22,7.732286,7.815429,7.732286,7.732286,419600
1987-07-23,7.773858,7.773858,7.524429,7.586786,607200
1987-07-24,7.649142,7.690713,7.565999,7.690713,157600
1987-07-27,7.649142,7.690714,7.524428,7.524428,364000
1987-07-28,7.607570,7.649141,7.565999,7.565999,281200
1987-07-29,7.565999,7.732285,7.565999,7.690713,695200
1987-07-30,7.815425,7.940139,7.732282,7.940139,636400
1987-07-31,7.898567,7.940139,7.856996,7.940139,402000
1987-08-03,7.898573,8.106430,7.773858,8.023287,455200
1987-08-04,7.940144,8.023287,7.898573,8.023287,434400
1987-08-05,7.981715,8.106430,7.940144,8.023287,400800
1987-08-06,8.023286,8.106429,7.981715,8.064857,300800
1987-08-07,8.106434,8.293506,8.064863,8.189577,726800
1987-08-10,8.189573,8.397430,8.189573,8.314287,2041600
1987-08-11,8.314286,8.646858,8.314286,8.563715,2023600
1987-08-12,8.563715,8.730001,8.480572,8.563715,939600
1987-08-13,8.563719,8.605291,8.439005,8.439005,1182000
1987-08-14,8.439005,8.480576,8.355862,8.439005,324400
1987-08-17,8.397434,8.480577,8.148005,8.355863,548000
1987-08-18,8.355859,8.355859,8.023287,8.148002,503200
1987-08-19,8.148002,8.148002,8.064860,8.106431,449200
1987-08-20,8.148005,8.439006,8.064862,8.355863,536800
1987-08-21,8.439001,8.563715,8.397429,8.563715,403600
1987-08-24,8.480576,8.563719,8.439005,8.439005,344000
1987-08-25,8.439002,8.522145,8.439002,8.480574,244400
1987-08-26,8.439002,8.563717,8.439002,8.480574,475200
1987-08-27,8.480574,8.522145,8.397431,8.480574,652800
1987-08-28,8.480573,8.480573,8.231144,8.314287,486400
1987-08-31,8.272716,8.355859,8.231144,8.314287,378400
1987-09-01,8.272717,8.314288,8.064860,8.106431,633600
1987-09-02,8.106431,8.148002,7.981717,8.106431,476800
1987-09-03,8.106430,8.231144,7.919358,8.023287,445200
1987-09-04,8.064853,8.064853,7.940139,7.940139,405600
1987-09-08,7.940141,8.023284,7.482855,7.607570,1049200
1987-09-09,7.607572,7.649143,7.441286,7.503643,1743600
1987-09-10,7.586786,7.732286,7.545215,7.732286,691200
1987-09-11,7.732286,7.773858,7.690715,7.732286,207600
1987-09-14,7.773858,7.815429,7.732286,7.732286,589200
1987-09-15,7.815428,7.815428,7.545214,7.545214,787600
1987-09-16,7.565997,7.565997,7.233426,7.316569,736800
1987-09-17,7.316571,7.358142,7.067142,7.233428,932000
1987-09-18,7.191856,7.524428,7.150285,7.524428,531200
1987-09-21,7.524433,7.773861,7.275004,7.275004,1220800
1987-09-22,7.150287,7.649144,7.025573,7.649144,1428400
1987-09-23,7.649142,7.773856,7.607571,7.690713,1136400
1987-09-24,7.607570,7.690713,7.607570,7.607570,267600
1987-09-25,7.649143,7.857000,7.607572,7.857000,391200
1987-09-28,7.898571,8.064857,7.815429,7.898571,432400
1987-09-29,7.940146,7.940146,7.773860,7.815432,264400
1987-09-30,7.773856,7.773856,7.607571,7.690713,539200
1987-10-01,7.690715,7.857000,7.649143,7.857000,1227200
1987-10-02,7.773860,7.857003,7.773860,7.815432,56800
1987-10-05,7.773861,7.815433,7.732290,7.773861,217600
1987-10-06,7.732287,7.773858,7.441287,7.441287,829600
1987-10-07,7.358147,7.441290,7.171075,7.275004,576800
1987-10-08,7.358144,7.358144,7.046358,7.191858,429600
1987-10-09,7.108716,7.191858,6.713787,6.776144,3379600
1987-10-12,6.734573,6.734573,6.402002,6.526716,1616400
1987-10-13,6.568288,6.651431,6.402002,6.485145,2360400
1987-10-14,6.485143,6.485143,6.069429,6.443572,2875600
1987-10-15,6.443576,6.526719,6.194147,6.235719,1123200
1987-10-16,6.235715,6.318858,5.986287,6.069429,1344800
1987-10-19,5.986286,5.986286,5.279571,5.321143,1888800
1987-10-20,5.362716,5.487430,4.822287,4.947001,2169600
1987-10-21,4.947001,5.487430,4.905430,5.445858,3149200
1987-10-22,5.362717,5.445860,5.113288,5.238003,1898400
1987-10-23,5.196429,5.196429,4.947001,5.030144,2797200
1987-10-26,5.030142,5.030142,4.531285,4.572856,1159600
1987-10-27,4.656001,4.863858,4.531287,4.697573,2040400
1987-10-28,4.593644,4.697572,4.448144,4.614429,2135600
1987-10-29,4.739144,4.988573,4.697573,4.947001,2072000
1987-10-30,4.905430,5.238002,4.905430,5.154859,980400
1987-11-02,5.154857,5.362714,5.071714,5.321143,960400
1987-11-03,5.279570,5.321142,4.988570,5.113285,468400
1987-11-04,5.113288,5.196431,4.988573,5.154859,1114800
1987-11-05,5.071713,5.258785,5.030142,5.113285,1002400
1987-11-06,5.154858,5.154858,5.030144,5.030144,1094800
1987-11-09,4.946999,5.113285,4.739142,5.113285,1442800
1987-11-10,4.988573,5.071716,4.863859,4.947001,510800
1987-11-11,4.947001,5.030144,4.905429,5.030144,510000
1987-11-12,5.030142,5.154856,4.863856,4.863856,563200
1987-11-13,4.863859,4.947001,4.739144,4.822287,951200
1987-11-16,4.863858,4.905429,4.739144,4.780715,815200
1987-11-17,4.780716,4.780716,4.656001,4.697573,350400
1987-11-18,4.739144,4.780715,4.531287,4.614429,1465600
1987-11-19,4.614430,4.656002,4.448145,4.489716,2077600
1987-11-20,4.448144,4.572859,4.323430,4.531287,1171200
1987-11-23,4.531287,4.739144,4.489716,4.697573,1280400
1987-11-24,4.739142,4.988571,4.697571,4.863856,1074000
1987-11-25,4.863859,4.863859,4.739144,4.822287,408800
1987-11-27,4.739143,4.822285,4.656000,4.656000,267600
1987-11-30,4.656002,4.656002,4.281859,4.489716,901200
1987-12-01,4.489715,4.572858,4.323429,4.406572,778000
1987-12-02,4.489717,4.489717,4.344216,4.365002,853600
1987-12-03,4.365000,4.406572,3.990857,4.032429,2047200
1987-12-04,3.990858,4.074001,3.907715,4.011643,2125200
1987-12-07,4.032429,4.115572,3.949287,4.074001,1709600
1987-12-08,4.115573,4.531287,4.074002,4.489716,783600
1987-12-09,4.448144,4.697572,4.448144,4.676786,819600
1987-12-10,4.656000,4.822285,4.448143,4.656000,1622800
1987-12-11,4.635214,4.739143,4.572857,4.656000,678000
1987-12-14,4.614428,4.739143,4.614428,4.656000,485600
1987-12-15,4.697571,4.718357,4.614428,4.635214,830000
1987-12-16,4.614429,4.988572,4.531286,4.988572,1090800
1987-12-17,4.988571,5.071714,4.905428,4.905428,572800
1987-12-18,4.863857,5.404286,4.863857,5.362714,1738400
1987-12-21,5.321144,5.487430,5.279573,5.445858,1043200
1987-12-22,5.445860,5.508217,5.196431,5.238003,864800
1987-12-23,5.238000,5.529000,5.196429,5.425072,754800
1987-12-24,5.404287,5.487430,5.404287,5.404287,136000
1987-12-28,5.404288,5.445859,5.154859,5.154859,765200
1987-12-29,5.196431,5.238002,5.154859,5.154859,633200
1987-12-30,5.321144,5.487430,5.238001,5.445858,1693600
1987-12-31,5.445858,5.487430,5.321144,5.445858,376800
1988-01-04,5.404288,5.695288,5.404288,5.570574,1062000
1988-01-05,5.695287,5.986287,5.653716,5.861573,2014800
1988-01-06,5.819998,5.861570,5.778427,5.819998,1394000
1988-01-07,5.820000,5.820000,5.695286,5.778429,458800
1988-01-08,5.778427,5.819999,5.258784,5.279570,730400
1988-01-11,5.196429,5.570572,5.154858,5.529001,963600
1988-01-12,5.529000,5.570571,5.196429,5.362714,607200
1988-01-13,5.404287,5.487430,5.238002,5.404287,508000
1988-01-14,5.445857,5.529000,5.321143,5.321143,258400
1988-01-15,5.487431,5.653717,5.445859,5.570574,706000
1988-01-18,5.653714,5.820000,5.570571,5.778429,683600
1988-01-19,5.736857,5.903143,5.695286,5.736857,753600
1988-01-20,5.778428,5.778428,5.529000,5.612143,1011600
1988-01-21,5.612145,5.653717,5.529002,5.570574,303200
1988-01-22,5.570572,5.612144,5.445858,5.529001,354800
1988-01-25,5.529001,5.653715,5.445858,5.529001,366800
1988-01-26,5.529001,5.632929,5.487429,5.632929,350800
1988-01-27,5.570571,5.736857,5.570571,5.736857,154400
1988-01-28,5.778430,5.820001,5.736858,5.799215,299200
1988-01-29,5.820001,5.923930,5.757644,5.923930,760000
1988-02-01,5.944715,6.027858,5.820000,5.986286,664000
1988-02-02,5.944715,6.007072,5.944715,5.986286,554800
1988-02-03,5.986283,6.027855,5.903140,5.944712,929600
1988-02-04,5.903141,6.069426,5.903141,6.027855,969200
1988-02-05,6.069428,6.194143,6.069428,6.152571,1072400
1988-02-08,6.152572,6.152572,6.069429,6.090215,482800
1988-02-09,6.111001,6.152572,6.027858,6.069429,802000
1988-02-10,6.111000,6.235714,6.069428,6.152571,1297200
1988-02-11,6.194141,6.443570,6.194141,6.360427,1812000
1988-02-12,6.318858,6.443572,6.318858,6.443572,587200
1988-02-16,6.402004,6.568290,6.360432,6.568290,638800
1988-02-17,6.526719,6.734576,6.526719,6.651433,2141600
1988-02-18,6.609859,6.693002,6.443573,6.526716,1182400
1988-02-19,6.485145,6.609859,6.360430,6.609859,977200
1988-02-22,6.609862,6.651433,6.568290,6.651433,856000
1988-02-23,6.651430,6.651430,6.485145,6.609859,858400
1988-02-24,6.526719,6.734576,6.526719,6.651433,1168400
1988-02-25,6.609859,6.734573,6.568288,6.609859,1423200
1988-02-26,6.609859,6.651431,6.568288,6.589074,723600
1988-02-29,6.609862,6.651433,6.568290,6.651433,684400
1988-03-01,6.651430,6.651430,6.505930,6.505930,948800
1988-03-02,6.568288,6.568288,6.526716,6.526716,545200
1988-03-03,6.526718,6.568290,6.505933,6.568290,1142000
1988-03-04,6.526715,6.526715,6.277286,6.402000,730400
1988-03-07,6.360433,6.360433,6.152576,6.235719,776400
1988-03-08,6.235714,6.318857,6.152571,6.318857,577200
1988-03-09,6.318855,6.401998,6.277284,6.360427,667600
1988-03-10,6.402001,6.485144,6.318858,6.381216,1422400
1988-03-11,6.360429,6.443571,6.277286,6.318857,493200
1988-03-14,6.318857,6.443571,6.318857,6.318857,522400
1988-03-15,6.318855,6.360427,6.318855,6.360427,364800
1988-03-16,6.360429,6.443571,6.318857,6.422786,860000
1988-03-17,6.443570,6.568284,6.401999,6.464356,505200
1988-03-18,6.526716,6.568288,6.402002,6.526716,978400
1988-03-21,6.526715,6.526715,6.360429,6.443572,438000
1988-03-22,6.443572,6.485143,6.318858,6.402000,821600
1988-03-23,6.360429,6.443572,6.360429,6.402000,907200
1988-03-24,6.402004,6.402004,6.152576,6.173361,724400
1988-03-25,6.194143,6.277285,6.111000,6.152571,916400
1988-03-28,6.069432,6.111004,5.986290,6.111004,605600
1988-03-29,6.111001,6.381215,6.111001,6.277287,1316000
1988-03-30,6.318858,6.360429,6.235715,6.277287,1020400
1988-03-31,6.235719,6.318862,6.194147,6.235719,700800
1988-04-04,6.152569,6.194141,6.027855,6.027855,897200
1988-04-05,6.069429,6.152572,5.986287,6.069429,816800
1988-04-06,6.069429,6.111001,6.027858,6.090215,1465600
1988-04-07,6.110999,6.235713,6.069428,6.194142,569200
1988-04-08,6.152571,6.235713,6.152571,6.214928,361200
1988-04-11,6.235715,6.360429,6.235715,6.277287,1106000
1988-04-12,6.235715,6.360429,6.194144,6.277287,654000
1988-04-13,6.277287,6.298072,6.194144,6.277287,743600
1988-04-14,6.152575,6.194147,6.069432,6.111004,934800
1988-04-15,6.111000,6.111000,5.944715,5.986286,837200
1988-04-18,5.986284,6.069426,5.944712,6.027855,406400
1988-04-19,6.027861,6.235718,6.027861,6.111004,271200
1988-04-20,6.111004,6.152575,6.069432,6.111004,571600
1988-04-21,6.111004,6.235718,6.111004,6.111004,636400
1988-04-22,6.194142,6.235713,6.152571,6.214928,187200
1988-04-25,6.235716,6.318859,6.235716,6.298073,106800
1988-04-26,6.298072,6.443572,6.277286,6.443572,507600
1988-04-27,6.402001,6.485143,6.402001,6.443572,495200
1988-04-28,6.485143,6.485143,6.402001,6.443572,267600
1988-04-29,6.443571,6.443571,6.318857,6.318857,448000
1988-05-02,6.360429,6.360429,6.318857,6.318857,231200
1988-05-03,6.318855,6.401998,6.318855,6.360427,493200
1988-05-04,6.360429,6.526715,6.360429,6.402000,734000
1988-05-05,6.401998,6.443570,6.360427,6.360427,551600
1988-05-06,6.360427,6.401998,6.360427,6.360427,518000
1988-05-09,6.318857,6.402000,6.277286,6.318857,647200
1988-05-10,6.360429,6.402000,6.318858,6.402000,367200
1988-05-11,6.339644,6.360429,6.194144,6.277287,548000
1988-05-12,6.235714,6.318857,6.235714,6.318857,545200
1988-05-13,6.318857,6.318857,6.277286,6.318857,172400
1988-05-16,6.277287,6.318858,6.194144,6.277287,489200
1988-05-17,6.277285,6.318857,6.152571,6.152571,972000
1988-05-18,6.152572,6.194144,5.986287,6.007072,542800
1988-05-19,6.027858,6.027858,5.903144,6.007072,1054000
1988-05-20,6.027858,6.069429,5.903143,5.986286,360800
1988-05-23,5.944712,6.027855,5.903140,5.944712,1054400
1988-05-24,5.986287,6.069429,5.944715,6.069429,430800
1988-05-25,6.027858,6.069429,5.986286,5.986286,245200
1988-05-26,5.986287,6.131787,5.986287,6.090215,602400
1988-05-27,6.069429,6.111000,5.986286,5.986286,222400
1988-05-31,6.027855,6.069426,5.986284,6.027855,994800
1988-06-01,6.111000,6.402000,6.027857,6.318857,1298400
1988-06-02,6.318855,6.568284,6.277284,6.360427,805200
1988-06-03,6.401998,6.443570,6.360427,6.360427,845200
1988-06-06,6.401999,6.401999,6.152570,6.194142,482800
1988-06-07,6.194144,6.235715,6.069429,6.069429,521200
1988-06-08,6.152576,6.235719,6.111004,6.235719,382400
1988-06-09,6.194143,6.526715,6.194143,6.443572,1342400
1988-06-10,6.485145,6.609859,6.402002,6.609859,717200
1988-06-13,6.609859,6.651430,6.568288,6.609859,426000
1988-06-14,6.568288,6.693002,6.526716,6.526716,746000
1988-06-15,6.526717,6.547502,6.402002,6.485145,1202800
1988-06-16,6.443574,6.568288,6.443574,6.485145,454800
1988-06-17,6.526716,6.609859,6.485145,6.609859,662800
1988-06-20,6.568288,6.651430,6.526716,6.609859,254000
1988-06-21,6.568290,6.609861,6.526718,6.568290,828000
1988-06-22,6.609859,6.651430,6.526716,6.609859,980400
1988-06-23,6.568290,6.609861,6.505933,6.568290,158800
1988-06-24,6.526713,6.568284,6.443570,6.464356,899600
1988-06-27,6.443576,6.485147,6.235719,6.235719,591600
1988-06-28,6.235715,6.402000,6.152572,6.402000,316400
1988-06-29,6.402000,6.443571,6.277286,6.318857,347200
1988-06-30,6.318855,6.401998,6.318855,6.360427,628800
1988-07-01,6.318858,6.360429,6.235715,6.277287,355200
1988-07-05,6.235714,6.318857,6.152571,6.318857,441600
1988-07-06,6.318862,6.360433,6.194147,6.235719,632800
1988-07-07,6.194144,6.277287,6.027858,6.069429,1738000
1988-07-08,6.069426,6.110998,6.027855,6.027855,350000
1988-07-11,6.027858,6.111001,6.027858,6.069429,445600
1988-07-12,6.110998,6.110998,5.986284,6.027855,446400
1988-07-13,6.111004,6.111004,6.027861,6.111004,275600
1988-07-14,6.111000,6.111000,5.986286,5.986286,1079600
1988-07-15,6.027855,6.027855,5.944712,5.944712,440000
1988-07-18,5.944715,5.986287,5.861572,5.882358,983600
1988-07-19,5.903143,5.903143,5.736858,5.757643,334000
1988-07-20,5.820001,5.861573,5.736858,5.861573,1479600
1988-07-21,5.820001,5.861573,5.778430,5.861573,725600
1988-07-22,5.778428,5.820000,5.695286,5.736857,1145600
1988-07-25,5.778427,5.819998,5.695284,5.819998,750800
1988-07-26,5.778429,5.861571,5.778429,5.778429,1224400
1988-07-27,5.778431,5.820002,5.570574,5.570574,1560800
1988-07-28,5.570575,5.736861,5.570575,5.695290,1185600
1988-07-29,5.736858,5.861573,5.736858,5.861573,1997200
1988-08-01,5.861573,5.903144,5.820001,5.861573,370400
1988-08-02,5.861572,5.861572,5.736858,5.799215,220400
1988-08-03,5.819997,5.944712,5.778426,5.944712,881600
1988-08-04,5.944712,6.110998,5.903141,6.027855,1024400
1988-08-05,6.027855,6.069426,5.986284,6.027855,291200
1988-08-08,6.027855,6.110998,5.944712,6.027855,560800
1988-08-09,6.027859,6.111002,5.944716,5.965502,984000
1988-08-10,5.986285,5.986285,5.882357,5.903142,737600
1988-08-11,5.903143,5.944714,5.778429,5.778429,454800
1988-08-12,5.820000,5.861571,5.736857,5.778429,476800
1988-08-15,5.778431,5.820002,5.632931,5.653717,575600
1988-08-16,5.653716,5.903144,5.612144,5.861573,752000
1988-08-17,5.861569,6.027855,5.861569,5.944712,398000
1988-08-18,6.027858,6.152572,5.944715,6.090215,329200
1988-08-19,6.069429,6.131786,6.027857,6.048643,136000
1988-08-22,6.027857,6.069428,5.903142,5.903142,636000
1988-08-23,5.944712,5.986283,5.903140,5.944712,484400
1988-08-24,5.944715,6.111001,5.944715,6.090215,347200
1988-08-25,6.027858,6.069429,5.944715,5.986286,217200
1988-08-26,5.986287,6.069429,5.986287,6.069429,174800
1988-08-29,6.069428,6.194143,6.027857,6.152571,415600
1988-08-30,6.131790,6.173361,6.111004,6.111004,269200
1988-08-31,6.194143,6.194143,6.111000,6.131785,408400
1988-09-01,6.111000,6.152572,5.923929,5.986286,363600
1988-09-02,6.069429,6.111001,5.986287,6.069429,710800
1988-09-06,6.111004,6.111004,6.027861,6.111004,126800
1988-09-07,6.069428,6.235713,6.069428,6.194142,612000
1988-09-08,6.152571,6.318857,6.152571,6.318857,708400
1988-09-09,6.318858,6.485143,6.277286,6.443572,1598000
1988-09-12,6.443571,6.485143,6.277286,6.318857,525600
1988-09-13,6.235714,6.318857,6.235714,6.318857,620000
1988-09-14,6.277287,6.318858,6.235715,6.277287,1198800
1988-09-15,6.318862,6.318862,6.235719,6.235719,673200
1988-09-16,6.277286,6.360429,6.214929,6.318857,859200
1988-09-19,6.360427,6.401998,6.277284,6.360427,306000
1988-09-20,6.360429,6.402000,6.318858,6.402000,646000
1988-09-21,6.402002,6.526716,6.360430,6.526716,997600
1988-09-22,6.485143,6.526715,6.402000,6.402000,643600
1988-09-23,6.443570,6.443570,6.360427,6.360427,360000
1988-09-26,6.360429,6.422786,6.360429,6.402000,237600
1988-09-27,6.360429,6.464358,6.360429,6.402000,372800
1988-09-28,6.360429,6.402000,6.277286,6.339643,470400
1988-09-29,6.318855,6.401998,6.277284,6.360427,356000
1988-09-30,6.318858,6.443572,6.318858,6.443572,1102800
1988-10-03,6.401998,6.443570,6.318855,6.360427,676400
1988-10-04,6.360430,6.402001,6.360430,6.381216,438800
1988-10-05,6.360429,6.526715,6.360429,6.443572,1163600
1988-10-06,6.485147,6.568290,6.443575,6.568290,1264000
1988-10-07,6.526714,6.692999,6.526714,6.672214,1537600
1988-10-10,6.651433,6.693004,6.568290,6.651433,404000
1988-10-11,6.651431,6.734573,6.485145,6.526716,552400
1988-10-12,6.526715,6.526715,6.360429,6.402000,1670400
1988-10-13,6.443573,6.526716,6.402002,6.526716,574400
1988-10-14,6.568288,6.693002,6.526716,6.609859,1806800
1988-10-17,6.651428,6.692999,6.609856,6.672214,1332000
1988-10-18,6.672219,6.734576,6.568290,6.651433,507600
1988-10-19,6.651427,6.859285,6.651427,6.692999,2214000
1988-10-20,6.776143,6.984000,6.776143,6.900857,1706400
1988-10-21,6.900858,6.984000,6.817715,6.942429,631600
1988-10-24,6.942426,7.025569,6.859283,6.859283,932000
1988-10-25,6.859285,6.900856,6.692999,6.692999,323200
1988-10-26,6.734573,6.776144,6.693001,6.776144,420400
1988-10-27,6.776142,6.776142,6.651427,6.692999,399600
1988-10-28,6.776144,6.859287,6.693001,6.734573,736800
1988-10-31,6.734576,6.734576,6.568290,6.651433,530800
1988-11-01,6.609859,6.651431,6.485145,6.526716,1245200
1988-11-02,6.485145,6.568288,6.402002,6.526716,547200
1988-11-03,6.526716,6.693002,6.526716,6.609859,787200
1988-11-04,6.568288,6.693002,6.568288,6.609859,674400
1988-11-07,6.568290,6.609861,6.485147,6.568290,297200
1988-11-08,6.568290,6.693004,6.568290,6.651433,243200
1988-11-09,6.609861,6.651433,6.485147,6.568290,353600
1988-11-10,6.526716,6.651431,6.526716,6.589074,322800
1988-11-11,6.568284,6.568284,6.360427,6.360427,391200
1988-11-14,6.402000,6.402000,6.277286,6.318857,672800
1988-11-15,6.318858,6.402000,6.318858,6.402000,258000
1988-11-16,6.360428,6.402000,6.152571,6.152571,774400
1988-11-17,6.194142,6.277285,6.152570,6.194142,275600
1988-11-18,6.277285,6.277285,6.194142,6.256499,442000
1988-11-21,6.277285,6.277285,6.069428,6.152571,726000
1988-11-22,6.111000,6.194143,6.111000,6.152571,502400
1988-11-23,6.194141,6.360427,6.152570,6.360427,431200
1988-11-25,6.235713,6.277285,6.152571,6.214928,136000
1988-11-28,6.152571,6.339643,6.152571,6.318857,368400
1988-11-29,6.360431,6.526717,6.318859,6.485145,568000
1988-11-30,6.526716,6.609859,6.485145,6.526716,382000
1988-12-01,6.526716,6.568288,6.485145,6.505930,399600
1988-12-02,6.485145,6.568288,6.402002,6.526716,536800
1988-12-05,6.568290,6.651433,6.526718,6.568290,359200
1988-12-06,6.568288,6.609859,6.526716,6.589074,380800
1988-12-07,6.609859,6.651430,6.568288,6.609859,764800
1988-12-08,6.609856,6.734570,6.609856,6.630642,510800
1988-12-09,6.609861,6.651433,6.547504,6.568290,974000
1988-12-12,6.568286,6.651429,6.443572,6.443572,635200
1988-12-13,6.443573,6.609859,6.402002,6.526716,587600
1988-12-14,6.568288,6.651430,6.568288,6.609859,304000
1988-12-15,6.609856,6.734571,6.609856,6.672214,1519200
1988-12-16,6.692999,6.692999,6.609856,6.692999,972400
1988-12-19,6.693004,6.693004,6.609862,6.651433,465200
1988-12-20,6.651431,6.776145,6.443574,6.485145,1414800
1988-12-21,6.443570,6.526713,6.360427,6.360427,984800
1988-12-22,6.443570,6.485142,6.360427,6.464356,1215200
1988-12-23,6.443572,6.485143,6.402000,6.402000,237200
1988-12-27,6.485141,6.485141,6.360427,6.360427,701600
1988-12-28,6.360429,6.402000,6.235714,6.318857,286800
1988-12-29,6.318858,6.402000,6.277286,6.402000,353200
1988-12-30,6.402005,6.402005,6.235719,6.235719,272400
1989-01-03,6.235714,6.277285,6.069428,6.152571,625200
1989-01-04,6.152572,6.277287,6.152572,6.277287,291200
1989-01-05,6.360429,6.443572,6.360429,6.402000,1929600
1989-01-06,6.402000,6.526714,6.402000,6.422786,1464000
1989-01-09,6.485145,6.568288,6.443573,6.526716,888400
1989-01-10,6.485145,6.526717,6.443574,6.485145,178000
1989-01-11,6.443574,6.485145,6.443574,6.485145,528000
1989-01-12,6.464358,6.485143,6.318858,6.402000,1461200
1989-01-13,6.318856,6.360428,6.194142,6.194142,674000
1989-01-16,6.194147,6.277290,6.152576,6.235719,1195600
1989-01-17,6.235713,6.401998,6.235713,6.360427,1012800
1989-01-18,6.277287,6.318858,5.861572,6.069429,4593200
1989-01-19,6.111000,6.214928,6.069428,6.152571,5237600
1989-01-20,6.152572,6.152572,6.069429,6.069429,1235600
1989-01-23,6.069426,6.110998,5.903141,6.027855,2091200
1989-01-24,6.027858,6.277287,6.027858,6.277287,1978000
1989-01-25,6.277287,6.402001,6.235715,6.277287,828000
1989-01-26,6.318858,6.318858,6.235715,6.277287,637200
1989-01-27,6.235714,6.318857,6.235714,6.318857,836800
1989-01-30,6.277287,6.318858,6.277287,6.277287,537600
1989-01-31,6.277290,6.360433,6.194147,6.235719,1057200
1989-02-01,6.194147,6.235718,6.027861,6.111004,2261600
1989-02-02,6.110998,6.152569,5.986284,6.027855,2148000
1989-02-03,6.027861,6.111004,5.986290,6.111004,1454800
1989-02-06,6.027861,6.152575,6.027861,6.111004,1843200
1989-02-07,6.069428,6.277285,6.069428,6.194142,2887600
1989-02-08,6.194143,6.235714,6.069428,6.152571,1203600
1989-02-09,6.027857,6.111000,5.944715,6.048643,832000
1989-02-10,6.027858,6.069429,5.923929,6.069429,1826800
1989-02-13,5.986287,6.069430,5.986287,6.007072,840400
1989-02-14,6.069429,6.152572,5.986286,6.048643,2119200
1989-02-15,6.069430,6.069430,5.944715,6.007072,758000
1989-02-16,6.027858,6.027858,5.944715,5.986286,1321600
1989-02-17,5.986284,6.069426,5.944712,6.027855,2524800
1989-02-21,5.986284,6.069426,5.986284,6.027855,1425200
1989-02-22,6.027861,6.152575,6.027861,6.111004,1284000
1989-02-23,6.111000,6.235714,6.111000,6.152571,1791200
1989-02-24,6.194147,6.194147,6.069432,6.111004,528400
1989-02-27,6.152571,6.152571,6.111000,6.152571,614400
1989-02-28,6.111000,6.194143,6.111000,6.152571,1466400
1989-03-01,6.111001,6.194144,6.027858,6.069429,1537200
1989-03-02,6.069428,6.298071,6.069428,6.152571,2263600
1989-03-03,6.194142,6.194142,6.152570,6.194142,1136400
1989-03-06,6.152571,6.194143,6.152571,6.152571,1976000
1989-03-07,6.194147,6.194147,6.111004,6.111004,1757600
1989-03-08,6.111004,6.152575,6.069432,6.111004,599200
1989-03-09,6.111004,6.152575,6.069432,6.111004,632800
1989-03-10,6.110998,6.110998,6.027855,6.027855,239600
1989-03-13,6.027855,6.069426,6.027855,6.027855,202400
1989-03-14,6.027858,6.069429,5.986287,6.069429,522400
1989-03-15,5.986290,6.111004,5.986290,6.111004,250800
1989-03-16,6.111004,6.194147,6.027861,6.111004,1344000
1989-03-17,6.152572,6.194144,5.986287,6.069429,2729200
1989-03-20,6.111000,6.111000,5.903143,5.986286,890400
1989-03-21,5.986284,6.110998,5.986284,6.027855,201200
1989-03-22,6.027855,6.027855,5.944712,5.944712,1443200
1989-03-23,5.986287,5.986287,5.820001,5.861573,790000
1989-03-27,5.820001,5.861573,5.778430,5.861573,430800
1989-03-28,5.778428,5.903142,5.778428,5.903142,1478000
1989-03-29,5.903140,5.986283,5.861569,5.944712,620400
1989-03-30,5.903140,5.986283,5.903140,5.944712,735200
1989-03-31,5.986284,6.027855,5.944712,6.027855,754400
1989-04-03,5.986284,6.069426,5.986284,6.027855,1197600
1989-04-04,6.027858,6.069429,5.903143,5.986286,532000
1989-04-05,5.986287,6.111001,5.986287,6.069429,1739600
1989-04-06,6.048644,6.111001,6.027858,6.069429,794800
1989-04-07,6.069426,6.110998,6.027855,6.027855,574000
1989-04-10,6.111000,6.152571,6.069428,6.152571,378800
1989-04-11,6.131784,6.360427,6.110998,6.360427,2172800
1989-04-12,6.360429,6.526715,6.318858,6.443572,3228800
1989-04-13,6.485145,6.485145,6.402002,6.485145,729200
1989-04-14,6.485145,6.568288,6.443573,6.526716,895600
1989-04-17,6.526716,6.651430,6.485145,6.609859,890000
1989-04-18,6.651426,6.983997,6.651426,6.880069,3035200
1989-04-19,6.859286,6.984000,6.859286,6.900857,1218400
1989-04-20,6.942430,6.942430,6.734573,6.776144,1084800
1989-04-21,6.734570,6.817713,6.651428,6.817713,1018000
1989-04-24,6.817715,6.859287,6.776144,6.776144,556000
1989-04-25,6.817713,6.859285,6.692999,6.692999,482800
1989-04-26,6.776142,6.776142,6.651428,6.672214,599600
1989-04-27,6.692999,6.859285,6.692999,6.817713,1080800
1989-04-28,6.776144,6.817715,6.734573,6.776144,489200
1989-05-01,6.734573,6.776144,6.734573,6.776144,983200
1989-05-02,6.734573,6.776144,6.734573,6.734573,557600
1989-05-03,6.734570,6.900856,6.734570,6.817713,1350400
1989-05-04,6.776144,6.817715,6.776144,6.776144,324400
1989-05-05,6.817715,7.233429,6.776143,7.191858,3137200
1989-05-08,7.191858,7.233429,7.108715,7.108715,1471600
1989-05-09,7.150286,7.191857,7.108714,7.150286,1134400
1989-05-10,7.150285,7.274999,7.150285,7.233428,332000
1989-05-11,7.274997,7.358140,7.233426,7.316569,304800
1989-05-12,7.316570,7.649141,7.316570,7.607570,3988000
1989-05-15,7.607574,7.898574,7.566003,7.815432,1413600
1989-05-16,7.815433,7.857004,7.732290,7.773861,1528400
1989-05-17,7.732290,7.940147,7.732290,7.773861,1193200
1989-05-18,7.773861,7.815433,7.711504,7.773861,1341600
1989-05-19,7.815429,7.898572,7.773858,7.877787,1488800
1989-05-22,7.898576,7.898576,7.773861,7.773861,852400
1989-05-23,7.773856,7.773856,7.420499,7.524428,10332000
1989-05-24,7.441286,7.462072,7.358144,7.420501,451600
1989-05-25,7.441289,7.441289,7.316575,7.399718,734400
1989-05-26,7.441287,7.441287,7.399715,7.441287,476000
1989-05-30,7.441289,7.482861,7.358146,7.399718,1071600
1989-05-31,7.399718,7.482861,7.358146,7.399718,1681600
1989-06-01,7.399713,7.607570,7.399713,7.565999,727600
1989-06-02,7.566004,7.836218,7.566004,7.836218,947600
1989-06-05,7.815428,7.898571,7.690713,7.690713,545600
1989-06-06,7.690714,7.732285,7.462071,7.524428,1190800
1989-06-07,7.545216,7.690716,7.482858,7.649144,588800
1989-06-08,7.690715,7.690715,7.607572,7.669930,832400
1989-06-09,7.607569,7.649140,7.565997,7.628355,322400
1989-06-12,7.607570,7.607570,7.524427,7.607570,276400
1989-06-13,7.566000,7.607572,7.482857,7.503643,205200
1989-06-14,7.482857,7.607571,7.482857,7.545214,440400
1989-06-15,7.524427,7.607570,7.482855,7.607570,1793600
1989-06-16,7.566000,7.857000,7.566000,7.857000,1165600
1989-06-19,7.857000,7.940143,7.773857,7.898571,427200
1989-06-20,7.649142,7.690713,6.776142,6.817713,6996000
1989-06-21,6.859286,7.025572,6.817715,6.900857,3853200
1989-06-22,6.900856,6.900856,6.651427,6.692999,3253200
1989-06-23,6.692999,6.692999,6.609856,6.692999,2486800
1989-06-26,6.651428,6.984000,6.651428,6.984000,2170000
1989-06-27,6.984000,7.108714,6.942428,7.025571,2090800
1989-06-28,6.984000,7.025571,6.900857,6.984000,1169600
1989-06-29,6.984001,6.984001,6.776144,6.776144,856000
1989-06-30,6.817719,6.817719,6.526719,6.651433,2120000
1989-07-03,6.651433,6.651433,6.568290,6.568290,769200
1989-07-05,6.609859,6.651430,6.526716,6.609859,491600
1989-07-06,6.651428,6.817713,6.651428,6.817713,1062000
1989-07-07,6.900857,7.087928,6.859286,7.025571,1504400
1989-07-10,7.004787,7.108715,6.984001,7.067144,375200
1989-07-11,7.067143,7.108714,6.984000,6.984000,572800
1989-07-12,7.025572,7.108715,7.025572,7.108715,256000
1989-07-13,7.150284,7.150284,7.067142,7.087927,245600
1989-07-14,7.067143,7.150286,7.025571,7.150286,396400
1989-07-17,7.108714,7.150286,7.025571,7.025571,395600
1989-07-18,7.067145,7.108717,6.942431,7.004788,896400
1989-07-19,7.025572,7.067144,6.942430,7.067144,552000
1989-07-20,7.067143,7.067143,6.984000,6.984000,691200
1989-07-21,6.942428,7.025571,6.942428,6.984000,496800
1989-07-24,6.984000,7.025572,6.900857,6.900857,148800
1989-07-25,6.942428,7.025571,6.900857,6.984000,344400
1989-07-26,6.984000,6.984000,6.900858,6.942429,197200
1989-07-27,6.900857,7.025571,6.900857,7.025571,417200
1989-07-28,6.984000,7.067143,6.942428,6.984000,508800
1989-07-31,7.025575,7.316575,6.984004,7.275004,1876000
1989-08-01,7.316571,7.399714,7.108714,7.150286,921200
1989-08-02,7.108715,7.191858,7.067144,7.191858,418400
1989-08-03,7.191861,7.275004,7.191861,7.275004,785200
1989-08-04,7.108714,7.191857,6.942428,6.984000,1121600
1989-08-07,6.984000,7.067143,6.900857,7.025571,842400
1989-08-08,6.984001,7.108715,6.942430,7.067144,1458800
1989-08-09,7.108713,7.108713,7.025570,7.087927,959200
1989-08-10,7.067144,7.150286,7.004786,7.108715,2273200
1989-08-11,7.108713,7.191856,7.025570,7.087927,480800
1989-08-14,7.067144,7.233429,7.067144,7.108715,309600
1989-08-15,7.150286,7.191858,7.108715,7.108715,487200
1989-08-16,7.108713,7.191856,7.108713,7.171071,90800
1989-08-17,7.150290,7.275004,7.150290,7.275004,548000
1989-08-18,7.233429,7.233429,7.150286,7.191858,496000
1989-08-21,7.150286,7.233429,7.108715,7.108715,443200
1989-08-22,7.108715,7.191858,7.025572,7.191858,418000
1989-08-23,7.150287,7.191858,7.025572,7.067144,1354800
1989-08-24,7.108715,7.191858,7.067144,7.108715,1609200
1989-08-25,7.108715,7.191858,7.067144,7.108715,778800
1989-08-28,7.108714,7.150286,7.067143,7.150286,480800
1989-08-29,7.108712,7.316569,7.108712,7.316569,1412800
1989-08-30,7.316569,7.358140,7.274997,7.316569,1832800
1989-08-31,7.358146,7.399718,7.275003,7.399718,1110000
1989-09-01,7.358144,7.399716,7.316573,7.358144,369600
1989-09-05,7.399716,7.399716,7.316573,7.358144,414800
1989-09-06,7.399715,7.399715,7.275001,7.295787,540400
1989-09-07,7.316569,7.316569,7.274997,7.316569,308400
1989-09-08,7.274997,7.316569,7.274997,7.316569,281600
1989-09-11,7.274997,7.316569,7.274997,7.316569,466000
1989-09-12,7.275001,7.358144,7.275001,7.358144,264000
1989-09-13,7.358140,7.358140,7.274997,7.316569,775600
1989-09-14,7.274997,7.420497,7.274997,7.316569,1236400
1989-09-15,7.358147,7.358147,7.275004,7.275004,858000
1989-09-18,7.275001,7.358144,7.275001,7.358144,748400
1989-09-19,7.316571,7.441286,7.316571,7.337357,2082800
1989-09-20,7.358144,7.441287,7.316573,7.358144,907200
1989-09-21,7.316570,7.358142,7.067142,7.087927,1180800
1989-09-22,7.025572,7.108715,7.025572,7.046358,586400
1989-09-25,6.984000,7.067143,6.984000,7.025571,204800
1989-09-26,6.984001,7.150287,6.942430,7.067144,604000
1989-09-27,7.108714,7.316571,7.025571,7.150286,1269600
1989-09-28,7.150286,7.191858,7.108715,7.191858,876800
1989-09-29,7.191857,7.191857,7.108714,7.150286,1080800
1989-10-02,7.067144,7.150287,7.025572,7.067144,514000
1989-10-03,7.025571,7.025571,6.984000,6.984000,464800
1989-10-04,6.984000,7.067143,6.984000,7.025571,648400
1989-10-05,7.046357,7.150286,7.025571,7.150286,1351200
1989-10-06,7.150285,7.316571,7.108714,7.233428,1024000
1989-10-09,7.233426,7.358140,7.233426,7.316569,347600
1989-10-10,7.399715,7.441287,7.316572,7.441287,804400
1989-10-11,7.399715,7.441286,7.358144,7.420501,431200
1989-10-12,7.441284,7.524427,7.399712,7.482855,1812400
1989-10-13,7.482861,7.524433,7.254218,7.275004,718000
1989-10-16,7.108715,7.191858,6.859286,6.942429,5190800
1989-10-17,7.025569,7.399712,6.983998,7.316569,6692800
1989-10-18,7.233428,7.524428,7.191856,7.524428,1090000
1989-10-19,7.524425,8.064853,7.482853,7.940139,1981600
1989-10-20,7.898572,7.940143,7.732286,7.857000,1752400
1989-10-23,7.815429,7.857000,7.732286,7.857000,1640400
1989-10-24,7.815429,7.940143,7.773857,7.898571,1207600
1989-10-25,7.940143,8.023286,7.857000,7.857000,1382000
1989-10-26,7.856998,7.856998,7.607570,7.607570,1714800
1989-10-27,7.649141,7.649141,7.399712,7.482855,1342800
1989-10-30,7.482858,7.524429,7.316572,7.441287,482400
1989-10-31,7.441286,7.482857,7.316571,7.337357,748000
1989-11-01,7.316573,7.441287,7.275001,7.358144,1126000
1989-11-02,7.358144,7.399716,7.275001,7.358144,321200
1989-11-03,7.316573,7.399716,7.316573,7.358144,934000
1989-11-06,7.316571,7.358142,7.233428,7.233428,672800
1989-11-07,7.233427,7.274999,6.983999,7.087927,921600
1989-11-08,7.108714,7.274999,7.067142,7.233428,1083200
1989-11-09,7.275000,7.316571,7.233429,7.254214,1431600
1989-11-10,7.275001,7.441287,7.275001,7.358144,977600
1989-11-13,7.358147,7.358147,7.275004,7.275004,275200
1989-11-14,7.316575,7.316575,7.233432,7.275004,421200
1989-11-15,7.274999,7.565999,7.233427,7.565999,1626800
1989-11-16,7.607571,7.898571,7.566000,7.898571,1394800
1989-11-17,7.857005,8.231149,7.857005,8.189577,2503200
1989-11-20,8.189574,8.231145,8.023288,8.106431,1131200
1989-11-21,8.064857,8.148000,8.023286,8.064857,1362800
1989-11-22,8.023286,8.064857,7.898571,7.898571,382800
1989-11-24,7.898573,8.064858,7.898573,8.023287,597200
1989-11-27,7.940145,8.023288,7.940145,7.981716,642400
1989-11-28,7.940146,7.981717,7.773860,7.815432,1402400
1989-11-29,7.815433,7.898576,7.732290,7.773861,750000
1989-11-30,7.732290,7.773861,7.649147,7.773861,474800
1989-12-01,7.815425,8.023282,7.773853,7.940139,903600
1989-12-04,7.981716,7.981716,7.940145,7.981716,413200
1989-12-05,7.940145,8.023288,7.940145,7.981716,747200
1989-12-06,7.940144,7.940144,7.607573,7.649144,1150400
1989-12-07,7.649141,7.690713,7.565998,7.607570,974800
1989-12-08,7.690714,7.690714,7.524428,7.524428,1112000
1989-12-11,7.524429,7.566001,7.358144,7.441287,515200
1989-12-12,7.441287,7.482859,7.316573,7.358144,438000
1989-12-13,7.441287,7.482858,7.358144,7.441287,329200
1989-12-14,7.337359,7.441287,7.275001,7.358144,319600
1989-12-15,7.358140,7.441283,7.316569,7.316569,688400
1989-12-18,7.399715,7.399715,7.025572,7.067144,1060800
1989-12-19,7.025572,7.108715,6.942430,7.067144,841200
1989-12-20,7.108712,7.316569,7.067140,7.316569,362400
1989-12-21,7.358141,7.565998,7.337355,7.482855,1112800
1989-12-22,7.565999,7.690713,7.524427,7.565999,840000
1989-12-26,7.607570,7.607570,7.482856,7.565999,130800
1989-12-27,7.566001,7.649144,7.524430,7.649144,510800
1989-12-28,7.649142,7.732285,7.607571,7.690713,677600
1989-12-29,7.690713,7.773856,7.607571,7.690713,520400
1990-01-02,7.732286,7.732286,7.566001,7.732286,839200
1990-01-03,7.773857,7.940143,7.773857,7.857000,658000
1990-01-04,7.856996,8.023282,7.856996,7.940139,1148400
1990-01-05,7.940145,8.023288,7.898573,7.981716,414400
1990-01-08,7.898576,7.981718,7.773861,7.836218,770800
1990-01-09,7.815433,7.898576,7.773861,7.773861,602000
1990-01-10,7.773855,7.856998,7.607570,7.607570,738800
1990-01-11,7.690712,7.732283,7.316569,7.316569,4134800
1990-01-12,7.191857,7.233429,6.796929,6.900857,4424800
1990-01-15,6.942428,6.942428,6.776142,6.817713,1728800
1990-01-16,6.734574,7.067145,6.693002,7.004788,2256800
1990-01-17,7.067144,7.108716,6.776144,6.796930,672800
1990-01-18,6.692999,6.776142,6.651427,6.692999,1188000
1990-01-19,6.776145,6.817716,6.693002,6.713788,736000
1990-01-22,6.734572,6.734572,6.360429,6.402000,1088000
1990-01-23,6.443573,6.568288,6.360430,6.526716,1053200
1990-01-24,6.360432,6.651433,6.277290,6.568290,1460000
1990-01-25,6.693002,6.693002,6.568288,6.609859,1076400
1990-01-26,6.609862,6.651433,6.568290,6.651433,1361200
1990-01-29,6.609859,6.693002,6.526716,6.526716,1201200
1990-01-30,6.526717,6.568288,6.402002,6.485145,1848000
1990-01-31,6.526713,6.568284,6.485141,6.547498,738400
1990-02-01,6.568288,6.609859,6.443574,6.485145,3755600
1990-02-02,6.443573,6.651430,6.443573,6.609859,2730400
1990-02-05,6.609859,6.609859,6.485145,6.485145,1164000
1990-02-06,6.568284,6.651427,6.526713,6.547498,2242000
1990-02-07,6.526715,6.568286,6.360429,6.402000,2304000
1990-02-08,6.401998,6.485141,6.360427,6.360427,1482400
1990-02-09,6.443572,6.443572,6.318858,6.402000,941600
1990-02-12,6.318855,6.401998,6.277284,6.360427,1024400
1990-02-13,6.318857,6.360428,6.111000,6.152571,1512400
1990-02-14,6.152576,6.277290,6.152576,6.235719,3671200
1990-02-15,6.235713,6.360427,6.194141,6.360427,877200
1990-02-16,6.360427,6.443570,6.318855,6.360427,661200
1990-02-20,6.360429,6.402000,6.235714,6.318857,715200
1990-02-21,6.235715,6.526715,6.152572,6.443572,988800
1990-02-22,6.422784,6.485141,6.360427,6.360427,1247200
1990-02-23,6.360429,6.402001,6.277287,6.277287,1093600
1990-02-26,6.318855,6.401998,6.318855,6.360427,987200
1990-02-27,6.402001,6.485143,6.360429,6.443572,914800
1990-02-28,6.485141,6.485141,6.360427,6.360427,1212000
1990-03-01,6.443571,6.526714,6.360429,6.422786,1227600
1990-03-02,6.402002,6.568288,6.402002,6.526716,995200
1990-03-05,6.485143,6.526715,6.360429,6.402000,887200
1990-03-06,6.443571,6.651428,6.401999,6.630642,1578800
1990-03-07,6.651433,6.651433,6.526718,6.568290,544000
1990-03-08,6.609859,6.776144,6.568287,6.734573,1054800
1990-03-09,6.755355,6.942426,6.734569,6.859283,1955200
1990-03-12,6.859286,6.942429,6.817715,6.900857,703200
1990-03-13,6.859287,6.900858,6.776144,6.776144,1664000
1990-03-14,6.817713,6.817713,6.651428,6.817713,464000
1990-03-15,6.776141,6.880069,6.734569,6.859283,1423200
1990-03-16,6.859285,6.900856,6.734570,6.817713,2073600
1990-03-19,6.817713,6.859285,6.734570,6.817713,1077600
1990-03-20,6.859285,6.859285,6.692999,6.817713,2209200
1990-03-21,6.734573,6.817716,6.693001,6.734573,1132000
1990-03-22,6.568285,6.692999,6.422785,6.692999,3020400
1990-03-23,6.651433,6.817719,6.651433,6.651433,2300000
1990-03-26,6.776147,6.776147,6.651433,6.651433,1417600
1990-03-27,6.609859,6.776144,6.609859,6.734573,1514000
1990-03-28,6.776145,6.776145,6.485145,6.526716,2724800
1990-03-29,6.485147,6.568290,6.402004,6.568290,912800
1990-03-30,6.609858,6.609858,6.318858,6.443572,1996800
1990-04-02,6.277284,6.401998,6.194141,6.360427,1993600
1990-04-03,6.360429,6.360429,6.235715,6.277287,2556400
1990-04-04,6.318856,6.318856,6.194142,6.256499,1036800
1990-04-05,6.277285,6.318856,6.152571,6.214928,1163600
1990-04-06,6.194142,6.235713,6.152570,6.194142,745200
1990-04-09,6.152572,6.194143,5.986286,5.986286,1194800
1990-04-10,6.027857,6.027857,5.736857,5.778429,3369600
1990-04-11,5.778429,5.903143,5.778429,5.840786,1415600
1990-04-12,5.903144,6.069429,5.820001,6.069429,2156400
1990-04-16,6.069429,6.360429,6.069429,6.318857,963600
1990-04-17,6.235714,6.360429,6.194143,6.318857,565600
1990-04-18,6.360433,6.443576,6.152576,6.235719,727600
1990-04-19,6.194147,6.194147,6.069432,6.111004,772800
1990-04-20,6.111000,6.194143,5.986286,5.986286,1165600
1990-04-23,5.986286,5.986286,5.695286,5.778429,2245200
1990-04-24,5.778428,5.778428,5.653714,5.736857,4610000
1990-04-25,5.736857,5.944714,5.529000,5.903142,4701600
1990-04-26,5.965501,6.027858,5.861573,5.861573,1812800
1990-04-27,5.944717,5.944717,5.570574,5.653717,942800
1990-04-30,5.612147,5.778433,5.612147,5.695290,1498800
1990-05-01,5.736858,5.736858,5.529001,5.591358,849600
1990-05-02,5.570575,5.695290,5.570575,5.695290,736000
1990-05-03,5.778433,5.778433,5.653718,5.695290,1423200
1990-05-04,5.695288,5.695288,5.404288,5.570574,4342400
1990-05-07,5.632930,5.653715,5.404287,5.487430,3678800
1990-05-08,5.487429,5.570572,5.445858,5.529001,702400
1990-05-09,5.529001,5.612144,5.445858,5.529001,1294800
1990-05-10,5.529001,5.529001,5.445858,5.529001,1178800
1990-05-11,5.487431,5.570574,5.487431,5.570574,1576800
1990-05-14,5.570571,5.695285,5.529000,5.612143,3083200
1990-05-15,5.612147,5.778433,5.612147,5.695290,1602400
1990-05-16,5.653715,5.965501,5.653715,5.923930,2227600
1990-05-17,6.069433,6.235719,5.986290,6.235719,1682000
1990-05-18,6.235719,6.277290,6.111004,6.235719,1376800
1990-05-21,6.235716,6.505931,6.235716,6.485145,1322400
1990-05-22,6.485143,6.568286,6.402000,6.402000,1930800
1990-05-23,6.401999,6.443570,6.152570,6.194142,1668800
1990-05-24,6.194141,6.194141,5.986284,6.027855,2350800
1990-05-25,5.986287,5.986287,5.861573,5.923930,2991600
1990-05-29,5.944718,6.111004,5.903147,6.111004,1123200
1990-05-30,6.110998,6.401998,6.110998,6.360427,2590800
1990-05-31,6.360430,6.485144,6.277287,6.381216,1750800
1990-06-01,6.401998,6.401998,6.318855,6.360427,1045600
1990-06-04,6.402002,6.609859,6.235716,6.526716,2051600
1990-06-05,6.443576,6.485147,6.111004,6.111004,2615600
1990-06-06,6.111004,6.277290,6.111004,6.235719,899600
1990-06-07,6.277285,6.318856,6.131785,6.194142,713600
1990-06-08,6.152571,6.194143,6.069428,6.152571,1420800
1990-06-11,6.069428,6.194142,6.027856,6.194142,439600
1990-06-12,6.194147,6.235718,6.152576,6.173361,1474400
1990-06-13,6.152575,6.235718,6.069432,6.111004,978000
1990-06-14,6.111004,6.111004,5.986290,6.111004,559600
1990-06-15,6.069432,6.152575,6.027861,6.111004,930400
1990-06-18,6.069429,6.152572,6.069429,6.090215,967600
1990-06-19,6.111000,6.235714,6.069428,6.152571,582400
1990-06-20,6.235714,6.235714,6.069428,6.131785,570400
1990-06-21,6.111004,6.235719,5.986290,6.235719,848800
1990-06-22,6.194147,6.235718,6.111004,6.111004,782800
1990-06-25,6.111001,6.568286,6.111001,6.443572,2943600
1990-06-26,6.526713,6.734570,6.485142,6.692999,3039600
1990-06-27,6.734572,6.900857,6.651429,6.900857,3430800
1990-06-28,6.859286,6.942429,6.859286,6.900857,2169200
1990-06-29,6.942429,6.984000,6.859286,6.900857,1334800
1990-07-02,6.859285,6.900856,6.817713,6.817713,1346800
1990-07-03,6.817714,7.108714,6.817714,7.025571,1550800
1990-07-05,7.025572,7.233430,7.025572,7.067144,1080400
1990-07-06,7.108714,7.150286,6.984000,7.150286,903600
1990-07-09,7.108713,7.233427,7.025570,7.087927,1184400
1990-07-10,7.150285,7.150285,6.942428,6.984000,727200
1990-07-11,7.025572,7.025572,6.942429,6.942429,718000
1990-07-12,6.984001,7.108715,6.984001,7.067144,560000
1990-07-13,7.025571,7.191856,7.025571,7.171071,1208400
1990-07-16,7.191857,7.316571,7.150285,7.233428,455200
1990-07-17,7.191858,7.233430,7.025572,7.067144,1184000
1990-07-18,7.067141,7.108712,6.776141,6.859283,1314000
1990-07-19,6.776143,6.900857,6.776143,6.900857,492000
1990-07-20,6.900857,6.900857,6.693000,6.755357,1214000
1990-07-23,6.651430,6.693002,6.526716,6.609859,1169200
1990-07-24,6.651433,6.734576,6.485147,6.568290,1095600
1990-07-25,6.609856,6.734570,6.568285,6.692999,508400
1990-07-26,6.651429,6.693001,6.443572,6.443572,1734800
1990-07-27,6.526716,6.568288,6.443573,6.526716,715200
1990-07-30,6.443574,6.485145,6.360431,6.485145,989600
1990-07-31,6.443576,6.693004,6.443576,6.651433,906800
1990-08-01,6.609859,6.693002,6.526716,6.609859,1316800
1990-08-02,6.402000,6.443571,6.277286,6.318857,680000
1990-08-03,6.298071,6.298071,5.944714,6.152571,1550400
1990-08-06,6.110997,6.110997,5.861569,5.944712,793200
1990-08-07,6.069433,6.111004,5.674504,5.695290,1817200
1990-08-08,5.695287,5.903144,5.695287,5.882358,680400
1990-08-09,5.903147,6.235719,5.861576,6.235719,1156400
1990-08-10,6.194143,6.194143,5.903143,5.986286,383200
1990-08-13,5.944715,5.944715,5.820001,5.882358,435200
1990-08-14,5.944714,5.986285,5.903142,5.903142,142000
1990-08-15,5.986288,6.027860,5.570574,5.570574,1226800
1990-08-16,5.612145,5.778431,5.570574,5.570574,2365600
1990-08-17,5.570572,5.612143,5.321143,5.425072,1499200
1990-08-20,5.445859,5.466644,5.362716,5.404287,1374800
1990-08-21,5.321145,5.362716,5.030145,5.154859,1666800
1990-08-22,5.237999,5.362713,5.196427,5.279570,842800
1990-08-23,5.154860,5.362717,5.030146,5.238003,979200
1990-08-24,5.487429,5.570572,5.362715,5.425072,1394400
1990-08-27,5.529001,5.695287,5.529001,5.674501,768800
1990-08-28,5.570572,5.695286,5.487429,5.529001,440800
1990-08-29,5.487429,5.570572,5.404286,5.549786,336800
1990-08-30,5.570572,5.570572,5.404287,5.487430,551600
1990-08-31,5.404286,5.612144,5.362715,5.529001,524800
1990-09-04,5.487430,5.529002,5.404287,5.404287,451200
1990-09-05,5.487428,5.612143,5.445857,5.612143,563600
1990-09-06,5.528999,5.528999,5.362713,5.383499,474400
1990-09-07,5.362714,5.487428,5.279571,5.321143,701600
1990-09-10,5.362713,5.445856,5.279570,5.279570,350000
1990-09-11,5.279574,5.362717,5.238003,5.238003,478400
1990-09-12,5.321142,5.321142,5.237999,5.279570,1058000
1990-09-13,5.321144,5.321144,5.113287,5.196430,2843600
1990-09-14,5.113288,5.300360,5.113288,5.238003,1141600
1990-09-17,5.238000,5.445857,5.238000,5.321143,994800
1990-09-18,5.279570,5.341927,5.237999,5.279570,687200
1990-09-19,5.321146,5.321146,5.238003,5.238003,419600
1990-09-20,5.279573,5.279573,5.071716,5.092502,721600
1990-09-21,5.113287,5.238001,5.071715,5.196430,912800
1990-09-24,5.113287,5.196430,4.884645,5.009359,1526000
1990-09-25,5.071714,5.071714,4.739142,4.905428,2187600
1990-09-26,4.946999,4.946999,4.697571,4.863856,548000
1990-09-27,4.905431,4.967788,4.697574,4.739145,1592800
1990-09-28,4.697571,4.884642,4.614428,4.863856,1839200
1990-10-01,4.905430,5.154859,4.822288,5.154859,1723200
1990-10-02,5.196430,5.279573,5.071715,5.071715,1316800
1990-10-03,5.071715,5.238001,5.030144,5.030144,287600
1990-10-04,5.030144,5.154858,4.947001,5.071715,544800
1990-10-05,4.988572,5.154858,4.905429,5.030144,645600
1990-10-08,5.071714,5.071714,4.780714,4.905428,1914800
1990-10-09,4.780715,4.905429,4.739144,4.780715,2336800
1990-10-10,4.739144,4.739144,4.572858,4.614429,1397200
1990-10-11,4.656002,4.656002,4.406573,4.531287,2375200
1990-10-12,4.614427,4.614427,4.489713,4.572856,1292800
1990-10-15,4.614430,4.905430,4.489716,4.822287,1785600
1990-10-16,4.905428,4.947000,4.656000,4.656000,860800
1990-10-17,4.739142,4.905428,4.655999,4.863856,539600
1990-10-18,4.863859,5.113287,4.863859,5.092502,940000
1990-10-19,5.154857,5.362714,5.154857,5.321143,1119600
1990-10-22,5.321144,5.445859,5.279573,5.404287,373200
1990-10-23,5.321143,5.404286,5.279571,5.362714,426800
1990-10-24,5.362714,5.404286,5.279571,5.362714,253600
1990-10-25,5.362716,5.404287,5.279573,5.404287,354400
1990-10-26,5.321144,5.362715,5.154858,5.196430,1234000
1990-10-29,5.238002,5.279574,5.071717,5.134074,343200
1990-10-30,5.113284,5.362713,5.071713,5.279570,1440400
1990-10-31,5.362715,5.362715,5.154858,5.196430,644800
1990-11-01,5.196431,5.238003,5.154860,5.238003,82800
1990-11-02,5.154859,5.404287,5.154859,5.404287,443600
1990-11-05,5.362717,5.612145,5.362717,5.570574,370800
1990-11-06,5.778431,5.840788,5.612145,5.653717,907200
1990-11-07,5.695286,5.695286,5.529001,5.529001,537200
1990-11-08,5.612147,5.736861,5.529004,5.695290,446400
1990-11-09,5.695283,5.986283,5.695283,5.944712,1208400
1990-11-12,5.986284,6.090212,5.903141,6.027855,2207200
1990-11-13,6.069429,6.069429,5.944715,5.986286,1122000
1990-11-14,5.986285,5.986285,5.903142,5.903142,358400
1990-11-15,5.903142,5.986285,5.882357,5.903142,535600
1990-11-16,5.944716,5.944716,5.861573,5.861573,546800
1990-11-19,5.903144,6.111001,5.903144,6.069429,786000
1990-11-20,6.069429,6.111001,6.069429,6.069429,1387600
1990-11-21,6.069429,6.277287,6.027858,6.277287,628800
1990-11-23,6.277286,6.318857,6.194143,6.318857,416400
1990-11-26,6.277284,6.401998,6.235713,6.360427,746800
1990-11-27,6.360429,6.505929,6.360429,6.402000,1016800
1990-11-28,6.443576,6.526719,6.235719,6.235719,758800
1990-11-29,6.194147,6.360433,6.152576,6.235719,840000
1990-11-30,6.194141,6.443570,6.194141,6.360427,546400
1990-12-03,6.443572,6.485143,6.360429,6.402000,607200
1990-12-04,6.402001,6.443572,6.360429,6.443572,346800
1990-12-05,6.360431,6.526717,6.360431,6.485145,683200
1990-12-06,6.568286,6.693000,6.298071,6.318857,1681200
1990-12-07,6.318858,6.443572,6.318858,6.443572,1243200
1990-12-10,6.401998,6.443570,6.360427,6.360427,506400
1990-12-11,6.360429,6.402001,6.277287,6.277287,904800
1990-12-12,6.194143,6.402000,6.069429,6.402000,1305600
1990-12-13,6.360430,6.568288,6.360430,6.526716,1068400
1990-12-14,6.526713,6.526713,6.360427,6.360427,1064400
1990-12-17,6.318857,6.318857,6.069428,6.131785,778800
1990-12-18,6.110999,6.235713,6.110999,6.194142,492000
1990-12-19,6.235715,6.443572,6.152572,6.443572,2760800
1990-12-20,6.360431,6.526717,6.360431,6.485145,2431600
1990-12-21,6.568290,6.651433,6.485147,6.568290,1874400
1990-12-24,6.568290,6.609861,6.568290,6.568290,992000
1990-12-26,6.568288,6.651430,6.568288,6.609859,206400
1990-12-27,6.609856,6.692999,6.568285,6.672214,1447200
1990-12-28,6.693004,6.693004,6.568290,6.568290,712800
1990-12-31,6.651431,6.651431,6.402002,6.526716,2196000
1991-01-02,6.485143,6.526715,6.443572,6.443572,1078000
1991-01-03,6.443570,6.526713,6.360427,6.360427,1258800
1991-01-04,6.360429,6.485143,6.360429,6.443572,1152000
1991-01-07,6.402001,6.443572,6.277287,6.277287,758000
1991-01-08,6.360427,6.485141,6.318855,6.360427,1502000
1991-01-09,6.443572,6.693000,6.360429,6.402000,2530000
1991-01-10,6.402001,6.443572,6.381215,6.443572,2976800
1991-01-11,6.568285,6.817714,6.526714,6.755357,8741600
1991-01-14,6.568288,6.651430,6.402002,6.609859,2934000
1991-01-15,6.485147,6.609861,6.443575,6.568290,1492000
1991-01-16,6.526715,6.859287,6.526715,6.776144,3392400
1991-01-17,7.150286,7.233429,6.984001,7.108715,5076400
1991-01-18,6.984004,7.275004,6.942432,7.275004,4522800
1991-01-21,7.150285,7.295785,7.150285,7.233428,2858400
1991-01-22,7.191856,7.233427,7.025570,7.087927,1250000
1991-01-23,7.067140,7.399712,7.067140,7.316569,1638000
1991-01-24,7.316573,7.399715,7.233430,7.295787,2341600
1991-01-25,7.275004,7.358147,7.191861,7.275004,1043200
1991-01-28,7.191857,7.275000,6.984000,6.984000,1367200
1991-01-29,6.900858,7.108715,6.859286,7.108715,1682800
1991-01-30,7.108718,7.358147,7.046361,7.275004,1676400
1991-01-31,7.316575,7.420504,7.275003,7.399718,965200
1991-02-01,7.358147,7.399718,7.233432,7.275004,999600
1991-02-04,7.316572,7.482858,7.275001,7.441287,1159200
1991-02-05,7.482855,7.773855,7.399713,7.607570,2685600
1991-02-06,7.524427,7.690713,7.524427,7.607570,3462800
1991-02-07,7.566000,7.649142,7.233428,7.378928,2093600
1991-02-08,7.316571,7.399714,7.233429,7.254214,2287200
1991-02-11,7.274998,7.524427,7.274998,7.482855,2105600
1991-02-12,7.441284,7.649141,7.358141,7.565999,1650400
1991-02-13,7.607570,7.732284,7.565998,7.607570,1320000
1991-02-14,7.607571,7.690714,7.108714,7.254214,4557200
1991-02-15,7.316570,7.524427,7.316570,7.482855,3922800
1991-02-19,7.482856,7.524428,7.441285,7.524428,2076000
1991-02-20,7.482855,7.482855,7.191855,7.316569,1284800
1991-02-21,7.358144,7.358144,7.067144,7.191858,2341200
1991-02-22,7.108714,7.233428,6.942428,6.984000,1220400
1991-02-25,7.025570,7.067142,6.817713,6.817713,1708000
1991-02-26,6.817714,6.859285,6.568285,6.672214,2153200
1991-02-27,6.609862,6.776147,6.609862,6.651433,4442400
1991-02-28,6.692997,6.900854,6.651426,6.880069,4698800
1991-03-01,6.817715,7.108715,6.776144,7.067144,1246400
1991-03-04,7.067140,7.358140,7.025569,7.316569,1836400
1991-03-05,7.358140,7.482855,7.274997,7.316569,1494800
1991-03-06,7.441283,7.441283,7.316569,7.316569,1279600
1991-03-07,7.275004,7.316575,7.150290,7.275004,1380000
1991-03-08,7.399715,7.441286,7.191858,7.191858,1466000
1991-03-11,7.150286,7.233428,6.942428,7.025571,939200
1991-03-12,7.025572,7.025572,6.859286,6.900857,703600
1991-03-13,6.942429,7.150286,6.900857,7.150286,468800
1991-03-14,7.233431,7.275002,6.900859,7.004788,967600
1991-03-15,7.025570,7.108713,6.942427,7.087927,1079600
1991-03-18,7.067144,7.275001,7.025572,7.191858,595600
1991-03-19,7.108715,7.191858,7.025572,7.067144,480800
1991-03-20,7.067140,7.316569,7.067140,7.316569,1147200
1991-03-21,7.358144,7.441286,7.316572,7.420501,1394400
1991-03-22,7.358141,7.524427,7.316570,7.482855,1357600
1991-03-25,7.482856,7.649141,7.482856,7.565999,856800
1991-03-26,7.566001,7.649144,7.482858,7.649144,1771600
1991-03-27,7.649141,7.649141,7.441284,7.482855,1204800
1991-03-28,7.524433,7.857004,7.441290,7.773861,2252400
1991-04-01,7.773856,7.815428,7.649142,7.690713,716000
1991-04-02,7.815425,8.064853,7.773853,7.940139,4176800
1991-04-03,8.064857,8.210357,7.981715,8.064857,5113200
1991-04-04,8.064855,8.896284,8.023284,8.646855,7562400
1991-04-05,8.605287,8.979429,8.605287,8.813144,4358000
1991-04-08,8.771570,8.813141,8.522141,8.646855,1390000
1991-04-09,8.605288,8.730002,8.480574,8.480574,976400
1991-04-10,8.480576,8.771576,8.480576,8.730004,2561600
1991-04-11,8.813144,8.854715,8.688429,8.813144,2491200
1991-04-12,8.896286,8.979429,8.854714,8.854714,1499200
1991-04-15,8.854715,8.937858,8.813143,8.937858,1507200
1991-04-16,8.896287,9.395144,8.854716,9.353573,2212800
1991-04-17,9.478289,9.727717,9.436717,9.686146,3950400
1991-04-18,9.603001,9.644573,9.353573,9.353573,1569600
1991-04-19,9.353573,9.395145,9.145716,9.228859,1804000
1991-04-22,9.228861,9.228861,8.937861,8.979432,1336800
1991-04-23,9.062572,9.187287,8.937858,9.021001,1083200
1991-04-24,8.958646,9.187289,8.937860,9.062574,617200
1991-04-25,8.979429,9.062572,8.771572,8.813144,1951600
1991-04-26,8.771575,8.813146,8.605289,8.688432,912800
1991-04-29,8.730003,8.730003,8.397431,8.397431,1165600
1991-04-30,8.355859,8.813145,8.314288,8.480574,2650000
1991-05-01,8.480575,8.792360,8.397432,8.688432,1908000
1991-05-02,8.688427,8.771570,8.563713,8.646855,988000
1991-05-03,8.563719,8.771576,8.439004,8.730004,1042800
1991-05-06,8.730001,8.854715,8.646858,8.813144,746800
1991-05-07,8.896286,9.062572,8.854714,8.854714,1471200
1991-05-08,8.896287,8.896287,8.730001,8.813144,716400
1991-05-09,8.813143,9.145715,8.771572,9.041786,851600
1991-05-10,9.228857,9.270429,8.730000,8.854714,1708400
1991-05-13,8.896290,8.896290,8.605290,8.730004,1212400
1991-05-14,8.646855,8.729998,8.605284,8.646855,1487200
1991-05-15,8.563716,8.605287,8.189573,8.314287,1374000
1991-05-16,8.272717,8.439003,8.272717,8.335074,2309200
1991-05-17,8.355863,8.397434,8.314291,8.355863,835600
1991-05-20,8.314288,8.418217,8.314288,8.397431,1030000
1991-05-21,8.397427,8.688427,8.397427,8.646855,679200
1991-05-22,8.646859,9.228859,8.646859,9.166502,3150000
1991-05-23,9.187289,9.187289,9.062575,9.083361,1751600
1991-05-24,9.104145,9.187288,9.104145,9.166502,1211600
1991-05-28,9.145719,9.519862,9.145719,9.478291,1344400
1991-05-29,9.603001,9.727716,9.519859,9.561430,2232000
1991-05-30,9.519860,9.603003,9.270431,9.395145,1587200
1991-05-31,9.353573,9.395145,9.041787,9.228859,1987200
1991-06-03,9.228858,9.228858,9.104144,9.104144,380800
1991-06-04,9.104145,9.187288,8.979431,9.166502,795200
1991-06-05,9.187286,9.187286,9.021000,9.041786,879200
1991-06-06,9.104144,9.187287,9.021002,9.187287,1767600
1991-06-07,9.145716,9.145716,8.896287,8.896287,840800
1991-06-10,8.979430,8.979430,8.771573,8.771573,765200
1991-06-11,8.896287,8.896287,8.813144,8.896287,824000
1991-06-12,8.730002,8.813145,8.688430,8.771573,974400
1991-06-13,8.730006,8.730006,8.646863,8.709220,643200
1991-06-14,8.730000,8.937858,8.688429,8.937858,2151200
1991-06-17,8.937858,9.145715,8.854715,9.041786,1907200
1991-06-18,8.937858,9.062572,8.896287,9.021001,864400
1991-06-19,8.896287,9.104144,8.854715,9.104144,968800
1991-06-20,9.021002,9.187287,8.979430,9.187287,1400400
1991-06-21,9.270428,9.270428,9.145713,9.270428,1638400
1991-06-24,9.187287,9.187287,8.896287,8.896287,856000
1991-06-25,8.937855,9.020998,8.563713,8.646855,1445600
1991-06-26,8.730004,8.813147,8.563719,8.730004,1321200
1991-06-27,8.854715,9.104143,8.813143,9.041786,846800
1991-06-28,9.021004,9.104146,8.896289,8.979432,764400
1991-07-01,8.937861,9.021004,8.896289,8.979432,782400
1991-07-02,9.021004,9.104146,8.937861,8.979432,569600
1991-07-03,8.937858,8.979429,8.854715,8.937858,483200
1991-07-05,8.854714,8.979429,8.854714,8.958643,110000
1991-07-08,8.937856,9.353571,8.854713,9.270428,1776800
1991-07-09,9.312001,9.353572,8.937858,9.021001,1626000
1991-07-10,9.104146,9.228860,8.979432,9.062574,1909600
1991-07-11,9.145712,9.145712,9.020998,9.145712,862000
1991-07-12,9.145716,9.228858,9.021001,9.104144,774400
1991-07-15,9.062574,9.104146,8.979432,9.062574,548000
1991-07-16,9.104144,9.104144,8.937858,9.021001,775600
1991-07-17,8.979433,8.979433,8.854719,8.875504,717200
1991-07-18,8.854716,8.937858,8.813144,8.896287,810000
1991-07-19,8.896287,8.896287,8.813144,8.813144,608000
1991-07-22,8.896287,8.896287,8.771573,8.771573,350400
1991-07-23,8.854719,8.854719,8.439005,8.439005,1600000
1991-07-24,8.480574,8.522146,8.314288,8.397431,1968800
1991-07-25,8.522144,8.605286,8.355858,8.563715,834800
1991-07-26,8.605289,8.688432,8.563717,8.688432,316000
1991-07-29,8.688430,8.833930,8.646859,8.771573,246000
1991-07-30,8.813144,9.021001,8.813144,9.021001,702800
1991-07-31,8.979432,9.145717,8.937860,9.062574,778400
1991-08-01,9.062572,9.187286,8.896286,8.937858,1013200
1991-08-02,9.062577,9.062577,8.646863,8.709220,1441200
1991-08-05,8.688432,8.854718,8.688432,8.688432,970400
1991-08-06,8.813144,8.937858,8.730001,8.896287,1080800
1991-08-07,8.937862,8.979433,8.730004,8.730004,1050800
1991-08-08,8.813141,9.228855,8.813141,9.145712,2648800
1991-08-09,9.145714,9.311999,9.062571,9.311999,1596400
1991-08-12,9.353574,9.686146,9.270431,9.644574,3940800
1991-08-13,9.686143,10.143429,9.644572,9.977143,3984000
1991-08-14,10.018717,10.642288,10.018717,10.392859,4947200
1991-08-15,10.434426,10.434426,10.060283,10.226569,2635600
1991-08-16,10.309719,10.309719,10.185005,10.268147,1662400
1991-08-19,9.977146,10.143432,9.727718,10.018718,1942800
1991-08-20,10.143431,10.226573,9.977145,9.997931,1143200
1991-08-21,10.143432,10.351290,10.143432,10.309718,1599200
1991-08-22,10.309715,10.434429,10.185000,10.247357,1716800
1991-08-23,10.185005,10.351290,10.143433,10.268147,968400
1991-08-26,10.288928,10.392856,10.184999,10.351285,899600
1991-08-27,10.351290,10.434432,10.309718,10.413647,708800
1991-08-28,10.351284,10.683856,10.351284,10.600713,2058400
1991-08-29,10.725428,10.850142,10.351285,10.642285,2010000
1991-08-30,10.600712,10.683854,10.559140,10.559140,556000
1991-09-03,10.663071,10.767000,10.559142,10.642285,2579600
1991-09-04,10.600717,10.642288,10.351288,10.392859,1282000
1991-09-05,10.517576,10.517576,10.309719,10.372076,1073600
1991-09-06,10.309716,10.392859,10.143431,10.143431,1257200
1991-09-09,10.143426,10.268141,10.101855,10.226569,261600
1991-09-10,10.101860,10.226574,9.769289,9.894003,2522400
1991-09-11,10.018715,10.101858,9.852429,9.873215,998000
1991-09-12,10.060286,10.060286,9.935572,9.935572,1320400
1991-09-13,9.977141,9.977141,9.727713,9.727713,1301200
1991-09-16,9.727717,9.894003,9.686146,9.894003,1657200
1991-09-17,9.852432,9.894003,9.561431,9.686146,1476800
1991-09-18,9.602998,9.852427,9.561427,9.831641,1543600
1991-09-19,9.894003,9.894003,9.644574,9.644574,1189600
1991-09-20,9.686141,9.769284,9.561427,9.727713,666000
1991-09-23,9.602998,9.893998,9.561427,9.727713,2355200
1991-09-24,9.769289,9.852432,9.603003,9.769289,1910800
1991-09-25,9.935572,10.101858,9.852429,9.977143,1412000
1991-09-26,9.935572,9.935572,9.810858,9.852429,1337200
1991-09-27,9.894002,10.060287,9.894002,10.060287,1355200
1991-09-30,10.060289,10.060289,9.894003,10.018718,878400
1991-10-01,10.018718,10.060289,9.935575,10.018718,904400
1991-10-02,9.977144,10.018715,9.852429,9.852429,347200
1991-10-03,9.852430,9.894001,9.603001,9.623787,1397200
1991-10-04,9.603002,9.686145,9.519859,9.519859,934000
1991-10-07,9.478288,9.478288,9.353574,9.395145,1158800
1991-10-08,9.353574,9.561431,9.312002,9.519859,1583200
1991-10-09,9.311998,9.436712,9.062569,9.145712,2309600
1991-10-10,9.187288,9.478288,9.145717,9.395145,2029600
1991-10-11,9.436716,9.561431,9.395145,9.519859,958000
1991-10-14,9.436713,9.810856,9.436713,9.810856,1496800
1991-10-15,9.894003,10.060289,9.810861,10.018718,1079200
1991-10-16,10.018719,10.309719,9.977147,10.268147,1173200
1991-10-17,10.226572,10.226572,9.894000,9.935572,1582000
1991-10-18,10.018716,10.226574,9.977145,10.143431,1434000
1991-10-21,10.185002,10.185002,10.018716,10.060287,1362400
1991-10-22,10.101861,10.185004,9.977146,10.018718,1974400
1991-10-23,9.977145,10.060287,9.519859,9.603002,3321200
1991-10-24,9.603000,9.686143,9.312000,9.457500,2081600
1991-10-25,9.519857,9.519857,9.312000,9.436714,1416800
1991-10-28,9.519860,9.644574,9.436717,9.644574,878400
1991-10-29,9.727715,9.935572,9.644572,9.935572,1192000
1991-10-30,9.977145,10.081074,9.769288,10.039502,3147200
1991-10-31,10.060289,10.060289,9.852431,9.894003,1407600
1991-11-01,9.977145,9.977145,9.519859,9.603002,1491200
1991-11-04,9.519862,9.644576,9.395148,9.478291,1796800
1991-11-05,9.519860,9.519860,9.312003,9.395145,1405200
1991-11-06,9.561431,9.603002,9.353574,9.519859,1659600
1991-11-07,9.603001,9.894001,9.561429,9.852429,2634000
1991-11-08,9.894003,9.977146,9.810860,9.894003,1055200
1991-11-11,9.894003,9.977146,9.852431,9.894003,386000
1991-11-12,9.894002,10.060288,9.894002,9.997931,1049200
1991-11-13,9.935573,10.185002,9.894002,10.101859,1390800
1991-11-14,10.143429,10.268143,9.852429,9.977143,1328000
1991-11-15,9.894003,9.894003,9.395145,9.395145,1455600
1991-11-18,9.395148,9.478291,9.353576,9.478291,1216800
1991-11-19,9.395145,9.395145,8.937859,9.187287,2702800
1991-11-20,9.187286,9.436714,9.145714,9.436714,2012800
1991-11-21,9.353571,9.436714,9.270428,9.311999,890800
1991-11-22,9.270428,9.478286,9.187286,9.436714,992000
1991-11-25,9.395142,9.478285,9.270428,9.311999,1871200
1991-11-26,9.436713,9.436713,9.020999,9.270428,1925600
1991-11-27,9.228856,9.353571,9.228856,9.270428,682400
1991-11-29,9.228856,9.311999,9.228856,9.270428,224800
1991-12-02,9.145713,9.270428,9.104142,9.270428,1998400
1991-12-03,9.228859,9.312002,9.145716,9.228859,1558000
1991-12-04,9.228858,9.228858,8.854715,8.937858,1899600
1991-12-05,8.813146,8.937860,8.646860,8.688432,2682800
1991-12-06,8.563717,8.813146,8.522146,8.688432,2930800
1991-12-09,8.729998,8.854712,8.605284,8.646855,2284000
1991-12-10,8.688433,8.854719,8.646861,8.730004,964400
1991-12-11,8.813146,8.896289,8.272717,8.397431,2558000
1991-12-12,8.480574,8.563717,8.439002,8.480574,2366400
1991-12-13,8.605289,8.833932,8.605289,8.688432,1577600
1991-12-16,8.688432,8.813146,8.646860,8.688432,1700800
1991-12-17,8.730001,8.771572,8.563715,8.563715,2436400
1991-12-18,8.563715,8.563715,7.940143,8.064857,4051600
1991-12-19,7.940140,7.981711,7.274997,7.316569,10818400
1991-12-20,7.482858,7.732287,7.441287,7.649144,5289600
1991-12-23,7.690713,7.732285,7.524428,7.690713,2350400
1991-12-24,7.607572,7.815429,7.607572,7.732286,2021200
1991-12-26,7.815432,7.815432,7.607574,7.815432,1936400
1991-12-27,7.732290,7.857004,7.690719,7.773861,2367600
1991-12-30,7.857002,8.272716,7.815431,8.231145,5617600
1991-12-31,8.272720,8.688434,8.272720,8.355863,6741200
1992-01-02,8.189573,8.314287,8.106430,8.314287,2048400
1992-01-03,8.355859,8.439002,8.064859,8.148002,1314400
1992-01-06,8.189574,8.314288,8.023288,8.168788,1950400
1992-01-07,8.189573,8.189573,8.023287,8.023287,1724000
1992-01-08,8.064853,8.064853,7.815425,7.940139,2656000
1992-01-09,7.940144,8.397430,7.898573,8.314287,2305600
1992-01-10,8.272720,8.314291,8.064863,8.189577,1602000
1992-01-13,8.106431,8.148002,7.898574,8.106431,2027600
1992-01-14,8.064860,8.106432,7.503646,7.815432,8113600
1992-01-15,7.898573,8.023288,7.732288,7.981716,5104800
1992-01-16,8.064859,8.231145,7.940144,8.148002,5572800
1992-01-17,8.148000,8.189572,8.023286,8.064857,1331200
1992-01-20,8.106433,8.106433,7.690719,7.773861,4028000
1992-01-21,7.690715,7.815429,7.441287,7.441287,4607200
1992-01-22,7.482858,7.732286,7.441286,7.732286,3228400
1992-01-23,7.773855,7.815427,7.565998,7.607570,1674000
1992-01-24,7.607572,7.773858,7.524429,7.711501,1743200
1992-01-27,7.649146,7.898574,7.649146,7.815432,830400
1992-01-28,7.981715,7.981715,7.857000,7.857000,1505600
1992-01-29,7.898572,7.940143,7.815429,7.857000,1638800
1992-01-30,7.857003,7.898574,7.773860,7.815432,567600
1992-01-31,7.856998,7.856998,7.441284,7.607570,2767600
1992-02-03,7.524429,7.898572,7.524429,7.857000,1260800
1992-02-04,7.940144,8.023287,7.857001,8.023287,2860400
1992-02-05,8.023287,8.397430,7.940144,8.148002,2790000
1992-02-06,8.168791,8.272720,8.106434,8.189577,1816800
1992-02-07,8.231144,8.231144,8.023287,8.023287,1269600
1992-02-10,8.023286,8.064857,7.773857,7.898571,1321200
1992-02-11,7.898573,8.064858,7.815430,8.023287,615600
1992-02-12,8.148002,8.189574,8.023288,8.106431,1020800
1992-02-13,8.106434,8.314291,8.064863,8.189577,2575200
1992-02-14,8.148001,8.355859,8.106430,8.314287,1480800
1992-02-18,8.355862,8.646862,8.314291,8.439005,3579200
1992-02-19,8.397428,8.522142,8.355857,8.418214,2376800
1992-02-20,8.439001,8.563715,8.397429,8.522143,2368400
1992-02-21,8.522145,8.605288,8.439002,8.605288,2600000
1992-02-24,8.522148,8.605291,8.439005,8.439005,1550400
1992-02-25,8.480573,8.688430,8.397430,8.667645,2115600
1992-02-26,8.688430,8.771573,8.688430,8.771573,750800
1992-02-27,8.813144,9.062572,8.813144,9.021001,2136400
1992-02-28,9.021004,9.145718,8.937861,8.979432,1675200
1992-03-02,8.979429,8.979429,8.854715,8.937858,1300000
1992-03-03,8.896287,8.979429,8.730001,8.813144,1672800
1992-03-04,8.813149,8.854720,8.688434,8.709220,1130400
1992-03-05,8.730001,8.771572,8.522144,8.563715,836400
1992-03-06,8.646860,8.646860,8.397431,8.397431,479200
1992-03-09,8.397430,8.439002,8.148002,8.148002,1243600
1992-03-10,8.231145,8.272717,8.023288,8.106431,2253200
1992-03-11,8.106431,8.106431,7.857002,8.106431,2708400
1992-03-12,8.064863,8.355863,8.023291,8.189577,1018000
1992-03-13,8.231149,8.272720,8.064863,8.189577,700800
1992-03-16,8.189573,8.189573,7.981716,7.981716,1374800
1992-03-17,8.148006,8.272720,8.064863,8.189577,588000
1992-03-18,8.272713,8.272713,8.106428,8.127213,582400
1992-03-19,8.106434,8.231149,8.106434,8.189577,586800
1992-03-20,8.148002,8.231145,8.106431,8.106431,1272800
1992-03-23,8.106430,8.106430,7.981716,7.981716,1096400
1992-03-24,8.023286,8.064857,7.898571,7.960928,1284000
1992-03-25,7.940145,8.064859,7.940145,7.981716,1000400
1992-03-26,8.106432,8.106432,7.732289,7.815432,1084800
1992-03-27,7.857004,7.898576,7.732290,7.773861,1579200
1992-03-30,7.857003,7.857003,7.607574,7.815432,880400
1992-03-31,7.815432,7.981717,7.732289,7.815432,1110000
1992-04-01,7.690713,7.732284,7.607570,7.607570,666400
1992-04-02,6.485141,6.963212,5.736855,5.819998,21799200
1992-04-03,5.944714,5.986286,5.196429,5.362714,20746000
1992-04-06,5.487430,5.944716,5.445858,5.861573,11365200
1992-04-07,5.986284,6.069427,5.736855,5.819998,5891600
1992-04-08,5.736857,5.903143,5.695286,5.736857,6052800
1992-04-09,5.736857,5.820000,5.653714,5.736857,1914000
1992-04-10,5.820004,5.820004,5.695290,5.695290,2404400
1992-04-13,5.695290,5.778433,5.632932,5.695290,6010800
1992-04-14,5.653715,5.736858,5.321144,5.487430,7622800
1992-04-15,5.570572,5.653715,5.445858,5.529001,2473600
1992-04-16,5.529002,5.612145,5.383502,5.404287,1718000
1992-04-20,5.445857,5.570571,5.279571,5.362714,2146000
1992-04-21,5.362717,5.445860,5.196431,5.238003,3583200
1992-04-22,5.279571,5.404286,5.196429,5.362714,922400
1992-04-23,5.404286,5.404286,5.238000,5.321143,4074000
1992-04-24,5.321145,5.321145,5.113288,5.154859,1199200
1992-04-27,5.154856,5.279570,5.113285,5.113285,2874800
1992-04-28,5.113286,5.154857,4.947000,4.988572,2153200
1992-04-29,4.988572,5.113287,4.905430,5.071715,3884400
1992-04-30,5.113287,5.154858,5.030144,5.071715,1725600
1992-05-01,5.113287,5.154858,4.988572,5.030144,1724400
1992-05-04,4.988570,5.196427,4.988570,5.113285,1758400
1992-05-05,5.196428,5.445857,5.154857,5.341928,2644800
1992-05-06,5.445858,5.612144,5.362715,5.529001,1450000
1992-05-07,5.529000,5.570572,5.362715,5.425072,1706400
1992-05-08,5.445857,5.487429,5.362715,5.425072,1839200
1992-05-11,5.445859,5.570574,5.404288,5.570574,728400
1992-05-12,5.529004,5.736861,5.487432,5.695290,2922000
1992-05-13,5.736859,5.778431,5.570574,5.653717,1870800
1992-05-14,5.653717,5.653717,5.487431,5.570574,1990000
1992-05-15,5.570573,5.653716,5.445858,5.445858,1979200
1992-05-18,5.529000,5.612143,5.445858,5.549786,342000
1992-05-19,5.529002,5.653717,5.529002,5.653717,722000
1992-05-20,5.653714,5.653714,5.570571,5.612143,582800
1992-05-21,5.653714,5.653714,5.529000,5.612143,833600
1992-05-22,5.612143,5.612143,5.529000,5.612143,1651600
1992-05-26,5.529001,5.736858,5.487429,5.632929,1586000
1992-05-27,5.570572,5.695286,5.529001,5.529001,678000
1992-05-28,5.570573,5.695287,5.529001,5.674501,1464400
1992-05-29,5.736857,5.736857,5.612143,5.612143,1071600
1992-06-01,5.653714,5.653714,5.529000,5.612143,1638800
1992-06-02,5.612145,5.653717,5.570574,5.653717,738800
1992-06-03,5.591357,5.736857,5.549785,5.612143,1038000
1992-06-04,5.653717,5.799217,5.570574,5.653717,1148000
1992-06-05,5.529002,5.612145,5.487431,5.570574,2387600
1992-06-08,5.570572,5.570572,5.487429,5.529001,1283200
1992-06-09,5.570572,5.612143,5.404286,5.425072,4179200
1992-06-10,5.487430,5.487430,5.321144,5.404287,1627600
1992-06-11,5.362716,5.445858,5.362716,5.445858,1448000
1992-06-12,5.445858,5.529001,5.404286,5.529001,1840400
1992-06-15,5.529001,5.529001,5.445858,5.529001,357200
1992-06-16,5.445858,5.529001,5.445858,5.445858,510000
1992-06-17,5.487430,5.529001,5.404287,5.487430,1364000
1992-06-18,5.487427,5.487427,5.321142,5.383499,2004400
1992-06-19,5.362716,5.445858,5.362716,5.445858,950800
1992-06-22,5.404286,5.404286,5.321143,5.321143,293200
1992-06-23,5.362714,5.445857,5.362714,5.362714,430000
1992-06-24,5.362715,5.529001,5.362715,5.487430,733600
1992-06-25,5.612144,5.695287,5.321144,5.445858,4956000
1992-06-26,5.445857,5.445857,5.362715,5.425072,1132400
1992-06-29,5.487429,5.529001,5.404286,5.529001,1178000
1992-06-30,5.487430,5.570572,5.445858,5.487430,1532000
1992-07-01,5.487428,5.778428,5.487428,5.736857,1140800
1992-07-02,5.778429,5.820000,5.695286,5.778429,1125600
1992-07-06,5.778431,5.778431,5.570574,5.653717,864000
1992-07-07,5.570572,5.695287,5.487430,5.487430,2408400
1992-07-08,5.487429,5.570572,5.445858,5.529001,3123600
1992-07-09,5.445858,5.529001,5.445858,5.529001,412000
1992-07-10,5.695287,5.695287,5.445858,5.466644,1689600
1992-07-13,5.445858,5.570572,5.445858,5.487430,2504000
1992-07-14,5.487430,5.487430,5.404287,5.487430,2159600
1992-07-15,5.487429,5.487429,5.362714,5.362714,1319200
1992-07-16,5.362716,5.445859,5.362716,5.404287,1514800
1992-07-17,5.321143,5.404286,5.321143,5.362714,2421200
1992-07-20,5.362713,5.362713,5.279570,5.279570,1688000
1992-07-21,5.362715,5.487430,5.279572,5.466644,924000
1992-07-22,5.404287,5.445858,5.362716,5.445858,237200
1992-07-23,5.362714,5.445857,5.362714,5.362714,689200
1992-07-24,5.445858,5.487430,5.362715,5.487430,352400
1992-07-27,5.404287,5.570572,5.404287,5.487430,197600
1992-07-28,5.487431,5.612145,5.445859,5.570574,265600
1992-07-29,5.612145,5.695288,5.529002,5.653717,746800
1992-07-30,5.653718,5.778433,5.612147,5.695290,1293200
1992-07-31,5.695288,5.778431,5.653717,5.653717,409200
1992-08-03,5.736857,5.736857,5.612143,5.612143,111200
1992-08-04,5.736861,5.736861,5.591361,5.695290,804000
1992-08-05,5.653717,5.695288,5.570574,5.570574,931200
1992-08-06,5.570572,5.653715,5.570572,5.591358,422000
1992-08-07,5.612143,5.653715,5.570572,5.591358,216000
1992-08-10,5.570574,5.653717,5.570574,5.653717,1048000
1992-08-11,5.570574,5.653717,5.570574,5.653717,154400
1992-08-12,5.570572,5.653715,5.570572,5.591358,197600
1992-08-13,5.612145,5.653717,5.570574,5.570574,626000
1992-08-14,5.653717,5.653717,5.570574,5.570574,551600
1992-08-17,5.570571,5.653714,5.570571,5.612143,230000
1992-08-18,5.653714,5.695285,5.570571,5.612143,1176400
1992-08-19,5.612145,5.695288,5.570574,5.570574,454400
1992-08-20,5.570571,5.653714,5.570571,5.612143,1417600
1992-08-21,5.570572,5.612144,5.487429,5.529001,1080800
1992-08-24,5.487430,5.570572,5.445858,5.487430,979600
1992-08-25,5.404287,5.487430,5.404287,5.404287,903600
1992-08-26,5.487430,5.549787,5.404287,5.487430,397600
1992-08-27,5.529001,5.549786,5.445858,5.529001,568400
1992-08-28,5.487430,5.570572,5.404287,5.487430,798800
1992-08-31,5.404285,5.487427,5.071713,5.113285,1736000
1992-09-01,5.030144,5.113287,4.947001,5.030144,4070400
1992-09-02,5.030145,5.154859,4.988573,5.154859,1774800
1992-09-03,5.113287,5.196430,5.071715,5.071715,1646400
1992-09-04,5.071713,5.154856,5.030142,5.113285,1262800
1992-09-08,5.154858,5.154858,5.030144,5.071715,1932800
1992-09-09,5.030143,5.321143,5.030143,5.321143,1028800
1992-09-10,5.321143,5.362714,5.196429,5.362714,660400
1992-09-11,5.279570,5.362713,5.196428,5.258785,979200
1992-09-14,5.321146,5.341931,5.196431,5.238003,1020000
1992-09-15,5.196431,5.238002,5.113288,5.154859,1569600
1992-09-16,5.154857,5.238000,5.113285,5.175642,1004400
1992-09-17,5.154859,5.238002,5.154859,5.154859,237200
1992-09-18,5.196431,5.196431,5.154859,5.154859,869600
1992-09-21,5.154859,5.196431,5.113288,5.154859,878400
1992-09-22,5.238000,5.238000,5.154857,5.175642,520400
1992-09-23,5.154857,5.196428,5.113285,5.175642,535200
1992-09-24,5.154859,5.196431,5.154859,5.154859,372800
1992-09-25,5.154858,5.196430,5.030144,5.071715,1564400
1992-09-28,5.071713,5.113285,5.030142,5.113285,1034000
1992-09-29,5.154856,5.279570,5.154856,5.279570,1548800
1992-09-30,5.196428,5.321143,5.196428,5.321143,1197600
1992-10-01,5.237999,5.321142,5.196428,5.217214,1189600
1992-10-02,5.279571,5.279571,5.154856,5.217214,508800
1992-10-05,5.154856,5.237999,5.154856,5.217214,1055200
1992-10-06,5.237999,5.404284,5.154856,5.383499,1066000
1992-10-07,5.362716,5.529002,5.362716,5.404287,1090000
1992-10-08,5.445858,5.529001,5.445858,5.445858,620400
1992-10-09,5.529002,5.529002,5.404287,5.404287,469200
1992-10-12,5.404287,5.487430,5.404287,5.445858,442000
1992-10-13,5.445858,5.487430,5.404287,5.445858,693600
1992-10-14,5.487430,5.487430,5.404287,5.445858,447600
1992-10-15,5.404287,5.445858,5.404287,5.445858,903200
1992-10-16,5.404287,5.487430,5.404287,5.466644,824800
1992-10-19,5.404289,5.695290,5.404289,5.695290,1004400
1992-10-20,5.695286,6.027858,5.653715,5.986286,2258400
1992-10-21,6.069426,6.152569,6.027855,6.027855,1664400
1992-10-22,6.110998,6.110998,5.944712,6.027855,881600
1992-10-23,5.944712,6.027855,5.944712,5.944712,495200
1992-10-26,5.944715,6.027858,5.944715,5.986286,574400
1992-10-27,5.986285,6.027857,5.820000,5.903142,1908400
1992-10-28,5.819998,6.027855,5.819998,6.027855,967200
1992-10-29,6.027859,6.027859,5.903145,5.965502,608000
1992-10-30,5.903144,5.944716,5.820001,5.861573,997200
1992-11-02,5.820000,5.903142,5.778428,5.903142,1898400
1992-11-03,5.861573,5.903144,5.820001,5.861573,569200
1992-11-04,5.903144,6.111001,5.820001,6.069429,1852400
1992-11-05,6.069428,6.360428,6.027856,6.194142,3386800
1992-11-06,6.277289,7.482861,6.194146,7.275004,13580800
1992-11-09,7.316572,7.399715,6.734572,6.900857,9688800
1992-11-10,6.900856,6.900856,6.651428,6.817713,3160000
1992-11-11,6.859287,6.900859,6.609859,6.734573,2178800
1992-11-12,6.817713,6.900856,6.651427,6.692999,2219600
1992-11-13,6.776145,6.776145,6.485145,6.526716,2320400
1992-11-16,6.485145,6.568288,6.360430,6.526716,2288000
1992-11-17,6.568287,6.776144,6.526716,6.734573,5252800
1992-11-18,6.776144,7.399715,6.693001,7.067144,8175600
1992-11-19,7.025572,7.108715,6.859286,6.900857,2871200
1992-11-20,6.942429,7.067143,6.734572,6.942429,2700000
1992-11-23,6.942426,6.942426,6.734569,6.859283,835200
1992-11-24,6.776144,6.859287,6.651430,6.796930,1317600
1992-11-25,6.776145,6.859288,6.568288,6.589074,1614400
1992-11-27,6.568285,6.734571,6.568285,6.672214,1047200
1992-11-30,6.734574,6.776145,6.360431,6.485145,2768800
1992-12-01,6.526715,6.526715,6.318858,6.402000,1541600
1992-12-02,6.443573,6.776144,6.360430,6.734573,6073600
1992-12-03,6.776142,6.900856,6.609856,6.692999,2729200
1992-12-04,6.693004,6.693004,6.485147,6.568290,2017200
1992-12-07,6.568288,6.568288,6.402002,6.526716,1752000
1992-12-08,6.526718,6.609861,6.443575,6.568290,1163600
1992-12-09,6.568286,6.734572,6.443572,6.443572,1978400
1992-12-10,6.402002,6.505930,6.318859,6.505930,1931600
1992-12-11,6.485145,6.651430,6.402002,6.609859,1021200
1992-12-14,6.568288,6.651431,6.485145,6.526716,624000
1992-12-15,6.526715,6.568286,6.318858,6.402000,1059200
1992-12-16,6.422790,6.485147,6.069433,6.235719,2858400
1992-12-17,6.277285,6.277285,6.027857,6.152571,2090000
1992-12-18,6.194142,6.277285,6.110999,6.194142,1610000
1992-12-21,6.235715,6.235715,6.069429,6.090215,748400
1992-12-22,6.027857,6.027857,5.570571,5.903142,4305600
1992-12-23,5.903144,5.944716,5.778430,5.861573,1674400
1992-12-24,5.944715,6.069429,5.861572,6.048643,726400
1992-12-28,6.069428,6.069428,5.882357,5.903142,939200
1992-12-29,5.944715,6.027858,5.861572,5.986286,1235600
1992-12-30,6.027858,6.027858,5.944715,6.007072,593600
1992-12-31,6.027855,6.069426,5.986284,6.027855,1016000
1993-01-04,6.194144,6.194144,5.986287,6.007072,1037600
1993-01-05,6.027855,6.027855,5.903140,5.944712,898000
1993-01-06,5.986283,6.027855,5.903140,5.944712,1528400
1993-01-07,6.027861,6.402005,5.986290,6.235719,4434400
1993-01-08,6.235715,6.568286,6.152572,6.402000,4591600
1993-01-11,6.402000,6.443572,6.360429,6.402000,785200
1993-01-12,6.360429,6.402000,6.194143,6.318857,1561600
1993-01-13,6.318858,6.318858,6.194144,6.277287,342400
1993-01-14,6.401998,6.401998,6.069427,6.360427,2188000
1993-01-15,6.194143,6.318857,6.152571,6.318857,1088400
1993-01-18,6.277287,6.318858,6.173358,6.277287,535600
1993-01-19,6.235714,6.402000,6.235714,6.339643,1200000
1993-01-20,6.318859,6.651431,6.235716,6.485145,2924800
1993-01-21,6.485147,6.609862,6.235719,6.235719,2794800
1993-01-22,6.318861,6.318861,6.111004,6.111004,1222400
1993-01-25,6.111004,6.235718,6.027861,6.173361,1578400
1993-01-26,6.152576,6.277290,6.152576,6.173361,861200
1993-01-27,6.194147,6.235718,6.111004,6.173361,1254000
1993-01-28,6.152576,6.277290,6.111004,6.235719,830000
1993-01-29,6.235719,6.318862,6.194147,6.235719,1076400
1993-02-01,6.277285,6.360428,6.152571,6.152571,582000
1993-02-02,6.111000,6.194143,6.111000,6.152571,538400
1993-02-03,6.152576,6.318862,6.152576,6.235719,1141200
1993-02-04,6.277290,6.402005,6.235719,6.235719,914400
1993-02-05,6.235714,6.318857,6.027857,6.152571,1661200
1993-02-08,6.152571,6.173357,6.027857,6.152571,2177600
1993-02-09,6.111000,6.152572,5.778429,5.840786,2810800
1993-02-10,5.903142,5.903142,5.778428,5.903142,845200
1993-02-11,5.903144,5.903144,5.778429,5.882358,536000
1993-02-12,5.820000,5.903143,5.778429,5.778429,322400
1993-02-16,5.778428,5.820000,5.529000,5.612143,1305600
1993-02-17,5.570572,5.612143,5.487429,5.549786,1506400
1993-02-18,5.612144,5.695286,5.529001,5.529001,1286400
1993-02-19,5.612145,5.653717,5.529002,5.570574,646400
1993-02-22,5.612145,5.632931,5.529002,5.570574,1277600
1993-02-23,5.570572,5.653715,5.529000,5.549786,1416400
1993-02-24,5.529001,5.612144,5.445858,5.529001,1779200
1993-02-25,5.529001,5.653715,5.487429,5.529001,1576400
1993-02-26,5.612145,5.653717,5.570574,5.570574,1278000
1993-03-01,5.612143,5.695285,5.570571,5.612143,1358800
1993-03-02,5.653716,5.736859,5.612144,5.716073,1001600
1993-03-03,5.819998,5.861570,5.736855,5.819998,525200
1993-03-04,5.820002,5.820002,5.653716,5.716073,1229200
1993-03-05,5.695284,5.861570,5.653713,5.819998,1072800
1993-03-08,5.820000,5.861571,5.736857,5.736857,834800
1993-03-09,5.778429,5.861572,5.736858,5.757643,424400
1993-03-10,5.820000,5.820000,5.653714,5.778429,948800
1993-03-11,5.736859,5.778431,5.612145,5.653717,856800
1993-03-12,5.570571,5.612143,5.487428,5.612143,1069600
1993-03-15,5.570574,5.695288,5.570574,5.653717,353600
1993-03-16,5.653717,5.653717,5.529002,5.570574,273600
1993-03-17,5.529001,5.570572,5.445858,5.487430,446800
1993-03-18,5.445858,5.570572,5.445858,5.487430,1299600
1993-03-19,5.570572,5.612144,5.487430,5.487430,487200
1993-03-22,5.445858,5.529001,5.404287,5.445858,274000
1993-03-23,5.445858,5.529001,5.425073,5.445858,598000
1993-03-24,5.487429,5.529000,5.404286,5.425072,588400
1993-03-25,5.404288,5.736859,5.404288,5.653717,1156800
1993-03-26,5.653714,5.736857,5.529000,5.612143,364400
1993-03-29,5.612144,5.653715,5.487430,5.487430,372000
1993-03-30,5.487431,5.570574,5.487431,5.570574,46400
1993-03-31,5.238001,5.736858,5.238001,5.529001,1856000
1993-04-01,5.528999,5.528999,5.196427,5.279570,1276400
1993-04-02,5.238001,5.279573,5.071715,5.071715,999200
1993-04-05,5.154858,5.445858,5.071716,5.445858,1478400
1993-04-06,5.445860,5.445860,5.196431,5.238003,4146400
1993-04-07,5.196427,5.321142,5.154856,5.279570,850000
1993-04-08,5.321144,5.321144,5.113287,5.196430,2125600
1993-04-12,5.196430,5.279573,5.154858,5.196430,250400
1993-04-13,5.196427,5.279570,5.113285,5.113285,549600
1993-04-14,5.113285,5.196428,4.843071,4.905428,2062000
1993-04-15,4.905430,4.947001,4.780716,4.843073,1944800
1993-04-16,4.905430,4.947001,4.822287,4.822287,863200
1993-04-19,4.822285,4.905428,4.822285,4.863856,765200
1993-04-20,4.822288,4.905431,4.739145,4.739145,855600
1993-04-21,4.822287,4.947001,4.739144,4.822287,1222800
1993-04-22,4.822287,4.947001,4.780716,4.822287,2037200
1993-04-23,4.822287,4.863859,4.822287,4.822287,575200
1993-04-26,4.822288,4.822288,4.739145,4.739145,872000
1993-04-27,4.780713,4.863856,4.697571,4.863856,554000
1993-04-28,4.863860,4.863860,4.739145,4.739145,307600
1993-04-29,4.780715,4.822286,4.697572,4.780715,490400
1993-04-30,4.780716,4.863859,4.739144,4.822287,707200
1993-05-03,4.863857,4.988572,4.822286,4.988572,428400
1993-05-04,5.030144,5.071715,4.947001,5.030144,1383600
1993-05-05,5.071715,5.071715,4.988572,5.071715,455600
1993-05-06,4.988572,5.071715,4.780715,4.780715,862800
1993-05-07,4.780715,4.905429,4.697572,4.780715,1066400
1993-05-10,4.780716,4.863859,4.739144,4.822287,1068800
1993-05-11,4.780716,4.905430,4.780716,4.822287,389600
1993-05-12,4.822287,4.905430,4.780716,4.822287,1674800
1993-05-13,4.863859,4.863859,4.780716,4.822287,669200
1993-05-14,4.739144,4.863859,4.739144,4.822287,172000
1993-05-17,4.863858,4.863858,4.739144,4.780715,330400
1993-05-18,4.863856,4.884642,4.780713,4.863856,486800
1993-05-19,4.822287,4.947001,4.739144,4.947001,850000
1993-05-20,5.030143,5.071715,4.947000,4.988572,611600
1993-05-21,4.988572,5.030143,4.905429,4.988572,391200
1993-05-24,4.863858,4.947001,4.718358,4.801501,655200
1993-05-25,4.739144,4.905430,4.739144,4.822287,262400
1993-05-26,4.863859,4.905430,4.780716,4.822287,412400
1993-05-27,4.863857,4.988571,4.780714,4.905428,703600
1993-05-28,4.905428,4.946999,4.780713,4.863856,324800
1993-06-01,4.946999,4.946999,4.822285,4.905428,553200
1993-06-02,4.905430,4.905430,4.780716,4.884645,744800
1993-06-03,4.822285,4.905428,4.780714,4.905428,320400
1993-06-04,4.905428,4.905428,4.822285,4.863856,444000
1993-06-07,4.905428,4.988571,4.863857,4.905428,402800
1993-06-08,4.822287,4.947001,4.822287,4.843073,205200
1993-06-09,4.822285,4.905428,4.780713,4.863856,540800
1993-06-10,4.780716,4.863859,4.780716,4.822287,85600
1993-06-11,4.863859,4.905430,4.822287,4.822287,185200
1993-06-14,4.905429,5.113287,4.822287,5.030144,1287600
1993-06-15,5.154857,5.404286,5.071714,5.362714,2762000
1993-06-16,5.736858,6.485143,5.653715,6.402000,18737600
1993-06-17,6.485143,6.547500,6.111000,6.152571,9848400
1993-06-18,6.235712,6.235712,5.819998,5.819998,4099200
1993-06-21,5.819998,5.923927,5.778427,5.819998,2466000
1993-06-22,5.820000,5.820000,5.529000,5.549786,2976400
1993-06-23,5.570571,5.820000,5.445857,5.778429,1958400
1993-06-24,5.736857,5.861571,5.695286,5.778429,1015200
1993-06-25,5.778428,5.903142,5.736857,5.903142,742400
1993-06-28,5.903143,5.944714,5.778429,5.778429,783600
1993-06-29,5.820000,5.820000,5.612143,5.736857,1265600
1993-06-30,5.653717,5.695288,5.570574,5.653717,540800
1993-07-01,5.653714,5.653714,5.529000,5.612143,764000
1993-07-02,5.591356,5.612142,5.487428,5.508214,926400
1993-07-06,5.487430,5.612144,5.487430,5.487430,699600
1993-07-07,5.487429,5.653715,5.487429,5.591358,898000
1993-07-08,5.570574,5.632931,5.529002,5.570574,540000
1993-07-09,5.612143,5.653715,5.529001,5.591358,764800
1993-07-12,5.612144,5.653715,5.529001,5.529001,1042000
1993-07-13,5.570574,5.653717,5.529002,5.653717,605200
1993-07-14,5.653714,5.778428,5.653714,5.736857,315600
1993-07-15,5.653714,5.736857,5.612143,5.736857,977600
1993-07-16,5.736860,5.778431,5.529002,5.570574,664400
1993-07-19,5.591358,5.612144,5.487430,5.487430,461200
1993-07-20,5.487429,5.570572,5.445858,5.529001,414400
1993-07-21,5.487430,5.529001,5.445858,5.445858,260000
1993-07-22,5.445860,5.529003,5.238003,5.238003,1223200
1993-07-23,5.238000,5.404286,5.238000,5.362714,309600
1993-07-26,5.362715,5.487429,5.362715,5.425072,360000
1993-07-27,5.445857,5.445857,5.341929,5.362714,369600
1993-07-28,5.321146,5.404289,5.238003,5.238003,623600
1993-07-29,5.237999,5.321142,5.237999,5.279570,340400
1993-07-30,5.279570,5.362713,5.279570,5.279570,576000
1993-08-02,5.279573,5.404287,5.279573,5.404287,342400
1993-08-03,5.362717,5.570574,5.362717,5.570574,2094800
1993-08-04,5.612143,5.736857,5.570571,5.612143,780800
1993-08-05,5.632928,5.653714,5.529000,5.612143,250400
1993-08-06,5.612144,5.612144,5.445858,5.487430,284800
1993-08-09,5.445857,5.529000,5.404286,5.425072,539200
1993-08-10,5.404286,5.425071,5.321143,5.362714,1880000
1993-08-11,5.404286,5.404286,5.279571,5.321143,1782400
1993-08-12,5.341930,5.487430,5.321144,5.445858,2080800
1993-08-13,5.445858,5.487430,5.445858,5.445858,582800
1993-08-16,5.445858,5.529001,5.445858,5.529001,312800
1993-08-17,5.487429,5.570572,5.487429,5.529001,326800
1993-08-18,5.529000,5.736857,5.529000,5.736857,730400
1993-08-19,5.736855,5.903141,5.653713,5.819998,962800
1993-08-20,5.820000,5.903142,5.820000,5.903142,531600
1993-08-23,5.861572,5.923930,5.778430,5.799215,799200
1993-08-24,5.778430,5.882358,5.736858,5.861573,1467600
1993-08-25,5.840787,5.923930,5.840787,5.923930,941200
1993-08-26,5.903142,5.944714,5.861571,5.903142,872000
1993-08-27,5.861572,6.090215,5.861572,6.090215,1522000
1993-08-30,6.069433,6.173361,6.069433,6.173361,1431200
1993-08-31,6.152571,6.318857,6.152571,6.318857,1866800
1993-09-01,6.318857,6.381214,6.277286,6.318857,2320800
1993-09-02,6.360428,6.381214,6.069428,6.131785,2008800
1993-09-03,6.131790,6.214933,6.131790,6.173361,461600
1993-09-07,6.194143,6.194143,6.069428,6.131785,382400
1993-09-08,6.069428,6.090214,5.903142,5.903142,1098400
1993-09-09,5.944715,5.986286,5.903143,5.986286,222400
1993-09-10,5.986287,6.090215,5.965501,6.090215,587600
1993-09-13,6.090215,6.131787,6.069429,6.090215,416000
1993-09-14,6.090218,6.131790,6.027861,6.111004,740400
1993-09-15,6.111000,6.111000,5.840785,5.903142,1580800
1993-09-16,5.882359,5.986288,5.882359,5.965502,800800
1993-09-17,5.944712,5.986283,5.903140,5.944712,1927600
1993-09-20,5.944712,5.986283,5.903140,5.944712,1541600
1993-09-21,5.965497,5.986283,5.903140,5.944712,1492800
1993-09-22,5.986287,6.090215,5.944715,6.090215,1186400
1993-09-23,6.069428,6.339642,6.069428,6.256499,2265200
1993-09-24,6.235715,6.318858,6.235715,6.277287,994000
1993-09-27,6.235715,6.318858,6.235715,6.277287,774400
1993-09-28,6.256499,6.298071,6.214928,6.256499,702800
1993-09-29,6.235716,6.298073,6.194145,6.298073,1512000
1993-09-30,6.318859,6.318859,6.256502,6.298073,2830400
1993-10-01,6.256499,6.277285,6.214928,6.256499,860000
1993-10-04,6.214928,6.256499,6.214928,6.256499,2202800
1993-10-05,6.256501,6.318858,6.235715,6.277287,1243600
1993-10-06,6.256499,6.298071,6.235714,6.256499,1960800
1993-10-07,6.235714,6.339643,6.235714,6.339643,1026800
1993-10-08,6.360431,6.589074,6.318859,6.589074,2290000
1993-10-11,6.630645,6.734573,6.568288,6.609859,2103200
1993-10-12,6.589070,6.630642,6.464356,6.464356,1126000
1993-10-13,6.464361,6.672219,6.464361,6.651433,1920000
1993-10-14,6.651433,6.693004,6.609862,6.651433,1114800
1993-10-15,6.630642,6.651428,6.609856,6.630642,2752000
1993-10-18,6.984002,7.025574,6.755359,6.921645,5619200
1993-10-19,6.880070,6.921642,6.589071,6.630642,2839600
1993-10-20,6.651433,6.672219,6.568290,6.651433,1466800
1993-10-21,6.651430,6.776144,6.630644,6.776144,4779200
1993-10-22,6.485143,6.609857,6.318857,6.318857,3009800
1993-10-25,6.318859,6.485145,6.277288,6.485145,2359200
1993-10-26,6.485144,6.485144,6.277287,6.277287,3016600
1993-10-27,6.235715,6.235715,6.027858,6.069429,2498800
1993-10-28,6.069428,6.152571,6.027857,6.152571,2174800
1993-10-29,6.111000,6.111000,5.820000,5.903142,2361800
1993-11-01,5.944712,6.027855,5.903141,6.027855,2385400
1993-11-02,6.027855,6.069426,5.903140,5.944712,1336600
1993-11-03,6.027855,6.110997,5.903140,5.944712,2133200
1993-11-04,5.944714,6.027857,5.736857,5.778429,2186000
1993-11-05,5.819997,5.944712,5.695283,5.944712,1683800
1993-11-08,5.944715,6.152572,5.903144,6.069429,1447000
1993-11-09,6.069429,6.194143,5.986286,5.986286,1887600
1993-11-10,6.027857,6.318857,5.944714,6.318857,1657000
1993-11-11,6.277290,6.360433,6.194147,6.235719,2318200
1993-11-12,6.194147,6.318862,6.194147,6.235719,1721400
1993-11-15,6.318857,6.318857,6.235714,6.318857,2027600
1993-11-16,6.277286,6.360429,6.235714,6.318857,2005400
1993-11-17,6.360433,6.402005,6.235719,6.235719,2182400
1993-11-18,6.277290,6.277290,6.069432,6.111004,2655000
1993-11-19,6.152572,6.152572,5.944715,5.986286,2266800
1993-11-22,5.944715,6.027858,5.861572,5.986286,3035000
1993-11-23,5.944713,6.194142,5.944713,6.194142,3830000
1993-11-24,6.194144,6.194144,6.027858,6.069429,1146200
1993-11-26,6.111001,6.111001,6.027858,6.069429,105800
1993-11-29,6.027855,6.110998,6.027855,6.027855,855600
1993-11-30,6.110998,6.360427,6.027856,6.360427,2459400
1993-12-01,6.402004,6.693004,6.360433,6.651433,10498600
1993-12-02,6.651430,6.859287,6.651430,6.776144,6600600
1993-12-03,6.776144,6.817716,6.651430,6.734573,4146600
1993-12-06,6.693000,7.025571,6.693000,6.984000,4477400
1993-12-07,6.983999,7.108713,6.568285,6.692999,3963800
1993-12-08,6.651430,6.776144,6.568287,6.734573,1694800
1993-12-09,6.734576,6.776147,6.609862,6.651433,2380400
1993-12-10,6.609862,6.693004,6.609862,6.651433,2254000
1993-12-13,6.609859,6.693002,6.360430,6.526716,2571600
1993-12-14,6.443570,6.526713,6.360427,6.360427,1956600
1993-12-15,6.443573,6.526716,6.360430,6.526716,1354200
1993-12-16,6.526715,6.526715,6.360429,6.402000,2091400
1993-12-17,6.443576,6.734576,6.402004,6.651433,3609200
1993-12-20,6.609861,6.651433,6.485147,6.568290,2084200
1993-12-21,6.568288,6.609859,6.485145,6.485145,2638400
1993-12-22,6.443574,6.526717,6.318859,6.485145,1818400
1993-12-23,6.443572,6.526715,6.402000,6.402000,1386200
1993-12-27,6.485145,6.485145,6.402002,6.485145,858400
1993-12-28,6.485143,6.485143,6.277286,6.318857,1468800
1993-12-29,6.318858,6.402001,6.277287,6.277287,1999200
1993-12-30,6.318858,6.526715,6.318858,6.443572,2006600
1993-12-31,6.402000,6.651429,6.402000,6.402000,2273600
1994-01-03,6.360427,6.443570,6.277284,6.360427,2238800
1994-01-04,6.360429,6.402000,6.277286,6.318857,1571800
1994-01-05,6.277287,6.360429,6.277287,6.277287,1316400
1994-01-06,6.318858,6.318858,6.069429,6.069429,1735600
1994-01-07,6.069430,6.111001,5.861573,5.861573,3335600
1994-01-10,5.944714,5.944714,5.778429,5.778429,5029400
1994-01-11,5.736857,5.820000,5.695286,5.778429,2211000
1994-01-12,5.778428,5.820000,5.612143,5.736857,5917000
1994-01-13,5.778427,5.903141,5.695284,5.819998,7286400
1994-01-14,5.778428,5.986285,5.736857,5.903142,3920200
1994-01-17,5.903143,6.194143,5.903143,6.152571,3952600
1994-01-18,6.069432,6.111004,5.903147,6.111004,5022600
1994-01-19,6.194144,6.360429,6.152572,6.277287,4484400
1994-01-20,6.194147,6.277290,6.152576,6.235719,2909400
1994-01-21,6.235713,6.277285,6.110999,6.194142,2884800
1994-01-24,6.152571,6.194143,6.111000,6.152571,1349200
1994-01-25,6.069432,6.152575,5.986290,6.111004,1978600
1994-01-26,6.069426,6.152569,5.986284,6.027855,1930600
1994-01-27,5.944712,6.027855,5.903140,5.944712,1020400
1994-01-28,5.903144,5.986287,5.861573,5.861573,1238000
1994-01-31,5.944714,5.944714,5.820000,5.903142,1320800
1994-02-01,5.820000,5.861571,5.736857,5.778429,2341800
1994-02-02,5.736861,5.778433,5.653718,5.695290,1806400
1994-02-03,5.653715,5.986286,5.653715,5.986286,3194200
1994-02-04,6.027857,6.027857,5.695286,5.736857,2111800
1994-02-07,5.695290,5.778433,5.653718,5.695290,1141400
1994-02-08,5.736857,5.820000,5.653714,5.736857,2007200
1994-02-09,5.736855,5.903141,5.736855,5.819998,2439800
1994-02-10,5.820000,5.944714,5.820000,5.903142,2493000
1994-02-11,5.903144,5.944716,5.820001,5.861573,2049000
1994-02-14,5.819998,5.903141,5.736855,5.819998,3621600
1994-02-15,5.820000,5.903142,5.736857,5.903142,3001800
1994-02-16,5.820001,6.277287,5.820001,6.277287,7317600
1994-02-17,6.235719,6.443576,6.194147,6.235719,5184600
1994-02-18,6.235714,6.360429,6.194143,6.318857,2882600
1994-02-22,6.277287,6.318858,6.152572,6.277287,1919200
1994-02-23,6.235715,6.360429,6.235715,6.277287,1730400
1994-02-24,6.194143,6.360429,6.194143,6.318857,2290600
1994-02-25,6.277287,6.651430,6.277287,6.609859,4117800
1994-02-28,6.693004,6.693004,6.609862,6.651433,2410000
1994-03-01,6.609861,6.651433,6.443575,6.568290,1881200
1994-03-02,6.485145,6.651430,6.360430,6.609859,2528400
1994-03-03,6.609857,7.191857,6.609857,7.025571,11644800
1994-03-04,6.942428,7.067143,6.859285,6.984000,15955200
1994-03-07,6.942429,7.067143,6.817715,6.900857,9923200
1994-03-08,6.817715,6.817715,6.693001,6.776144,2780000
1994-03-09,6.776143,6.900857,6.609857,6.900857,3516000
1994-03-10,6.859285,6.942427,6.692999,6.692999,2167400
1994-03-11,6.651430,6.776144,6.651430,6.734573,1318200
1994-03-14,6.734573,6.900858,6.734573,6.776144,2971600
1994-03-15,6.734569,6.942426,6.734569,6.859283,1794000
1994-03-16,6.817716,6.817716,6.568288,6.609859,2897000
1994-03-17,6.651430,6.734573,6.568287,6.734573,1196000
1994-03-18,6.734570,6.776142,6.651427,6.692999,3922000
1994-03-21,6.693004,6.734576,6.568290,6.651433,4691000
1994-03-22,6.526717,6.693002,6.443574,6.485145,4537800
1994-03-23,6.443572,6.568286,6.443572,6.443572,4070400
1994-03-24,6.485141,6.526713,6.277284,6.360427,5704400
1994-03-25,6.318856,6.401999,6.194142,6.194142,2458600
1994-03-28,6.194143,6.235715,5.861572,5.986286,5464800
1994-03-29,6.027858,6.069430,5.820001,5.861573,2672200
1994-03-30,5.820000,5.944714,5.820000,5.903142,1209000
1994-03-31,5.861569,6.027855,5.778426,6.027855,3402200
1994-04-04,5.944713,5.986284,5.778427,5.819998,1410800
1994-04-05,5.861572,6.069429,5.820000,5.986286,1925400
1994-04-06,5.986285,5.986285,5.695286,5.736857,1502400
1994-04-07,5.820000,5.820000,5.653714,5.736857,1961800
1994-04-08,5.695285,5.736857,5.570571,5.612143,3335000
1994-04-11,5.695288,5.695288,5.612145,5.653717,1106000
1994-04-12,5.695285,5.695285,5.570571,5.612143,2144000
1994-04-13,5.570571,5.570571,5.279571,5.321143,2391800
1994-04-14,5.321144,5.321144,5.196430,5.196430,2166600
1994-04-15,5.196428,5.321142,5.154856,5.258785,1910000
1994-04-18,5.238001,5.279573,5.030144,5.071715,2056600
1994-04-19,5.113286,5.113286,4.697572,4.780715,4898000
1994-04-20,4.863858,4.863858,4.656001,4.676786,8254200
1994-04-21,4.739144,4.947001,4.656001,4.947001,2826800
1994-04-22,4.988571,5.030142,4.905428,4.905428,1759800
1994-04-25,4.988573,4.988573,4.822287,4.884645,1451400
1994-04-26,4.946999,4.988571,4.822285,4.863856,2042800
1994-04-28,4.863860,4.905431,4.697574,4.739145,2363200
1994-04-29,4.780715,5.071715,4.739144,5.030144,2135000
1994-05-02,5.113285,5.238000,5.030143,5.175642,1981200
1994-05-03,5.154856,5.237999,4.988570,5.113285,1654600
1994-05-04,5.154858,5.154858,4.988572,5.030144,1821400
1994-05-05,5.071715,5.071715,4.905429,5.030144,1425800
1994-05-06,4.905429,5.030144,4.739144,4.780715,1320400
1994-05-09,4.822285,4.822285,4.656000,4.656000,2706400
1994-05-10,4.697571,4.905428,4.697571,4.905428,4280800
1994-05-11,4.863857,4.863857,4.656000,4.656000,3064200
1994-05-12,4.697573,4.780716,4.656001,4.697573,1696000
1994-05-13,4.697571,4.697571,4.531285,4.656000,3317000
1994-05-16,4.697571,4.739143,4.614428,4.656000,1033800
1994-05-17,4.614430,4.656002,4.448144,4.531287,2698600
1994-05-18,4.531287,4.552073,4.406573,4.489716,3717200
1994-05-19,4.448143,4.531286,4.365001,4.448143,6232600
1994-05-20,4.448144,4.739144,4.448144,4.676786,3365600
1994-05-23,4.697570,4.697570,4.531285,4.572856,1988800
1994-05-24,4.572856,4.614427,4.531285,4.572856,1572200
1994-05-25,4.572859,4.572859,4.489716,4.489716,2161800
1994-05-26,4.572859,4.656002,4.448145,4.489716,1321800
1994-05-27,4.531287,4.614429,4.448144,4.593644,947200
1994-05-31,4.572858,4.614429,4.365000,4.406572,3200200
1994-06-01,4.406574,4.406574,4.323431,4.365002,8747400
1994-06-02,4.406573,4.572859,4.365001,4.531287,2841600
1994-06-03,4.489714,4.656000,4.489714,4.656000,2909800
1994-06-06,4.697570,4.739142,4.572856,4.572856,3789000
1994-06-07,4.614429,4.656001,4.489715,4.552072,1881800
1994-06-08,4.614428,4.697571,4.614428,4.656000,4598000
1994-06-09,4.656001,4.905429,4.614429,4.801501,6156200
1994-06-10,5.030145,5.030145,4.863859,5.009359,3757000
1994-06-13,5.030142,5.030142,4.863857,4.905428,2064800
1994-06-14,5.030146,5.238003,4.988574,5.238003,4900000
1994-06-15,5.238002,5.238002,5.071716,5.154859,3184200
1994-06-16,5.113287,5.196430,5.071715,5.196430,2040800
1994-06-17,5.196430,5.196430,4.988573,5.009359,2229800
1994-06-20,4.947000,5.030143,4.905429,4.967786,1323000
1994-06-21,4.947001,4.947001,4.780716,4.822287,1419800
1994-06-22,4.863857,4.988572,4.822286,4.988572,1505400
1994-06-23,4.947001,4.988572,4.780715,4.780715,1001000
1994-06-24,4.780715,4.780715,4.572858,4.614429,1747400
1994-06-27,4.614431,4.905431,4.489717,4.739145,1428200
1994-06-28,4.822286,4.905429,4.697572,4.780715,1463000
1994-06-29,4.739142,4.988571,4.739142,4.863856,2252800
1994-06-30,4.905429,4.988572,4.822286,4.967786,1516000
1994-07-01,4.947000,5.030143,4.905429,4.988572,616600
1994-07-05,4.905429,4.988572,4.905429,4.988572,955000
1994-07-06,4.947001,4.947001,4.822287,4.947001,2325600
1994-07-07,4.905428,4.947000,4.656000,4.656000,1710200
1994-07-08,4.697572,4.822286,4.614429,4.780715,990600
1994-07-11,4.780716,4.822287,4.572858,4.697573,1405600
1994-07-12,4.697572,4.822287,4.572858,4.801501,1646400
1994-07-13,4.739143,5.071715,4.739143,4.988572,1850600
1994-07-14,4.988571,5.071714,4.863857,4.905428,1365200
1994-07-15,4.947002,4.947002,4.863859,4.884645,524200
1994-07-18,5.030144,5.279573,5.030144,5.196430,4829200
1994-07-19,5.154856,5.154856,5.030142,5.113285,4102200
1994-07-20,5.113287,5.113287,4.905430,5.009359,2092200
1994-07-21,5.030144,5.030144,4.947001,5.030144,1632200
1994-07-22,5.030143,5.071715,4.947000,4.988572,2288800
1994-07-25,4.947001,5.196430,4.947001,5.196430,2334800
1994-07-26,5.154858,5.196429,4.988572,5.030144,1068200
1994-07-27,5.030144,5.071715,4.947001,5.030144,2176600
1994-07-28,5.071716,5.154859,5.030145,5.154859,1393800
1994-07-29,5.154857,5.154857,4.947000,4.988572,1413200
1994-08-01,4.988573,5.196430,4.947001,5.196430,1739400
1994-08-02,5.196430,5.196430,4.947001,5.071715,1438400
1994-08-03,4.988573,5.071716,4.947001,4.947001,1318600
1994-08-04,4.988571,4.988571,4.905428,4.905428,820200
1994-08-05,4.905429,5.030143,4.822286,4.967786,837400
1994-08-08,5.030144,5.113287,4.947001,5.071715,488600
1994-08-09,4.988572,5.071715,4.947001,5.030144,786600
1994-08-10,5.030144,5.113287,5.030144,5.050930,1649800
1994-08-11,5.030142,5.071714,4.739142,4.905428,1906200
1994-08-12,4.905429,4.988572,4.822286,4.967786,900000
1994-08-15,4.947001,4.988573,4.905430,4.947001,1086600
1994-08-16,4.947001,4.988573,4.822287,4.947001,1168200
1994-08-17,4.863858,4.947000,4.739143,4.926215,1533400
1994-08-18,4.863856,4.905428,4.780713,4.863856,1705600
1994-08-19,4.905429,4.905429,4.739144,4.780715,1696800
1994-08-22,4.843072,4.863858,4.697572,4.780715,1555200
1994-08-23,4.822287,4.863859,4.739144,4.822287,1433200
1994-08-24,4.822285,4.946999,4.822285,4.905428,1249000
1994-08-25,4.947000,5.071715,4.905429,4.988572,1734000
1994-08-26,4.988573,5.071716,4.947001,4.947001,1555000
1994-08-29,4.988572,5.030143,4.947000,4.988572,1280400
1994-08-30,5.030145,5.217216,5.030145,5.154859,4587000
1994-08-31,5.154856,5.321142,5.113285,5.217214,3369200
1994-09-01,5.154856,5.196427,5.071713,5.113285,1721000
1994-09-02,5.071713,5.196427,5.071713,5.113285,960600
1994-09-06,5.113287,5.196430,5.071715,5.071715,832400
1994-09-07,5.071714,5.196428,5.071714,5.175642,983000
1994-09-08,5.154858,5.238001,5.154858,5.196430,2197400
1994-09-09,5.154859,5.196430,5.071716,5.092502,1886400
1994-09-12,5.154858,5.238001,5.071715,5.196430,1320600
1994-09-13,5.238001,5.279572,5.030144,5.030144,2806000
1994-09-14,5.030144,5.196430,5.030144,5.196430,2595600
1994-09-15,5.154856,5.362713,5.154856,5.279570,2107400
1994-09-16,5.279574,5.279574,5.196431,5.238003,2361200
1994-09-19,5.238003,5.279574,5.196431,5.238003,1866200
1994-09-20,5.154856,5.279571,5.154856,5.217214,875200
1994-09-21,5.196430,5.279573,5.071715,5.071715,1234800
1994-09-22,5.113287,5.154858,4.947001,5.030144,1951000
1994-09-23,4.988571,5.030142,4.863857,4.905428,2171200
1994-09-26,4.863859,4.947001,4.739144,4.822287,1007600
1994-09-27,4.822287,5.113287,4.822287,5.071715,1734400
1994-09-28,5.030144,5.196430,5.030144,5.196430,1877600
1994-09-29,5.154857,5.321143,5.113286,5.321143,2114000
1994-09-30,5.279571,5.487428,5.279571,5.341928,3613000
1994-10-03,5.321142,5.362713,5.237999,5.279570,694000
1994-10-04,5.321145,5.362716,5.113288,5.154859,2782200
1994-10-05,5.154857,5.362714,5.071714,5.321143,2093000
1994-10-06,5.321142,5.362713,5.279570,5.279570,1658400
1994-10-07,5.362716,5.570573,5.238002,5.404287,2172000
1994-10-10,5.445859,5.487430,5.362716,5.404287,782600
1994-10-11,5.445858,5.529001,5.238001,5.529001,2663000
1994-10-12,5.487430,5.529001,5.445858,5.445858,2181000
1994-10-13,5.529001,5.529001,5.362716,5.445858,1201200
1994-10-14,5.362715,5.529001,5.321144,5.487430,1010000
1994-10-17,5.404287,5.529001,5.404287,5.445858,641800
1994-10-18,5.445856,5.487427,5.279570,5.279570,881000
1994-10-19,5.279571,5.404286,5.279571,5.362714,817200
1994-10-20,5.321142,5.362713,5.279570,5.279570,1192400
1994-10-21,5.237999,5.300356,5.196427,5.279570,1049800
1994-10-24,5.238001,5.321144,5.030144,5.071715,1617000
1994-10-25,5.071714,5.237999,4.988571,5.217214,1139000
1994-10-26,5.196427,5.279570,5.071713,5.113285,1036200
1994-10-27,5.030144,5.154858,4.947001,5.071715,2254800
1994-10-28,4.988573,5.154859,4.988573,5.154859,1782600
1994-10-31,5.113288,5.279574,5.113288,5.238003,1287400
1994-11-01,5.237999,5.321142,5.196427,5.279570,2531000
1994-11-02,5.321145,5.321145,5.154859,5.154859,1812200
1994-11-03,5.154858,5.487430,5.154858,5.445858,2350400
1994-11-04,5.404286,5.487428,5.321143,5.321143,820400
1994-11-07,5.279570,5.321142,5.196428,5.258785,774800
1994-11-08,5.238002,5.404287,5.238002,5.404287,941800
1994-11-09,5.362717,5.404289,5.196431,5.238003,1139000
1994-11-10,5.238002,5.321145,5.071716,5.154859,1077600
1994-11-11,5.154856,5.154856,4.988570,5.113285,1496000
1994-11-14,5.113288,5.196431,5.113288,5.154859,673400
1994-11-15,5.113285,5.196427,5.113285,5.113285,1191000
1994-11-16,5.113287,5.154858,5.030144,5.030144,1273400
1994-11-17,5.030144,5.113287,4.905430,4.947001,2454000
1994-11-18,4.988573,4.988573,4.905430,4.947001,1656200
1994-11-21,4.905428,4.988571,4.822285,4.863856,746400
1994-11-22,4.822287,5.030144,4.697573,4.947001,2892000
1994-11-23,4.988571,4.988571,4.863857,4.905428,2574000
1994-11-25,4.863857,4.988571,4.822285,4.905428,949000
1994-11-28,4.905428,5.030142,4.905428,4.905428,3943800
1994-11-29,4.988572,5.030143,4.905429,4.988572,1299800
1994-11-30,4.905427,5.196427,4.905427,5.113285,1594600
1994-12-01,5.071716,5.113287,4.947001,4.947001,2386000
1994-12-02,4.947000,5.030143,4.863857,4.988572,1579600
1994-12-05,4.947001,5.030144,4.905430,4.947001,1130200
1994-12-06,4.905428,4.988571,4.863856,4.863856,1307800
1994-12-07,4.863860,4.905431,4.656002,4.739145,1776000
1994-12-08,4.739144,4.822287,4.572858,4.614429,2855600
1994-12-09,4.614429,4.656000,4.406572,4.510500,2392200
1994-12-12,4.448143,4.531286,4.281858,4.448143,2225400
1994-12-13,4.365000,4.489715,4.198715,4.406572,3176000
1994-12-14,4.448145,4.489717,4.281859,4.365002,4714800
1994-12-15,4.406570,4.635213,4.364999,4.572856,2147600
1994-12-16,4.572858,4.614429,4.448143,4.448143,1788200
1994-12-19,4.448143,4.531286,4.406572,4.448143,1991000
1994-12-20,4.448142,4.448142,4.198713,4.323428,2712200
1994-12-21,4.323429,4.365001,4.198715,4.302644,4840200
1994-12-22,4.281859,4.365002,4.240288,4.365002,3937600
1994-12-23,4.323429,4.406572,4.281858,4.302644,1368000
1994-12-27,4.323429,4.365000,4.198715,4.281857,2015000
1994-12-28,4.198716,4.281859,4.157144,4.198716,3320000
1994-12-29,4.198716,4.365002,4.198716,4.365002,2860800
1994-12-30,4.323429,4.448143,4.281857,4.281857,2961000
1995-01-03,4.281857,4.365000,4.240286,4.281857,1007200
1995-01-04,4.281859,4.365002,4.198716,4.365002,2068600
1995-01-05,4.406572,4.406572,4.157144,4.157144,2233400
1995-01-06,4.198715,4.323429,4.074001,4.157144,3450600
1995-01-09,4.157144,4.198715,4.074001,4.157144,2344800
1995-01-10,4.157144,4.240286,4.115572,4.157144,1291600
1995-01-11,4.115572,4.198715,4.032429,4.074001,3387400
1995-01-12,4.115572,4.115572,3.990858,4.074001,3765800
1995-01-13,4.074001,4.115572,4.032429,4.074001,3483200
1995-01-16,4.073999,4.281856,4.073999,4.136356,5411200
1995-01-17,4.281858,4.489715,4.240286,4.406572,5422800
1995-01-18,4.448142,4.614427,4.406570,4.572856,4684000
1995-01-19,4.614427,4.614427,4.448142,4.572856,2845200
1995-01-20,4.614430,4.656002,4.489716,4.489716,2469600
1995-01-23,4.489715,4.614429,4.406572,4.614429,2642000
1995-01-24,4.614430,4.697573,4.572858,4.697573,2011800
1995-01-25,4.572857,4.697571,4.531285,4.656000,2256800
1995-01-26,4.656001,4.739144,4.656001,4.676786,2933800
1995-01-27,4.656002,4.739145,4.656002,4.739145,869000
1995-01-30,4.656002,4.739144,4.531287,4.531287,1766800
1995-01-31,4.572856,4.614427,4.531285,4.572856,2167800
1995-02-01,4.572858,4.739144,4.531287,4.697573,3503400
1995-02-02,4.656001,4.697572,4.572858,4.593644,1976800
1995-02-03,4.572856,4.614427,4.531285,4.572856,2416400
1995-02-06,4.531285,4.655999,4.489713,4.572856,1478200
1995-02-07,4.572856,4.655999,4.531285,4.572856,694600
1995-02-08,4.531285,4.572856,4.489713,4.572856,983000
1995-02-09,4.531287,4.614430,4.448144,4.531287,2646000
1995-02-10,4.614428,4.656000,4.531285,4.656000,1389800
1995-02-13,4.614427,4.697570,4.572856,4.572856,1315600
1995-02-14,4.572856,4.655999,4.572856,4.572856,2686600
1995-02-15,4.655999,4.946999,4.489713,4.572856,2289200
1995-02-16,4.531287,4.656001,4.323429,4.614429,2253000
1995-02-17,4.572859,4.614430,4.531287,4.531287,1415600
1995-02-21,4.531286,4.614429,4.531286,4.552072,1643600
1995-02-22,4.531286,4.614429,4.489715,4.510500,1354000
1995-02-23,4.531287,4.614429,4.365001,4.385787,1787000
1995-02-24,4.406572,4.489715,4.365001,4.448143,804200
1995-02-27,4.406574,4.448145,4.365002,4.365002,1229400
1995-02-28,4.365001,4.572859,4.365001,4.531287,1547200
1995-03-01,4.489715,4.531286,4.365000,4.406572,1128400
1995-03-02,4.448143,4.489714,4.365000,4.427357,1623800
1995-03-03,4.448143,4.489714,4.406571,4.427357,1179000
1995-03-06,4.406572,4.448143,4.365001,4.448143,653600
1995-03-07,4.448144,4.448144,4.198716,4.198716,2051000
1995-03-08,4.240286,4.240286,4.074001,4.157144,1791200
1995-03-09,4.074001,4.198715,3.990858,4.157144,4040200
1995-03-10,4.198713,4.364999,4.157142,4.323428,1605200
1995-03-13,4.323430,4.323430,4.157144,4.198716,758000
1995-03-14,4.281859,4.406574,4.281859,4.365002,2855600
1995-03-15,4.365001,4.365001,4.198716,4.198716,1381600
1995-03-16,4.198715,4.406572,4.198715,4.406572,2245600
1995-03-17,4.406572,4.448143,4.365000,4.406572,1995800
1995-03-20,4.406572,4.448143,4.281858,4.448143,1737000
1995-03-21,4.448143,4.531286,4.406572,4.468929,2045200
1995-03-22,4.531286,4.531286,4.365001,4.448143,1134200
1995-03-23,4.406572,4.572858,4.365001,4.552072,2635200
1995-03-24,4.572858,4.822287,4.572858,4.822287,5103200
1995-03-27,4.822287,4.822287,4.656001,4.822287,2168800
1995-03-28,4.739143,4.988572,4.739143,4.988572,3129600
1995-03-29,4.947000,5.030143,4.822286,4.967786,2782200
1995-03-30,4.988573,4.988573,4.863859,4.947001,1260200
1995-03-31,4.905428,4.946999,4.822285,4.905428,900800
1995-04-03,4.863857,4.988572,4.739143,4.988572,1228200
1995-04-04,4.905428,4.988571,4.863856,4.863856,664800
1995-04-05,4.863859,4.988573,4.863859,4.947001,541800
1995-04-06,4.905428,4.946999,4.822285,4.863856,1266800
1995-04-07,4.863857,4.946999,4.863857,4.905428,1559000
1995-04-10,4.863856,4.905428,4.822285,4.863856,478200
1995-04-11,4.884645,4.905430,4.780716,4.884645,1146400
1995-04-12,4.822287,5.113287,4.822287,5.071715,2172400
1995-04-13,5.113287,5.113287,4.988572,5.030144,1561400
1995-04-17,5.030142,5.113285,4.863856,4.863856,1353000
1995-04-18,4.863859,4.947001,4.822287,4.822287,557200
1995-04-19,4.905430,4.905430,4.739144,4.822287,891000
1995-04-20,4.780714,4.988572,4.780714,4.988572,933000
1995-04-21,5.071715,5.071715,4.947001,5.030144,1577400
1995-04-24,4.988571,5.030142,4.905428,4.905428,939600
1995-04-25,4.905428,4.946999,4.780713,4.863856,785800
1995-04-26,4.822285,4.863856,4.739142,4.863856,609400
1995-04-27,4.822286,4.863858,4.780715,4.780715,960800
1995-04-28,4.780713,4.926213,4.739142,4.863856,1687400
1995-05-01,4.822288,4.905431,4.739145,4.739145,1008600
1995-05-02,4.739142,4.863856,4.739142,4.863856,676200
1995-05-03,4.822287,4.863859,4.780716,4.843073,2186200
1995-05-04,4.822288,4.905431,4.739145,4.739145,2291000
1995-05-05,4.780714,4.822285,4.656000,4.656000,1746200
1995-05-08,4.656001,4.780715,4.614429,4.780715,2070600
1995-05-09,4.697572,4.863858,4.614429,4.676786,2338000
1995-05-10,4.697572,4.697572,4.531287,4.614429,988400
1995-05-11,4.572858,4.697573,4.531287,4.697573,1312400
1995-05-12,4.656001,4.863859,4.656001,4.822287,2156200
1995-05-15,4.822288,4.822288,4.739145,4.739145,2279600
1995-05-16,4.822286,4.822286,4.697571,4.718357,1959800
1995-05-17,4.739142,4.739142,4.531285,4.572856,1128600
1995-05-18,4.572857,4.697571,4.572857,4.656000,1998800
1995-05-19,4.697572,4.739144,4.614429,4.614429,2025800
1995-05-22,4.614430,4.697573,4.614430,4.697573,837800
1995-05-23,4.697570,4.697570,4.572856,4.572856,1955200
1995-05-24,4.655999,4.697570,4.572856,4.572856,1330000
1995-05-25,4.572859,4.614430,4.448144,4.531287,1845800
1995-05-26,4.531286,4.531286,4.365000,4.427357,1303000
1995-05-30,4.406572,4.572858,4.406572,4.552072,1115000
1995-05-31,4.489716,4.697573,4.489716,4.697573,1345000
1995-06-01,4.656000,4.697571,4.572857,4.656000,1310800
1995-06-02,4.614429,4.697572,4.614429,4.614429,1174200
1995-06-05,4.614428,4.739143,4.614428,4.656000,1932000
1995-06-06,4.739145,4.905431,4.739145,4.739145,2138400
1995-06-07,4.739145,4.822288,4.697574,4.739145,2000800
1995-06-08,4.780716,4.863859,4.739144,4.822287,1699600
1995-06-09,4.780715,4.822286,4.780715,4.780715,920000
1995-06-12,4.780714,4.988572,4.780714,4.988572,1992400
1995-06-13,4.947000,4.988572,4.947000,4.988572,2214800
1995-06-14,4.947000,4.988572,4.863857,4.988572,1794600
1995-06-15,4.863859,4.988573,4.863859,4.947001,1905600
1995-06-16,4.947001,5.071715,4.905429,5.030144,3008200
1995-06-19,5.030145,5.154859,5.030145,5.154859,4943200
1995-06-20,5.071717,5.154859,5.030145,5.134074,2565600
1995-06-21,5.113285,5.196428,5.071714,5.175642,2084800
1995-06-22,5.154860,5.238003,5.154860,5.238003,2929200
1995-06-23,5.196431,5.238002,5.113288,5.154859,1519200
1995-06-26,5.154856,5.237999,5.113285,5.113285,1254400
1995-06-27,5.154860,5.238003,5.113288,5.238003,1398600
1995-06-28,5.238000,5.362714,5.196428,5.321143,2022200
1995-06-29,5.238001,5.321144,5.196430,5.196430,771600
1995-06-30,5.196430,5.529002,5.196430,5.404287,3881600
1995-07-03,5.404287,5.487430,5.404287,5.404287,615400
1995-07-05,5.487429,5.570572,5.445858,5.529001,2317000
1995-07-06,5.528998,5.861570,5.528998,5.819998,5572800
1995-07-07,5.861571,5.861571,5.695286,5.736857,3987000
1995-07-10,5.695290,5.861575,5.612147,5.695290,1389400
1995-07-11,5.653718,5.778433,5.570575,5.695290,3082800
1995-07-12,5.778428,5.778428,5.570571,5.612143,1980600
1995-07-13,5.653716,5.778430,5.570573,5.716073,4481000
1995-07-14,5.736857,5.903142,5.695285,5.903142,4984200
1995-07-17,5.861571,5.903142,5.820000,5.903142,1613200
1995-07-18,5.861573,5.944715,5.861573,5.923930,3068400
1995-07-19,5.861572,5.903143,5.799215,5.840786,4028400
1995-07-20,5.820000,6.152571,5.820000,6.152571,4588600
1995-07-21,6.152569,6.235712,6.027855,6.027855,3036400
1995-07-24,6.027859,6.111002,5.944716,5.965502,1246400
1995-07-25,5.944715,5.986286,5.903143,5.986286,1962600
1995-07-26,5.986287,5.986287,5.861572,5.882358,2117800
1995-07-27,5.861572,6.027858,5.861572,6.007072,2160200
1995-07-28,5.986287,6.069430,5.923930,5.923930,1872600
1995-07-31,5.903145,6.111002,5.861573,5.965502,1829000
1995-08-01,6.027857,6.152571,5.986285,6.152571,3326200
1995-08-02,6.110998,6.194141,5.986284,6.027855,4853600
1995-08-03,5.986287,6.027858,5.861572,5.882358,812800
1995-08-04,5.903143,5.903143,5.736858,5.757643,679800
1995-08-07,5.736858,5.903144,5.736858,5.799215,639000
1995-08-08,5.778433,5.820004,5.653718,5.695290,500600
1995-08-09,5.736857,5.778428,5.695286,5.736857,725600
1995-08-10,5.778427,5.861570,5.695284,5.819998,1014200
1995-08-11,5.819998,5.861570,5.736855,5.819998,577000
1995-08-14,5.736857,5.944714,5.736857,5.903142,690400
1995-08-15,5.861569,5.986283,5.861569,5.944712,613600
1995-08-16,5.986284,5.986284,5.736855,5.819998,2463200
1995-08-17,5.778429,5.820000,5.736858,5.757643,732400
1995-08-18,5.820000,5.820000,5.736857,5.736857,645000
1995-08-21,5.778430,5.820002,5.653716,5.716073,900000
1995-08-22,5.736858,5.778429,5.570572,5.757643,2679800
1995-08-23,5.736857,5.820000,5.695286,5.736857,2116200
1995-08-24,5.736857,5.778428,5.695286,5.736857,1066600
1995-08-25,5.695286,5.820000,5.695286,5.778429,865200
1995-08-28,5.778429,5.820001,5.570572,5.632929,1605400
1995-08-29,5.612143,5.653714,5.570571,5.612143,1614600
1995-08-30,5.570575,5.736861,5.570575,5.695290,1146600
1995-08-31,5.612143,5.736857,5.612143,5.612143,791800
1995-09-01,5.612144,5.861572,5.570572,5.799215,1982000
1995-09-05,5.778430,5.986288,5.778430,5.965502,1502800
1995-09-06,5.986283,6.027855,5.918730,5.944712,1759200
1995-09-07,5.944712,6.027855,5.944712,5.944712,1245200
1995-09-08,5.944712,6.069426,5.944712,6.027855,1197400
1995-09-11,5.986286,6.069429,5.944715,5.986286,1483200
1995-09-12,5.986287,6.027858,5.986287,6.007072,875200
1995-09-13,5.986287,6.027858,5.944715,6.007072,1085000
1995-09-14,5.986287,6.111001,5.903144,6.069429,1901000
1995-09-15,6.194144,6.194144,6.027858,6.069429,1986200
1995-09-18,6.069429,6.152572,6.027858,6.090215,771800
1995-09-19,6.069429,6.111000,6.027857,6.048643,624600
1995-09-20,6.027859,6.069430,5.944716,5.965502,750600
1995-09-21,5.944715,5.986287,5.861573,5.923930,1259600
1995-09-22,5.944714,5.944714,5.653714,5.778429,1494200
1995-09-25,5.736857,5.757643,5.570571,5.612143,1806200
1995-09-26,5.695287,5.695287,5.445858,5.445858,1357800
1995-09-27,5.487428,5.653714,5.445857,5.612143,2426200
1995-09-28,5.570571,5.820000,5.570571,5.778429,1479800
1995-09-29,5.736861,5.820004,5.695290,5.695290,1603400
1995-10-02,5.695290,5.736861,5.653718,5.695290,1082600
1995-10-03,5.695290,5.736861,5.570575,5.695290,1000600
1995-10-04,5.695285,5.695285,5.612143,5.612143,1087400
1995-10-05,5.653714,5.820000,5.653714,5.778429,1914400
1995-10-06,5.736858,5.903144,5.736858,5.799215,979200
1995-10-09,5.736861,5.820004,5.653718,5.695290,703000
1995-10-10,5.653718,5.736861,5.570575,5.695290,1042000
1995-10-11,5.695284,5.819998,5.653713,5.819998,1526200
1995-10-12,5.778429,5.820000,5.736857,5.778429,607200
1995-10-13,5.778428,5.861571,5.736857,5.736857,1367000
1995-10-16,5.778429,5.820000,5.736857,5.778429,998000
1995-10-17,5.736858,5.861573,5.736858,5.861573,1153200
1995-10-18,5.820000,5.903143,5.778429,5.778429,1607600
1995-10-19,5.778428,5.944714,5.778428,5.903142,1240800
1995-10-20,5.944714,6.027857,5.903142,5.903142,1364200
1995-10-23,5.903143,5.944714,5.736857,5.778429,784000
1995-10-24,5.736861,5.820004,5.612147,5.695290,1720600
1995-10-25,5.695285,5.695285,5.612143,5.612143,924400
1995-10-26,5.612144,5.612144,5.445858,5.487430,3032200
1995-10-27,5.529002,5.653717,5.445859,5.653717,1323600
1995-10-30,5.570571,5.820000,5.570571,5.736857,1347400
1995-10-31,5.736859,5.820002,5.653717,5.653717,1134200
1995-11-01,5.653718,5.778433,5.653718,5.695290,926400
1995-11-02,5.653716,5.736859,5.653716,5.674501,2030800
1995-11-03,5.653717,5.695288,5.570574,5.653717,2231200
1995-11-06,5.570572,5.653715,5.445858,5.529001,1635600
1995-11-07,5.487431,5.612145,5.487431,5.570574,2343400
1995-11-08,5.570574,5.612145,5.529002,5.570574,815600
1995-11-09,5.529000,5.612143,5.529000,5.612143,560600
1995-11-10,5.570575,5.778433,5.570575,5.695290,1008600
1995-11-13,5.695286,5.778429,5.612144,5.632929,938800
1995-11-14,5.612144,5.653716,5.445858,5.445858,1679800
1995-11-15,5.487429,5.529000,5.279571,5.362714,1959200
1995-11-16,5.321143,5.445857,5.258786,5.321143,2778600
1995-11-17,5.321143,5.445857,5.279571,5.362714,1552400
1995-11-20,5.321146,5.362717,5.238003,5.238003,1198400
1995-11-21,5.238000,5.321143,5.238000,5.321143,2172200
1995-11-22,5.279571,5.404286,5.279571,5.321143,989000
1995-11-24,5.321144,5.487430,5.321144,5.487430,1011600
1995-11-27,5.487430,5.612145,5.362716,5.404287,2474400
1995-11-28,5.362715,5.487430,5.362715,5.487430,1640000
1995-11-29,5.445858,5.570572,5.445858,5.529001,1061000
1995-11-30,5.487429,5.653715,5.487429,5.529001,1679200
1995-12-01,5.529002,5.653717,5.529002,5.570574,1692800
1995-12-04,5.570575,5.736861,5.570575,5.695290,3344800
1995-12-05,5.695285,5.778428,5.612143,5.612143,1064400
1995-12-06,5.612144,5.695287,5.612144,5.674501,5040000
1995-12-07,5.653715,5.695286,5.570572,5.591358,2117200
1995-12-08,5.570571,5.612143,5.570571,5.612143,965200
1995-12-11,5.570574,5.612145,5.529002,5.570574,1058200
1995-12-12,5.612145,5.653717,5.570574,5.653717,1306600
1995-12-13,5.612143,5.695285,5.570571,5.612143,1223600
1995-12-14,5.612145,5.612145,5.404287,5.404287,1103200
1995-12-15,5.404286,5.529000,5.321143,5.362714,3007000
1995-12-18,5.362716,5.487430,5.321144,5.404287,1434600
1995-12-19,5.362713,5.362713,4.531285,4.863856,8164600
1995-12-20,4.988572,5.030144,4.739144,4.780715,14253000
1995-12-21,4.863859,4.988573,4.780716,4.947001,3020000
1995-12-22,4.905429,5.030144,4.905429,5.030144,1211800
1995-12-26,4.988572,5.030143,4.905429,4.988572,769000
1995-12-27,4.946999,4.946999,4.822285,4.863856,1299400
1995-12-28,4.863857,4.988571,4.863857,4.905428,1682800
1995-12-29,4.947001,5.154858,4.863858,5.071715,2655000
1996-01-02,5.071713,5.154856,4.988570,5.113285,1247200
1996-01-03,5.071715,5.196430,5.071715,5.071715,2239800
1996-01-04,5.113286,5.487428,5.071714,5.321143,3860000
1996-01-05,5.321143,5.445857,5.321143,5.425072,2828600
1996-01-08,5.445858,5.445858,5.321144,5.445858,333400
1996-01-09,5.445857,5.445857,5.362714,5.362714,1278200
1996-01-10,5.321143,5.404286,5.300357,5.362714,1423200
1996-01-11,5.362716,5.404287,5.321144,5.404287,596000
1996-01-12,5.362714,5.404286,5.321143,5.321143,879200
1996-01-15,5.404285,5.404285,5.237999,5.258785,860000
1996-01-16,5.238000,5.321143,5.196428,5.321143,1308000
1996-01-17,5.321144,5.321144,4.905429,5.030144,4298800
1996-01-18,5.030143,5.113286,4.947000,4.988572,2764800
1996-01-19,4.988571,4.988571,4.863857,4.905428,3011600
1996-01-22,4.905430,4.947001,4.863859,4.947001,1396400
1996-01-23,4.905429,5.030144,4.905429,5.030144,2453600
1996-01-24,4.988572,5.071715,4.988572,5.030144,2666800
1996-01-25,5.030144,5.030144,4.947001,4.947001,1388400
1996-01-26,4.947001,5.030144,4.947001,5.030144,2062800
1996-01-29,5.030144,5.071715,4.972983,5.030144,1350200
1996-01-30,4.988574,5.154859,4.988574,5.134074,2009600
1996-01-31,5.154858,5.196430,5.113287,5.196430,1121800
1996-02-01,5.196429,5.362714,5.154857,5.362714,1692600
1996-02-02,5.321143,5.445857,5.321143,5.321143,760800
1996-02-05,5.321144,5.404287,5.321144,5.404287,2048200
1996-02-06,5.362714,5.445857,5.321143,5.362714,1694800
1996-02-07,5.404286,5.404286,5.321143,5.362714,1621400
1996-02-08,5.445858,5.529001,5.404287,5.487430,3779400
1996-02-09,5.487430,5.529001,5.404287,5.445858,2810600
1996-02-12,5.445859,5.695287,5.445859,5.674501,4076400
1996-02-13,5.653714,5.820000,5.612143,5.736857,3070400
1996-02-14,5.736855,5.861570,5.736855,5.819998,6181600
1996-02-15,5.819997,5.944712,5.778426,5.944712,4284600
1996-02-16,5.944714,5.944714,5.778428,5.903142,2549800
1996-02-20,5.820000,6.007072,5.736858,5.986286,2736000
1996-02-21,5.986283,6.027855,5.903140,5.944712,2190400
1996-02-22,5.903143,6.027858,5.903143,5.986286,2792000
1996-02-23,5.986287,6.027858,5.882358,5.923930,1772000
1996-02-26,5.861571,5.903143,5.778429,5.778429,1666800
1996-02-27,5.778431,5.820002,5.653717,5.653717,2100800
1996-02-28,5.736861,5.778433,5.653718,5.695290,1440800
1996-02-29,5.695286,5.778428,5.612143,5.736857,1839800
1996-03-01,5.736858,5.861573,5.736858,5.861573,1650600
1996-03-04,5.861572,6.069429,5.861572,5.986286,3724400
1996-03-05,5.986286,6.069429,5.944715,5.986286,3376800
1996-03-06,6.027858,6.111001,5.986287,6.069429,5416200
1996-03-07,6.027858,6.069429,5.903143,5.986286,1743200
1996-03-08,5.903141,5.944713,5.778427,5.819998,1935800
1996-03-11,5.861571,5.861571,5.695286,5.778429,1335800
1996-03-12,5.778428,5.944714,5.778428,5.903142,1126200
1996-03-13,5.944714,6.152571,5.903143,6.152571,2587600
1996-03-14,6.069429,6.485144,6.069429,6.277287,4573000
1996-03-15,6.277287,6.360429,6.194144,6.277287,2749400
1996-03-18,6.235716,6.485145,6.235716,6.485145,3123200
1996-03-19,6.443572,6.609858,6.402001,6.443572,4666200
1996-03-20,6.360433,6.443576,6.194147,6.235719,1271000
1996-03-21,6.318858,6.402001,6.277287,6.277287,3550000
1996-03-22,6.277290,6.360433,6.194147,6.235719,2220200
1996-03-25,6.194147,6.235718,6.111004,6.111004,804600
1996-03-26,6.111004,6.194147,6.069432,6.111004,714000
1996-03-27,6.111004,6.277290,6.111004,6.235719,1069600
1996-03-28,6.235713,6.360428,6.152570,6.194142,3033800
1996-03-29,6.277290,6.277290,6.194147,6.235719,2335000
1996-04-01,6.277290,6.277290,6.152576,6.173361,1444400
1996-04-02,6.235712,6.235712,6.027855,6.027855,1233200
1996-04-03,6.027858,6.194144,5.986287,6.069429,4121600
1996-04-04,6.152572,6.152572,6.027858,6.069429,2347600
1996-04-08,5.944714,5.986285,5.695285,5.903142,4293800
1996-04-09,5.986287,6.027858,5.820001,5.861573,1519200
1996-04-10,5.861570,6.069427,5.819998,5.819998,1698400
1996-04-11,5.903141,6.152569,5.903141,6.027855,2627400
1996-04-12,6.027856,6.194142,6.027856,6.194142,2159400
1996-04-15,6.194144,6.277287,6.152572,6.277287,1457400
1996-04-16,6.194142,6.277285,6.110999,6.194142,2166000
1996-04-17,6.194142,6.194142,6.110999,6.194142,808400
1996-04-18,6.111004,6.235719,6.111004,6.235719,1492800
1996-04-19,6.235719,6.318862,6.152576,6.235719,2122800
1996-04-22,6.318858,6.318858,6.235715,6.277287,806200
1996-04-23,6.277284,6.360427,6.194141,6.360427,1690000
1996-04-24,6.318858,6.360429,6.235715,6.277287,1282200
1996-04-25,6.235714,6.360429,6.235714,6.318857,1308600
1996-04-26,6.277287,6.360429,6.277287,6.277287,1342000
1996-04-29,6.277290,6.318862,6.152576,6.235719,1602800
1996-04-30,6.152571,6.318857,6.111000,6.318857,1443800
1996-05-01,6.318858,6.443572,6.235715,6.443572,2614000
1996-05-02,6.443571,6.443571,6.152571,6.152571,2008400
1996-05-03,6.194143,6.360429,6.152571,6.318857,2616400
1996-05-06,6.277288,6.402002,6.277288,6.298073,1176400
1996-05-07,6.318858,6.318858,6.069429,6.069429,1538800
1996-05-08,6.069428,6.152571,5.986285,6.152571,2002600
1996-05-09,6.152572,6.485143,6.152572,6.402000,3168200
1996-05-10,6.402002,6.609859,6.360430,6.609859,3469000
1996-05-13,6.609857,6.900857,6.568286,6.900857,3716000
1996-05-14,6.900859,7.025574,6.859288,6.921645,3739000
1996-05-15,6.859285,6.900856,6.651427,6.692999,4272200
1996-05-16,6.651430,6.776144,6.568287,6.776144,1974400
1996-05-17,6.817716,6.817716,6.651430,6.734573,1931600
1996-05-20,6.734573,6.817716,6.693001,6.734573,843400
1996-05-21,6.693001,6.859287,6.693001,6.776144,1330400
1996-05-22,6.734572,6.942429,6.734572,6.942429,2201600
1996-05-23,6.942431,6.984002,6.568288,6.609859,2515600
1996-05-24,6.568290,6.734576,6.568290,6.568290,1279800
1996-05-28,6.651433,6.693004,6.568290,6.568290,2552800
1996-05-29,6.651433,6.651433,6.568290,6.568290,1438200
1996-05-30,6.568288,6.609859,6.526716,6.609859,506600
1996-05-31,6.568290,6.651433,6.568290,6.651433,925800
1996-06-03,6.651430,6.817715,6.526715,6.776144,2223800
1996-06-04,6.776144,6.859287,6.651430,6.734573,1437200
1996-06-05,6.859290,6.984004,6.776147,6.963218,5190400
1996-06-06,6.942429,7.067143,6.900857,6.900857,4661000
1996-06-07,6.942426,6.942426,6.734569,6.859283,2291200
1996-06-10,6.859287,6.859287,6.734573,6.734573,1725200
1996-06-11,6.776142,6.817713,6.692999,6.817713,1549600
1996-06-12,6.776142,6.859285,6.734570,6.817713,3316000
1996-06-13,6.734573,6.817716,6.651430,6.734573,1579600
1996-06-14,6.734573,6.817716,6.651430,6.734573,864400
1996-06-17,6.734576,6.900861,6.526718,6.568290,1217000
1996-06-18,6.526716,6.651430,6.526716,6.609859,1133000
1996-06-19,6.568287,6.859287,6.485144,6.776144,14339200
1996-06-20,6.776143,6.984000,6.734572,6.900857,5163200
1996-06-21,6.900857,7.067143,6.900857,6.900857,5867400
1996-06-24,6.942426,6.983997,6.859283,6.880069,4768800
1996-06-25,6.859286,6.942429,6.859286,6.900857,2551800
1996-06-26,6.859285,6.900857,6.526714,6.755357,4776200
1996-06-27,6.693000,7.025571,6.693000,7.025571,3954200
1996-06-28,7.025572,7.275001,6.984001,7.191858,4156800
1996-07-01,7.108714,7.191857,6.942428,6.984000,1858600
1996-07-02,6.942428,7.067143,6.776143,7.025571,2064400
1996-07-03,7.025572,7.233430,7.025572,7.067144,2668600
1996-07-05,6.983999,7.025570,6.817713,6.817713,733800
1996-07-08,6.776144,6.859287,6.693001,6.734573,4206200
1996-07-09,6.817716,6.859287,6.693001,6.734573,3310200
1996-07-10,6.734576,6.776147,6.609862,6.651433,3285200
1996-07-11,6.692999,6.817713,6.651427,6.692999,3923800
1996-07-12,6.734572,6.900857,6.734572,6.900857,1817200
1996-07-15,6.859287,6.984001,6.776144,6.776144,3120600
1996-07-16,6.776145,6.817716,6.298073,6.609859,3808200
1996-07-17,6.651428,7.025571,6.568285,6.984000,3298600
1996-07-18,7.025572,7.067143,6.859286,6.942429,3242800
1996-07-19,6.900855,6.942426,6.776141,6.859283,3065600
1996-07-22,6.859285,6.984000,6.776143,6.984000,1943400
1996-07-23,6.983998,6.983998,6.734569,6.859283,2182000
1996-07-24,6.734573,6.859287,6.734573,6.776144,3131200
1996-07-25,6.776142,6.817713,6.692999,6.692999,3294200
1996-07-26,6.692999,6.734570,6.651427,6.692999,3888200
1996-07-29,6.651433,6.734576,6.568290,6.568290,2505800
1996-07-30,6.651430,6.734573,6.568287,6.734573,1905800
1996-07-31,6.692999,6.859285,6.692999,6.817713,3251400
1996-08-01,6.776143,6.963215,6.776143,6.942429,2257600
1996-08-02,6.942428,7.067143,6.859286,7.025571,3788600
1996-08-05,7.025572,7.233429,7.025572,7.108715,2848600
1996-08-06,7.067143,7.108714,6.859286,7.025571,1716600
1996-08-07,6.984000,7.108714,6.942428,7.025571,2436000
1996-08-08,6.942429,7.067143,6.921643,6.942429,2107400
1996-08-09,6.942428,6.984000,6.942428,6.984000,1239000
1996-08-12,6.942428,7.025571,6.942428,7.025571,3291800
1996-08-13,6.984000,7.025571,6.942428,7.025571,1667000
1996-08-14,6.942426,7.025569,6.859283,6.859283,1706800
1996-08-15,6.859287,6.942430,6.734573,6.776144,1378400
1996-08-16,6.817712,6.900855,6.692998,6.859283,1125000
1996-08-19,6.859286,6.942429,6.859286,6.900857,1132800
1996-08-20,6.859283,6.900855,6.776141,6.859283,731600
1996-08-21,6.817713,6.859285,6.734570,6.817713,735000
1996-08-22,6.817712,6.859283,6.776141,6.859283,2064400
1996-08-23,6.817713,6.942428,6.817713,6.817713,1297400
1996-08-26,6.817712,6.900855,6.776141,6.859283,771800
1996-08-27,6.859286,6.942429,6.859286,6.942429,1215600
1996-08-28,6.942429,6.984000,6.859286,6.942429,1480000
1996-08-29,6.859287,6.942430,6.734573,6.734573,812600
1996-08-30,6.734573,6.776145,6.609859,6.609859,1275200
1996-09-03,6.609855,6.900855,6.568284,6.859283,1438000
1996-09-04,6.859286,7.025571,6.776143,7.025571,1893600
1996-09-05,6.942428,7.275000,6.942428,7.025571,4677000
1996-09-06,7.025572,7.233429,7.025572,7.108715,2299000
1996-09-09,7.108716,7.358144,7.108716,7.358144,2165000
1996-09-10,7.358143,7.358143,7.150286,7.150286,1713000
1996-09-11,6.900858,7.108715,6.859287,7.067144,4778600
1996-09-12,7.025571,7.067143,6.900857,6.984000,2824000
1996-09-13,6.942429,7.108715,6.942429,7.108715,2935000
1996-09-16,7.108712,7.108712,6.817712,6.859283,2657600
1996-09-17,6.859287,6.859287,6.568287,6.734573,3949800
1996-09-18,6.651430,6.734573,6.609859,6.609859,2765000
1996-09-19,6.651427,6.734570,6.568285,6.692999,1539200
1996-09-20,6.693004,6.693004,6.609862,6.651433,2463000
1996-09-23,6.568288,6.693002,6.526716,6.609859,1570600
1996-09-24,6.609856,6.692999,6.609856,6.692999,3138400
1996-09-25,6.693002,6.734573,6.609859,6.609859,2014400
1996-09-26,6.651430,6.651430,6.526716,6.609859,3339400
1996-09-27,6.568287,6.776144,6.568287,6.776144,2295200
1996-09-30,6.734570,6.900856,6.692999,6.817713,1422200
1996-10-01,6.817712,6.859283,6.692998,6.859283,2954400
1996-10-02,6.859287,6.859287,6.693001,6.776144,2732800
1996-10-03,6.734570,6.817713,6.692999,6.692999,3587000
1996-10-04,6.734570,6.776142,6.651427,6.692999,1786000
1996-10-07,6.651428,6.817713,6.651428,6.817713,2998000
1996-10-08,6.859288,6.942431,6.817717,6.921645,3743000
1996-10-09,6.900857,6.942429,6.817715,6.900857,747600
1996-10-10,6.859286,7.108714,6.859286,7.025571,3638000
1996-10-11,7.067147,7.275004,7.067147,7.275004,3588000
1996-10-14,7.316569,7.316569,7.150283,7.316569,1368600
1996-10-15,7.295786,7.316572,7.108715,7.191858,2114600
1996-10-16,7.108715,7.191858,7.025572,7.108715,2446000
1996-10-17,7.067143,7.108714,6.984000,6.984000,1909400
1996-10-18,6.983999,7.025570,6.776142,6.817713,2794000
1996-10-21,6.817713,6.900856,6.817713,6.817713,2088400
1996-10-22,6.817713,6.859285,6.692999,6.692999,774600
1996-10-23,6.692999,6.734570,6.526713,6.692999,2062200
1996-10-24,6.651430,6.817715,6.651430,6.776144,1067200
1996-10-25,6.776144,6.859287,6.734573,6.734573,1047600
1996-10-28,6.776143,6.859285,6.734571,6.755357,1580600
1996-10-29,6.776142,6.776142,6.485142,6.692999,4466200
1996-10-30,6.734570,6.734570,6.360427,6.360427,9439000
1996-10-31,6.402002,6.693002,6.277287,6.609859,8249800
1996-11-01,6.609859,6.693002,6.485145,6.609859,2531200
1996-11-04,6.568285,6.692999,6.568285,6.692999,1137000
1996-11-05,6.692998,6.859283,6.651426,6.859283,5133200
1996-11-06,6.817715,7.108715,6.817715,7.108715,2960400
1996-11-07,7.150286,7.191858,7.025572,7.191858,4453000
1996-11-08,7.150289,7.399718,7.108718,7.399718,5337800
1996-11-11,7.358147,7.399718,7.233432,7.275004,2726800
1996-11-12,7.316569,7.358140,7.233426,7.316569,3087000
1996-11-13,7.316571,7.358143,6.942429,7.150286,3282000
1996-11-14,7.150286,7.150286,7.067144,7.108715,717000
1996-11-15,7.067143,7.191857,6.817715,6.900857,1982600
1996-11-18,6.817712,6.942426,6.817712,6.859283,1383200
1996-11-19,6.900857,7.025571,6.859286,7.025571,1700200
1996-11-20,7.399712,7.482855,7.150283,7.316569,5257400
1996-11-21,7.275004,7.358147,7.275004,7.275004,4135800
1996-11-22,7.275003,7.441289,7.275003,7.399718,4826000
1996-11-25,7.399713,7.607570,7.358141,7.607570,5463800
1996-11-26,7.566004,7.773861,7.566004,7.773861,6004400
1996-11-27,7.732286,7.773858,7.690715,7.732286,2199200
1996-11-29,7.732286,7.773858,7.732286,7.732286,109600
1996-12-02,7.773857,7.877786,7.732286,7.857000,8606000
1996-12-03,7.815432,7.898574,7.773860,7.815432,8173200
1996-12-04,7.773858,7.815429,7.732286,7.732286,5465400
1996-12-05,7.773858,7.815430,7.607573,7.649144,2360800
1996-12-06,7.565999,7.732285,7.482856,7.690713,3495600
1996-12-09,7.732289,7.898574,7.690717,7.815432,2116200
1996-12-10,7.815432,7.898574,7.773860,7.815432,3892000
1996-12-11,7.732289,7.898574,7.732289,7.815432,3786200
1996-12-12,7.773861,7.857004,7.732290,7.773861,3295600
1996-12-13,7.815432,7.815432,7.732289,7.815432,1575400
1996-12-16,7.773856,7.815428,7.607571,7.690713,2535800
1996-12-17,7.898573,8.106430,7.773858,8.023287,6423400
1996-12-18,8.023286,8.148000,8.023286,8.064857,4773800
1996-12-19,8.106427,8.314284,8.044070,8.272713,5666600
1996-12-20,8.314291,8.397434,8.189577,8.189577,5823000
1996-12-23,8.189577,8.231149,8.106434,8.189577,3050800
1996-12-24,8.189576,8.439005,8.189576,8.439005,2451200
1996-12-26,8.480572,8.646858,8.397429,8.522143,2316600
1996-12-27,8.480576,8.522148,8.439005,8.439005,3472200
1996-12-30,8.480574,8.480574,8.355860,8.397431,1921400
1996-12-31,8.439006,8.439006,8.314291,8.355863,1790800
1997-01-02,8.397431,8.397431,8.023288,8.106431,2793200
1997-01-03,8.064858,8.064858,7.898573,8.023287,6383600
1997-01-06,8.023287,8.231144,8.023287,8.210359,4786000
1997-01-07,8.231146,8.397431,8.148003,8.397431,5733200
1997-01-08,8.397431,8.522145,8.355859,8.480574,4754800
1997-01-09,8.563714,8.854714,8.522143,8.854714,10407400
1997-01-10,8.771573,8.854716,8.688430,8.771573,5776600
1997-01-13,8.771572,8.771572,8.439001,8.563715,3376600
1997-01-14,8.563715,8.854715,8.480572,8.813144,3968200
1997-01-15,8.813144,9.021001,8.771573,8.896287,5313800
1997-01-16,8.854714,9.062572,8.854714,8.958643,6889400
1997-01-17,8.937862,8.979433,8.813147,8.875504,3261000
1997-01-20,8.896286,9.021000,8.854715,8.937858,2857200
1997-01-21,8.937859,9.312002,8.937859,9.187287,4781200
1997-01-22,9.145716,9.270430,9.062573,9.187287,3338200
1997-01-23,9.187291,9.270434,8.439005,8.439005,2712000
1997-01-24,8.439002,8.813145,8.397430,8.771573,5053200
1997-01-27,8.771572,9.062572,8.646858,8.937858,5611600
1997-01-28,8.937860,8.979432,8.605289,8.688432,4357200
1997-01-29,8.688430,8.688430,8.272716,8.314287,5337200
1997-01-30,8.397433,8.480576,8.272719,8.439005,4254200
1997-01-31,8.397429,8.896286,8.397429,8.854714,3737800
1997-02-03,8.854712,8.896284,8.522141,8.542927,2817800
1997-02-04,8.522144,8.646858,8.272715,8.563715,2407200
1997-02-05,8.605287,8.854715,8.563715,8.813144,3844400
1997-02-06,8.771575,8.813146,8.522146,8.688432,3763600
1997-02-07,8.688433,8.730004,8.522147,8.730004,2018400
1997-02-10,8.730001,8.730001,8.522143,8.522143,1358600
1997-02-11,8.522144,8.896287,8.439001,8.813144,3243600
1997-02-12,8.730002,8.771573,8.522144,8.771573,3866400
1997-02-13,8.730003,9.062574,8.730003,9.062574,2382200
1997-02-14,8.979429,9.062572,8.896286,8.937858,2037400
1997-02-18,8.979432,9.062575,8.896289,8.979432,2975000
1997-02-19,8.979429,8.979429,8.813143,8.854714,1334400
1997-02-20,8.854718,8.896289,8.563717,8.584503,2827400
1997-02-21,8.563717,8.605288,8.439002,8.480574,2783400
1997-02-24,8.439001,8.480573,8.106430,8.314287,4254800
1997-02-25,8.355863,8.397434,8.189577,8.355863,4436800
1997-02-26,8.314286,8.563715,8.272715,8.563715,5173600
1997-02-27,8.563713,8.729998,8.522141,8.646855,5591400
1997-02-28,8.563715,8.646858,8.480572,8.522143,4198200
1997-03-03,8.522141,8.688427,8.480570,8.646855,2873800
1997-03-04,8.730003,8.771575,8.563717,8.688432,1902600
1997-03-05,8.688430,8.979430,8.646858,8.896287,7570400
1997-03-06,8.937860,9.104146,8.646860,8.792360,4054000
1997-03-07,8.813145,9.021002,8.771573,8.917073,4373000
1997-03-10,8.896288,9.187288,8.896288,9.166502,4756000
1997-03-11,9.353570,9.852427,9.311999,9.810856,9820800
1997-03-12,9.769289,9.894003,9.603003,9.769289,5831200
1997-03-13,9.852430,10.101859,9.561430,9.603002,15093400
1997-03-14,9.686146,9.810860,9.561432,9.769289,3894800
1997-03-17,9.769286,10.018715,9.603000,9.977143,10080200
1997-03-18,10.018715,10.018715,9.852429,9.852429,4265000
1997-03-19,9.852432,9.894003,9.603003,9.769289,5550400
1997-03-20,9.769286,9.977143,9.686143,9.935572,6280200
1997-03-21,10.018715,10.018715,9.852429,9.935572,3170000
1997-03-24,9.894003,9.894003,9.644574,9.686146,2448600
1997-03-25,9.727717,9.769289,9.644574,9.686146,2019800
1997-03-26,9.727717,9.810860,9.603003,9.686146,5234600
1997-03-27,9.686142,9.727713,9.270428,9.270428,1774600
1997-03-31,9.312002,9.686145,9.187287,9.187287,4485600
1997-04-01,9.145716,9.561430,9.062573,9.353573,2998000
1997-04-02,9.353572,9.436715,8.813143,8.937858,2928200
1997-04-03,8.937858,9.644573,8.854716,9.561430,2832600
1997-04-04,9.436713,9.810855,9.436713,9.727713,4409600
1997-04-07,9.727717,9.852432,9.603003,9.686146,1917000
1997-04-08,9.644570,9.852427,9.644570,9.810856,2377800
1997-04-09,9.852427,9.852427,9.644570,9.810856,3329000
1997-04-10,9.852427,9.893998,9.727713,9.727713,1524600
1997-04-11,9.727714,9.727714,9.311999,9.311999,1732200
1997-04-14,9.312003,9.353574,8.937860,9.062574,3091800
1997-04-15,9.104144,9.228858,8.937858,9.104144,4507400
1997-04-16,9.062573,9.603002,9.062573,9.519859,2629000
1997-04-17,9.478287,9.603001,9.312001,9.353573,4472800
1997-04-18,9.436714,9.436714,9.228856,9.311999,2497600
1997-04-21,9.312005,9.561433,9.270433,9.478291,2902200
1997-04-22,9.519860,9.769289,9.436717,9.769289,4821200
1997-04-23,9.769284,9.810855,9.602998,9.727713,4599000
1997-04-24,9.769289,9.831646,9.686146,9.769289,2951800
1997-04-25,9.769287,9.935572,9.769287,9.852429,2162000
1997-04-28,9.810855,9.893998,9.602998,9.727713,1568000
1997-04-29,9.810859,9.852430,9.395144,9.561430,2602000
1997-04-30,9.478287,9.810859,9.395144,9.603002,3788800
1997-05-01,9.602999,9.602999,9.145713,9.270428,3896800
1997-05-02,9.228860,9.395145,9.104145,9.395145,3460200
1997-05-05,9.353572,9.997929,9.312000,9.977143,4750800
1997-05-06,9.894003,10.101860,9.644574,9.686146,4209200
1997-05-07,9.644570,9.852427,9.478284,9.810856,2629400
1997-05-08,9.769284,10.683856,9.769284,10.600713,7532000
1997-05-09,10.600714,10.808571,10.476000,10.642285,5106000
1997-05-12,10.642284,10.683856,10.392856,10.600713,2561800
1997-05-13,10.600719,10.600719,10.268147,10.268147,2348600
1997-05-14,10.351286,10.434429,10.018715,10.247357,2529600
1997-05-15,10.226569,10.600712,10.101855,10.559140,1981000
1997-05-16,10.517570,10.766999,10.475999,10.683856,2414200
1997-05-19,10.683858,11.182715,10.683858,11.099572,4491200
1997-05-20,11.099575,11.515289,11.058003,11.432146,9394600
1997-05-21,11.349002,11.390574,10.933288,10.974859,5485600
1997-05-22,10.974862,10.974862,10.683862,10.746219,3855600
1997-05-23,10.808570,10.850141,10.351284,10.600713,5248800
1997-05-27,10.559141,10.683856,10.434427,10.600713,3018000
1997-05-28,10.642291,10.642291,10.351291,10.476006,2831400
1997-05-29,10.891713,11.057998,10.683856,11.016427,7320800
1997-05-30,10.933285,11.390571,10.891714,11.224285,5657600
1997-06-02,11.265857,11.265857,10.933285,10.954071,2509200
1997-06-03,10.974859,11.058002,10.767002,10.974859,2244000
1997-06-04,10.933285,11.348999,10.933285,11.224285,3289800
1997-06-05,11.245077,11.349006,10.974863,10.995648,2385800
1997-06-06,11.016430,11.058002,10.517573,11.058002,3585600
1997-06-09,11.058007,11.182721,11.016436,11.120364,1226000
1997-06-10,11.099571,11.286642,11.099571,11.224285,2751400
1997-06-11,11.203505,11.349005,11.141148,11.328219,3714600
1997-06-12,11.349005,11.598433,11.307433,11.484112,7332600
1997-06-13,11.494500,11.743929,11.432143,11.556857,4377200
1997-06-16,11.515291,11.702363,11.432148,11.577648,2136600
1997-06-17,11.515292,11.536078,11.369792,11.452935,2674400
1997-06-18,11.390573,11.515287,11.307430,11.369787,2458000
1997-06-19,11.390567,11.723138,11.390567,11.702353,5578200
1997-06-20,11.660787,11.702358,11.141144,11.182715,4517800
1997-06-23,11.182716,11.203502,10.933288,10.974859,3003400
1997-06-24,10.995646,11.037217,10.559145,10.891717,5017200
1997-06-25,10.870926,10.891712,10.642283,10.766997,3608600
1997-06-26,10.767001,11.265858,10.725430,11.182715,4136400
1997-06-27,11.224290,11.473719,11.182719,11.307433,3332400
1997-06-30,11.265859,11.432145,10.933288,10.933288,3367400
1997-07-01,10.954075,11.016432,10.683860,10.808575,2572000
1997-07-02,10.808581,10.829366,10.309723,10.455223,7226000
1997-07-03,10.455213,10.725427,10.455213,10.600713,4824200
1997-07-07,10.850143,10.850143,10.642286,10.663072,5483600
1997-07-08,10.683857,10.933286,10.642286,10.870929,4404200
1997-07-09,10.933284,10.974856,10.559141,10.600713,4766200
1997-07-10,10.600714,10.829357,10.600714,10.663072,4596400
1997-07-11,10.683862,11.182719,10.642290,11.141148,2646800
1997-07-14,11.182717,11.349002,10.767002,10.912502,2296000
1997-07-15,10.933291,11.058006,10.870934,10.995648,2425800
1997-07-16,11.058001,11.307430,10.995644,11.265859,2838200
1997-07-17,11.328219,11.390576,11.078790,11.141148,2177000
1997-07-18,11.141148,11.141148,10.767005,10.995648,1680200
1997-07-21,10.974862,11.016433,10.735826,10.746219,1588800
1997-07-22,10.725426,10.808569,10.517569,10.766997,2439600
1997-07-23,10.767000,10.891714,10.559142,10.642285,3288600
1997-07-24,10.621500,10.808571,10.600714,10.642285,3616200
1997-07-25,10.683862,11.307433,10.517576,11.245076,4897000
1997-07-28,11.265862,11.432148,11.141148,11.328219,2116600
1997-07-29,11.328217,12.305146,11.328217,12.034931,8920000
1997-07-30,12.055714,12.388285,11.931000,12.305142,5332000
1997-07-31,12.346718,12.928718,12.180432,12.596147,6124800
1997-08-01,12.637712,12.637712,12.180427,12.429855,2933000
1997-08-04,12.512999,12.554571,12.097285,12.263571,4042600
1997-08-05,12.263571,12.388285,12.097285,12.325928,4003800
1997-08-06,12.346713,12.346713,12.180428,12.325928,4771200
1997-08-07,12.471431,12.928717,12.429859,12.783216,7649400
1997-08-08,12.637713,12.928713,12.471427,12.512999,3363000
1997-08-11,12.533788,12.554573,11.847859,12.180430,2999000
1997-08-12,12.284359,12.596145,12.138859,12.138859,2973000
1997-08-13,12.180424,12.221995,11.639995,11.702353,6158800
1997-08-14,11.660781,11.764710,11.639995,11.702353,6441400
1997-08-15,11.702360,11.723146,11.432146,11.432146,3391000
1997-08-18,11.556863,11.556863,11.224291,11.494506,3215400
1997-08-19,11.556856,11.847856,11.515285,11.806285,4512000
1997-08-20,11.806287,12.159645,11.702359,12.138859,3197800
1997-08-21,12.159645,12.263574,11.993360,12.034931,2950800
1997-08-22,11.889424,12.014138,11.598424,11.702353,2594000
1997-08-25,11.723144,11.972572,11.556858,11.972572,2588200
1997-08-26,11.930995,12.118066,11.639995,11.889423,2884200
1997-08-27,11.889424,12.097281,11.806281,12.055710,4297400
1997-08-28,11.993358,12.055715,11.806287,11.972572,4388200
1997-08-29,12.014144,12.014144,11.931001,11.993359,2088600
1997-09-02,11.993357,12.679286,11.993357,12.637714,4624400
1997-09-03,12.596145,12.596145,11.993359,12.014145,3427200
1997-09-04,12.305142,12.346714,12.180428,12.305142,3919600
1997-09-05,12.346715,12.346715,12.014143,12.097286,2974600
1997-09-08,12.180428,12.346714,12.097285,12.263571,2242000
1997-09-09,12.222002,12.263573,12.055716,12.138859,4203400
1997-09-10,12.201217,12.263574,12.138859,12.159645,3202000
1997-09-11,12.180428,12.325928,11.972571,12.263571,2300000
1997-09-12,12.263578,12.513006,12.263578,12.409078,1773000
1997-09-15,12.471435,12.637721,12.388292,12.616935,3051400
1997-09-16,12.720861,13.074218,12.720861,13.011861,4421000
1997-09-17,13.074214,13.095000,12.762428,12.907928,2290800
1997-09-18,12.887144,13.261287,12.887144,12.887144,1997000
1997-09-19,12.887147,13.074218,12.762432,13.011861,4455800
1997-09-22,13.053427,13.053427,12.887142,12.975481,2912600
1997-09-23,12.970282,12.970282,12.637711,12.720854,1476600
1997-09-24,12.679286,12.845572,12.554572,12.679286,2500400
1997-09-25,12.679289,12.762432,12.554575,12.596147,1336200
1997-09-26,12.596143,12.762429,12.429857,12.637714,2164600
1997-09-29,12.637716,12.679287,12.513002,12.554573,1703800
1997-09-30,12.554570,12.596141,12.471427,12.512999,4320400
1997-10-01,12.471428,13.344428,12.450642,13.063821,5188000
1997-10-02,13.032645,13.032645,12.554574,12.783216,3607200
1997-10-03,12.991073,13.011859,12.679287,12.824787,2304000
1997-10-06,12.845574,13.053431,12.679289,12.772824,3862000
1997-10-07,12.762430,12.762430,12.513002,12.658502,2475600
1997-10-08,12.720857,12.928714,12.596143,12.845572,2794000
1997-10-09,12.804004,13.115790,12.513004,12.970290,2244800
1997-10-10,12.928717,13.053432,12.762432,12.991075,1789400
1997-10-13,13.011862,13.302862,13.011862,13.178147,1891000
1997-10-14,13.386007,13.718578,13.136578,13.157364,4702800
1997-10-15,13.095005,13.095005,12.887147,12.970290,3580600
1997-10-16,13.011857,13.011857,12.679286,12.679286,4204400
1997-10-17,12.658500,12.762429,12.222000,12.637714,4426200
1997-10-20,12.658503,12.907931,12.513003,12.762431,2599200
1997-10-21,12.741645,12.928717,12.700074,12.783216,1682600
1997-10-22,12.720857,12.845572,12.471429,12.637714,2178800
1997-10-23,12.305143,12.804000,12.305143,12.637714,2077600
1997-10-24,12.762437,12.804009,12.263580,12.346723,2300000
1997-10-27,12.325929,12.471429,11.681572,11.681572,3008200
1997-10-28,11.847864,12.222007,11.265863,12.118078,8927400
1997-10-29,12.305151,12.596151,12.097294,12.346723,5225800
1997-10-30,12.222000,12.720857,12.180428,12.305142,3810000
1997-10-31,12.471429,12.804001,12.429858,12.804001,2234000
1997-11-03,13.011861,13.219718,12.887146,13.219718,6246800
1997-11-04,13.178148,13.178148,12.970291,13.032648,3306800
1997-11-05,13.094998,13.136569,12.887140,12.928712,2006800
1997-11-06,13.011857,13.718571,13.011857,13.656214,9601400
1997-11-07,13.261284,13.635427,13.261284,13.261284,3809000
1997-11-10,13.344428,13.593856,13.261285,13.510714,4032600
1997-11-11,13.552289,14.092717,13.469146,13.988789,4101200
1997-11-12,13.843292,14.051149,13.593863,13.687399,3469600
1997-11-13,13.718575,13.884861,13.261289,13.677004,2570400
1997-11-14,13.760138,13.884852,13.552280,13.760138,1588800
1997-11-17,13.884858,14.051143,13.760143,13.801715,2902800
1997-11-18,13.760146,13.801717,13.344431,13.531503,3679200
1997-11-19,13.552281,14.009566,13.385995,13.905638,3654800
1997-11-20,13.843287,14.051144,13.760144,13.884858,3696400
1997-11-21,14.009571,14.799428,13.968000,14.570786,9821400
1997-11-24,14.550008,14.903365,14.550008,14.550008,5964200
1997-11-25,14.716286,14.882571,14.238214,14.300571,7584400
1997-11-26,14.383716,14.944930,14.259001,14.841002,4337800
1997-11-28,14.799436,14.924150,14.716293,14.737079,1579400
1997-12-01,14.716297,14.965725,14.550011,14.944940,4478200
1997-12-02,14.924141,14.986499,14.342142,14.425284,3969200
1997-12-03,14.466856,14.633142,14.258999,14.425284,4850400
1997-12-04,14.508430,14.508430,14.009573,14.217430,4048200
1997-12-05,14.092716,14.550002,14.092716,14.196645,4201800
1997-12-08,14.217428,14.259000,13.884857,14.259000,4306400
1997-12-09,14.175853,14.508424,14.051139,14.155067,3248200
1997-12-10,14.092718,14.342147,14.051147,14.207040,1616200
1997-12-11,14.009571,14.217428,13.926428,13.967999,1732000
1997-12-12,14.051151,14.051151,13.261294,13.489937,4296400
1997-12-15,13.510714,14.051143,13.427571,14.051143,4634200
1997-12-16,14.134286,14.383714,14.092714,14.259000,3521200
1997-12-17,14.300572,14.425286,13.843286,13.957607,1833200
1997-12-18,14.217433,14.466861,13.510718,13.677004,4673200
1997-12-19,13.302859,14.175859,13.302859,14.134288,4232600
1997-12-22,14.175848,14.258991,13.697777,13.697777,2966600
1997-12-23,13.801717,14.175860,13.760146,14.061539,2757400
1997-12-24,14.175852,14.217424,13.718567,13.718567,997600
1997-12-26,13.635430,13.988787,13.635430,13.884858,441200
1997-12-29,13.967996,14.175853,13.884853,14.155067,2158000
1997-12-30,14.217427,14.508427,14.175856,14.425284,1628800
1997-12-31,14.425287,15.028073,14.300573,14.841002,3650400
1998-01-02,14.840995,14.882566,14.466852,14.633138,3451800
1998-01-05,14.570785,14.965713,14.508428,14.924142,2167600
1998-01-06,14.882574,14.924145,14.591574,14.591574,3376400
1998-01-07,14.591577,14.757863,14.134292,14.446077,2829600
1998-01-08,14.446075,15.048860,14.446075,14.903360,7284400
1998-01-09,14.944927,14.965713,14.217427,14.466856,4340600
1998-01-12,14.238222,14.591579,14.051150,14.550008,4072400
1998-01-13,14.633146,14.633146,14.425289,14.487646,2474200
1998-01-14,14.591569,14.674711,14.404497,14.404497,4113400
1998-01-15,14.466857,14.466857,14.134286,14.300571,1270600
1998-01-16,14.529221,14.799436,14.383721,14.799436,2358400
1998-01-20,14.757854,15.131997,14.674711,15.131997,2417200
1998-01-21,15.007293,15.173579,14.674721,14.799436,5779800
1998-01-22,14.674716,14.882573,14.550001,14.841002,1418000
1998-01-23,14.944927,14.965713,14.342142,14.425284,2570400
1998-01-26,14.425290,14.591576,13.968004,14.009576,3044400
1998-01-27,14.030360,14.716289,13.968003,14.487646,3599200
1998-01-28,14.612359,14.633144,14.134287,14.383716,2538200
1998-01-29,14.300577,14.466863,14.300577,14.446077,2970400
1998-01-30,14.508427,14.591570,14.383713,14.425284,1617000
1998-02-02,14.466857,14.841000,14.425286,14.674714,1986800
1998-02-03,14.674719,14.965719,14.591576,14.861791,1204200
1998-02-04,14.820209,15.381423,14.716281,15.256709,1974000
1998-02-05,15.339854,15.672426,14.924140,15.131997,4180800
1998-02-06,15.215146,15.547718,15.132003,15.506146,2274800
1998-02-09,15.381434,15.402219,14.799433,14.861791,2657000
1998-02-10,14.924139,15.360639,14.820211,14.965711,2819000
1998-02-11,15.007287,15.277502,14.882573,14.882573,2092400
1998-02-12,14.924143,15.339857,14.757857,15.090428,2025200
1998-02-13,15.048854,15.277497,14.882569,15.131997,927800
1998-02-17,15.215139,15.360639,15.194354,15.215139,1721200
1998-02-18,15.173576,15.610076,15.132004,15.568504,2296800
1998-02-19,15.589282,15.589282,15.131997,15.215139,1593800
1998-02-20,15.277501,15.547716,14.882573,15.464573,2647000
1998-02-23,15.547713,16.379141,15.422998,16.254427,5521600
1998-02-24,16.212860,16.711717,16.129717,16.420717,5228600
1998-02-25,16.462283,16.607783,16.233640,16.545425,4810200
1998-02-26,16.441505,16.878006,16.233648,16.794863,3993800
1998-02-27,16.877998,16.877998,16.254427,16.254427,5778400
1998-03-02,16.337568,16.628568,15.963426,16.545425,2247000
1998-03-03,16.503861,16.649361,16.379147,16.462290,1486000
1998-03-04,16.670146,17.065075,16.587003,16.919575,5358800
1998-03-05,16.628575,17.169003,16.545432,16.919575,3186200
1998-03-06,16.940365,17.543151,16.919579,17.501579,3760000
1998-03-09,17.480787,18.208287,17.376858,18.083572,4770400
1998-03-10,18.208288,18.478502,18.021216,18.395359,3352800
1998-03-11,18.582430,18.624002,17.792573,18.249859,3683800
1998-03-12,18.499286,18.540857,17.792572,17.917286,3795800
1998-03-13,17.917289,18.333003,17.917289,18.229074,3319600
1998-03-16,18.083567,18.603210,17.875710,18.582424,5249400
1998-03-17,18.582432,18.769504,18.333004,18.603218,3311600
1998-03-18,18.520082,18.520082,18.208296,18.416153,2265800
1998-03-19,18.374577,18.915006,18.042005,18.811077,3840800
1998-03-20,18.769503,19.538575,18.769503,19.351503,5344400
1998-03-23,19.268360,19.289145,18.333002,18.478502,4132600
1998-03-24,18.582428,18.748714,18.499286,18.665571,1503400
1998-03-25,18.707150,18.707150,17.875721,18.166721,2978400
1998-03-26,18.166715,18.478501,17.875715,17.875715,2752200
1998-03-27,18.083572,18.125143,17.626286,17.709429,2608400
1998-03-30,17.667860,17.938075,17.252146,17.335289,3344600
1998-03-31,17.418437,17.875723,17.293723,17.751009,3316800
1998-04-01,17.792573,18.083573,17.751002,18.042002,2456600
1998-04-02,18.000432,18.249861,17.813361,17.834146,3175000
1998-04-03,17.875716,17.917287,17.584716,17.626287,2228400
1998-04-06,17.792568,17.834139,17.085854,17.085854,3225200
1998-04-07,17.002718,17.709433,17.002718,17.647076,5318600
1998-04-08,17.813355,18.332998,17.813355,18.187498,6530200
1998-04-09,18.270648,18.873434,18.208290,18.852648,4128200
1998-04-13,18.665577,18.748720,18.333005,18.520077,4902800
1998-04-14,18.436939,18.582439,18.291439,18.416153,1939000
1998-04-15,18.540857,18.707143,18.416143,18.665571,2070200
1998-04-16,18.582435,18.624007,18.333007,18.436935,1962400
1998-04-17,18.374570,18.582427,18.208284,18.540855,1678400
1998-04-20,18.540855,18.956569,18.499283,18.935783,2744400
1998-04-21,18.935790,18.998147,18.665576,18.977362,2096600
1998-04-22,18.935782,19.164425,18.727925,18.894211,1643000
1998-04-23,18.831868,19.143654,18.582440,19.018940,3249600
1998-04-24,18.956573,19.122858,18.624001,18.644787,3056200
1998-04-27,18.374577,18.457720,18.021220,18.125149,2889600
1998-04-28,18.249864,18.416150,17.792578,18.166721,3258400
1998-04-29,18.208287,18.208287,17.751001,17.875715,2323400
1998-04-30,18.125139,18.582424,18.062781,18.582424,2396000
1998-05-01,18.603215,18.790287,18.374572,18.499287,1678200
1998-05-04,18.707148,18.998148,18.457720,18.520077,1529600
1998-05-05,18.499289,18.499289,18.042003,18.239468,2068800
1998-05-06,18.208283,18.457711,18.208283,18.353783,1504400
1998-05-07,18.499290,18.873433,18.333004,18.333004,1844400
1998-05-08,18.291428,18.915000,18.249857,18.873428,1528600
1998-05-11,18.915006,18.977363,18.707149,18.811077,1477200
1998-05-12,18.790290,18.852647,18.312219,18.769505,1670000
1998-05-13,18.748713,18.873427,18.499284,18.623999,1648200
1998-05-14,18.582425,18.582425,18.229068,18.353783,1959400
1998-05-15,18.416153,18.582439,18.312224,18.416153,3608800
1998-05-18,18.395367,18.499296,18.291439,18.416153,2236600
1998-05-19,18.436939,18.457725,17.709439,18.000439,3852800
1998-05-20,18.083572,18.291430,18.042001,18.083572,3466400
1998-05-21,18.104366,18.125152,17.335294,17.751009,4473600
1998-05-22,17.917289,18.042004,17.834146,17.834146,3442000
1998-05-26,17.958857,18.374571,17.958857,18.104357,3102000
1998-05-27,17.958852,18.332995,17.917281,18.291424,2823000
1998-05-28,18.457714,18.998143,18.166714,18.873428,4760400
1998-05-29,18.956574,19.580145,18.915002,19.247574,5766000
1998-06-01,19.185228,19.247586,18.707157,18.831871,3371200
1998-06-02,19.039717,19.247574,18.998146,19.122860,4468400
1998-06-03,19.206009,19.829581,19.039724,19.226795,4936000
1998-06-04,19.330717,19.663289,19.289146,19.476217,4059800
1998-06-05,19.455425,19.559353,19.330710,19.434639,1997400
1998-06-08,19.372287,20.162145,19.372287,20.058216,3648000
1998-06-09,20.182940,20.203726,19.663297,19.912725,3365800
1998-06-10,19.829583,20.370011,19.455439,19.912725,3860400
1998-06-11,19.912725,20.370011,19.829583,19.912725,3252200
1998-06-12,19.954287,19.995858,19.704858,19.954287,3749400
1998-06-15,19.663287,19.891930,19.621715,19.684072,1573600
1998-06-16,19.829568,19.850354,19.122854,19.455425,6504000
1998-06-17,19.476215,19.975072,19.330715,19.871143,5789000
1998-06-18,19.829570,20.910427,19.787999,20.640213,5113800
1998-06-19,20.661008,20.993580,20.328437,20.577866,2875800
1998-06-22,20.577863,20.702577,20.286863,20.681791,2115000
1998-06-23,20.660997,21.159854,20.660997,20.868855,2727600
1998-06-24,20.910437,20.952009,20.453151,20.577866,2476400
1998-06-25,20.598641,20.910427,20.515498,20.764927,1753800
1998-06-26,20.785722,21.180651,20.702579,20.972794,2688400
1998-06-29,20.993579,21.320954,20.910436,21.024757,2434400
1998-06-30,20.868865,21.076722,20.619436,20.972794,4041600
1998-07-01,20.972791,21.035149,20.370006,20.473934,3903800
1998-07-02,20.785710,20.868853,20.411567,20.453138,1764000
1998-07-06,20.640222,20.972794,20.432365,20.972794,2786600
1998-07-07,21.118286,21.346929,21.014358,21.055929,2060000
1998-07-08,21.118290,21.284576,20.931219,21.263790,2039600
1998-07-09,21.284568,21.617139,21.035139,21.035139,2267400
1998-07-10,21.076718,21.492432,20.536289,21.097504,3948600
1998-07-13,21.076712,21.201426,20.660997,21.076712,1220600
1998-07-14,21.076717,21.575574,20.785717,21.554789,2470200
1998-07-15,21.450860,21.575575,21.014360,21.222218,1630800
1998-07-16,21.222211,21.242996,20.744139,21.180639,2829400
1998-07-17,21.263789,21.367717,21.118289,21.346931,3402000
1998-07-20,21.367721,21.637936,21.243007,21.575579,2462600
1998-07-21,21.617143,21.845786,21.326143,21.450857,1975200
1998-07-22,21.450864,21.866578,21.409292,21.617149,1894800
1998-07-23,21.658711,21.658711,21.201426,21.201426,3180200
1998-07-24,20.952007,20.952007,20.120578,20.661007,6686600
1998-07-27,20.411573,20.536287,19.621716,20.328430,3734200
1998-07-28,20.286869,20.453155,19.642511,19.642511,2906600
1998-07-29,19.912716,20.079002,19.164431,19.164431,3113000
1998-07-30,19.496996,19.871139,19.289139,19.777603,3803600
1998-07-31,19.788000,19.995857,18.873428,18.873428,2828400
1998-08-03,18.852648,18.956577,18.249862,18.520077,5344800
1998-08-04,18.665581,18.707152,17.418437,17.751009,6594600
1998-08-05,17.667864,18.187507,17.252150,18.166721,7090600
1998-08-06,18.083572,18.291429,17.460000,18.135536,4307600
1998-08-07,18.416144,19.247573,18.312216,19.081287,6028800
1998-08-10,19.060502,19.663287,18.915002,19.497002,4448800
1998-08-11,18.956575,19.413860,18.915003,19.206003,5186600
1998-08-12,19.268362,19.372290,18.831861,19.039719,5657000
1998-08-13,18.998148,19.122862,18.707148,18.852648,4101000
1998-08-14,18.998146,19.330718,18.353789,18.374575,3628800
1998-08-17,18.395360,18.499289,18.208289,18.374575,3244400
1998-08-18,18.457715,19.850358,18.436929,19.746429,3876000
1998-08-19,19.788007,19.933507,19.289149,19.538578,4143600
1998-08-20,19.559353,19.559353,18.935782,19.434639,3453600
1998-08-21,19.164433,19.206004,18.603219,19.039719,3185400
1998-08-24,19.206003,19.372289,18.831860,19.122860,2543200
1998-08-25,19.206001,19.351501,18.582430,18.644787,3974000
1998-08-26,18.561646,19.268360,18.374574,19.122860,4843000
1998-08-27,18.707145,19.122859,18.333002,18.395359,6469600
1998-08-28,18.416147,18.582433,17.605504,17.647076,4988600
1998-08-31,17.792576,17.917290,15.630861,15.651647,6459400
1998-09-01,15.713997,16.794854,15.713997,16.545425,10547000
1998-09-02,16.753290,16.878004,14.965718,14.986504,26038800
1998-09-03,15.630858,16.753286,15.506143,16.607786,20460000
1998-09-04,16.877997,17.397640,15.838711,16.545425,7448000
1998-09-08,17.335295,18.499296,17.044295,18.416153,9867600
1998-09-09,18.249856,18.873428,17.750999,18.021214,6526800
1998-09-10,17.501578,17.501578,16.628578,17.169006,6643000
1998-09-11,17.210574,17.231359,16.628574,17.231359,3732600
1998-09-14,17.626289,18.249860,17.210574,17.397646,4163600
1998-09-15,17.418437,17.667866,17.231366,17.460009,3352400
1998-09-16,17.709432,18.624004,17.543147,18.333004,5793000
1998-09-17,17.792572,18.166715,17.709429,17.709429,2974800
1998-09-18,17.979644,18.125144,17.667858,17.667858,3480400
1998-09-21,17.460009,17.834152,17.210580,17.751009,2756400
1998-09-22,18.042007,18.042007,17.252150,17.252150,3656600
1998-09-23,17.460001,17.875715,17.127430,17.875715,5786000
1998-09-24,17.605504,18.042004,16.379147,16.732504,8148200
1998-09-25,16.566218,16.649361,16.025789,16.503860,8211000
1998-09-28,16.794858,17.314500,16.587000,16.607786,5160200
1998-09-29,16.836429,16.878001,16.046572,16.129715,6019200
1998-09-30,16.129716,16.129716,15.339859,15.755573,6409600
1998-10-01,15.339864,15.339864,14.300578,14.799436,10325800
1998-10-02,14.882571,15.048856,13.884856,14.757856,9697000
1998-10-05,14.799436,14.799436,13.718578,14.737079,5512600
1998-10-06,15.215145,15.464574,14.674717,15.298288,5215000
1998-10-07,15.173581,15.672439,15.132010,15.319081,4888000
1998-10-08,14.799428,15.422999,13.926428,14.924142,6532200
1998-10-09,15.048863,15.693220,14.550006,15.630863,4730200
1998-10-12,16.025789,16.399932,15.880289,16.005003,3556400
1998-10-13,15.797146,16.088147,15.474968,15.506146,3829000
1998-10-14,15.423008,15.859508,15.423008,15.610080,5970400
1998-10-15,15.589289,16.753290,15.298289,16.732504,5620200
1998-10-16,16.878003,17.626289,16.836432,17.272932,7051200
1998-10-19,17.792574,18.333003,17.771789,18.229074,9703600
1998-10-20,18.499283,19.205998,18.499283,18.727926,8023600
1998-10-21,18.686363,18.935792,18.166720,18.748720,3813000
1998-10-22,18.915005,19.351505,18.457720,19.289148,3160000
1998-10-23,19.164428,19.559357,18.956571,18.998142,2492400
1998-10-26,19.122859,19.122859,18.353788,18.478502,3180400
1998-10-27,18.624007,18.748721,18.145935,18.145935,3772600
1998-10-28,18.042005,18.540862,17.958862,18.520077,3382000
1998-10-29,18.582433,18.894219,18.416147,18.686361,2985000
1998-10-30,18.790285,19.413857,18.665571,18.873428,2838400
1998-11-02,19.247578,19.559364,19.206006,19.538578,2067800
1998-11-03,19.621712,19.621712,18.914998,18.935783,2120600
1998-11-04,19.289143,19.912715,19.247572,19.871143,2591800
1998-11-05,19.642498,21.035140,19.455426,20.868855,5939000
1998-11-06,20.910436,20.910436,20.286865,20.619436,4363200
1998-11-09,20.577858,20.577858,19.829572,19.954287,3275400
1998-11-10,19.788006,19.829577,19.039720,19.289148,5462000
1998-11-11,19.455425,19.496996,18.790282,19.102068,4566800
1998-11-12,19.081283,19.205998,18.873426,18.935783,3960200
1998-11-13,19.018925,19.496997,18.790283,19.455425,3607400
1998-11-16,19.600930,20.079002,19.600930,20.058216,5209400
1998-11-17,19.995865,20.120580,19.746437,20.016651,3288600
1998-11-18,20.016642,20.286857,19.642500,20.182928,1974800
1998-11-19,20.286865,20.619437,20.224508,20.577866,2823600
1998-11-20,20.827279,20.827279,20.453136,20.515493,1537000
1998-11-23,20.619427,20.889641,20.577856,20.702570,2012600
1998-11-24,20.744146,20.744146,20.099789,20.120575,3029600
1998-11-25,20.162152,20.661009,20.079009,20.536295,1713400
1998-11-27,20.660997,21.201426,20.619426,21.201426,1861800
1998-11-30,21.284569,21.575569,20.868855,20.868855,5392400
1998-12-01,20.619436,21.076722,20.494722,20.827293,3030000
1998-12-02,20.848071,20.848071,20.079000,20.182928,4227400
1998-12-03,20.328430,20.411573,19.081287,19.081287,5327200
1998-12-04,19.642503,20.245289,19.497003,20.120575,4254400
1998-12-07,20.349213,20.702570,20.245284,20.702570,2501400
1998-12-08,20.702573,22.531715,20.557073,21.700287,7152000
1998-12-09,21.762647,22.344647,21.534004,22.219933,4511400
1998-12-10,22.115997,22.448568,21.866568,22.032854,3231200
1998-12-11,21.908142,22.531714,21.866571,22.261499,4094800
1998-12-14,22.219939,22.240725,21.450867,21.762653,5983000
1998-12-15,21.866585,21.949727,21.367727,21.928942,3960400
1998-12-16,22.116003,22.739574,21.908146,22.531717,4215000
1998-12-17,22.614859,22.614859,22.157574,22.365431,2571800
1998-12-18,22.199139,22.199139,21.222210,21.721067,6485800
1998-12-21,21.658721,22.240721,21.534006,21.617149,4074000
1998-12-22,21.637938,22.448581,21.409295,22.427795,4005800
1998-12-23,22.469357,22.864285,22.323857,22.822714,2937600
1998-12-24,22.677221,23.030578,22.531721,22.864292,1115800
1998-12-28,23.030572,23.487858,22.864287,23.363144,2236200
1998-12-29,23.383932,24.901289,23.363146,24.901289,4308600
1998-12-30,24.859719,25.317005,23.695719,23.695719,3728000
1998-12-31,23.903577,24.360863,23.196862,24.007505,2095600
1999-01-04,24.090632,24.090632,23.279990,23.778847,4260000
1999-01-05,23.571013,24.402442,23.529442,24.236156,2852000
1999-01-06,24.444010,25.192296,24.444010,25.150724,3897800
1999-01-07,25.026000,25.192286,24.444000,24.984428,3449200
1999-01-08,25.025996,25.067568,24.111425,24.506353,6172800
1999-01-11,24.423205,24.443991,23.945134,24.111420,2071000
1999-01-12,23.924356,24.298499,23.799642,24.049070,4284800
1999-01-13,23.280003,24.277718,23.030575,24.277718,2904800
1999-01-14,24.360867,24.360867,23.238438,24.090652,3176000
1999-01-15,24.360852,24.734994,23.778852,24.714209,2741400
1999-01-19,24.776575,24.963646,24.111432,24.901289,2782000
1999-01-20,24.880517,25.150731,24.360874,24.693445,3243000
1999-01-21,24.527146,25.005217,23.737289,23.986717,3639200
1999-01-22,23.529440,24.111440,23.030583,23.820440,1888200
1999-01-25,23.882790,23.924362,23.571004,23.695719,1729600
1999-01-26,23.654139,24.818139,23.654139,24.506353,3311400
1999-01-27,24.859716,26.086074,24.838931,25.628788,4772200
1999-01-28,25.857433,27.187719,25.441719,27.104576,5107400
1999-01-29,27.333214,27.707357,26.647286,27.561857,4867800
1999-02-01,27.644997,27.644997,26.273140,26.429033,4845600
1999-02-02,26.439440,26.772011,25.524868,25.795082,4435600
1999-02-03,26.023719,26.273148,25.774291,26.210791,4787600
1999-02-04,26.418643,26.564143,25.649572,25.691143,4441000
1999-02-05,25.670372,25.940586,25.441729,25.587229,3194200
1999-02-08,25.857431,25.940574,25.171503,25.649574,2400800
1999-02-09,25.566428,25.628785,24.423214,24.547928,3107600
1999-02-10,24.485577,25.608006,24.444005,25.545649,3258000
1999-02-11,25.691159,26.979874,25.275444,26.979874,3819400
1999-02-12,26.709650,26.730436,25.524864,26.023722,4508000
1999-02-16,26.231571,27.395571,26.210785,27.250071,5425400
1999-02-17,27.063011,27.478725,26.522582,27.125368,3623600
1999-02-18,27.125360,28.393289,26.855146,27.873646,3997000
1999-02-19,28.019147,28.081504,26.938290,27.146147,3232600
1999-02-22,27.187710,27.520282,27.021425,27.270853,2545000
1999-02-23,27.354009,28.143866,26.772008,28.019152,2891800
1999-02-24,27.977581,28.601152,27.686581,27.686581,3872200
1999-02-25,27.686588,27.686588,26.605731,26.979874,2762000
1999-02-26,27.083791,27.478720,26.190005,26.709648,2634600
1999-03-01,26.813579,28.081508,26.730436,28.060722,3020000
1999-03-02,28.143870,28.351727,26.959083,27.374798,4249800
1999-03-03,27.437133,27.832061,27.146133,27.811275,7303200
1999-03-04,28.019140,28.850569,27.852855,28.850569,8938000
1999-03-05,29.349430,30.201645,28.268573,30.118502,6031600
1999-03-08,29.910644,30.056144,28.871358,30.014572,6388800
1999-03-09,29.723569,30.451069,29.702783,30.097712,3617400
1999-03-10,30.222425,30.430282,29.827497,30.139282,3296600
1999-03-11,30.139283,31.012283,29.889854,30.097712,4850800
1999-03-12,30.180867,30.305582,29.183153,29.453367,4392200
1999-03-15,29.578069,30.430283,29.307854,30.305569,3375400
1999-03-16,30.243221,30.264007,29.515721,29.806721,2240800
1999-03-17,29.682002,30.264002,29.515716,30.118502,2048000
1999-03-18,30.097712,30.388712,29.681998,30.326355,1489400
1999-03-19,30.471852,30.554995,29.224709,29.245495,4792600
1999-03-22,29.307871,29.931443,28.621942,29.598871,3157000
1999-03-23,29.578082,30.056154,28.892154,29.411797,3290200
1999-03-24,29.349418,29.765132,28.559561,29.266275,3973800
1999-03-25,29.266287,30.139287,29.245502,30.118502,2536600
1999-03-26,29.972994,30.471851,29.765137,30.263994,2876400
1999-03-29,30.388722,30.762865,30.264007,30.534222,2271200
1999-03-30,30.284778,30.388707,29.931421,29.931421,3287600
1999-03-31,30.139283,31.012283,30.118497,30.451069,3299000
1999-04-01,30.575784,30.804426,29.598855,29.910641,3752200
1999-04-05,29.910644,30.160072,29.723572,30.014572,2940200
1999-04-06,30.097711,31.136996,29.889854,30.762854,4052600
1999-04-07,31.095437,31.178580,29.661222,30.222437,5019000
1999-04-08,30.492643,30.555000,29.432571,29.702785,4689200
1999-04-09,29.723593,30.076951,29.536522,29.889879,2770400
1999-04-12,29.806709,29.952209,29.432566,29.869066,3289000
1999-04-13,29.889852,29.889852,29.375406,29.536495,2603200
1999-04-14,29.515714,29.682000,28.559571,28.601143,5972800
1999-04-15,28.705081,28.809010,27.333223,27.686581,8755400
1999-04-16,27.811300,27.811300,26.730442,27.166943,5563600
1999-04-19,27.270867,27.478724,25.420937,25.940580,6986000
1999-04-20,26.065293,27.894436,25.982150,27.354008,5248200
1999-04-21,27.520291,28.684292,27.354006,27.977577,4205800
1999-04-22,28.019151,29.037651,27.998365,28.912937,5326200
1999-04-23,28.871364,29.266292,28.143863,28.975292,3002200
1999-04-26,29.141585,29.598871,28.746657,29.598871,2253200
1999-04-27,29.682005,29.931433,29.058433,29.183147,3420000
1999-04-28,29.224720,29.494934,28.434863,28.455648,3640400
1999-04-29,28.518017,28.580375,26.855159,26.979874,5267000
1999-04-30,27.416366,27.478724,26.501795,26.917509,5427200
1999-05-03,26.917508,28.019152,26.688866,28.019152,4124600
1999-05-04,28.019134,28.788205,27.437134,27.437134,3811000
1999-05-05,27.603419,27.644991,26.189991,27.229277,10701600
1999-05-06,27.125366,27.478723,25.899008,26.335508,7035800
1999-05-07,26.938282,27.270854,25.649568,26.252354,9041400
1999-05-10,26.314720,27.021434,25.774291,26.938292,4303400
1999-05-11,27.250054,27.811268,26.938268,27.395554,5204200
1999-05-12,27.520295,27.520295,26.813580,27.042223,3537800
1999-05-13,27.146141,28.081498,27.125356,27.707355,3866200
1999-05-14,27.603445,27.894446,26.813588,26.979874,3302000
1999-05-17,26.356302,26.481016,25.940587,26.273159,4232400
1999-05-18,26.356297,26.397868,25.649582,25.795082,4864800
1999-05-19,25.815862,25.940577,25.171505,25.524862,4282800
1999-05-20,25.607993,26.148422,25.233851,25.441708,2011600
1999-05-21,25.545661,25.732733,24.859732,24.942875,3579400
1999-05-24,25.025995,26.252352,24.485567,25.857424,5835600
1999-05-25,25.670365,26.106865,24.589507,24.631079,3683400
1999-05-26,24.631087,24.651873,23.737301,24.444016,4629400
1999-05-27,24.776583,25.691155,23.487868,23.654154,13214800
1999-05-28,23.861991,24.423205,23.654134,24.111420,8023800
1999-06-01,24.236139,24.818139,23.945140,24.173782,4024600
1999-06-02,24.236150,24.880507,23.695721,24.755793,2335200
1999-06-03,24.485580,25.358580,24.236151,24.402437,3412000
1999-06-04,24.485576,25.649576,24.485576,25.566433,2999000
1999-06-07,25.587220,25.587220,25.213077,25.400148,2454400
1999-06-08,25.296224,25.296224,24.963653,25.067581,2297400
1999-06-09,25.046789,25.088360,24.568718,24.901289,2401200
1999-06-10,24.838942,25.026014,24.111442,24.589514,3041400
1999-06-11,24.651848,24.797348,23.945134,24.111420,2176000
1999-06-14,24.153007,24.423222,23.487864,23.862007,2517200
1999-06-15,23.758080,24.153008,23.550222,23.758080,3134000
1999-06-16,23.903579,25.483294,23.862008,25.431330,4924800
1999-06-17,25.358584,25.899013,25.171512,25.233870,3652800
1999-06-18,24.693423,25.025994,24.547923,24.714209,4985800
1999-06-21,24.651859,25.732717,24.610288,25.628788,2411200
1999-06-22,25.379365,25.608008,24.735007,25.192293,2924400
1999-06-23,25.109141,25.233855,24.277713,24.651855,3320800
1999-06-24,24.693430,24.693430,24.194572,24.194572,2526400
1999-06-25,24.360856,24.776570,24.236141,24.381641,1753800
1999-06-28,24.360855,25.483283,24.319284,25.462498,3632200
1999-06-29,25.483299,26.314728,24.984441,26.314728,3925800
1999-06-30,26.190009,26.668080,25.524865,26.626509,5475000
1999-07-01,26.397861,27.166932,26.148432,27.146147,4624600
1999-07-02,27.166934,27.395577,26.730434,27.208506,1966200
1999-07-06,27.229291,27.832077,26.896720,27.063005,3887800
1999-07-07,27.062994,27.520280,26.688851,27.416351,3214800
1999-07-08,27.645010,28.809011,27.603439,28.788225,6527600
1999-07-09,28.850579,28.892150,28.268578,28.580364,2047800
1999-07-12,28.642720,28.642720,27.956792,28.123077,2335200
1999-07-13,27.936021,28.247807,27.728163,27.894449,2525800
1999-07-14,28.019139,28.102281,27.603424,27.956781,2035400
1999-07-15,28.060713,28.538785,27.603428,27.935999,3194000
1999-07-16,28.019145,28.601145,27.894431,28.476431,1913800
1999-07-19,28.559568,28.975283,28.455640,28.559568,1746400
1999-07-20,28.497216,28.518001,27.270859,27.333216,2597200
1999-07-21,27.395590,27.686590,26.439446,26.605732,3244800
1999-07-22,26.564142,26.688856,25.691142,25.919785,3882400
1999-07-23,26.086074,26.252359,25.462502,25.628788,2690800
1999-07-26,25.524859,25.919787,25.337787,25.608002,2689600
1999-07-27,25.919788,26.065288,25.524859,25.628788,3054200
1999-07-28,25.774290,25.774290,25.400147,25.566433,2422600
1999-07-29,25.566436,25.608007,24.568721,24.755793,5352000
1999-07-30,24.984425,25.192282,24.256925,24.859711,6167800
1999-08-02,24.942853,25.524853,24.152996,24.506353,3896800
1999-08-03,24.859704,24.901275,24.173776,24.485561,3237200
1999-08-04,24.568715,25.088358,24.298500,24.308893,4803800
1999-08-05,24.402427,24.527142,23.903570,24.527142,6231200
1999-08-06,24.340079,24.651865,23.778864,23.862007,2885400
1999-08-09,23.924364,23.945149,23.612578,23.841221,4772200
1999-08-10,23.820431,24.194574,23.778860,23.986717,6839200
1999-08-11,24.277712,25.067569,24.111426,25.025997,3248000
1999-08-12,25.317018,25.566447,24.818161,24.942875,6217600
1999-08-13,25.316993,25.358564,24.838922,24.880493,3092600
1999-08-16,24.942862,25.317005,24.776576,25.171505,2430800
1999-08-17,25.358587,26.273159,25.275444,26.273159,4235600
1999-08-18,26.273160,26.688875,26.106874,26.169231,3983600
1999-08-19,26.106863,26.106863,25.483291,25.545649,2032800
1999-08-20,25.649579,26.148436,25.483293,26.106865,2530800
1999-08-23,26.106866,26.730437,26.023723,26.626509,1903600
1999-08-24,26.460213,27.166927,26.231570,27.083784,2878400
1999-08-25,26.855151,26.855151,25.358579,26.106865,6632000
1999-08-26,26.106865,26.605722,25.774293,26.106865,3258600
1999-08-27,26.065288,26.190002,25.358574,25.628788,2396600
1999-08-30,25.524871,25.732729,25.150728,25.296228,1961600
1999-08-31,25.233853,25.441711,24.360854,24.859711,3982000
1999-09-01,24.901285,24.942856,24.402428,24.547928,4230800
1999-09-02,24.360860,24.360860,23.591789,23.986717,6671800
1999-09-03,24.236150,24.651864,24.153007,24.631079,4323600
1999-09-07,24.610280,24.922065,24.111423,24.152994,2387400
1999-09-08,24.111428,24.152999,23.654142,23.924356,4148000
1999-09-09,23.997105,24.028283,23.612569,23.799641,2886400
1999-09-10,23.945150,23.986722,23.196864,23.238436,9282600
1999-09-13,23.113719,23.155291,22.781148,22.885077,5822800
1999-09-14,22.698001,22.718787,21.741858,22.469358,9291800
1999-09-15,22.760348,23.072134,22.282277,22.303062,7194800
1999-09-16,22.427789,22.635646,21.783431,22.178360,4296400
1999-09-17,22.261499,22.614856,21.928927,22.448570,7142400
1999-09-20,22.282297,22.365440,21.866582,21.991297,5946800
1999-09-21,21.949716,22.240716,21.866573,22.199144,12887800
1999-09-22,22.240722,22.843507,21.866579,22.760365,7955800
1999-09-23,22.947443,23.778872,22.947443,23.383944,11141400
1999-09-24,23.321570,24.610285,23.113713,24.049070,11556800
1999-09-27,24.277724,24.485581,23.986724,24.090652,3626400
1999-09-28,23.841224,24.423224,23.716509,24.090652,3820000
1999-09-29,24.090633,24.194562,23.404705,23.404705,4991200
1999-09-30,23.591787,24.049073,23.238430,23.945145,5967800
1999-10-01,23.945146,24.547932,23.446289,24.277718,10459200
1999-10-04,24.360857,25.691143,24.340072,25.691143,9530200
1999-10-05,25.899006,26.751220,25.857434,26.377077,8899000
1999-10-06,26.335493,26.335493,25.919779,26.189993,7703600
1999-10-07,26.314721,26.813578,25.774292,25.982149,4167600
1999-10-08,26.002928,27.520285,25.898999,27.468321,5562200
1999-10-11,27.250072,28.060715,26.855143,27.915215,4517200
1999-10-12,27.915222,27.915222,26.351097,26.855150,4566600
1999-10-13,26.605718,26.647289,25.358575,25.670361,6480400
1999-10-14,25.836639,26.397854,25.233854,26.252354,4384000
1999-10-15,25.898996,25.898996,24.547925,24.776567,5915600
1999-10-18,24.942871,24.942871,24.277728,24.589514,3820800
1999-10-19,24.859709,25.109137,24.672637,24.714209,4917600
1999-10-20,24.901298,25.233870,24.776584,25.233870,2938600
1999-10-21,25.067587,25.067587,24.402444,24.444016,5504200
1999-10-22,24.735000,25.150715,24.610286,24.797358,5250600
1999-10-25,24.776571,24.776571,24.277713,24.610285,4052600
1999-10-26,24.797359,24.797359,23.903573,23.945145,7368000
1999-10-27,23.997109,24.007502,23.467073,23.945145,5450600
1999-10-28,24.236157,26.065301,24.153014,26.044516,5336800
1999-10-29,26.314719,27.437148,26.273148,26.709648,6750600
1999-11-01,26.605713,27.062999,26.106856,26.127642,4382200
1999-11-02,26.439425,27.229282,26.397853,26.792782,4100400
1999-11-03,26.917509,27.811295,26.855151,27.042223,4689600
1999-11-04,27.457934,27.915220,26.979863,27.063005,6434800
1999-11-05,27.354003,28.476432,27.354003,28.434860,5181000
1999-11-08,28.102288,28.767431,27.811288,28.767431,3598400
1999-11-09,28.580352,28.580352,27.977567,28.351709,5175400
1999-11-10,28.330927,28.892141,27.603427,28.330927,4823600
1999-11-11,28.330932,29.765146,28.310146,29.765146,6676200
1999-11-12,29.931432,30.139289,29.515718,29.557289,7712000
1999-11-15,29.494929,29.598857,28.850571,29.016857,3316600
1999-11-16,29.183149,29.266292,28.705077,28.954506,3390000
1999-11-17,28.871362,29.058433,28.351719,28.621933,3189000
1999-11-18,28.621929,28.621929,28.268571,28.601143,2355200
1999-11-19,28.476432,28.497218,27.873647,28.393290,2506000
1999-11-22,28.414081,28.434866,27.520295,27.541080,2785800
1999-11-23,27.728155,29.058441,27.686584,28.497227,5127200
1999-11-24,28.434864,29.100007,28.372506,28.975292,2196000
1999-11-26,28.975291,29.578077,28.933720,29.432577,1210200
1999-11-29,29.453356,30.762856,29.432570,30.700499,5585400
1999-11-30,30.638163,30.846020,30.388734,30.492662,3812600
1999-12-01,30.409515,32.321802,30.139301,31.739801,6191200
1999-12-02,31.386438,31.885296,29.266295,31.802153,10037600
1999-12-03,32.010005,32.841434,32.010005,32.820648,8162800
1999-12-06,32.612792,32.820650,31.989221,32.592007,3243800
1999-12-07,32.467269,32.737483,31.552698,31.760555,3196400
1999-12-08,31.615081,31.677438,30.471866,30.658937,2696600
1999-12-09,31.427997,31.469568,30.056140,30.575783,8479400
1999-12-10,30.679704,30.845990,30.180847,30.513418,3850800
1999-12-13,30.596579,31.635865,30.409508,31.240936,6324200
1999-12-14,31.303298,31.407226,30.347154,30.409512,3689200
1999-12-15,30.347161,30.492661,30.097732,30.367947,5532600
1999-12-16,30.180850,30.305564,29.765136,29.931421,2600400
1999-12-17,30.326359,30.388716,29.806716,30.118502,6838200
1999-12-20,30.118510,30.513439,29.349438,29.370224,3361200
1999-12-21,29.391007,29.432578,28.725864,28.975292,7052400
1999-12-22,28.954516,29.141587,28.601158,29.100016,3994000
1999-12-23,29.224737,29.713201,29.120808,29.640451,4285800
1999-12-27,29.619646,30.180861,29.266289,29.765146,4122000
1999-12-28,29.910645,30.596574,29.806716,30.347145,4454400
1999-12-29,30.305580,30.617366,30.160080,30.222437,1591400
1999-12-30,30.409518,30.451090,30.222447,30.367947,1798600
1999-12-31,30.430288,30.430288,29.973002,30.347145,1163000
2000-01-03,30.284800,30.284800,29.245514,29.598871,6057400
2000-01-04,29.578078,29.640435,27.915220,27.977577,5722800
2000-01-05,28.081505,28.559577,27.832077,28.455648,7726400
2000-01-06,28.809006,29.640435,28.767435,29.027256,7221400
2000-01-07,28.892141,31.012284,28.871355,30.949926,5164800
2000-01-10,30.949929,31.615072,30.534215,31.594286,4454000
2000-01-11,31.344877,31.635877,30.430305,30.471876,2955000
2000-01-12,30.970707,31.427993,29.889850,30.430279,4687400
2000-01-13,30.783652,31.968438,30.222437,31.573509,5750800
2000-01-14,32.010008,33.423437,31.926865,32.633579,4571000
2000-01-18,32.425716,34.421145,32.093145,34.088573,5932000
2000-01-19,34.545871,35.335728,33.340299,34.504299,4130500
2000-01-20,34.836863,35.335721,33.257149,33.257149,5551900
2000-01-21,34.213287,34.254859,31.926858,32.259430,3520200
2000-01-24,32.051584,34.088585,30.929155,31.261726,5005500
2000-01-25,31.635861,33.090861,30.430289,33.049290,3730800
2000-01-26,32.675134,34.587419,32.384134,33.548134,3782800
2000-01-27,33.631272,34.171700,30.929130,32.550415,3109600
2000-01-28,32.342577,33.090863,30.513434,30.596577,2834600
2000-01-31,30.638130,32.924558,29.931416,32.550415,3249700
2000-02-01,32.799870,34.670585,31.926870,34.504299,4530500
2000-02-02,34.587445,35.917731,33.922302,35.876160,4945700
2000-02-03,35.917713,36.582856,35.418856,36.042427,4640800
2000-02-04,36.416575,36.707575,35.003146,35.252575,3273700
2000-02-07,34.587431,34.753716,33.922288,34.088573,2566700
2000-02-08,34.545865,35.751437,34.421151,35.294151,2440700
2000-02-09,34.587441,35.252584,34.213298,35.169441,1466800
2000-02-10,35.127864,35.169435,34.504292,34.670578,2761800
2000-02-11,34.670578,34.795292,33.922292,34.379578,2071000
2000-02-14,34.296448,34.338020,33.257162,33.756020,1856300
2000-02-15,33.298720,33.589720,32.259434,32.841434,2675400
2000-02-16,32.716698,32.799840,30.845984,31.760555,4231600
2000-02-17,31.926846,31.926846,28.933704,29.266275,6955400
2000-02-18,29.100022,30.555023,27.852878,29.889879,6004200
2000-02-22,29.806704,30.097704,28.351704,29.266275,3769600
2000-02-23,29.515737,30.097737,29.027272,29.640451,4267300
2000-02-24,29.733963,29.972998,28.601141,29.515713,3990500
2000-02-25,29.432567,32.155496,29.099996,31.635853,7698400
2000-02-28,31.427987,33.672843,31.427987,32.550415,6621300
2000-02-29,32.508864,33.257150,32.010006,33.007721,3681800
2000-03-01,32.883003,33.132432,30.679717,30.929146,4624400
2000-03-02,31.635864,34.504293,31.594292,33.007721,7841800
2000-03-03,33.381858,34.088572,32.508858,33.215572,2430500
2000-03-06,33.174012,33.423441,32.675155,33.340298,3419200
2000-03-07,33.277928,33.298714,29.931428,30.180857,7506100
2000-03-08,30.804431,30.846002,28.185431,30.347145,6526600
2000-03-09,30.264023,30.305595,29.058451,29.640451,4937300
2000-03-10,29.723571,30.762857,29.224714,29.349428,4934000
2000-03-13,29.266286,29.931429,28.185429,28.601143,3747300
2000-03-14,28.933709,30.263994,28.684280,28.808994,2097100
2000-03-15,28.725866,33.589725,28.601152,33.132439,5515300
2000-03-16,32.508859,37.289574,32.093145,37.216824,12820600
2000-03-17,36.416588,36.499731,34.753731,35.876160,7765900
2000-03-20,35.751435,35.834578,33.922292,34.795292,3873800
2000-03-21,34.670560,35.418846,34.587417,34.712132,4335200
2000-03-22,34.795298,36.582870,34.670584,35.169441,5072800
2000-03-23,35.086293,35.917722,34.587436,35.668293,2929400
2000-03-24,35.793000,36.624429,35.460429,35.834572,5254700
2000-03-27,35.418861,36.333433,35.086290,35.543575,2459100
2000-03-28,35.418865,37.040151,33.423436,34.005436,6036600
2000-03-29,34.047011,34.047011,32.883011,33.589725,5350400
2000-03-30,33.444236,34.795309,33.090879,33.423450,8942800
2000-03-31,34.130142,35.086285,32.924571,34.961571,9953300
2000-04-03,34.254874,35.418875,33.215588,34.920017,4199700
2000-04-04,35.876158,36.749158,33.090871,35.959301,9565100
2000-04-05,35.876148,36.582862,35.252576,35.585148,2591700
2000-04-06,36.250300,36.416586,33.672870,34.504299,4240500
2000-04-07,34.088579,36.208722,33.756007,35.127865,2588400
2000-04-10,34.753718,36.666004,34.005432,36.084003,5795900
2000-04-11,35.585136,38.328850,34.919994,38.204136,7303000
2000-04-12,37.954733,40.241163,36.416590,36.624447,7751400
2000-04-13,37.414300,39.077158,36.250300,36.333443,6418200
2000-04-14,36.000864,36.000864,33.506578,33.839149,4131600
2000-04-17,32.924580,33.423438,30.804437,32.675152,7134400
2000-04-18,32.758286,34.338000,32.425714,33.880714,5177100
2000-04-19,34.005441,35.294156,32.924583,34.753727,3508700
2000-04-20,34.670577,36.998578,34.338006,36.458149,4288000
2000-04-24,35.418855,38.661426,35.418855,37.247997,5967100
2000-04-25,37.663734,37.996305,36.582876,37.913162,3733300
2000-04-26,37.642933,37.913148,36.333433,36.541290,3081000
2000-04-27,35.252574,37.580574,34.338002,37.289574,5615600
2000-04-28,37.081730,37.164873,35.585158,35.959301,3699000
2000-05-01,35.959279,39.243421,35.169422,38.869278,3629500
2000-05-02,37.746862,38.910862,36.250291,36.416576,3729600
2000-05-03,34.628989,35.003131,33.506560,34.712132,7462700
2000-05-04,34.296414,34.836843,30.804416,32.550415,9973900
2000-05-05,31.802135,33.839134,31.344849,32.467278,4189400
2000-05-08,32.342590,32.425733,31.095446,31.552732,3451500
2000-05-09,31.968431,33.506574,31.719002,32.716717,2988400
2000-05-10,32.591986,33.589700,32.176272,32.550415,3644300
2000-05-11,32.924581,33.423439,32.259438,33.132439,2339900
2000-05-12,32.924582,33.340296,31.760581,31.802153,2610000
2000-05-15,31.843701,32.882986,31.303273,32.550415,3392900
2000-05-16,33.049289,34.920003,33.007717,34.130146,2932400
2000-05-17,33.465013,33.465013,31.511155,31.750191,4054800
2000-05-18,31.760589,32.176303,30.929160,31.095446,3042200
2000-05-19,30.482243,30.596564,29.806707,29.931421,4730400
2000-05-22,30.097711,30.263996,27.769711,28.684282,8660100
2000-05-23,28.559570,29.432570,26.979856,27.021427,8692300
2000-05-24,18.956569,22.199140,17.252140,21.201426,40016500
2000-05-25,21.284572,21.617144,19.746429,19.954287,33098200
2000-05-26,20.370009,20.868867,19.995866,20.536295,15012800
2000-05-30,21.118292,21.866578,20.827292,21.617149,28791800
2000-05-31,21.617145,21.825002,21.035145,21.243002,16909700
2000-06-01,21.741852,21.741852,21.201423,21.533995,15637200
2000-06-02,21.908158,22.905873,21.534015,22.781158,12979600
2000-06-05,22.781146,22.822717,21.949717,22.116003,6547400
2000-06-06,21.949709,21.991280,21.118280,21.118280,12969000
2000-06-07,21.326148,22.282291,21.284577,21.783434,7443500
2000-06-08,21.825000,21.866572,21.243000,21.326143,10472800
2000-06-09,21.534009,21.741866,21.118294,21.492437,7604100
2000-06-12,21.450875,21.450875,20.827303,20.910446,8322600
2000-06-13,20.910426,23.072140,20.785712,21.367712,6943800
2000-06-14,21.617137,22.282280,21.284566,21.658709,3403400
2000-06-15,21.866570,22.323855,21.284570,22.074427,3251500
2000-06-16,22.199150,22.240721,21.450864,21.617149,3507800
2000-06-19,21.450856,21.908142,21.242999,21.284571,6770200
2000-06-20,21.658710,21.700282,20.868853,21.035139,6683800
2000-06-21,21.035138,21.949709,20.951995,21.533995,4953000
2000-06-22,21.575571,22.188749,21.242999,21.284571,5329500
2000-06-23,21.284571,21.617142,20.951999,21.284571,7073400
2000-06-26,21.409283,21.450854,21.118283,21.201426,6453500
2000-06-27,21.201433,22.074433,21.159861,21.949718,4771400
2000-06-28,21.949723,22.032866,21.326152,21.492437,6008900
2000-06-29,21.409286,21.575572,21.243000,21.326143,6545300
2000-06-30,21.367718,22.240719,21.284575,21.949718,6764800
2000-07-03,21.949717,22.781146,21.866574,22.739574,2559000
2000-07-05,22.864289,22.864289,21.908146,22.116003,3182200
2000-07-06,22.074432,22.074432,21.284575,21.866575,4599900
2000-07-07,21.866583,23.196869,21.534011,22.989012,6814100
2000-07-10,23.072141,24.693427,22.781141,24.651855,9257200
2000-07-11,24.610297,24.693440,23.030582,23.654154,8824400
2000-07-12,23.778861,24.485576,23.196861,24.319290,4114200
2000-07-13,24.028289,24.360860,23.404717,24.277718,4144100
2000-07-14,24.651859,24.651859,23.820430,23.945145,2317000
2000-07-17,23.945141,24.111427,23.570998,23.612570,2640300
2000-07-18,23.612575,23.695717,22.448574,22.531717,5846200
2000-07-19,22.635642,22.697999,21.700285,21.908142,5116900
2000-07-20,21.991285,22.365428,21.783428,21.908142,8632300
2000-07-21,21.783429,22.032857,20.785714,21.450857,4244100
2000-07-24,21.492426,21.492426,20.827283,21.076712,5255000
2000-07-25,21.201426,21.326140,20.951997,21.076712,5155000
2000-07-26,21.159865,21.492436,20.744151,20.827293,9050400
2000-07-27,20.910430,21.617145,20.868859,21.243002,5947200
2000-07-28,21.492429,22.365429,21.118286,21.450857,4176200
2000-07-31,21.409280,21.824994,21.253387,21.658709,4271700
2000-08-01,21.450864,22.116007,21.035149,21.617149,4409600
2000-08-02,21.617144,22.448573,21.575573,22.323858,6514000
2000-08-03,22.157583,23.196869,21.949726,22.989012,8989000
2000-08-04,22.988998,23.820427,22.947427,23.612570,6877100
2000-08-07,23.446294,24.444009,23.113722,24.402437,4613700
2000-08-08,24.236143,25.317000,24.111428,24.984428,8621900
2000-08-09,24.818148,24.818148,23.155291,24.069862,6953300
2000-08-10,24.111435,24.153007,22.822721,22.864292,3753800
2000-08-11,23.155293,23.487864,23.113721,23.238436,3365300
2000-08-14,23.279990,24.319275,23.196847,23.778847,3540300
2000-08-15,23.862000,23.986714,22.989000,23.113714,2510400
2000-08-16,22.116011,22.531726,21.575582,21.991297,6530600
2000-08-17,21.949718,22.032861,21.575576,21.949718,4366600
2000-08-18,21.908157,22.573300,21.700299,22.240728,3310800
2000-08-21,22.323863,22.365434,21.284577,21.783434,4049000
2000-08-22,21.866571,22.282285,21.513214,21.908142,4071600
2000-08-23,21.741857,21.991286,21.367714,21.450857,3638800
2000-08-24,21.658709,21.679495,21.284566,21.533995,3884800
2000-08-25,21.617142,22.032856,21.575571,21.908142,2080400
2000-08-28,21.949725,22.614869,21.866582,21.991297,2225800
2000-08-29,21.908143,23.903571,21.908143,23.113714,6173600
2000-08-30,22.989004,23.778862,22.864290,23.695719,5564400
2000-08-31,23.404728,23.654157,22.739585,22.905870,4108200
2000-09-01,23.155283,23.695711,22.988997,23.487854,3419900
2000-09-05,23.529434,24.402434,23.280005,24.069862,3686000
2000-09-06,24.111433,24.776576,24.028290,24.319290,2586400
2000-09-07,24.360860,24.651860,24.236146,24.277718,1463700
2000-09-08,24.236152,25.982153,24.028295,25.067581,7152500
2000-09-11,25.192283,25.566426,24.194569,25.025997,5270300
2000-09-12,25.233856,25.275428,24.693428,25.036392,2099100
2000-09-13,25.026005,25.940577,24.776576,25.524862,5624600
2000-09-14,25.566425,25.691140,24.527140,24.734997,2115900
2000-09-15,25.316997,25.400139,23.113711,23.487854,11525200
2000-09-18,23.487868,23.529439,22.573296,22.656439,5336100
2000-09-19,23.072157,23.113729,21.700299,22.240728,4861200
2000-09-20,22.365444,23.155302,22.323872,22.781158,4278900
2000-09-21,22.781146,23.737289,22.739575,23.529432,4115900
2000-09-22,23.155293,24.028293,22.656436,23.238436,3307900
2000-09-25,23.280004,23.612576,22.947433,23.196861,3697100
2000-09-26,23.072153,23.113724,22.199152,22.490152,5523300
2000-09-27,22.698012,23.155298,22.573297,22.989012,3937500
2000-09-28,23.155293,23.945150,22.947435,23.862007,2934700
2000-09-29,23.903579,24.194579,22.947436,23.238436,4181000
2000-10-02,22.323856,22.947428,21.824999,21.908142,7922100
2000-10-03,22.115995,22.781137,22.032852,22.500530,4915900
2000-10-04,22.614865,23.737294,22.614865,22.937044,5942600
2000-10-05,22.926645,23.196859,21.783431,22.365431,5810600
2000-10-06,22.552510,22.698010,21.866581,22.282295,3321000
2000-10-09,22.240717,22.947432,22.199146,22.739574,1949800
2000-10-10,22.822719,23.280004,21.949718,21.949718,3668300
2000-10-11,21.700293,21.783436,19.912721,20.370007,16752800
2000-10-12,19.954290,22.032862,19.497004,20.785719,14440100
2000-10-13,20.369998,21.741855,20.286855,21.367712,9110200
2000-10-16,21.326142,21.367714,21.118285,21.284571,6141400
2000-10-17,21.346928,21.533999,21.201428,21.284571,4251600
2000-10-18,21.201433,22.781147,20.868861,21.949718,3949200
2000-10-19,22.032864,23.238436,21.949721,23.238436,3476000
2000-10-20,22.448571,23.280000,22.448571,22.822714,5402400
2000-10-23,22.739573,22.822715,22.032858,22.323858,5616100
2000-10-24,22.448576,22.781147,22.282290,22.573290,3373600
2000-10-25,22.614861,22.656433,21.783433,21.949718,4199200
2000-10-26,21.970504,22.074433,21.658718,21.949718,5823200
2000-10-27,21.991287,22.614859,21.949716,22.407001,2788700
2000-10-30,22.427797,23.321583,22.407011,22.989012,5440400
2000-10-31,23.280004,24.444004,23.155289,24.360861,6663200
2000-11-01,24.402418,24.568704,23.570990,23.778847,7439000
2000-11-02,22.531719,24.111434,22.074433,24.069862,13263900
2000-11-03,23.903568,23.903568,22.988997,23.487854,3134900
2000-11-06,23.612584,23.945155,22.905869,22.989012,4297900
2000-11-07,22.448562,23.778847,22.115990,23.778847,5333000
2000-11-08,24.547940,24.735011,23.571011,23.654154,7043500
2000-11-09,23.612582,23.654154,22.531724,22.656439,4568400
2000-11-10,22.573290,22.604469,21.908147,21.949718,3439300
2000-11-13,21.783441,23.196871,21.617155,22.905870,3553000
2000-11-14,23.030570,24.610284,22.988999,24.527142,5160800
2000-11-15,24.381658,24.527158,23.945158,24.444016,2875400
2000-11-16,24.215354,24.277711,23.363140,23.487854,2934700
2000-11-17,23.487860,24.194574,23.363146,23.986717,3627100
2000-11-20,23.903579,24.101043,22.947436,23.238436,2533500
2000-11-21,23.404717,24.111432,22.947431,23.986717,4931300
2000-11-22,23.695713,23.945142,22.864285,22.947428,5789100
2000-11-24,23.113717,23.737289,23.030574,23.571003,1882200
2000-11-27,23.654151,24.859723,23.612580,24.402437,5201400
2000-11-28,24.444005,24.485577,23.113719,23.446291,4719800
2000-11-29,23.446299,24.319299,23.030584,24.236156,7710500
2000-11-30,23.072144,23.280001,21.326144,21.700287,16636900
2000-12-01,22.116001,22.407001,21.617144,21.700287,5616500
2000-12-04,21.741863,22.947434,21.534005,22.698006,4816000
2000-12-05,22.490140,24.277711,22.282283,23.487854,6070700
2000-12-06,23.487860,23.529431,22.116002,22.365431,8525300
2000-12-07,22.115998,22.531712,21.949712,22.074427,5390900
2000-12-08,22.573289,22.614860,21.534003,22.116003,5813100
2000-12-11,21.949714,22.282285,21.783428,21.908142,5362000
2000-12-12,21.949712,22.697998,21.533998,22.074427,5832400
2000-12-13,22.282291,22.365434,21.617148,21.783434,6521500
2000-12-14,22.282293,23.529436,21.118292,23.238436,18573700
2000-12-15,23.238433,23.903576,22.781147,23.196861,9228000
2000-12-18,23.280013,24.527157,23.238442,24.236156,8417400
2000-12-19,24.194576,24.236147,22.531718,22.573290,5798600
2000-12-20,22.448584,23.487871,22.407013,22.905870,5202600
2000-12-21,22.781147,24.402433,22.614861,23.695719,6113600
2000-12-22,23.664532,25.150711,23.654139,24.859711,9668200
2000-12-26,24.693432,24.859717,23.487860,23.986717,3611900
2000-12-27,23.820425,24.984425,23.529426,24.734997,9210100
2000-12-28,24.735000,25.774286,24.693429,25.691143,5505500
2000-12-29,25.940575,27.603432,25.857432,26.564146,7229800
2001-01-02,26.605697,27.644982,26.605697,27.395554,13349400
2001-01-03,27.187718,28.434861,26.065289,28.393290,16253500
2001-01-04,27.769714,29.806714,27.769714,29.016857,19779200
2001-01-05,29.016861,29.183147,26.605718,27.478718,11955900
2001-01-08,27.146163,27.977592,26.647305,27.894449,4264300
2001-01-09,27.935990,28.601132,27.728133,27.811275,5973600
2001-01-10,27.312434,27.478720,25.940577,27.063005,10842500
2001-01-11,26.979861,27.728146,26.439432,27.478718,5128800
2001-01-12,27.520287,29.307858,26.896715,28.642715,7726600
2001-01-16,28.767435,29.224721,28.518006,28.975292,5344300
2001-01-17,29.183143,29.432572,27.312429,27.561857,5520100
2001-01-18,27.852857,28.227000,27.437143,27.561857,4920800
2001-01-19,27.561846,27.728132,26.813561,26.896704,6090600
2001-01-22,27.270857,28.518000,26.439428,28.102285,7135600
2001-01-23,27.936004,28.476433,27.686576,28.268576,5472400
2001-01-24,28.268568,28.601140,27.520283,28.559568,6070400
2001-01-25,28.476432,28.975289,27.395575,28.725861,7484700
2001-01-26,28.892133,29.058419,27.353991,27.437134,5766900
2001-01-29,27.852861,29.432576,27.561861,29.307861,5208000
2001-01-30,29.266301,29.349444,28.518015,29.100016,3954100
2001-01-31,29.099997,30.845996,29.058425,30.762854,9318900
2001-02-01,30.513425,30.804425,29.515711,30.762854,6449600
2001-02-02,30.513425,30.845996,29.183139,29.224710,6157500
2001-02-05,29.515718,29.515718,27.946396,28.725861,5229800
2001-02-06,28.642730,30.014588,28.601158,29.100016,5585600
2001-02-07,29.099997,30.139283,28.975283,30.097712,4313200
2001-02-08,30.347142,30.596571,28.476428,28.518000,5656000
2001-02-09,28.559575,29.183147,27.146146,27.478718,4396200
2001-02-12,27.728153,28.393297,27.520296,28.227011,4024300
2001-02-13,28.434854,28.933711,27.478711,28.559568,3532500
2001-02-14,28.601138,29.474138,28.517996,29.058424,3786800
2001-02-15,29.224717,29.266288,27.852859,28.476431,5465100
2001-02-16,27.852861,28.933718,27.686575,28.393290,4396800
2001-02-20,28.185428,29.432571,28.185428,29.349428,5130100
2001-02-21,29.141570,29.432570,27.270856,27.935999,6097200
2001-02-22,27.936016,28.143873,26.979872,27.852873,4175700
2001-02-23,27.811275,27.977561,26.439418,27.520275,5331300
2001-02-26,27.852857,28.601143,27.811285,28.518000,3528900
2001-02-27,28.518000,28.809000,27.884036,28.601143,5412200
2001-02-28,28.684288,29.100002,27.229288,27.769716,4541200
2001-03-01,27.520294,27.603437,26.065294,26.813580,5401200
2001-03-02,26.647283,26.730426,25.316998,25.732712,6332700
2001-03-05,25.857439,26.106867,24.610295,25.067581,4652800
2001-03-06,25.358582,26.730439,24.942867,25.150724,12305400
2001-03-07,25.358574,26.647289,25.233860,26.564146,9365700
2001-03-08,26.730429,28.673893,26.148429,26.730429,18114700
2001-03-09,26.439421,27.021421,25.940564,26.189993,5296300
2001-03-12,26.023727,26.273156,25.067584,25.233870,5325400
2001-03-13,25.358575,26.190003,24.942860,25.317003,4371300
2001-03-14,24.735003,24.942861,24.028289,24.277718,5568400
2001-03-15,24.859711,25.316997,24.443997,25.025997,3920600
2001-03-16,24.350481,25.026017,24.277731,24.693445,5875900
2001-03-19,24.693434,25.566434,23.654148,25.400148,4065200
2001-03-20,26.065302,27.104588,25.774302,26.273159,9488400
2001-03-21,26.065291,26.564148,25.441719,25.524862,4836200
2001-03-22,25.732710,25.774282,23.737282,24.776567,5285000
2001-03-23,24.984427,25.067570,23.487856,24.651855,7811600
2001-03-26,25.109150,25.608008,24.610293,25.192293,2949400
2001-03-27,25.233870,25.815870,24.651869,25.233870,6082000
2001-03-28,25.067581,25.649581,24.319295,25.067581,4666900
2001-03-29,24.942869,25.389762,24.527155,25.233870,2704700
2001-03-30,25.233865,26.190008,24.735007,26.106865,3652700
2001-04-02,25.815863,25.815863,23.945148,24.069862,8848900
2001-04-03,24.360868,24.693440,22.531724,22.656439,8917700
2001-04-04,22.843493,23.945136,22.614850,23.279993,5525300
2001-04-05,23.862002,24.028288,23.363145,23.945145,5340200
2001-04-06,23.695725,24.111440,23.072154,23.654154,3632200
2001-04-09,24.005009,24.011659,23.047204,23.140324,2902900
2001-04-10,23.346523,23.945153,23.246753,23.765564,4764000
2001-04-11,24.011661,24.324279,23.326565,24.124737,5322500
2001-04-12,24.031613,24.211202,23.359817,24.151339,5121000
2001-04-16,24.111438,24.197907,23.193540,23.260056,5238300
2001-04-17,23.173588,24.277726,22.980696,24.131393,6327600
2001-04-18,24.510521,26.851825,24.377495,25.514889,7148500
2001-04-19,25.282093,25.455032,23.858687,24.596996,8050700
2001-04-20,24.384150,24.557086,23.479555,24.310984,3014500
2001-04-23,24.477261,25.009374,24.058220,24.104782,3089900
2001-04-24,22.142602,23.220133,22.062783,22.801092,16655300
2001-04-25,22.874271,23.280009,22.548353,23.260056,3808600
2001-04-26,23.280007,23.679092,23.020602,23.133675,2985100
2001-04-27,23.472898,24.610292,22.947434,23.492851,5103100
2001-04-30,23.772207,24.157989,23.213487,23.233440,4457200
2001-05-01,23.306604,23.945140,23.153621,23.891928,4024800
2001-05-02,23.898588,24.118084,23.692393,23.971754,3877400
2001-05-03,23.945153,24.091485,23.439645,23.546068,3386400
2001-05-04,23.166923,24.124727,22.927471,23.858669,4599900
2001-05-07,23.712345,23.778858,22.954080,23.107065,3045400
2001-05-08,23.280001,23.306607,22.581601,23.127018,6955200
2001-05-09,23.020602,23.253401,22.834363,23.153631,5220300
2001-05-10,23.951787,24.803172,23.878624,23.905228,8143400
2001-05-11,23.971749,24.277714,23.552708,23.605921,5808800
2001-05-14,23.612579,24.144693,23.512806,24.018316,3786900
2001-05-15,24.005010,24.277718,23.566016,23.645832,2574100
2001-05-16,23.632529,24.211206,23.166931,24.044920,3377200
2001-05-17,24.038274,24.344240,23.985064,24.144697,4841200
2001-05-18,24.164642,25.541487,23.725645,23.798811,3500300
2001-05-21,23.871977,24.650195,23.705691,24.630239,5857700
2001-05-22,24.710051,25.594690,24.663491,25.202255,4740200
2001-05-23,25.182313,25.208919,24.417398,24.510517,3513500
2001-05-24,24.583681,25.155704,24.344229,25.142401,4340800
2001-05-25,25.182315,25.321995,24.690108,25.009377,3664000
2001-05-29,25.069250,25.075903,24.344244,24.463970,3001700
2001-05-30,24.177939,25.175653,24.078169,24.803175,6675900
2001-05-31,24.676801,26.199979,24.444002,25.880711,14358600
2001-06-01,26.080255,26.459386,24.942861,25.794243,6726600
2001-06-04,25.907314,25.907314,25.308684,25.601349,3682000
2001-06-05,25.641264,26.605722,25.634613,26.439436,3655200
2001-06-06,26.472701,26.492658,26.013754,26.273159,3377300
2001-06-07,26.199973,27.297459,26.040340,27.270853,5978100
2001-06-08,27.224300,27.244253,26.725442,26.865122,2421400
2001-06-11,26.831873,26.831873,26.352969,26.452742,3012500
2001-06-12,26.359617,26.905034,26.126816,26.891731,3911200
2001-06-13,26.858471,27.437144,26.772001,26.931637,3015000
2001-06-14,26.871778,26.938291,26.565810,26.885078,3676600
2001-06-15,26.891732,27.204350,26.545857,26.938292,4343500
2001-06-18,27.058015,28.335088,26.998152,27.989216,6065400
2001-06-19,28.182091,28.581178,28.168788,28.235304,6574900
2001-06-20,28.235309,28.833936,28.235309,28.341732,8263500
2001-06-21,28.341745,29.299550,28.328442,29.013538,6050300
2001-06-22,28.813983,28.813983,27.536910,27.882782,5761000
2001-06-25,27.949319,27.969273,27.164450,27.902760,4428300
2001-06-26,27.543562,27.683242,26.592408,26.831860,6200200
2001-06-27,26.871775,27.570175,26.073603,26.426128,3624600
2001-06-28,26.572455,28.401597,26.572455,28.009163,4014700
2001-06-29,27.802977,28.434863,26.938292,27.324076,2805000
2001-07-02,27.443779,28.468099,26.938272,28.162134,4023400
2001-07-03,28.049079,28.567892,27.703207,28.029125,2215700
2001-07-05,27.736473,27.836243,27.270873,27.470415,2569100
2001-07-06,27.463748,27.669941,26.865119,26.878422,2448200
2001-07-09,26.871770,27.922695,26.525896,27.909391,3449800
2001-07-10,27.723151,28.268568,27.503653,27.729801,2611300
2001-07-11,27.649984,28.135538,27.583471,28.062372,3490400
2001-07-12,28.275224,28.900460,27.936002,28.687614,7617800
2001-07-13,28.667658,28.933716,28.268573,28.667658,4765500
2001-07-16,28.694276,29.632128,28.667670,29.598871,6854400
2001-07-17,29.465828,29.465828,29.093350,29.399315,4123600
2001-07-18,29.319514,29.332814,28.993592,29.020199,4819800
2001-07-19,29.153216,29.578907,28.973627,29.246336,4181500
2001-07-20,29.206418,29.698625,29.199768,29.492430,2731000
2001-07-23,29.352754,29.731885,29.046787,29.080046,2629000
2001-07-24,28.953665,29.099998,27.477050,27.949301,4324300
2001-07-25,28.022475,28.142201,27.443799,27.809629,4155600
2001-07-26,27.809614,28.115579,27.250894,28.069019,2973600
2001-07-27,27.902760,28.075696,27.237616,27.523628,3677000
2001-07-30,27.763067,28.474770,27.696551,27.989216,3088300
2001-07-31,28.135546,29.186473,28.128896,28.634403,2715700
2001-08-01,28.720868,29.166513,27.982559,28.102285,1879000
2001-08-02,28.368359,28.933729,28.335100,28.867216,2701500
2001-08-03,28.927068,29.159867,28.607798,28.607798,2222700
2001-08-06,28.634395,28.661002,27.443789,27.689894,3319000
2001-08-07,27.683251,28.268578,27.536921,28.042429,3401300
2001-08-08,28.002509,28.867196,27.669937,28.049068,3956800
2001-08-09,27.503661,27.802975,26.672232,27.210999,4806400
2001-08-10,27.124536,27.277519,26.066959,26.592422,3072800
2001-08-13,26.619017,27.111221,26.452731,27.071314,2260600
2001-08-14,27.004805,27.643344,26.752052,27.284166,2030600
2001-08-15,27.317413,27.470395,26.339652,26.406168,2794000
2001-08-16,26.007087,26.865122,25.940574,26.865122,3216600
2001-08-17,26.605722,26.778658,25.913972,26.213287,2142100
2001-08-20,26.180020,26.978192,26.173367,26.758694,2119000
2001-08-21,26.991491,27.117867,25.441707,25.734369,3343100
2001-08-22,25.907320,25.913970,24.277719,25.854107,6103800
2001-08-23,25.867409,26.180027,25.435067,25.674517,4217500
2001-08-24,25.747679,26.206629,25.109143,26.060297,3228900
2001-08-27,26.007079,26.505936,25.900656,26.246531,2156400
2001-08-28,26.486002,26.512609,26.040357,26.419489,2689200
2001-08-29,26.472687,26.672229,25.608002,25.834150,2678600
2001-08-30,25.741022,26.007077,24.676792,25.202255,3758100
2001-08-31,25.002731,25.760994,24.650206,24.883005,3374500
2001-09-04,24.976116,25.940574,24.776574,25.049282,3399400
2001-09-05,25.208926,25.308696,23.945153,24.749975,5072400
2001-09-06,24.277712,24.676796,22.628158,23.293301,6598100
2001-09-07,23.013942,23.013942,22.355452,22.588251,7915200
2001-09-10,22.348804,23.007297,22.348804,22.727936,2994600
2001-09-17,21.790085,22.282292,21.124943,21.384350,5666600
2001-09-18,21.470818,21.876556,21.025174,21.484121,4981800
2001-09-19,21.597183,22.614851,20.486394,21.158188,6548400
2001-09-20,20.958653,21.497418,20.632733,20.971956,6633300
2001-09-21,19.921032,21.331134,19.841214,20.765762,6373000
2001-09-24,21.085038,22.761199,21.018524,22.282295,6535300
2001-09-25,22.282282,22.821049,21.696956,22.288933,5410600
2001-09-26,22.548348,22.934130,22.368759,22.395363,5373500
2001-09-27,22.375411,22.515090,21.783434,22.388714,5084800
2001-09-28,22.382057,23.679083,22.288934,23.652479,5827500
2001-10-01,23.466244,23.592623,22.781148,23.446291,4274100
2001-10-02,23.413029,23.718994,23.133667,23.605921,3266300
2001-10-03,23.512804,24.437354,23.326564,24.224506,4955600
2001-10-04,24.330935,24.410752,23.306614,23.426340,4253200
2001-10-05,23.353168,23.612573,23.067156,23.526104,3541600
2001-10-08,23.313263,23.692395,22.481835,22.641470,3126900
2001-10-09,22.794453,22.834363,22.016234,22.308899,3020800
2001-10-10,22.382048,23.812103,22.249019,23.778847,6525700
2001-10-11,24.776570,25.481622,24.650194,25.435062,8790800
2001-10-12,25.082545,25.674522,24.942865,25.514889,6826800
2001-10-15,25.268778,25.607999,25.002719,25.335291,2791800
2001-10-16,25.601349,26.140113,25.474971,26.060297,3093500
2001-10-17,26.146775,26.439437,25.275437,25.282087,3910900
2001-10-18,25.235516,25.242169,24.616933,25.208912,2504500
2001-10-19,25.142414,26.007099,24.843099,25.980495,2501600
2001-10-22,25.674510,26.199973,25.528180,25.947218,2256400
2001-10-23,26.047002,26.772008,25.760991,26.193335,3365200
2001-10-24,26.266493,26.599064,25.973828,26.446079,3496400
2001-10-25,25.947229,26.738750,25.341949,26.738750,3843800
2001-10-26,26.472678,26.971535,26.153410,26.951582,2536600
2001-10-29,26.599061,26.605711,25.561437,25.581390,4367900
2001-10-30,25.388502,25.588046,24.610286,24.962811,3646100
2001-10-31,25.042639,25.721083,25.042639,25.162365,3659500
2001-11-01,25.275438,26.572468,24.809838,26.219940,3630400
2001-11-02,26.193333,26.871780,26.100214,26.738750,3124100
2001-11-05,26.871784,27.802983,26.845178,27.317429,5762700
2001-11-06,27.151133,27.909396,26.692185,27.802973,4413000
2001-11-07,27.723165,27.936011,27.011462,27.516970,4307500
2001-11-08,27.989222,28.880511,27.982569,28.375004,6319600
2001-11-09,28.182106,28.787386,28.142199,28.634403,5259700
2001-11-12,28.401600,28.661005,27.736457,28.208708,3472900
2001-11-13,28.594506,28.720883,28.202072,28.647717,3820800
2001-11-14,28.754141,29.159879,28.541295,28.680975,4782000
2001-11-15,28.601131,28.767417,28.115577,28.328423,4686000
2001-11-16,28.561229,28.694258,27.583471,28.022465,2281800
2001-11-19,28.188750,28.601138,28.009161,28.541275,6139000
2001-11-20,28.208710,28.541282,27.603430,27.802973,4398100
2001-11-21,27.703212,27.736469,26.971553,27.191051,3438900
2001-11-23,27.191036,28.108931,27.191036,28.022465,1537300
2001-11-26,28.175445,28.587832,28.049066,28.494713,5616700
2001-11-27,28.394957,28.654365,27.889450,28.375004,5019000
2001-11-28,28.261930,28.261930,27.164443,27.177746,4011700
2001-11-29,27.290810,27.669941,27.024754,27.443792,2887600
2001-11-30,27.370640,27.849542,27.004810,27.191051,4139100
2001-12-03,27.038056,27.503654,26.658925,26.752045,2271300
2001-12-04,26.951590,27.270858,26.845167,27.257555,2657700
2001-12-05,27.490364,28.933723,27.490364,28.920420,4336900
2001-12-06,28.680966,28.680966,27.676601,28.248625,5051400
2001-12-07,28.261916,28.800680,28.135537,28.654350,3488600
2001-12-10,28.594495,28.694265,28.075682,28.195408,3851500
2001-12-11,28.308478,28.335082,27.403883,27.490353,2831300
2001-12-12,27.463754,28.069034,27.104576,27.104576,5120900
2001-12-13,27.177739,28.102287,26.772002,27.656643,6736700
2001-12-14,27.816284,28.235325,27.809633,28.115599,4030100
2001-12-17,28.142199,28.374998,27.936004,28.268576,4713100
2001-12-18,28.374994,29.006880,28.368343,28.820641,2961100
2001-12-19,28.840616,29.066765,28.268593,28.807360,3413800
2001-12-20,28.800693,29.479139,28.734180,28.940372,4342500
2001-12-21,28.940362,29.558945,28.734169,29.000225,5533100
2001-12-24,28.966978,29.445882,28.966978,29.312853,2332500
2001-12-26,29.372693,29.665355,29.193104,29.272921,3352700
2001-12-27,29.299537,29.725228,29.060085,29.366053,2996300
2001-12-28,29.419273,30.177536,29.306200,30.057810,3745700
2001-12-31,29.938085,30.037858,29.512394,29.519047,2926300
2002-01-02,29.399316,29.585555,28.388298,29.565601,4826800
2002-01-03,29.505742,29.924783,29.279593,29.825010,6355100
2002-01-04,29.864916,29.938080,29.592208,29.791750,4130500
2002-01-07,29.625467,29.791753,29.166517,29.346106,5082900
2002-01-08,29.359402,29.645413,29.193116,29.545641,4649800
2002-01-09,29.565595,29.598852,29.226371,29.366053,3776700
2002-01-10,29.632125,29.798411,29.465839,29.731897,6416300
2002-01-11,29.731883,29.751836,28.800682,29.060087,3613400
2002-01-14,28.927061,29.299540,28.601140,28.661003,2967000
2002-01-15,28.734165,28.947010,28.421547,28.494713,3621200
2002-01-16,28.474782,28.554599,27.922712,27.922712,2445800
2002-01-17,27.995875,28.940377,27.995875,28.833954,3390200
2002-01-18,28.441522,28.986942,28.268586,28.554598,2940300
2002-01-22,28.667665,29.252991,28.508032,28.920420,3156500
2002-01-23,28.933728,29.705294,28.887168,29.705294,3124700
2002-01-24,29.598863,29.931434,29.366064,29.432577,3683600
2002-01-25,29.459178,29.598857,29.080047,29.399315,2211800
2002-01-28,29.485774,30.217430,29.219716,29.266275,3894200
2002-01-29,29.352769,29.805066,28.847258,28.980288,2651600
2002-01-30,29.000233,30.403685,28.940370,30.330519,4511700
2002-01-31,30.363778,30.609880,30.091069,30.596577,3540100
2002-02-01,30.383722,30.510098,29.931425,30.104361,2970700
2002-02-04,30.064465,30.516762,29.665377,29.831663,3599100
2002-02-05,29.824997,30.130962,29.698621,29.977980,5288300
2002-02-06,29.931432,29.964689,29.698633,29.765146,4974300
2002-02-07,29.871566,30.470195,29.339452,29.359406,4855100
2002-02-08,29.272953,29.465845,28.734188,29.319515,3095700
2002-02-11,29.239675,29.958031,29.159859,29.918121,4581200
2002-02-12,29.672024,29.911476,29.173167,29.565601,3505500
2002-02-13,29.552307,30.230753,29.372718,30.230753,4061200
2002-02-14,30.144260,30.929128,30.130957,30.809402,3809800
2002-02-15,30.836040,30.875947,30.130988,30.523422,4543700
2002-02-19,30.230763,30.629848,29.971358,30.084431,5246300
2002-02-20,30.130975,30.656439,30.130975,30.503456,3032500
2002-02-21,30.516767,31.195213,30.430297,30.536720,4844900
2002-02-22,30.470215,30.496819,29.306214,30.084431,4222300
2002-02-25,30.084412,30.297258,29.425922,29.532345,4330400
2002-02-26,29.598875,29.898190,28.474784,28.913778,7660900
2002-02-27,29.093346,29.213069,27.869483,28.062372,5644500
2002-02-28,28.195404,28.700914,27.437142,27.443792,8111200
2002-03-01,27.483712,27.583485,26.186683,27.204353,11850400
2002-03-04,27.410541,27.463754,26.439433,27.264212,11727200
2002-03-05,27.570179,28.268578,25.468327,25.967184,22950300
2002-03-06,26.000424,26.339645,25.474960,25.887348,12183300
2002-03-07,26.146776,27.124535,25.973838,26.525908,10132300
2002-03-08,26.958248,27.363986,26.479347,26.545860,7193400
2002-03-11,26.738745,27.270859,26.439430,27.117876,4023300
2002-03-12,27.157787,27.630038,26.772003,27.570175,5160200
2002-03-13,27.510304,28.301823,27.304109,27.882782,6106600
2002-03-14,27.789682,27.936015,27.357341,27.483717,4384200
2002-03-15,27.736467,28.208718,27.523621,28.035782,5008600
2002-03-18,28.235315,28.268572,27.716502,28.075680,5373800
2002-03-19,28.148859,28.394961,28.029133,28.108950,3021300
2002-03-20,27.982566,28.029126,27.663298,27.783024,3291300
2002-03-21,27.643343,27.709856,26.911684,27.264212,3240900
2002-03-22,27.204350,27.350679,26.911685,26.938292,3117600
2002-03-25,26.938291,26.944941,26.439434,26.505947,5007000
2002-03-26,26.459399,26.778667,26.033707,26.698851,6305400
2002-03-27,26.718797,26.838523,26.326365,26.672237,4034100
2002-03-28,26.805276,26.805276,26.206649,26.486008,5190600
2002-04-01,26.253197,26.579116,25.880716,26.372923,4861200
2002-04-02,26.306407,26.379573,25.667870,25.800900,3949200
2002-04-03,25.867413,26.306407,25.654567,25.874065,3069700
2002-04-04,25.940584,26.539214,25.867418,26.253202,3774700
2002-04-05,26.372923,26.705495,25.940579,26.106865,3120200
2002-04-08,26.013737,26.885072,25.907314,26.878422,5154400
2002-04-09,26.858459,27.403876,26.705477,27.111212,4928200
2002-04-10,27.177739,28.022471,27.177739,27.982561,7595800
2002-04-11,27.942662,28.328446,27.689909,27.842892,4849300
2002-04-12,27.876141,28.069033,27.669945,27.836231,2725700
2002-04-15,28.009165,28.155497,27.729804,27.935999,2713700
2002-04-16,28.088983,28.601143,28.015816,28.601143,3614100
2002-04-17,28.468112,28.634397,28.035770,28.295176,2708400
2002-04-18,28.222008,28.581185,28.062372,28.441504,3416000
2002-04-19,28.534644,28.581204,28.075694,28.241980,2942800
2002-04-22,28.102294,28.361699,27.191048,27.510317,3502000
2002-04-23,27.437137,27.716495,26.805250,26.924976,4802000
2002-04-24,27.131181,27.344026,26.140117,26.206633,4975300
2002-04-25,26.120169,26.911689,26.073609,26.705496,4666000
2002-04-26,26.725442,27.077967,26.519247,26.552504,4823600
2002-04-29,26.599069,26.625673,26.206634,26.466040,3553500
2002-04-30,26.339663,26.752054,26.173377,26.738750,3235200
2002-05-01,26.612376,26.938297,25.887370,26.785315,4372200
2002-05-02,26.745392,27.151130,26.658926,27.024754,2801400
2002-05-03,26.931629,27.044702,26.572452,26.851810,3632400
2002-05-06,26.805261,27.437147,26.712141,26.745398,2971900
2002-05-07,27.004800,27.403887,26.938286,26.984846,3194000
2002-05-08,27.237602,27.809626,27.104573,27.769716,3778600
2002-05-09,27.769713,27.769713,26.971541,27.277506,3955200
2002-05-10,27.397231,27.437140,26.738741,26.805254,3772100
2002-05-13,26.938304,26.951607,26.273160,26.605732,4713200
2002-05-14,27.097918,27.536912,26.938282,27.051355,4403500
2002-05-15,27.004793,27.590120,26.791948,27.357321,4886000
2002-05-16,27.317427,27.836238,27.177747,27.623392,3494800
2002-05-17,27.363985,27.729813,26.978203,27.503664,3022100
2002-05-20,27.483710,27.842888,27.084625,27.230955,1794100
2002-05-21,27.337371,27.337371,26.439429,26.446079,3904300
2002-05-22,26.439430,26.658928,25.727727,26.133465,5177500
2002-05-23,26.239891,26.525903,25.641261,26.466040,3310200
2002-05-24,26.352961,26.805259,25.674515,25.880711,3565700
2002-05-28,26.033688,26.166717,24.996067,25.581390,6024000
2002-05-29,25.541483,25.940568,25.455014,25.581390,3463500
2002-05-30,25.907312,26.259837,25.581391,26.153414,6150200
2002-05-31,26.086906,26.678883,26.020391,26.120163,5367200
2002-06-03,26.133467,26.226587,25.627957,25.760986,3216500
2002-06-04,25.834138,26.000424,25.474960,25.887348,5528300
2002-06-05,25.933919,26.539198,25.880706,26.386213,4548800
2002-06-06,26.439440,26.585772,25.973839,26.180035,3740500
2002-06-07,26.046997,26.399522,26.046997,26.206633,3234400
2002-06-10,26.233234,26.791954,26.180024,26.692184,4666700
2002-06-11,26.798614,27.184396,26.253197,26.372923,3920200
2002-06-12,26.386214,27.177736,26.306398,27.091267,4688200
2002-06-13,26.798604,27.204342,26.392867,26.472683,3348500
2002-06-14,26.313059,26.492648,25.608006,26.459389,3160300
2002-06-17,26.485987,27.064661,26.439428,27.064661,2947400
2002-06-18,26.712142,27.171089,26.705491,27.104576,3004000
2002-06-19,26.998143,27.503650,26.984840,27.237595,3142300
2002-06-20,27.024773,27.290829,26.599082,26.605732,2781500
2002-06-21,26.392868,26.785303,26.113507,26.326355,3799300
2002-06-24,26.106861,26.406175,25.501581,25.674517,5917700
2002-06-25,25.880703,26.073595,25.009365,25.129091,4508600
2002-06-26,24.603635,25.175656,24.324274,25.002720,5190800
2002-06-27,25.055940,25.674524,24.803188,25.667873,3119300
2002-06-28,25.494940,26.086917,25.368562,25.687830,5046500
2002-07-01,25.627957,25.641261,24.976118,25.122450,2771900
2002-07-02,24.949508,25.115793,24.031612,24.291018,3623000
2002-07-03,24.217853,25.215567,23.712345,25.142401,4848400
2002-07-05,25.375212,26.186685,25.242183,26.140125,1714900
2002-07-08,25.973832,26.306403,25.341945,25.641260,3131400
2002-07-09,25.741028,26.186672,24.690101,24.783220,3753800
2002-07-10,24.969457,25.235513,23.945137,24.084816,4501400
2002-07-11,24.211206,25.228874,23.965101,24.849743,6027000
2002-07-12,24.982763,25.102489,24.384133,24.550419,4181400
2002-07-15,24.377485,24.942855,22.242375,24.517164,8971800
2002-07-16,24.231158,24.384141,22.787797,22.927479,6843100
2002-07-17,23.419681,23.612573,21.703613,23.060503,7225100
2002-07-18,22.914173,23.845372,22.528389,22.535042,4284300
2002-07-19,22.149257,22.807750,21.869899,22.002928,3653700
2002-07-22,21.883203,22.747888,20.985259,21.417603,6031000
2002-07-23,21.410944,22.135950,21.091676,21.244659,6461400
2002-07-24,21.078378,23.486196,20.619429,23.319910,7467400
2002-07-25,22.947432,23.200188,21.371044,22.668074,5818700
2002-07-26,22.714632,23.213490,22.249032,22.980688,3994200
2002-07-29,23.047206,24.138040,23.027250,24.118084,4221600
2002-07-30,23.745604,23.785511,23.053855,23.373123,3889800
2002-07-31,23.246759,23.333228,22.175878,23.193546,4568200
2002-08-01,22.993988,23.220136,21.929760,22.076090,4794700
2002-08-02,22.089392,22.129302,21.025165,21.537325,4942400
2002-08-05,21.384351,21.923115,21.104989,21.184807,3903800
2002-08-06,21.517376,22.515090,21.484119,22.096052,3726500
2002-08-07,22.495137,22.974041,22.368761,22.967388,6181300
2002-08-08,22.681376,22.781148,21.284576,22.042839,8713700
2002-08-09,21.883207,22.495138,21.756829,22.222429,3434400
2002-08-12,22.149266,22.189176,21.524033,21.710272,3522200
2002-08-13,21.557287,22.974042,21.291228,21.696966,6404700
2002-08-14,21.763478,23.220140,21.284574,23.140324,4308700
2002-08-15,23.213497,24.430707,23.186890,24.264421,6446500
2002-08-16,23.945149,24.397446,23.645834,23.871983,5097100
2002-08-19,23.146979,24.231162,23.087116,24.031620,4266800
2002-08-20,23.818780,23.945156,23.186893,23.532768,3504200
2002-08-21,23.619235,23.858687,22.867625,23.253407,4895000
2002-08-22,23.313267,23.446296,22.614867,23.366480,4847200
2002-08-23,23.080466,23.240099,22.594912,22.747894,2436000
2002-08-26,22.714629,23.213487,22.295589,23.146971,3322100
2002-08-27,22.561645,22.668070,21.736869,21.763475,7912200
2002-08-28,21.736871,22.195818,21.623795,22.089396,5933200
2002-08-29,21.916457,22.528387,21.351084,22.275635,4604700
2002-08-30,22.222429,22.561651,22.049493,22.222429,3574500
2002-09-03,22.049488,22.275637,21.557281,21.623795,4390600
2002-09-04,22.036192,22.581609,21.849950,22.488489,5130400
2002-09-05,22.282284,22.328844,21.617141,21.982969,6284000
2002-09-06,22.202472,23.146974,22.202472,22.980688,4609600
2002-09-09,22.734588,23.280005,22.614862,23.067160,2822800
2002-09-10,23.107057,23.346506,22.102690,22.561638,6251500
2002-09-11,22.781147,23.725648,22.688027,22.701330,3114200
2002-09-12,22.594910,22.834362,22.242383,22.262339,3110200
2002-09-13,22.242378,22.887567,21.982972,22.581602,3013400
2002-09-16,22.588242,22.727922,22.195808,22.501776,2210100
2002-09-17,22.634812,22.914173,22.229074,22.235727,3120200
2002-09-18,22.135962,22.761198,22.042842,22.488489,2782100
2002-09-19,22.282291,22.634816,22.049492,22.049492,2703500
2002-09-20,22.654770,23.193534,22.581604,22.774496,6715700
2002-09-23,22.515079,22.648108,21.643743,21.936405,5097100
2002-09-24,21.643754,22.142611,21.344439,21.730221,5259800
2002-09-25,22.076092,22.727932,21.836643,22.581602,4874300
2002-09-26,22.781153,23.413040,22.614867,23.366480,5703600
2002-09-27,23.206827,23.566005,22.488474,22.561638,4503900
2002-09-30,21.989628,22.082748,21.277924,21.530678,6219100
2002-10-01,21.583887,22.082745,20.685944,22.082745,7287300
2002-10-02,21.949719,22.009582,20.765764,21.031822,5824200
2002-10-03,20.918742,21.390993,20.499701,20.546261,6168300
2002-10-04,20.952005,21.211411,20.074017,20.799023,6763700
2002-10-07,20.619429,20.938697,19.162765,19.408869,9250800
2002-10-08,19.887773,21.444208,19.881121,21.005213,7595000
2002-10-09,20.752458,20.912092,19.987543,20.253601,5744100
2002-10-10,19.774699,21.716917,19.122859,21.417603,16465100
2002-10-11,21.690317,22.548352,21.271276,22.488489,7907100
2002-10-14,22.282290,22.594908,22.169217,22.328850,4145400
2002-10-15,23.027245,23.712344,22.781143,23.605921,5645900
2002-10-16,23.379775,23.512802,22.648117,22.980688,5204600
2002-10-17,23.552712,23.772211,22.621511,22.701330,5091300
2002-10-18,22.441937,23.446302,22.322211,23.439651,3484500
2002-10-21,23.013943,23.393074,22.209121,23.359818,4763600
2002-10-22,22.854317,23.426340,22.674728,23.160282,4653200
2002-10-23,23.107058,24.211195,23.107058,24.084816,5348600
2002-10-24,24.204550,24.610288,23.778859,23.945145,3736300
2002-10-25,24.051565,24.118078,23.233440,23.938492,3868700
2002-10-28,24.038259,24.157985,23.113711,23.166924,3572700
2002-10-29,23.213487,23.605921,22.475178,23.266697,5218400
2002-10-30,22.900873,23.080462,22.268986,22.441925,5046800
2002-10-31,22.614860,22.993991,22.382061,22.568300,4489800
2002-11-01,22.461884,23.073815,21.982980,22.974045,5279400
2002-11-04,23.133670,23.140323,22.448574,22.515087,3728900
2002-11-05,22.282295,22.867622,21.883210,22.475187,6859800
2002-11-06,22.794446,22.814399,21.836641,22.421965,6035400
2002-11-07,21.371056,21.943079,21.171512,21.331146,10325500
2002-11-08,21.304522,21.690306,21.218054,21.390991,4750300
2002-11-11,21.384345,21.384345,20.985258,20.985258,2988000
2002-11-12,21.045119,21.896502,20.932045,21.490767,3040900
2002-11-13,21.477463,21.610492,20.838925,21.251314,6342000
2002-11-14,21.617145,22.282288,21.424253,22.242378,4796400
2002-11-15,22.242379,22.501787,21.883204,22.375408,3834100
2002-11-18,22.415321,22.481835,21.650406,21.657059,3963500
2002-11-19,21.317836,21.550637,21.051779,21.257973,5551500
2002-11-20,21.244662,21.577233,21.211405,21.284571,5785600
2002-11-21,21.351092,21.470818,20.805676,21.257973,6811000
2002-11-22,21.284574,21.776780,20.952002,20.998562,5719300
2002-11-25,20.991915,21.417608,20.652692,21.264624,6129900
2002-11-26,21.184807,21.304531,20.652691,20.685949,6095800
2002-11-27,20.898802,21.391007,20.865545,21.297888,5539600
2002-11-29,21.417608,21.677013,21.284579,21.484121,2249000
2002-12-02,21.969672,22.900873,21.484118,21.683661,6114900
2002-12-03,21.716925,21.969678,21.450867,21.883211,5538100
2002-12-04,21.776778,21.916458,21.384344,21.450857,5315700
2002-12-05,21.184807,21.218063,20.386634,20.685949,8151800
2002-12-06,20.326774,20.619438,20.100625,20.246958,6247400
2002-12-09,20.200395,20.240303,19.521949,19.615068,7366900
2002-12-10,19.701531,19.914377,19.342353,19.501987,7031900
2002-12-11,19.422175,19.455432,18.856804,18.943272,11694400
2002-12-12,19.495343,19.754750,18.763685,19.661629,18744800
2002-12-13,19.488684,19.581805,18.770330,18.969873,7609900
2002-12-16,18.989834,19.282497,18.816898,19.076303,8149700
2002-12-17,19.023086,19.029738,18.337989,18.431108,9248800
2002-12-18,18.417804,18.597391,18.131792,18.304729,13631300
2002-12-19,18.125144,18.757030,18.091887,18.344641,6990900
2002-12-20,18.424461,18.776986,18.105191,18.544186,6706900
2002-12-23,18.590741,18.623997,18.018717,18.218260,5193200
2002-12-24,18.185003,18.311380,18.045322,18.118488,3230200
2002-12-26,18.105187,18.677211,18.071931,18.391199,4150300
2002-12-27,18.351289,18.484318,18.191655,18.218260,2777600
2002-12-30,18.158401,18.823544,18.138447,18.637304,4456400
2002-12-31,18.643962,18.923322,18.291436,18.663916,4597900
2003-01-02,18.783635,19.302447,18.690516,19.295795,5124100
2003-01-03,19.255891,19.275845,18.650611,18.790291,3368000
2003-01-06,18.963226,19.235935,18.770334,19.016438,4391800
2003-01-07,19.049694,19.568506,18.856804,19.322403,5185100
2003-01-08,19.289149,19.748098,19.162771,19.488691,6148400
2003-01-09,19.954290,20.399936,19.854519,20.320118,8319500
2003-01-10,20.180435,20.399932,19.954286,20.340069,5017300
2003-01-13,20.459796,20.579521,20.113921,20.300161,4262200
2003-01-14,20.340071,20.619431,20.153831,20.612780,3858600
2003-01-15,20.606126,20.619429,20.153829,20.253601,4420200
2003-01-16,20.353379,20.606133,19.994201,20.087322,3819000
2003-01-17,20.074009,20.439837,19.967586,20.000843,4828800
2003-01-21,20.020803,20.147180,19.408871,19.475386,4034600
2003-01-22,19.355661,19.488689,19.202678,19.322403,6860900
2003-01-23,19.422165,19.794645,19.355651,19.694874,4800800
2003-01-24,19.688230,19.694882,19.082950,19.222630,4704600
2003-01-27,19.076299,19.661624,18.996481,19.136162,4372000
2003-01-28,19.222626,19.508637,19.189369,19.428820,4251900
2003-01-29,19.315748,19.555199,18.863451,19.501987,5195500
2003-01-30,19.488682,19.954283,19.269185,19.275837,4422800
2003-01-31,19.222636,19.495345,19.156121,19.202682,5278300
2003-02-03,19.269193,19.555204,19.235936,19.422176,2793400
2003-02-04,19.335706,19.422175,18.856803,18.996483,3262700
2003-02-05,19.249234,19.535245,18.903359,19.089600,4126100
2003-02-06,19.714838,20.220346,19.069649,19.255890,6104900
2003-02-07,19.535245,19.768044,18.963222,18.969873,2759400
2003-02-10,19.023092,19.176075,18.770337,19.076303,3104400
2003-02-11,19.289144,19.475385,18.929966,19.036390,3070800
2003-02-12,19.082945,19.368957,18.956568,19.129505,4341900
2003-02-13,19.162765,19.235931,18.577440,18.823542,3507200
2003-02-14,18.976528,19.269190,18.577442,19.235933,2934900
2003-02-18,19.255889,19.874471,19.249238,19.847866,3288700
2003-02-19,19.708184,19.954287,19.249236,19.535248,2315400
2003-02-20,19.641670,19.661623,19.229281,19.402218,2570900
2003-02-21,19.661623,19.960938,19.482036,19.954287,3349200
2003-02-24,19.947632,19.994191,19.561849,19.621712,3552900
2003-02-25,19.488698,19.987556,19.295807,19.980906,3629100
2003-02-26,19.847864,20.087316,19.721486,19.954287,4298300
2003-02-27,20.054061,20.333421,19.921033,20.220346,2730300
2003-02-28,20.286858,20.466447,20.120572,20.300161,3161200
2003-03-03,20.406585,20.539613,20.160482,20.306814,3162700
2003-03-04,19.827914,20.120578,19.388920,19.488691,6144900
2003-03-05,18.490974,19.189375,17.958860,19.122860,21138800
2003-03-06,18.697169,19.249237,18.431111,19.122860,9385100
2003-03-07,18.863461,19.455438,18.803598,19.388924,4909400
2003-03-10,19.109563,19.262545,18.737083,18.863461,3475200
2003-03-11,18.983180,19.142814,18.630654,18.677214,3623700
2003-03-12,18.597391,19.049688,18.570786,19.003128,3845100
2003-03-13,19.575156,19.954287,19.289144,19.947636,5622400
2003-03-14,19.914380,19.954288,19.528597,19.681580,4234700
2003-03-17,19.555201,20.566219,19.521945,20.552916,5578400
2003-03-18,20.379979,20.665991,20.280208,20.612780,4342900
2003-03-19,20.692598,20.772415,20.160483,20.672644,4292700
2003-03-20,20.519652,20.679286,20.014143,20.466440,4544100
2003-03-21,20.725853,20.878836,20.187088,20.772413,5879400
2003-03-24,20.752467,20.772420,19.874477,20.020809,4417700
2003-03-25,20.153841,20.818984,20.140539,20.606138,3619500
2003-03-26,20.532963,20.945351,20.506357,20.765762,2985700
2003-03-27,20.685947,20.732507,20.220346,20.220346,3063600
2003-03-28,20.193738,20.532961,20.093965,20.240297,2438200
2003-03-31,19.927684,20.373330,19.721490,19.974245,3775300
2003-04-01,20.067375,20.300175,19.794666,20.227009,4239700
2003-04-02,20.825627,21.224713,20.685948,21.031822,5744000
2003-04-03,20.991911,21.251318,20.852232,20.938700,3949700
2003-04-04,21.051773,21.224711,20.785716,20.998562,2946400
2003-04-07,21.470820,21.803391,21.391003,21.397654,5453100
2003-04-08,21.317834,21.883207,21.284578,21.843298,5704900
2003-04-09,21.856591,21.949711,21.524020,21.563927,4837500
2003-04-10,21.537336,22.508444,21.437563,22.475187,6661200
2003-04-11,22.614862,22.614862,21.923113,22.049492,4536600
2003-04-14,22.155908,22.475177,21.836640,22.448570,3737600
2003-04-15,22.408667,23.080463,22.268988,23.067160,4378900
2003-04-16,22.894212,23.153619,22.528384,22.654762,3429600
2003-04-17,22.448567,23.160269,22.448567,23.013937,3553100
2003-04-21,22.887561,22.914168,22.521733,22.654762,3655100
2003-04-22,22.681374,22.681374,22.295592,22.495134,5174700
2003-04-23,22.441917,22.588247,22.102693,22.508430,3422400
2003-04-24,22.348795,22.508430,22.135950,22.315538,3449900
2003-04-25,22.302238,22.402010,21.843290,21.982969,3732500
2003-04-28,22.016231,22.947432,21.982974,22.927479,4147500
2003-04-29,22.794445,23.426331,22.794445,23.173576,3984000
2003-04-30,23.173584,23.240097,22.947435,23.020601,4776100
2003-05-01,22.847665,22.954087,22.535049,22.834364,5181200
2003-05-02,22.834363,23.413037,22.781151,23.160282,3577300
2003-05-05,23.186883,23.220140,22.781146,22.787796,3113900
2003-05-06,22.787808,23.346529,22.734598,23.193546,3950600
2003-05-07,23.180239,23.246755,22.747897,22.841017,2894900
2003-05-08,22.781151,23.712352,22.747894,23.246752,4451900
2003-05-09,23.439629,23.512793,23.173571,23.479536,2180800
2003-05-12,23.878630,24.111429,23.765555,24.078173,6770400
2003-05-13,24.078173,24.337578,23.885281,24.078173,4133500
2003-05-14,23.945145,24.251111,23.745603,23.885283,3179300
2003-05-15,23.825423,23.958452,23.173583,23.539412,4917700
2003-05-16,23.479539,23.692385,23.346510,23.625872,3642900
2003-05-19,23.459597,23.459597,22.674728,22.747894,3977200
2003-05-20,22.688020,22.900865,22.495128,22.707973,4135200
2003-05-21,22.741233,23.033897,22.594903,23.027245,4222500
2003-05-22,22.900878,23.452945,22.774502,23.379782,3152200
2003-05-23,23.353167,23.373120,23.040549,23.127018,3130100
2003-05-27,23.087106,23.938490,22.847654,23.891928,5276800
2003-05-28,24.776573,25.953876,24.217853,24.843086,16660700
2003-05-29,24.563730,25.002724,24.098129,24.364187,9019600
2003-05-30,24.171288,24.783218,24.171288,24.776567,4893300
2003-06-02,24.789873,25.262124,24.517165,24.829782,3749600
2003-06-03,24.676804,25.022679,24.510519,24.849743,3039900
2003-06-04,24.809836,25.135757,24.663506,24.896305,5826800
2003-06-05,24.477253,25.135746,24.157985,24.563723,6604300
2003-06-06,24.590326,24.610279,23.353160,23.479536,9230900
2003-06-09,23.386434,23.406388,23.107075,23.273361,4465200
2003-06-10,23.200177,23.539398,23.146964,23.279993,3769000
2003-06-11,23.413032,23.552711,23.113717,23.466242,3886400
2003-06-12,23.506153,23.738952,23.253398,23.645832,4502700
2003-06-13,23.805479,23.878646,23.100427,23.193546,3709900
2003-06-16,23.313248,23.865317,23.153615,23.725636,4086300
2003-06-17,23.878632,24.011659,23.519455,23.812117,4251500
2003-06-18,23.898587,24.144689,23.619226,24.104782,3873000
2003-06-19,24.038269,24.231161,23.585972,23.665791,3703600
2003-06-20,24.064872,24.124735,23.738951,24.005009,3462600
2003-06-23,23.971755,24.011662,23.745606,23.825422,3238300
2003-06-24,24.098117,24.450641,23.825408,24.111420,2737200
2003-06-25,24.191250,24.477262,23.971754,23.971754,2832600
2003-06-26,23.978411,24.370846,23.845382,24.144697,2460100
2003-06-27,24.244450,24.510506,23.951786,23.951786,2336000
2003-06-30,24.204555,24.610293,23.991709,24.344234,3150200
2003-07-01,24.197900,24.410745,23.718996,24.284367,4371200
2003-07-02,24.310986,24.477272,24.024975,24.444016,2877600
2003-07-03,24.177943,24.457305,23.925191,24.011658,1615100
2003-07-07,24.111428,24.616935,24.051565,24.610285,2500300
2003-07-08,24.144683,24.716706,24.111426,24.537117,3385100
2003-07-09,24.630247,24.663506,24.271071,24.430704,2145400
2003-07-10,24.596973,24.909591,24.078163,24.111420,3191100
2003-07-11,24.510518,24.643547,24.251113,24.570381,2448100
2003-07-14,24.869687,25.075882,24.537116,24.710054,2047800
2003-07-15,24.916247,24.956157,24.424043,24.703402,2134800
2003-07-16,24.730010,24.836433,24.124730,24.530468,1792300
2003-07-17,24.550429,24.723365,24.217857,24.251114,2146000
2003-07-18,24.570383,24.596990,24.044922,24.350887,2682500
2003-07-21,24.710062,24.710062,24.011660,24.171295,2015000
2003-07-22,24.297668,24.430697,23.878630,24.291018,2513500
2003-07-23,24.404091,24.483910,23.971750,24.457304,2083000
2003-07-24,24.510510,24.577026,23.945140,24.071516,2712800
2003-07-25,24.058220,24.444005,23.905238,24.297672,2003200
2003-07-28,24.244455,24.596980,24.164639,24.537117,1562300
2003-07-29,24.470615,24.603644,24.111437,24.523825,2467900
2003-07-30,24.497216,24.683455,24.310974,24.417397,2670900
2003-07-31,24.723373,25.082551,24.490573,24.603649,2899400
2003-08-01,24.543778,24.756624,24.277720,24.390793,2290600
2003-08-04,24.217847,24.816477,24.005002,24.583675,2170800
2003-08-05,21.284574,21.750174,19.934333,19.994196,56773500
2003-08-06,20.200387,20.200387,19.176067,19.215975,25463300
2003-08-07,19.475379,19.661618,19.235927,19.309093,16177700
2003-08-08,19.482035,19.488686,19.329052,19.435474,8117000
2003-08-11,19.515297,19.781354,19.422177,19.588463,8047500
2003-08-12,19.954288,20.193740,19.821259,19.987545,13395400
2003-08-13,20.153830,20.326767,19.954287,20.153830,7145000
2003-08-14,20.220344,20.592824,20.173784,20.519659,7101500
2003-08-15,20.526315,20.685949,20.353378,20.586178,3864100
2003-08-18,20.632740,20.752466,20.333425,20.373333,7021800
2003-08-19,20.446490,20.552913,20.233645,20.280205,7027600
2003-08-20,20.306816,20.546267,20.054061,20.286861,7540300
2003-08-21,20.519655,20.546260,20.286855,20.446489,4264200
2003-08-22,20.586170,20.685941,20.493049,20.546261,5429200
2003-08-25,20.586172,21.085029,20.546262,20.918743,5356300
2003-08-26,20.752462,21.104987,20.745811,21.031822,4096300
2003-08-27,20.958659,21.218064,20.945356,21.144899,3283200
2003-08-28,21.218066,21.417610,21.078386,21.404306,3844900
2003-08-29,21.291222,21.510720,21.138240,21.450857,6441900
2003-09-02,21.444215,22.102705,21.364396,22.036192,7867600
2003-09-03,22.155907,22.155907,21.849940,22.122648,7109000
2003-09-04,22.302245,22.375411,21.617149,21.829994,7943200
2003-09-05,21.843294,21.843294,21.357740,21.417603,4691500
2003-09-08,21.450864,21.484121,20.952007,21.131596,8555100
2003-09-09,21.098332,21.098332,20.486400,20.632732,11458200
2003-09-10,20.539613,20.918745,20.386630,20.426538,4629900
2003-09-11,20.632727,21.264612,20.572864,21.038464,5974800
2003-09-12,20.892141,21.011867,20.566221,20.878838,5403600
2003-09-15,20.852230,20.998561,20.479750,20.559566,5988400
2003-09-16,20.652698,20.685956,20.419899,20.606138,6998100
2003-09-17,20.785716,21.178150,20.579522,20.971956,6765900
2003-09-18,21.031812,21.218052,20.852224,21.118280,4452400
2003-09-19,21.597183,21.982964,21.351078,21.670349,10642800
2003-09-22,21.470811,21.696960,21.297875,21.464161,5200600
2003-09-23,21.650406,21.876555,21.444213,21.810041,4039300
2003-09-24,21.783428,21.823337,21.164845,21.284571,5012200
2003-09-25,21.277922,21.517373,21.091682,21.151545,3565900
2003-09-26,20.991911,21.051774,20.705899,20.752460,4279100
2003-09-29,20.719204,21.158198,20.592827,20.858885,5000700
2003-09-30,20.752454,20.878830,20.466443,20.719196,3836800
2003-10-01,20.719207,21.517378,20.685950,21.484121,4631800
2003-10-02,21.450853,21.530670,20.991904,21.244659,4434100
2003-10-03,21.617143,21.803383,21.404298,21.457508,4766800
2003-10-06,21.550629,21.982971,21.417600,21.976320,3781800
2003-10-07,21.770126,22.302239,21.583887,22.175863,5210000
2003-10-08,22.714641,22.814411,21.557291,21.903166,13904900
2003-10-09,22.215784,22.342160,21.830000,21.943075,5425100
2003-10-10,21.982973,22.162562,21.856597,21.863247,3702200
2003-10-13,21.949710,22.242371,21.923103,22.182508,2999900
2003-10-14,21.876554,22.342155,21.856601,22.262339,3078500
2003-10-15,22.355455,22.554997,22.062790,22.375408,3568600
2003-10-16,22.508440,22.860965,22.455227,22.468531,3261200
2003-10-17,22.461881,22.807756,22.149263,22.155916,2629900
2003-10-20,22.175869,22.282292,21.889857,22.249035,2634000
2003-10-21,22.268990,22.681378,22.169221,22.555002,3726600
2003-10-22,22.515086,22.714631,22.282287,22.535042,3369400
2003-10-23,22.481824,22.781138,22.388704,22.654762,2863300
2003-10-24,22.468519,22.594897,21.949708,22.428612,3261700
2003-10-27,22.448577,22.681376,22.395364,22.548349,2414300
2003-10-28,22.435272,23.120369,22.388713,23.120369,4039700
2003-10-29,23.107067,23.566015,22.967385,23.486198,5028800
2003-10-30,23.679085,23.785508,22.694674,23.226788,4428200
2003-10-31,23.200191,23.599276,23.153632,23.579323,3925200
2003-11-03,23.472891,23.732296,23.339862,23.399725,2959200
2003-11-04,23.313276,23.619242,23.107083,23.472912,4008200
2003-11-05,23.546074,23.612587,23.047216,23.193546,4528300
2003-11-06,23.266708,23.293315,22.880927,23.273361,4823000
2003-11-07,23.359827,23.432993,22.914182,22.940788,3567600
2003-11-10,22.947437,23.173586,22.787802,22.914181,2587000
2003-11-11,23.047211,23.153634,22.681380,22.940788,2570200
2003-11-12,22.980682,23.226784,22.874260,23.206831,2301200
2003-11-13,23.013940,23.040546,22.581598,22.807747,4851700
2003-11-14,22.821054,23.313258,22.608208,22.721281,4316000
2003-11-17,22.661422,22.767845,22.129309,22.541697,3664400
2003-11-18,22.581603,22.887569,22.335501,22.375408,3190000
2003-11-19,22.402015,22.681374,22.282289,22.495134,2910500
2003-11-20,22.328842,23.033895,22.249026,22.707973,3575000
2003-11-21,22.814399,22.894215,22.634810,22.688023,2910600
2003-11-24,22.934135,23.452945,22.794455,23.379782,4087200
2003-11-25,23.346523,23.778867,23.206844,23.546068,3093000
2003-11-26,23.605922,23.745602,23.293304,23.552710,3756400
2003-11-28,23.432988,23.911892,23.353171,23.825422,1360300
2003-12-01,23.911893,24.357538,23.792167,24.344234,4448300
2003-12-02,24.364187,24.370837,23.925192,23.965099,2879600
2003-12-03,24.138038,24.277717,23.572665,23.812117,5547300
2003-12-04,24.071529,24.197908,23.619231,24.058226,7526200
2003-12-05,23.812119,24.124737,23.632530,23.825422,4462400
2003-12-08,23.792169,24.078180,23.612580,24.038271,4630300
2003-12-09,23.978401,24.444002,23.366471,23.945145,12135600
2003-12-10,24.264413,24.310973,23.679086,24.011658,4964400
2003-12-11,23.971758,24.271073,23.965105,24.038271,4025500
2003-12-12,24.217854,24.217854,23.479545,23.885283,4546200
2003-12-15,24.078172,24.264411,23.512799,23.566011,4835900
2003-12-16,23.785503,23.911882,23.413025,23.858669,3534900
2003-12-17,23.911885,24.038262,23.738947,23.938492,4576200
2003-12-18,23.978400,24.310971,23.945143,24.291018,3338700
2003-12-19,24.444001,24.510514,24.144686,24.337578,3740900
2003-12-22,24.377489,24.390790,23.805466,23.838722,4313500
2003-12-23,23.925181,24.177933,23.778848,24.111420,2452300
2003-12-24,24.005013,24.098133,23.871984,23.985060,843700
2003-12-26,24.018327,24.364202,23.938511,24.197916,1343200
2003-12-29,24.124745,24.603649,24.124745,24.596996,2792700
2003-12-30,24.550420,24.876341,24.457300,24.803175,2982100
2003-12-31,24.743320,24.856393,24.510518,24.730017,2465600
2004-01-02,24.736665,24.889648,24.064872,24.157991,2603100
2004-01-05,24.237810,24.350885,23.852028,24.044920,3968300
2004-01-06,24.011667,24.563737,23.985063,24.317635,3124300
2004-01-07,24.330923,24.730007,24.291013,24.663494,3467100
2004-01-08,24.876342,24.962809,24.623587,24.783220,4973100
2004-01-09,24.823142,25.514891,24.596993,25.248833,6193300
2004-01-12,25.142403,25.182312,24.710061,25.075890,3195400
2004-01-13,24.962812,25.262127,24.916252,25.182310,2092200
2004-01-14,24.710058,24.889645,24.557073,24.636892,4511500
2004-01-15,24.603641,24.956166,23.885285,24.656851,3555100
2004-01-16,24.849743,24.856393,24.404096,24.656851,3188300
2004-01-20,24.736658,24.743311,24.184591,24.211197,3147400
2004-01-21,24.164654,24.384150,24.104791,24.310984,3172300
2004-01-22,24.357534,24.430700,24.078175,24.277718,3359400
2004-01-23,24.390789,24.896299,24.277716,24.843086,5180300
2004-01-26,24.856395,24.956167,24.324281,24.690109,3509800
2004-01-27,24.749965,24.882995,24.304321,24.404091,3375600
2004-01-28,24.616932,24.716705,23.945139,23.998352,3669700
2004-01-29,24.177951,24.543781,24.044924,24.543781,4062400
2004-01-30,24.557078,24.929559,24.397445,24.570381,3005000
2004-02-02,24.590329,25.016020,24.497209,24.756615,2100800
2004-02-03,24.683461,25.009380,24.610295,24.696764,2218400
2004-02-04,24.630250,25.155714,24.557084,24.809839,3123500
2004-02-05,25.275434,25.375206,24.856393,25.222221,4348600
2004-02-06,25.142399,25.435063,25.102492,25.368547,3996300
2004-02-09,25.228875,25.661219,25.082543,25.481630,3072500
2004-02-10,25.441722,26.273150,25.401812,26.213287,4197200
2004-02-11,26.013742,26.140118,25.747684,26.040348,3978900
2004-02-12,25.568094,25.747683,24.976117,25.109146,5448300
2004-02-13,25.169008,25.321991,24.823133,25.016026,2275600
2004-02-17,25.122448,25.468323,25.075888,25.115795,2034900
2004-02-18,25.062592,25.275438,24.956170,25.162365,1844400
2004-02-19,25.275429,25.448365,24.922904,24.929554,2431400
2004-02-20,25.142398,25.607999,24.949506,25.395153,2712200
2004-02-23,25.275441,25.714436,25.162368,25.375214,2849200
2004-02-24,25.262137,25.800903,25.255486,25.574755,3059300
2004-02-25,25.468314,25.894005,25.348588,25.734369,2755000
2004-02-26,25.714426,25.940575,25.514884,25.674517,3116500
2004-02-27,25.448363,26.027039,25.341940,25.847450,6118700
2004-03-01,26.060300,26.605717,25.907317,26.565807,4552100
2004-03-02,26.772004,26.885077,25.980485,26.412827,4672800
2004-03-03,25.754339,26.106864,25.142406,25.481630,10196700
2004-03-04,25.255480,25.867410,25.149057,25.701124,5321400
2004-03-05,25.242184,25.521543,25.135762,25.375214,4390700
2004-03-08,25.341950,25.448373,25.082545,25.135757,3024700
2004-03-09,25.169014,25.175664,24.776579,24.982775,3775800
2004-03-10,24.929563,25.401814,24.856397,24.922913,3617200
2004-03-11,24.843093,25.494936,24.776580,25.029335,3962500
2004-03-12,25.062593,25.508238,24.942867,25.474981,2374500
2004-03-15,25.361904,25.381857,24.809834,24.889650,3107400
2004-03-16,25.122446,25.142400,24.450651,24.636892,3853200
2004-03-17,24.863037,24.942853,24.570372,24.816477,2834300
2004-03-18,24.789869,24.976108,24.643537,24.863035,3905400
2004-03-19,24.783219,25.002717,24.636889,24.763266,3794600
2004-03-22,24.643545,24.703408,24.011659,24.417397,3632300
2004-03-23,24.437352,24.643544,24.197900,24.257763,2399000
2004-03-24,24.337583,24.463959,24.024965,24.237810,3834700
2004-03-25,24.244454,24.776567,24.197894,24.583675,2266500
2004-03-26,24.583685,24.703411,24.317629,24.357536,3715500
2004-03-29,24.370839,24.909606,24.357536,24.730017,1664800
2004-03-30,24.670159,24.836445,24.470617,24.796535,2371000
2004-03-31,24.916253,25.102495,24.736664,25.016026,2680000
2004-04-01,24.896299,25.029328,24.537121,24.843086,2509800
2004-04-02,25.268782,25.275432,24.816484,25.075890,2631200
2004-04-05,25.022676,25.341944,24.969466,25.328644,2203500
2004-04-06,25.016022,25.321987,24.969462,25.321987,2461900
2004-04-07,25.262138,25.528196,24.942870,25.375214,4088100
2004-04-08,25.594693,25.787585,24.996066,25.208912,5281100
2004-04-12,25.302037,25.341944,24.929556,25.049282,2010000
2004-04-13,25.042623,25.135742,24.623582,24.716702,3828100
2004-04-14,24.643546,25.248826,24.444003,25.075890,3335900
2004-04-15,25.175651,25.268773,24.776566,24.856382,2825400
2004-04-16,25.055933,25.468323,24.789877,25.328644,3071300
2004-04-19,25.288739,25.494934,25.228876,25.302042,2295000
2004-04-20,25.375209,25.694478,25.089198,25.135757,2430400
2004-04-21,25.089196,25.528190,25.016030,25.481630,2884900
2004-04-22,25.321989,25.774286,25.242172,25.468321,4165300
2004-04-23,25.401800,25.647905,25.268774,25.634602,2813200
2004-04-26,25.641256,25.754332,25.275428,25.335291,2339100
2004-04-27,25.441721,25.608007,25.242179,25.302042,3510200
2004-04-28,25.401808,25.501581,25.162359,25.268782,6324500
2004-04-29,25.302037,25.501579,24.809830,25.049282,2451900
2004-04-30,25.235537,25.355263,24.883012,24.942875,2984800
2004-05-03,24.882990,25.335287,24.829779,24.996065,2976000
2004-05-04,24.996079,25.208924,24.829793,24.922913,3441500
2004-05-05,24.823142,25.075897,24.756629,24.883005,4736500
2004-05-06,24.676256,24.742948,24.109370,24.209408,5389400
2004-05-07,24.109370,24.402817,23.675868,23.782576,4776300
2004-05-10,23.709213,24.329455,23.575828,24.289438,4089000
2004-05-11,24.282755,24.456154,23.942624,24.089346,2723900
2004-05-12,23.875946,24.436164,23.655862,24.376141,2974900
2004-05-13,24.316118,24.342795,23.742561,24.056017,3034700
2004-05-14,24.082687,24.309442,23.775901,23.909285,2591400
2004-05-17,23.769246,23.855947,23.375760,23.702555,2626500
2004-05-18,23.922623,24.649572,23.855931,24.269424,4406100
2004-05-19,24.542863,24.709595,24.309440,24.356125,3376600
2004-05-20,24.356120,24.496173,24.216066,24.469496,3436200
2004-05-21,24.602890,24.629567,24.276098,24.369467,2718800
2004-05-24,24.396141,24.876326,24.369464,24.549534,2558900
2004-05-25,24.449492,24.956355,24.382801,24.903002,2566400
2004-05-26,24.776286,25.043054,24.676246,24.969692,1675700
2004-05-27,25.676640,26.223519,25.316500,25.389862,7799600
2004-05-28,25.689971,25.689971,25.183106,25.276478,2682600
2004-06-01,25.156435,25.483227,25.109750,25.436543,2723900
2004-06-02,25.609945,26.003431,25.449882,25.863375,3463100
2004-06-03,26.176838,26.583663,25.876721,26.176838,5426500
2004-06-04,26.350235,26.570321,25.649963,26.043449,3710300
2004-06-07,25.776682,26.343568,25.536589,26.236860,3849900
2004-06-08,26.216851,26.763730,26.123479,26.710375,5493300
2004-06-09,26.503620,27.230569,26.450265,27.130529,6895100
2004-06-10,27.477341,27.857488,27.237247,27.757448,6661500
2004-06-14,27.430653,27.590714,26.970472,27.317274,3219800
2004-06-15,27.510689,27.877498,27.377303,27.657413,2777400
2004-06-16,27.617398,27.790797,27.564045,27.717438,2339700
2004-06-17,27.684073,27.790781,27.350611,27.744097,2389100
2004-06-18,27.777446,28.137584,27.604044,28.024208,3153300
2004-06-21,28.024230,28.077583,27.790804,27.890844,2467200
2004-06-22,27.864158,28.210960,27.617396,28.104252,4223400
2004-06-23,27.944189,28.677807,27.930851,28.604445,3783200
2004-06-24,28.491071,28.664471,28.217632,28.351015,3250500
2004-06-25,28.331015,28.411046,27.063858,27.890844,3711300
2004-06-28,27.877492,28.310995,27.757445,27.964193,3151000
2004-06-29,27.824132,27.930840,27.117190,27.343945,5007800
2004-06-30,27.357295,27.744110,27.043839,27.464003,4421800
2004-07-01,27.544030,27.610724,27.150544,27.257252,4025800
2004-07-02,27.250576,27.477331,26.917113,27.130529,3170200
2004-07-06,26.930464,27.584051,26.923793,27.203903,3579200
2004-07-07,27.230586,27.804140,27.123876,27.597395,3162000
2004-07-08,26.923785,27.130533,26.570315,26.783731,5878400
2004-07-09,27.137207,27.163885,26.617006,26.810415,3043700
2004-07-12,26.763726,27.250581,26.677025,27.223904,3592100
2004-07-13,27.297269,27.584047,27.123867,27.517353,2594200
2004-07-14,27.343969,27.864170,27.143892,27.243929,4112500
2004-07-15,27.223910,27.570712,27.190564,27.330618,4120600
2004-07-16,27.570712,27.670752,27.003826,27.090525,3050200
2004-07-19,27.250585,27.363961,26.910451,27.117199,2750400
2004-07-20,27.163883,27.517353,27.097192,27.357292,3049700
2004-07-21,27.390721,27.945620,27.343922,27.511061,2950000
2004-07-22,27.203529,27.517751,26.829139,27.337240,3639700
2004-07-23,27.370652,27.591276,27.089860,27.190142,2205700
2004-07-26,27.156723,27.290434,26.615194,26.849188,2283600
2004-07-27,26.789031,27.624725,26.742232,27.624725,3967400
2004-07-28,27.551176,27.745058,26.976218,27.551176,3123800
2004-07-29,27.678191,28.065952,27.678191,27.945612,3952700
2004-07-30,27.738379,27.745063,27.096563,27.216904,4239700
2004-08-02,27.150051,27.531128,27.096565,27.477642,2014100
2004-08-03,27.350615,27.544497,26.889313,27.216904,3296600
2004-08-04,27.283752,27.651457,27.063127,27.511061,3160300
2004-08-05,27.477641,27.711637,27.129994,27.136679,3695000
2004-08-06,27.069820,27.083189,26.488175,26.568403,3928900
2004-08-09,26.468113,27.109926,26.448057,26.869246,3383000
2004-08-10,26.882616,27.390719,26.882616,27.323862,4409800
2004-08-11,27.076491,27.310485,26.849183,27.069807,3348000
2004-08-12,27.283745,27.444196,26.916037,27.069807,3812800
2004-08-13,27.083184,27.464263,27.069815,27.230267,2318100
2004-08-16,27.370664,27.410778,27.136670,27.290438,3002600
2004-08-17,27.491003,27.885451,27.430833,27.618031,3876400
2004-08-18,27.664831,28.025849,27.317182,27.852026,4139800
2004-08-19,27.845335,28.380179,27.758422,28.313322,6388100
2004-08-20,28.380172,28.607481,28.139491,28.346745,3698100
2004-08-23,28.106081,28.259848,27.771803,27.958998,3969300
2004-08-24,28.032538,28.293275,27.972368,28.139507,2475300
2004-08-25,28.199673,28.313326,27.885451,28.106075,2777700
2004-08-26,28.112767,28.480472,27.985743,28.360132,1938300
2004-08-27,28.353445,28.433671,28.045910,28.112764,2231600
2004-08-30,27.999125,28.266546,27.885470,27.938955,2603400
2004-08-31,27.912187,28.072641,27.430826,27.524424,4129300
2004-09-01,27.484312,27.631395,27.049750,27.297117,4785300
2004-09-02,26.113778,27.250320,26.107091,27.016327,9234400
2004-09-03,26.922740,27.343931,26.916053,27.143362,3536900
2004-09-07,27.210200,27.377339,26.909350,27.150030,3235700
2004-09-08,27.083168,27.330535,26.775633,26.822432,3494400
2004-09-09,26.809077,26.909362,26.468115,26.735538,3023200
2004-09-10,26.688750,27.263708,26.601839,27.103256,4132300
2004-09-13,27.303808,27.938936,27.076499,27.511061,4738700
2004-09-14,27.297119,27.805220,27.283748,27.691565,2885600
2004-09-15,27.557857,27.818593,27.497686,27.684881,2128500
2004-09-16,27.745047,27.905501,27.611335,27.791845,2290900
2004-09-17,27.811904,28.065955,27.544483,27.584595,3075400
2004-09-20,27.531115,27.778480,27.203522,27.417459,2530600
2004-09-21,27.517742,27.765107,27.370659,27.684881,2073800
2004-09-22,27.517750,27.678204,27.290441,27.397409,2010300
2004-09-23,27.297123,27.658141,27.243637,27.243637,1662400
2004-09-24,27.210216,27.865400,27.129990,27.644775,2089100
2004-09-27,27.524440,27.852033,27.484328,27.544498,2007200
2004-09-28,27.725011,27.778494,27.504386,27.611355,2025200
2004-09-29,27.517764,27.952327,27.511080,27.938955,2094800
2004-09-30,27.872076,28.005787,27.604655,27.751736,3190800
2004-10-01,27.905509,28.527264,27.731683,28.273214,3828700
2004-10-04,28.279897,29.296101,28.279897,28.948452,4541100
2004-10-05,28.861549,29.189142,28.687725,28.788010,2934300
2004-10-06,28.714463,28.848175,28.239789,28.701092,3920500
2004-10-07,29.550155,30.024829,29.416443,29.851006,9228600
2004-10-08,29.423123,30.379157,29.423123,29.877741,6412600
2004-10-11,29.750731,30.085009,29.510050,30.018154,3136100
2004-10-12,29.844319,30.365792,29.677180,30.305624,4537800
2004-10-13,30.125115,30.606474,30.051574,30.365793,3715300
2004-10-14,30.352412,30.746860,30.151843,30.359097,4550200
2004-10-15,30.405902,30.740180,30.191964,30.486128,3748100
2004-10-18,30.486143,30.840479,30.245465,30.840479,3340100
2004-10-19,30.659967,31.054415,30.633225,30.893961,4710100
2004-10-20,30.673339,31.087843,30.559683,31.061100,3270100
2004-10-21,30.974193,31.134645,30.659971,31.101217,5510600
2004-10-22,31.161366,31.254963,30.552980,30.573036,3731900
2004-10-25,30.419280,30.860527,30.312312,30.746874,2506800
2004-10-26,30.920685,32.050542,30.873886,31.549126,7444600
2004-10-27,31.321822,32.304599,31.107885,32.157516,4616600
2004-10-28,31.943589,32.458377,31.849991,32.231068,3377100
2004-10-29,32.237750,32.351403,31.736333,32.050552,2906500
2004-11-01,31.956945,32.190941,31.555813,32.184254,3181100
2004-11-02,32.264501,32.699063,31.990393,32.445011,3048600
2004-11-03,32.826873,33.161842,32.290925,32.518703,4110900
2004-11-04,32.759874,33.202031,32.089938,33.108238,4602500
2004-11-05,33.195339,33.804981,32.940763,33.195339,3837400
2004-11-08,32.666078,33.141735,32.431602,32.947453,4262600
2004-11-09,32.853679,33.021164,32.726390,32.826881,3719400
2004-11-10,32.853667,32.954156,32.639288,32.759876,2462000
2004-11-11,32.826844,32.860341,32.505276,32.619164,3004900
2004-11-12,32.404816,32.960865,32.351223,32.907269,2752300
2004-11-15,32.920642,33.396296,32.719662,33.322605,3292200
2004-11-16,33.228823,33.322616,32.518693,32.578987,4923800
2004-11-17,32.893864,33.001054,32.324419,32.806774,5949900
2004-11-18,32.572294,32.779975,32.304321,32.391411,3323200
2004-11-19,32.344506,32.465094,31.788460,31.808558,3318300
2004-11-22,31.835364,32.833567,31.754972,32.759876,4473600
2004-11-23,32.578982,33.342708,32.545485,33.289112,4082300
2004-11-24,33.329304,33.349401,32.746461,33.222115,2784100
2004-11-26,33.001058,33.369525,32.846973,33.255634,656200
2004-11-29,33.054639,33.275716,32.927352,33.114933,2245000
2004-11-30,33.014456,33.068052,32.458410,32.558899,3890500
2004-12-01,32.739775,33.289123,32.679481,33.248928,4555000
2004-12-02,32.692869,33.376204,32.431594,32.954144,3862400
2004-12-03,32.625892,32.994356,32.096642,32.103340,4044400
2004-12-06,32.150218,32.558877,31.808550,32.344498,3825100
2004-12-07,32.297621,32.659387,32.036346,32.197132,3963300
2004-12-08,32.197130,32.773273,32.170332,32.759876,3798700
2004-12-09,31.654482,32.558895,31.520494,32.223927,8193100
2004-12-10,31.955950,32.156930,31.607583,31.835361,4315000
2004-12-13,31.842054,32.063134,31.353001,31.540585,3845000
2004-12-14,31.486979,32.143516,31.486979,32.110020,3321900
2004-12-15,32.029638,32.491892,31.996139,32.398102,3004500
2004-12-16,32.424900,32.465095,31.955944,32.123428,2857200
2004-12-17,32.049747,32.311022,31.868864,32.016251,3617600
2004-12-20,31.955947,32.290915,31.788463,31.989443,2235300
2004-12-21,31.962648,32.156930,31.775067,32.136833,2692100
2004-12-22,31.875559,32.357911,31.828661,32.029644,2159300
2004-12-23,31.942551,32.217225,31.821962,31.821962,1428500
2004-12-27,32.009540,32.190423,31.721467,31.795160,1838900
2004-12-28,31.801869,32.237326,31.775071,32.223927,1240400
2004-12-29,31.922442,32.739762,31.888943,32.632572,1952600
2004-12-30,32.666079,32.773269,32.391406,32.458401,1420800
2004-12-31,32.371308,32.578989,32.331111,32.431602,1393500
2005-01-03,32.317698,32.820150,31.989429,32.089920,2219300
2005-01-04,32.284223,32.384714,31.513798,31.513798,3280200
2005-01-05,31.607586,32.063143,31.433401,31.634384,2672900
2005-01-06,32.733058,32.753155,31.996127,32.089920,3771700
2005-01-07,31.902359,32.130138,31.734875,31.815269,2448200
2005-01-10,31.761653,32.116718,31.667863,31.875544,2053100
2005-01-11,31.795159,31.862154,31.553982,31.701368,2364500
2005-01-12,31.654462,31.915736,31.486978,31.842043,2310700
2005-01-13,31.888966,32.424917,31.842071,31.982759,2913600
2005-01-14,32.089927,32.485190,32.022932,32.337803,3035500
2005-01-18,32.257408,32.947441,32.049727,32.920643,3119800
2005-01-19,32.927352,32.934050,32.378005,32.398102,1830000
2005-01-20,32.485206,32.585695,31.955956,32.016251,1871400
2005-01-21,31.962628,32.116713,31.105111,31.158705,3102700
2005-01-24,31.218993,31.587459,31.038112,31.098404,2487800
2005-01-25,31.239113,31.647774,31.165420,31.540585,2145800
2005-01-26,31.721466,31.828655,31.607578,31.728167,2598200
2005-01-27,31.647763,32.016227,31.440082,31.641062,2257600
2005-01-28,31.701368,31.795158,31.219013,31.681271,2648800
2005-01-31,31.955950,32.317716,31.574087,31.667877,2845700
2005-02-01,31.614282,31.728173,31.413302,31.460197,2634200
2005-02-02,31.466896,31.607582,31.165425,31.600882,2259000
2005-02-03,31.152032,31.245823,30.649580,31.064939,4782300
2005-02-04,31.125354,31.434190,30.829944,31.004505,3578300
2005-02-07,31.017934,31.286486,30.883657,30.950794,2565400
2005-02-08,31.205930,31.219358,30.675536,30.803101,2893400
2005-02-09,30.776236,30.890370,30.494253,30.554678,2132900
2005-02-10,30.601680,31.078362,30.514400,30.789667,1966300
2005-02-11,30.870241,31.494628,30.702395,31.179077,2959000
2005-02-14,31.232774,31.393905,30.984363,31.226059,2043900
2005-02-15,31.380476,31.568463,31.085066,31.555035,2079100
2005-02-16,31.555053,31.622190,31.326782,31.514769,1791700
2005-02-17,31.420763,31.608753,30.883657,30.950794,2179600
2005-02-18,30.876950,30.970944,30.709104,30.749386,2028100
2005-02-22,30.561400,31.360346,30.480835,30.480835,3505200
2005-02-23,30.715827,30.964238,30.541268,30.648689,2810400
2005-02-24,30.655408,31.346933,30.615124,31.246227,2348800
2005-02-25,31.165637,31.393908,31.118641,31.266346,1525800
2005-02-28,31.293207,31.555047,31.004512,31.279779,2425000
2005-03-01,31.306644,31.736330,31.293216,31.360353,2890600
2005-03-02,30.487549,30.930663,29.749028,30.225710,12766600
2005-03-03,30.279406,30.380115,30.030995,30.077991,4944200
2005-03-04,30.051134,30.380113,29.876575,30.051134,4714100
2005-03-07,30.158570,30.312991,29.789310,29.903446,3306200
2005-03-08,30.077996,31.306629,29.876581,30.923941,8118000
2005-03-09,30.843374,31.024648,30.433832,30.621819,4918800
2005-03-10,30.722534,30.776246,29.937016,30.044437,4417300
2005-03-11,30.171993,30.447261,29.997435,30.171993,2518300
2005-03-14,30.145139,30.688958,30.104855,30.655390,3118700
2005-03-15,30.695679,30.722532,30.239137,30.427124,2970400
2005-03-16,30.245857,30.333137,29.863168,29.977304,2739500
2005-03-17,29.876575,29.977284,29.581167,29.641592,2674900
2005-03-18,29.641591,29.742297,29.057486,29.339468,4490000
2005-03-21,29.312617,29.339473,28.701658,29.023922,3181600
2005-03-22,29.023914,29.500596,28.970205,29.158192,2808300
2005-03-23,28.997074,29.587892,28.909796,29.352909,2700300
2005-03-24,29.319341,29.467047,29.205207,29.272345,1969400
2005-03-28,29.225339,29.984004,29.225339,29.843014,2665500
2005-03-29,29.755725,30.030992,29.540882,29.836290,3040000
2005-03-30,29.829594,30.480838,29.809454,30.205570,3603000
2005-03-31,30.212270,30.259267,29.540886,29.661736,3528100
2005-04-01,29.782587,29.816156,29.272334,29.399899,3342800
2005-04-04,29.426766,30.359990,29.299202,30.319706,3553400
2005-04-05,30.346538,31.192481,30.306255,31.125343,4752800
2005-04-06,31.212633,31.407332,30.937365,31.071640,2644900
2005-04-07,31.226062,31.709459,30.715811,31.487904,3136700
2005-04-08,31.588608,31.588608,30.883656,31.004505,1854100
2005-04-11,30.796386,31.125365,30.581543,31.085081,2614500
2005-04-12,31.091797,31.226071,30.292848,31.145506,2933700
2005-04-13,31.152220,31.165646,30.628539,30.722532,2287600
2005-04-14,30.722514,30.937359,30.467390,30.494244,2051800
2005-04-15,30.245837,30.500963,30.077991,30.118275,2668800
2005-04-18,30.198845,30.393547,29.634883,29.742304,3315100
2005-04-19,29.762440,29.869861,29.426748,29.467030,3122000
2005-04-20,29.406614,29.534178,28.809082,28.929932,3257000
2005-04-21,29.245483,29.708737,28.963501,29.554319,2853600
2005-04-22,26.835213,27.929567,26.506234,26.969488,24897600
2005-04-25,27.130615,28.164547,26.788211,27.822140,9700600
2005-04-26,27.862438,28.124278,27.493178,27.922863,6135800
2005-04-27,27.768439,28.003422,27.640874,27.815435,3257400
2005-04-28,27.640879,27.708019,27.029920,27.056776,4259400
2005-04-29,27.271620,27.426038,26.868791,27.278336,4968600
2005-05-02,27.332040,27.755012,27.311899,27.708015,2711600
2005-05-03,27.694582,28.587523,27.620729,28.224976,4665400
2005-05-04,28.248554,28.948709,28.228358,28.854458,4474600
2005-05-05,28.955435,29.022759,28.497644,28.780397,3743100
2005-05-06,28.968883,29.009278,28.746720,28.867901,2592400
2005-05-09,28.948695,29.285307,28.625547,29.177591,3526600
2005-05-10,28.908284,29.083324,28.800568,28.915018,2472300
2005-05-11,29.076611,29.191061,28.167757,28.935234,3658400
2005-05-12,28.665947,28.847716,28.342797,28.591892,4004000
2005-05-13,28.820790,28.820790,27.992723,28.302406,2526000
2005-05-16,28.396648,29.116999,28.046570,29.116999,3011900
2005-05-17,29.090071,29.541133,28.881373,29.487274,3796800
2005-05-18,29.554597,30.349003,29.494006,30.221088,3464800
2005-05-19,30.315348,30.530780,29.978736,30.261492,2406700
2005-05-20,30.362470,30.517314,29.978732,30.268219,1625000
2005-05-23,30.335547,30.355743,29.850824,29.965271,3278700
2005-05-24,30.025860,30.147041,29.608461,29.985468,3809900
2005-05-25,29.830631,30.645234,29.743111,30.577909,3222500
2005-05-26,31.183802,31.210732,30.113374,30.625027,9454200
2005-05-27,30.625032,30.631764,30.295151,30.497118,2199400
2005-05-31,30.497103,30.759661,30.369191,30.550962,1960400
2005-06-01,30.524062,31.224218,30.524062,30.672173,2936800
2005-06-02,30.739464,31.412689,30.739464,31.385759,2822300
2005-06-03,31.419434,31.459828,30.941444,31.049160,2225200
2005-06-06,30.544231,30.968364,30.409586,30.820253,2725300
2005-06-07,30.927975,31.244391,30.625025,30.853922,3140000
2005-06-08,30.921247,30.934712,30.577901,30.759672,2407600
2005-06-09,30.867388,31.136679,30.463454,30.860657,2608900
2005-06-10,30.800069,31.096288,30.665424,30.840464,1447100
2005-06-13,30.739465,31.304974,30.672144,30.786591,2171500
2005-06-14,30.887583,31.304982,30.726007,31.197266,1557300
2005-06-15,31.304963,31.392483,30.625007,31.096262,2628800
2005-06-16,31.096290,31.264597,30.779876,30.961647,2029600
2005-06-17,31.177081,31.419440,30.800074,31.365583,4815500
2005-06-20,31.116477,31.318444,31.002027,31.210728,1734100
2005-06-21,31.156876,31.183806,30.726012,30.901052,2390600
2005-06-22,30.995289,31.103005,30.591353,30.611551,3852300
2005-06-23,30.510557,30.746185,30.167213,30.167213,5257800
2005-06-24,30.160497,30.308607,29.817153,30.241283,2709600
2005-06-27,30.187440,30.248031,29.998938,30.099920,2151500
2005-06-28,30.281679,30.699078,30.133568,30.557701,2360500
2005-06-29,30.571176,30.752947,30.274957,30.423065,1630500
2005-06-30,30.382668,30.665421,30.099912,30.113377,2587000
2005-07-01,30.362463,30.423054,30.113371,30.248016,1525700
2005-07-05,30.389399,30.739477,30.173967,30.510580,2427000
2005-07-06,30.497108,30.638485,30.241281,30.537502,2545500
2005-07-07,30.234561,30.490387,29.972003,30.355742,3254400
2005-07-08,30.322096,30.806816,30.160520,30.665440,2601100
2005-07-11,30.483665,30.766421,30.429808,30.726027,2097500
2005-07-12,30.766395,31.170329,30.530764,31.089542,2485700
2005-07-13,31.008773,31.170346,30.658695,30.827002,2274900
2005-07-14,30.901051,31.116483,30.712546,30.941442,1185500
2005-07-15,31.096282,31.304983,30.894315,31.271322,2160400
2005-07-18,31.156876,31.506954,31.156876,31.237665,1259600
2005-07-19,31.217460,31.405964,31.015492,31.203995,2016300
2005-07-20,31.008763,31.379037,30.672151,31.028959,2443900
2005-07-21,30.968360,31.096272,30.591353,30.611551,2398800
2005-07-22,30.651946,30.988559,30.564429,30.934702,1632100
2005-07-25,30.800066,31.156874,30.800066,30.914513,1318700
2005-07-26,30.901060,31.103028,30.874131,30.968382,1196200
2005-07-27,30.995293,31.076079,30.726002,31.035685,1381400
2005-07-28,31.015486,31.399224,30.921235,31.325169,1900000
2005-07-29,31.237663,31.304984,30.806796,30.948175,2147000
2005-08-01,30.914513,31.008767,30.577900,30.732744,2113300
2005-08-02,30.887575,30.887575,30.483638,30.550962,1471200
2005-08-03,30.473356,30.621840,29.845665,30.000900,6144500
2005-08-04,29.879411,30.108889,29.595936,29.865911,4511200
2005-08-05,29.629687,29.899659,29.400208,29.474449,2734100
2005-08-08,29.575693,29.710680,29.116736,29.224726,3834700
2005-08-09,29.265207,29.379944,28.968233,29.157217,4570700
2005-08-10,29.136985,29.373214,28.617286,28.664532,5283700
2005-08-11,28.705033,29.056000,28.698285,28.880518,6183200
2005-08-12,28.826527,29.083003,28.651044,28.900770,2918100
2005-08-15,28.887248,29.197718,28.786009,29.015488,2200700
2005-08-16,28.947984,28.947984,28.556523,28.839994,3398900
2005-08-17,28.840018,29.811925,28.772525,29.467709,4160000
2005-08-18,29.325963,29.872659,29.170728,29.683678,3368300
2005-08-19,29.697185,30.081898,29.622942,29.872667,4126200
2005-08-22,29.872668,30.000908,29.555450,29.852421,2720900
2005-08-23,29.913147,29.940145,29.332702,29.460941,3324900
2005-08-24,29.305716,29.737677,29.217976,29.244974,2710100
2005-08-25,29.447458,29.541949,29.224728,29.298971,2485100
2005-08-26,29.332714,29.393458,29.028992,29.103235,2091600
2005-08-29,28.684780,29.528450,28.610536,29.298971,2316400
2005-08-30,29.089731,29.204471,28.691519,29.049236,4815400
2005-08-31,29.062739,29.346211,28.759017,29.292217,4429000
2005-09-01,29.535190,29.818664,28.974994,29.143728,4825500
2005-09-02,29.190986,29.359720,28.961507,29.130241,1915300
2005-09-06,29.136967,29.386695,28.920988,29.157217,3968800
2005-09-07,29.136971,29.359701,29.055980,29.231464,2408700
2005-09-08,29.089731,29.211219,28.914249,29.049236,1988100
2005-09-09,29.096482,29.258465,28.954746,29.049236,1388400
2005-09-12,29.082987,29.697179,28.995245,29.643183,2085600
2005-09-13,29.535192,29.697178,29.238221,29.379957,2622000
2005-09-14,29.521706,29.643192,29.076248,29.130241,2049200
2005-09-15,29.285464,29.339461,28.961496,28.981743,2568100
2005-09-16,28.954745,29.211219,28.873751,29.150475,4960300
2005-09-19,28.995239,29.190971,28.381047,28.516035,2985000
2005-09-20,28.644289,28.664539,27.807370,27.915359,3444500
2005-09-21,27.901845,28.367550,27.341647,27.996336,3811500
2005-09-22,27.935595,29.136980,27.780360,29.055988,4422400
2005-09-23,29.035758,29.319230,28.752283,28.900770,2386100
2005-09-26,29.123483,29.352961,28.583532,28.867006,2387200
2005-09-27,28.732022,29.244975,28.705024,29.116735,2301300
2005-09-28,29.238215,29.265213,28.597025,28.630772,3911500
2005-09-29,28.590282,28.900752,28.354053,28.759016,2578500
2005-09-30,28.880501,29.130226,28.684769,29.082981,2762100
2005-10-03,29.049243,29.325966,28.894008,28.914255,2278800
2005-10-04,28.894011,29.528450,28.853514,29.002001,3247300
2005-10-05,28.900756,29.177479,28.583535,28.961500,3908400
2005-10-06,29.643179,30.642087,29.535190,30.318115,8745100
2005-10-07,30.439617,30.810834,30.318128,30.804083,3541000
2005-10-10,30.709592,31.121304,30.534110,30.804083,4766300
2005-10-11,30.669084,30.999803,30.581344,30.723080,2843800
2005-10-12,30.959313,31.006558,30.446363,30.540854,4752700
2005-10-13,30.405864,30.729833,30.405864,30.621843,3754900
2005-10-14,30.723075,31.445256,30.601586,31.357513,4538300
2005-10-17,31.215784,31.465509,31.067297,31.458761,2460200
2005-10-18,31.350768,31.553248,31.134788,31.256277,2440100
2005-10-19,31.418265,32.241688,31.114543,32.241688,5036000
2005-10-20,32.268683,32.552154,31.991959,32.153942,5342500
2005-10-21,32.342933,32.525166,32.012216,32.234943,4582200
2005-10-24,32.174185,32.558900,32.039200,32.531902,2318900
2005-10-25,32.396918,32.538654,32.086448,32.342922,3214100
2005-10-26,32.113448,32.558905,31.789476,31.789476,4363200
2005-10-27,31.856975,32.126947,31.236032,31.283278,3162000
2005-10-28,31.627500,31.958218,31.404770,31.951469,2359200
2005-10-31,32.025716,32.801891,32.025716,32.646656,3369900
2005-11-01,32.599410,32.801891,32.295689,32.484673,1984400
2005-11-02,32.511660,32.997615,32.471166,32.741138,2739200
2005-11-03,33.071866,33.746803,32.720899,32.849136,4049700
2005-11-04,32.882885,33.179856,32.734398,33.125862,1416200
2005-11-07,33.105594,33.706286,32.916613,33.483559,3227500
2005-11-08,33.476799,33.476799,32.936851,33.031342,2243800
2005-11-09,32.970621,33.206850,32.801887,32.835636,2366400
2005-11-10,32.801888,33.848041,32.768142,33.787296,3919500
2005-11-11,33.490323,33.949279,33.490323,33.841290,2080300
2005-11-14,33.787286,33.915523,33.429568,33.611801,2433500
2005-11-15,33.362093,33.422837,32.774899,33.240604,3281200
2005-11-16,33.325143,33.453682,33.068069,33.284554,2279400
2005-11-17,33.325145,33.717525,33.223669,33.703995,2426600
2005-11-18,33.785176,34.035489,33.480747,33.697231,2622000
2005-11-21,33.629587,33.798716,33.352215,33.419868,2133400
2005-11-22,33.453694,33.467224,33.101905,33.318390,3868300
2005-11-23,33.419881,34.346707,33.196630,34.204639,2892600
2005-11-25,34.339925,34.468465,33.954312,34.218155,1314900
2005-11-28,34.157261,34.312859,33.825767,33.994896,2369000
2005-11-29,34.123455,34.583486,33.961092,34.333176,2768500
2005-11-30,34.238458,34.644366,33.710777,33.791958,3202200
2005-12-01,32.878666,33.284577,32.486288,33.007206,6144100
2005-12-02,33.020720,33.440159,32.905711,33.379272,2469400
2005-12-05,33.311637,33.589008,33.162802,33.548416,2884300
2005-12-06,33.433409,33.758139,33.149273,33.203396,3390500
2005-12-07,33.386036,33.514576,33.108665,33.386036,2379500
2005-12-08,32.608051,33.027490,32.547165,32.668938,4520000
2005-12-09,32.743358,33.169561,32.635115,32.844833,2294800
2005-12-12,32.831291,33.101899,32.810997,32.932770,1805400
2005-12-13,32.925999,33.013947,32.594508,32.892174,2908500
2005-12-14,32.824546,33.453705,32.824546,33.298107,2503300
2005-12-15,33.426635,33.663414,33.156028,33.494286,2958500
2005-12-16,33.595770,33.697248,32.912490,32.980141,4918500
2005-12-19,33.135724,33.162785,32.777171,32.919239,2847800
2005-12-20,32.858371,33.487531,32.743364,33.298107,2163200
2005-12-21,33.480747,33.805474,33.257495,33.697231,2434500
2005-12-22,33.758129,33.758129,33.433399,33.717537,1661600
2005-12-23,33.812244,34.109910,33.744594,33.812244,1485800
2005-12-27,33.920491,34.089620,33.629589,33.670181,1315400
2005-12-28,33.737831,34.089620,33.636355,33.900196,1306200
2005-12-29,33.798714,33.994904,33.744594,33.805481,1147400
2005-12-30,33.690469,34.096380,33.413098,33.467220,1380800
2006-01-03,33.656650,33.859604,32.973370,33.771656,2583100
2006-01-04,33.697246,33.981382,33.534881,33.879906,2320100
2006-01-05,34.150514,34.150514,33.426642,33.676952,3571200
2006-01-06,33.859608,33.866374,33.528117,33.724304,2627700
2006-01-09,33.778427,34.028737,33.561942,33.859608,3232100
2006-01-10,33.622825,33.913727,33.622825,33.825779,1532700
2006-01-11,33.825770,34.360217,33.771647,34.292564,2108200
2006-01-12,34.076080,34.475224,34.042255,34.319626,2206400
2006-01-13,34.468479,34.556427,34.339939,34.502304,1910900
2006-01-17,34.373752,34.454933,34.123439,34.231682,2528000
2006-01-18,33.961067,34.434628,33.906944,34.326385,2802100
2006-01-19,34.285813,34.387291,33.906963,34.224926,2201500
2006-01-20,34.204633,34.387292,33.602532,33.616062,4943900
2006-01-23,33.548398,33.758119,33.115429,33.237202,3523100
2006-01-24,33.277809,33.758137,33.210158,33.521355,2478700
2006-01-25,33.473994,33.981381,33.338690,33.785191,2182600
2006-01-26,34.096390,34.096390,33.717540,33.886669,2183800
2006-01-27,33.846077,34.414350,33.778427,33.859608,1743800
2006-01-30,33.771653,33.981374,33.433396,33.609291,1747900
2006-01-31,33.649886,33.879901,33.345454,33.751362,1887000
2006-02-01,33.771646,33.846063,33.176314,33.487511,2424000
2006-02-02,33.670172,34.109906,33.311620,33.967838,2309700
2006-02-03,33.629590,34.055796,33.325158,33.453697,2378700
2006-02-06,33.257504,33.453694,33.122200,33.331921,1400400
2006-02-07,33.464149,33.660798,32.908109,33.036949,2641100
2006-02-08,33.009811,33.342078,32.874191,33.274269,1436500
2006-02-09,33.064072,33.565866,33.036950,33.206474,2013700
2006-02-10,33.301412,33.864232,33.145450,33.728615,2131100
2006-02-13,33.687921,33.979504,33.660797,33.979504,1557800
2006-02-14,34.013399,34.806775,33.904903,34.705059,2990500
2006-02-15,34.650821,34.976311,34.474517,34.969528,2578900
2006-02-16,35.010217,35.362829,34.854255,35.084808,2252000
2006-02-17,35.050896,35.186516,34.488076,34.569447,1717900
2006-02-21,34.589790,34.813564,34.243961,34.379581,1773500
2006-02-22,34.528763,35.200081,34.467736,34.928841,1801100
2006-02-23,34.949179,35.044112,34.562663,34.657597,1675200
2006-02-24,34.738969,34.738969,34.176149,34.372795,1381100
2006-02-27,34.569448,35.233984,34.250741,34.996651,2287200
2006-02-28,34.854244,35.193293,34.521975,34.711842,2594300
2006-03-01,35.057679,35.525566,34.779659,35.389946,3655300
2006-03-02,34.752533,36.142634,34.433826,35.803585,6842000
2006-03-03,35.437415,36.664774,35.437415,36.291821,4486200
2006-03-06,36.095172,36.488470,35.810372,36.454563,6555200
2006-03-07,36.237565,36.569834,36.149414,36.359623,3352300
2006-03-08,36.346060,36.542709,36.264689,36.461338,2408200
2006-03-09,36.502039,36.549506,35.939216,35.986683,2053500
2006-03-10,36.007000,36.624069,35.966315,36.596947,2608700
2006-03-13,36.644436,36.888552,36.583407,36.773273,2679900
2006-03-14,36.637661,37.505629,36.617319,37.478504,3666900
2006-03-15,37.295403,37.532736,36.997040,37.295403,2924400
2006-03-16,37.342869,37.424240,37.139440,37.295403,2446000
2006-03-17,37.288629,38.027756,37.186913,37.892136,4459900
2006-03-20,37.905698,38.183718,37.715829,37.973507,3491800
2006-03-21,37.566662,38.048111,37.363230,37.566662,3309700
2006-03-22,37.424242,37.519178,37.030947,37.403900,3110400
2006-03-23,37.417469,37.437811,37.024171,37.288631,2126700
2006-03-24,37.349642,37.553071,36.827506,37.051277,2573000
2006-03-27,36.969925,37.261508,36.847868,37.139450,2184100
2006-03-28,37.261499,37.492053,36.685114,36.800392,3015900
2006-03-29,36.847865,37.308972,36.786836,37.078419,1973100
2006-03-30,37.024159,37.349648,36.583396,36.766483,2461900
2006-03-31,36.807167,36.976691,36.712233,36.725796,2159600
2006-04-03,36.942797,37.146226,36.691901,36.834301,2748600
2006-04-04,36.983469,37.227585,36.719011,37.091965,2117200
2006-04-05,37.003816,37.546294,36.929224,37.390331,3365200
2006-04-06,37.763288,38.380357,37.627670,38.373577,5813600
2006-04-07,38.278662,38.909294,37.715839,37.770088,3650500
2006-04-10,37.302174,37.424232,36.610516,36.908878,7034200
2006-04-11,37.010606,37.227597,36.502032,36.780052,2667500
2006-04-12,36.780054,37.091978,36.610529,36.936016,1578900
2006-04-13,36.841070,37.085183,36.617297,36.678326,1540000
2006-04-17,36.637650,36.847862,36.115514,36.542717,2202100
2006-04-18,36.488468,37.614111,36.488468,37.498833,4397800
2006-04-19,37.688694,37.695474,36.841072,37.152996,3010400
2006-04-20,37.132651,37.356424,36.956347,37.193680,2053000
2006-04-21,37.254700,37.397102,36.393515,36.596947,2692700
2006-04-24,36.407093,37.112316,36.366409,36.942791,2021100
2006-04-25,36.766502,37.214047,36.766502,36.983494,1929500
2006-04-26,37.058067,37.125876,36.732578,36.969913,2370300
2006-04-27,36.786832,37.234377,36.624088,36.861423,2692500
2006-04-28,36.983470,36.983470,36.481676,36.908878,2679400
2006-05-01,37.119108,37.254725,36.630876,36.698685,2938000
2006-05-02,36.698678,36.888547,36.495249,36.603745,2635000
2006-05-03,36.508816,36.929236,36.169767,36.590187,3759200
2006-05-04,37.193697,37.953169,36.963144,37.654804,4146700
2006-05-05,37.905684,38.536316,37.722597,38.448162,3369400
2006-05-08,38.536515,38.903530,38.217076,38.638462,1867600
2006-05-09,38.699639,38.706437,38.210288,38.475353,1457300
2006-05-10,38.495740,38.903535,38.285048,38.604485,1902000
2006-05-11,38.414196,38.631686,37.843285,38.101555,2234000
2006-05-12,38.142335,38.149133,37.313156,37.537441,2677800
2006-05-15,37.163620,37.802497,37.014095,37.754921,2968300
2006-05-16,37.652969,37.816085,37.449070,37.544224,2415700
2006-05-17,37.245185,37.449082,36.626698,36.708256,3972800
2006-05-18,36.898543,36.898543,36.320833,36.341225,2602300
2006-05-19,36.375213,37.041276,36.042180,36.837379,3685800
2006-05-22,36.592711,37.014097,36.511153,36.776218,2864000
2006-05-23,36.715046,37.177213,36.429589,36.456776,2618300
2006-05-24,36.422798,37.054878,36.361628,36.572323,4685300
2006-05-25,36.599492,37.034474,36.436376,36.973305,2921900
2006-05-26,37.061663,37.150019,36.810191,36.993698,1938900
2006-05-30,36.884964,36.918946,36.259679,36.402409,3078300
2006-05-31,36.014985,36.415983,35.559614,35.974205,8559600
2006-06-01,36.089768,36.871374,35.953838,36.857780,4182300
2006-06-02,36.653879,36.728642,35.851884,36.327644,3163000
2006-06-05,36.178115,36.300453,35.695559,35.729542,2577100
2006-06-06,35.736326,35.865459,35.362513,35.688747,3283900
2006-06-07,35.675162,36.116937,35.471263,35.539230,3302100
2006-06-08,35.573225,36.511152,35.539243,36.327644,5211900
2006-06-09,36.395604,36.511147,36.028589,36.048981,2746100
2006-06-12,35.994624,36.110167,35.505273,35.552849,2639900
2006-06-13,35.505251,36.055772,35.478065,35.770317,3712700
2006-06-14,35.729550,36.273275,35.641194,36.008209,2897100
2006-06-15,36.021816,36.687880,35.899478,36.613117,3000100
2006-06-16,36.436392,36.701458,36.259680,36.531544,3179700
2006-06-19,36.531531,36.687852,36.089753,36.395599,2034400
2006-06-20,36.918952,37.612202,36.891765,37.299561,6346000
2006-06-21,37.190803,38.176303,37.190803,37.897644,4149800
2006-06-22,37.727737,37.843280,37.367520,37.564621,2687800
2006-06-23,37.449068,38.155912,37.449068,37.720932,1879200
2006-06-26,37.680159,38.319037,37.646176,38.264664,2763300
2006-06-27,38.142320,38.577300,37.673358,37.822884,2979300
2006-06-28,37.884065,38.230689,37.720946,38.101555,1870000
2006-06-29,38.087935,38.896725,37.850054,38.842354,4146400
2006-06-30,38.801598,38.998699,38.536532,38.828785,4012900
2006-07-03,38.862753,39.161801,38.706433,39.134617,1347400
2006-07-05,39.080240,39.379288,38.529717,38.638462,2148100
2006-07-06,37.652985,38.026795,37.469477,37.958828,4707700
2006-07-07,37.809315,38.536548,37.714164,38.169533,3417300
2006-07-10,38.081163,38.570517,38.053979,38.271469,2602100
2006-07-11,38.237468,38.652059,38.047165,38.556908,3017900
2006-07-12,38.400589,38.672452,37.952015,37.979202,3488600
2006-07-13,37.761726,37.979216,37.156830,37.415100,6125600
2006-07-14,37.306350,37.483062,36.089764,36.375221,6483100
2006-07-17,36.368432,36.878175,36.320856,36.674278,3719100
2006-07-18,36.402406,36.477166,35.586817,35.940239,5563500
2006-07-19,36.021790,36.810192,36.021790,36.558720,6246800
2006-07-20,36.436371,36.735419,36.239270,36.259659,3037200
2006-07-21,36.103350,36.259671,35.647981,35.722744,5297800
2006-07-24,35.960637,36.395617,35.763536,36.266483,4419600
2006-07-25,36.300457,36.769419,35.858679,36.701454,3266300
2006-07-26,36.633494,36.667476,36.028597,36.246090,3731300
2006-07-27,36.293657,36.348028,34.818801,34.968327,5313600
2006-07-28,35.295398,35.527066,34.545882,35.343094,4768700
2006-07-31,35.431677,36.044919,35.302217,35.949524,3852000
2006-08-01,35.704209,35.806414,35.152292,35.602001,3538800
2006-08-02,35.608824,35.874563,35.186370,35.731472,2745600
2006-08-03,35.193179,35.820046,34.062092,34.750282,7369500
2006-08-04,35.077356,35.738294,34.995591,35.281769,4404200
2006-08-07,35.329452,35.424847,34.675329,35.070530,3177800
2006-08-08,35.329458,35.540686,35.002397,35.199997,3176100
2006-08-09,35.540686,35.772354,34.062096,34.205185,4011700
2006-08-10,34.075725,35.145492,33.673712,34.927448,4723500
2006-08-11,34.791184,34.934273,34.246079,34.579956,4471900
2006-08-14,34.913815,35.765538,34.729843,35.193180,3863300
2006-08-15,35.704225,35.704225,34.920639,35.309025,3295200
2006-08-16,35.370335,35.486171,34.886557,35.397591,3564500
2006-08-17,35.397615,35.833697,35.063738,35.329475,4488800
2006-08-18,35.513423,35.820043,35.056901,35.806416,3450100
2006-08-21,35.663324,35.758716,34.995574,35.043270,4228600
2006-08-22,34.872941,35.527063,34.872941,35.152306,3812500
2006-08-23,35.377147,35.377147,34.314199,34.409592,3756100
2006-08-24,34.668512,34.668512,33.237617,33.803162,6969300
2006-08-25,33.251247,33.380710,32.951441,33.108158,5140900
2006-08-28,33.189923,33.714585,33.005951,33.496544,3547100
2006-08-29,33.639634,33.735026,32.910559,33.557869,3108900
2006-08-30,31.861235,32.699332,31.343389,32.147415,23977100
2006-08-31,32.236002,32.426787,31.718153,31.881685,8895900
2006-09-01,32.099746,32.467691,31.977097,32.263275,4582200
2006-09-05,32.365458,32.978699,32.276878,32.849236,4992000
2006-09-06,32.685708,32.903749,32.433596,32.501736,4554400
2006-09-07,32.549440,32.726598,31.983895,32.154240,4472000
2006-09-08,32.351821,32.815158,32.120152,32.753834,4274900
2006-09-11,32.706160,33.489746,32.488119,33.135429,5119900
2006-09-12,33.135420,34.314204,32.944633,33.782730,5783100
2006-09-13,33.728218,34.102976,33.387529,33.755474,4470800
2006-09-14,33.598746,34.205172,33.258057,34.007572,4841700
2006-09-15,34.368697,34.838849,33.741830,33.946243,7989500
2006-09-18,34.000771,34.000771,33.469294,33.755474,3726300
2006-09-19,34.028015,34.709393,33.844043,34.654884,5057800
2006-09-20,34.818432,35.554322,34.770736,35.343094,6155000
2006-09-21,35.390763,35.670128,33.762270,34.246048,7072800
2006-09-22,34.130238,34.361906,33.939452,33.993961,3629800
2006-09-25,34.607183,35.247677,33.898549,34.920616,5206100
2006-09-26,35.036469,35.404413,34.239257,35.172745,6283700
2006-09-27,34.920636,35.104609,34.171121,34.491367,7073600
2006-09-28,34.539065,34.688969,33.775922,34.116611,6386200
2006-09-29,34.218809,34.382338,33.796353,33.850864,4135500
2006-10-02,33.775931,33.775931,33.046857,33.217201,5419600
2006-10-03,32.876495,33.871307,32.631199,33.564686,7705100
2006-10-04,33.380714,34.361897,33.053650,34.286945,5680700
2006-10-05,33.796371,34.586770,33.401173,34.314220,7963900
2006-10-06,34.307386,34.307386,33.537431,33.714588,4219000
2006-10-09,33.823614,34.082538,33.489740,33.939449,2289700
2006-10-10,34.062092,34.321014,33.728215,33.905373,3086700
2006-10-11,33.912199,34.177936,33.585137,34.116611,3962900
2006-10-12,35.288579,37.032906,35.016027,36.726288,18346400
2006-10-13,36.521867,36.603634,36.085785,36.249317,4914800
2006-10-16,36.119867,36.555951,35.976778,36.099426,4329600
2006-10-17,35.799604,36.133477,35.642887,35.751907,3821600
2006-10-18,35.935886,36.181180,35.431665,35.527058,4050100
2006-10-19,35.431666,35.704218,35.043280,35.199997,4684400
2006-10-20,35.322648,35.329460,34.797986,35.220440,3501900
2006-10-23,35.043282,36.004025,35.043282,35.901817,5242200
2006-10-24,35.854111,35.997202,35.567933,35.765533,3122300
2006-10-25,35.785985,36.228879,35.445296,35.820053,5140600
2006-10-26,35.942698,36.692212,35.772353,36.446918,3552800
2006-10-27,36.467351,36.474163,36.031269,36.119846,2771600
2006-10-30,35.915438,36.385591,35.854114,36.181175,2582600
2006-10-31,36.153923,36.658141,36.058528,36.371964,4106500
2006-11-01,36.487809,36.746734,35.772362,36.051727,4389300
2006-11-02,35.431674,36.399230,35.090985,36.113052,6367600
2006-11-03,36.283396,36.283396,35.022847,35.309025,4497500
2006-11-06,35.418036,36.017650,35.363527,35.711029,2240900
2006-11-07,35.779156,36.283377,35.601999,35.826855,2582400
2006-11-08,35.738279,35.949505,35.397590,35.751907,3169400
2006-11-09,35.690579,35.820040,35.199986,35.254498,2963200
2006-11-10,35.411225,36.113043,35.240880,36.044907,2618300
2006-11-13,36.119852,36.399217,35.465729,35.520241,2620600
2006-11-14,35.867744,36.187992,35.636075,35.724655,5091300
2006-11-15,35.765630,36.448702,35.765630,36.209625,2861600
2006-11-16,36.469217,36.503370,35.881774,36.489708,2528700
2006-11-17,36.250610,36.626299,36.120827,36.476025,3939500
2006-11-20,36.578497,37.411846,36.558006,36.742435,4546500
2006-11-21,36.619484,36.885881,36.503360,36.694622,1825600
2006-11-22,36.879063,36.885893,36.359927,36.721954,1516400
2006-11-24,36.517029,36.865397,36.407737,36.551182,962300
2006-11-27,36.790252,37.152280,36.312102,36.469208,2570900
2006-11-28,36.448719,36.523857,35.895429,36.134506,2676500
2006-11-29,36.134499,36.476035,36.086684,36.407726,2369500
2006-11-30,36.066199,36.148167,35.526571,35.724663,4309500
2006-12-01,35.711013,35.970581,35.335323,35.656368,3211200
2006-12-04,35.594877,36.735605,35.594877,36.469208,2902400
2006-12-05,36.667298,37.213755,36.305271,37.159111,2989000
2006-12-06,37.227411,37.364026,36.865384,37.179596,2030100
2006-12-07,37.179605,37.357203,36.612654,36.667301,2161400
2006-12-08,36.708281,37.097632,36.544343,36.674126,1853000
2006-12-11,36.715111,37.172768,36.482867,36.926865,2076600
2006-12-12,36.687787,36.947355,36.195977,36.366745,3710100
2006-12-13,36.626317,36.639979,36.004722,36.298443,3097400
2006-12-14,37.261588,37.650938,36.769777,36.961037,9833100
2006-12-15,37.227408,37.275223,36.639966,36.701443,5623200
2006-12-18,36.851729,37.015665,36.646808,36.756100,3932000
2006-12-19,36.653642,36.680965,36.168661,36.394073,4069300
2006-12-20,36.339406,36.510173,36.093499,36.154976,2327200
2006-12-21,36.264277,36.407722,35.629020,35.745144,2168600
2006-12-22,35.704183,35.915936,35.485600,35.656368,1749800
2006-12-26,35.868101,36.127669,35.656351,35.991055,1794600
2006-12-27,36.202795,36.578484,36.032027,36.476025,3185900
2006-12-28,36.318918,36.482856,36.189135,36.271103,1632400
2006-12-29,36.052533,36.469208,35.970565,36.114010,1573100
2007-01-03,36.441883,36.947357,35.813458,36.093517,3888100
2007-01-04,36.503383,37.036182,36.216494,36.933720,3982700
2007-01-05,36.988358,37.049835,36.277962,36.482883,3511500
2007-01-08,36.318937,36.756105,36.284784,36.633152,2978100
2007-01-09,36.633141,36.995168,36.612647,36.906368,3211500
2007-01-10,36.660476,37.179613,36.517032,37.165951,3842600
2007-01-11,37.165953,37.855854,37.036170,37.787548,3427300
2007-01-12,37.562132,38.293019,37.562132,38.217880,3538600
2007-01-16,38.183718,38.415962,38.047103,38.415962,3041900
2007-01-17,38.252025,38.791653,38.204211,38.716515,4804700
2007-01-18,38.716518,39.105869,38.566241,38.866795,3675900
2007-01-19,38.702850,38.921433,38.538912,38.777988,2818400
2007-01-22,38.675527,38.757498,38.176885,38.484268,3358100
2007-01-23,38.504782,39.030748,38.334014,38.552597,2775100
2007-01-24,38.593572,39.058061,38.579910,38.976093,2026300
2007-01-25,38.818977,38.914607,37.965137,38.067596,2515500
2007-01-26,38.149554,38.149554,37.664573,37.814850,1841500
2007-01-29,37.562128,38.176891,37.336713,37.753387,3074000
2007-01-30,37.965138,38.135906,37.555293,37.773876,2177500
2007-01-31,37.903686,38.607250,37.589471,38.361343,3101100
2007-02-01,38.422795,38.853131,38.313504,38.518425,2176800
2007-02-02,38.600394,38.743841,38.115413,38.258858,2224400
2007-02-05,38.252029,38.730180,38.156399,38.395473,3316100
2007-02-06,38.614045,38.962413,38.532077,38.641369,1675400
2007-02-07,38.675535,39.242486,38.675535,39.023903,2986700
2007-02-08,38.279353,38.996578,38.033447,38.675533,5392400
2007-02-09,38.784807,38.853115,38.149550,38.238350,2510300
2007-02-12,38.806628,38.820321,38.094579,38.204124,2442500
2007-02-13,38.436926,38.765563,38.272608,38.656017,2285000
2007-02-14,38.690245,39.128431,38.573854,39.059963,2246200
2007-02-15,38.950408,39.641918,38.861402,39.641918,3241400
2007-02-16,39.518677,39.778846,39.415976,39.573448,3756100
2007-02-20,39.689852,40.189655,39.436525,39.902096,3534800
2007-02-21,39.772006,39.902091,39.587147,39.833626,1882000
2007-02-22,39.936319,39.936319,39.402281,39.771999,2099300
2007-02-23,39.778831,39.840451,39.210563,39.347496,3148000
2007-02-26,39.655609,39.758309,39.005182,39.299587,2731500
2007-02-27,38.984637,39.107876,37.902873,37.930260,4827000
2007-02-28,38.204135,38.512233,37.690639,38.265755,5102600
2007-03-01,37.724860,38.608074,37.498923,38.341057,4399200
2007-03-02,37.998726,38.847708,37.998726,38.169891,4694300
2007-03-05,37.848107,38.430071,37.813875,37.827568,3807700
2007-03-06,38.142509,38.402681,37.765945,38.149357,3297300
2007-03-07,38.334229,38.703944,38.149370,38.423233,3136200
2007-03-08,37.985058,38.656026,37.005990,37.149769,12785200
2007-03-09,37.272975,37.334594,36.629394,37.204510,7836100
2007-03-12,37.094964,37.225048,36.478767,36.732094,6271200
2007-03-13,36.451389,36.916956,35.992664,36.259682,6579200
2007-03-14,36.163831,36.389771,35.273771,35.965279,7118000
2007-03-15,35.876268,36.615701,35.876268,36.417149,3777100
2007-03-16,36.300764,36.663633,36.129598,36.273376,5569600
2007-03-19,36.355550,36.780042,36.252852,36.451405,3162600
2007-03-20,36.547261,36.547261,36.088536,36.410328,5226000
2007-03-21,36.389763,37.348288,36.348683,37.204510,4189800
2007-03-22,37.320931,37.423631,36.951215,37.136074,3585800
2007-03-23,37.101822,37.670092,37.033356,37.355148,2715500
2007-03-26,37.272988,37.334608,36.759492,37.327763,2799900
2007-03-27,37.156601,37.225066,36.841657,37.060749,2840100
2007-03-28,36.807422,37.170295,36.403471,36.773190,3600700
2007-03-29,37.067600,37.108681,36.451406,36.766350,3497900
2007-03-30,36.677346,36.916977,36.307628,36.862206,4306400
2007-04-02,36.526703,36.985427,36.526703,36.910114,4549000
2007-04-03,36.964888,37.656395,36.862188,37.348297,4584600
2007-04-04,37.451008,37.451008,37.033364,37.279842,3444900
2007-04-05,37.314058,37.738548,37.156586,37.574230,2787300
2007-04-09,37.656412,37.718032,37.334620,37.533173,2301500
2007-04-10,37.526301,37.711160,37.204510,37.430447,2451300
2007-04-11,37.389384,37.505775,36.862194,36.992279,3796900
2007-04-12,37.437309,37.683788,36.800574,37.437309,3707700
2007-04-13,37.498939,37.498939,36.841664,37.081295,2628100
2007-04-16,37.197687,37.286691,36.971747,37.245613,2831900
2007-04-17,37.930254,38.361589,37.772780,38.067184,5958500
2007-04-18,37.807034,38.135672,37.519475,37.670101,3553500
2007-04-19,37.478386,37.950801,37.457844,37.875488,3287000
2007-04-20,38.252060,38.388993,37.553705,37.738564,6148600
2007-04-23,37.724854,37.875480,37.382523,37.574230,2766300
2007-04-24,37.368842,37.382533,36.992276,37.142902,3950200
2007-04-25,37.304234,37.427804,37.022771,37.256180,3557000
2007-04-26,37.112024,37.317972,37.043372,37.098293,2697600
2007-04-27,37.077695,37.462135,36.837423,37.386620,4273700
2007-04-30,37.317960,37.537639,36.768763,36.775627,4180100
2007-05-01,36.782493,37.009035,36.459839,36.700111,3904700
2007-05-02,36.672654,37.263042,36.583411,36.624599,2764800
2007-05-03,36.823694,36.954130,36.384337,36.480446,3975900
2007-05-04,36.665793,37.077690,36.583414,36.926662,4429600
2007-05-07,37.036483,37.331677,36.919778,37.125729,2470400
2007-05-08,37.338567,37.510191,37.269919,37.489597,4442400
2007-05-09,37.468993,37.860296,37.379747,37.716129,5123000
2007-05-10,38.073096,38.587969,37.489575,37.722984,5204900
2007-05-11,37.448406,38.107443,37.393488,37.736736,3267000
2007-05-14,37.764193,38.025062,37.441541,37.551380,4045400
2007-05-15,37.654331,37.880876,37.118864,37.214973,3569000
2007-05-16,37.324839,37.633764,37.105161,37.626900,3004300
2007-05-17,37.640603,38.347694,37.578818,38.155476,3636700
2007-05-18,38.388885,38.725269,38.210397,38.725269,3785500
2007-05-21,38.725273,38.780194,38.073100,38.285915,3520400
2007-05-22,38.162349,38.512462,38.059374,38.409489,6028700
2007-05-23,38.711549,39.034204,38.416355,38.457546,4089900
2007-05-24,38.512465,39.006744,38.436953,38.649765,4901000
2007-05-25,38.773340,38.924370,38.519337,38.718422,3398800
2007-05-29,38.649752,39.116569,38.601697,38.835106,3269000
2007-05-30,38.656624,38.841978,38.382024,38.807652,3146600
2007-05-31,38.526193,39.439234,38.423220,38.766468,7044100
2007-06-01,38.814523,39.061662,38.093702,38.642899,4948900
2007-06-04,38.416360,38.917502,38.382036,38.526199,2748900
2007-06-05,38.327104,38.375159,37.860286,38.066235,2962100
2007-06-06,37.963277,38.464419,37.654352,38.320255,4982300
2007-06-07,38.457545,38.649763,37.935806,37.935806,6938000
2007-06-08,37.860287,38.608569,37.860287,38.450672,3979500
2007-06-11,38.251600,38.382033,37.977000,38.237869,3112100
2007-06-12,37.880895,38.258468,37.832840,37.867165,2497100
2007-06-13,37.860298,38.423225,37.832838,38.423225,2841000
2007-06-14,38.313391,38.512473,38.169225,38.279064,2303100
2007-06-15,38.587986,38.739017,38.457553,38.505608,3866000
2007-06-18,38.382025,38.745867,38.382025,38.443810,2356700
2007-06-19,38.251593,38.725275,38.244727,38.670357,3411400
2007-06-20,38.725273,39.006736,38.375161,38.684082,3718800
2007-06-21,38.574257,39.288214,38.375175,39.260754,4933300
2007-06-22,39.054802,39.528487,38.924369,39.247021,4497100
2007-06-25,39.267612,39.384316,38.931228,39.267612,4001100
2007-06-26,39.301925,39.466685,39.171491,39.356846,5055800
2007-06-27,39.226429,40.146335,39.178375,40.077686,4680200
2007-06-28,40.112017,40.317966,39.761902,39.967854,3731800
2007-06-29,40.201243,40.565085,40.009022,40.173782,5020500
2007-07-02,40.846559,41.402622,40.798504,41.361431,4434900
2007-07-03,41.134882,41.382022,40.874015,41.244724,2887400
2007-07-05,41.196671,41.327107,40.922074,41.272186,3085100
2007-07-06,41.375153,42.336246,41.299638,42.178352,4270300
2007-07-09,42.308806,42.308806,41.855718,42.123451,4354300
2007-07-10,41.876305,41.876305,41.134888,41.539921,4773300
2007-07-11,41.430073,41.780187,41.354560,41.684078,3568400
2007-07-12,41.704675,42.459820,41.478130,42.384308,5231000
2007-07-13,42.391163,43.297339,42.054779,43.235554,4582700
2007-07-16,42.974700,43.125730,42.329394,42.459827,3022900
2007-07-17,42.418641,42.885459,42.329396,42.652050,3739000
2007-07-18,42.631445,43.057075,42.569660,42.851124,3953900
2007-07-19,43.070791,43.077655,42.459807,42.686352,3089100
2007-07-20,42.686374,42.700104,41.862577,42.047932,3686600
2007-07-23,42.315654,42.377439,41.718402,41.807648,2602300
2007-07-24,41.800780,42.590252,41.155474,41.292774,5152500
2007-07-25,41.702219,41.715983,40.952130,41.495773,3540300
2007-07-26,41.014063,41.309970,40.146988,40.635578,6301800
2007-07-27,40.766352,41.165481,40.236472,40.305286,5130500
2007-07-30,40.305270,40.993426,40.263980,40.931492,6304900
2007-07-31,41.027835,42.018780,41.027835,41.151703,5861600
2007-08-01,41.289336,42.060070,40.601180,41.371914,6664200
2007-08-02,41.371909,41.956843,41.254924,41.867382,4209100
2007-08-03,41.798565,42.507364,41.571472,41.626526,6106100
2007-08-06,41.991256,43.326277,41.660942,43.305634,4649600
2007-08-07,43.009723,44.606244,43.002843,44.310337,7913400
2007-08-08,44.730123,44.812704,43.986913,44.695713,6706800
2007-08-09,44.379135,45.122344,43.518944,43.518944,6793100
2007-08-10,43.353809,44.069492,43.009732,43.525848,5193700
2007-08-13,43.353795,43.718516,42.466073,42.514244,4150900
2007-08-14,42.335324,42.500480,41.784800,41.839851,4331100
2007-08-15,41.908676,41.908676,40.112590,40.250221,6955600
2007-08-16,40.050676,40.979685,39.390047,40.759476,6470600
2007-08-17,41.082893,41.660944,39.775396,40.167645,9738600
2007-08-20,40.181396,40.800737,39.451953,39.864845,5438500
2007-08-21,40.050674,41.599024,39.926805,41.482037,5421600
2007-08-22,41.736634,42.417906,41.571475,42.156406,3367700
2007-08-23,42.349100,42.479849,41.681589,41.874271,3881400
2007-08-24,42.005015,42.459198,41.750396,42.445435,2274000
2007-08-27,42.445445,42.583076,41.984379,41.998142,2294700
2007-08-28,41.881151,41.998136,40.484196,40.601181,4337100
2007-08-29,40.910842,42.211455,40.759447,42.190811,3218600
2007-08-30,41.777924,42.314687,41.681582,41.991253,2108000
2007-08-31,42.252749,42.796390,42.183932,42.493603,2462900
2007-09-04,42.638120,42.789515,42.252754,42.397266,2382100
2007-09-05,40.078184,40.924615,39.830447,40.601181,13475000
2007-09-06,40.938382,41.020960,38.598652,40.112595,6376100
2007-09-07,39.775385,39.789148,38.990888,39.224861,6050700
2007-09-10,39.286802,39.899260,38.880790,39.390026,4859800
2007-09-11,39.651515,40.525473,39.582701,40.319027,4301600
2007-09-12,40.153871,40.656227,39.954308,40.243332,2841400
2007-09-13,40.532362,41.495778,40.298389,41.254925,4344300
2007-09-14,41.055372,41.482028,40.725057,41.261818,3167200
2007-09-17,41.007187,41.461369,40.663109,40.952133,2825700
2007-09-18,41.234267,43.037236,41.234267,42.541763,5150100
2007-09-19,42.555545,43.174886,42.321572,42.610596,3882500
2007-09-20,42.342209,42.528011,41.736634,42.080711,4020100
2007-09-21,42.163298,42.307810,41.488906,41.784813,5831700
2007-09-24,41.722872,41.826094,41.096651,41.461372,3798200
2007-09-25,40.497954,41.020954,40.030008,40.862679,5152900
2007-09-26,41.020954,41.908675,40.945256,41.764160,4334600
2007-09-27,41.784817,42.177066,41.771054,42.060078,2786800
2007-09-28,42.211469,42.679415,42.122008,42.232113,4080200
2007-10-01,42.335339,42.803285,42.128893,42.534904,3953200
2007-10-02,42.610583,42.665636,42.087586,42.404137,3905000
2007-10-03,42.218347,43.333161,42.218347,42.610596,3019100
2007-10-04,42.803271,43.133585,42.631232,42.727573,2375700
2007-10-05,43.092298,44.041954,43.030364,43.539600,3691600
2007-10-08,43.766698,44.207117,43.615306,43.842396,2658200
2007-10-09,43.863030,44.007542,43.140465,43.567123,3992600
2007-10-10,47.014800,48.136492,46.257830,47.572205,27403800
2007-10-11,47.434554,48.549368,47.345096,47.647881,7133500
2007-10-12,46.904690,47.131777,46.484914,46.794582,6862500
2007-10-15,46.656938,46.725753,45.321915,45.810505,5391600
2007-10-16,45.727939,45.776110,44.998496,45.383862,4375400
2007-10-17,45.851821,46.072030,45.260006,45.776123,4546300
2007-10-18,45.700418,46.065140,45.211823,45.782993,2731500
2007-10-19,45.714178,46.023846,44.957208,45.211823,5402900
2007-10-22,44.964088,46.450507,44.895273,46.140839,4508900
2007-10-23,46.140821,46.278450,45.122349,45.549007,3497300
2007-10-24,45.225584,45.370097,44.248405,44.895267,4713600
2007-10-25,45.143000,45.741697,44.048835,44.606239,6781800
2007-10-26,44.929681,45.466442,44.496145,45.094837,2850600
2007-10-29,44.936553,47.510253,44.936553,46.106415,3375700
2007-10-30,46.099541,46.519316,45.934385,46.209648,2503800
2007-10-31,46.278456,46.539954,45.266867,46.285339,3819100
2007-11-01,45.899978,46.140836,44.571837,44.633774,4383400
2007-11-02,44.977858,45.514619,43.457035,45.129253,6153900
2007-11-05,44.819580,45.617844,44.737005,45.363224,3731900
2007-11-06,45.280634,46.374799,45.280634,46.305984,4472400
2007-11-07,46.003183,46.237159,45.349438,45.521477,3690100
2007-11-08,46.147714,46.794582,44.681944,45.817402,5856300
2007-11-09,45.824291,45.906871,44.730126,44.929691,4290500
2007-11-12,44.847105,46.237182,44.847105,45.232475,4463400
2007-11-13,45.590306,46.450500,45.232467,46.388569,5841700
2007-11-14,46.794568,46.856500,45.376970,45.459545,4518900
2007-11-15,45.376979,46.319749,45.218701,45.652237,4668800
2007-11-16,45.824271,46.154588,45.328803,45.968788,4407400
2007-11-19,45.865584,46.161491,45.480213,45.734833,4476700
2007-11-20,45.934395,46.629433,44.764532,45.645370,5156000
2007-11-21,45.762345,46.292223,45.376980,45.466438,3721500
2007-11-23,45.645362,46.416093,45.610952,46.085781,2076300
2007-11-26,46.367923,46.367923,44.977851,44.991611,3648800
2007-11-27,44.991613,46.278466,44.991613,45.383862,3905800
2007-11-28,46.076996,46.525284,45.456295,46.194244,5521500
2007-11-29,46.180429,46.594231,45.863180,46.270084,3399300
2007-11-30,46.897689,47.125282,46.242503,46.483887,4936000
2007-12-03,46.483886,46.835620,46.014909,46.166637,3641000
2007-12-04,46.042502,47.877027,45.973536,47.704609,5067400
2007-12-05,48.242554,48.883950,47.539091,48.035656,6381400
2007-12-06,47.621860,49.097758,47.587375,48.849476,6545800
2007-12-07,49.008104,50.125374,48.966725,49.539154,5401000
2007-12-10,49.966722,50.042587,48.828768,49.139118,4611200
2007-12-11,49.049477,49.808115,48.173590,48.249454,4818800
2007-12-12,49.166711,49.214988,47.870130,48.408073,6842800
2007-12-13,45.187288,48.166670,44.897627,47.270100,17559600
2007-12-14,47.070114,47.656334,46.621826,47.235634,7735300
2007-12-17,47.166652,47.587352,46.952855,47.014923,2972100
2007-12-18,47.345972,47.504594,46.552848,47.208035,3273600
2007-12-19,47.359774,47.359774,46.628723,47.173565,2743900
2007-12-20,47.601145,47.649422,46.897682,47.511490,3112100
2007-12-21,47.966685,48.332211,47.828748,48.332211,5863700
2007-12-24,48.546005,48.966705,48.332209,48.801186,1093500
2007-12-26,48.959803,48.959803,47.966679,48.683933,2083200
2007-12-27,48.704637,48.897744,48.104620,48.180485,2093200
2007-12-28,48.380480,48.773593,48.145989,48.428757,1910800
2007-12-31,48.428760,48.587381,48.090822,48.111511,1862200
2008-01-02,48.021842,48.042536,46.973543,46.994232,3736000
2008-01-03,47.256308,47.504590,46.145941,46.290771,3501000
2008-01-04,46.139056,46.139056,45.090752,45.276966,4936000
2008-01-07,45.276962,45.959735,44.690742,45.504555,3973500
2008-01-08,45.525243,46.118361,44.766605,44.807983,5856600
2008-01-09,45.014882,46.449401,44.759707,46.394226,8802400
2008-01-10,45.883876,48.587389,45.704560,48.180485,10950500
2008-01-11,47.849437,47.925302,45.518348,45.814907,8229300
2008-01-14,46.194220,46.194220,43.876920,44.628662,10121500
2008-01-15,44.180390,44.559712,43.939006,44.125217,6862100
2008-01-16,44.138992,44.897630,43.952780,44.207958,9600600
2008-01-17,44.201066,45.214884,44.194173,44.345901,7161200
2008-01-18,43.945895,45.401104,43.897619,44.504528,7358100
2008-01-22,43.263118,46.070085,43.021734,45.614899,9818400
2008-01-23,45.042467,47.587358,44.635563,47.318386,10043800
2008-01-24,47.159779,47.173575,45.587327,46.311485,6217400
2008-01-25,46.408028,46.883904,45.104549,45.145927,5562900
2008-01-28,45.090759,45.773538,44.828685,45.766640,5407900
2008-01-29,45.863179,46.070082,45.042468,45.987320,5705200
2008-01-30,45.890780,46.621830,45.283870,45.676983,5766000
2008-01-31,45.263151,47.987358,45.049355,46.856297,7975200
2008-02-01,46.973560,47.187356,46.187334,46.752865,6057300
2008-02-04,46.890809,47.056335,45.876991,46.194244,4288100
2008-02-05,45.463166,46.118357,44.435556,44.739014,6934300
2008-02-06,45.007997,45.235584,43.925209,43.939003,7394000
2008-02-07,44.359691,45.097640,43.663124,44.656250,8453100
2008-02-08,44.559707,45.242480,43.414851,43.614857,7423400
2008-02-11,43.635544,44.311422,43.435538,44.139004,4825100
2008-02-12,44.435563,45.201099,44.145902,44.421772,4451900
2008-02-13,45.061141,45.517349,44.687878,45.399841,4922500
2008-02-14,45.441328,45.614135,44.051961,44.245506,4277400
2008-02-15,43.962096,44.224763,43.623396,44.183289,4250900
2008-02-19,44.701704,44.757004,43.187916,43.429848,3887200
2008-02-20,43.201758,44.929829,43.187933,44.625687,4911500
2008-02-21,44.853777,45.621041,44.611848,44.909077,6183500
2008-02-22,45.144094,45.690164,44.805393,45.634865,4368600
2008-02-25,45.634874,45.966666,45.116453,45.365295,5986000
2008-02-26,45.351468,46.436696,45.233960,45.939011,6913800
2008-02-27,44.826132,44.929817,43.485151,44.577290,10423700
2008-02-28,44.369911,44.680962,43.243209,43.616470,5432600
2008-02-29,43.429859,43.720173,42.607295,42.800838,5399100
2008-03-03,42.793921,43.685605,42.641850,43.208656,6205000
2008-03-04,42.918353,43.526635,42.600389,43.125721,6800800
2008-03-05,42.628030,43.257050,41.667224,42.047401,13979800
2008-03-06,42.413760,42.455232,41.473689,41.501339,6139700
2008-03-07,41.473678,42.358449,41.432203,41.681046,5712600
2008-03-10,41.798559,42.192559,41.452945,41.646488,4895700
2008-03-11,42.220206,43.291608,42.068135,43.284695,5926300
2008-03-12,43.284687,44.051951,43.125705,43.270863,6355100
2008-03-13,42.745533,43.326164,42.427569,42.973637,7257300
2008-03-14,43.257059,43.443688,41.535900,42.068146,6801500
2008-03-17,41.750176,42.088877,41.238666,41.722527,5413000
2008-03-18,42.316986,42.683336,41.480598,42.628036,5704600
2008-03-19,42.393012,43.346905,42.081959,42.081959,5412400
2008-03-20,42.109603,44.100341,42.081956,43.837673,5915700
2008-03-24,43.879141,45.358370,43.879141,45.275421,6447700
2008-03-25,45.545005,46.395217,45.068056,46.028862,7618000
2008-03-26,45.966661,46.263889,45.524275,46.049610,5810600
2008-03-27,46.381404,46.968947,45.047333,45.109547,5307400
2008-03-28,44.915992,44.971286,44.418307,44.494343,3116000
2008-03-31,44.874513,45.199391,44.058867,44.909077,4127800
2008-04-01,45.054244,46.222421,45.005858,45.959751,5742800
2008-04-02,45.579575,46.263889,45.441326,45.793854,3978400
2008-04-03,45.710900,46.346833,45.634864,46.222412,3128500
2008-04-04,45.925194,46.291544,45.759295,45.932102,3712800
2008-04-07,45.966651,46.409036,45.565737,45.828407,2927000
2008-04-08,45.600307,46.402129,45.600307,46.263885,3068300
2008-04-09,46.326103,46.588773,45.206317,45.641788,2997900
2008-04-10,45.738563,46.505826,45.572670,45.980492,4891500
2008-04-11,45.945933,45.966669,45.282355,45.413685,4058500
2008-04-14,45.517351,45.614122,44.992016,45.151001,2593600
2008-04-15,45.178663,45.531191,44.909084,45.427505,2661400
2008-04-16,45.517355,46.602582,45.289248,46.478161,4909600
2008-04-17,46.609501,47.411323,46.409045,47.342201,4911100
2008-04-18,47.832981,48.303017,47.660174,47.991966,4981000
2008-04-21,47.715494,47.950515,47.176337,47.770794,2802100
2008-04-22,47.452819,47.832991,46.561134,47.058819,3396500
2008-04-23,47.155566,48.268444,46.844511,48.109459,4142900
2008-04-24,47.867537,48.966587,47.632522,48.538029,5546800
2008-04-25,48.648639,49.554151,48.385974,49.450466,4626700
2008-04-28,49.222351,49.540315,48.862915,48.959686,3575400
2008-04-29,48.842172,49.360593,48.572588,49.077187,3183100
2008-04-30,49.070260,49.934295,48.669352,49.249981,5117300
2008-05-01,48.925133,50.411275,48.558783,49.768433,4656400
2008-05-02,50.114035,50.321405,49.063371,49.865192,4448700
2008-05-05,49.955040,50.390517,49.671640,50.065639,3415700
2008-05-06,49.699303,50.432003,49.422810,50.217724,3538500
2008-05-07,50.342148,51.206183,49.713128,49.823727,3670800
2008-05-08,50.044900,50.044900,49.008058,49.215424,4701100
2008-05-09,48.835254,49.740761,48.731569,49.381325,2782500
2008-05-12,49.554141,51.088668,49.443542,50.929684,3528800
2008-05-13,51.143978,51.206191,50.335242,51.137070,3768000
2008-05-14,51.587317,52.113790,51.247882,51.414135,4171000
2008-05-15,51.365645,51.587317,50.956934,51.573460,3612500
2008-05-16,51.511113,51.511113,50.014822,50.756039,5690300
2008-05-19,50.853034,51.088559,49.786235,49.952488,3963400
2008-05-20,49.827785,49.945547,49.183550,49.453712,3740500
2008-05-21,49.800091,49.848582,47.728841,48.068275,6635200
2008-05-22,48.095988,49.190496,48.005935,49.017315,6521100
2008-05-23,48.851041,49.633825,48.172172,49.405224,6182100
2008-05-27,49.550712,50.735273,49.432949,50.285000,6240100
2008-05-28,50.610592,51.545777,50.375067,50.735283,6563400
2008-05-29,51.144004,51.781311,48.954985,50.555187,8817500
2008-05-30,50.222641,50.548223,49.169700,49.405224,5908600
2008-06-02,49.495294,49.502223,48.373081,48.719444,7114900
2008-06-03,48.795627,49.232043,48.255302,48.518536,5971100
2008-06-04,48.289928,49.204326,47.985127,49.051926,4615800
2008-06-05,49.550729,50.963892,49.516096,50.915401,6103400
2008-06-06,50.534372,50.534372,49.183558,49.315178,6308400
2008-06-09,49.335966,50.201874,49.121223,49.412167,5510500
2008-06-10,49.100422,49.197404,48.338425,48.809479,6616800
2008-06-11,48.643225,48.823335,47.624917,47.708046,5864900
2008-06-12,48.047484,48.435409,46.509631,47.243919,8404100
2008-06-13,47.521012,48.726354,47.451740,48.712502,6884900
2008-06-16,48.379990,49.238974,48.068266,48.781773,3972700
2008-06-17,48.913376,49.072700,48.276069,48.442322,3639300
2008-06-18,48.186040,48.338440,47.555661,47.770405,5099700
2008-06-19,47.597223,48.975747,47.597223,48.657093,4711700
2008-06-20,48.483900,48.567029,47.230067,47.611069,5460000
2008-06-23,47.846606,48.345370,47.237009,47.410191,5222800
2008-06-24,47.119249,48.573978,47.001487,47.978233,5187400
2008-06-25,48.075208,49.827804,48.075208,49.107368,7661200
2008-06-26,48.255307,48.580884,47.756543,47.818886,6761200
2008-06-27,48.255306,49.114285,47.929724,48.670940,9101900
2008-06-30,48.490833,49.869357,48.400781,48.587814,7608100
2008-07-01,48.089050,50.388900,47.943578,50.257286,8572400
2008-07-02,50.326564,51.220181,49.904000,49.966343,5225700
2008-07-03,50.298856,50.631361,49.613058,50.035622,2633400
2008-07-07,50.444316,50.915370,49.758519,50.478954,5202900
2008-07-08,50.388902,51.878265,50.388902,51.718941,5979900
2008-07-09,51.753563,51.760492,49.966329,49.980186,5511400
2008-07-10,49.626889,49.903980,48.504671,49.086563,7238200
2008-07-11,48.573965,48.975742,47.652638,48.373074,5146700
2008-07-14,48.954953,48.961881,47.811954,48.192955,5260100
2008-07-15,47.895083,48.705571,46.904484,48.192955,7814400
2008-07-16,48.497759,50.520518,47.749613,50.278065,7751400
2008-07-17,50.569009,51.441845,49.356738,51.351788,6776500
2008-07-18,51.344874,51.365655,49.848583,50.035622,7249400
2008-07-21,49.973264,50.631352,48.123687,48.255306,6269800
2008-07-22,48.393870,49.910943,48.151417,49.876305,7971800
2008-07-23,43.704105,46.177141,43.163780,43.939632,40327700
2008-07-24,43.711018,44.403744,43.413145,43.627892,11113400
2008-07-25,43.856484,43.884191,42.568013,42.782757,8608900
2008-07-28,42.671930,42.914386,41.729825,41.806023,8306800
2008-07-29,41.806051,43.059887,41.785270,42.796650,9240600
2008-07-30,42.817418,43.918853,42.748144,43.641762,12036000
2008-07-31,43.177614,44.161283,43.025213,43.420067,6712500
2008-08-01,43.717963,43.828799,42.789709,43.087582,5735500
2008-08-04,43.073704,43.676375,42.664995,43.309231,4223300
2008-08-05,43.759510,45.027200,43.752584,44.770889,6882800
2008-08-06,44.597282,45.763951,44.500060,45.638950,7900300
2008-08-07,45.250073,46.257017,45.152846,45.708405,8414300
2008-08-08,45.909806,46.715360,45.875081,46.520916,7178500
2008-08-11,46.493107,47.895889,46.090333,46.597275,6363500
2008-08-12,46.382019,47.361185,46.194516,47.069519,5146400
2008-08-13,46.743134,46.875081,45.854245,46.493134,5372200
2008-08-14,46.118123,47.208402,46.013955,46.625065,4225700
2008-08-15,46.854208,47.458372,46.729208,47.222263,4690500
2008-08-18,47.291732,47.562566,46.569509,46.812569,4119600
2008-08-19,46.805616,46.979227,45.666726,46.152836,4898400
2008-08-20,46.041722,46.340334,45.388942,45.791721,3761100
2008-08-21,45.486174,46.104230,45.305616,46.007008,2984300
2008-08-22,46.222270,47.048661,46.208383,46.826439,3510300
2008-08-25,46.840338,46.868117,46.027839,46.145893,3202200
2008-08-26,46.125056,46.340338,45.555612,46.194500,2622000
2008-08-27,46.076461,46.645906,45.743130,46.326462,2851000
2008-08-28,46.430615,47.173671,46.416723,47.090336,3031500
2008-08-29,46.625080,46.979249,46.493133,46.569523,2831800
2008-09-02,47.326465,48.222301,47.243130,47.402855,5241800
2008-09-03,46.527829,47.569497,46.194493,47.451443,5869300
2008-09-04,47.152833,47.902835,46.777832,46.777832,6158900
2008-09-05,46.590353,47.659800,46.118135,47.527859,5903500
2008-09-08,48.222283,49.236173,47.763947,47.868114,8855500
2008-09-09,48.083379,48.458380,47.562545,47.659767,6780000
2008-09-10,47.791728,48.791731,47.638949,48.215340,6010400
2008-09-11,47.861169,48.902837,47.513947,48.868118,6455300
2008-09-12,48.708400,48.708400,47.784786,48.298679,5410800
2008-09-15,47.680646,48.611201,47.340364,47.882030,6569400
2008-09-16,47.152836,48.513948,47.118111,47.833389,10797500
2008-09-17,47.187566,47.430626,45.375063,45.395901,11423300
2008-09-18,45.659785,48.722291,44.895896,47.382011,11588600
2008-09-19,49.305618,49.305618,45.895889,45.895889,103300
2008-09-22,46.215341,46.229227,44.618114,44.666725,6314600
2008-09-23,44.875078,45.472302,44.458406,44.555634,4405100
2008-09-24,44.500074,45.298687,44.000072,44.993130,3521300
2008-09-25,45.062556,46.298667,44.972280,45.819504,5293400
2008-09-26,44.805619,46.055623,44.805619,46.034790,4508100
2008-09-29,45.798681,46.180628,43.055623,43.888958,7243100
2008-09-30,44.208390,45.395893,43.750056,45.090336,5082700
2008-10-01,44.444507,45.138952,44.194506,44.923676,3860200
2008-10-02,44.659801,44.750082,42.590356,43.000076,6284800
2008-10-03,44.229216,45.222276,43.256995,43.472271,7767800
2008-10-06,42.166730,43.055619,39.659781,41.993118,9508900
2008-10-07,41.979228,42.652838,39.618112,40.138947,9819200
2008-10-08,37.500060,40.833399,37.048670,39.625065,13645400
2008-10-09,39.868116,40.284782,36.597278,37.777836,7837500
2008-10-10,36.895899,38.882014,35.416729,37.430622,12410400
2008-10-13,38.958399,41.451459,38.715344,41.333405,8433700
2008-10-14,42.423683,42.722295,39.659790,40.562569,7996300
2008-10-15,39.743101,40.208381,36.805598,37.229210,7662600
2008-10-16,37.520891,40.375062,36.423668,40.132008,10619000
2008-10-17,39.416726,41.625063,36.645890,40.263950,8423400
2008-10-20,41.187541,41.187541,38.888927,40.333374,6356700
2008-10-21,39.611159,40.687549,38.590324,38.791714,7081300
2008-10-22,38.076441,38.319496,36.173660,37.187550,6863600
2008-10-23,37.097263,37.277820,34.500039,36.256985,8923400
2008-10-24,33.895891,36.152839,33.791723,35.368114,5103600
2008-10-27,34.743106,37.138944,34.437551,36.041721,7446200
2008-10-28,37.465330,40.180611,36.312551,39.916721,9123600
2008-10-29,39.638970,41.305638,38.083410,39.500080,8166000
2008-10-30,40.270884,40.638939,38.812547,39.562550,6783600
2008-10-31,39.583389,40.576446,38.916722,39.590332,6046800
2008-11-03,39.256997,39.465333,36.652827,37.131996,8809200
2008-11-04,37.736166,38.882002,37.034777,38.257000,8033800
2008-11-05,38.104225,38.569504,37.201446,37.298668,5565000
2008-11-06,36.805609,38.118110,36.736165,37.159775,9811700
2008-11-07,37.409774,37.784776,36.729218,37.548664,4063400
2008-11-10,37.937546,38.298658,36.312544,36.805599,5286500
2008-11-11,36.284778,36.993113,35.333389,36.305611,5035500
2008-11-12,35.525465,35.643881,33.832780,33.979061,7948300
2008-11-13,33.881515,34.814929,31.547983,34.807964,11219800
2008-11-14,34.118358,35.302540,33.150116,33.477509,7232700
2008-11-17,32.975963,34.125317,32.913271,32.955067,5252400
2008-11-18,32.962022,33.268515,31.401691,32.571938,7754200
2008-11-19,32.544082,33.184931,31.436524,31.534044,6165600
2008-11-20,31.345990,33.609867,31.241502,31.339025,9610700
2008-11-21,31.499219,32.676433,30.565805,32.537117,10862700
2008-11-24,32.648569,34.807960,32.356008,34.445740,8242600
2008-11-25,34.947286,35.999119,34.452716,35.295574,7454600
2008-11-26,34.585063,35.992147,34.550232,35.838902,4421900
2008-11-28,35.769249,35.999121,35.288612,35.852840,1533300
2008-12-01,35.337372,35.358269,33.352128,33.373024,5559800
2008-12-02,33.784006,34.968188,33.268538,34.898529,6138500
2008-12-03,34.132292,36.375272,33.944216,35.818008,7885400
2008-12-04,35.504547,37.162399,35.184119,36.744453,9864600
2008-12-05,36.340425,38.931693,36.124488,38.715755,8656700
2008-12-08,38.583412,39.196400,37.935595,38.444096,7387300
2008-12-09,38.353548,38.423205,36.542445,36.988255,7886900
2008-12-10,36.821066,37.594267,36.145385,37.399223,7260800
2008-12-11,36.396169,37.245995,35.316475,36.263821,10660400
2008-12-12,35.776209,37.677865,35.776209,37.197227,6796200
2008-12-15,37.120609,37.197233,35.901598,36.737492,4868700
2008-12-16,36.918583,37.225076,36.444911,36.939480,8211700
2008-12-17,36.702650,37.935592,36.702650,37.573372,6888800
2008-12-18,37.872895,38.130631,37.336531,37.719650,5053200
2008-12-19,38.026152,38.311749,37.183295,37.468891,6452400
2008-12-22,37.817167,37.858960,36.047861,36.723541,4977100
2008-12-23,36.479759,37.148475,35.699593,35.852840,3533700
2008-12-24,36.166301,36.263824,35.922500,36.006088,1123400
2008-12-26,35.866772,36.222026,35.727456,35.852840,1218200
2008-12-29,35.769250,36.096642,35.232888,35.407032,2413900
2008-12-30,35.407025,35.873730,35.107496,35.615997,2355800
2008-12-31,35.664751,36.800173,35.615991,36.570301,4939600
2009-01-02,36.528507,37.266879,36.256842,37.162392,3687200
2009-01-05,37.043991,37.350485,36.082714,36.424038,5890900
2009-01-06,36.584239,36.626035,35.581169,35.838902,6472900
2009-01-07,35.525430,35.769231,34.612913,34.912441,6870000
2009-01-08,34.515403,36.152361,34.396986,35.281639,7287100
2009-01-09,34.996045,35.511511,34.069596,34.229809,4577100
2009-01-12,34.543280,34.919432,34.076572,34.431828,4812900
2009-01-13,34.174076,35.079626,33.818820,34.090485,6310400
2009-01-14,33.679501,33.839716,33.045616,33.177967,7906800
2009-01-15,33.101340,34.090478,32.913263,33.763088,6015900
2009-01-16,34.348229,34.348229,33.338192,33.992973,6413000
2009-01-20,34.250699,34.278563,32.843616,32.892376,7370300
2009-01-21,32.920243,33.463575,32.446573,33.366055,6242200
2009-01-22,33.122250,33.352122,32.509261,33.052593,6144900
2009-01-23,32.669479,33.094389,32.188839,32.718239,4906200
2009-01-26,33.073485,33.456602,32.697333,32.982929,4091900
2009-01-27,33.010799,33.491439,32.794861,33.366055,4085300
2009-01-28,33.484473,33.797933,33.010800,33.303364,5163300
2009-01-29,33.428740,33.435705,32.279387,32.356010,4706600
2009-01-30,32.425665,32.502289,31.199690,31.366867,6682800
2009-02-02,31.192743,31.812697,31.018599,31.554964,4782600
2009-02-03,31.673375,32.167944,31.255426,32.126148,5326400
2009-02-04,29.771717,30.301115,29.137832,29.938894,20971900
2009-02-05,29.848342,30.621544,29.541849,30.530991,9886100
2009-02-06,30.719068,31.680346,30.649411,31.492270,8261300
2009-02-09,31.192733,31.631577,31.046452,31.464397,5332500
2009-02-10,31.206664,31.763925,30.496154,30.628506,6590400
2009-02-11,30.880162,31.082908,30.118123,30.439718,4778800
2009-02-12,30.411779,31.033996,29.985314,30.985058,6573000
2009-02-13,30.957085,30.964078,29.796544,29.894421,4873100
2009-02-17,29.467970,29.880452,29.293190,29.446995,6194100
2009-02-18,29.502908,29.803530,29.167330,29.628750,6191500
2009-02-19,29.880447,30.390805,29.775578,29.796551,5451200
2009-02-20,29.733623,30.264957,29.433001,29.894421,6996200
2009-02-23,29.922388,30.223010,28.691936,28.782820,6430200
2009-02-24,28.747854,29.908394,28.698915,29.747597,6083600
2009-02-25,29.516911,29.915411,28.887701,29.363104,6932700
2009-02-26,29.607795,29.670716,29.048498,29.048498,4907600
2009-02-27,28.866724,30.083194,28.838759,29.600801,7385700
2009-03-02,29.160343,29.964334,28.468215,28.552109,7625200
2009-03-03,28.880708,29.265224,28.139638,28.447250,8133400
2009-03-04,28.740879,29.293186,28.069723,28.531143,14476000
2009-03-05,28.342378,28.629018,27.447501,27.657240,8932600
2009-03-06,27.671225,27.783085,26.685462,27.251751,7087200
2009-03-09,26.874210,27.594307,26.692440,26.874210,6474500
2009-03-10,27.286704,28.097684,27.021040,28.062729,8581000
2009-03-11,28.048746,28.265475,27.503432,27.657240,6356500
2009-03-12,27.936889,28.656986,27.496444,28.566099,6020300
2009-03-13,28.656990,29.642751,28.314419,29.502926,6387500
2009-03-16,29.453987,30.076205,29.363101,29.446995,4879100
2009-03-17,30.125146,30.775330,29.929393,30.747364,6168300
2009-03-18,30.691431,31.488429,30.118152,31.082937,7082400
2009-03-19,31.180816,31.649228,30.936124,31.544359,6798600
2009-03-20,31.858954,31.907893,30.761334,31.341606,7206600
2009-03-23,31.796023,33.236214,31.635226,33.236214,6274500
2009-03-24,33.152322,33.557813,32.341341,32.411255,5045800
2009-03-25,32.516126,33.390027,31.858953,32.725864,6118800
2009-03-26,33.117375,34.501635,32.900649,33.879417,6826500
2009-03-27,33.334093,33.662681,32.900639,33.138340,4866300
2009-03-30,32.551075,32.788776,31.914875,32.334347,4478700
2009-03-31,32.495175,32.767832,31.593308,32.383316,5363500
2009-04-01,31.928875,32.509147,31.474448,32.404278,4637300
2009-04-02,32.732842,33.977276,32.509123,33.606743,5122400
2009-04-03,33.459943,34.235968,33.452950,34.194019,4225700
2009-04-06,33.669683,34.159068,33.054455,33.376053,4338300
2009-04-07,32.879661,33.005503,32.376296,32.432224,4584100
2009-04-08,32.620978,33.830457,32.600005,33.348064,5340700
2009-04-09,32.054705,33.152325,31.837979,32.788784,10597600
2009-04-13,32.802775,33.019504,32.313392,32.446224,4185900
2009-04-14,32.236478,32.334355,31.586296,31.705145,4674900
2009-04-15,31.719133,32.019755,31.495414,31.921879,3676800
2009-04-16,31.998763,32.683901,31.977791,32.320358,4668100
2009-04-17,32.229492,32.509141,31.886924,31.998783,4742400
2009-04-20,31.705140,31.872931,30.831239,30.999029,5403500
2009-04-21,31.096911,32.565067,30.782306,32.481171,6380200
2009-04-22,32.103637,33.397012,31.886911,32.907627,6135200
2009-04-23,32.579037,33.648694,32.348329,32.739838,5548400
2009-04-24,32.991547,33.998283,32.509154,33.676685,6728100
2009-04-27,33.508875,33.788525,32.872675,33.306129,4138400
2009-04-28,32.928600,33.655686,32.634970,32.907627,4413100
2009-04-29,33.480922,33.865438,33.068440,33.327114,5846000
2009-04-30,33.501866,34.235945,32.879649,33.977268,7551400
2009-05-01,33.830484,33.865440,33.103397,33.341099,4440200
2009-05-04,33.417997,33.529856,33.068436,33.355076,4743000
2009-05-05,33.655690,33.746576,32.949579,33.313122,3848700
2009-05-06,33.432004,33.697671,32.572084,32.767838,5077900
2009-05-07,33.320117,33.508880,31.921875,32.110638,8110300
2009-05-08,32.509141,32.725869,31.824002,32.579052,6487200
2009-05-11,31.949846,32.690913,31.635241,32.173565,5167400
2009-05-12,32.558060,33.033462,31.998764,32.795761,5375200
2009-05-13,32.458902,32.669446,31.792179,32.037815,5929500
2009-05-14,32.143099,32.353642,31.307940,31.441284,6582900
2009-05-15,31.427246,31.988700,31.371103,31.406193,5187400
2009-05-18,31.729029,32.402770,31.623758,32.346626,4243000
2009-05-19,32.444875,33.504616,32.086950,33.132652,6007600
2009-05-20,34.037979,34.816993,33.869542,34.234486,9621600
2009-05-21,33.981826,34.585386,33.588812,33.904629,4702500
2009-05-22,33.897629,34.269592,33.736212,33.897629,4038600
2009-05-26,33.511627,35.034562,33.406354,34.487148,7600100
2009-05-27,34.283649,34.880193,33.827471,34.269615,6273600
2009-05-28,33.644975,34.241518,32.662436,33.666031,10927600
2009-05-29,33.827441,34.052021,33.132644,34.052021,4713300
2009-06-01,34.529258,35.076672,34.213441,34.880165,4680700
2009-06-02,34.753839,35.188963,34.599439,34.704712,3820700
2009-06-03,34.543290,34.564344,33.687076,34.016930,9321500
2009-06-04,33.076492,33.687069,32.458895,33.595833,8815500
2009-06-05,33.967802,34.101145,33.111588,33.434422,5473000
2009-06-08,33.265993,33.574791,32.957193,33.357227,3293000
2009-06-09,33.378296,33.659020,32.908079,33.076515,4992200
2009-06-10,33.139669,33.301086,32.550145,32.697525,5181800
2009-06-11,32.781736,33.020353,32.437848,32.472939,6474800
2009-06-12,32.529087,33.055448,32.255380,33.006321,4735700
2009-06-15,32.809833,32.865979,32.276455,32.515072,4338700
2009-06-16,32.536107,32.662434,32.143090,32.248363,4675300
2009-06-17,32.325564,33.125632,32.199238,32.697525,5875000
2009-06-18,32.767692,32.887001,32.213261,32.451878,4628500
2009-06-19,32.774727,32.774727,32.220293,32.360657,5120600
2009-06-22,32.150109,32.437853,31.757092,31.827272,5446700
2009-06-23,32.297492,32.318545,31.567604,31.630768,4396600
2009-06-24,31.729014,31.813234,31.427234,31.609707,4248300
2009-06-25,31.455298,32.522056,31.455298,32.479946,5439800
2009-06-26,32.304515,32.704549,32.164154,32.571205,3675800
2009-06-29,32.795762,32.844889,32.290455,32.423801,3545400
2009-06-30,32.346611,32.486974,32.030794,32.129047,5136000
2009-07-01,32.150111,32.550145,32.079928,32.136074,3044100
2009-07-02,32.030797,32.030797,31.293893,31.328983,4920300
2009-07-06,31.279859,32.136074,31.230733,32.072910,4745700
2009-07-07,31.729019,31.890435,31.216695,31.258804,4268100
2009-07-08,31.462339,32.360660,31.321975,32.297497,7496100
2009-07-09,32.564188,32.634369,31.757101,31.932554,5697600
2009-07-10,31.792175,31.939555,31.335997,31.560577,3791400
2009-07-13,31.525485,31.665848,31.230724,31.560577,4686400
2009-07-14,31.448279,31.700930,31.139479,31.602676,3880600
2009-07-15,31.862356,32.985258,31.623739,32.915077,7246300
2009-07-16,32.795775,33.399335,32.648394,33.329155,3903700
2009-07-17,33.244928,33.329148,32.964204,33.322128,3293600
2009-07-20,33.336169,34.037983,33.006316,34.016930,4881200
2009-07-21,33.890599,34.101142,33.413365,33.953762,3911900
2009-07-22,33.813409,34.452060,33.687082,34.262569,3799300
2009-07-23,34.037997,34.550321,33.525673,34.108177,6234200
2009-07-24,33.771292,34.557325,33.764275,34.480125,4589700
2009-07-27,34.381870,34.480123,33.708126,34.164307,2905100
2009-07-28,33.995881,34.332751,33.757264,34.276608,3268900
2009-07-29,34.059041,34.676639,33.974824,34.227478,3579600
2009-07-30,34.571356,34.901209,34.304668,34.564339,3295600
2009-07-31,34.395917,35.041587,34.388900,34.739807,3384000
2009-08-03,34.915241,35.118768,34.746804,35.090694,3582800
2009-08-04,34.809978,35.090705,34.494164,34.725761,3805600
2009-08-05,34.901218,34.915254,34.171330,34.431004,3524400
2009-08-06,34.080104,34.641555,33.862540,34.213448,4750200
2009-08-07,34.704711,35.259145,34.325731,35.160889,4221300
2009-08-10,34.978414,35.062631,34.388890,34.669617,3165000
2009-08-11,34.409945,34.662598,34.248528,34.332745,2613100
2009-08-12,34.473643,34.861069,34.452512,34.621571,2881100
2009-08-13,34.628591,34.656768,33.959405,34.431358,3694600
2009-08-14,34.367969,34.537025,33.945324,34.255264,3318300
2009-08-17,33.881918,34.086197,33.381791,33.438145,4494500
2009-08-18,33.487464,33.741050,33.177523,33.388847,3410200
2009-08-19,33.254995,33.860784,33.219775,33.769211,3459200
2009-08-20,33.874871,33.874871,33.459271,33.748077,2335800
2009-08-21,33.973489,34.389088,33.733991,34.205944,3974800
2009-08-24,34.360938,34.360938,33.818545,33.896030,2839600
2009-08-25,34.360913,35.276643,34.135503,34.952614,6258400
2009-08-26,35.128719,35.473879,34.896266,35.382305,5574900
2009-08-27,35.156890,36.382557,35.128713,36.143059,5890400
2009-08-28,36.276916,36.629119,36.171254,36.467106,4994000
2009-08-31,36.171251,36.417795,35.826094,35.910622,3788800
2009-09-01,36.164212,36.185344,35.347101,35.678173,5505400
2009-09-02,35.502072,35.797921,35.185088,35.678173,4268100
2009-09-03,38.192894,38.904343,38.157671,38.735287,12230400
2009-09-04,38.516913,39.115657,38.418297,39.073395,4593400
2009-09-08,40.052526,40.151143,39.552399,39.960953,5526200
2009-09-09,39.791905,40.207505,39.651024,40.193417,3931100
2009-09-10,40.179319,40.179319,39.911644,40.087746,3886900
2009-09-11,40.052523,40.144097,39.813025,40.017303,3031500
2009-09-14,39.601715,40.165239,39.559449,40.144108,3083000
2009-09-15,39.996180,40.151150,39.742593,40.024357,3330000
2009-09-16,40.024348,40.693534,39.932775,40.644226,3920300
2009-09-17,40.756934,41.017563,40.376554,40.827374,3979200
2009-09-18,40.996424,40.996424,40.475162,40.538559,4561700
2009-09-21,40.580840,41.369774,40.418826,41.264114,4847800
2009-09-22,41.362724,41.461340,41.095049,41.137314,2833800
2009-09-23,40.756933,41.419074,40.756933,40.841461,2952200
2009-09-24,40.876691,41.024618,40.200461,40.454048,3389400
2009-09-25,40.658309,40.658309,39.446730,39.643963,6137100
2009-09-28,39.798936,39.911641,39.665100,39.841202,4786200
2009-09-29,39.841201,40.101831,39.622834,39.791893,4939600
2009-09-30,40.235668,40.461077,39.432645,39.714409,12235900
2009-10-01,39.552403,39.932781,39.024099,39.228374,5097900
2009-10-02,39.390391,39.925741,39.256555,39.777817,5760800
2009-10-05,39.862338,40.327246,39.658059,40.066616,4480100
2009-10-06,40.165227,41.116174,40.165227,40.806236,5865700
2009-10-07,42.095311,42.475691,41.461347,41.559963,11117300
2009-10-08,41.757198,41.827640,41.130277,41.299335,5025900
2009-10-09,40.996425,41.341582,40.658310,41.306362,5751900
2009-10-12,41.123226,41.440209,40.686492,40.876682,2915700
2009-10-13,40.785103,41.468375,40.679441,41.193657,4733900
2009-10-14,41.559955,41.559955,41.165486,41.397942,3461400
2009-10-15,41.130269,41.588134,41.130269,41.538826,2879900
2009-10-16,41.454286,41.489509,40.940070,41.193657,3230700
2009-10-19,41.433159,41.806494,41.109133,41.721966,3502500
2009-10-20,41.743111,41.750157,41.151410,41.623363,3384300
2009-10-21,41.517360,41.863575,40.775475,40.775475,4153300
2009-10-22,40.810796,41.326586,40.676551,41.171143,2917600
2009-10-23,41.036905,41.284200,40.669495,40.846134,2152500
2009-10-26,40.761357,41.234753,40.641244,40.733097,2766600
2009-10-27,40.704834,40.853211,40.111325,40.379818,2876800
2009-10-28,40.309144,40.627096,40.075981,40.075981,3027100
2009-10-29,40.492860,40.937990,40.104251,40.923859,3940900
2009-10-30,40.789611,40.945055,40.139579,40.167839,3902700
2009-11-02,40.167849,40.895606,40.104259,40.803753,3884000
2009-11-03,40.662440,41.241817,40.492867,40.733097,4122300
2009-11-04,40.754288,41.877716,40.754288,41.552700,4756800
2009-11-05,41.058098,42.033149,40.966245,41.976624,4668700
2009-11-06,41.792920,42.153263,41.545623,41.976624,2749300
2009-11-09,41.658670,42.718508,41.658670,42.704376,3698200
2009-11-10,42.336975,42.676126,42.054354,42.421764,3078600
2009-11-11,42.718532,42.881040,42.238072,42.676140,3156500
2009-11-12,42.506550,42.852764,42.393500,42.478287,3690500
2009-11-13,42.640797,42.838635,42.365240,42.725586,2466200
2009-11-16,42.951686,43.276702,42.746783,43.184849,3266400
2009-11-17,43.142457,43.262571,42.548948,42.831570,3307500
2009-11-18,42.661992,42.979944,42.160334,42.937550,3116900
2009-11-19,42.647861,42.810369,42.238056,42.732647,2240800
2009-11-20,42.577207,42.987013,42.252191,42.435898,2696400
2009-11-23,42.464158,43.001144,42.344045,42.796242,2750600
2009-11-24,42.965803,42.979935,42.626656,42.753834,2578000
2009-11-25,42.676123,43.092993,42.676123,43.022335,2469800
2009-11-27,42.040209,42.753832,41.828242,42.414684,1483300
2009-11-30,42.499482,42.598399,41.976627,42.329906,3399200
2009-12-01,42.485337,42.951666,42.464139,42.909271,4418600
2009-12-02,42.852772,43.206051,42.598411,43.008213,4316200
2009-12-03,41.969558,42.089672,41.616279,41.701065,8326000
2009-12-04,41.969562,42.386431,41.453772,41.821182,4936000
2009-12-07,41.778797,42.209798,41.722271,41.934238,2422400
2009-12-08,41.580947,41.658669,40.980373,41.510292,3853300
2009-12-09,41.482036,41.686939,41.051035,41.446709,3745600
2009-12-10,41.792921,41.941297,41.142886,41.517361,5576500
2009-12-11,41.715212,42.033164,41.665753,41.913048,3197100
2009-12-14,42.089679,42.195663,41.807054,42.019024,2174900
2009-12-15,41.983694,42.019024,41.588023,41.672810,2794900
2009-12-16,41.792918,42.040213,41.489098,41.524426,2859300
2009-12-17,41.354864,41.390194,40.839077,40.839077,2876800
2009-12-18,41.001586,41.305406,40.641242,41.284210,4540800
2009-12-21,41.531501,42.075552,41.432584,41.877716,2114000
2009-12-22,41.708122,42.252172,41.708122,42.089664,3026200
2009-12-23,42.110864,42.612523,42.110864,42.442947,2945700
2009-12-24,42.598418,42.817449,42.457106,42.676140,1681400
2009-12-28,42.676132,42.923426,42.626673,42.789181,1748300
2009-12-29,42.739709,42.881018,42.534806,42.577198,1794500
2009-12-30,42.485359,42.739720,42.301652,42.428833,1678500
2009-12-31,42.563080,42.605472,41.764668,41.807060,1862900
2010-01-04,41.778788,42.442952,41.778788,41.976624,3280200
2010-01-05,41.870649,41.983698,41.573896,41.849453,2775800
2010-01-06,41.736409,42.428836,41.686950,42.393509,3722900
2010-01-07,42.450035,42.704394,41.870654,42.188606,4527600
2010-01-08,42.019036,42.117954,41.757608,41.884789,2348300
2010-01-11,41.835321,41.983697,41.686944,41.934238,1830400
2010-01-12,41.849454,41.962503,41.489110,41.708141,2113300
2010-01-13,41.764645,42.103792,41.644529,41.969547,2051500
2010-01-14,41.771735,41.863588,41.482046,41.489113,2145700
2010-01-15,41.679875,41.679875,41.284201,41.538563,3081700
2010-01-19,41.807052,41.884774,41.538562,41.651611,2558200
2010-01-20,41.319519,41.460831,40.711879,41.171143,4484600
2010-01-21,41.072229,41.404309,40.521111,40.641228,3456800
2010-01-22,40.556450,40.952121,40.302088,40.323284,4220600
2010-01-25,40.521114,40.853197,40.097180,40.662426,2690600
2010-01-26,40.415132,41.319526,40.372738,40.930920,3530500
2010-01-27,40.775477,41.008643,40.471657,40.648296,3776200
2010-01-28,40.690693,40.853201,40.316218,40.521118,3197000
2010-01-29,40.690697,41.361928,40.556452,40.577648,5413900
2010-02-01,40.839072,40.923858,40.528187,40.916794,4295300
2010-02-02,40.980375,41.602147,40.697751,41.524426,5231500
2010-02-03,41.397266,41.651627,41.248889,41.277149,5269100
2010-02-04,41.100500,41.644551,41.051041,41.347797,5962700
2010-02-05,41.397247,41.616281,41.029836,41.390182,4793600
2010-02-08,41.171153,41.531497,41.072236,41.079300,3319800
2010-02-09,41.545624,41.686936,41.121690,41.517361,3486900
2010-02-10,41.574055,42.041816,41.375612,41.921333,4520500
2010-02-11,41.715821,42.367851,41.581161,42.289890,4030800
2010-02-12,41.949703,42.112710,41.779609,42.013489,4337600
2010-02-16,42.254461,43.126198,42.027668,42.998627,4052300
2010-02-17,43.083676,43.445127,43.048240,43.267944,2663100
2010-02-18,43.182883,43.324629,42.934828,43.204144,2275200
2010-02-19,43.041143,43.487644,42.991532,43.331722,2510100
2010-02-22,43.515993,43.551429,43.012793,43.083668,3004300
2010-02-23,42.977344,43.175787,42.814336,42.885208,3081200
2010-02-24,43.090753,43.388421,42.956096,43.133278,2908200
2010-02-25,42.729297,43.601034,42.672598,43.515987,3534000
2010-02-26,43.487647,43.565607,43.076582,43.211243,3681600
2010-03-01,43.232509,44.019199,43.005715,43.693184,4031100
2010-03-02,44.026266,44.026266,43.374237,43.501808,4126100
2010-03-03,42.346581,43.643557,42.268620,43.005699,10153500
2010-03-04,43.055323,43.345902,42.863966,43.090759,3286100
2010-03-05,43.126182,43.211231,42.878128,43.005699,3514800
2010-03-08,42.906494,43.232509,42.892319,42.998627,3020400
2010-03-09,42.793088,42.927746,42.552120,42.615906,3187000
2010-03-10,42.672599,42.814345,42.353670,42.410370,3248400
2010-03-11,42.367835,42.566281,42.360749,42.452885,3957200
2010-03-12,42.438719,42.863956,42.389109,42.644249,3938700
2010-03-15,42.573373,42.963174,42.559198,42.913563,2584700
2010-03-16,43.026962,43.204145,42.941916,43.168709,2480600
2010-03-17,43.204153,43.558518,43.161631,43.466385,3115300
2010-03-18,43.232482,43.537236,43.175783,43.423840,3156200
2010-03-19,43.501819,43.586866,42.871050,43.034058,4687500
2010-03-22,42.906474,43.296274,42.828513,43.147442,2369000
2010-03-23,43.062389,43.154525,42.778899,43.062389,2937800
2010-03-24,42.906476,43.048222,42.537936,42.573372,2910000
2010-03-25,42.821441,42.821441,42.530862,42.559212,2591500
2010-03-26,42.700953,42.821435,42.459984,42.615906,2302000
2010-03-29,42.622974,42.828507,42.495403,42.622974,2375500
2010-03-30,42.715124,42.878131,42.552116,42.644249,2121500
2010-03-31,42.566302,42.601738,42.296984,42.318245,2548200
2010-04-01,42.332396,42.736371,42.318221,42.622974,2638300
2010-04-05,42.757651,43.140363,42.523769,43.104927,2146100
2010-04-06,43.267933,43.834916,43.055315,43.756958,3589100
2010-04-07,43.693176,43.912880,43.586865,43.742786,3897200
2010-04-08,43.657738,43.671913,43.104930,43.218327,4471500
2010-04-09,43.260846,43.523075,43.175796,43.381329,2804500
2010-04-12,43.154542,43.381336,42.708042,42.771828,4550700
2010-04-13,42.679710,42.913589,42.353692,42.445827,4191400
2010-04-14,42.374933,42.431630,41.772512,42.254448,6763100
2010-04-15,42.105622,42.126883,41.744171,41.836304,5754400
2010-04-16,41.786677,42.183566,41.765416,41.949684,5443700
2010-04-19,42.020565,42.190658,41.538628,42.148136,4040700
2010-04-20,42.311136,42.467055,42.048907,42.162304,3703300
2010-04-21,42.098529,42.211926,41.843386,42.176487,3033200
2010-04-22,41.978044,42.814345,41.900083,42.679688,3929700
2010-04-23,42.573377,42.863955,42.523766,42.665512,4017400
2010-04-26,42.665507,42.736379,42.530847,42.573372,2874600
2010-04-27,42.700949,42.700949,41.892998,41.935520,3948900
2010-04-28,42.027654,42.162314,41.630767,41.708725,3462400
2010-04-29,41.822131,42.133973,41.758345,42.063099,2883800
2010-04-30,41.907178,42.296979,41.829218,41.871742,4960700
2010-05-03,41.836302,42.169406,41.744169,42.034748,4051400
2010-05-04,41.694555,42.785997,41.326016,42.438721,6046200
2010-05-05,42.492066,43.260125,42.470732,42.925877,6438700
2010-05-06,41.923121,42.036907,39.114022,41.268848,11175500
2010-05-07,41.147957,41.745335,40.415458,40.756817,9286700
2010-05-10,41.688430,41.951563,40.607461,40.906151,8378900
2010-05-11,40.820819,41.460865,40.771038,41.204845,5442100
2010-05-12,41.290184,41.382633,41.005717,41.162174,4151100
2010-05-13,41.112394,41.595986,40.963048,41.012829,5007700
2010-05-14,40.728370,41.332859,40.685699,41.062618,4890500
2010-05-17,41.119510,41.560431,40.913271,41.496426,4129100
2010-05-18,41.702654,41.951563,41.019938,41.091053,4308800
2010-05-19,40.884821,41.588872,40.884821,41.083946,4350200
2010-05-20,40.536355,40.906161,40.216330,40.244778,6755600
2010-05-21,39.775409,41.055504,39.675847,40.849266,5966100
2010-05-24,40.664371,40.827939,40.308789,40.365681,3376800
2010-05-25,39.796742,40.180771,39.391378,40.180771,6120300
2010-05-26,40.251884,40.323002,39.618948,39.810963,6146600
2010-05-27,40.778143,42.143576,40.564794,41.773773,8764500
2010-05-28,41.809330,41.901779,41.261733,41.425301,3501100
2010-06-01,41.375536,41.852015,41.055512,41.233303,3200400
2010-06-02,41.489312,41.944456,41.211958,41.923122,3898900
2010-06-03,41.411084,42.072466,40.749701,41.197735,7219000
2010-06-04,40.856383,40.856383,39.832305,39.946091,5499000
2010-06-07,39.832307,40.266118,39.654516,39.718521,3414800
2010-06-08,39.604737,40.337238,39.505174,40.294567,3726500
2010-06-09,40.308773,41.069719,40.237658,40.820812,4926900
2010-06-10,41.119516,41.290196,40.749710,40.998619,3270300
2010-06-11,40.664355,40.998603,40.536345,40.906151,3093000
2010-06-14,40.991490,41.176394,40.749694,40.906151,2510800
2010-06-15,41.197736,42.086691,41.190623,42.072468,5099900
2010-06-16,41.581748,41.880436,41.332839,41.489296,2876900
2010-06-17,41.667106,41.759559,41.240409,41.659996,2829000
2010-06-18,41.603096,41.766664,41.283072,41.396858,3657100
2010-06-21,41.603092,41.745325,40.927486,41.091053,2795600
2010-06-22,41.240393,41.467965,40.920369,40.970150,2716300
2010-06-23,40.955942,41.019947,40.550578,40.849266,2541200
2010-06-24,40.657243,40.856371,39.825183,39.981640,3772600
2010-06-25,39.946077,40.436782,39.732729,40.138092,4488900
2010-06-28,40.244782,40.678592,39.981652,40.287453,3043600
2010-06-29,39.953197,40.088317,39.391377,39.562057,4298400
2010-06-30,39.483836,39.590509,38.893568,38.993134,4609600
2010-07-01,38.922001,39.227802,38.559308,39.042900,5376600
2010-07-02,39.242028,39.242028,38.232174,38.566422,3385200
2010-07-06,38.893561,38.907785,38.054387,38.402859,3364700
2010-07-07,38.232189,38.637555,37.983283,38.609108,4813000
2010-07-08,38.957567,39.675844,38.772666,39.618950,7592700
2010-07-09,40.031434,40.031434,39.540729,39.960316,3895600
2010-07-12,39.860737,40.130980,39.633165,39.775398,2644600
2010-07-13,39.931861,40.358558,39.931861,40.187878,3207300
2010-07-14,40.102552,40.109665,39.732746,40.074104,3428200
2010-07-15,40.088307,40.244763,39.718501,40.216316,2949400
2010-07-16,40.244790,40.251901,39.078481,39.099815,5020200
2010-07-19,39.206481,39.320267,38.829562,38.986019,3575000
2010-07-20,38.665993,39.178032,38.481091,39.178032,6343500
2010-07-21,39.163806,39.185140,38.040168,38.125507,4973800
2010-07-22,38.466856,39.170910,38.289065,39.042900,5284100
2010-07-23,39.114017,39.825181,38.957560,39.789623,4905800
2010-07-26,39.675844,39.825188,39.434048,39.618950,3494400
2010-07-27,40.173671,40.792383,40.102553,40.685707,6930000
2010-07-28,40.692806,40.820816,40.116762,40.187878,3077800
2010-07-29,40.351452,40.536353,39.661622,39.974533,3439800
2010-07-30,39.618941,40.458115,39.618941,40.330105,2973900
2010-08-02,40.579026,40.778151,40.365675,40.422569,3588100
2010-08-03,40.266097,40.472336,40.095420,40.216316,3246800
2010-08-04,40.319824,41.119225,40.141386,40.969337,4364600
2010-08-05,40.498245,40.498245,39.870144,40.298393,4358300
2010-08-06,40.148507,40.426869,39.798768,40.355495,3030000
2010-08-09,40.362650,41.033578,40.355513,40.798038,2391800
2010-08-10,40.533951,40.905103,40.419751,40.669563,2433600
2010-08-11,40.334101,40.412614,39.834477,39.877300,2847500
2010-08-12,39.606062,39.941524,39.520410,39.734535,3269000
2010-08-13,39.548974,39.763099,39.299162,39.477600,2270600
2010-08-16,39.356242,39.613193,39.256318,39.520405,2395400
2010-08-17,39.620344,40.177072,39.527559,39.848747,2641600
2010-08-18,39.434786,39.962963,39.249211,39.741699,2909200
2010-08-19,39.570383,39.705998,38.977971,39.263470,2946200
2010-08-20,39.063618,39.341980,38.885180,39.284882,2896200
2010-08-23,39.491869,39.720269,39.149266,39.184956,2407500
2010-08-24,38.913735,39.734548,38.578271,39.684586,6658600
2010-08-25,39.520417,40.969334,39.399081,40.733795,5946600
2010-08-26,40.776608,40.790884,40.077132,40.169918,3854500
2010-08-27,40.248456,40.348381,39.548980,40.105705,4254700
2010-08-30,40.119971,40.576772,40.020046,40.020046,2843100
2010-08-31,39.870157,40.726660,39.784508,40.326958,4358700
2010-09-01,40.633877,41.319078,40.512538,41.247704,3966400
2010-09-02,41.690231,41.990008,41.147781,41.818707,5011300
2010-09-03,42.147036,42.147036,41.533209,41.804436,2779400
2010-09-07,41.576027,42.111340,41.540339,41.854389,2598500
2010-09-08,42.375431,42.411118,41.968592,42.261230,3412700
2010-09-09,42.468218,42.475354,41.990005,42.068516,2622900
2010-09-10,42.325467,42.675207,42.211267,42.496769,2608600
2010-09-13,42.696605,42.989243,42.403967,42.860767,3107800
2010-09-14,42.825103,43.688742,42.782277,43.567406,4134800
2010-09-15,43.567381,43.731544,43.474593,43.674442,3523100
2010-09-16,43.653039,43.774378,43.410363,43.710140,2230600
2010-09-17,43.895729,43.895729,43.503166,43.745842,3495800
2010-09-20,43.902860,44.095573,43.517436,43.738697,3472500
2010-09-21,43.688722,43.917122,43.438910,43.731548,3198500
2010-09-22,43.909997,44.573786,43.909997,44.488136,4806500
2010-09-23,44.288274,44.837863,44.166938,44.609463,3399200
2010-09-24,44.966345,45.901357,44.809319,45.715786,4481600
2010-09-27,45.551611,45.780011,45.415999,45.487373,4704400
2010-09-28,45.580161,46.472350,45.458822,46.393837,5453500
2010-09-29,46.343887,46.550875,45.958460,46.158310,3585200
2010-09-30,46.301068,46.393853,45.730064,46.029839,4090300
2010-10-01,46.336744,46.572283,46.036969,46.429535,4037200
2010-10-04,46.436675,46.565151,46.058388,46.079800,4502900
2010-10-05,46.393849,46.393849,45.915637,46.151176,5698600
2010-10-06,44.966349,46.722177,44.830737,46.686493,11502200
2010-10-07,46.550875,46.586559,45.987011,46.579426,5048000
2010-10-08,45.965598,46.358158,45.637270,45.887085,5632000
2010-10-11,45.244700,46.029826,45.166187,45.908489,2584800
2010-10-12,45.701502,45.744326,45.187603,45.209015,4454400
2010-10-13,45.109097,45.651547,44.966346,45.223297,5006500
2010-10-14,45.052000,45.580177,44.902112,45.094826,4214500
2010-10-15,45.294683,45.515947,45.116245,45.465984,4033400
2010-10-18,45.266106,45.544471,45.059120,45.116219,2417000
2010-10-19,44.723670,45.066270,44.181220,44.402481,3970600
2010-10-20,44.502404,45.016306,44.431030,44.687981,2785800
2010-10-21,44.652293,45.601581,44.638017,45.394592,4190700
2010-10-22,45.565903,45.751478,45.123378,45.701515,2406400
2010-10-25,45.765745,46.229679,45.687232,45.758606,2764000
2010-10-26,45.337498,45.815713,45.280397,45.451698,2826200
2010-10-27,45.383691,45.383691,44.760720,45.097267,3378700
2010-10-28,45.154541,45.290591,44.753548,44.968365,2385400
2010-10-29,44.832315,45.039972,44.767870,44.946884,2350900
2010-11-01,45.147361,45.555513,44.954025,45.312054,2790600
2010-11-02,45.505390,45.956506,45.362178,45.627121,2988400
2010-11-03,45.491068,45.727368,44.903902,45.226128,4080900
2010-11-04,45.748861,46.994798,45.748861,46.887394,5801500
2010-11-05,46.923194,47.288384,46.708380,46.830109,3039900
2010-11-08,46.443444,46.450606,45.999486,46.407639,2613500
2010-11-09,46.328865,46.386151,45.798985,45.985161,2600000
2010-11-10,45.841941,46.185650,45.784657,46.149845,2680800
2010-11-11,45.899222,46.844416,45.763172,46.794292,3798400
2010-11-12,46.457752,47.044918,46.293062,46.686890,3703200
2010-11-15,46.865908,47.252579,46.830108,46.887394,2949000
2010-11-16,46.679742,47.546170,46.235785,47.073570,6198600
2010-11-17,47.274044,48.068868,47.274044,47.990101,5484600
2010-11-18,48.154803,48.326655,47.488870,47.553318,3671100
2010-11-19,47.445919,47.775304,47.345671,47.660732,2710300
2010-11-22,47.453061,48.219241,47.388618,48.161961,2827200
2010-11-23,47.954314,48.025918,47.453071,47.904190,2985800
2010-11-24,48.097533,48.691862,48.097533,48.362476,2688000
2010-11-26,48.054561,48.312342,47.997275,48.133327,952900
2010-11-29,47.904199,47.975804,47.496047,47.954323,2350200
2010-11-30,47.682217,48.634574,47.624936,48.412598,3305000
2010-12-01,48.842214,49.264690,48.699005,48.913818,3038100
2010-12-02,49.064190,49.486667,48.784929,49.415062,3288800
2010-12-03,49.314817,49.594079,48.863698,48.971107,3092300
2010-12-06,48.928163,49.701505,48.928163,49.543972,3366000
2010-12-07,49.909142,50.166923,49.493833,49.866180,5115400
2010-12-08,49.680022,49.916322,49.071375,49.586937,3691400
2010-12-09,49.909160,50.933122,49.608417,50.854355,6777000
2010-12-10,50.661022,51.040531,50.567937,51.019051,3555900
2010-12-13,50.933112,51.190893,50.503479,50.653851,5797100
2010-12-14,50.625197,51.226687,50.553592,50.990387,2682500
2010-12-15,50.847185,51.162246,50.761256,50.875828,3522600
2010-12-16,50.875829,51.720776,50.847186,51.642010,3449700
2010-12-17,51.505953,51.871144,51.341258,51.441505,6457100
2010-12-20,51.477307,51.949907,51.384222,51.778049,2631800
2010-12-21,51.964220,52.107429,51.742244,51.785206,2200500
2010-12-22,51.792387,51.942759,51.556087,51.749420,1947900
2010-12-23,51.670640,51.878292,51.513107,51.727921,1379400
2010-12-27,51.470162,51.749424,51.355596,51.613377,1155800
2010-12-28,51.720776,52.179052,51.656328,52.064480,1974500
2010-12-29,52.193376,52.386714,51.964238,52.057323,1526400
2010-12-30,52.064460,52.250636,51.992855,52.164707,1424800
2010-12-31,52.050157,52.264971,51.692129,51.706448,1304200
2011-01-03,52.093123,52.594360,51.835342,51.892628,3405500
2011-01-04,51.935594,51.935594,51.384233,51.792385,3966700
2011-01-05,51.548916,51.627682,50.768417,50.832859,4270100
2011-01-06,50.381756,51.019046,50.131137,50.589413,3280400
2011-01-07,50.804226,50.976084,50.446198,50.589413,2342700
2011-01-10,50.324460,50.553598,50.138283,50.467674,2073200
2011-01-11,50.517812,51.019050,50.353117,50.890160,2065500
2011-01-12,50.983238,51.326948,50.918795,51.190895,1629900
2011-01-13,51.069147,51.377051,51.019023,51.269642,1923100
2011-01-14,51.090648,51.928433,50.990400,51.921276,2454700
2011-01-18,51.942756,52.207699,51.756580,51.985718,2416600
2011-01-19,51.828185,51.906951,51.455838,51.606209,2310500
2011-01-20,51.405717,52.222022,51.405717,51.813869,2306800
2011-01-21,51.899797,52.243501,51.799544,52.107449,2182900
2011-01-24,52.171890,52.193371,51.835343,52.000038,2212600
2011-01-25,51.921269,51.992873,51.348421,51.885464,2820000
2011-01-26,51.892629,52.257819,51.713614,52.000038,2093700
2011-01-27,52.157577,52.773387,52.100297,52.358078,2854500
2011-01-28,52.508427,52.687441,51.377057,51.505947,2426000
2011-01-31,51.727929,51.863982,51.276815,51.441505,2309000
2011-02-01,51.713604,52.007185,51.484466,51.863976,1997700
2011-02-02,51.663500,51.899800,50.510648,50.732624,4454800
2011-02-03,51.391396,53.160057,51.391396,53.009686,3780100
2011-02-04,53.074123,53.288937,52.608685,53.081280,1874300
2011-02-07,52.959553,53.188690,52.716096,53.167210,2447000
2011-02-08,53.152891,53.575362,53.074124,53.561043,1771400
2011-02-09,53.392313,53.686700,53.219988,53.614899,1746000
2011-02-10,53.449738,53.600522,53.090726,53.528721,1938600
2011-02-11,53.176895,53.894920,53.176895,53.880562,1678200
2011-02-14,53.887737,53.930817,53.507180,53.607708,1220000
2011-02-15,53.385124,53.521550,53.219981,53.370766,1460200
2011-02-16,53.500007,53.923639,53.421024,53.823116,1435000
2011-02-17,53.334873,53.859034,53.176907,53.736965,1360100
2011-02-18,53.722607,54.196506,53.349237,54.160603,2130900
2011-02-22,53.930819,54.146229,53.018925,53.054829,2115700
2011-02-23,52.990204,52.990204,51.992150,52.300896,2783600
2011-02-24,52.265021,52.796358,51.913190,52.401447,1848000
2011-02-25,52.595290,53.155349,52.588109,52.825058,1818100
2011-02-28,53.083537,53.815919,53.026094,53.701038,3306600
2011-03-01,53.930828,54.131874,52.724547,52.860973,3507200
2011-03-02,52.774797,52.968662,50.879213,51.525436,6197500
2011-03-03,51.877290,52.128597,51.424936,52.049614,2985400
2011-03-04,52.056772,52.315261,51.848544,52.279358,2678000
2011-03-07,52.408599,52.408599,51.719296,51.834183,3105000
2011-03-08,51.762391,53.176900,51.762391,52.860973,2615800
2011-03-09,52.760446,53.313323,52.473235,53.248703,1926400
2011-03-10,52.782003,53.263078,52.501973,52.688656,2372300
2011-03-11,52.480410,52.860968,52.085500,52.092682,2068600
2011-03-14,51.877271,52.035237,51.367474,51.582878,2217400
2011-03-15,50.807423,51.676232,50.735622,51.381840,2542200
2011-03-16,51.080250,51.116153,49.931412,50.089378,3980200
2011-03-17,50.592007,50.972559,50.319159,50.592007,2346600
2011-03-18,51.001261,51.144869,50.369402,50.735596,4766800
2011-03-21,51.058719,51.116162,50.527382,51.008457,2553200
2011-03-22,51.022828,51.618790,50.922305,51.374664,1929300
2011-03-23,51.331572,51.367476,50.548928,50.922298,2494900
2011-03-24,51.116171,51.934719,51.051546,51.776752,2118700
2011-03-25,51.870075,51.963421,51.274119,51.310017,2122100
2011-03-28,51.331570,51.561338,50.972558,51.166428,1328200
2011-03-29,51.152059,51.661855,50.821768,51.625957,1334600
2011-03-30,51.891624,52.401426,51.891624,52.279358,1769700
2011-03-31,52.099850,52.746073,51.755201,52.645550,2323500
2011-04-01,52.530680,53.370767,52.516316,53.313324,2474600
2011-04-04,53.578989,53.765671,53.090732,53.255875,1287100
2011-04-05,53.385112,54.440608,53.385112,53.801567,3386300
2011-04-06,54.074429,54.526788,53.672337,53.844662,1980700
2011-04-07,54.835526,56.336195,54.813981,55.876659,5923000
2011-04-08,55.409953,55.496117,54.720650,54.864258,2933400
2011-04-11,54.684747,55.015037,54.332911,54.713463,2423900
2011-04-12,54.390349,55.172992,54.383167,54.892963,2108000
2011-04-13,55.101202,55.101202,54.541143,54.864258,1285900
2011-04-14,54.541156,54.907350,54.325751,54.814003,1590700
2011-04-15,54.813991,55.309430,54.742189,55.266350,2137000
2011-04-18,54.569883,55.330988,54.569883,55.216106,1641500
2011-04-19,55.345326,55.395587,54.900149,55.079655,1794500
2011-04-20,55.654090,56.486996,55.575107,56.408012,2477700
2011-04-21,56.472626,56.695212,56.041812,56.630592,1790700
2011-04-25,56.465449,56.630597,56.264403,56.479813,1610300
2011-04-26,56.680874,57.441978,56.257236,57.284012,2800000
2011-04-27,57.664583,58.368249,57.564060,58.231823,3069400
2011-04-28,58.109728,58.519002,58.059467,58.490280,2500000
2011-04-29,58.289229,58.511815,57.829694,58.081001,6513700
2011-05-02,58.310784,58.361045,57.844066,58.188721,2154800
2011-05-03,58.102554,58.274884,57.535314,57.808167,2700000
2011-05-04,57.635806,58.102523,57.520925,57.542465,2187700
2011-05-05,57.477874,58.102552,56.989617,57.161942,3300000
2011-05-06,57.757892,58.030739,57.492221,57.765068,2214700
2011-05-09,57.779426,58.518991,57.678903,58.447189,1519700
2011-05-10,58.648229,59.380611,58.554887,59.043144,2069300
2011-05-11,59.071963,59.244792,58.467060,58.834320,1600000
2011-05-12,58.855917,60.058527,58.683083,60.000916,2500000
2011-05-13,59.964914,60.195354,59.460828,59.568848,2215700
2011-05-16,59.446428,59.518440,59.122368,59.273594,1768100
2011-05-17,59.172796,59.684085,59.086384,59.561665,1538300
2011-05-18,59.504055,60.036953,59.086386,59.943333,1630900
2011-05-19,60.015317,60.418591,59.842488,60.389786,1137300
2011-05-20,60.324953,60.454576,59.273570,60.058510,2223400
2011-05-23,59.496849,59.972130,59.252004,59.511250,2400000
2011-05-24,59.748898,59.748898,58.524679,58.582291,3623100
2011-05-25,57.847760,58.164612,56.990808,57.840557,5232000
2011-05-26,57.653299,58.272608,57.329245,58.193394,2353600
2011-05-27,58.279820,58.913529,58.193403,58.711895,1736000
2011-05-31,59.007116,59.410385,58.805482,59.395985,2230300
2011-06-01,59.295169,59.417595,57.710894,57.761303,2708800
2011-06-02,58.207821,58.229424,56.868385,56.889988,4003400
2011-06-03,56.601913,56.781944,55.997009,56.033012,3377400
2011-06-06,55.845804,56.277878,55.672969,55.946621,2496700
2011-06-07,56.227481,56.853987,56.047449,56.429115,2467000
2011-06-08,56.436304,57.365268,56.349887,56.839573,2517700
2011-06-09,56.889969,57.394055,56.630723,56.911572,1843700
2011-06-10,56.961981,57.091604,56.335475,56.385883,2121900
2011-06-13,56.299469,56.904372,56.205854,56.493900,1381100
2011-06-14,56.990809,57.192443,56.745969,57.062820,1746900
2011-06-15,56.565938,56.861187,55.982631,56.119457,1765800
2011-06-16,56.083447,56.825182,55.989833,56.781971,2191800
2011-06-17,57.595711,58.085397,57.055616,57.343662,4217400
2011-06-20,57.401263,58.546266,57.350854,58.510258,2178600
2011-06-21,58.611084,58.647093,57.998978,58.611084,2242000
2011-06-22,58.402225,58.589459,57.970150,57.984550,1545700
2011-06-23,57.430076,58.034979,57.120421,57.898159,2315900
2011-06-24,58.423853,58.423853,56.983601,56.983601,2462600
2011-06-27,56.853972,57.653313,56.832369,57.502087,1841200
2011-06-28,57.602898,57.732521,57.343652,57.602898,1786600
2011-06-29,57.754123,58.099786,57.523682,57.631702,2262000
2011-06-30,57.804510,58.575044,57.595678,58.503033,2410500
2011-07-01,58.690291,58.834314,58.359034,58.719097,2087500
2011-07-05,58.827106,59.014335,58.308615,58.539055,1860800
2011-07-06,58.596691,59.727290,58.596691,59.511250,2155600
2011-07-07,59.914507,60.094538,58.769508,59.093563,3197400
2011-07-08,58.755090,59.050345,58.265410,58.625473,1992300
2011-07-11,58.099773,58.387825,57.926945,58.099773,1590300
2011-07-12,58.251041,58.877553,58.078212,58.121418,1725100
2011-07-13,58.323024,58.733496,57.833338,58.215004,1448500
2011-07-14,58.236601,58.668676,57.703704,57.847733,1558500
2011-07-15,57.869363,58.020589,57.178043,57.509300,2212200
2011-07-18,57.271625,57.473259,56.753133,56.969173,1486900
2011-07-19,57.437265,58.294211,57.394053,58.193394,1839400
2011-07-20,58.200605,58.243811,57.502082,58.106991,1562400
2011-07-21,58.236623,59.136781,58.092594,58.704700,1729600
2011-07-22,58.812721,58.927944,58.438258,58.812721,991500
2011-07-25,58.474258,58.755107,58.373440,58.445457,1174200
2011-07-26,58.301436,58.740714,57.912567,58.006187,1127100
2011-07-27,57.653297,57.818928,56.407482,56.450687,2309200
2011-07-28,56.450677,57.120394,56.349859,56.407471,1985600
2011-07-29,55.809789,56.832367,55.586552,56.349884,2434000
2011-08-01,57.120414,57.142017,55.492927,55.961010,2554400
2011-08-02,55.665768,55.989823,54.563970,54.607182,3445100
2011-08-03,54.852791,55.842499,54.260413,55.683567,3809400
2011-08-04,54.982835,56.550469,54.758889,55.271801,5799000
2011-08-05,55.950874,56.008668,54.022033,55.437962,3586500
2011-08-08,54.614401,55.242902,50.901200,51.016788,8417500
2011-08-09,51.739216,53.935352,51.081818,53.935352,5714800
2011-08-10,52.714474,52.837283,50.727838,50.850647,4918600
2011-08-11,51.002337,53.017869,50.792836,52.454388,4324100
2011-08-12,52.750579,53.032325,51.796994,52.584427,3012700
2011-08-15,52.858933,53.516331,52.504952,53.516331,2615200
2011-08-16,53.407978,54.621632,53.003429,54.282097,2847500
2011-08-17,54.628856,55.914750,54.419356,54.990063,3584500
2011-08-18,53.834188,54.455464,52.346020,53.718605,4974400
2011-08-19,53.025090,54.534929,53.025090,53.718605,3734400
2011-08-22,54.881693,54.896139,53.263490,53.761951,2455700
2011-08-23,53.884762,55.502970,53.574129,55.062298,3399300
2011-08-24,55.062301,56.008660,54.722766,55.979763,2488100
2011-08-25,56.182048,56.723858,54.737222,54.802242,2077600
2011-08-26,54.744457,56.109817,54.217099,55.777508,2177700
2011-08-29,56.247052,56.427655,55.900292,56.196484,2613600
2011-08-30,56.059223,56.738293,55.784708,56.398758,2241100
2011-08-31,56.521563,57.099495,56.362631,56.738289,2693400
2011-09-01,57.056152,58.450409,56.911666,57.417358,3998300
2011-09-02,56.514351,57.561847,56.405988,56.752743,2459300
2011-09-06,55.647465,56.731084,55.329602,56.637173,2242600
2011-09-07,57.265664,58.233700,56.983923,58.233700,2038400
2011-09-08,58.002499,58.854946,57.915807,58.342033,2340900
2011-09-09,57.756894,57.850811,56.709397,56.998363,2494400
2011-09-12,56.369854,57.706316,56.362628,57.590733,2215800
2011-09-13,57.843599,58.363737,57.287343,58.305943,2353600
2011-09-14,58.472096,59.613504,57.742457,59.165611,2738300
2011-09-15,59.880803,60.169770,59.310097,59.967495,2440300
2011-09-16,60.148098,61.376198,59.931372,60.856060,4399100
2011-09-19,60.350338,61.650677,60.263647,61.426731,2567700
2011-09-20,61.513460,62.373128,61.188371,61.455666,3318300
2011-09-21,61.455645,62.257524,60.964404,60.993301,2639000
2011-09-22,59.765203,60.523733,59.042790,60.090286,4549800
2011-09-23,59.743488,60.610386,59.577336,60.227509,2827400
2011-09-26,60.538161,61.224451,60.220298,61.007725,3125000
2011-09-27,61.845742,62.084140,60.646535,60.921055,2494200
2011-09-28,61.108910,61.621828,60.516532,60.530983,2141000
2011-09-29,61.390642,61.600136,59.230623,59.945816,2434200
2011-09-30,59.512356,60.451495,59.252287,59.331753,2764100
2011-10-03,59.035582,60.119201,58.645478,58.970562,3235000
2011-10-04,58.277049,59.078928,56.788880,58.985016,4717800
2011-10-05,58.508209,59.078916,56.796094,57.973625,5043100
2011-10-06,57.655764,57.793024,56.644390,57.215092,4214800
2011-10-07,57.294549,57.569069,56.868328,57.085049,3353600
2011-10-10,57.793032,58.746617,57.684669,58.681602,2324400
2011-10-11,58.500990,58.558779,57.973626,58.443195,1983800
2011-10-12,58.883860,59.599047,58.667134,58.818840,2454000
2011-10-13,58.833306,59.201733,58.717718,58.999458,1839100
2011-10-14,59.288408,59.822992,58.652687,59.071682,2227700
2011-10-17,58.927203,59.620718,58.905531,59.497910,2278000
2011-10-18,59.490691,61.405086,59.375108,61.094448,3544500
2011-10-19,60.964429,61.397875,60.805497,60.957203,2704000
2011-10-20,60.957181,61.657922,60.523734,60.870495,2419600
2011-10-21,61.238893,61.621777,60.913810,61.621777,2957200
2011-10-24,61.282301,61.535144,60.798285,61.029457,3025600
2011-10-25,60.285349,61.043885,59.996388,60.126423,2193000
2011-10-26,60.256449,60.776582,59.317311,60.487621,2421100
2011-10-27,61.405106,62.228656,60.726036,61.564037,3728300
2011-10-28,61.152237,61.535114,60.870496,61.354511,1904900
2011-10-31,61.079981,61.621790,60.140842,60.140842,3073100
2011-11-01,59.505131,60.856040,59.230611,60.213093,2790400
2011-11-02,60.711561,61.238919,60.364800,60.993301,2620900
2011-11-03,60.603210,61.231711,59.873571,61.188362,2623300
2011-11-04,61.058319,61.173907,60.321460,60.545406,2097100
2011-11-07,60.458736,60.892183,60.111976,60.798271,2055200
2011-11-08,60.957655,61.602441,60.378070,61.580708,2499400
2011-11-09,60.544701,60.885207,59.965116,60.428787,2850300
2011-11-10,60.870709,60.943162,59.733278,59.928890,2502500
2011-11-11,60.385311,60.646124,59.899912,60.160725,2500700
2011-11-14,59.943365,60.848964,59.928878,60.457745,1539500
2011-11-15,60.428787,61.385099,60.240421,61.203979,1724100
2011-11-16,60.812747,61.117027,60.030309,60.088268,2459300
2011-11-17,59.870918,60.254891,58.820426,59.392765,2312000
2011-11-18,59.450723,59.581129,59.001550,59.204403,2355900
2011-11-21,58.842162,59.269602,58.530636,58.892876,1872400
2011-11-22,58.842153,59.486938,58.718993,59.269592,1635300
2011-11-23,58.892869,59.139189,58.255329,58.508896,2183600
2011-11-25,58.211866,59.139198,58.175645,58.552372,826800
2011-11-28,59.957867,60.001334,59.218896,59.573895,2005400
2011-11-29,59.870934,60.609905,59.414514,60.501232,1917300
2011-11-30,61.529968,62.174753,61.218442,61.798027,3558500
2011-12-01,61.580676,63.522279,61.551696,63.094833,3572400
2011-12-02,63.500580,64.246792,62.754368,62.834061,2616600
2011-12-05,63.601991,63.891783,62.776085,63.174545,1818900
2011-12-06,63.435345,64.043910,62.978926,63.797585,2350500
2011-12-07,63.529519,63.739618,62.442801,63.370132,2715800
2011-12-08,61.486494,62.993405,60.856195,62.131279,4377800
2011-12-09,61.348870,61.798048,60.950404,61.124283,3893100
2011-12-12,60.928679,61.290918,60.508480,60.964905,2535900
2011-12-13,61.290895,61.370588,60.407030,60.588150,2491200
2011-12-14,60.544703,60.798269,59.950630,59.950630,1891000
2011-12-15,60.204159,60.370792,59.769473,59.820187,1912000
2011-12-16,60.182426,60.588132,59.639067,59.820187,3874600
2011-12-19,59.986836,60.407030,59.298578,59.450718,2236700
2011-12-20,60.240409,60.791014,60.066535,60.595402,2909500
2011-12-21,60.559187,61.153265,60.102768,60.704086,2642200
2011-12-22,60.820008,60.856234,60.269408,60.689602,1677900
2011-12-23,60.631602,61.363321,60.515683,61.334347,1043100
2011-12-27,61.218450,61.399569,60.754784,61.276409,986700
2011-12-28,61.276391,61.334351,60.877926,60.986599,1142900
2011-12-29,61.001135,61.146034,60.566449,61.102562,1021300
2011-12-30,60.943137,61.102518,60.334572,60.363552,1235500
2012-01-03,61.059072,61.638657,60.972138,61.290905,2339500
2012-01-04,61.341607,61.544461,60.863454,60.906921,2260200
2012-01-05,60.544705,60.595418,59.479720,60.320118,3590500
2012-01-06,60.254884,60.254884,58.769706,58.776947,3397400
2012-01-09,58.204611,58.682769,57.096159,57.241058,4798300
2012-01-10,57.501885,57.755451,57.328006,57.342499,3647500
2012-01-11,57.465647,58.074212,57.219327,57.951046,2415500
2012-01-12,58.095945,58.298798,57.791659,57.922066,2502900
2012-01-13,57.864140,58.530660,57.443941,58.400253,2658200
2012-01-17,58.856654,59.226140,58.400235,58.987061,2747800
2012-01-18,58.892885,59.233391,58.385746,59.233391,2418100
2012-01-19,59.189924,59.226150,58.762484,58.834930,1994100
2012-01-20,58.900123,59.175423,58.603084,58.979816,2304400
2012-01-23,58.900134,59.407267,58.842174,59.146454,1916800
2012-01-24,58.871145,59.320318,58.791452,59.211651,1642900
2012-01-25,58.965332,59.986850,58.849418,59.928890,2558300
2012-01-26,60.008570,60.189689,59.262357,59.450718,1952500
2012-01-27,59.501446,59.726038,58.958087,59.131966,2312100
2012-01-30,58.827666,59.168172,58.682773,59.001545,1973300
2012-01-31,59.240628,59.624606,58.769721,59.602867,1844900
2012-02-01,60.073780,60.812752,59.972354,60.291126,3036300
2012-02-02,60.682346,62.225484,60.682346,61.950184,4697900
2012-02-03,62.384843,62.435556,61.558938,61.841484,2347900
2012-02-06,61.341594,61.725567,61.327107,61.609653,1379000
2012-02-07,61.334381,61.580701,61.131522,61.261929,1574900
2012-02-08,61.356398,61.458113,60.920474,61.232887,1662600
2012-02-09,61.225580,61.465340,61.080274,61.414482,1317300
2012-02-10,61.116621,61.254660,60.796941,61.174740,1689300
2012-02-13,61.429030,61.472621,60.477258,60.934982,1556200
2012-02-14,60.644363,61.102081,60.520852,61.102081,1186000
2012-02-15,61.378179,61.407236,60.331958,60.477264,1570300
2012-02-16,60.673410,61.065742,60.673410,61.065742,1771900
2012-02-17,60.985852,61.399981,60.884137,61.370918,1966300
2012-02-21,61.465359,61.530751,60.775148,61.218338,2345800
2012-02-22,61.283735,61.567086,60.826016,61.254673,1955300
2012-02-23,61.254667,61.726919,60.884135,61.588875,1996900
2012-02-24,61.748706,61.748706,61.065761,61.320049,1262000
2012-02-27,61.152930,61.937595,61.036687,61.821346,2344500
2012-02-28,61.777738,62.380768,61.450797,61.952106,3529700
2012-02-29,62.620520,63.354321,62.286312,62.526066,5345100
2012-03-01,62.874865,63.056500,62.257306,62.598782,3051100
2012-03-02,62.271827,62.700489,62.271827,62.649632,1956300
2012-03-05,62.482534,63.695856,62.359023,63.666794,3040500
2012-03-06,63.288969,63.899260,63.172719,63.630444,3181300
2012-03-07,63.862926,63.884722,63.354345,63.855659,2173900
2012-03-08,63.942852,64.298855,63.819336,64.153549,1614200
2012-03-09,64.277047,65.039911,64.211656,64.909134,1724100
2012-03-12,64.865574,65.185254,64.705734,64.974556,1354700
2012-03-13,65.228842,65.388682,64.872838,65.374153,1735400
2012-03-14,65.003603,66.086147,64.996336,66.042557,2066800
2012-03-15,65.984424,66.551125,65.584824,66.449409,1834300
2012-03-16,66.304107,66.478475,65.577566,65.708344,3556600
2012-03-19,65.933575,65.940842,65.083524,65.403198,1608300
2012-03-20,65.316013,65.744669,65.083520,65.577568,1500400
2012-03-21,65.650230,66.078886,65.541248,65.853661,1693900
2012-03-22,65.570333,66.180625,65.425027,65.751968,1499300
2012-03-23,65.744686,65.846402,65.265172,65.584846,1601400
2012-03-26,65.846413,66.500301,65.664778,66.493034,1884800
2012-03-27,66.500269,66.681904,66.093408,66.318634,1310700
2012-03-28,66.289578,66.471214,65.483118,65.839127,1609000
2012-03-29,65.504936,65.911798,64.901906,65.272438,2245600
2012-03-30,65.417745,66.224206,65.395949,65.969917,2556600
2012-04-02,66.071620,66.914404,65.991700,66.725502,2705100
2012-04-03,66.442159,66.667391,65.395944,65.672028,2823000
2012-04-04,65.490379,65.751934,64.640327,64.691185,2529400
2012-04-05,63.506935,64.567684,63.499669,64.407845,2752600
2012-04-09,63.703075,64.037283,63.230823,63.848381,1817700
2012-04-10,63.601376,63.637700,62.751325,63.129124,2812100
2012-04-11,63.572340,63.637726,63.252660,63.441563,1912600
2012-04-12,63.579596,63.615920,63.172729,63.339836,2509800
2012-04-13,63.143681,63.310783,62.504322,62.715019,2737800
2012-04-16,62.962019,63.296227,62.700463,63.121853,1956700
2012-04-17,63.332546,63.833861,63.310750,63.695816,1732900
2012-04-18,63.427001,64.291581,63.347081,63.986435,1620100
2012-04-19,63.892013,63.892013,62.983837,63.296249,1762800
2012-04-20,63.485132,63.986447,63.397951,63.630444,2203100
2012-04-23,63.368895,63.427020,62.765865,62.932972,1712500
2012-04-24,63.070994,63.354344,62.642338,62.794910,1796800
2012-04-25,63.041950,63.535998,62.860314,63.412487,2301900
2012-04-26,63.397958,64.269805,63.209056,63.993721,2443100
2012-04-27,64.218933,64.821963,64.037298,64.436897,1597500
2012-04-30,64.444152,64.662116,64.030024,64.066353,1790700
2012-05-01,63.143677,63.935604,62.758605,63.187267,2970500
2012-05-02,63.129126,63.172717,62.656873,62.947491,2432800
2012-05-03,62.380791,62.438915,60.985834,61.203793,4696600
2012-05-04,61.182018,61.341857,60.535396,60.586254,2796800
2012-05-07,60.578978,60.840533,60.302894,60.411877,2042900
2012-05-08,60.317427,60.535392,59.561830,60.041344,2609500
2012-05-09,59.736185,60.375539,59.648998,60.026802,2416000
2012-05-10,60.593498,61.290976,60.382800,60.942234,2600000
2012-05-11,60.913171,61.792290,60.811456,61.465343,2863800
2012-05-14,61.218336,61.552544,60.855066,61.247398,1656500
2012-05-15,61.102083,61.857686,61.087554,61.450825,2165200
2012-05-16,61.668793,61.944882,61.443567,61.690594,2149600
2012-05-17,61.654251,61.908539,60.644360,60.644360,2022500
2012-05-18,60.811460,61.167469,60.055862,60.259293,3152700
2012-05-21,60.440927,60.942236,60.121247,60.833260,1598800
2012-05-22,60.644375,61.218343,60.310167,60.578983,2244800
2012-05-23,60.487831,60.764828,59.962990,60.728378,2915900
2012-05-24,61.413612,62.157134,60.852327,61.581272,3558300
2012-05-25,61.887428,62.011347,61.231376,61.581272,2379600
2012-05-29,62.040511,63.184955,62.018644,63.155796,3151400
2012-05-30,62.616374,63.002714,62.521608,62.550766,3111900
2012-05-31,62.390398,63.454663,62.383113,62.973557,3564700
2012-06-01,62.689234,62.805868,62.084209,62.317471,3096100
2012-06-04,62.281062,63.126635,62.230036,63.097477,2404300
2012-06-05,62.900678,63.389070,62.499756,63.250568,2143800
2012-06-06,63.410926,64.023243,63.330742,63.986794,2187100
2012-06-07,64.183609,64.657419,64.110710,64.241920,1909700
2012-06-08,64.154450,65.021891,63.928473,64.686577,1888800
2012-06-11,64.919848,64.985456,64.030534,64.081566,1569500
2012-06-12,64.322108,64.555370,63.841007,64.511635,1822500
2012-06-13,64.227365,64.446051,63.600471,63.731682,1405000
2012-06-14,64.037811,65.663361,64.008653,65.481125,3117300
2012-06-15,65.860171,66.800511,65.670644,66.654724,3911800
2012-06-18,66.603723,67.128559,66.341302,67.084824,1570900
2012-06-19,67.011910,67.551328,66.654729,66.960884,1821400
2012-06-20,66.829663,67.011900,66.239220,66.691162,1929900
2012-06-21,66.698468,67.318070,65.809154,65.896629,2631700
2012-06-22,66.180892,66.545364,65.911180,66.282944,1539800
2012-06-25,66.151744,66.516217,65.889324,66.239220,1592600
2012-06-26,66.443329,66.909853,66.115300,66.836960,2600100
2012-06-27,67.048359,67.216014,66.333991,66.567253,2087600
2012-06-28,66.210066,67.791876,65.539439,67.733559,4408300
2012-06-29,68.163660,69.329971,68.105343,69.249786,3438000
2012-07-02,69.249751,69.650673,68.688466,68.812386,2279300
2012-07-03,68.892596,68.972781,68.593726,68.826988,1120600
2012-07-05,68.127182,68.907153,68.112606,68.520813,1902200
2012-07-06,68.564541,69.031065,68.127176,68.287544,1722000
2012-07-09,68.520822,68.768661,67.923088,68.498955,1511300
2012-07-10,68.863422,69.067526,68.265688,68.375031,1867600
2012-07-11,68.433337,69.045653,68.338576,68.885284,2074100
2012-07-12,68.586449,68.695792,67.872086,68.535423,1895200
2012-07-13,68.600970,69.227863,68.331259,69.111229,1510000
2012-07-16,68.914451,69.512186,68.593714,69.359108,1313900
2012-07-17,69.468459,70.233848,69.184171,70.022453,1767900
2012-07-18,69.745428,70.292136,69.628794,69.949532,1788400
2012-07-19,69.993310,70.255730,69.300814,69.942284,1602300
2012-07-20,69.832929,70.270295,69.315373,69.694427,2024400
2012-07-23,69.329956,69.329956,68.426066,68.805115,1546900
2012-07-24,68.899864,68.899864,68.105317,68.579132,1278300
2012-07-25,68.659338,68.703073,67.937678,68.338600,1462300
2012-07-26,69.213347,70.073503,69.147745,69.913139,1562100
2012-07-27,70.088063,71.261665,70.029746,70.787849,1564700
2012-07-30,70.787849,70.926350,70.080771,70.314034,1838100
2012-07-31,70.080773,70.401511,69.657984,70.109932,1361900
2012-08-01,70.292148,70.831566,69.708990,69.934967,2839100
2012-08-02,69.687162,70.226580,69.249796,69.760056,1373500
2012-08-03,70.707693,70.984691,70.496299,70.860771,1371600
2012-08-06,70.838868,70.853445,70.284868,70.343185,1071400
2012-08-07,70.503575,70.656653,69.796497,69.832947,1705400
2012-08-08,70.136288,70.436012,69.770766,69.909660,1369700
2012-08-09,70.048587,70.107072,69.485686,69.719620,1007000
2012-08-10,69.463745,69.763475,69.090917,69.668442,1214900
2012-08-13,69.507590,69.909660,69.332136,69.909660,830500
2012-08-14,70.180172,70.180172,69.719617,69.938927,1187400
2012-08-15,70.063220,70.830818,69.821980,70.523781,1082300
2012-08-16,70.348291,70.626085,69.960833,70.531052,1638100
2012-08-17,70.757704,70.794252,70.077833,70.282524,1520600
2012-08-20,70.180160,70.267887,69.916984,70.194778,684400
2012-08-21,70.143626,70.275214,69.566107,69.661140,1256200
2012-08-22,69.690410,70.165590,69.485719,69.836617,842300
2012-08-23,69.580725,69.807346,69.222515,69.259064,1155700
2012-08-24,69.215162,70.479869,69.003159,70.362900,1257400
2012-08-27,70.289839,70.801567,70.055905,70.648048,1112100
2012-08-28,70.414117,71.006261,70.333702,70.596878,908000
2012-08-29,69.887731,71.108572,69.887731,70.991608,1494700
2012-08-30,71.320581,72.417146,70.582232,72.073555,2426400
2012-08-31,72.578002,72.578002,71.430264,71.547234,1692600
2012-09-04,71.488731,72.088187,70.962379,71.751907,1184800
2012-09-05,71.825016,71.993158,71.474112,71.803085,1156500
2012-09-06,72.168613,73.097036,72.168613,73.089729,1462500
2012-09-07,73.104349,73.104349,72.497582,72.899658,937600
2012-09-10,72.731541,73.623415,72.621883,73.433342,1288500
2012-09-11,73.374825,73.499101,72.709572,72.753433,1626900
2012-09-12,73.097034,73.806147,72.738824,73.754974,1770600
2012-09-13,73.681879,75.217069,73.499118,75.114723,1901900
2012-09-14,75.063550,75.209757,74.529886,74.698029,3195300
2012-09-17,74.639534,75.136643,74.551812,74.749191,1306900
2012-09-18,74.712631,74.719943,74.347109,74.559113,1464100
2012-09-19,74.858860,74.873478,74.354438,74.478714,1664000
2012-09-20,74.259375,75.063521,74.200890,75.034279,1356100
2012-09-21,75.122047,75.670329,74.624937,74.829628,3328600
2012-09-24,75.114736,75.260942,74.727284,75.012390,1223800
2012-09-25,74.917329,75.377885,74.149731,74.157043,1790400
2012-09-26,74.464101,75.129348,73.806161,73.835403,1635200
2012-09-27,73.879259,74.347126,73.199388,73.323669,1821100
2012-09-28,73.265235,73.440684,72.921644,73.221375,1788700
2012-10-01,73.564910,74.471408,73.316358,73.477188,1873600
2012-10-02,73.733046,74.105879,72.614550,72.731514,2050700
2012-10-03,72.556080,73.075121,72.190559,72.826569,2787900
2012-10-04,73.104355,74.339821,73.075113,74.186302,2051800
2012-10-05,74.420200,74.858824,74.230127,74.412888,1192300
2012-10-08,74.266696,74.398284,73.879244,74.091248,813100
2012-10-09,74.091255,74.398292,72.782686,72.841171,1606500
2012-10-10,74.858846,76.342863,74.054699,74.244766,5739800
2012-10-11,74.442130,74.566407,71.861549,71.876167,4753200
2012-10-12,71.686122,71.993164,70.311762,71.313293,7552500
2012-10-15,71.693412,71.737273,70.501813,70.552986,4005200
2012-10-16,70.889248,71.291319,70.552969,70.911179,3788300
2012-10-17,71.020893,71.174411,70.019361,70.750404,4113700
2012-10-18,70.816212,71.174422,70.362963,70.421448,2804300
2012-10-19,70.253300,70.348339,69.054389,69.288322,3859900
2012-10-22,69.215194,69.683061,68.813117,69.449127,3097700
2012-10-23,69.061702,70.041297,68.601140,69.580742,3357400
2012-10-24,69.478390,70.362953,69.083626,69.902397,4327600
2012-10-25,70.180166,70.640722,70.012024,70.633415,2734800
2012-10-26,70.487217,71.291364,70.267907,70.867363,2998900
2012-10-31,71.561847,72.212476,71.203638,71.956612,3534300
2012-11-01,72.073602,72.227126,71.006279,71.006279,2941200
2012-11-02,71.532593,71.729978,70.209406,70.267891,2025500
2012-11-05,70.004706,71.496035,69.778079,71.444862,2199500
2012-11-06,71.627644,72.811931,71.583778,72.219788,2410300
2012-11-07,71.591071,71.729971,70.224018,71.130516,2620100
2012-11-08,70.881981,71.232885,69.259064,69.259064,2906000
2012-11-09,69.090934,70.326394,69.032449,69.785423,2542800
2012-11-12,69.756177,70.297154,69.514932,70.165565,1632800
2012-11-13,69.785410,70.640729,69.631891,69.953552,2328400
2012-11-14,70.089177,70.360445,69.033444,69.260719,3587500
2012-11-15,68.916122,70.294443,68.556880,70.162476,2445500
2012-11-16,70.030512,70.551053,69.385341,70.155151,3105400
2012-11-19,70.880978,70.990952,69.920553,70.800331,2877500
2012-11-20,70.961627,71.203568,70.529065,71.203568,1783200
2012-11-21,71.276880,71.408847,70.727017,70.924965,1045500
2012-11-23,71.115588,71.797418,70.793000,71.790085,671900
2012-11-26,71.379539,71.504173,70.257819,70.573074,1531200
2012-11-27,70.602364,71.357508,70.213790,70.756325,2428000
2012-11-28,73.637617,75.235885,73.315029,75.206558,10407800
2012-11-29,75.573159,75.668466,74.458767,74.693375,6360500
2012-11-30,75.133247,76.614209,74.532064,76.188980,4951400
2012-12-03,76.848841,76.848841,76.174344,76.680214,4268800
2012-12-04,76.650905,76.922168,76.262331,76.540932,3850200
2012-12-05,76.658236,77.691981,76.467621,77.677315,8470800
2012-12-06,77.276927,78.211091,76.994321,77.300476,5057500
2012-12-07,77.622375,77.724431,77.065014,77.371170,3093800
2012-12-10,77.638060,77.928512,77.363306,77.677307,2317000
2012-12-11,77.716544,78.226805,76.986479,77.174881,4021200
2012-12-12,77.732240,78.022698,76.342765,76.711723,5390300
2012-12-13,76.970811,77.614524,76.413445,76.813805,2715100
2012-12-14,76.146512,76.900127,76.028759,76.083710,2160800
2012-12-17,76.154341,77.638020,76.146489,77.543816,2847800
2012-12-18,77.638056,78.470171,77.433950,78.391670,2900500
2012-12-19,78.101193,78.674257,77.433931,77.465332,3153300
2012-12-20,77.889254,78.054107,77.041436,77.873550,1964100
2012-12-21,77.269067,78.148286,76.648904,78.101181,4167700
2012-12-24,77.810738,78.454451,77.543830,78.061943,933700
2012-12-26,77.920642,78.266045,77.025725,77.465332,1456300
2012-12-27,77.339714,77.496720,76.248543,76.868706,2057400
2012-12-28,76.279948,76.845160,76.099398,76.122948,1651300
2012-12-31,76.028760,77.661594,75.761857,77.504593,2412700
2013-01-02,78.972577,79.639839,78.666421,79.639839,3153800
2013-01-03,80.157949,80.872310,79.883195,80.456253,3872400
2013-01-04,80.503360,80.785966,79.718345,80.197205,1989000
2013-01-07,79.357232,79.859648,79.208083,79.577042,1663900
2013-01-08,79.286576,79.906739,79.074625,79.427879,2189900
2013-01-09,79.310118,79.679076,79.090315,79.467125,1834400
2013-01-10,79.561303,79.679057,78.603583,79.082443,2328500
2013-01-11,79.286541,79.671196,78.556476,78.721329,2206300
2013-01-14,78.768475,79.993103,78.266065,78.792030,2155100
2013-01-15,78.383805,79.694779,78.352403,79.404327,1725200
2013-01-16,79.074635,79.765447,79.011833,79.702644,1201700
2013-01-17,79.734010,79.875313,79.255150,79.255150,2095400
2013-01-18,79.208049,79.639804,78.988246,79.443550,2341600
2013-01-22,79.624127,80.205036,79.420021,80.189339,2004500
2013-01-23,80.307105,80.660360,79.891042,80.165802,1442800
2013-01-24,80.377733,81.272650,80.299233,80.770241,1515400
2013-01-25,80.825195,80.958646,80.079433,80.354187,1612800
2013-01-28,80.558309,80.660359,80.071597,80.456253,1631700
2013-01-29,80.189323,81.272642,80.150070,81.139191,2073100
2013-01-30,80.856599,80.942951,80.307090,80.487640,1939800
2013-01-31,80.464099,80.974360,80.157943,80.338493,1656300
2013-02-01,80.770240,81.916362,80.534733,81.759361,2316000
2013-02-04,81.727968,81.727968,80.338487,80.448395,1728600
2013-02-05,80.660338,81.618058,80.291380,81.099945,1842400
2013-02-06,80.977962,81.221971,79.450972,80.049171,3192000
2013-02-07,80.104251,80.529291,79.655598,80.167221,3007300
2013-02-08,80.584394,81.040920,80.135741,80.907112,1726400
2013-02-11,80.970081,81.025179,80.096388,80.277420,1457400
2013-02-12,80.450580,80.466325,79.915344,80.096382,1203200
2013-02-13,80.269497,80.576469,79.458768,79.994003,1224400
2013-02-14,79.529653,80.332503,79.506040,80.301018,2211200
2013-02-15,80.119998,81.174723,79.521792,80.419098,4239800
2013-02-19,80.560748,80.600106,79.868093,80.206551,1894200
2013-02-20,80.426993,80.781191,79.537560,79.561172,1915100
2013-02-21,79.631960,79.828738,78.915693,79.254150,2730500
2013-02-22,79.553310,79.734348,78.892140,79.624153,1576200
2013-02-25,80.001946,80.387628,78.758309,78.781921,1644000
2013-02-26,78.789806,79.309302,78.167988,78.278183,2915100
2013-02-27,78.451326,79.923225,77.884605,79.285667,2511000
2013-02-28,79.553275,80.576521,79.332885,79.726440,2213200
2013-03-01,79.356501,80.009804,78.915721,79.828766,1790100
2013-03-04,79.702829,81.434471,79.624120,81.410858,1942000
2013-03-05,81.607636,81.765055,80.875622,81.190468,1611700
2013-03-06,81.190496,81.458111,80.568677,80.726097,1254400
2013-03-07,81.505332,81.843790,80.206598,80.261696,2603300
2013-03-08,80.741812,81.277047,80.175091,81.103882,1549200
2013-03-11,81.505300,81.615495,80.560764,80.631607,2120800
2013-03-12,81.552517,83.055895,81.277030,81.662712,3795000
2013-03-13,81.851645,82.009071,81.001570,81.402992,2459100
2013-03-14,81.284918,81.883124,81.001564,81.001564,2316700
2013-03-15,80.718176,81.064501,79.899581,80.088486,4001800
2013-03-18,79.765796,80.293165,79.506054,80.033417,2138000
2013-03-19,80.175125,80.710361,79.600532,80.379776,2240300
2013-03-20,80.631618,81.355758,80.552902,81.135368,2316400
2013-03-21,80.954342,81.835908,80.820535,81.481705,2216900
2013-03-22,81.434474,82.741080,81.418734,82.733208,2036100
2013-03-25,82.796151,83.252670,82.300267,83.016541,2315300
2013-03-26,83.189751,83.441626,82.992973,83.410141,1452800
2013-03-27,82.835544,84.039822,82.678124,83.937500,1971500
2013-03-28,83.953238,84.268078,83.126769,83.520325,1672900
2013-04-01,83.433740,83.898133,82.945729,83.284187,1005700
2013-04-02,83.646259,84.811186,83.457354,84.756088,1831900
2013-04-03,84.614400,84.803305,83.433734,83.717094,1833200
2013-04-04,83.638385,84.134262,83.008694,83.717094,1575700
2013-04-05,82.882758,83.410121,82.213710,83.276314,1678900
2013-04-08,83.787944,84.291694,83.331424,84.252342,1077600
2013-04-09,84.417606,84.441218,83.110999,83.268425,1947300
2013-04-10,83.221222,83.843034,83.063796,83.236961,1757200
2013-04-11,83.339299,83.748600,82.796197,83.441628,2319400
2013-04-12,83.543937,84.055560,83.158254,83.536064,1437700
2013-04-15,83.000803,83.606882,81.961818,82.024788,1818400
2013-04-16,82.434121,83.268457,82.292441,83.079552,2796500
2013-04-17,82.465607,82.843423,82.127149,82.465607,1882600
2013-04-18,82.457699,82.741059,81.332131,81.552521,1854300
2013-04-19,81.229834,82.371148,81.229834,82.213722,2215600
2013-04-22,82.197944,83.260542,82.072003,82.772537,2048400
2013-04-23,83.229124,84.496373,83.071704,84.417664,1731100
2013-04-24,84.582890,85.283417,84.456955,84.874123,2234300
2013-04-25,85.283424,86.062662,84.850517,85.897369,1848100
2013-04-26,85.716341,86.385384,85.307040,86.007568,2146700
2013-04-29,86.031222,86.165029,85.377918,85.503853,1728300
2013-04-30,85.102441,85.456638,84.756110,85.346443,1561400
2013-05-01,85.110294,85.795083,84.976487,85.181137,1199400
2013-05-02,85.141740,86.023306,84.787543,85.551041,1442900
2013-05-03,86.527087,86.904902,85.802946,86.385406,1407600
2013-05-06,86.353932,86.778973,85.818696,85.865921,1112700
2013-05-07,85.810827,86.409033,85.527472,86.353935,1617400
2013-05-08,86.503440,86.778927,86.109885,86.275177,863800
2013-05-09,86.487726,86.700249,85.700615,85.905266,1306300
2013-05-10,86.117806,86.700266,85.928895,86.574326,1239600
2013-05-13,86.338197,86.834075,86.267354,86.590073,1246600
2013-05-14,86.810449,87.936018,86.495603,87.676270,1932800
2013-05-15,87.502625,89.152275,87.368445,89.049667,1810600
2013-05-16,88.868118,89.191737,87.786771,88.015671,1533600
2013-05-17,88.568157,89.341681,88.118252,89.231178,1678300
2013-05-20,89.239086,89.294337,88.362954,88.418205,1664300
2013-05-21,88.781280,89.949451,88.568164,89.570587,1946000
2013-05-22,89.452192,90.549328,89.136468,89.491653,2524300
2013-05-23,88.978609,90.138886,88.284015,89.341690,2225200
2013-05-24,88.781298,90.525666,88.599754,90.288872,1769800
2013-05-28,90.849287,91.378122,90.004729,90.636177,2693700
2013-05-29,90.399351,90.494070,88.986491,89.152245,1834000
2013-05-30,90.202055,91.157117,88.299828,88.307716,3459400
2013-05-31,88.497164,88.986531,86.531784,86.531784,3537200
2013-06-03,86.760690,87.652612,85.695126,87.518425,2341400
2013-06-04,87.502609,88.252448,86.744874,87.344749,1855200
2013-06-05,86.918524,87.289493,85.939778,86.168678,2018400
2013-06-06,86.460766,87.715762,86.334473,87.684189,2186800
2013-06-07,87.802564,88.362971,86.958005,87.281624,2013400
2013-06-10,87.557877,87.636807,86.539670,87.068504,1563900
2013-06-11,86.626504,87.613139,86.444961,86.839615,1066300
2013-06-12,87.415822,87.471073,86.121358,86.350258,1320200
2013-06-13,86.168710,87.723647,86.050312,87.518425,1230500
2013-06-14,87.115852,88.102486,87.084279,87.613113,1318000
2013-06-17,88.205110,88.797090,87.565772,88.165642,1441700
2013-06-18,88.039357,88.560297,87.770989,88.473473,1250200
2013-06-19,88.583950,88.868095,86.934295,86.973763,1458600
2013-06-20,86.610705,86.610705,84.755828,84.897903,2211900
2013-06-21,85.553049,86.492327,85.166290,85.758270,3111500
2013-06-24,84.818952,87.297377,84.803169,86.539642,1832300
2013-06-25,87.360536,87.360536,86.223931,87.021133,1607800
2013-06-26,87.179006,87.984103,86.902750,87.755203,1539200
2013-06-27,88.063016,88.678675,87.802543,87.999870,922200
2013-06-28,87.778884,88.576086,87.234260,87.273727,1853600
2013-07-01,88.047234,88.252450,87.076384,87.163208,1112700
2013-07-02,87.321057,88.299802,87.178981,87.494705,1279700
2013-07-03,87.163221,87.842026,86.871175,87.542091,752200
2013-07-05,88.591900,88.647151,87.384260,88.213036,1366700
2013-07-08,88.670804,89.168072,88.457694,88.891815,1525200
2013-07-09,89.262743,89.665291,88.994381,89.467964,1360800
2013-07-10,89.570607,90.012618,89.436421,89.704788,1274300
2013-07-11,90.644034,91.512277,90.249380,91.472809,1549900
2013-07-12,91.141324,92.254245,90.928208,91.922737,2233300
2013-07-15,91.559633,91.749065,90.865045,91.472809,1156500
2013-07-16,91.693838,92.143743,91.204471,91.977989,1295200
2013-07-17,92.317383,92.901469,91.835905,92.664680,1276900
2013-07-18,92.617322,92.822543,91.875377,92.396317,1180700
2013-07-19,92.806776,93.248786,92.009574,93.193535,1639200
2013-07-22,93.785506,93.793401,92.862018,93.177742,1158000
2013-07-23,93.430317,94.045976,93.367171,94.006508,1079600
2013-07-24,93.927578,94.235408,92.546290,93.059341,1726900
2013-07-25,92.420004,92.885698,92.080607,92.704155,1352200
2013-07-26,92.167426,92.348970,91.196582,92.009567,1863100
2013-07-29,91.938540,92.901491,91.749102,92.459480,1198100
2013-07-30,93.011960,93.382935,92.167401,92.293694,1162500
2013-07-31,92.783080,93.217195,92.325280,92.680466,1925200
2013-08-01,93.193529,93.611861,92.862021,93.406639,1255700
2013-08-02,93.375099,94.322266,93.075158,94.219658,1503600
2013-08-05,94.282745,94.874725,93.880203,94.772118,1336700
2013-08-06,94.117006,94.653735,93.943357,94.322227,1308500
2013-08-07,94.290548,94.583348,93.744508,94.440903,1297600
2013-08-08,93.427999,94.100660,91.861109,92.897789,2372700
2013-08-09,92.478342,92.786972,91.299217,91.504967,1676800
2013-08-12,91.473318,91.963964,91.022243,91.584114,1596800
2013-08-13,92.066840,92.074755,90.808580,91.520805,1230300
2013-08-14,91.125136,91.204270,89.890609,90.040970,1656500
2013-08-15,88.996381,89.249616,88.244591,88.466171,1656600
2013-08-16,88.450319,89.035930,88.355360,88.553200,1651000
2013-08-19,88.553218,89.376234,88.474084,88.695663,1259500
2013-08-20,88.822281,89.653212,88.711491,89.297096,1448500
2013-08-21,89.130887,89.320818,88.513627,88.600677,1329300
2013-08-22,88.671965,89.091385,88.553259,88.822319,998500
2013-08-23,89.099240,89.811465,88.363281,89.479095,1444900
2013-08-26,89.423730,89.518696,88.505749,88.529495,1031500
2013-08-27,88.023006,88.529476,87.864730,88.371201,1415500
2013-08-28,88.410758,88.410758,87.334508,87.413643,1648900
2013-08-29,87.279140,88.545316,87.200005,88.149635,1388000
2013-08-30,88.426615,88.782730,87.959715,88.529495,1207700
2013-09-03,89.273340,89.526575,88.276231,88.616516,1204600
2013-09-04,88.624444,88.853939,88.117974,88.236679,1397900
2013-09-05,89.423713,91.085569,89.423713,90.705719,2564100
2013-09-06,90.452478,91.014343,89.518673,90.492043,2232000
2013-09-09,90.349589,91.378359,90.159664,91.283394,1262000
2013-09-10,91.679076,93.032301,91.425841,92.842377,1665400
2013-09-11,93.040205,94.440909,92.984810,94.369690,1808600
2013-09-12,94.219363,94.433034,93.269733,93.530884,1371000
2013-09-13,93.799940,93.831595,92.517940,92.612900,1661000
2013-09-16,93.665387,93.744522,92.557482,92.866112,1767100
2013-09-17,92.826573,93.792028,92.660382,93.309303,990900
2013-09-18,93.127288,94.219363,92.557508,93.886993,1858800
2013-09-19,94.227234,94.543779,93.886949,94.330109,1219500
2013-09-20,94.456761,94.527980,93.071880,93.333031,2587100
2013-09-23,92.652450,93.515029,92.628710,93.040215,1762600
2013-09-24,92.842408,93.443843,92.051047,92.066872,1650000
2013-09-25,92.153904,92.248869,91.006434,91.330894,2268800
2013-09-26,91.710739,92.177644,91.196353,92.114334,1039100
2013-09-27,91.489160,91.963975,91.338800,91.576210,897500
2013-09-30,91.030186,91.449606,90.800691,91.140976,1829000
2013-10-01,91.093489,91.140969,90.729464,91.006439,1452200
2013-10-02,90.705706,91.077640,90.468295,90.863976,1640200
2013-10-03,90.484129,91.117220,90.135935,90.547440,1608000
2013-10-04,90.357530,90.966875,90.238825,90.563286,1084900
2013-10-07,90.064693,90.349583,89.708583,89.748154,1293900
2013-10-08,89.811478,90.048889,88.727319,88.798538,2148600
2013-10-09,87.904299,91.188445,87.168333,90.681969,5852500
2013-10-10,90.990620,91.766150,90.317959,91.560394,2388300
2013-10-11,91.133023,91.797763,90.800647,91.718628,1563000
2013-10-14,91.014362,92.035218,91.014362,92.003563,1195100
2013-10-15,91.607889,91.884864,91.220118,91.291344,1503100
2013-10-16,92.011453,92.976913,91.497074,92.874039,1854900
2013-10-17,92.771181,93.934475,92.668300,93.586281,2099700
2013-10-18,93.633737,93.657477,92.296336,93.095612,2727100
2013-10-21,92.913593,92.984812,92.391292,92.889847,1454600
2013-10-22,92.731609,94.084834,92.660383,93.230164,1386000
2013-10-23,92.786994,93.404254,92.604979,92.715775,1183200
2013-10-24,91.433744,92.430860,91.148854,91.987694,2250100
2013-10-25,91.774056,92.161821,91.235931,92.145996,1840100
2013-10-28,91.956046,93.609992,91.956046,92.866112,1802400
2013-10-29,93.119351,94.163947,92.881947,93.974022,1881000
2013-10-30,93.847399,94.092725,92.755324,93.190575,1108600
2013-10-31,93.269726,93.855331,92.961096,93.380516,1587700
2013-11-01,93.942358,94.804944,93.815743,94.662498,2185100
2013-11-04,94.963217,95.279763,94.377613,95.232277,1588900
2013-11-05,95.081962,95.303542,94.251031,95.066132,1419700
2013-11-06,95.311424,98.571824,95.216458,98.184059,3059000
2013-11-07,98.714304,98.714304,96.949574,97.163239,2459500
2013-11-08,96.712163,97.250289,95.849583,97.163239,2314300
2013-11-11,97.131562,97.867527,96.625092,97.353142,1275700
2013-11-12,96.237337,97.123663,96.166111,96.902077,1588000
2013-11-13,96.719598,97.719238,96.473649,97.719238,1679300
2013-11-14,97.893762,98.425318,97.465342,98.171440,1488000
2013-11-15,98.107960,98.925129,97.893748,98.607780,1784200
2013-11-18,98.901352,98.901352,97.520886,97.830299,1327600
2013-11-19,98.012782,98.457067,97.679569,98.084183,1233600
2013-11-20,98.377712,98.544318,97.132123,97.393936,1135900
2013-11-21,97.544683,98.536393,97.036927,98.290451,1164200
2013-11-22,98.583987,99.448756,98.377709,99.337685,1502000
2013-11-25,99.702638,100.059658,99.091747,99.305954,1391900
2013-11-26,99.337719,100.059688,99.202848,99.313919,1597700
2013-11-27,99.686785,99.877192,99.329766,99.472572,873400
2013-11-29,99.726444,99.988258,99.282160,99.512238,725400
2013-12-02,99.694728,99.718528,97.941377,98.131790,1444900
2013-12-03,98.155573,98.353916,97.560547,98.234909,1767900
2013-12-04,97.790625,98.742665,97.076591,97.560547,1644000
2013-12-05,96.394325,97.068687,95.600956,95.957970,3329000
2013-12-06,96.790977,96.909984,96.013473,96.838577,1734800
2013-12-09,97.441568,97.457433,96.299115,96.521263,2192500
2013-12-10,96.148383,96.378461,95.180472,95.236008,3163300
2013-12-11,93.696871,95.442286,92.800366,94.069756,6113600
2013-12-12,94.030060,94.728229,93.696847,93.792053,2023600
2013-12-13,94.418824,94.450560,93.149435,93.546120,1722600
2013-12-16,93.554060,94.331564,93.244646,93.617531,2069500
2013-12-17,93.752367,93.903109,92.839992,93.260483,1722800
2013-12-18,93.442972,94.093534,91.911770,94.014198,3167600
2013-12-19,93.490567,93.966593,93.022482,93.609573,2339400
2013-12-20,93.371568,94.450550,93.371568,94.037994,3007000
2013-12-23,94.490241,94.514041,93.720672,94.164963,1181600
2013-12-24,94.164963,94.291899,93.760343,94.164963,612500
2013-12-26,94.156973,94.498121,94.085566,94.117302,1169900
2013-12-27,94.307743,94.656821,93.815852,94.037994,995100
2013-12-30,94.371200,94.704420,94.069722,94.228394,812800
2013-12-31,94.561635,94.974184,94.180815,94.426758,1181700
2014-01-02,94.180807,94.648898,93.411238,93.466774,1618400
2014-01-03,93.784128,93.903134,92.927288,93.054230,1293500
2014-01-06,93.212921,93.419199,91.943532,92.348152,2120200
2014-01-07,92.340185,92.475056,91.538881,91.919701,2292500
2014-01-08,92.062506,92.062506,90.380562,90.483704,4600000
2014-01-09,92.189454,94.490225,90.483716,94.022141,5759400
2014-01-10,93.776175,94.133194,92.554392,93.498497,2790200
2014-01-13,92.871739,93.244623,90.904188,91.054924,3164200
2014-01-14,91.396074,92.689269,91.332609,92.213249,2320600
2014-01-15,92.086328,92.578219,91.435766,92.221199,1847500
2014-01-16,92.379847,92.403647,91.475407,91.681679,1938200
2014-01-17,91.713430,92.514734,91.578559,92.260857,2708100
2014-01-21,91.721337,92.118022,91.110440,91.181847,2110800
2014-01-22,91.245351,91.364358,90.198104,90.245705,2501600
2014-01-23,90.047360,90.071160,89.174656,89.492004,2162300
2014-01-24,89.404717,89.547524,88.793820,88.960426,3183100
2014-01-27,89.301587,90.229833,88.881102,89.714142,3784900
2014-01-28,90.071159,91.047006,89.999759,90.745522,2362100
2014-01-29,90.483695,90.594766,88.944558,89.039764,2356000
2014-01-30,89.452327,90.039418,88.928701,89.436462,1625800
2014-01-31,88.294009,89.872812,88.167068,89.142914,2143600
2014-02-03,89.618948,89.650683,87.310248,87.413383,3111900
2014-02-04,87.849718,88.325738,86.873872,87.976654,2529600
2014-02-05,87.445139,87.905294,87.111925,87.675217,2374200
2014-02-06,89.658618,90.904207,89.650683,90.650330,3738900
2014-02-07,90.507520,90.928004,89.952158,90.475784,2194100
2014-02-10,90.475777,90.523377,89.317459,90.325035,1871700
2014-02-11,90.372628,91.356404,90.047344,91.229462,1768900
2014-02-12,91.388587,91.826122,90.927193,91.332901,1737700
2014-02-13,90.799867,92.223836,90.799867,92.128372,1583300
2014-02-14,91.611329,92.669358,91.086288,92.359108,1517900
2014-02-18,92.518224,92.605731,91.420411,91.770439,2056500
2014-02-19,91.571530,91.722679,90.903296,91.412430,1802600
2014-02-20,91.141977,91.921582,90.593070,91.531776,1837100
2014-02-21,91.802258,91.873852,89.829382,90.044174,3654300
2014-02-24,90.258951,91.332893,90.052116,90.640800,2281900
2014-02-25,90.688504,92.192024,90.688504,91.849953,1920800
2014-02-26,91.881804,92.939839,91.778390,92.184097,1924500
2014-02-27,92.303410,92.613660,91.706775,92.454559,1374400
2014-02-28,92.677291,93.448939,92.192027,92.915947,2103000
2014-03-03,92.454558,93.130743,91.571538,92.080666,1667000
2014-03-04,92.764832,93.003489,92.160241,92.796654,1808300
2014-03-05,92.732970,93.035262,92.128378,92.653419,2305700
2014-03-06,90.012347,91.197660,89.312291,90.099854,8921900
2014-03-07,90.529413,90.696470,90.004371,90.290756,2905600
2014-03-10,90.060076,91.157883,89.893019,91.157883,2319100
2014-03-11,91.134013,91.285163,90.624885,91.253342,2201800
2014-03-12,90.998779,91.977264,90.887408,91.651100,2173400
2014-03-13,92.009094,92.112508,90.839688,91.014702,2519600
2014-03-14,91.444246,91.444246,90.155519,90.250977,2290000
2014-03-17,90.799883,91.054447,90.203248,90.258934,2189200
2014-03-18,90.608977,90.783991,89.908921,90.569199,2501000
2014-03-19,90.322588,90.887402,89.463432,89.773682,1635600
2014-03-20,89.542996,90.068038,89.200925,90.020309,1408200
2014-03-21,91.014668,91.149903,90.131647,90.553268,4442300
2014-03-24,90.680569,90.688526,89.805506,90.187355,2501700
2014-03-25,90.545344,91.054472,90.521479,90.632851,2199400
2014-03-26,90.911290,91.062439,89.463456,89.487320,1905900
2014-03-27,89.495245,89.845273,88.954296,89.121353,2039500
2014-03-28,89.375926,89.725954,88.421313,88.827026,2795500
2014-03-31,89.049769,89.320240,88.755427,88.842934,2119500
2014-04-01,89.264551,89.535028,88.707694,88.986122,2566200
2014-04-02,89.017946,89.105453,88.254254,88.739517,3296800
2014-04-03,88.890670,89.216833,88.524734,88.858849,2328900
2014-04-04,89.057716,89.097494,88.007638,88.023552,2716200
2014-04-07,88.087182,88.405382,87.792840,88.134911,3119400
2014-04-08,87.951975,89.686195,87.808783,89.622559,3863900
2014-04-09,89.670257,90.004371,89.184993,89.932777,2899600
2014-04-10,90.783996,91.038560,89.049777,89.161148,3305100
2014-04-11,88.652020,89.718005,88.620199,89.161148,3097800
2014-04-14,89.487291,89.893004,88.723599,89.542976,2519000
2014-04-15,89.558888,89.861181,88.659954,89.145218,2123700
2014-04-16,89.733899,90.402127,89.312272,90.282799,2455000
2014-04-17,90.306664,90.712377,89.988463,90.290756,1659000
2014-04-21,90.298709,90.768059,90.211202,90.768059,1826800
2014-04-22,90.688521,90.871492,90.298721,90.338493,2315100
2014-04-23,90.274865,91.476086,90.155537,91.316986,1991200
2014-04-24,91.404474,91.730632,90.799882,91.507889,1939300
2014-04-25,91.364704,91.722689,90.847619,91.491989,1721200
2014-04-28,91.563585,92.764811,91.563585,91.953384,3018800
2014-04-29,91.786325,92.239767,91.611317,91.802238,1580300
2014-04-30,91.515851,92.088621,91.293108,92.024979,1633800
2014-05-01,92.024976,92.279540,91.436298,91.929512,1168000
2014-05-02,92.390896,92.390896,91.531741,91.603340,1321100
2014-05-05,91.531773,91.531773,90.632845,91.078331,1398000
2014-05-06,90.911274,91.078331,89.710047,89.757782,1945300
2014-05-07,89.757759,89.964588,88.787231,89.081573,2950600
2014-05-08,89.956636,91.340827,89.869129,91.269234,2556900
2014-05-09,91.126075,92.017047,90.927197,91.794304,1954600
2014-05-12,92.104545,93.003479,91.945444,92.685272,1940500
2014-05-13,92.534095,92.756838,92.343174,92.510231,1229400
2014-05-14,92.346679,92.641916,91.652461,91.867905,1255300
2014-05-15,91.572691,91.604610,90.663029,91.245529,1883200
2014-05-16,91.429036,92.418492,91.253486,92.250923,2145300
2014-05-19,91.836003,93.001015,91.660460,92.857384,2212800
2014-05-20,92.394554,92.649898,91.748217,91.867905,2126900
2014-05-21,91.843992,92.019542,91.093924,91.381180,1712700
2014-05-22,91.389128,91.764165,91.285397,91.548721,1059900
2014-05-23,91.820025,91.883862,91.373175,91.716293,1100300
2014-05-27,91.764153,91.939703,90.662985,90.862473,2583900
2014-05-28,90.966216,91.724266,90.934298,91.157722,2388800
2014-05-29,91.429042,91.915791,90.575236,91.077942,2976700
2014-05-30,91.452981,92.633943,90.974213,92.578087,2622400
2014-06-02,92.434447,92.673834,92.195066,92.306778,1082100
2014-06-03,92.139193,92.562105,91.979600,92.171112,1127400
2014-06-04,91.995566,92.953102,91.979603,92.809471,1293000
2014-06-05,93.360095,94.110169,93.136670,93.958557,2614300
2014-06-06,93.910652,94.349520,93.822877,94.341545,1664800
2014-06-09,94.325586,94.836273,93.735105,93.982468,1623100
2014-06-10,93.655315,93.942577,93.280278,93.439865,1089100
2014-06-11,92.929181,93.312200,92.546169,92.753632,1117100
2014-06-12,92.665838,92.905225,91.820014,92.115257,1423400
2014-06-13,92.322745,92.322745,91.500859,92.003571,1230000
2014-06-16,92.019502,92.131214,91.724259,92.107277,1503100
2014-06-17,92.083351,92.394551,91.875883,92.123245,1505800
2014-06-18,92.290814,92.833414,91.820021,92.777557,2113100
2014-06-19,93.016962,93.024943,92.386582,92.769600,1635800
2014-06-20,93.080793,93.080793,91.835988,92.051437,2958000
2014-06-23,91.923788,92.019544,91.373207,91.939751,1501600
2014-06-24,92.187072,92.969065,91.827997,92.809471,1906600
2014-06-25,92.562114,92.921188,92.306770,92.777557,1188700
2014-06-26,92.753648,92.961117,91.987617,92.274879,1252100
2014-06-27,92.266879,92.362635,91.772154,92.155167,2477300
2014-06-30,92.258902,92.633933,91.843965,91.891846,1386600
2014-07-01,92.195051,92.322720,91.684364,92.115257,1501700
2014-07-02,91.963650,92.490300,91.963650,92.362625,1122200
2014-07-03,92.450422,93.032922,92.402547,92.841415,976000
2014-07-07,92.825433,92.953101,92.466352,92.817451,1576900
2014-07-08,92.921197,93.878739,92.649897,93.727127,2584200
2014-07-09,93.811172,94.435458,93.731136,94.379433,2328100
2014-07-10,94.043239,94.955658,94.043239,94.507454,2266400
2014-07-11,94.547502,94.643548,93.715118,94.451462,1684700
2014-07-14,94.611525,94.835627,93.883193,93.931213,1695500
2014-07-15,94.571506,94.643536,93.787142,94.299377,2634200
2014-07-16,94.515481,94.795615,94.171329,94.323395,1531200
2014-07-17,93.923218,94.075290,93.306937,93.475014,1433300
2014-07-18,93.899214,94.283393,93.330953,94.235367,2148600
2014-07-21,93.987238,94.371417,93.531028,93.675095,1334400
2014-07-22,93.867164,94.475446,93.723098,94.083267,1769000
2014-07-23,93.971235,94.251363,93.859178,94.115295,1155200
2014-07-24,94.043238,94.667524,94.011223,94.555473,1347700
2014-07-25,94.411415,94.467440,93.699088,94.083267,1543700
2014-07-28,93.995246,94.171328,93.491010,93.739128,1402600
2014-07-29,95.187806,95.724051,94.867657,95.163795,2544900
2014-07-30,95.075734,95.299836,93.995238,94.587509,2024900
2014-07-31,94.075287,94.715578,93.867189,94.075287,2476800
2014-08-01,94.283380,94.707574,94.011251,94.347404,2089500
2014-08-04,94.083287,94.747588,93.731123,94.563507,1683800
2014-08-05,94.043285,94.603540,93.875208,94.483490,1798600
2014-08-06,94.403423,96.020170,94.283373,95.716026,2859800
2014-08-07,94.619516,95.243803,94.019240,94.283363,2698200
2014-08-08,94.411427,95.563959,94.291370,95.371872,2319900
2014-08-11,95.563976,95.652017,95.003714,95.387894,1227600
2014-08-12,95.059738,95.459922,94.883662,95.251831,1082100
2014-08-13,95.243822,95.323857,94.643545,94.955688,1449700
2014-08-14,94.851643,95.459919,94.691566,95.451920,1067900
2014-08-15,95.972147,96.004156,94.267359,94.899651,2019900
2014-08-18,95.243831,95.788082,95.203810,95.612000,1232900
2014-08-19,95.547954,96.644461,95.435903,96.532410,1708900
2014-08-20,96.404347,97.028640,96.116214,96.772522,1287200
2014-08-21,96.676483,97.548881,96.620457,97.340790,1544300
2014-08-22,97.564893,97.692949,96.964617,97.076668,1401400
2014-08-25,97.476826,97.644902,96.940581,97.156677,1097300
2014-08-26,97.188716,97.316772,96.732507,96.916588,1385400
2014-08-27,97.308780,97.308780,96.708504,97.036652,1028200
2014-08-28,96.852580,97.044666,96.604461,96.820564,799400
2014-08-29,97.388797,97.388797,96.508393,96.908577,1047300
2014-09-02,96.844566,97.348796,96.764530,97.292770,1469900
2014-09-03,97.404807,97.596900,96.932593,97.124680,1901000
2014-09-04,98.445291,100.182089,98.093127,100.166084,4440300
2014-09-05,100.078066,101.670797,99.813943,101.654793,2910600
2014-09-08,101.686784,101.902880,101.054492,101.326614,2057400
2014-09-09,100.958435,101.238563,100.638287,100.934425,1500500
2014-09-10,101.094526,101.238593,100.742368,100.982475,1014900
2014-09-11,100.974437,101.270569,100.558242,100.798355,1511200
2014-09-12,101.046485,101.046485,100.062029,100.342163,1598300
2014-09-15,100.502245,101.270598,100.406198,100.614296,1615300
2014-09-16,100.526252,101.478692,100.462221,101.190559,1684400
2014-09-17,100.870382,101.294577,100.582249,100.854378,1594000
2014-09-18,101.014473,101.486693,100.814381,101.230576,1401500
2014-09-19,101.878874,101.878874,101.222572,101.246582,3018500
2014-09-22,101.142519,101.246565,100.510227,100.710320,1453700
2014-09-23,100.814395,100.838405,100.214118,100.454231,1563100
2014-09-24,100.918452,102.271076,100.510268,102.143021,2076300
2014-09-25,102.006941,102.086983,100.526261,100.574287,1819900
2014-09-26,100.374195,100.582287,99.549811,100.478241,2045300
2014-09-29,100.070017,100.526226,99.869925,100.302124,1171000
2014-09-30,99.933955,100.526226,99.861919,100.302124,1665300
2014-10-01,100.246122,100.590280,99.605825,99.853943,1408700
2014-10-02,100.038055,101.014506,99.901994,100.678352,1545800
2014-10-03,101.006476,102.167014,100.854410,101.718803,1770300
2014-10-06,102.094984,102.183025,100.790386,101.014488,1907500
2014-10-07,100.326139,100.710318,99.845919,100.262108,2334100
2014-10-08,102.607208,103.207485,101.774831,103.031403,4262500
2014-10-09,102.623204,104.640135,102.599194,102.775276,2962700
2014-10-10,102.655222,105.176390,102.655222,103.167458,3353000
2014-10-13,102.903305,103.127407,101.558680,101.622711,2445200
2014-10-14,102.046938,102.431118,100.262115,101.046478,4003500
2014-10-15,100.126047,100.606266,98.669377,99.485756,3784300
2014-10-16,98.189184,99.125614,97.684954,98.405281,3542900
2014-10-17,99.061579,100.646311,98.589365,99.765907,3198900
2014-10-20,99.909961,103.143443,99.765894,102.783279,3499800
2014-10-21,103.199452,104.568074,102.583165,104.271942,2105600
2014-10-22,104.496083,105.320461,104.304002,104.480072,1880000
2014-10-23,104.872275,105.232439,104.328030,104.520111,1763600
2014-10-24,102.911347,104.480062,102.895336,104.400032,2490300
2014-10-27,103.439605,105.056340,103.439605,104.784218,1629600
2014-10-28,104.824241,105.248435,104.175944,104.896271,1439700
2014-10-29,105.080340,105.648607,104.792207,105.592575,1705800
2014-10-30,105.248445,106.697110,105.112384,106.448997,1302100
2014-10-31,107.609501,107.649522,106.216868,106.745102,2373900
2014-11-03,107.105283,107.481445,106.745108,107.465446,1947000
2014-11-04,107.737567,109.426344,107.241343,109.290283,2802500
2014-11-05,110.042628,110.298740,108.874085,109.250259,2116800
2014-11-06,109.962586,110.186688,109.330301,109.722473,1685900
2014-11-07,109.690481,110.378798,109.266287,110.218727,1589400
2014-11-10,110.330775,110.362784,108.834078,110.202713,1958000
2014-11-11,110.274726,110.410787,109.378317,109.690460,1495500
2014-11-12,109.694471,110.216068,109.253123,109.854958,1910200
2014-11-13,110.448772,111.347508,110.208036,111.307396,2235900
2014-11-14,111.483932,111.483932,110.793839,111.122833,1598600
2014-11-17,110.103721,111.138872,110.103721,111.114799,1228100
2014-11-18,111.122823,111.812928,110.769745,111.708618,1574600
2014-11-19,111.612306,112.454877,111.612306,112.350555,1362600
2014-11-20,111.588233,112.350555,111.556140,111.740700,1518300
2014-11-21,112.984511,113.008583,111.724663,112.117867,1849200
2014-11-24,111.804909,112.334527,111.692567,112.182060,1645800
2014-11-25,112.422802,112.623413,111.331474,111.435783,1865800
2014-11-26,111.941295,113.048675,111.572164,112.141907,1631900
2014-11-28,113.385701,114.725786,112.591275,114.043701,1442600
2014-12-01,115.006661,115.006661,113.361643,113.931374,1952100
2014-12-02,114.292504,115.030766,113.754867,114.798050,1765400
2014-12-03,114.733826,114.990614,113.931379,114.501122,1793900
2014-12-04,115.143089,115.143089,113.963491,114.765938,1315900
2014-12-05,114.894331,114.998653,113.915357,114.950508,1198000
2014-12-08,114.790012,114.790012,113.907316,114.212250,1945100
2014-12-09,114.051795,114.854242,113.048737,114.782013,2090300
2014-12-10,116.306613,117.815217,111.861052,112.543137,4910300
2014-12-11,113.217195,114.493082,112.880169,113.473984,2401300
2014-12-12,112.334513,113.433861,110.601225,110.641350,3663400
2014-12-15,111.259248,111.941332,109.983360,110.890129,2451200
2014-12-16,111.162961,111.780849,109.574120,110.183975,2470100
2014-12-17,110.183970,112.037621,109.758675,111.804916,2428500
2014-12-18,112.486987,113.594368,111.772810,113.594368,2903400
2014-12-19,113.546230,114.348676,113.409815,113.762894,4030000
2014-12-22,114.220282,114.966564,113.827091,114.918419,1776900
2014-12-23,115.977640,116.330719,115.287536,115.672707,1459700
2014-12-24,116.001745,116.250501,115.231402,115.271515,738700
2014-12-26,115.239373,115.448005,114.814077,115.102959,1233100
2014-12-29,115.030730,115.431953,114.541237,115.022697,1356400
2014-12-30,114.749886,115.624550,114.749886,115.143089,1158800
2014-12-31,115.143072,115.656638,113.698666,113.746811,1477900
2015-01-02,113.843161,114.870292,112.992569,113.634529,1471000
2015-01-05,113.698682,114.075832,112.182058,112.342545,1748500
2015-01-06,112.832056,114.701759,112.222201,113.827095,3185200
2015-01-07,114.428964,115.897431,114.236372,115.809174,2171600
2015-01-08,116.804192,117.237520,116.306678,116.804192,2937700
2015-01-09,115.937558,116.394959,114.926480,115.006729,1727000
2015-01-12,115.215315,115.680735,114.043737,114.364723,1344800
2015-01-13,114.107925,115.881338,112.655499,113.217209,2198500
2015-01-14,112.350574,112.511074,110.930252,111.788864,2207900
2015-01-15,112.302430,112.478969,111.235174,111.788864,1819600
2015-01-16,111.572196,112.310458,110.914196,112.117867,1784800
2015-01-20,112.920307,113.361656,111.026533,111.845032,1836100
2015-01-21,111.419754,112.101826,111.042603,111.652458,1682000
2015-01-22,111.941322,113.369676,111.050606,113.361656,1897500
2015-01-23,113.618433,114.196196,113.040671,113.987564,1696800
2015-01-26,113.674592,114.789992,113.602375,114.677650,1482800
2015-01-27,114.549265,114.589389,113.040661,113.136963,1786500
2015-01-28,113.626474,114.308547,111.989476,112.037621,2016300
2015-01-29,112.470961,112.896257,111.467903,112.856133,1873400
2015-01-30,114.822112,115.391855,113.417830,114.741875,5169000
2015-02-02,115.552333,117.341786,112.446868,117.157227,4797500
2015-02-03,117.446138,123.488563,116.170250,123.376221,10302900
2015-02-04,122.036085,125.863759,122.028065,125.117477,11006300
2015-02-05,123.940248,125.266704,122.298769,123.600342,6986700
2015-02-06,123.699876,124.313352,122.829390,123.277061,2927400
2015-02-09,123.277041,123.658401,121.718470,122.315361,2740200
2015-02-10,122.688461,123.094679,121.867715,122.879135,1703400
2015-02-11,123.315394,123.390183,121.786316,122.542549,2295800
2015-02-12,122.999603,123.315395,122.043932,122.791847,1712200
2015-02-13,123.182440,123.656128,122.110426,122.243393,1926800
2015-02-17,122.160290,122.667214,121.046723,122.600731,1541500
2015-02-18,122.293245,122.559165,121.769697,122.351410,1541000
2015-02-19,122.077179,122.584103,121.711540,121.886047,1273700
2015-02-20,121.886039,122.816780,121.246148,122.609024,1595600
2015-02-23,122.991324,123.373600,122.185231,123.315422,1587300
2015-02-24,124.138135,124.154746,122.991320,123.165840,1844200
2015-02-25,122.741969,123.489896,122.318152,122.559143,1602700
2015-02-26,122.218441,122.667187,121.495443,121.869400,1892600
2015-02-27,122.625658,122.625658,121.187993,122.127052,3036200
2015-03-02,122.426222,123.398517,122.426222,122.941452,2108600
2015-03-03,122.941478,123.107680,121.877770,122.467789,1514300
2015-03-04,122.858343,122.974686,121.146439,122.301559,2208600
2015-03-05,125.293229,126.107628,123.822316,125.625633,4471100
2015-03-06,124.063347,124.778027,123.132606,124.271103,3014900
2015-03-09,124.478835,125.476072,124.279398,125.218445,1727900
2015-03-10,124.445521,124.777924,123.115881,123.124199,2128100
2015-03-11,123.265548,123.814026,122.442832,122.492691,1734300
2015-03-12,123.307046,124.354129,122.492635,124.187927,1564000
2015-03-13,123.897142,124.578587,123.115979,124.055038,1470100
2015-03-16,124.420640,125.484347,124.054988,124.645020,2532700
2015-03-17,124.146422,124.819548,123.348635,124.678276,1972500
2015-03-18,124.653379,126.007950,123.199089,125.426224,2772500
2015-03-19,125.484359,125.899870,124.919270,125.741974,1862900
2015-03-20,126.423469,127.271103,126.107677,126.805733,5859300
2015-03-23,127.271083,127.611805,126.897125,127.088257,1665900
2015-03-24,127.104875,128.168583,127.055016,127.262772,1637000
2015-03-25,127.603479,127.944201,125.559158,125.559158,2266800
2015-03-26,124.088268,125.293248,123.963607,124.703217,1554800
2015-03-27,124.827899,125.667227,124.670003,125.043961,1329900
2015-03-30,125.409571,126.805682,125.318158,126.622856,1463800
2015-03-31,126.182409,127.146398,125.692109,125.899864,1886100
2015-04-01,126.174190,126.207426,124.404108,124.852867,1795000
2015-04-02,125.043961,126.315424,124.952548,126.007950,1095300
2015-04-06,125.791829,127.013433,125.151951,126.730888,1767600
2015-04-07,126.755858,127.104886,126.082732,126.132591,1391700
2015-04-08,126.506515,126.872167,125.642258,126.315384,1483000
2015-04-09,125.127044,125.484377,123.215690,123.664436,3401800
2015-04-10,124.154760,124.678308,123.506563,124.354210,1572900
2015-04-13,124.188002,124.935917,123.764172,123.838974,1120200
2015-04-14,123.822320,124.736450,122.758613,124.254456,1540800
2015-04-15,124.304371,125.210183,123.863930,123.880554,1404700
2015-04-16,123.622891,123.739234,122.085507,122.251709,2680600
2015-04-17,121.811227,121.935875,118.919273,120.140877,4369300
2015-04-20,121.869413,122.368031,121.121498,121.586868,2881900
2015-04-21,122.143664,123.057794,121.827885,122.442833,1616700
2015-04-22,122.933130,122.933130,121.561948,122.143661,1423500
2015-04-23,121.827894,122.949766,121.553655,122.409607,1351800
2015-04-24,122.434577,123.323765,122.052301,123.091080,1421100
2015-04-27,123.240619,123.415127,122.043945,122.127052,1717000
2015-04-28,122.068890,122.318199,121.370834,121.836205,1302100
2015-04-29,121.561224,121.869539,119.886291,120.377945,1719000
2015-04-30,119.869635,120.744585,118.778006,119.202995,2523200
2015-05-01,119.544623,121.444536,119.344627,121.152878,1504700
2015-05-04,121.152901,121.836210,120.502932,121.452888,1288800
2015-05-05,120.927856,121.444508,120.236219,120.411217,1769600
2015-05-06,121.119589,121.527896,120.002963,120.636276,1737300
2015-05-07,120.427924,121.336214,120.002935,120.461250,2564500
2015-05-08,121.661210,122.961149,121.494553,121.561218,1728700
2015-05-11,121.277850,121.936161,120.161237,120.219574,1905800
2015-05-12,119.994642,120.827938,119.511328,120.052979,1923900
2015-05-13,119.894606,121.069544,118.927980,119.361298,2135900
2015-05-14,120.102929,120.102929,117.936355,118.827988,3023400
2015-05-15,119.344672,120.794612,118.944693,120.686279,2357000
2015-05-18,120.611236,121.069538,120.036260,120.877884,1451700
2015-05-19,120.669584,121.244560,120.252936,120.611259,1332700
2015-05-20,120.877886,120.877886,119.377951,119.569618,1640900
2015-05-21,119.469611,120.486233,119.036306,119.944595,1539400
2015-05-22,119.911262,120.627897,119.494614,119.727936,1189500
2015-05-26,120.061266,120.336255,119.227970,119.369629,2477400
2015-05-27,119.686331,121.361251,119.253013,121.177925,2954100
2015-05-28,120.261259,121.636192,119.294633,120.211250,3206200
2015-05-29,119.811281,119.952939,118.136360,118.819656,3027100
2015-06-01,119.202994,119.369650,118.244696,118.653015,2182700
2015-06-02,118.303011,118.886315,117.403050,117.828026,1963500
2015-06-03,118.053019,118.752984,117.644699,118.436340,1858200
2015-06-04,117.803038,118.744666,116.936416,117.203064,2898600
2015-06-05,117.278079,117.336403,115.611487,115.644814,3203200
2015-06-08,115.753157,115.753157,115.011524,115.036522,1879700
2015-06-09,114.928176,115.628142,114.836513,115.028168,2039100
2015-06-10,115.261471,116.611406,115.211462,116.186417,1725600
2015-06-11,116.361451,117.053088,115.986470,116.094803,1342300
2015-06-12,115.878135,116.078131,115.419820,115.644814,1290700
2015-06-15,114.944818,115.261474,114.286507,114.353172,1939500
2015-06-16,114.328157,115.194792,114.286490,114.978127,1553600
2015-06-17,114.944834,116.094786,114.894838,115.728134,1508100
2015-06-18,116.236425,117.578031,116.011431,117.078049,2074100
2015-06-19,117.153065,117.894698,116.811411,116.911415,2758200
2015-06-22,117.361400,117.636390,116.728100,116.819763,1415700
2015-06-23,117.028062,117.411371,116.269760,116.369751,1489400
2015-06-24,116.111418,116.544735,115.228126,115.278122,1965900
2015-06-25,115.369810,116.586428,114.511516,114.536514,1660900
2015-06-26,114.944839,115.528143,114.603185,115.044830,2248900
2015-06-29,114.169867,114.844848,113.044926,113.069923,1963200
2015-06-30,113.644894,113.919883,112.269948,112.544937,2454300
2015-07-01,113.153225,113.803207,112.944901,113.736542,1707000
2015-07-02,114.161540,114.328196,113.561566,113.653229,1148400
2015-07-06,112.619956,114.028229,112.544963,113.228271,2450400
2015-07-07,113.578209,117.386364,113.353216,117.078049,3790000
2015-07-08,116.644722,117.103037,116.053089,116.578056,2917100
2015-07-09,117.786341,117.911330,114.753145,116.203072,3317600
2015-07-10,118.086354,119.519611,117.636367,118.927979,2846000
2015-07-13,119.877945,120.886238,119.577958,120.044601,1847800
2015-07-14,119.702942,120.236251,119.294635,119.936264,1512800
2015-07-15,119.936304,120.144628,119.094679,119.686325,1306700
2015-07-16,120.119638,120.402969,119.528005,120.269638,1148100
2015-07-17,120.094597,120.736239,119.294641,120.561241,1842100
2015-07-20,120.477882,121.019519,120.011238,120.861191,1243600
2015-07-21,120.986232,121.161217,120.352919,120.777908,1587800
2015-07-22,121.011218,122.061166,120.844561,121.977844,1612000
2015-07-23,122.369493,122.494482,121.144547,121.327873,1356100
2015-07-24,121.419562,121.602875,120.736253,120.819588,1272700
2015-07-27,120.644511,120.736174,119.602892,120.202866,1431300
2015-07-28,120.436257,120.577916,119.086322,120.452927,1376500
2015-07-29,120.661218,122.294471,120.619551,121.144531,1840500
2015-07-30,120.952886,121.544532,120.011271,121.077888,1392700
2015-07-31,121.819521,121.819521,120.836226,121.077888,1386700
2015-08-03,121.477875,121.752864,120.536247,121.261223,1328100
2015-08-04,120.919551,121.511196,120.152920,120.694557,1315300
2015-08-05,121.519487,122.527768,121.369488,122.402779,1687800
2015-08-06,122.619473,122.986125,121.644518,122.027840,1948000
2015-08-07,121.677884,122.027867,120.286281,121.044571,1228300
2015-08-10,121.911167,122.319473,121.394515,121.869499,1072600
2015-08-11,121.061261,121.902886,120.836268,121.569572,1260700
2015-08-12,121.118348,122.597340,119.781416,122.405159,1963800
2015-08-13,122.296491,122.814550,121.310492,121.385704,1114000
2015-08-14,121.059839,122.346638,121.059839,122.070892,1210400
2015-08-17,121.285439,122.196238,121.143390,122.070892,912600
2015-08-18,122.129383,122.396765,121.260366,121.686523,1099100
2015-08-19,121.486015,121.945591,120.023738,121.302185,1436100
2015-08-20,120.566821,121.059827,119.731234,120.082191,1785100
2015-08-21,118.837164,119.764666,116.138222,116.138222,3611400
2015-08-24,110.272369,114.609066,97.788703,111.107956,5205800
2015-08-25,114.291579,115.628523,110.840601,110.890747,4645100
2015-08-26,113.731739,115.544961,111.425523,115.444695,3094900
2015-08-27,117.374909,117.608873,114.968415,117.157661,2603100
2015-08-28,116.773269,117.232844,115.845767,116.940384,1850900
2015-08-31,116.355439,117.174310,115.737100,117.023911,3005700
2015-09-01,114.960037,116.898592,114.893189,115.561661,2968200
2015-09-02,116.840121,117.709126,115.661941,117.333115,1809900
2015-09-03,117.767600,118.402641,117.065710,117.383224,1615600
2015-09-04,115.979461,116.530951,115.461388,115.712067,2124500
2015-09-08,117.433361,118.218814,116.246829,118.177032,1638000
2015-09-09,118.945803,118.945803,116.472460,116.714775,1390800
2015-09-10,116.179989,117.784327,116.138220,116.990509,1350700
2015-09-11,116.856811,117.984845,116.380520,117.859512,1452300
2015-09-14,117.968167,118.160361,117.182725,117.943100,1123300
2015-09-15,118.085122,119.455484,117.182687,119.012611,1349600
2015-09-16,118.828788,120.207500,118.444412,119.998604,1374300
2015-09-17,120.240935,121.193503,119.622609,119.781372,1535300
2015-09-18,118.770313,120.608602,118.402653,118.494568,2833900
2015-09-21,118.954144,120.140676,118.728532,119.664398,1004800
2015-09-22,118.502961,119.447166,117.659010,119.196487,1787200
2015-09-23,119.873292,121.686514,119.196456,121.519386,2310200
2015-09-24,120.633667,121.511036,120.032043,121.051460,1974900
2015-09-25,121.953904,122.747709,121.168451,121.619675,1845700
2015-09-28,121.485963,121.828557,119.731226,119.948486,2553500
2015-09-29,119.522355,120.441506,118.862247,120.090561,2513100
2015-09-30,119.940123,121.118303,119.396996,120.800789,2549200
2015-10-01,121.034770,121.034770,119.071135,120.792442,2657300
2015-10-02,119.697811,121.920475,118.812091,121.878693,2591500
2015-10-05,122.196224,123.850682,122.004030,123.725349,2273000
2015-10-06,123.792207,124.251783,123.132099,124.009468,2091000
2015-10-07,124.268487,124.769844,123.190573,123.633446,2340800
2015-10-08,123.341013,126.758561,123.341013,126.725143,2370900
2015-10-09,125.973080,128.897634,125.705698,128.655319,3715500
2015-10-12,128.655297,129.081442,127.919977,128.371201,1200100
2015-10-13,128.036977,128.738879,127.193039,127.243172,1493700
2015-10-14,127.268254,127.652630,124.586027,125.204353,3044900
2015-10-15,126.031578,126.925649,125.521870,126.817032,1697000
2015-10-16,127.276579,127.819706,126.407562,127.059319,1647500
2015-10-19,127.050990,128.170674,126.942360,128.028625,1543700
2015-10-20,128.446456,129.415740,127.978529,129.148346,1875700
2015-10-21,129.348828,130.301396,128.939386,129.691422,1797300
2015-10-22,129.875259,132.306820,129.582811,132.148056,2192400
2015-10-23,132.607653,132.691217,129.440784,130.134323,2273400
2015-10-26,127.059284,131.529677,126.390812,130.961472,2500000
2015-10-27,131.412775,132.273429,129.983916,131.822205,1675100
2015-10-28,131.604957,131.964253,129.942134,131.822205,1778800
2015-10-29,131.237297,132.340278,130.794437,132.256714,1547000
2015-10-30,132.022765,133.192582,131.437857,132.123032,2050000
2015-11-02,132.849958,133.117340,131.730262,132.983643,1260700
2015-11-03,132.356981,133.042168,131.504691,132.691223,1531100
2015-11-04,132.858310,132.883377,131.103573,131.312469,1653100
2015-11-05,128.805681,131.028344,128.697063,130.577133,2550300
2015-11-06,130.760993,131.989307,130.075806,131.646713,1749800
2015-11-09,131.028387,131.270714,128.588474,129.649673,2291100
2015-11-10,129.959622,131.073827,129.515617,131.031937,1701800
2015-11-11,130.671673,131.886403,130.001473,131.015152,1864200
2015-11-12,130.789002,131.509465,130.185823,130.688477,1657400
2015-11-13,129.909349,130.060137,128.367885,128.736496,2459900
2015-11-16,128.853795,131.082203,128.376286,131.065445,1778400
2015-11-17,131.819404,133.972405,131.542946,133.109528,2500000
2015-11-18,133.109557,135.212296,132.213175,135.086639,2152000
2015-11-19,135.455248,136.720240,135.245811,136.410278,2959300
2015-11-20,137.524484,137.784183,136.343258,136.636475,2051100
2015-11-23,136.996678,137.306640,136.326479,136.929657,1174300
2015-11-24,135.932751,137.323413,134.877195,135.874115,2799500
2015-11-25,135.748410,136.552652,134.994443,136.041626,1828000
2015-11-27,136.644787,137.733859,136.125388,137.038528,866300
2015-11-30,137.532806,137.759001,134.701220,135.229004,3063800
2015-12-01,135.731681,136.586173,134.659367,135.120117,1939700
2015-12-02,135.472003,136.083554,134.567235,134.952591,1585700
2015-12-03,137.817687,139.149714,136.812394,137.113983,3440000
2015-12-04,137.490932,140.104710,137.398780,139.736099,2578600
2015-12-07,140.180113,140.322529,138.688926,140.004181,2791900
2015-12-08,139.685884,142.190739,138.957036,141.470276,3158500
2015-12-09,136.318126,137.298288,132.548266,133.804886,9527000
2015-12-10,134.818591,136.896212,134.550518,135.597702,3653300
2015-12-11,133.813244,135.044733,133.503282,134.056198,2511200
2015-12-14,134.114815,135.614389,133.545154,135.580872,2427300
2015-12-15,136.820754,137.172606,134.642608,135.120117,2378700
2015-12-16,135.673051,136.762124,134.039448,136.351624,2196300
2015-12-17,136.083542,137.038573,134.542092,134.609100,1703900
2015-12-18,133.863559,134.609153,132.028904,132.112671,4295800
2015-12-21,133.042517,133.561916,131.802656,133.528412,1453500
2015-12-22,133.955666,135.203913,133.226830,135.069870,1742100
2015-12-23,136.075166,136.075166,134.692889,135.472000,1581000
2015-12-24,135.589273,135.991388,135.245794,135.505493,491000
2015-12-28,134.919078,135.932744,134.374535,135.011230,1124700
2015-12-29,135.631188,136.745392,135.312853,136.267883,1169600
2015-12-30,136.519144,136.929632,136.142148,136.309708,889900
2015-12-31,135.781945,137.390417,135.296051,135.296051,1873400
2016-01-04,133.880294,134.123247,132.255063,133.654099,2640800
2016-01-05,134.181868,135.069878,133.578690,133.980804,2127700
2016-01-06,132.665588,133.871945,132.054036,132.740982,2033400
2016-01-07,129.725052,131.576465,128.635979,129.699921,3826000
2016-01-08,130.085281,130.102040,127.178300,127.429626,3156200
2016-01-11,127.588805,130.654960,127.438004,129.616150,2164500
2016-01-12,130.445505,131.048671,129.800437,130.738708,2215600
2016-01-13,130.663419,130.705309,127.237036,127.438087,2157500
2016-01-14,127.303980,129.147020,126.776196,128.326019,2281500
2016-01-15,125.067152,126.935335,124.195901,125.988678,2975400
2016-01-19,127.161544,127.337476,125.310131,126.055725,2242600
2016-01-20,124.371804,125.661928,121.397803,124.673393,3796800
2016-01-21,124.799121,126.700809,124.078658,125.980347,2211800
2016-01-22,127.488260,128.770024,127.044255,128.753265,2544100
2016-01-25,129.071639,129.415105,126.122767,126.315445,1820600
2016-01-26,126.315411,127.102894,124.237803,124.405350,2828600
2016-01-27,125.067175,125.318501,122.914173,123.760292,2189500
2016-01-28,124.447276,125.636875,123.827339,125.318527,2076100
2016-01-29,125.243128,127.019146,123.073367,126.600273,3221300
2016-02-01,126.365658,127.496621,125.821128,126.709137,2142000
2016-02-02,125.653597,126.323784,124.078629,124.405350,1931400
2016-02-03,125.058787,125.645207,121.850217,122.897400,2546900
2016-02-04,121.473243,121.590527,118.784071,120.032318,5340500
2016-02-05,120.023950,121.640795,119.295102,120.627129,4079300
2016-02-08,119.579943,123.609501,118.641658,123.165497,3782000
2016-02-09,122.512052,125.427406,122.503666,123.936218,3228300
2016-02-10,125.473448,126.145465,123.969822,124.364632,2189600
2016-02-11,123.591847,124.650265,121.600996,123.188629,2198100
2016-02-12,124.305796,125.389426,123.482583,124.868607,1951800
2016-02-16,125.456682,126.540300,124.070645,125.255074,2186400
2016-02-17,125.792696,127.665933,125.087084,126.767120,2174600
2016-02-18,125.271824,125.868230,123.331386,124.868607,2894300
2016-02-19,125.162637,125.280239,123.356604,124.910629,2471700
2016-02-22,125.691891,126.153891,124.734271,126.053093,2161300
2016-02-23,125.910260,127.481089,125.263442,126.305069,1850600
2016-02-24,126.027875,129.707157,125.717072,129.253540,2590100
2016-02-25,129.942315,130.101920,128.405081,129.967514,1746900
2016-02-26,128.598320,128.867132,124.961041,125.733856,3800800
2016-02-29,125.994260,127.934699,125.742252,126.027855,3115800
2016-03-01,126.338673,127.010690,125.481864,126.439484,2681400
2016-03-02,126.951894,128.480719,126.330276,128.346313,2947600
2016-03-03,124.793026,127.649094,123.801812,127.346687,5552600
2016-03-04,127.464330,127.489529,126.027894,126.758705,2155600
2016-03-07,125.969093,126.750304,123.986651,124.465454,3159600
2016-03-08,124.037014,127.615485,123.566606,126.800667,3156300
2016-03-09,127.136685,128.942718,127.103077,128.564713,2395300
2016-03-10,128.699114,129.942336,126.884672,128.413498,1413000
2016-03-11,129.236733,129.362731,127.178680,128.279114,1829900
2016-03-14,127.901164,128.774791,127.388753,128.245575,1218400
2016-03-15,127.514728,129.715571,127.514728,129.513962,1398500
2016-03-16,129.110725,130.202750,128.211912,129.413132,1485500
2016-03-17,129.211572,129.984387,129.018359,129.228363,1583200
2016-03-18,129.849944,129.950742,128.329514,128.648712,3611700
2016-03-21,128.371516,129.656743,128.077505,129.312332,1367400
2016-03-22,128.699104,129.203107,127.682677,127.875877,1943100
2016-03-23,127.833916,129.303947,127.380312,128.951141,2127300
2016-03-24,128.724339,129.429951,126.716697,127.203896,2506500
2016-03-28,127.514763,129.312402,127.497959,128.245575,1767400
2016-03-29,128.329492,130.589141,128.119487,130.421127,1655400
2016-03-30,130.967193,132.924437,130.748780,132.386826,2642700
2016-03-31,132.689175,134.234805,132.319566,132.369965,2692400
2016-04-01,132.613605,133.638427,131.882793,132.932816,1531500
2016-04-04,133.293955,133.554371,131.429128,132.495941,1458400
2016-04-05,132.630345,132.722747,130.807509,131.034317,1855600
2016-04-06,130.883153,132.227186,130.387545,131.689575,1572600
2016-04-07,129.715527,129.849933,127.245873,127.707886,4050100
2016-04-08,128.505951,128.505951,126.775516,127.388725,2008500
2016-04-11,127.128348,127.632364,125.137509,125.204712,2279000
2016-04-12,125.666669,126.573877,124.751040,126.439484,2268300
2016-04-13,127.321468,127.749872,126.498241,127.581871,2078800
2016-04-14,128.178311,128.447123,126.960288,127.178688,2420000
2016-04-15,127.649113,129.203138,127.548302,128.665527,2675900
2016-04-18,128.337906,129.119130,127.909502,128.774719,1335800
2016-04-19,129.177909,129.278707,128.094292,129.093903,1579000
2016-04-20,129.127550,129.270352,128.186735,128.304337,1308700
2016-04-21,128.094290,128.304294,126.582256,127.195465,2097600
2016-04-22,126.884679,127.523088,125.465047,125.935455,2233900
2016-04-25,125.985877,127.413904,125.557472,127.271103,1249000
2016-04-26,127.750000,128.900821,127.405590,128.186813,1552900
2016-04-27,128.262531,128.489998,126.880828,127.866554,1492800
2016-04-28,128.068720,129.450423,127.335748,127.588501,2198100
2016-04-29,126.383723,127.200951,124.235353,124.799828,3588800
2016-05-02,125.330616,127.571675,124.479693,127.158844,3361500
2016-05-03,126.442764,128.506892,126.038366,127.563293,2201300
2016-05-04,126.476391,128.060299,125.903496,127.647469,2111600
2016-05-05,125.516002,126.695513,123.317070,124.555550,4869300
2016-05-06,123.898370,124.269073,121.943771,123.376022,3692200
2016-05-09,123.704624,125.507579,123.435017,125.187424,2843800
2016-05-10,125.853025,126.358519,125.322244,126.004669,1943900
2016-05-11,125.018941,125.271694,123.494014,123.948959,2812700
2016-05-12,124.117422,124.496545,123.274920,123.611916,2860400
2016-05-13,123.283304,123.611879,121.573026,121.741524,2993600
2016-05-16,121.741623,123.494030,120.814865,122.828445,2615000
2016-05-17,122.584087,123.207543,120.663182,120.983337,2928900
2016-05-18,118.101962,119.348874,116.745546,119.037140,5717000
2016-05-19,120.014419,120.545199,119.146643,120.225044,2830500
2016-05-20,120.250323,120.899054,119.652154,120.216629,2088400
2016-05-23,120.342985,121.320291,119.559465,119.643707,1828400
2016-05-24,120.115532,120.882199,119.955454,120.115532,2813100
2016-05-25,120.157658,122.735713,120.064983,121.775261,4156700
2016-05-26,125.541281,129.644276,124.437604,126.131042,7679400
2016-05-27,126.577548,127.024074,124.783014,125.600243,3349800
2016-05-31,126.013093,126.274267,124.378636,125.339088,3738900
2016-06-01,126.796601,128.902856,126.644956,128.498459,3487300
2016-06-02,126.417423,127.647469,125.153670,127.647469,3957600
2016-06-03,126.628101,127.875001,126.602827,127.816032,1964200
2016-06-06,127.917083,128.473138,127.815987,128.262512,1961600
2016-06-07,128.127711,129.618944,127.976054,128.582657,2113000
2016-06-08,128.633240,129.298824,128.102473,129.214569,1528300
2016-06-09,128.902815,129.863267,128.835414,129.787445,1812100
2016-06-10,128.902827,130.714202,128.852279,130.478302,3266500
2016-06-13,130.385684,131.396697,130.225619,130.545761,2576600
2016-06-14,130.208720,131.733647,129.383071,131.320816,3274700
2016-06-15,131.177639,132.087543,130.301442,130.469940,2228500
2016-06-16,130.469863,131.851566,129.837987,131.784164,1937400
2016-06-17,132.298098,132.483450,131.228117,131.337646,2858200
2016-06-20,132.593007,133.435509,131.809473,131.834747,2090800
2016-06-21,132.331890,133.031155,131.986461,132.441406,1909700
2016-06-22,132.786790,133.469214,132.407666,133.216461,2094800
2016-06-23,133.620892,133.780956,131.716828,132.298157,2912400
2016-06-24,129.037661,132.854196,128.987113,131.059662,3996100
2016-06-27,129.947499,130.528815,128.523669,129.964340,2790800
2016-06-28,130.301399,131.371368,129.501025,131.093353,2156300
2016-06-29,131.801085,132.508784,131.337706,132.340286,1942500
2016-06-30,132.239160,132.963713,131.009101,132.306549,3091100
2016-07-01,132.432945,132.432945,130.924858,131.523041,2317200
2016-07-05,131.497771,131.556739,130.335114,130.798492,2807400
2016-07-06,130.756311,131.893694,130.309786,131.438736,2133200
2016-07-07,133.393355,138.305144,133.115328,137.917587,6497900
2016-07-08,138.878069,139.939630,138.583201,139.383575,3932000
2016-07-11,139.063433,141.110721,139.063433,140.461990,2634300
2016-07-12,140.268194,140.630464,139.703719,140.091263,1642100
2016-07-13,140.697864,140.857941,139.872215,140.512512,1479800
2016-07-14,140.824257,141.540389,140.091284,140.647339,2150100
2016-07-15,141.068521,141.068521,139.518320,140.200745,1962300
2016-07-18,140.327174,141.422429,139.787973,141.127548,1993800
2016-07-19,141.119132,142.012183,141.026456,141.641479,1487800
2016-07-20,141.751028,141.759448,140.655772,141.574097,1336900
2016-07-21,141.060148,141.329755,140.108129,140.740005,1384600
2016-07-22,141.270790,141.287644,140.664200,141.093872,1335100
2016-07-25,140.841117,141.708893,140.192387,141.515121,1732200
2016-07-26,141.203329,142.231182,140.445069,141.178055,1593900
2016-07-27,140.832640,141.119088,139.644709,139.981705,1440000
2016-07-28,140.074388,140.579894,139.686844,140.150223,1866500
2016-07-29,140.394602,141.270799,140.175556,140.883255,1359700
2016-08-01,140.824233,141.540365,140.613608,141.169662,986800
2016-08-02,140.756859,141.152823,138.667444,140.276627,2107300
2016-08-03,139.787954,140.133383,139.097108,139.956451,1837100
2016-08-04,139.889087,141.321351,139.762717,140.318771,1638300
2016-08-05,140.579884,141.818363,139.922733,141.287582,1526500
2016-08-08,140.908542,141.161295,140.251391,141.034912,1294400
2016-08-09,141.321343,142.045896,140.596791,141.422440,1286700
2016-08-10,141.447743,142.343193,141.118284,142.165787,1104300
2016-08-11,142.858533,143.264017,141.354849,141.819473,1497800
2016-08-12,141.211164,143.111889,141.211164,142.799316,1399100
2016-08-15,142.799397,142.993703,142.419255,142.537521,918600
2016-08-16,141.819441,142.596625,141.819441,142.267166,1023000
2016-08-17,141.456245,142.224987,141.008520,141.887085,1382500
2016-08-18,142.275648,142.520638,141.245031,141.709656,1353400
2016-08-19,141.253455,142.199589,141.160530,141.937714,1764800
2016-08-22,142.208095,142.503769,141.599862,141.870193,955000
2016-08-23,141.996864,142.300981,141.337947,141.380188,1003700
2016-08-24,141.194330,141.819462,140.873315,141.557587,1363800
2016-08-25,141.244970,141.422376,139.082369,139.268219,1817700
2016-08-26,139.716001,139.935636,138.094050,138.482635,2009900
2016-08-29,138.938828,139.251387,138.034921,138.524887,1819200
2016-08-30,138.600940,138.778334,136.632632,136.818481,2010700
2016-08-31,136.742373,137.333720,136.134140,136.928223,1933200
2016-09-01,134.317923,134.317923,131.395024,131.961029,6038500
2016-09-02,132.467908,134.554483,132.459465,133.456284,2679000
2016-09-06,133.582974,133.599860,131.800516,133.523834,2716900
2016-09-07,133.169072,133.363365,131.276789,131.479538,2984100
2016-09-08,131.099378,131.352810,129.198652,129.646378,2993100
2016-09-09,128.902975,129.071926,127.306366,127.306366,2993900
2016-09-12,127.137441,128.396148,126.934692,128.142715,2982400
2016-09-13,127.711805,128.049719,126.774126,127.340118,2148600
2016-09-14,127.314812,128.615747,126.883972,127.297913,2188900
2016-09-15,127.323303,129.224029,126.807995,128.970596,2284300
2016-09-16,128.370813,128.962147,127.678098,128.700272,2842000
2016-09-19,128.514388,129.274673,128.066663,128.227158,1321300
2016-09-20,128.767822,129.004369,128.125804,128.548187,1396700
2016-09-21,128.902955,129.164831,127.770971,128.995880,1535100
2016-09-22,129.274670,130.330628,128.978996,129.376038,2502200
2016-09-23,129.376077,129.899841,128.548209,128.852325,2282100
2016-09-26,128.472110,128.641061,127.568204,127.720268,1862200
2016-09-27,127.914602,128.210275,126.715034,127.095177,2569000
2016-09-28,127.221850,127.280977,125.819534,126.216576,2626300
2016-09-29,126.030728,126.453111,124.349638,124.594627,4501300
2016-09-30,128.227170,130.812168,128.066675,128.835403,7318100
2016-10-03,128.590434,128.615776,126.985382,127.568260,3197100
2016-10-04,127.956868,128.083578,126.284233,127.120544,2840500
2016-10-05,127.247211,127.492188,126.571395,126.698105,2377700
2016-10-06,126.909345,127.255702,125.870285,126.267326,2465500
2016-10-07,126.520777,126.875578,125.692896,126.706627,2282100
2016-10-10,127.010708,127.433092,126.503843,126.951569,1587700
2016-10-11,126.436276,127.678084,126.301110,127.568260,2596800
2016-10-12,127.534434,127.973716,127.044467,127.103607,1664500
2016-10-13,126.655912,127.847037,126.478518,126.900902,1795300
2016-10-14,126.867101,127.559816,126.106816,126.841759,1745000
2016-10-17,126.782581,126.883948,125.557671,125.616798,1988400
2016-10-18,126.301097,126.394022,125.371862,125.963196,1847800
2016-10-19,127.306332,127.830096,126.132107,126.250374,1812000
2016-10-20,126.588361,127.373988,126.377169,126.748856,2251200
2016-10-21,126.301063,126.959980,125.447853,125.844894,2188000
2016-10-24,126.165986,128.674945,126.115289,128.505981,2432800
2016-10-25,126.630555,128.379229,126.630555,127.551361,2060600
2016-10-26,127.010713,127.906164,126.951573,127.542908,2246100
2016-10-27,127.416224,127.948432,126.563014,127.441566,1993500
2016-10-28,127.086739,127.441540,126.191288,126.512291,1843900
2016-10-31,125.777346,126.165944,124.265219,124.915680,3239400
2016-11-01,125.430939,125.557662,123.656937,123.893471,2112000
2016-11-02,124.079912,124.851019,123.817231,123.944344,2260500
2016-11-03,124.308713,124.308713,122.139456,122.402138,2168200
2016-11-04,121.173421,122.868154,120.419265,120.529427,2702100
2016-11-07,121.495512,121.732773,120.961666,121.631081,3010100
2016-11-08,121.927620,124.249410,121.851360,123.791824,3505200
2016-11-09,121.631037,124.893405,121.631037,124.384979,3170200
2016-11-10,124.613738,127.104998,124.232425,124.308685,3944200
2016-11-11,124.232432,126.783001,123.190175,126.562691,3218000
2016-11-14,127.884571,128.918359,126.681312,128.799728,3890800
2016-11-15,128.782799,128.799750,127.350747,128.079483,2799900
2016-11-16,128.960752,129.265804,128.630279,128.918381,2152300
2016-11-17,128.147277,128.291327,126.723707,128.121857,2098700
2016-11-18,127.816797,128.121850,126.698280,127.410065,2020500
2016-11-21,127.571103,128.198146,127.206728,128.096466,1181200
2016-11-22,128.740512,129.689573,128.130420,129.367569,1954200
2016-11-23,129.435344,129.935287,128.104971,128.460876,2166900
2016-11-25,128.706528,130.002998,128.554008,128.698059,886800
2016-11-28,127.994760,129.164117,127.960858,128.164230,1733500
2016-11-29,128.477777,128.986202,128.232046,128.359146,1496800
2016-11-30,128.062552,128.409963,127.164346,127.198235,2750500
2016-12-01,127.198225,129.545435,127.198225,128.579437,2305200
2016-12-02,128.791232,129.536906,128.316696,128.875961,1829200
2016-12-05,128.876024,128.994655,127.765976,128.604874,2432100
2016-12-06,128.672690,128.867581,127.460948,127.960892,2245400
2016-12-07,127.613444,130.418226,127.511751,130.367386,2811300
2016-12-08,132.731534,136.341312,132.697645,133.536530,5504300
2016-12-09,133.273852,135.434640,133.256901,135.324478,2614700
2016-12-12,134.392351,136.663287,134.358449,135.858292,2299200
2016-12-13,136.299008,137.307364,134.850005,135.383850,3583300
2016-12-14,135.621077,135.960018,134.095814,134.722870,2119100
2016-12-15,135.027957,136.849791,134.790695,135.671951,1811100
2016-12-16,135.993893,136.637887,135.451578,135.926102,3767100
2016-12-19,137.281882,139.417250,136.976830,138.510574,3231900
2016-12-20,139.239328,139.773160,138.544480,138.849533,2204600
2016-12-21,138.629215,138.993576,138.137740,138.154678,1313400
2016-12-22,138.680059,138.688528,137.205636,137.332748,1965900
2016-12-23,137.417492,137.841176,136.875178,137.341232,1254100
2016-12-27,137.324280,137.917434,137.103969,137.315811,1301100
2016-12-28,137.290343,137.993658,136.044713,136.434494,1281000
2016-12-29,136.129479,136.798906,136.129479,136.536224,858200
2016-12-30,136.332897,136.417639,135.299108,135.671951,1472300
2017-01-03,136.129475,136.417590,134.316111,135.349899,2099000
2017-01-04,135.409207,135.993892,134.680471,135.375305,2163600
2017-01-05,136.383696,138.417384,136.112545,138.044540,2880900
2017-01-06,137.841164,138.078425,136.536225,137.976746,2167000
2017-01-09,137.553023,137.680123,136.188763,136.400604,2318300
2017-01-10,136.070178,137.620861,136.010857,136.985336,1477900
2017-01-11,136.824328,137.595434,135.875281,136.883636,1378300
2017-01-12,136.722648,137.239542,136.146431,137.163269,1296900
2017-01-13,137.264978,137.383608,136.722663,137.154816,1250100
2017-01-17,137.146343,139.180018,136.993810,138.807175,2430500
2017-01-18,138.671584,139.290171,137.773377,139.196960,1834700
2017-01-19,139.120691,139.646068,138.595328,138.713959,1980400
2017-01-20,139.298639,139.620643,138.315690,139.171539,1897100
2017-01-23,139.010526,139.264739,137.417472,138.129257,1421600
2017-01-24,138.315694,138.815650,138.086914,138.688538,1347400
2017-01-25,139.137586,139.603640,138.883374,139.086746,1299200
2017-01-26,139.256276,139.341018,138.459749,139.027496,1180000
2017-01-27,139.442682,139.459633,136.180327,137.324265,2341100
2017-01-30,137.298883,138.366561,136.087155,138.332672,2149800
2017-01-31,137.688678,138.968198,137.570047,138.925827,1796600
2017-02-01,138.832599,138.925810,137.112445,137.154816,2219700
2017-02-02,141.374647,143.103282,140.798444,142.484695,5816300
2017-02-03,142.120374,143.069421,141.637369,142.628799,3227700
2017-02-06,142.510157,142.510157,141.264540,141.535690,2172800
2017-02-07,141.959381,142.425436,141.112015,141.950912,2732600
2017-02-08,142.316255,143.225386,142.316255,143.097931,2089900
2017-02-09,143.123369,145.646828,142.885469,145.255997,2606900
2017-02-10,145.842327,146.369118,144.669820,146.139709,2070000
2017-02-13,146.556011,146.556011,145.103105,146.105698,2272200
2017-02-14,145.850817,147.533120,145.757355,147.524628,2244700
2017-02-15,147.142261,148.688629,147.040307,148.688629,2346500
2017-02-16,148.773554,149.393794,148.272251,149.325821,2206500
2017-02-17,149.087979,149.963117,148.246822,149.419342,2424400
2017-02-21,150.005612,150.387952,149.538303,150.336975,2317000
2017-02-22,150.447372,150.464356,148.748074,149.971558,1815200
2017-02-23,149.980076,150.421884,148.867037,149.410812,2599900
2017-02-24,148.875532,150.991164,148.790562,150.863708,1684300
2017-02-27,150.668311,151.110132,150.005585,150.914703,2340400
2017-02-28,150.345447,151.127123,149.096462,150.540863,2992100
2017-03-01,150.702274,151.840814,150.574832,151.118607,2352300
2017-03-02,150.812768,151.450005,149.971611,151.220596,3190300
2017-03-03,145.035118,146.046203,144.355396,144.661270,10396500
2017-03-06,143.939100,144.720776,141.135255,141.662033,5793600
2017-03-07,141.500559,143.267831,141.500559,141.891403,2811900
2017-03-08,141.891395,142.239754,141.177693,141.245667,2375900
2017-03-09,141.381629,141.712992,140.294079,140.846359,1993700
2017-03-10,141.458116,141.466608,140.175138,140.506500,2164200
2017-03-13,140.064635,140.285539,139.597326,139.809738,2127700
2017-03-14,139.520874,140.463985,139.427412,140.396011,1974400
2017-03-15,140.676478,141.500626,140.047732,141.500626,2079700
2017-03-16,141.704482,142.460669,141.262661,141.942383,2726600
2017-03-17,142.792063,143.038469,141.950919,142.579651,3976000
2017-03-20,142.537124,142.987437,141.721469,142.265244,1603300
2017-03-21,142.324754,143.420809,141.594055,141.704514,2241900
2017-03-22,142.163301,142.715567,141.925387,142.469162,1534200
2017-03-23,142.741046,143.097897,141.407091,141.806427,1430500
2017-03-24,142.205765,142.282243,140.752872,141.058746,1410400
2017-03-27,140.642411,141.313641,140.463992,141.169189,1212300
2017-03-28,141.135212,141.933885,140.319544,141.695984,1446400
2017-03-29,141.279683,142.299260,141.169225,142.256775,1216700
2017-03-30,142.146354,142.894037,141.687536,142.647644,1034000
2017-03-31,142.392661,142.885458,142.001829,142.477631,1720300
2017-04-03,142.520132,142.995933,141.381593,141.636490,1547900
2017-04-04,141.551600,142.163348,141.135267,142.103867,1322400
2017-04-05,142.137796,143.080907,141.653502,141.891403,1715200
2017-04-06,144.168461,146.233115,143.854095,144.457352,3313800
2017-04-07,144.185487,145.290034,143.956078,144.967163,1510000
2017-04-10,144.610328,145.774357,144.312959,145.476974,2002300
2017-04-11,145.111566,145.663845,144.125983,144.975632,1191400
2017-04-12,145.655377,145.672374,144.176996,144.584824,1422300
2017-04-13,144.482854,144.967148,143.420793,143.454773,1422500
2017-04-17,143.395288,144.227940,143.344311,144.185455,1504100
2017-04-18,144.482823,144.712232,143.990025,144.550797,1542700
2017-04-19,145.188036,145.230508,144.287410,144.491318,1441300
2017-04-20,144.720754,145.442948,144.397883,144.567810,1933600
2017-04-21,145.731841,146.037716,144.984146,145.094604,2257900
2017-04-24,146.139643,146.657929,145.570380,146.420029,1906900
2017-04-25,146.912821,147.023266,146.386029,146.717392,1503000
2017-04-26,151.280049,151.466972,149.045467,150.217987,4591300
2017-04-27,150.659818,151.059141,149.895126,150.770264,2148700
2017-04-28,151.297113,151.297113,150.328500,150.829803,2364500
2017-05-01,151.662382,151.662382,150.668294,151.118607,3328000
2017-05-02,151.849320,152.036244,151.186594,151.738861,2505300
2017-05-03,151.866298,153.327695,151.832304,152.783920,2900500
2017-05-04,152.979371,155.638765,152.936886,155.018524,3762200
2017-05-05,155.290386,155.417828,152.732933,153.106781,3713600
2017-05-08,154.397369,154.432723,151.692368,152.611710,3538000
2017-05-09,153.469272,153.743307,152.320084,152.647156,2662100
2017-05-10,152.514121,152.567312,151.299545,151.911270,2554500
2017-05-11,151.405924,152.088575,150.803073,151.831467,2106000
2017-05-12,151.858061,152.354543,150.998114,151.494583,1586800
2017-05-15,150.980379,152.469785,150.980379,152.106308,1733600
2017-05-16,152.452097,152.452097,151.272977,151.600998,1129200
2017-05-17,151.299569,152.044272,149.881074,149.960861,2201400
2017-05-18,150.785373,151.618737,150.439617,151.352768,1589700
2017-05-19,151.911286,152.868754,151.432538,152.168381,1871800
2017-05-22,152.700309,153.586865,152.159510,152.842148,1594100
2017-05-23,153.347514,153.852843,152.771258,152.904236,1788000
2017-05-24,153.329759,153.489346,152.310225,153.382950,1420800
2017-05-25,153.790797,155.191556,153.640084,154.907852,2726900
2017-05-26,159.801591,159.881377,157.381298,157.682724,4471300
2017-05-30,157.523179,159.039195,157.363606,158.622513,2086300
2017-05-31,158.906222,159.996682,158.498401,159.961212,2456200
2017-06-01,160.298108,160.555217,159.455883,160.138535,2028300
2017-06-02,160.094170,160.688161,159.464710,160.439926,2239900
2017-06-05,160.555221,161.539298,160.111943,161.424042,1561100
2017-06-06,161.087163,161.991454,160.475438,160.865524,2248900
2017-06-07,160.856588,161.565835,160.590619,161.530365,1246200
2017-06-08,161.282201,161.796405,160.324720,160.830063,1823600
2017-06-09,161.096006,161.291036,159.509064,159.916885,2167600
2017-06-12,159.207673,160.351324,158.507287,159.260864,2395200
2017-06-13,159.491320,160.280354,158.720021,160.032120,1745400
2017-06-14,160.315798,161.317610,159.783859,161.060501,1440400
2017-06-15,159.925713,160.759077,158.134868,159.633148,1753800
2017-06-16,151.069075,151.246397,146.281680,148.152313,24233000
2017-06-19,148.099136,148.391701,143.967783,145.696564,13809100
2017-06-20,146.724910,146.724910,144.003179,144.419861,7337600
2017-06-21,144.942964,145.191199,144.286908,144.641525,3421700
2017-06-22,144.659235,144.774492,140.971162,141.662674,8043100
2017-06-23,141.316930,141.671560,138.799116,139.304459,9506700
2017-06-26,140.208743,142.726570,140.164426,142.026184,6473900
2017-06-27,142.434011,143.223045,141.139634,141.192825,5533800
2017-06-28,141.485384,142.292153,141.405597,141.999588,3234400
2017-06-29,142.035046,142.265546,139.898445,140.678604,3664200
2017-06-30,141.494283,142.327634,140.776162,141.786835,4755100
2017-07-03,142.035061,142.318752,140.687493,140.802750,1994300
2017-07-05,140.900276,141.405620,139.951669,140.093521,3770400
2017-07-06,142.832970,143.045748,139.233556,139.269012,6963400
2017-07-07,139.508381,139.676828,136.609340,136.627075,7688400
2017-07-10,136.095169,136.174969,133.834463,133.869919,8999800
2017-07-11,134.268802,135.722752,133.807790,133.967377,6275600
2017-07-12,134.277680,135.554308,134.242210,134.534775,5112200
2017-07-13,135.846877,136.467463,135.306077,136.174911,5673500
2017-07-14,136.760014,136.768889,135.554299,135.642960,4368400
2017-07-17,135.642951,136.033037,135.217408,135.501099,3096500
2017-07-18,135.297295,135.501199,133.816748,134.313217,3256900
2017-07-19,134.587971,134.898271,133.781202,134.082642,4100000
2017-07-20,134.286520,134.924841,133.763456,133.860977,3207400
2017-07-21,133.816706,134.073801,132.983342,133.373428,4078000
2017-07-24,133.382310,134.286601,133.080885,133.869919,3655600
2017-07-25,134.233368,136.263574,134.224494,135.793701,4605700
2017-07-26,136.006426,136.086212,134.357433,134.836166,3017200
2017-07-27,134.765286,135.634120,134.259956,135.217438,3637900
2017-07-28,135.350474,135.909008,134.854005,135.545517,2779500
2017-07-31,135.713933,140.660915,135.669603,140.527924,6937100
2017-08-01,141.051002,141.822301,139.995999,141.600662,4787500
2017-08-02,141.077584,143.223047,140.465859,142.983673,5486300
2017-08-03,143.276240,143.932296,139.242409,139.995987,5562600
2017-08-04,140.377199,140.465860,138.151950,138.692749,3117900
2017-08-07,138.745889,139.703371,137.717482,139.144836,2629500
2017-08-08,139.277855,141.352391,139.215790,139.854111,2569200
2017-08-09,139.313298,139.694524,138.479934,139.065063,2157600
2017-08-10,138.453344,139.694529,137.744097,138.870026,2764600
2017-08-11,138.754774,139.898438,138.666126,138.878891,1887000
2017-08-14,139.712283,140.253082,138.781397,139.995987,2028400
2017-08-15,140.075762,140.412658,139.003024,139.082825,1869100
2017-08-16,139.883215,142.195634,139.732020,142.088898,3381800
2017-08-17,140.950493,142.257897,140.203409,141.030548,2650000
2017-08-18,140.505814,141.137286,139.563062,139.705368,2747900
2017-08-21,139.803256,140.674854,138.709309,139.696533,1857400
2017-08-22,140.105640,141.813268,140.105640,141.146225,2204600
2017-08-23,141.075084,141.804390,140.327999,141.742126,1731400
2017-08-24,142.302443,142.889443,134.377972,134.591431,10301700
2017-08-25,135.516341,136.023300,133.461852,135.587494,5703500
2017-08-28,135.098356,136.325719,134.475786,135.676468,3776400
2017-08-29,135.525309,136.957228,134.707072,136.574783,2446200
2017-08-30,136.708156,137.624226,135.969960,137.357407,2493500
2017-08-31,138.940513,139.865473,136.921594,139.403000,4567700
2017-09-01,140.158949,141.012769,139.812087,140.737061,2833500
2017-09-05,140.488093,142.053415,140.052287,141.537567,3413000
2017-09-06,141.582029,142.249071,140.603694,141.288528,2873700
2017-09-07,141.386340,141.946660,140.141199,141.662048,2479300
2017-09-08,140.852740,140.968365,137.882180,139.909988,3364600
2017-09-11,140.425782,140.523616,139.687587,139.954407,2442500
2017-09-12,140.230132,142.880511,140.034465,142.337982,2988400
2017-09-13,142.426888,145.815461,142.311263,144.961655,4202000
2017-09-14,144.685957,144.685957,143.760997,144.410248,2493300
2017-09-15,144.294646,144.677077,143.814368,144.348007,3757800
2017-09-18,144.241286,145.379718,142.978354,143.111771,2047100
2017-09-19,143.156254,143.778825,142.257962,143.689880,1790800
2017-09-20,143.645380,145.006146,143.423033,144.837173,2432300
2017-09-21,144.908326,144.908326,142.658170,143.618713,1738800
2017-09-22,143.102861,144.081195,142.631485,143.449722,1535900
2017-09-25,143.040655,144.703811,142.764946,144.374741,1799600
2017-09-26,144.712625,146.509182,144.605889,145.922195,2370400
2017-09-27,146.295784,147.033980,145.308561,146.233521,2053100
2017-09-28,146.277909,146.704812,145.450770,145.770950,1730200
2017-09-29,145.771043,146.811641,145.646529,146.117905,1852300
2017-10-02,146.678199,148.012284,146.117879,147.540909,2267100
2017-10-03,147.923375,148.786071,146.776054,146.820526,2839400
2017-10-04,146.953920,147.576490,146.473655,146.936142,1918600
2017-10-05,147.514255,148.634882,146.971727,148.590424,4715400
2017-10-06,141.413033,141.822158,139.225127,139.714294,18001200
2017-10-09,139.643106,140.301259,137.063880,137.508575,7028800
2017-10-10,138.451320,139.954391,137.926583,139.518585,5420200
2017-10-11,139.901029,141.377420,139.687571,140.407974,3859300
2017-10-12,140.408008,140.514744,139.065034,139.829910,3596300
2017-10-13,140.007812,142.373593,139.714311,142.169037,3634500
2017-10-16,141.751023,142.124566,140.808272,141.244064,2453700
2017-10-17,141.413020,141.653159,140.141199,140.861603,2426800
2017-10-18,141.270720,141.270720,139.909955,140.123413,3011300
2017-10-19,139.758723,141.199530,139.634209,140.932724,2981700
2017-10-20,141.386369,143.200719,140.977244,142.987274,3993200
2017-10-23,143.058413,144.428067,142.818273,144.116776,2811200
2017-10-24,143.334125,144.872766,143.191819,144.339127,3040700
2017-10-25,143.191813,144.970594,142.818271,144.241287,3603900
2017-10-26,144.490311,145.459743,143.005017,144.490311,3038900
2017-10-27,143.013936,144.685980,142.924992,144.419174,3399900
2017-10-30,144.072262,144.081151,141.830996,142.506927,2550700
2017-10-31,142.160091,143.431926,142.053369,143.262939,2513600
2017-11-01,144.054523,145.228511,143.449731,144.694885,2129400
2017-11-02,145.619838,147.238535,144.623725,146.704895,3255700
2017-11-03,146.002252,148.590380,145.664279,148.030060,3112500
2017-11-06,147.460850,148.163462,146.731544,146.793808,1917300
2017-11-07,146.927244,148.083454,146.393618,147.887787,1944200
2017-11-08,148.199057,150.475893,147.656529,150.351379,3494300
2017-11-09,148.955029,150.582615,148.572598,150.404739,2094000
2017-11-10,149.808851,152.423660,149.488670,152.405869,2673100
2017-11-13,152.085717,153.944539,151.774425,152.494843,4093300
2017-11-14,151.925572,152.823851,150.991710,152.476990,1774300
2017-11-15,150.573735,151.845556,148.581496,150.306915,2439900
2017-11-16,151.850158,152.840311,150.895694,152.519180,2342700
2017-11-17,152.537025,153.607457,152.224809,152.519180,2100600
2017-11-20,152.635115,153.901795,152.403192,153.678787,1955000
2017-11-21,154.285383,155.382576,153.919648,154.695709,2360200
2017-11-22,155.070338,155.213066,152.626187,153.857178,1950100
2017-11-24,153.767993,154.463775,152.983003,153.090042,789400
2017-11-27,153.651998,154.374540,152.644001,153.973129,2346700
2017-11-28,154.606491,155.373623,153.919625,154.900848,2728400
2017-11-29,155.213106,158.549301,154.811696,158.361969,4683000
2017-11-30,160.948850,164.936223,160.761532,164.516968,7716600
2017-12-01,163.473284,165.185979,161.573271,165.141388,4034400
2017-12-04,167.005718,169.378519,166.416976,169.093063,5774200
2017-12-05,169.191154,170.573802,166.675640,167.540909,3182800
2017-12-06,167.362528,167.683659,165.480346,167.005722,3569200
2017-12-07,166.372398,167.523123,165.524973,166.095871,2240800
2017-12-08,166.622091,168.174226,165.872790,167.763901,1772500
2017-12-11,167.888784,168.504273,166.845098,168.468597,1964100
2017-12-12,166.773770,168.700542,166.631042,167.969086,3365700
2017-12-13,168.174286,169.592609,167.523108,167.951279,3062900
2017-12-14,168.218876,169.253633,166.069082,166.390213,3743200
2017-12-15,172.527379,174.257917,171.269614,171.920792,8452900
2017-12-18,171.831583,173.365874,171.180392,171.546127,3492300
2017-12-19,172.081407,172.161687,166.809510,167.995911,3959900
2017-12-20,168.629177,168.825425,165.382192,167.264374,3894400
2017-12-21,167.701459,168.058266,166.434780,166.631027,1908100
2017-12-22,167.050314,167.237633,165.890673,166.479416,1078300
2017-12-26,166.086919,167.112748,166.024471,166.408051,1120000
2017-12-27,166.675693,166.863011,165.739059,166.185074,1175200
2017-12-28,166.425884,166.827294,166.086908,166.470474,1017000
2017-12-29,166.327791,167.344704,165.855003,166.024490,2028000
2018-01-02,167.014632,170.092130,166.577546,167.986954,2509300
2018-01-03,168.432948,171.358803,168.040453,170.002914,3364400
2018-01-04,171.269557,171.537168,167.308946,168.682678,3525800
2018-01-05,168.977088,169.200095,166.559696,167.478485,2819000
2018-01-08,167.094910,168.575669,167.032462,168.129654,1961800
2018-01-09,168.602438,168.861134,166.051233,166.176117,2241900
2018-01-10,165.694396,166.131495,164.026306,165.400024,2609500
2018-01-11,165.408954,170.083191,165.052148,168.932480,4678600
2018-01-12,169.574755,171.430163,169.485546,171.126877,3499500
2018-01-16,171.581797,172.018882,170.279428,170.850327,2006600
2018-01-17,171.742382,171.769141,170.680865,171.528290,2585200
2018-01-18,171.474797,172.188423,170.573852,170.832535,1908000
2018-01-19,171.010925,171.840505,170.520306,171.528290,2353800
2018-01-22,171.715635,173.731616,171.323140,173.392654,3009100
2018-01-23,172.705788,173.142888,171.332069,172.536301,2316400
2018-01-24,173.437266,173.722722,171.207192,173.267792,2799200
2018-01-25,173.945711,177.023209,173.713788,176.577194,3558700
2018-01-26,176.398851,177.719051,174.561273,177.433609,2756200
2018-01-29,176.951832,178.298805,176.229291,176.907242,2031100
2018-01-30,176.256018,177.326450,174.909059,176.541473,2285000
2018-01-31,176.122218,177.041007,173.142844,173.829697,2682300
2018-02-01,172.527367,174.302497,171.662098,172.580887,2096600
2018-02-02,170.600590,172.696864,170.199180,170.368668,2386600
2018-02-05,170.074288,171.358813,162.822087,163.036179,3407200
2018-02-06,159.592918,165.239463,157.175513,165.034286,4067900
2018-02-07,164.668638,166.086962,163.303834,163.410873,2594800
2018-02-08,164.588268,164.588268,159.253938,159.325302,3013200
2018-02-09,160.369025,162.411780,156.809823,161.207535,2777200
2018-02-12,162.206570,163.473249,160.904215,161.510788,1596200
2018-02-13,160.761558,164.668651,160.609914,164.267227,2123900
2018-02-14,162.982659,168.129657,162.625839,167.121674,2191000
2018-02-15,168.230732,171.468528,166.871229,171.262802,2072900
2018-02-16,171.236041,174.071339,170.869326,171.334427,1969300
2018-02-20,169.822827,171.262838,167.819344,168.257599,2202100
2018-02-21,168.624278,169.169872,166.084139,166.137802,1747200
2018-02-22,166.674463,168.445403,166.057314,166.889114,1360100
2018-02-23,167.998179,169.804904,166.280902,169.769119,1561700
2018-02-26,170.028517,172.711766,169.876454,172.452377,1852400
2018-02-27,173.024820,174.876268,170.028534,170.028534,2170400
2018-02-28,171.370182,173.302111,170.735140,170.744080,2179800
2018-03-01,171.110771,172.613397,167.542059,169.071503,2447700
2018-03-02,167.685123,170.287877,167.452579,169.339798,2275900
2018-03-05,168.552722,171.710010,167.703030,171.262802,2155800
2018-03-06,171.853100,171.951486,170.001666,171.244904,2458700
2018-03-07,169.232511,169.715489,165.270239,167.577835,5157100
2018-03-08,166.531360,166.674470,163.749725,166.084152,6061500
2018-03-09,166.808649,168.722700,164.769381,168.669037,3288100
2018-03-12,168.391745,170.028529,167.747765,169.375595,2394100
2018-03-13,169.983802,170.046404,167.076949,167.667267,1964300
2018-03-14,168.847915,169.053627,164.125398,165.136093,2866000
2018-03-15,165.305991,166.871219,164.715673,165.923126,1811300
2018-03-16,166.522353,166.584969,164.992910,166.245087,3569400
2018-03-19,166.030518,166.343555,163.508257,164.706772,2493200
2018-03-20,165.556442,167.774590,165.109234,167.568878,1852500
2018-03-21,167.103763,168.051841,166.415058,166.424011,2048300
2018-03-22,165.377515,165.958894,163.230922,163.356140,2489800
2018-03-23,163.928578,164.975043,161.737261,161.746201,2351800
2018-03-26,163.705000,167.756704,163.087851,167.452606,2036600
2018-03-27,167.649354,167.846127,162.837391,163.812302,2495300
2018-03-28,164.223724,165.127080,162.095010,164.223724,2168700
2018-03-29,165.234467,168.722684,164.939307,168.534851,3016000
2018-04-02,167.175318,167.175318,161.934039,163.454544,3599200
2018-04-03,164.152192,164.724617,162.202371,163.329330,2287000
2018-04-04,162.005642,166.674496,161.835700,165.932129,2111000
2018-04-05,166.987537,167.255865,165.404416,166.585052,1933600
2018-04-06,165.771135,167.479474,163.767651,164.536850,2259000
2018-04-09,165.645899,167.613612,164.125394,164.939316,1946000
2018-04-10,166.137833,166.334606,162.935821,164.170120,2526000
2018-04-11,163.007322,166.692312,162.980491,165.153915,1697300
2018-04-12,165.914199,169.974842,165.905260,168.883667,2841600
2018-04-13,169.769142,169.787034,167.264773,168.964172,1744400
2018-04-16,171.584802,175.126696,171.173378,174.035507,3026800
2018-04-17,175.001474,176.092663,174.169660,175.305573,2160500
2018-04-18,175.573945,176.888738,175.412943,175.761765,1663100
2018-04-19,175.448727,175.663378,173.069576,174.473816,2427600
2018-04-20,173.901337,175.010418,172.398725,173.123199,2252800
2018-04-23,173.346818,173.856642,171.960470,172.935394,1618000
2018-04-24,173.999731,174.733159,170.967660,172.184067,1598900
2018-04-25,171.933595,174.115972,171.182288,173.489883,1311700
2018-04-26,173.624073,175.699126,172.926430,174.643707,1445800
2018-04-27,174.366468,176.128470,173.990815,175.824371,1563100
2018-04-30,176.289431,178.024587,175.654390,176.343094,2165000
2018-05-01,175.743868,176.271571,173.078498,175.797531,1413200
2018-05-02,174.840486,174.929933,172.130406,173.516754,2498100
2018-05-03,173.445209,173.507824,170.100087,172.631287,1815500
2018-05-04,172.479217,175.663336,171.083930,174.581100,1704500
2018-05-07,175.108793,175.126685,171.915734,172.675980,2361900
2018-05-08,172.613449,174.590102,172.103625,173.946121,1908600
2018-05-09,173.650878,175.681206,172.756462,175.341324,1999100
2018-05-10,175.861615,176.650987,174.202114,175.323395,1874200
2018-05-11,175.215772,175.798833,174.534039,175.601486,1296300
2018-05-14,175.780885,176.955985,175.296485,175.709122,1440900
2018-05-15,174.704529,176.444759,173.358992,175.350388,2319600
2018-05-16,175.879583,178.821822,174.919760,178.247726,2163200
2018-05-17,178.561665,180.615859,177.512149,179.046066,2391000
2018-05-18,178.956357,178.974301,177.413474,178.471970,1624600
2018-05-21,179.046034,180.606848,178.588543,179.063965,1202800
2018-05-22,179.153695,180.992597,178.355344,178.480927,1563600
2018-05-23,178.588575,178.588575,176.507485,177.736404,1635100
2018-05-24,177.870929,178.588551,176.552316,178.409149,1176300
2018-05-25,178.409168,179.602212,177.449359,177.933746,1331000
2018-05-29,177.700514,178.364303,175.816757,176.480560,2298100
2018-05-30,177.754378,179.880321,177.386594,179.081970,2390900
2018-05-31,179.602215,180.032783,177.341710,177.826111,4822800
2018-06-01,175.323436,178.498910,174.919778,176.830444,4056400
2018-06-04,177.000871,178.543741,176.938073,178.166992,1870600
2018-06-05,178.705214,178.821831,176.704853,177.467316,1868500
2018-06-06,177.619797,177.969636,176.444698,177.305847,2066900
2018-06-07,179.853373,181.988296,178.875620,181.710220,2735000
2018-06-08,180.759375,183.001936,180.301897,182.777679,2052500
2018-06-11,182.777664,183.791306,182.472679,183.441467,1684800
2018-06-12,183.217234,183.961766,182.302265,183.782364,1384800
2018-06-13,183.818247,184.634543,182.284343,183.091660,1665800
2018-06-14,183.773409,184.544851,183.253133,183.997665,1685000
2018-06-15,184.248846,186.285096,183.504328,185.971146,3879600
2018-06-18,184.787022,186.679744,184.024545,184.975403,1975000
2018-06-19,183.800261,186.410605,183.549095,186.159439,1940600
2018-06-20,186.365764,187.110296,185.648155,186.563110,1527700
2018-06-21,186.733567,189.370821,186.581075,188.339249,1825800
2018-06-22,188.707024,189.962867,188.393074,189.361862,1738600
2018-06-25,188.384073,190.240920,188.348198,189.944901,2398600
2018-06-26,190.510019,190.581783,188.348187,188.455826,2276700
2018-06-27,188.823656,190.545942,188.025305,188.402054,2211700
2018-06-28,188.375097,189.442558,186.625902,187.217941,1826700
2018-06-29,188.070143,188.850550,186.868134,187.460159,2164600
2018-07-02,186.957812,187.316630,184.831868,186.572098,1876100
2018-07-03,187.056464,188.294362,185.594310,185.791656,842100
2018-07-05,186.760478,187.738232,186.177418,187.603683,1436700
2018-07-06,185.809624,188.724953,185.379056,188.034241,1523200
2018-07-09,188.841620,189.980831,188.375163,189.218369,1738300
2018-07-10,189.263175,190.797079,189.119648,189.900055,1687800
2018-07-11,189.460515,189.971811,188.348200,189.227280,1472800
2018-07-12,190.653565,192.115719,190.366524,191.981171,2222000
2018-07-13,191.963187,194.331331,191.703056,194.241623,1951200
2018-07-16,194.331345,194.770892,191.873493,192.725677,2078200
2018-07-17,192.017070,193.900827,191.963251,192.860275,2064800
2018-07-18,193.165253,193.649654,191.604440,192.833359,1869500
2018-07-19,192.375804,195.730665,191.990076,195.138626,2790800
2018-07-20,194.636294,196.394468,193.972505,196.170212,1793900
2018-07-23,197.237723,197.757998,195.730715,196.304810,1394300
2018-07-24,196.816141,197.955353,195.183550,196.071609,1453900
2018-07-25,195.201480,198.080934,194.986189,197.973282,1560200
2018-07-26,199.139410,201.489610,198.080928,198.888245,1820000
2018-07-27,199.417506,199.587943,196.233067,197.031418,1596800
2018-07-30,196.484214,197.453002,196.098500,196.547012,1292700
2018-07-31,197.067297,197.408171,195.847344,196.188217,1888500
2018-08-01,196.134402,196.538074,193.981549,194.770935,1841300
2018-08-02,192.869217,198.601202,192.869217,198.350037,1904800
2018-08-03,198.242402,199.695577,198.242402,199.166336,1195700
2018-08-06,198.628109,200.278644,198.251361,199.785278,1285500
2018-08-07,200.251741,202.261067,200.018506,200.807892,1428100
2018-08-08,199.910852,201.722845,199.354702,201.453735,2010700
2018-08-09,198.798504,199.453341,194.573527,195.766571,3637100
2018-08-10,195.676917,198.888267,195.327078,197.623459,2830800
2018-08-13,198.269326,198.762692,196.502187,196.950699,1518900
2018-08-14,197.354321,199.641736,197.219773,199.139404,1450600
2018-08-15,197.991229,199.238092,196.242034,198.843399,1844100
2018-08-16,200.440146,201.166734,199.265046,200.206924,1657700
2018-08-17,199.435422,202.619861,199.273950,202.440445,1980900
2018-08-20,202.727488,204.718883,202.700579,203.938477,1783700
2018-08-21,205.858120,206.405305,204.252439,205.005936,2066700
2018-08-22,204.952111,206.521904,204.862417,205.606949,1267900
2018-08-23,205.418591,206.629579,205.032877,205.876068,1337900
2018-08-24,206.315616,208.163484,205.956812,207.463806,1453200
2018-08-27,208.773456,208.881095,204.611264,206.342514,1904100
2018-08-28,207.158812,207.957163,206.172080,206.548828,1882100
2018-08-29,207.921269,208.109650,205.176377,206.486038,1793600
2018-08-30,206.486027,207.870882,206.324169,207.574127,1272000
2018-08-31,207.016584,209.993102,207.016584,209.642395,1881300
2018-09-04,209.651399,211.243077,209.651399,211.036240,1858400
2018-09-05,210.937343,212.376137,209.705360,211.872559,2126000
2018-09-06,211.746676,212.915706,211.377980,212.834763,1853200
2018-09-07,213.401263,218.473039,213.302345,217.133163,2722400
2018-09-10,218.517997,219.237400,217.726651,218.679855,2817300
2018-09-11,219.354291,220.460380,218.670866,219.606094,2185700
2018-09-12,220.316515,220.424421,217.825586,218.014435,1912000
2018-09-13,218.068432,219.408321,216.764520,216.962357,2078200
2018-09-14,214.921010,214.921010,210.847404,211.665726,3875300
2018-09-17,210.478722,210.955324,208.185628,208.626266,2884600
2018-09-18,208.608283,211.746674,208.356493,210.739517,2000200
2018-09-19,210.982346,211.090265,209.003996,210.289932,1581400
2018-09-20,210.964358,211.324053,208.914066,210.352859,1910100
2018-09-21,210.757493,212.079393,210.433762,211.108200,3717800
2018-09-24,210.595683,211.189192,209.435641,209.831314,1530400
2018-09-25,210.451737,211.018269,209.282707,209.462555,1889700
2018-09-26,210.038080,211.917511,209.930160,210.253891,2008500
2018-09-27,210.155027,211.926553,208.932044,210.424805,1421400
2018-09-28,210.298885,211.746680,210.235931,211.216125,1602800
2018-10-01,212.052366,212.699828,210.811395,211.009232,1673100
2018-10-02,210.514679,213.635082,210.307842,212.537994,1647600
2018-10-03,212.780790,213.401275,209.282704,209.705353,2322300
2018-10-04,209.759258,210.424709,207.421214,208.338440,2862800
2018-10-05,202.331458,204.183912,195.847853,196.774094,7379000
2018-10-08,197.241749,201.881888,197.169807,201.369308,3863500
2018-10-09,201.567140,202.466391,200.137334,201.585129,2502800
2018-10-10,201.522199,202.331519,198.770479,198.779480,3021400
2018-10-11,200.452089,202.619288,198.671562,199.471909,3650900
2018-10-12,202.511333,204.687519,200.883690,204.085022,3130500
2018-10-15,203.455540,204.076026,201.657038,201.890839,2441900
2018-10-16,202.214607,205.263068,201.720030,204.741501,2541800
2018-10-17,205.433947,205.820632,202.790146,205.469925,2129300
2018-10-18,205.514895,207.412316,203.455616,205.550873,2624600
2018-10-19,205.838609,207.394324,205.676750,206.531036,2099800
2018-10-22,206.719860,207.052579,204.372814,205.982468,2007300
2018-10-23,204.192969,206.162318,201.270403,205.703705,2656700
2018-10-24,203.167789,207.807927,200.613919,201.216415,3100200
2018-10-25,201.486210,204.660565,200.389122,203.590454,2218900
2018-10-26,199.912521,202.331509,195.137500,196.207611,3995400
2018-10-29,197.610430,202.232580,196.711179,200.011429,3801400
2018-10-30,200.622953,205.218127,200.542010,204.957336,2410500
2018-10-31,205.613755,207.331327,202.835072,205.595779,2674600
2018-11-01,205.191145,207.547193,204.615625,206.468094,2095000
2018-11-02,206.656875,208.833061,204.291841,206.971619,2167200
2018-11-05,207.466232,211.225095,206.647910,210.829422,2513900
2018-11-06,211.324030,213.563170,210.586637,212.861755,2101300
2018-11-07,214.696202,216.611611,213.068560,216.152985,2603600
2018-11-08,214.990202,216.153002,213.656151,215.161469,2140600
2018-11-09,214.503473,216.567647,213.692229,214.296158,2256700
2018-11-12,214.205965,215.612129,211.042097,211.357574,2301400
2018-11-13,211.600980,213.106297,209.816234,211.051132,1548100
2018-11-14,213.737282,213.737282,208.860780,210.302994,1896500
2018-11-15,209.410598,209.708045,204.615205,207.265289,2722300
2018-11-16,206.688380,208.328900,204.182521,208.238770,2822400
2018-11-19,208.770620,210.474244,205.345341,206.183640,1949500
2018-11-20,202.740323,202.812436,196.547788,197.683533,3704800
2018-11-21,198.810249,200.135291,196.006930,197.016495,2036500
2018-11-23,196.592890,199.369155,196.196276,198.359604,1007500
2018-11-26,200.874437,201.442302,197.313941,197.809708,2205600
2018-11-27,197.737623,201.117830,196.845257,201.018677,2369800
2018-11-28,200.811403,207.734076,200.279587,207.625900,2765600
2018-11-29,206.418032,208.752626,205.841144,208.220810,1478700
2018-11-30,208.842717,210.375075,207.048949,208.473145,2764000
2018-12-03,207.968386,209.302437,205.705905,209.194275,2481500
2018-12-04,209.221321,210.293976,203.317223,204.029327,3418600
2018-12-06,205.462528,210.798747,204.254670,210.203827,4029800
2018-12-07,210.158786,210.753706,201.036736,202.686279,2881900
2018-12-10,202.397803,202.992722,197.503269,200.703201,2650000
2018-12-11,202.920645,204.840608,201.911094,204.164566,2466800
2018-12-12,205.832131,207.725039,204.678355,205.336365,2891400
2018-12-13,206.273760,206.976842,203.245094,204.173523,2170200
2018-12-14,196.502719,197.404108,185.244370,186.641525,8822300
2018-12-17,186.298972,187.488812,180.872623,182.287796,4739400
2018-12-18,183.063000,184.487196,181.692900,182.972870,3308500
2018-12-19,183.432544,186.587403,180.151490,181.548645,3369600
2018-12-20,180.575176,180.908685,174.580933,177.690735,4250900
2018-12-21,177.717785,180.908695,175.157845,175.338120,5080200
2018-12-24,174.779272,176.068265,171.083586,171.254852,2031700
2018-12-26,172.003032,179.178080,170.822201,179.042877,3268800
2018-12-27,177.537519,181.296308,174.833353,181.251236,2705900
2018-12-28,181.918208,184.739544,179.908102,182.116501,2037800
2018-12-31,183.324458,184.234856,181.521680,183.621918,1729400
2019-01-02,180.728463,184.874857,180.142566,184.568375,2143100
2019-01-03,183.612865,185.631980,180.313779,180.656311,2877700
2019-01-04,183.054058,187.425786,181.584790,185.902451,2761600
2019-01-07,185.253412,188.498403,183.468652,186.587463,2226600
2019-01-08,188.074734,188.462339,184.045526,187.984604,2366500
2019-01-09,188.525451,190.391332,187.416746,189.201492,1862900
2019-01-10,187.623992,190.102810,185.686012,189.868454,2340700
2019-01-11,189.327643,190.418329,188.669633,189.751297,1861100
2019-01-14,188.813867,189.877499,187.633050,188.390213,1523100
2019-01-15,189.327698,190.499506,188.462372,190.220078,1681900
2019-01-16,190.607648,190.607648,188.840920,189.453857,1455000
2019-01-17,189.174463,190.778934,188.976156,190.607681,1517100
2019-01-18,191.599159,193.041386,190.887068,192.527588,2115400
2019-01-22,191.995749,194.303301,190.012697,191.454910,3310800
2019-01-23,191.995728,193.663302,189.291562,191.175461,2220200
2019-01-24,191.445920,191.445920,188.300068,189.571030,1994400
2019-01-25,191.121457,191.382867,188.155894,188.453354,2252300
2019-01-28,188.101775,190.003705,186.866877,189.985687,1999400
2019-01-29,189.580052,189.778345,188.002622,189.571030,1636500
2019-01-30,189.724266,191.247615,188.678666,190.508484,1589800
2019-01-31,190.319251,193.690450,189.039280,193.465103,4341100
2019-02-01,192.897180,193.798568,188.723746,189.535004,3453700
2019-02-04,189.922592,190.364278,187.398701,190.355255,1630300
2019-02-05,190.634697,191.563126,188.967122,190.742859,2074500
2019-02-06,191.328778,191.328778,189.724307,190.733871,1618800
2019-02-07,189.866163,189.893277,186.431632,188.944260,2526600
2019-02-08,187.841579,188.438106,185.961625,187.769272,2013700
2019-02-11,188.582752,188.826789,186.874527,188.646027,2376600
2019-02-12,189.857080,192.288366,189.134019,191.520111,2091200
2019-02-13,191.818447,192.975340,190.977898,192.333633,1703000
2019-02-14,191.610543,193.915295,190.833255,193.273575,1411100
2019-02-15,194.457566,196.355601,193.454322,195.650620,2635500
2019-02-19,195.831366,198.479575,195.686751,197.141907,1938100
2019-02-20,197.241389,198.000611,194.376270,196.229111,1785600
2019-02-21,195.768185,195.876640,193.716502,194.529938,1615300
2019-02-22,194.475668,195.759095,193.644152,195.487946,1542500
2019-02-25,196.464082,198.018659,195.722954,196.174866,1794000
2019-02-26,196.030276,197.856004,195.343375,196.681030,1884100
2019-02-27,195.686779,197.810769,195.632552,197.078674,1482700
2019-02-28,197.476376,198.560961,196.599666,197.702332,2055600
2019-03-01,198.624223,199.356332,195.017977,198.335007,2178200
2019-03-04,199.229781,199.817275,195.108349,197.404068,2444700
2019-03-05,197.855969,200.296289,197.846922,198.678452,2160200
2019-03-06,199.293016,200.567410,197.241334,198.145157,1985300
2019-03-07,197.150953,198.289765,195.424647,195.939819,3279100
2019-03-08,203.794085,206.704398,202.248555,205.909042,6782700
2019-03-11,205.646966,207.798070,205.222168,207.599228,3748400
2019-03-12,208.168610,210.952373,207.788992,210.554703,2647100
2019-03-13,211.720634,214.612866,210.545661,213.645782,2421200
2019-03-14,213.419784,213.645740,210.843883,211.350021,2300300
2019-03-15,211.648274,212.985929,210.753485,211.133102,5075400
2019-03-18,211.115023,213.916866,211.033682,213.835526,1735400
2019-03-19,214.676156,215.155182,213.564443,214.251358,1852300
2019-03-20,214.233289,215.552877,213.103510,214.188095,1499500
2019-03-21,213.916911,216.782043,213.799423,216.501846,1617000
2019-03-22,216.691640,217.224893,214.115738,214.712265,1873600
2019-03-25,214.142886,215.182291,213.112528,214.179047,1357100
2019-03-26,215.109929,217.143531,214.531483,216.077026,1193000
2019-03-27,215.751680,217.107415,215.254574,216.384354,1351200
2019-03-28,216.899533,218.680066,216.538009,218.020279,1396700
2019-03-29,218.417930,219.122911,217.613527,218.851761,1968000
2019-04-01,219.692373,220.903493,219.249495,220.704651,1610200
2019-04-02,220.532904,220.704633,217.197793,217.369522,1574300
2019-04-03,218.445089,220.126201,217.839529,219.159103,1663600
2019-04-04,218.878857,221.219756,218.047341,220.894379,1319700
2019-04-05,221.400599,223.325734,220.541956,222.223068,1616200
2019-04-08,222.331491,223.090699,221.617463,222.810516,1244200
2019-04-09,221.536124,222.051296,220.541913,221.355362,1450200
2019-04-10,221.689774,222.946088,221.174602,221.988037,1556600
2019-04-11,220.189466,220.695605,217.749146,218.038376,2719800
2019-04-12,218.282339,219.375971,217.731006,218.680023,2187600
2019-04-15,219.059693,223.018444,218.689136,222.638840,1859700
2019-04-16,222.927979,223.081641,220.758809,221.743973,1360500
2019-04-17,222.611705,222.756320,220.822139,221.942871,1363000
2019-04-18,223.054551,223.470316,221.165564,222.168808,1365000
2019-04-22,221.608484,222.132703,219.231424,220.008713,1300000
2019-04-23,221.120405,222.819598,218.915087,221.960968,1524600
2019-04-24,222.051315,224.780866,221.979022,224.112045,1156400
2019-04-25,222.530352,223.379934,220.478669,221.979019,1278200
2019-04-26,221.997126,222.241162,218.779516,220.370255,1842900
2019-04-29,221.436704,222.114571,220.071935,220.785950,1429700
2019-04-30,221.228871,222.150761,219.647180,221.915771,1427600
2019-05-01,221.744013,221.852481,218.318528,218.354675,1350400
2019-05-02,218.508375,219.529700,217.297255,219.348938,1237600
2019-05-03,219.873124,221.328280,219.376018,221.093277,905900
2019-05-06,219.493502,221.283068,218.779473,220.740768,1194900
2019-05-07,218.472172,219.394076,215.308791,217.080276,1775200
2019-05-08,216.519888,219.674236,215.281655,218.128693,1611900
2019-05-09,218.101578,221.182871,217.648445,220.648178,1919300
2019-05-10,220.167827,225.251970,217.530595,223.865387,2036500
2019-05-13,221.237217,221.971289,218.110608,219.243439,1962800
2019-05-14,219.578735,222.116277,219.143732,219.977493,1635100
2019-05-15,219.415592,222.397195,218.618076,221.735626,1194800
2019-05-16,222.605666,226.321341,222.225037,224.246002,1800600
2019-05-17,222.832281,226.611402,222.569457,225.070755,1672000
2019-05-20,223.983160,226.511645,223.983160,225.569122,1600500
2019-05-21,225.759449,227.318225,224.844128,226.502579,1504200
2019-05-22,227.481390,227.481390,225.786681,226.121994,1242300
2019-05-23,225.324473,226.493548,224.010379,225.233841,1822800
2019-05-24,225.759477,226.167293,223.638822,224.119141,1340200
2019-05-28,225.279147,226.747291,223.067861,223.221924,3164100
2019-05-29,221.246228,221.826236,216.515529,218.128677,2594900
2019-05-30,219.451870,220.747835,218.183105,218.899048,2030300
2019-05-31,216.578993,218.101524,211.204853,217.122757,4058100
2019-06-03,217.304041,218.899061,215.763394,218.473129,2512500
2019-06-04,220.222205,222.777877,219.769073,222.587555,1761500
2019-06-05,223.031633,225.442285,222.052866,224.717285,1825500
2019-06-06,224.753529,228.324212,224.517905,227.662643,1487800
2019-06-07,227.617324,232.547403,227.490447,232.012711,2270200
2019-06-10,232.366111,234.568326,232.103287,232.773941,1839500
2019-06-11,234.640829,235.284268,232.193905,233.009537,1613500
2019-06-12,233.435502,234.495843,231.795180,233.118332,1071700
2019-06-13,233.553332,235.510866,233.408326,235.365860,1228500
2019-06-14,235.628669,236.716197,234.640844,235.764603,1287800
2019-06-17,236.652769,237.667780,236.018373,236.924637,1191900
2019-06-18,238.900308,239.435028,237.486538,238.111862,2763200
2019-06-19,237.722140,239.344361,236.480563,238.945602,1628400
2019-06-20,240.160053,242.688538,239.752223,242.289780,1745100
2019-06-21,241.764123,243.730728,241.057238,241.184128,2964000
2019-06-24,242.253505,242.851643,241.537548,241.764114,1586100
2019-06-25,241.709746,242.045059,240.486283,241.392548,1182400
2019-06-26,241.474107,241.809420,239.561875,239.625320,1334400
2019-06-27,240.069461,241.501375,238.338493,240.685715,1122900
2019-06-28,240.613169,241.419758,238.673750,239.489410,1952500
2019-07-01,241.455885,241.972462,237.296137,238.845840,1955800
2019-07-02,239.181300,240.676631,237.142205,240.585999,1201300
2019-07-03,240.286825,243.929996,240.286825,243.911880,986500
2019-07-05,243.060045,243.431588,241.310934,243.105347,1081500
2019-07-08,243.177813,244.410346,242.289692,244.147522,1236000
2019-07-09,244.111258,245.398165,243.322812,244.664093,1400300
2019-07-10,244.736666,246.077947,244.093226,245.978271,1257000
2019-07-11,246.802909,250.826724,246.331662,250.618301,1985600
2019-07-12,250.582071,253.753996,250.138011,253.246490,2046400
2019-07-15,253.699607,254.388377,252.757085,254.279602,1568000
2019-07-16,254.660307,254.995621,253.554663,254.343109,1379200
2019-07-17,254.705552,256.336844,253.953364,255.167755,1716600
2019-07-18,255.747795,256.527169,253.019931,256.391235,1696100
2019-07-19,256.536145,257.659904,254.977370,255.122375,1607600
2019-07-22,254.859648,255.856544,253.137751,253.908081,1459100
2019-07-23,255.430536,255.638959,252.865793,253.844574,1117800
2019-07-24,253.599992,254.877828,252.856876,254.506256,1257100
2019-07-25,254.841531,255.512158,253.155865,253.572739,1600200
2019-07-26,253.572779,255.358121,252.956526,254.995621,1447700
2019-07-29,254.669358,254.932155,253.337149,253.871841,1257400
2019-07-30,253.998640,254.270536,252.938327,253.300827,978200
2019-07-31,252.865800,253.500196,247.074787,249.793579,1886900
2019-08-01,249.902301,254.596742,248.597279,248.832916,2634300
2019-08-02,248.588281,249.168303,245.144487,246.957016,1969200
2019-08-05,244.772890,245.189764,238.084656,240.250641,3329800
2019-08-06,241.492268,244.899831,239.299096,244.066055,2383000
2019-08-07,243.041895,249.095732,238.882146,248.588226,3037500
2019-08-08,247.446345,249.077610,245.597559,249.041351,2046700
2019-08-09,248.842019,249.648607,246.422309,248.262024,1284300
2019-08-12,248.343534,249.204495,244.056895,245.878494,1638600
2019-08-13,245.760710,252.086444,244.700397,250.364548,1724600
2019-08-14,248.316391,249.548897,242.878806,243.014740,2122100
2019-08-15,245.171640,247.382926,243.576606,246.068832,1623200
2019-08-16,248.406967,250.192308,247.808830,248.406967,1230800
2019-08-19,250.500418,251.379495,248.814753,249.775391,1313400
2019-08-20,250.382729,250.455218,247.274248,247.382996,1390600
2019-08-21,249.594216,250.618299,248.950777,249.838898,1682300
2019-08-22,251.044226,254.651139,250.917335,253.681458,2345500
2019-08-23,252.131779,253.871818,247.138281,248.325485,1984300
2019-08-26,249.902429,252.421844,249.848056,252.358398,1426400
2019-08-27,254.660191,265.934118,254.062054,264.973480,5169000
2019-08-28,266.215116,271.833965,265.009796,266.885742,5162100
2019-08-29,270.191823,270.418891,265.904793,269.365295,2613100
2019-08-30,270.664157,270.918471,265.968394,267.721375,1801000
2019-09-03,265.732266,267.031084,263.815804,265.259949,1842900
2019-09-04,267.030987,269.119994,266.822076,268.956512,1375700
2019-09-05,271.054764,272.217347,269.465293,269.728699,1865300
2019-09-06,271.754048,276.695033,270.927520,275.895752,3018100
2019-09-09,276.567991,279.147472,270.854969,271.572510,3397200
2019-09-10,270.101037,270.891226,267.557867,269.755890,2725000
2019-09-11,267.303526,268.611436,261.408870,264.024689,4754700
2019-09-12,263.706770,265.895701,262.199040,263.298065,2942600
2019-09-13,263.579587,267.094582,263.261687,265.123627,2306300
2019-09-16,263.915741,264.651437,261.890291,262.208191,1508900
2019-09-17,262.998377,265.023827,262.208188,264.678680,1758900
2019-09-18,264.033785,266.640512,262.308051,265.605072,1666000
2019-09-19,262.934732,263.179982,258.593208,261.427002,3004700
2019-09-20,262.262603,262.862064,259.892035,260.091827,3409500
2019-09-23,260.091862,261.699516,259.537831,261.190887,2025400
2019-09-24,262.762266,265.777727,260.128291,261.499786,2483200
2019-09-25,261.817641,263.107368,260.555134,262.044708,1827800
2019-09-26,262.880194,263.225341,260.309806,261.817535,1877300
2019-09-27,262.971165,262.971165,258.311740,259.719574,1538100
2019-09-30,261.308939,262.144531,260.282591,261.681305,2151500
2019-10-01,261.617796,262.199074,257.203594,257.884796,2648900
2019-10-02,257.249021,259.574187,256.331660,258.956543,2480600
2019-10-03,259.210818,264.179021,255.768472,262.489655,3590200
2019-10-04,261.445171,265.169079,257.330715,264.914764,4513300
2019-10-07,264.342676,268.566122,263.852203,266.495270,1988700
2019-10-08,266.077417,268.466142,263.806745,265.114655,2201100
2019-10-09,266.222662,271.181830,266.222662,269.665009,2235500
2019-10-10,271.236369,272.008403,269.083776,269.883057,1637500
2019-10-11,270.727791,273.171037,270.082900,270.300903,1855500
2019-10-14,270.664128,272.789474,270.209994,270.228149,1297600
2019-10-15,270.954786,272.153708,269.964776,271.018372,1580700
2019-10-16,269.574207,271.545162,268.011983,271.372589,1811100
2019-10-17,271.436149,274.851221,271.436149,274.660492,1734600
2019-10-18,274.297210,276.113748,273.370786,275.078308,1853900
2019-10-21,275.205467,275.668693,272.635078,273.461578,1322900
2019-10-22,273.942946,276.913003,272.435244,272.453400,1955600
2019-10-23,272.099178,272.526065,269.919338,270.046509,1798700
2019-10-24,267.984732,270.918450,267.539689,269.801270,2056700
2019-10-25,268.411675,269.982990,268.039281,269.301788,1686200
2019-10-28,268.575162,271.654179,268.130091,271.517944,1672600
2019-10-29,270.854897,271.517943,268.675057,268.720459,1295300
2019-10-30,269.683258,272.707782,268.820391,272.335388,1264300
2019-10-31,271.579881,272.726795,268.111860,270.442078,2277400
2019-11-01,271.243096,271.634521,268.976602,269.513641,1364500
2019-11-04,270.487549,271.452403,268.676176,270.178070,1651600
2019-11-05,270.423861,272.790496,269.258752,272.326263,2204500
2019-11-06,273.045286,274.574486,271.188384,274.501678,1675000
2019-11-07,276.649924,279.535404,275.330089,277.815033,2399400
2019-11-08,275.566683,276.977575,274.237737,275.457458,1501600
2019-11-11,274.483545,275.193532,272.799619,273.837280,1160900
2019-11-12,273.828200,275.557683,271.852989,273.527832,1540800
2019-11-13,273.236421,276.713552,272.635658,275.712280,1517900
2019-11-14,277.068548,278.433911,275.138812,277.250580,1336400
2019-11-15,277.906008,278.024344,274.529017,276.404114,1706100
2019-11-18,275.903472,278.879981,275.575798,277.205139,1241300
2019-11-19,277.168759,277.296206,274.392531,275.111603,1761400
2019-11-20,275.293702,275.958188,271.261335,273.591553,1979500
2019-11-21,273.700734,274.774814,272.635739,273.318420,1302500
2019-11-22,274.838552,274.838552,270.551319,272.444611,1277300
2019-11-25,273.336666,273.646145,270.842583,272.207947,1613000
2019-11-26,272.399063,274.301466,271.998554,274.201324,3359100
2019-11-27,274.729259,275.612195,273.591456,273.764404,1906500
2019-11-29,273.819042,273.882766,272.763158,272.899689,981600
2019-12-02,272.845119,273.254739,267.856981,270.696960,2705500
2019-12-03,268.639840,269.604694,266.427957,269.131378,1921400
2019-12-04,269.468161,270.487628,268.658032,269.905060,1742000
2019-12-05,270.460298,270.460298,266.245872,266.792023,1941100
2019-12-06,268.503258,269.422584,267.847883,268.475952,1462000
2019-12-09,268.521381,270.514813,268.111761,268.667023,1960000
2019-12-10,269.458975,270.059738,268.111807,269.231415,1565900
2019-12-11,269.431706,269.750296,266.746480,268.794525,1749800
2019-12-12,268.767099,271.033620,267.720326,270.651306,2742700
2019-12-13,268.193783,268.521456,263.151033,265.672394,5195600
2019-12-16,266.728222,268.029861,266.564385,267.156036,2410000
2019-12-17,267.156139,269.704807,266.473458,269.022125,2474100
2019-12-18,269.422587,269.759373,265.626893,265.672394,3309800
2019-12-19,265.845335,267.438259,265.335602,267.347229,2333600
2019-12-20,267.474619,268.539586,266.500653,268.366638,4866500
2019-12-23,268.439547,268.803639,266.728288,266.983154,1309800
2019-12-24,267.529242,268.020780,267.028592,267.820526,543600
2019-12-26,268.057224,269.185944,267.520185,269.185944,1101800
2019-12-27,269.631960,269.704767,266.864816,267.711334,1439100
2019-12-30,267.793265,269.076682,267.301727,268.648895,1238900
2019-12-31,268.521440,268.931061,265.954551,267.538391,1550700
2020-01-02,267.665806,268.139122,264.880467,265.326477,2103600
2020-01-03,264.015785,266.609981,263.360410,265.545013,1926000
2020-01-06,264.470914,265.854500,262.714153,265.617828,2655100
2020-01-07,265.171760,265.508545,263.314858,265.199066,1963400
2020-01-08,264.871321,268.958326,264.425311,268.239227,2492800
2020-01-09,271.752835,274.856765,270.988235,272.544769,3261200
2020-01-10,273.072703,273.318458,270.032496,270.560425,2024200
2020-01-13,270.269117,273.664303,270.159865,272.954315,1778600
2020-01-14,272.389972,273.982895,271.780097,272.845093,1459900
2020-01-15,271.570762,274.019316,271.288589,273.819061,1604000
2020-01-16,274.337906,276.768237,273.964703,275.830688,1758600
2020-01-17,276.167381,277.896835,275.830595,277.332489,2506500
2020-01-21,278.716209,285.215324,278.315700,285.142517,3585900
2020-01-22,285.269986,285.415628,282.366310,283.895538,2218900
2020-01-23,284.013717,285.269855,282.839524,284.796539,1535900
2020-01-24,285.834213,286.070885,281.355838,282.639282,1986100
2020-01-27,278.670653,283.786210,278.215532,281.674469,2265100
2020-01-28,282.639282,283.731556,281.355837,282.948761,1571700
2020-01-29,282.957895,283.968278,281.619865,281.792786,1713700
2020-01-30,281.119231,281.847441,279.144021,281.692688,1232600
2020-01-31,280.855201,281.428658,277.223343,278.097168,1837000
2020-02-03,279.444338,280.882509,274.592760,274.893127,2816800
2020-02-04,277.232500,278.452221,275.584963,277.532867,1982300
2020-02-05,279.444377,281.801901,277.987984,281.219360,1731800
2020-02-06,282.177112,284.448384,280.808870,283.326416,1917900
2020-02-07,282.770057,286.245390,281.967350,286.081207,1903500
2020-02-10,286.199718,289.100384,285.141607,286.227081,2336300
2020-02-11,286.445943,286.810802,283.198652,283.390198,2047500
2020-02-12,283.472370,287.768670,283.472370,287.440277,1384600
2020-02-13,287.193919,290.787836,285.998990,290.249664,1438000
2020-02-14,290.860875,291.718309,289.109541,290.350067,1113400
2020-02-18,290.979515,295.066009,290.623759,293.761597,1547100
2020-02-19,293.788837,296.023643,293.469603,294.646271,1413600
2020-02-20,294.007896,296.516340,292.812967,295.613281,1427500
2020-02-21,294.226815,296.689663,292.831209,293.670410,2239000
2020-02-24,287.786858,291.891584,285.743626,286.071991,2300400
2020-02-25,287.330805,288.762905,277.661890,278.090607,2881800
2020-02-26,280.535076,283.955680,277.917179,278.838470,2236000
2020-02-27,275.454500,278.209217,267.263281,267.381866,3625300
2020-02-28,260.193976,262.091259,247.451084,256.445007,7091800
2020-03-02,268.576754,282.323030,265.785542,281.985535,7563800
2020-03-03,281.985693,286.573865,274.588047,276.138733,5131400
2020-03-04,281.210228,292.776427,278.227442,292.566620,4219300
2020-03-05,288.033212,296.005522,285.688978,288.024109,6407700
2020-03-06,284.722025,289.602065,276.156817,283.992279,6185500
2020-03-09,269.862975,283.071055,267.263309,275.454529,5203100
2020-03-10,280.918303,282.523716,268.558529,282.222687,4245500
2020-03-11,274.432845,280.754144,268.348744,271.304138,3622700
2020-03-12,255.806543,269.662277,252.066676,255.268372,7307600
2020-03-13,263.459544,276.612922,253.827122,275.718994,6100100
2020-03-16,257.074363,273.219626,254.958170,258.305786,5465500
2020-03-17,263.614611,280.206827,261.151764,280.024384,7170600
2020-03-18,271.824091,290.067319,269.999768,280.489624,6701800
2020-03-19,283.143970,286.281807,276.047357,278.409851,5429500
2020-03-20,280.872736,280.954827,261.808541,264.909912,6581200
2020-03-23,266.360217,269.698730,253.963949,260.449402,5646400
2020-03-24,268.713512,271.231085,257.986489,259.911163,7124200
2020-03-25,259.245382,265.183562,254.684575,256.189636,5639600
2020-03-26,256.627475,267.929168,256.189628,266.624756,5463100
2020-03-27,261.908958,267.710292,258.442727,259.354889,4250400
2020-03-30,262.237251,266.059209,260.732190,265.548401,4396000
2020-03-31,262.173452,265.913292,259.053848,260.084595,5618600
2020-04-01,257.557805,263.432125,256.226057,261.589569,3745800
2020-04-02,259.400449,267.062599,257.977480,265.876801,3500600
2020-04-03,263.760499,266.661165,260.695623,263.295288,2650100
2020-04-06,267.263244,278.656129,264.134538,278.318634,5272500
2020-04-07,279.577463,282.770028,276.585575,276.959564,4036500
2020-04-08,278.309491,280.416608,275.728087,279.093964,3964400
2020-04-09,273.146815,277.616401,271.441049,273.657623,6487600
2020-04-13,272.353072,277.251401,271.513899,273.301727,3120400
2020-04-14,276.156885,287.102822,274.788643,286.546417,4288300
2020-04-15,284.266011,286.190659,279.869387,283.016327,2937300
2020-04-16,287.084586,294.290656,284.630869,293.314636,3940000
2020-04-17,293.086536,293.834515,286.436873,289.994324,3688000
2020-04-20,290.021739,290.413962,284.165650,284.667328,3156300
2020-04-21,283.809869,284.493990,273.055480,274.861542,3833000
2020-04-22,277.297070,283.800786,275.509242,282.240997,2970600
2020-04-23,280.060863,282.441618,278.017631,278.574036,2625200
2020-04-24,280.334537,283.527102,278.674425,283.271698,2019400
2020-04-27,285.552022,285.770960,280.571631,281.657104,2287300
2020-04-28,283.527152,283.928505,277.552505,278.163666,2425900
2020-04-29,278.163590,281.565934,274.669997,280.115601,3667700
2020-04-30,279.896225,281.496154,276.623239,277.016357,3794300
2020-05-01,275.901014,278.680329,274.438216,276.029022,2525400
2020-05-04,277.016354,279.329394,274.337622,278.378571,2477500
2020-05-05,278.899648,283.233162,277.418576,281.514404,2460900
2020-05-06,283.342825,284.366775,280.252672,282.401154,2406700
2020-05-07,282.812608,283.297157,278.415091,278.844788,2601800
2020-05-08,279.667738,280.837971,277.656414,279.704315,2337400
2020-05-11,279.430018,285.089172,278.844888,283.717804,1865900
2020-05-12,284.183926,284.833032,278.652755,278.698456,2264900
2020-05-13,278.698487,280.124707,274.383248,276.230042,2954900
2020-05-14,275.196967,276.906602,269.281800,274.035858,3718900
2020-05-15,273.423320,274.118128,270.488573,273.551300,4577200
2020-05-18,275.846143,277.190085,274.200513,276.796967,3987300
2020-05-19,278.497440,282.520115,277.153499,278.506592,3523000
2020-05-20,280.463026,281.514430,277.199191,278.762543,2827000
2020-05-21,278.652824,278.881386,275.416388,276.074646,2492100
2020-05-22,276.111241,277.875728,275.032411,276.495209,2366400
2020-05-26,279.768152,280.581816,277.500815,278.661896,3234600
2020-05-27,278.442613,280.042543,273.789107,279.768280,2980200
2020-05-28,280.901859,284.330279,280.581868,283.013763,4301900
2020-05-29,278.113455,282.392117,276.422096,282.017273,4971800
2020-06-01,281.496031,283.178239,280.179516,281.852600,2293700
2020-06-02,281.541789,282.520010,278.588767,280.755524,2528900
2020-06-03,281.130354,281.770336,279.685859,280.344116,2165900
2020-06-04,284.193145,288.307249,282.584065,284.101715,4553900
2020-06-05,286.277560,286.734683,280.938372,285.281036,4375600
2020-06-08,284.019448,284.595427,280.179606,280.847015,3764500
2020-06-09,281.130415,282.136090,279.000236,279.347626,3155800
2020-06-10,280.197829,282.163450,279.438990,280.974915,2713700
2020-06-11,280.664102,282.684604,274.858668,275.032349,3443000
2020-06-12,276.714700,278.982011,270.845231,273.085144,4020000
2020-06-15,271.576548,272.509096,268.641828,271.695404,3266800
2020-06-16,275.507875,276.778661,273.560528,275.516998,2633800
2020-06-17,275.206143,276.102113,273.267947,273.917053,2188400
2020-06-18,274.273581,275.014118,272.253107,273.880463,1881800
2020-06-19,274.438300,276.010804,273.030381,274.182312,3438000
2020-06-22,273.999344,275.626700,272.673677,274.685028,2094400
2020-06-23,275.855243,278.753385,274.940997,275.452972,2409600
2020-06-24,274.977584,275.443858,271.165197,272.463409,2398100
2020-06-25,271.585716,275.324976,270.068065,274.758148,2274300
2020-06-26,274.648359,276.211710,270.570833,271.128510,2866000
2020-06-29,271.933091,275.763781,271.375387,275.727203,1841700
2020-06-30,275.197051,278.497464,274.401662,277.208374,2391700
2020-07-01,276.559250,279.375114,274.959321,278.616302,1906100
2020-07-02,279.759075,282.428684,278.479137,279.521362,2540500
2020-07-06,281.157856,284.842263,280.892717,284.778259,2332400
2020-07-07,283.434333,290.775722,283.160070,289.111816,3346600
2020-07-08,289.943718,290.775657,287.082127,289.194031,2364500
2020-07-09,292.558456,300.768388,292.265891,297.623383,5313600
2020-07-10,298.043986,299.323924,295.401804,298.254272,2484100
2020-07-13,298.318245,300.887272,293.929878,295.228119,2583200
2020-07-14,293.765255,300.475811,292.969866,299.872406,1844800
2020-07-15,299.963867,301.079247,297.696529,298.683929,1770700
2020-07-16,298.610824,299.781057,296.270358,298.290833,1402000
2020-07-17,299.232512,299.689634,296.745763,296.937775,1768100
2020-07-20,297.029181,299.360495,294.990404,298.510254,1863300
2020-07-21,298.958233,303.063186,298.501110,299.634766,1874200
2020-07-22,301.380965,301.390117,297.138881,300.146729,1312600
2020-07-23,299.963898,302.048377,297.431421,298.144531,1561700
2020-07-24,298.245074,300.558113,296.828005,297.842804,1423400
2020-07-27,297.751381,300.786682,297.294259,299.506744,2083300
2020-07-28,299.844971,301.700887,297.879350,299.479279,1374000
2020-07-29,298.976448,299.908996,297.486252,298.171936,1341300
2020-07-30,295.652377,299.097342,295.020188,297.603912,1390300
2020-07-31,297.603953,298.969100,295.524134,298.254456,2149900
2020-08-03,298.272762,302.249146,297.127497,301.726898,2480200
2020-08-04,301.946784,311.347126,301.360422,311.319641,3933300
2020-08-05,313.216153,314.013281,309.303939,311.484528,2923700
2020-08-06,313.720032,316.202958,312.987046,314.544617,2104300
2020-08-07,314.388865,315.845638,311.172953,312.345703,1759000
2020-08-10,312.162588,312.492439,310.211052,311.512085,1503800
2020-08-11,312.290779,312.290779,303.999046,304.576263,2065600
2020-08-12,305.785681,310.504166,305.254291,308.543488,1853900
2020-08-13,308.754159,311.017202,307.050018,307.572266,1536500
2020-08-14,308.332752,310.375914,307.480681,308.103699,1522900
2020-08-17,309.358865,311.850961,309.093155,311.475311,1504700
2020-08-18,312.428211,314.077381,308.589281,312.199158,1489400
2020-08-19,312.538146,313.289446,311.466194,312.336578,1730100
2020-08-20,311.640296,313.032928,310.357577,312.309113,1717500
2020-08-21,311.576227,316.862760,310.898211,315.735809,2372600
2020-08-24,316.193829,317.110041,313.445194,315.295959,1461500
2020-08-25,315.305143,316.010616,312.849674,315.827362,1176200
2020-08-26,314.269695,315.937179,313.060290,315.424103,1757000
2020-08-27,316.651983,318.603519,313.848377,317.339142,2220700
2020-08-28,318.356110,319.812883,316.551171,319.180695,1487300
2020-08-31,317.788022,319.528819,315.442523,318.530151,1586900
2020-09-01,316.743604,322.039307,316.468752,321.938538,1773700
2020-09-02,323.981546,329.762866,321.874271,328.791656,2434900
2020-09-03,332.649044,333.198777,316.569509,319.116577,3630400
2020-09-04,324.320689,324.320689,311.878516,317.531555,2557000
2020-09-08,315.030243,316.019768,309.844482,310.467499,2144300
2020-09-09,312.336579,320.399259,311.869330,317.403229,2100900
2020-09-10,317.256680,318.841737,310.375948,311.081421,1959600
2020-09-11,311.768481,314.498802,307.938724,310.714844,1599600
2020-09-14,312.418946,315.946366,311.942527,314.187256,1522300
2020-09-15,316.111342,318.621781,314.031551,315.094360,1362500
2020-09-16,318.172812,319.537987,314.489652,314.929443,1656500
2020-09-17,311.127141,314.159827,308.186109,310.485809,2681500
2020-09-18,311.695274,312.629799,303.449367,307.810516,3409300
2020-09-21,305.987220,311.163811,305.748996,311.118011,2427400
2020-09-22,312.153378,316.001451,311.136368,315.589172,2128100
2020-09-23,318.841688,319.070741,315.231811,315.754059,3577100
2020-09-24,316.092992,318.227753,309.963534,317.925415,5779300
2020-09-25,312.190058,314.966179,307.260833,313.875885,7338500
2020-09-28,314.957001,320.463415,314.352297,320.325989,3459200
2020-09-29,319.712079,324.604646,318.017081,322.634796,2526000
2020-09-30,323.019659,327.729002,321.746139,325.255219,2525800
2020-10-01,326.409583,329.552182,325.090236,328.425232,2053000
2020-10-02,325.007805,327.857210,323.285323,325.264343,2125000
2020-10-05,325.557499,328.901694,325.557499,328.535187,2093500
2020-10-06,331.577065,332.584903,327.124289,328.324524,2760400
2020-10-07,330.266912,334.179127,329.524782,332.603241,1959100
2020-10-08,334.234047,335.306027,331.439612,334.499756,1793100
2020-10-09,335.333486,338.769280,335.058634,338.503571,1730700
2020-10-12,339.914514,348.765122,339.703775,344.935364,2806900
2020-10-13,346.712858,350.258593,344.935405,348.783478,1823300
2020-10-14,350.808337,351.706207,345.136984,346.639557,1904400
2020-10-15,344.917006,346.657803,341.801892,345.026947,1697800
2020-10-16,348.618543,352.622384,347.354167,349.571411,2459400
2020-10-19,350.020390,350.991572,343.313713,344.092499,1938100
2020-10-20,346.044044,350.066200,344.605585,346.612091,1282300
2020-10-21,346.841196,349.333294,345.430222,346.163208,1466500
2020-10-22,345.732515,346.676212,340.858262,344.266571,1813200
2020-10-23,344.138307,344.972063,342.260084,343.212952,1108000
2020-10-26,335.956472,341.407942,335.443396,339.648804,2145000
2020-10-27,337.871400,343.496954,337.871400,341.490448,1525400
2020-10-28,336.552063,341.206435,334.114964,334.380646,1908300
2020-10-29,333.435216,338.814522,332.774275,334.931488,1838500
2020-10-30,331.507401,334.004287,326.605432,328.285309,2724100
2020-11-02,332.507987,335.665815,331.121840,334.500000,1646300
2020-11-03,338.676739,344.056043,337.712879,341.449005,2013100
2020-11-04,343.339997,350.334969,343.321647,345.313660,2449800
2020-11-05,351.106160,354.869825,348.370592,353.630585,2255800
2020-11-06,350.555364,355.071773,349.646580,354.025299,1950200
2020-11-09,356.402763,357.550228,334.839602,335.059906,4371300
2020-11-10,334.031823,341.063495,331.011685,336.547058,2662600
2020-11-11,339.356072,343.964312,337.960764,342.330322,1688800
2020-11-12,346.029693,347.213857,342.862677,344.891388,1535900
2020-11-13,345.634946,348.673432,344.230449,347.764648,1274600
2020-11-16,345.993015,350.004550,345.993015,348.636780,1691500
2020-11-17,355.549025,356.613876,350.472639,350.591980,3299100
2020-11-18,351.482513,356.219227,350.417662,350.876648,2134600
2020-11-19,352.143277,353.153052,349.113980,352.079041,1768900
2020-11-20,352.455513,353.878359,349.756672,349.857635,1807600
2020-11-23,351.583484,351.638561,349.141674,350.399292,1679600
2020-11-24,352.216845,354.383246,349.481277,352.703369,2061100
2020-11-25,354.144599,356.485418,353.933455,355.943817,2034200
2020-11-27,358.431554,358.624348,355.943856,356.531372,1329400
2020-11-30,359.615623,360.900778,353.630454,359.633972,3733800
2020-12-01,362.205716,365.568725,359.078211,365.088287,2996800
2020-12-02,363.119539,364.447788,359.445676,361.263763,2212800
2020-12-03,356.082583,356.770266,351.636260,352.361603,3976400
2020-12-04,353.454409,353.548616,350.326932,351.777618,2839700
2020-12-07,352.568940,354.669650,351.042876,351.683441,2652900
2020-12-08,352.267422,357.514437,349.252955,355.705780,2685500
2020-12-09,357.853705,358.908761,351.184204,352.587830,2461600
2020-12-10,352.587739,353.256564,350.016021,351.174713,2566300
2020-12-11,357.750036,357.750036,350.939267,353.350830,3483900
2020-12-14,354.726138,356.252202,351.570373,352.672546,2778400
2020-12-15,352.785648,353.906651,347.887144,350.317566,2133900
2020-12-16,349.639223,351.221805,347.463165,348.018951,2385100
2020-12-17,348.791473,349.460298,346.662504,348.819733,2314200
2020-12-18,349.582644,349.827549,344.712402,345.720367,4140000
2020-12-21,343.921235,344.891512,340.831418,343.808197,2329700
2020-12-22,342.988680,343.610415,339.701018,341.038696,2105500
2020-12-23,341.434327,342.046633,338.655363,340.906799,1782100
2020-12-24,340.454555,344.156677,340.454555,343.440735,972500
2020-12-28,344.307459,350.138550,343.911798,349.545074,3207700
2020-12-29,350.666015,351.617462,348.791410,351.108765,2072600
2020-12-30,352.502960,354.066684,351.636291,352.738464,1778000
2020-12-31,353.247161,355.178314,350.863857,354.933380,1628900
2021-01-04,355.545713,359.426821,353.077631,358.108002,3322200
2021-01-05,356.892826,358.164556,353.492156,353.953735,2748400
2021-01-06,352.144961,354.010137,348.216735,348.565277,2661400
2021-01-07,349.497959,350.100835,345.522643,346.587128,2849500
2021-01-08,346.775542,348.791473,343.167627,348.490021,2599700
2021-01-11,347.208838,349.488533,342.762513,342.903839,2562500
2021-01-12,342.894471,343.902437,339.361904,343.082886,2387600
2021-01-13,343.242949,347.359561,341.952389,345.673370,1968800
2021-01-14,344.778477,345.249486,340.595916,341.340118,2363900
2021-01-15,340.124847,343.751620,339.879913,341.161072,2340400
2021-01-19,341.349528,341.905343,332.004728,333.917023,4533800
2021-01-20,333.841576,340.916107,332.918388,340.350891,2767200
2021-01-21,340.350951,342.884980,339.069820,341.763977,2121600
2021-01-22,342.140808,343.487886,338.985043,341.292969,1960300
2021-01-25,339.936432,340.972657,336.130702,340.897308,2735900
2021-01-26,339.314723,344.684206,338.071253,343.817566,1807000
2021-01-27,341.942940,344.590007,334.274932,335.725647,3120800
2021-01-28,336.158965,340.642949,335.424193,336.356781,2251100
2021-01-29,334.180727,335.631442,331.477141,331.995239,2598700
2021-02-01,330.845887,332.334290,328.961852,330.195892,2371200
2021-02-02,331.364130,336.959717,330.384424,334.962616,1905000
2021-02-03,335.575012,336.799624,332.730100,334.614136,1759800
2021-02-04,336.690566,338.266854,333.991090,335.878845,3411600
2021-02-05,336.539588,336.822768,334.227104,335.237061,2165600
2021-02-08,336.558507,339.833764,335.614629,339.635529,2520700
2021-02-09,339.833626,341.372150,338.191259,339.380554,2154000
2021-02-10,340.739887,340.739887,335.189881,336.133759,2162400
2021-02-11,335.765634,336.492409,331.669208,332.433746,2088400
2021-02-12,332.235494,333.169953,330.451580,332.952850,2096600
2021-02-16,333.264310,335.416350,332.282698,334.132690,1829000
2021-02-17,333.292675,338.068723,332.160039,337.946014,2143000
2021-02-18,332.509279,338.097048,332.509279,336.888885,1914900
2021-02-19,336.671694,337.842093,334.680097,334.859436,1839400
2021-02-22,332.952877,333.462580,329.243445,330.555420,2215600
2021-02-23,330.168319,331.300984,322.834402,322.947662,3692600
2021-02-24,322.607863,323.278008,318.926747,321.579041,3305800
2021-02-25,321.720759,323.750091,314.641676,315.160797,3618100
2021-02-26,316.680421,317.039099,312.366893,312.423523,3362200
2021-03-01,316.397272,317.142943,312.763336,313.150330,4653200
2021-03-02,314.962522,315.906399,309.988297,310.026031,4660100
2021-03-03,309.752355,309.988325,305.589851,305.740875,4064200
2021-03-04,305.221744,307.326601,297.359255,301.134766,5501200
2021-03-05,297.632925,300.558951,289.770437,299.511261,8102800
2021-03-08,301.012048,304.240094,293.470474,293.942413,4873500
2021-03-09,296.151087,302.305160,295.159998,300.889343,5426800
2021-03-10,303.116940,309.016176,299.511320,305.655945,4523500
2021-03-11,311.866648,312.659502,308.383737,310.205414,4338900
2021-03-12,309.686268,313.018155,307.326574,312.555664,3182100
2021-03-15,314.877639,314.953136,308.950087,311.961060,3243000
2021-03-16,311.168169,311.507951,308.308221,308.883972,3066700
2021-03-17,307.704146,311.951596,305.929651,310.715118,2672400
2021-03-18,308.157179,309.724019,304.287275,304.853607,2736900
2021-03-19,305.448207,310.771690,304.296704,310.450775,4859300
2021-03-22,310.016651,317.303388,309.771233,315.717651,4064900
2021-03-23,315.151295,323.287515,315.066321,321.239288,3641200
2021-03-24,323.013822,323.287555,317.926308,319.068420,3006400
2021-03-25,318.851313,328.261774,318.341611,326.902588,4307100
2021-03-26,326.779927,332.679164,324.788359,332.263855,3061200
2021-03-29,331.725750,337.691034,331.310442,336.161957,3012000
2021-03-30,333.736224,334.859440,329.262253,330.121185,2602400
2021-03-31,330.980103,337.389040,329.630366,332.697968,2832200
2021-04-01,332.754627,337.266361,331.895695,335.019928,2938600
2021-04-05,337.436205,342.316064,336.813242,340.569885,2705700
2021-04-06,339.607223,342.438857,338.852133,339.909271,2142000
2021-04-07,340.617115,341.173999,337.540065,338.672729,1808400
2021-04-08,342.438732,345.478019,339.418341,340.947418,2839200
2021-04-09,340.654838,343.297683,339.418361,342.825745,1610800
2021-04-12,342.476619,344.751368,341.060802,344.336060,1836600
2021-04-13,344.836240,346.686232,343.826284,344.713531,1796400
2021-04-14,344.373732,344.373732,342.202797,342.788025,1509400
2021-04-15,344.402067,348.809959,343.826286,348.102051,1850100
2021-04-16,348.951623,351.877621,347.894455,349.914368,2249200
2021-04-19,350.178540,350.678794,347.535694,348.809906,1560000
2021-04-20,348.290879,354.293928,348.036043,350.867676,2330700
2021-04-21,350.754388,353.557706,350.622260,353.095215,1531800
2021-04-22,353.331172,354.369444,349.263062,350.424042,2138000
2021-04-23,350.424005,353.812522,349.621703,352.330627,1404500
2021-04-26,352.915804,352.915804,347.545138,347.837738,2059700
2021-04-27,347.507402,350.140800,344.789031,349.432892,1875900
2021-04-28,348.809924,349.706619,347.516816,348.847687,1305600
2021-04-29,348.601862,354.438046,348.592393,353.331360,1848300
2021-04-30,352.735361,353.917736,351.240824,351.959717,2118900
2021-05-03,353.615075,359.082373,352.716487,358.798615,2685800
2021-05-04,358.524288,358.713480,353.529940,354.986633,2133800
2021-05-05,355.989284,357.095970,351.921898,352.347565,1905300
2021-05-06,353.000196,362.222715,353.000196,362.052460,2641400
2021-05-07,362.118636,365.542816,361.522744,363.528046,1817100
2021-05-10,364.634804,366.904986,360.652575,360.841766,1998700
2021-05-11,358.789178,360.312091,355.658252,357.720306,1859700
2021-05-12,355.658219,356.547367,351.032756,352.063812,2344600
2021-05-13,352.905688,360.803956,351.467931,358.997284,2023100
2021-05-14,361.466061,364.946965,359.536418,363.622711,1876100
2021-05-17,364.209149,366.110387,362.184910,363.187561,1830800
2021-05-18,365.542819,368.380517,361.815973,362.099731,1698200
2021-05-19,356.745931,361.078166,355.781124,359.120148,1725000
2021-05-20,358.666173,363.717273,357.814869,362.828125,1427300
2021-05-21,364.218627,364.502414,359.848575,360.122894,1706600
2021-05-24,363.547066,364.890257,361.229630,362.705231,1657000
2021-05-25,362.865909,364.871211,361.361932,364.530701,1379700
2021-05-26,364.984728,366.772491,364.190176,364.757721,1648000
2021-05-27,364.294234,366.791393,362.752413,366.536011,4452000
2021-05-28,363.367252,364.464499,356.632453,357.805359,4681200
2021-06-01,359.375621,359.631032,355.185292,357.767609,2117800
2021-06-02,357.909479,361.257971,357.275713,359.999908,1881000
2021-06-03,359.101281,363.405112,358.363452,363.102417,1780300
2021-06-04,363.405130,366.781998,362.951087,366.554962,1765900
2021-06-07,364.615877,365.542869,358.089177,359.820160,2515800
2021-06-08,359.829601,360.586309,357.256753,359.158020,1553800
2021-06-09,359.640344,361.125413,358.618786,359.403870,1398900
2021-06-10,359.697156,362.619982,358.959356,362.288940,1404000
2021-06-11,363.092935,363.092935,359.943102,361.172760,1404200
2021-06-14,360.189151,363.206573,358.571642,362.998474,1652600
2021-06-15,362.998410,363.698367,360.917420,363.140289,1252000
2021-06-16,363.603757,365.533400,356.717610,358.883728,1801700
2021-06-17,359.801178,365.561701,358.694463,363.934753,1686500
2021-06-18,363.934796,364.086143,359.725532,360.274170,3415700
2021-06-21,361.570070,366.677922,359.971498,365.873901,1631600
2021-06-22,366.081955,371.265494,365.646849,370.962799,1934800
2021-06-23,371.738497,372.154695,369.458875,370.764221,1538000
2021-06-24,372.135796,374.103254,370.603414,370.858826,1487300
2021-06-25,371.710177,373.204685,370.083228,373.166870,2056100
2021-06-28,373.630312,375.919402,371.861485,375.087006,1645500
2021-06-29,374.859962,377.830100,374.074878,377.215271,1523600
2021-06-30,376.439595,378.804344,373.630273,374.264038,2031700
2021-07-01,374.859962,376.174776,372.570901,373.185730,1523400
2021-07-02,374.774771,379.088069,374.680175,377.357086,1676600
2021-07-06,378.208456,379.684056,375.626139,377.281464,2113100
2021-07-07,377.603050,384.148657,377.603050,382.786560,2308600
2021-07-08,381.670428,386.532365,381.348826,385.122955,2235500
2021-07-09,386.447174,391.602337,385.539119,390.060516,2304200
2021-07-12,391.640283,391.933509,382.644768,385.813538,2491300
2021-07-13,382.805563,387.147239,382.805563,385.037872,1540300
2021-07-14,386.475517,388.263281,385.226952,387.771423,1265800
2021-07-15,388.253906,389.899791,385.813498,389.540344,1894100
2021-07-16,389.824086,391.053773,387.601217,388.168762,1413900
2021-07-19,387.875477,392.850917,387.866009,391.744202,2293100
2021-07-20,391.602325,395.452142,390.514547,393.721130,2045400
2021-07-21,394.544074,394.544074,389.918641,392.557709,1480000
2021-07-22,393.494173,395.953518,391.176708,394.950867,1339200
2021-07-23,395.660308,401.051918,394.487373,400.522217,1344500
2021-07-26,400.493825,401.534320,397.608843,400.333038,1220000
2021-07-27,401.061393,401.591095,398.791240,401.382996,1666500
2021-07-28,400.370838,401.874814,397.788551,399.377655,1362700
2021-07-29,399.614527,403.566334,398.363592,403.026154,1434200
2021-07-30,403.689600,408.920743,403.651685,407.233887,2283900
2021-08-02,408.086765,408.172052,403.215743,406.475739,1366900
2021-08-03,407.423477,413.943441,406.665321,412.303986,1448100
2021-08-04,413.185179,415.071037,410.237931,412.275421,1280500
2021-08-05,414.843682,420.292800,413.877067,419.999023,1742600
2021-08-06,419.563065,420.254848,415.933463,416.625275,1789800
2021-08-09,417.591991,419.610539,416.322113,417.421417,1472500
2021-08-10,417.601463,420.577140,417.601463,419.847443,1893700
2021-08-11,422.188122,424.557303,418.681722,421.050903,2267500
2021-08-12,419.818957,423.259013,419.108203,422.055450,1230700
2021-08-13,422.453489,424.898472,421.278384,424.386749,1309300
2021-08-16,424.472063,429.475773,423.657049,429.163025,1515600
2021-08-17,429.163068,430.034939,426.168447,428.670288,1936700
2021-08-18,427.362437,431.418475,422.567216,422.860992,2030100
2021-08-19,419.771602,431.664881,418.217405,430.489777,1953700
2021-08-20,431.655436,436.517001,429.921207,434.972290,1911200
2021-08-23,433.342276,435.038618,430.802520,431.124725,1835900
2021-08-24,431.427987,431.560675,426.736996,428.149048,1541700
2021-08-25,427.239224,429.125113,423.912913,427.618317,1520600
2021-08-26,427.618372,428.802963,423.325416,425.798828,1418600
2021-08-27,425.798831,427.987953,423.420163,426.774933,1310200
2021-08-30,427.438283,432.697855,426.869674,432.072388,1219800
2021-08-31,432.271375,432.972644,428.764975,431.655365,1699000
2021-09-01,431.645850,432.783040,428.205795,432.631409,1325400
2021-09-02,435.379813,437.294101,434.403711,436.848694,1455000
2021-09-03,434.981751,439.341051,434.981751,438.345978,1302400
2021-09-07,438.298599,438.961981,433.683438,435.550354,1463400
2021-09-08,435.085988,441.454350,434.109887,441.331177,1372000
2021-09-09,442.885330,445.188167,440.895211,441.558594,1398700
2021-09-10,442.724228,443.889847,438.961967,440.819397,1324800
2021-09-13,442.619949,443.738196,434.223584,435.607178,1679500
2021-09-14,436.829735,438.014326,433.484451,434.422638,1383900
2021-09-15,434.261431,438.061607,432.271342,436.621155,1770300
2021-09-16,436.678098,439.502144,432.678919,439.066223,1577500
2021-09-17,437.464663,438.601882,433.105363,435.465088,3411400
2021-09-20,432.735795,436.829748,423.249582,427.533081,2602000
2021-09-21,427.533117,432.934834,426.604387,428.452332,1531300
2021-09-22,430.906683,431.522664,426.300980,428.660675,1380800
2021-09-23,428.632295,431.712231,427.495106,429.087189,2061200
2021-09-24,432.119769,444.193108,431.191039,443.273865,3353800
2021-09-27,441.189022,445.870527,433.313864,436.460144,2526000
2021-09-28,433.219037,433.560185,422.349232,423.941315,2632700
2021-09-29,426.329504,432.138742,425.410260,428.149048,1922000
2021-09-30,429.883252,431.532193,425.789299,425.836700,1836400
2021-10-01,426.196821,427.476156,417.696196,424.870056,1860700
2021-10-04,424.879572,425.836731,413.346411,417.108673,2264000
2021-10-05,416.577841,425.609159,416.265122,422.889343,1808700
2021-10-06,420.700267,426.244157,419.231386,425.827179,1334600
2021-10-07,432.584112,435.540846,428.414359,429.172485,1966200
2021-10-08,431.608074,431.901851,426.452732,428.205933,1545800
2021-10-11,426.490632,429.949631,426.016795,426.168427,1011700
2021-10-12,426.594661,429.153388,422.424909,423.486298,1380900
2021-10-13,425.069044,426.935960,420.832947,421.998566,1621500
2021-10-14,423.713900,428.063743,423.135834,427.078156,1480400
2021-10-15,430.139130,430.186502,425.675571,428.717621,1494800
2021-10-18,426.083128,438.156499,425.031225,437.777435,2141300
2021-10-19,438.772424,442.714746,436.223183,442.638916,1365300
2021-10-20,444.003550,447.775297,443.359140,445.188141,1352900
2021-10-21,445.188214,452.655880,444.534318,452.257874,1423300
2021-10-22,453.925689,459.649640,453.527683,456.768707,1710300
2021-10-25,456.768736,466.453952,454.409040,464.454376,1903400
2021-10-26,456.901423,462.701175,456.048524,460.123505,2378600
2021-10-27,458.531375,465.781065,458.256542,463.516113,1741800
2021-10-28,462.225160,466.847786,461.769559,465.613831,1362400
2021-10-29,462.054373,469.069017,461.940473,466.572601,2471600
2021-11-01,469.050052,469.752484,462.453089,466.885864,1548700
2021-11-02,469.610136,474.118864,467.692751,471.745850,2012200
2021-11-03,475.874810,477.412518,470.568753,476.814514,1856000
2021-11-04,481.256856,493.786385,480.307650,489.429504,2615000
2021-11-05,488.622609,491.593627,482.794472,487.056396,2071700
2021-11-08,487.331650,487.331650,474.792681,478.219299,2834800
2021-11-09,479.462777,483.240626,478.456622,482.870422,1881800
2021-11-10,482.443262,484.436571,478.181309,479.832947,1226600
2021-11-11,480.487953,486.467937,478.437665,486.164185,1227300
2021-11-12,488.129031,493.264209,487.160823,490.900696,1780200
2021-11-15,492.153663,496.529488,491.698063,493.482574,1392300
2021-11-16,493.435155,501.465399,491.128534,499.965637,1690700
2021-11-17,500.705994,503.781411,497.867878,499.557434,1609400
2021-11-18,501.332519,503.838436,495.950538,502.481079,1664200
2021-11-19,506.951851,508.090909,501.190165,506.676544,1909800
2021-11-22,506.230524,517.715893,505.281318,512.239014,2190500
2021-11-23,510.634834,518.095579,506.657659,517.564026,2147000
2021-11-24,517.829528,522.850862,515.722320,521.806702,2316400
2021-11-26,521.635977,526.382005,516.662148,518.389709,1844800
2021-11-29,518.389762,532.295650,514.858686,526.695312,2919100
2021-11-30,523.012371,528.868955,508.669886,511.982605,4244200
2021-12-01,515.513667,520.402100,502.509593,502.927246,2877100
2021-12-02,492.172638,503.942753,487.929659,498.817078,3277500
2021-12-03,503.069510,510.198054,498.114684,502.063354,2984400
2021-12-06,505.214698,508.821668,500.772423,506.116455,2432900
2021-12-07,510.910001,515.418728,507.549834,514.488525,2579800
2021-12-08,518.465720,519.965423,498.855096,503.183472,3037500
2021-12-09,501.940035,505.290760,497.194006,497.697113,3200500
2021-12-10,507.549726,532.760624,507.454771,530.435059,6333600
2021-12-13,522.480857,531.317961,520.145790,528.916443,3415200
2021-12-14,528.195056,528.868955,510.264545,517.639893,3494400
2021-12-15,518.465740,537.715604,517.820287,536.756897,2937100
2021-12-16,536.101887,537.772498,521.541103,524.559570,2683000
2021-12-17,521.417780,528.204567,513.501377,519.794617,5752000
2021-12-20,514.592843,521.246784,510.701123,520.696228,2033600
2021-12-21,522.537822,523.752834,508.850290,517.725342,2472800
2021-12-22,517.677806,522.063132,512.381222,521.749878,1454500
2021-12-23,523.714836,524.540641,519.680711,522.414429,1757800
2021-12-27,523.524980,537.003715,523.430083,534.848999,2262900
2021-12-28,534.810913,537.857884,532.219600,535.959473,1155000
2021-12-29,537.630135,542.461559,534.877415,538.930542,1753000
2021-12-30,540.601068,540.933267,533.804724,535.266479,1338700
2021-12-31,534.792066,539.386248,530.634598,538.864197,1509200
2022-01-03,536.329719,538.645725,527.293262,537.924377,2714100
2022-01-04,535.570374,539.832298,533.254309,535.570374,2097500
2022-01-05,535.057826,536.348732,521.844898,521.987244,2887500
2022-01-06,518.456113,525.404305,515.940695,521.873230,2503100
2022-01-07,519.737563,520.515919,507.103638,508.945099,2323900
2022-01-10,502.405127,503.468233,482.671159,492.447968,4916800
2022-01-11,492.447942,495.931511,484.370221,495.513916,2457300
2022-01-12,495.513850,503.107495,495.494847,499.092316,1729500
2022-01-13,500.838858,502.177213,489.059184,490.625397,2428100
2022-01-14,485.585180,486.923535,476.368372,477.440979,3872500
2022-01-18,469.344249,469.932751,462.130279,463.278839,3801900
2022-01-19,465.006329,471.033761,462.358037,465.262604,2709400
2022-01-20,465.822727,474.488980,457.365300,458.295532,2893700
2022-01-21,457.441253,469.486648,456.871724,457.146973,3295600
2022-01-24,451.394778,465.082338,445.186994,464.066681,4412600
2022-01-25,455.523859,458.124702,448.376340,453.074921,3076800
2022-01-26,458.684706,468.784240,454.451227,458.912506,3074900
2022-01-27,462.187301,470.606752,455.913036,458.010773,2372300
2022-01-28,459.168788,467.702168,451.727019,467.417389,1918500
2022-01-31,467.009244,480.696804,465.708837,479.472321,2480700
2022-02-01,479.348959,483.791235,471.698362,482.585754,2347200
2022-02-02,485.148617,497.374394,484.417739,495.504486,2547600
2022-02-03,490.418482,500.457285,488.830922,496.017792,2665100
2022-02-04,492.538353,496.236374,485.589145,494.116455,2387400
2022-02-07,495.570939,496.236402,488.849876,490.427979,1863600
2022-02-08,490.427976,497.557810,485.303989,495.428375,1462000
2022-02-09,501.940197,507.872208,499.734695,502.729248,2256700
2022-02-10,495.162222,498.584519,489.344282,492.890167,2558900
2022-02-11,492.814121,495.618476,482.338000,484.514984,2349700
2022-02-14,483.868531,486.283176,476.691177,481.558472,1749600
2022-02-15,488.003844,490.532532,485.551165,488.555176,1984600
2022-02-16,486.245080,489.154050,476.947779,487.110199,1770800
2022-02-17,484.486474,492.633505,482.005277,489.591431,2022800
2022-02-18,489.477343,492.338792,485.142378,487.366882,2154700
2022-02-22,484.828638,489.182606,473.573012,477.394592,2451800
2022-02-23,478.117073,482.898813,470.359812,470.816132,2021400
2022-02-24,459.417867,481.548866,459.142201,480.626740,2859800
2022-02-25,483.478789,492.671535,480.313156,491.949036,2003000
2022-02-28,488.916430,493.983381,486.064496,493.622131,2408900
2022-03-01,493.821775,503.233120,493.565083,497.120483,2316000
2022-03-02,498.137608,506.778991,494.116402,501.940186,2571500
2022-03-03,508.109989,512.359400,503.404287,506.741058,3851800
2022-03-04,493.859733,503.765430,486.520757,499.563599,4417900
2022-03-07,497.614766,518.376805,497.586219,502.434540,3896900
2022-03-08,500.248096,513.091311,496.626143,497.529266,3649700
2022-03-09,501.578936,504.659014,490.256788,501.607483,2789700
2022-03-10,497.291657,507.995924,492.566982,506.427338,1777700
2022-03-11,510.134702,515.867115,500.447635,501.388763,1735100
2022-03-14,501.721666,508.889504,497.700400,499.991486,1950000
2022-03-15,503.841640,517.008045,501.864283,515.553589,2547900
2022-03-16,517.654427,524.394464,505.039357,516.570679,3017200
2022-03-17,516.532628,525.867963,516.390066,525.506714,1974200
2022-03-18,525.668303,534.784950,522.388569,533.644165,3597800
2022-03-21,532.494091,538.777838,523.653108,528.111633,3136900
2022-03-22,529.470961,532.693602,525.069473,531.809509,1777500
2022-03-23,529.461407,533.016807,524.670122,526.676025,1546800
2022-03-24,528.092496,530.706768,522.112905,530.564148,1614200
2022-03-25,532.189727,532.769606,523.073022,528.282593,1974900
2022-03-28,529.261913,537.361424,526.181834,537.313904,2056100
2022-03-29,539.966131,543.027179,536.667422,541.848389,2005400
2022-03-30,542.770427,549.710119,540.526920,548.017944,2086500
2022-03-31,550.137838,557.381742,547.105280,547.428467,3439800
2022-04-01,548.883017,554.216118,544.063244,547.162354,1933500
2022-04-04,545.612811,551.079015,543.264689,546.744080,2201800
2022-04-05,544.329685,555.157484,543.863821,546.924927,1826800
2022-04-06,545.698542,557.838234,542.219150,555.927429,2646200
2022-04-07,563.057142,582.051056,559.720429,578.039307,4804200
2022-04-08,576.451794,577.991833,568.228696,570.424683,3230200
2022-04-11,569.236264,571.337209,554.035471,555.813171,2792700
2022-04-12,557.733577,562.524804,550.194974,552.666626,2142000
2022-04-13,553.721774,564.197893,553.721774,561.916382,2211800
2022-04-14,562.572386,566.850286,558.075799,561.250977,2206200
2022-04-18,556.488332,562.886151,550.993578,553.389221,2161900
2022-04-19,554.558389,565.471826,553.275042,564.967957,2327800
2022-04-20,569.578665,575.406121,567.819938,573.742493,1793300
2022-04-21,577.307353,579.113542,561.973454,562.534302,2027900
2022-04-22,561.212944,562.686490,542.865517,543.483459,2878200
2022-04-25,542.162102,542.181133,526.210316,540.165771,3154500
2022-04-26,537.351727,540.289244,526.001031,526.428833,2057400
2022-04-27,528.738878,535.802158,525.563700,526.733032,2261600
2022-04-28,528.913573,537.797532,519.705901,535.131409,2118700
2022-04-29,534.112501,534.731449,504.375594,506.298981,2968000
2022-05-02,506.784625,513.421427,493.492075,503.661469,3303400
2022-05-03,504.661259,508.727134,498.662467,502.833069,2398000
2022-05-04,506.184680,520.029574,497.814943,518.401306,2465200
2022-05-05,515.678064,516.411269,487.683626,492.587433,3977000
2022-05-06,489.807149,491.749598,474.971995,479.294922,3560800
2022-05-09,472.382013,482.808488,470.706147,474.981476,3292700
2022-05-10,485.331730,486.217260,471.934396,477.485657,2729400
2022-05-11,479.828111,483.713038,464.488299,465.697571,2782900
2022-05-12,463.517070,473.486511,456.823168,462.936218,2829500
2022-05-13,469.534914,474.943382,466.192744,473.496033,2338600
2022-05-16,472.420067,473.886420,466.211763,470.887024,1579700
2022-05-17,465.773781,469.963416,457.270722,467.021149,2602800
2022-05-18,438.007870,441.683314,404.252687,408.870819,9511600
2022-05-19,409.794448,409.946802,398.701428,402.710144,5839600
2022-05-20,408.299440,408.347067,387.075126,396.520844,5115000
2022-05-23,399.920210,409.442120,396.749427,408.946991,3687200
2022-05-24,404.490778,417.754823,404.062310,416.783569,3473400
2022-05-25,415.469475,422.068181,410.232425,419.068756,3225100
2022-05-26,427.628978,445.672979,426.114998,442.759277,5917600
2022-05-27,434.960900,452.176532,433.361226,448.253510,5719600
2022-05-31,448.253436,448.291503,436.132034,443.930481,4424500
2022-06-01,446.939477,448.005927,434.865701,435.141815,2319400
2022-06-02,438.864866,467.649613,435.989260,464.297882,4950600
2022-06-03,461.841255,464.812087,452.852568,453.481018,2857400
2022-06-06,457.527807,458.003902,446.491916,449.881714,2297000
2022-06-07,437.922227,451.081516,437.617519,449.224731,2435500
2022-06-08,449.224718,451.748019,444.568519,445.615906,1697000
2022-06-09,444.996969,461.088992,444.816051,449.481781,3087500
2022-06-10,442.768873,445.806365,435.875019,441.159668,2549900
2022-06-13,428.486018,436.712964,427.438602,430.628448,3113400
2022-06-14,430.628352,436.827124,428.752534,433.056427,2224600
2022-06-15,436.579600,442.159426,429.809535,436.855743,2250200
2022-06-16,428.781085,435.884421,426.552962,430.161774,2906600
2022-06-17,429.485768,433.903948,422.011091,425.334229,3623400
2022-06-21,429.009660,442.597445,427.667096,440.969177,2420600
2022-06-22,437.427091,442.502257,436.579627,437.969818,1827500
2022-06-23,444.073358,453.509575,443.444908,452.290771,2030100
2022-06-24,457.051789,461.650860,453.890507,461.212860,2862600
2022-06-27,462.583972,463.945599,454.528443,458.718079,2034700
2022-06-28,460.384377,463.945562,445.520688,446.206238,1754600
2022-06-29,448.434327,450.357743,444.120904,447.377380,1275600
2022-06-30,445.910992,459.041712,442.502161,456.366058,3852400
2022-07-01,458.175265,467.763835,455.147304,462.536316,2660400
2022-07-05,462.345942,467.430640,455.585379,464.916870,2489400
2022-07-06,464.916820,473.257994,464.459758,469.096924,2262300
2022-07-07,468.535141,471.839245,465.830922,471.286987,2125200
2022-07-08,473.543733,481.351684,473.239025,477.561981,2607800
2022-07-11,477.161930,481.380129,471.182172,475.048065,1891100
2022-07-12,473.248569,477.904769,464.707412,467.116455,1775300
2022-07-13,461.165166,473.543650,460.689071,468.687469,2008400
2022-07-14,472.372398,488.731060,470.020485,487.464630,3715600
2022-07-15,492.206624,499.709895,491.121170,497.948364,4265100
2022-07-18,496.910422,503.261578,491.016356,491.616241,2464100
2022-07-19,497.434076,500.452564,492.254155,495.358307,2391000
2022-07-20,496.339045,501.004746,492.101784,499.138489,1740700
2022-07-21,498.986177,504.413678,496.662829,504.147095,1716100
2022-07-22,505.337402,511.431391,500.919221,504.394684,1800800
2022-07-25,506.013434,506.841836,500.852574,503.842468,1452700
2022-07-26,490.378373,494.834620,484.436710,487.455139,3334800
2022-07-27,488.569197,500.205002,486.731505,497.338898,2060100
2022-07-28,496.261186,514.288628,496.261186,511.427124,2083300
2022-07-29,507.440019,517.092820,507.344658,516.310669,2131500
2022-08-01,516.425041,527.193870,516.262906,521.566223,2256000
2022-08-02,518.914603,525.600934,515.805094,518.370911,1984200
2022-08-03,519.839924,523.369124,517.092875,521.757141,1693300
2022-08-04,521.747578,521.938357,515.709788,518.199341,2000500
2022-08-05,512.438132,516.596837,508.727701,515.709778,1711500
2022-08-08,518.733315,522.224323,513.801949,516.882874,1344100
2022-08-09,518.542642,519.839843,509.242755,511.083649,1877300
2022-08-10,519.343830,524.523145,512.485757,514.898987,2336600
2022-08-11,518.161143,518.399601,507.335142,507.630829,2340200
2022-08-12,511.427007,513.544550,509.090101,512.409485,1918200
2022-08-15,511.636847,521.747469,510.950055,520.555176,1848000
2022-08-16,525.658159,534.118666,523.626487,527.489563,2498000
2022-08-17,524.609026,533.622775,523.664740,530.637268,1835200
2022-08-18,533.250801,538.678123,530.732664,535.063110,1619200
2022-08-19,532.859849,533.441674,527.632794,528.930054,1617000
2022-08-22,527.470673,527.470673,519.162751,520.288269,1860900
2022-08-23,520.545723,520.803277,512.094762,517.045166,1359000
2022-08-24,517.693693,520.049637,514.460180,518.141968,1145800
2022-08-25,520.545629,525.476937,514.641391,525.343445,1483300
2022-08-26,524.609079,527.155802,507.125273,507.268372,1886800
2022-08-29,502.699503,510.778455,499.809356,506.543427,1579900
2022-08-30,509.614705,511.264820,497.434221,499.942810,1872700
2022-08-31,501.278203,502.022221,496.241986,497.997009,2179800
2022-09-01,495.726853,505.131705,493.161094,504.740601,2280600
2022-09-02,508.107781,510.149002,492.226410,495.145142,1901700
2022-09-06,496.146638,498.998652,488.868932,494.944855,1933400
2022-09-07,495.994045,507.115732,494.944850,505.189026,1827900
2022-09-08,500.124116,508.422489,497.481975,504.692963,1600800
2022-09-09,507.554470,513.220250,505.084071,511.808594,1930900
2022-09-12,512.905453,517.550623,512.209172,514.612854,1522400
2022-09-13,506.285853,507.668924,485.206131,486.741791,2881400
2022-09-14,490.137492,490.280591,479.893317,484.548035,2007300
2022-09-15,484.929429,485.558963,477.422756,480.255646,1749600
2022-09-16,476.507149,483.059988,474.341926,480.866180,3004800
2022-09-19,478.977607,483.317543,475.858578,483.184021,1441300
2022-09-20,479.778858,480.189000,470.641135,476.459503,1843100
2022-09-21,479.301874,483.050436,470.240445,470.307220,2082600
2022-09-22,471.194304,471.194304,462.047034,464.679626,3133100
2022-09-23,456.829470,460.053435,442.130877,444.868378,5377800
2022-09-26,444.362943,461.760878,443.733409,458.126770,4001900
2022-09-27,463.077190,465.852852,453.481615,456.219116,2412400
2022-09-28,459.299993,468.857406,452.298851,465.747925,2419500
2022-09-29,463.191698,466.434760,452.184466,456.867798,1963900
2022-09-30,458.470186,461.493825,450.085971,450.467499,2436700
2022-10-03,452.594549,458.641857,448.683821,455.675446,2338500
2022-10-04,461.493846,465.490416,458.536981,463.687683,2175600
2022-10-05,459.080675,461.532037,452.899844,458.145935,1587700
2022-10-06,461.131370,471.079858,459.672004,460.215668,2430700
2022-10-07,456.181004,456.991740,444.601436,446.537720,2568100
2022-10-10,448.006589,448.540734,440.299589,444.782623,1616300
2022-10-11,443.533095,455.217569,442.293122,450.229004,2341400
2022-10-12,452.422783,457.592550,444.773012,444.849335,2043900
2022-10-13,437.037533,449.961982,428.300403,446.385101,3390900
2022-10-14,450.238538,451.535769,432.840605,433.660889,2301600
2022-10-17,440.337803,445.326370,439.221833,442.741486,2097500
2022-10-18,451.354518,454.521227,447.186237,451.421265,1864000
2022-10-19,446.213353,452.947423,445.393069,449.666229,1207600
2022-10-20,449.256093,450.286222,441.539575,443.170624,1709500
2022-10-21,442.302597,457.430428,440.938621,456.104584,2508400
2022-10-24,459.376247,475.009609,458.803969,474.027161,2366200
2022-10-25,470.545659,477.098498,467.855839,476.020660,2130900
2022-10-26,475.009659,483.994794,472.806303,476.392731,2088700
2022-10-27,477.596675,480.654467,472.178686,474.472015,1576600
2022-10-28,475.198252,490.028508,473.927375,488.165161,2369300
2022-10-31,486.989853,486.989853,478.256052,479.211609,2192200
2022-11-01,481.313791,484.839797,477.567997,477.739990,1586300
2022-11-02,475.676062,480.874292,461.791826,462.021179,2464400
2022-11-03,459.507987,469.493535,458.389974,464.677551,2010400
2022-11-04,468.604897,470.735799,455.313103,464.792236,1987300
2022-11-07,455.848168,468.222635,453.411511,466.837067,2036000
2022-11-08,468.920268,476.115607,462.976705,470.860046,1709900
2022-11-09,470.038217,475.465771,465.222204,468.194000,1640500
2022-11-10,482.508262,491.968236,479.116019,490.324707,3098300
2022-11-11,490.324730,493.869866,484.190044,492.560699,2393500
2022-11-14,492.847441,497.558328,486.779651,487.028076,1820200
2022-11-15,496.889385,506.253827,496.889385,503.071808,2502200
2022-11-16,498.141165,505.068950,497.051816,500.816711,1833600
2022-11-17,495.933767,498.599749,490.162228,498.150665,1902500
2022-11-18,503.454063,506.005383,495.159840,500.396271,1584400
2022-11-21,502.374191,503.845786,498.876881,500.109528,1268300
2022-11-22,506.406710,509.120458,503.272457,508.308258,1809100
2022-11-23,510.267230,512.942777,506.827249,510.735443,1288200
2022-11-25,510.420008,512.044466,509.378485,509.942230,744200
2022-11-28,507.295399,512.417168,505.432052,507.324036,1684300
2022-11-29,507.438687,509.999572,504.533817,505.451172,1685700
2022-11-30,503.969940,518.465771,498.934198,515.283752,3601800
2022-12-01,496.067637,496.067637,473.640724,481.466705,6970400
2022-12-02,476.363991,476.794004,470.238871,472.551331,3632100
2022-12-05,470.611564,470.802687,463.186900,466.942230,2455300
2022-12-06,468.853329,469.627328,455.962882,459.775543,2995900
2022-12-07,457.797553,464.916461,457.587330,460.549561,2072600
2022-12-08,461.438192,461.849074,452.455967,460.023987,2901000
2022-12-09,453.984866,468.308647,449.589300,461.552856,4211100
2022-12-12,461.275871,466.139651,459.307427,466.005859,2276400
2022-12-13,474.949801,475.838462,460.148212,466.502686,2626700
2022-12-14,467.133277,469.837518,459.660848,462.030609,2145000
2022-12-15,454.214209,455.513781,442.575538,443.292206,3437700
2022-12-16,440.760001,444.133114,436.574659,440.941559,4909200
2022-12-19,440.435089,442.814415,435.122168,438.246857,1939200
2022-12-20,436.268859,439.794865,432.417968,437.472870,1993700
2022-12-21,438.963560,443.082006,435.924897,441.524445,1462400
2022-12-22,438.265911,439.938135,433.239705,438.323242,1906100
2022-12-23,437.186247,442.594701,434.587132,442.088257,1229500
2022-12-27,443.760428,444.047112,436.794413,438.122650,1230800
2022-12-28,437.205313,439.995521,432.675955,432.857513,1324100
2022-12-29,435.380239,438.600460,433.306669,436.240234,1465000
2022-12-30,434.443793,436.402701,430.717128,436.211578,1803200
2023-01-03,437.644871,438.409305,427.993745,433.134644,1978100
2023-01-04,436.861270,439.087732,432.475269,436.268829,2097300
2023-01-05,434.338622,436.144609,429.637272,430.181946,2169300
2023-01-06,442.499105,462.890707,441.677340,461.409576,5174500
2023-01-09,461.466937,465.231832,456.889842,457.472717,2384800
2023-01-10,455.934262,460.664250,454.348035,460.004913,1649900
2023-01-11,458.982458,462.986242,457.816678,462.785583,1576400
2023-01-12,463.435327,463.444892,457.472664,460.989105,1628200
2023-01-13,459.517595,464.008693,457.711579,463.683807,1405900
2023-01-17,463.569103,468.681335,462.842870,465.136200,1539900
2023-01-18,463.263374,467.085600,457.252915,458.160706,1925500
2023-01-19,455.074182,456.335523,447.267302,448.624176,1919500
2023-01-20,452.857289,458.972844,448.605051,458.772156,2588600
2023-01-23,458.619325,473.229762,456.373762,470.716644,2709400
2023-01-24,470.181530,471.662660,465.365547,470.238861,1510200
2023-01-25,467.611134,470.076486,462.967143,469.063599,1329800
2023-01-26,471.280463,476.507358,469.913995,476.153778,1576400
2023-01-27,477.548945,486.473839,475.733364,480.922058,2034100
2023-01-30,478.131803,483.129374,478.131803,480.912476,1855900
2023-01-31,480.864701,488.681146,479.689356,488.423157,1924100
2023-02-01,485.718893,497.319363,482.288449,494.892212,2080200
2023-02-02,501.860793,507.374389,498.366975,501.037598,2287400
2023-02-03,496.921573,499.238029,490.575200,492.776794,1844100
2023-02-06,492.432163,495.093204,490.355013,493.532990,1740100
2023-02-07,490.086985,495.830304,485.683797,494.432800,1927300
2023-02-08,489.416973,490.268884,480.103213,482.256958,2062900
2023-02-09,483.673630,487.378066,477.097534,479.212982,1517300
2023-02-10,477.183675,479.136383,474.187572,478.600342,1536800
2023-02-13,480.275531,485.109509,479.902230,484.784058,1452600
2023-02-14,483.405662,486.124163,477.298594,481.692230,1257300
2023-02-15,481.223161,489.541404,479.892611,489.407379,1422600
2023-02-16,482.065549,488.880980,482.055997,482.534607,1456000
2023-02-17,482.697292,485.990131,480.371254,485.769989,1340400
2023-02-21,479.394856,482.429227,475.307509,480.275482,1811800
2023-02-22,482.362247,483.836345,475.355391,476.111603,1332000
2023-02-23,477.461265,477.518696,466.989277,472.043427,1546300
2023-02-24,467.678499,469.382349,463.964510,467.707214,1587600
2023-02-27,471.478637,471.909398,464.902541,466.194794,1501700
2023-02-28,464.826001,467.965681,463.083854,463.466736,1918200
2023-03-01,460.518450,461.935117,454.698538,458.192413,1759300
2023-03-02,456.938482,466.577693,455.215498,464.912140,2379200
2023-03-03,454.516687,455.636648,445.423099,454.928314,5354200
2023-03-06,456.134397,467.908219,455.177178,462.413757,3104700
2023-03-07,465.304634,474.024894,464.251687,464.395264,2659100
2023-03-08,462.337266,466.051284,460.556851,465.247223,1548500
2023-03-09,466.625595,469.037779,458.144611,459.006104,1629400
2023-03-10,458.489220,459.905887,448.342683,450.984619,2123000
2023-03-13,446.830245,456.297164,446.830245,451.807800,1799600
2023-03-14,455.091089,464.404850,452.765052,461.303467,2422900
2023-03-15,460.911027,466.185289,458.068082,464.883484,2226300
2023-03-16,464.184639,467.257336,462.107488,466.414978,1979600
2023-03-17,468.147531,468.942011,460.910951,466.213928,3959300
2023-03-20,467.123332,469.793984,464.940872,468.358154,1623800
2023-03-21,471.909458,471.909458,465.199336,469.851440,1664000
2023-03-22,468.520827,475.374525,466.501107,466.663818,1299700
2023-03-23,469.698294,472.148775,463.572092,466.893646,1565900
2023-03-24,466.108677,474.752372,465.744928,474.082306,1635200
2023-03-27,476.006367,478.475982,471.440438,472.120056,1452100
2023-03-28,471.536114,472.924095,464.644148,465.945953,1407800
2023-03-29,468.271973,470.282111,465.113130,469.870514,1643000
2023-03-30,471.909401,474.532174,469.994961,470.454437,1545500
2023-03-31,473.823864,477.040109,472.809214,475.613861,2082000
2023-04-03,475.259703,477.844209,473.823873,475.767029,1804700
2023-04-04,475.259682,481.079566,474.302462,476.437073,1913300
2023-04-05,477.652790,482.563333,473.977068,475.862793,1941500
2023-04-06,461.379982,466.979724,457.072493,465.189728,4114700
2023-04-10,463.198701,472.770900,461.054538,472.703888,1653600
2023-04-11,472.703911,478.600390,471.909432,477.317719,1547400
2023-04-12,478.609944,478.657793,467.640212,468.415558,2063700
2023-04-13,472.378389,477.116639,469.334437,476.590179,1600500
2023-04-14,474.962862,478.964033,469.190828,470.282043,1675300
2023-04-17,471.689214,476.590204,470.138522,472.809174,1411800
2023-04-18,474.876844,476.341390,472.981538,475.642609,1339600
2023-04-19,475.862732,476.685927,472.703888,474.809784,1098800
2023-04-20,474.541834,488.813988,474.312110,483.951294,2936500
2023-04-21,487.579179,488.794867,483.836445,484.688385,1508600
2023-04-24,484.448995,489.799851,484.171394,489.541412,1374100
2023-04-25,489.263810,491.178250,480.773275,481.644348,1789900
2023-04-26,479.012040,481.357212,472.282785,473.498444,1441900
2023-04-27,473.661124,480.773290,473.661124,479.825623,1361600
2023-04-28,480.103242,483.233340,479.222616,481.692230,1170200
2023-05-01,477.796323,478.657815,467.889090,472.474182,2203200
2023-05-02,473.823842,474.474744,468.855868,473.641968,1940800
2023-05-03,475.355442,477.442174,468.712333,469.095215,1426400
2023-05-04,468.999236,470.888893,466.111985,470.342133,1487000
2023-05-05,473.085549,479.032673,472.874520,478.706543,1709200
2023-05-08,477.085465,479.848013,475.483590,478.706543,1015000
2023-05-09,476.692152,481.277205,476.145421,480.365967,1571800
2023-05-10,481.478718,484.375542,474.908080,479.282104,1257600
2023-05-11,479.138203,482.485859,477.258118,481.421143,1046700
2023-05-12,482.648979,485.392324,480.759321,483.512268,1472800
2023-05-15,483.454721,484.404336,478.514733,481.565063,1135700
2023-05-16,479.608242,479.886423,474.140696,475.915253,1229300
2023-05-17,477.689752,477.699354,471.838527,474.812103,2069500
2023-05-18,474.812068,478.265253,473.929576,477.785645,2298900
2023-05-19,479.023148,479.023148,473.776233,476.270172,1635000
2023-05-22,476.730538,476.730538,468.615576,471.809753,1943800
2023-05-23,467.301491,467.301491,463.272770,465.095276,1800200
2023-05-24,467.378223,467.378223,461.296794,463.071350,1600600
2023-05-25,460.625328,468.615617,457.306447,466.706757,3421900
2023-05-26,465.843490,489.919830,464.375890,486.572174,5302600
2023-05-30,488.998899,493.794951,481.133313,487.310669,2544800
2023-05-31,488.106851,492.912534,484.356340,490.696747,3320800
2023-06-01,488.557678,492.787826,481.622562,491.694305,2407700
2023-06-02,489.507374,497.353758,488.624882,491.684814,2284800
2023-06-05,491.684753,497.756550,491.137992,497.113892,2023500
2023-06-06,497.113879,497.478386,491.847790,495.205048,1410300
2023-06-07,493.526478,498.111502,489.747163,490.380249,1784700
2023-06-08,491.598428,499.070703,491.598428,498.878906,1530400
2023-06-09,497.056363,500.768526,494.476069,496.183502,1287300
2023-06-12,496.183539,500.010804,494.955714,499.722992,1404500
2023-06-13,500.730255,501.622320,496.787831,500.730255,1204700
2023-06-14,503.588656,506.322400,501.804527,505.698944,1841400
2023-06-15,507.425462,509.593300,505.180870,507.598114,1871600
2023-06-16,508.480569,508.787526,501.315251,502.293671,3147800
2023-06-20,500.663059,501.574326,497.008446,498.504822,1684400
2023-06-21,496.787698,500.365614,495.473576,498.427979,1273600
2023-06-22,499.454369,503.281633,498.485551,502.821228,1114000
2023-06-23,501.794942,503.972383,498.159533,503.051514,1434300
2023-06-26,503.013162,503.463965,500.001208,502.073090,1278500
2023-06-27,501.334488,510.696391,500.806872,508.701263,1673600
2023-06-28,507.406252,511.732327,507.051346,511.070465,1245200
2023-06-29,508.941113,510.734843,507.377585,510.005829,1121800
2023-06-30,512.384469,517.554659,511.866514,516.422791,2221900
2023-07-03,515.338896,519.012710,512.547603,518.974304,951400
2023-07-05,519.147149,523.780181,515.578891,519.060852,1630400
2023-07-06,516.902528,518.264599,514.696342,515.454102,1750100
2023-07-07,512.115972,514.581165,503.233620,503.636475,2740600
2023-07-10,503.646118,509.487771,503.646118,505.516602,1955600
2023-07-11,505.986631,509.113685,504.691712,508.039368,1262300
2023-07-12,510.303173,518.082404,509.449456,516.058472,1960500
2023-07-13,515.866720,517.132893,511.061035,516.490234,1647200
2023-07-14,516.739496,524.557074,516.154329,524.403625,1828700
2023-07-17,523.904750,531.607285,523.827996,530.408264,1909900
2023-07-18,530.130113,532.365104,526.983914,531.012634,1778800
2023-07-19,531.866258,533.218786,529.506623,531.511353,1261100
2023-07-20,531.223563,538.187482,531.127664,534.245117,1732800
2023-07-21,536.365031,539.127579,534.715206,535.108459,5264300
2023-07-24,535.242762,543.463254,533.209228,540.930908,2086400
2023-07-25,543.655105,544.403263,541.285810,542.139526,1602500
2023-07-26,542.446472,544.863716,540.441684,543.079529,1306400
2023-07-27,544.566305,547.866012,537.736689,538.916565,1485300
2023-07-28,541.554386,544.652636,539.674301,540.345764,1371400
2023-07-31,540.038762,541.276130,536.249846,537.803772,1365900
2023-08-01,537.765569,539.923806,531.923915,532.815979,1445300
2023-08-02,529.736945,533.928717,528.547526,529.823242,1635000
2023-08-03,530.955120,537.496925,529.698490,534.945435,1463400
2023-08-04,538.187508,538.398508,528.921446,529.525757,1142000
2023-08-07,532.355604,536.739231,532.355604,535.636108,1015400
2023-08-08,535.242846,536.106164,529.334098,533.439514,1020400
2023-08-09,535.223591,539.166016,534.101324,536.873474,1471800
2023-08-10,540.230674,545.995574,537.832633,538.590393,1107200
2023-08-11,537.496889,541.957269,536.230775,540.000488,1043100
2023-08-14,541.736689,544.556788,537.583266,538.571228,1247600
2023-08-15,538.168445,542.110811,535.434701,535.732056,1124300
2023-08-16,538.791886,541.909339,535.933381,536.249939,1340100
2023-08-17,536.652651,537.563918,522.849575,524.796753,1941900
2023-08-18,524.614623,527.060613,520.960011,522.715393,1878100
2023-08-21,521.679547,522.916974,514.427872,521.056091,2076100
2023-08-22,519.857127,519.857127,515.578999,516.413513,1286000
2023-08-23,516.979221,519.099051,514.370122,518.801697,1295800
2023-08-24,518.273142,519.916522,510.133257,510.988586,1587500
2023-08-25,512.141808,514.909575,509.883414,513.198975,1511500
2023-08-28,515.111409,516.110857,512.343641,515.294006,945800
2023-08-29,513.516149,521.905912,513.516149,521.617615,1468500
2023-08-30,521.579219,523.203360,518.292516,521.127563,1292800
2023-08-31,518.955646,530.680212,518.955646,527.874023,2086500
2023-09-01,531.516260,531.910256,519.570678,523.039978,1437700
2023-09-05,524.462188,527.787369,522.799627,523.501160,1714300
2023-09-06,520.608423,527.297203,519.128460,525.384766,1476600
2023-09-07,527.268422,529.517196,523.078292,527.239563,1340000
2023-09-08,527.672157,530.853160,526.739929,529.709534,1075300
2023-09-11,531.266230,537.589814,530.353241,537.003601,1388600
2023-09-12,537.484198,538.560546,534.504974,537.013245,1055500
2023-09-13,536.542372,538.598988,533.005793,537.945496,1162700
2023-09-14,542.798735,544.615094,538.416446,542.760315,1257300
2023-09-15,543.298500,543.471478,533.889989,534.678040,2945300
2023-09-18,536.427111,542.202904,535.744759,540.790161,1003100
2023-09-19,539.752278,543.298477,537.628383,542.356628,1144700
2023-09-20,542.356568,547.036773,540.732427,541.856873,1311500
2023-09-21,542.087701,542.568216,532.679248,533.448059,1687700
2023-09-22,533.524544,541.030174,533.159407,536.820923,1527300
2023-09-25,537.686005,539.396664,533.121118,536.849915,1313300
2023-09-26,537.359417,539.492873,530.488036,531.410645,2425100
2023-09-27,526.048024,544.422892,523.501274,541.568665,4591400
2023-09-28,542.087499,549.881428,542.087499,546.469788,2192400
2023-09-29,547.786312,548.737721,538.848758,542.942749,1887500
2023-10-02,545.777888,549.458646,542.020291,549.045410,1831700
2023-10-03,548.843485,553.735147,541.068795,543.019653,2007400
2023-10-04,547.296322,550.294727,541.789645,549.516296,1798800
2023-10-05,549.871825,552.351296,542.366193,547.325134,1579700
2023-10-06,544.028772,544.855242,521.483017,535.802368,4246700
2023-10-09,533.371023,537.935910,528.354480,537.186279,1781500
2023-10-10,538.099157,544.855217,535.523607,540.184631,2176800
2023-10-11,542.837087,544.422808,538.368338,543.481018,1449800
2023-10-12,545.912391,546.959938,540.463374,541.808838,1458000
2023-10-13,541.876108,545.326228,540.078989,544.749634,1243900
2023-10-16,547.488536,551.726648,546.364149,549.939148,1428300
2023-10-17,549.650844,553.610278,548.468797,551.957336,1404600
2023-10-18,551.553634,554.801916,549.708475,552.245605,1311900
2023-10-19,551.342179,553.408355,542.125888,543.586670,2019600
2023-10-20,544.461241,544.586179,530.497523,531.381653,2295400
2023-10-23,532.544601,535.216231,525.327264,530.766663,1776500
2023-10-24,530.583986,534.322402,527.921976,530.334167,1678600
2023-10-25,527.172330,532.246590,524.346903,528.556213,1757500
2023-10-26,528.229494,533.044199,524.270060,526.259338,1925300
2023-10-27,526.259281,526.672575,519.176504,521.867432,1503100
2023-10-30,524.471859,534.677980,522.453722,533.255676,1696200
2023-10-31,530.641589,532.438767,527.662424,530.910706,1394700
2023-11-01,533.370929,536.676870,528.229449,535.100769,1735300
2023-11-02,535.794000,538.692014,531.471071,535.283691,2100600
2023-11-03,536.593158,542.042538,534.571259,540.030334,1826800
2023-11-06,539.635658,551.343250,539.289067,548.618530,2056900
2023-11-07,551.198681,552.536977,548.368069,550.014465,1373100
2023-11-08,550.832915,551.670540,543.294232,546.269287,1343600
2023-11-09,547.828916,547.828916,541.099006,542.312134,1288400
2023-11-10,546.769991,556.388281,543.920104,555.646912,1908800
2023-11-13,553.605653,558.371488,552.151827,556.715454,1650700
2023-11-14,560.094972,569.539966,559.584723,568.817871,2037600
2023-11-15,571.889210,577.569711,571.311558,574.575439,2165100
2023-11-16,564.562322,564.764529,550.948420,557.052551,2954700
2023-11-17,557.360668,558.342677,552.700726,555.675781,1773600
2023-11-20,555.858595,560.653283,555.858595,559.189819,1624100
2023-11-21,560.345220,563.185470,556.214862,562.559631,1173700
2023-11-22,565.014919,569.145338,564.533523,567.161987,1068600
2023-11-24,569.029678,572.091351,568.442330,569.356995,645800
2023-11-27,570.473869,577.617773,570.367917,572.765320,1627400
2023-11-28,571.118822,575.191415,569.414661,571.898682,1286800
2023-11-29,573.054167,573.063805,565.563613,565.987244,1319800
2023-11-30,565.958383,571.003407,561.144420,570.685669,1755200
2023-12-01,571.205598,574.161319,568.615683,574.065063,1475300
2023-12-04,570.117589,577.223002,569.453260,576.789734,1624000
2023-12-05,576.260283,586.225163,574.816094,582.826477,2349700
2023-12-06,582.970919,585.840022,581.391925,584.829102,2233900
2023-12-07,587.303414,589.565953,583.789198,588.218079,1690400
2023-12-08,585.955565,590.779165,585.117940,588.054504,1502100
2023-12-11,598.828135,601.774337,595.737608,600.647827,2139300
2023-12-12,604.094591,606.260875,600.021998,606.077942,2374400
2023-12-13,610.333473,618.690506,607.522135,618.112854,2436900
2023-12-14,617.323310,618.016551,606.848122,607.310303,3839200
2023-12-15,617.631314,637.253027,616.668521,634.306885,8807700
2023-12-18,639.775564,656.537755,636.502047,655.892700,5733400
2023-12-19,649.885029,655.469214,644.223803,652.523071,3437300
2023-12-20,646.794394,649.259141,636.213314,636.405884,3782700
2023-12-21,641.085099,642.510073,634.913624,640.411133,2388400
2023-12-22,643.145360,648.219295,641.219775,646.611389,1641700
2023-12-26,647.969022,650.712957,645.822014,649.519104,1774800
2023-12-27,652.551920,658.341883,650.287152,656.589111,1875900
2023-12-28,655.653690,656.648233,651.458974,652.945801,1496900
2023-12-29,650.878002,653.034469,647.096778,649.972107,1947500
2024-01-02,645.541022,647.726998,639.554110,640.686523,2657700
2024-01-03,641.237926,645.412989,633.252071,634.817749,2612600
2024-01-04,632.247686,639.947943,630.701720,638.421631,2171100
2024-01-05,646.131735,649.548630,642.252067,645.964355,2233500
2024-01-08,645.767410,651.941415,644.014699,651.557373,2245300
2024-01-09,648.790369,657.071558,648.179868,656.963257,1886200
2024-01-10,659.306876,663.511508,658.765310,662.457886,1801900
2024-01-11,660.724933,664.181194,657.416399,663.265442,1670800
2024-01-12,667.125312,673.250035,665.756583,672.777405,2388400
2024-01-16,672.777401,676.007203,667.775175,671.054199,1626700
2024-01-17,670.079272,674.382348,668.789335,673.712769,1786800
2024-01-18,672.373717,677.188790,669.793843,676.785095,1900600
2024-01-19,677.956804,685.469968,672.216063,684.327698,2267900
2024-01-22,684.780786,687.961306,679.946000,681.905518,2452900
2024-01-23,680.142805,681.038904,674.146097,677.060791,2208600
2024-01-24,678.449175,679.404292,672.659212,675.997314,1946500
2024-01-25,675.987372,675.987372,665.608797,669.488464,2751900
2024-01-26,669.665836,676.716167,669.094701,676.361694,1825500
2024-01-29,679.335520,683.500726,675.751245,683.382568,2215400
2024-01-30,682.328915,691.890246,680.221671,690.009460,1610500
2024-01-31,690.580459,694.716155,682.427225,684.239075,1928500
2024-02-01,684.377245,695.520551,681.911909,694.711914,2039200
2024-02-02,693.587819,704.376133,692.522777,699.642639,2377400
2024-02-05,700.786506,702.975696,695.895259,701.299255,2276900
2024-02-06,701.368350,702.837680,694.573930,700.934448,1920200
2024-02-07,704.247924,713.290760,702.127711,709.799866,2145500
2024-02-08,713.852742,718.073366,710.667488,714.118958,1918500
2024-02-09,715.085493,715.470100,710.135079,713.369629,1426100
2024-02-12,713.487904,713.763991,705.381849,712.393250,1572600
2024-02-13,711.387511,711.772118,699.208715,704.346497,1951100
2024-02-14,706.072140,712.531308,701.210506,712.166443,1472500
2024-02-15,711.486088,715.963177,708.320635,714.464233,1264100
2024-02-16,711.979086,718.951063,708.537487,713.951355,1764900
2024-02-20,717.935450,724.769354,713.675342,715.627869,2407300
2024-02-21,715.627835,718.684827,710.283004,712.994873,1564200
2024-02-22,715.785605,725.844188,715.785605,724.217102,1801600
2024-02-23,729.857696,732.214571,726.899293,727.698059,1265800
2024-02-26,731.711733,736.425484,728.753329,735.015259,1707000
2024-02-27,735.656186,736.287326,731.050955,734.384094,1471300
2024-02-28,732.905034,741.454803,732.905034,737.589172,1365000
2024-02-29,741.000999,742.125207,732.687895,733.575439,3361200
2024-03-01,730.173254,740.961565,728.999751,739.048462,1678100
2024-03-04,744.610376,754.136408,743.219893,748.653503,2133400
2024-03-05,757.765371,758.603622,746.405144,749.412842,2353400
2024-03-06,754.235062,764.411916,753.071370,762.518555,2400600
2024-03-07,768.307074,776.166596,766.236217,774.697266,4187900
2024-03-08,745.566860,745.734486,715.045990,715.499634,8590200
2024-03-11,709.829425,710.016793,701.151454,704.178894,3762500
2024-03-12,707.137271,729.788749,706.969585,726.662720,3727400
2024-03-13,724.808732,726.287933,716.505498,724.019836,2270300
2024-03-14,728.092567,730.409959,718.882046,721.801025,1826100
2024-03-15,722.363083,722.363083,713.191986,715.568604,3390700
2024-03-18,716.032094,723.171757,715.953247,721.396667,1595200
2024-03-19,721.643269,725.153906,719.897853,722.018005,1322700
2024-03-20,720.864145,731.800400,719.020078,730.449341,1398700
2024-03-21,733.190946,741.878788,730.824199,732.263977,2106900
2024-03-22,734.108052,734.463046,724.197413,724.611572,1794100
2024-03-25,720.864253,723.980411,716.663311,720.824829,1604700
2024-03-26,720.864163,724.512872,720.094950,720.844421,1353500
2024-03-27,723.822621,725.686430,717.659282,721.929260,1246700
2024-03-28,723.674674,724.710163,718.221382,722.471619,1713300
2024-04-01,721.613716,723.102789,710.214005,711.239563,1600700
2024-04-02,710.016697,710.016697,698.577564,701.437317,2326700
2024-04-03,700.135707,700.954216,687.601977,695.905212,3205500
2024-04-04,698.942461,707.186530,694.455502,695.106384,2252400
2024-04-05,696.250226,706.949819,696.230545,703.823730,1552900
2024-04-08,703.616687,706.210225,701.013278,701.940247,1459000
2024-04-09,706.308830,709.079865,697.177217,708.626282,1386400
2024-04-10,701.141461,713.941465,699.119898,712.560913,1832000
2024-04-11,721.357366,723.615593,714.109302,722.195557,2107800
2024-04-12,717.905880,722.737963,716.466102,721.169983,1481800
2024-04-15,725.232723,730.725499,707.995115,708.320557,1808000
2024-04-16,708.340312,712.482089,702.255880,706.042603,1412300
2024-04-17,712.975083,713.763978,701.141471,705.273376,1376700
2024-04-18,705.273433,708.981308,699.731363,701.388062,1846400
2024-04-19,703.143331,704.957784,692.266241,699.672119,2190400
2024-04-22,704.948017,708.300898,696.378507,705.539734,1437100
2024-04-23,709.060192,714.227526,706.368004,712.659546,1176200
2024-04-24,709.730628,715.371286,706.160827,713.852661,1206600
2024-04-25,718.356766,718.356766,705.634965,712.993469,1613600
2024-04-26,706.217810,721.971912,706.217810,720.223633,1524400
2024-04-29,720.569399,723.255961,711.373693,717.408691,1526900
2024-04-30,716.598557,716.598557,708.291823,714.020630,1734800
2024-05-01,713.398433,720.895172,706.533787,713.348999,1609100
2024-05-02,715.847995,725.379490,711.778605,723.443542,1826900
2024-05-03,725.260983,738.308688,724.342353,734.762817,2323300
2024-05-06,740.382845,747.642541,737.310999,747.158569,1773300
2024-05-07,749.371075,762.754629,746.289402,761.836060,1897800
2024-05-08,760.542225,763.890600,753.341788,754.033142,1511900
2024-05-09,754.418271,770.132883,754.230602,769.471069,1716200
2024-05-10,769.471138,777.777873,768.601942,777.521057,1652700
2024-05-13,778.321046,779.782848,764.078183,765.628906,1596800
2024-05-14,765.411542,771.219323,761.954532,768.345093,1327700
2024-05-15,768.957555,779.960678,768.957555,777.372864,1661700
2024-05-16,782.084324,794.677718,778.153229,783.328857,2000000
2024-05-17,783.862227,787.803209,780.899076,786.035217,1309100
2024-05-20,785.482007,793.117041,782.657151,783.259644,1347100
2024-05-21,785.798136,791.596031,782.271978,791.092285,1375700
2024-05-22,790.213151,796.445643,788.208117,792.010803,1192800
2024-05-23,794.420906,798.124845,785.659859,786.558716,1519200
2024-05-24,790.796038,806.836556,789.274975,799.784241,1623000
2024-05-28,799.794083,805.275901,794.835724,803.181946,1986300
2024-05-29,797.107506,803.448633,796.386432,796.613647,2282800
2024-05-30,800.248497,809.434255,798.371811,805.325378,2277800
2024-05-31,799.092777,801.769452,778.518614,799.942200,4360700
2024-06-03,801.038724,817.740996,797.216262,805.374817,2008700
2024-06-04,804.969692,817.839675,803.053518,817.227295,1754500
2024-06-05,820.703993,824.141289,811.587383,824.052368,2080000
2024-06-06,825.158629,838.660766,824.072164,832.289978,1735000
2024-06-07,836.280312,839.934878,831.944220,835.193848,1593600
2024-06-10,836.774197,839.045935,832.388731,837.919983,1401600
2024-06-11,838.808904,840.488036,829.939224,838.878052,1690500
2024-06-12,841.841212,845.229074,833.248060,837.396484,1838300
2024-06-13,837.396466,837.396466,827.262479,835.569214,1322400
2024-06-14,833.060377,845.663657,831.568915,845.159912,1395500
2024-06-17,843.994425,859.867047,842.888187,857.249573,1904900
2024-06-18,857.338526,863.225342,857.042223,860.054749,1763800
2024-06-20,860.607787,863.116566,849.989828,851.846741,1944600
2024-06-21,855.995254,856.321157,837.238514,837.890381,3833100
2024-06-24,839.559552,840.181819,831.173844,837.742126,1722900
2024-06-25,838.887981,845.179735,834.621036,845.001953,1564200
2024-06-26,842.246163,849.179956,839.618861,846.315613,1505300
2024-06-27,847.174815,847.787195,838.216215,840.171875,1254900
2024-06-28,840.794155,846.710570,836.408689,839.549622,2131700
2024-07-01,843.016557,845.485850,830.176234,835.282715,1989000
2024-07-02,835.302369,849.792160,832.724442,848.804443,1377900
2024-07-03,844.498139,852.913508,844.498139,852.064026,814400
2024-07-05,853.940748,876.045863,848.172453,874.791443,2620700
2024-07-08,875.897682,877.043468,866.879819,870.020813,1611300
2024-07-09,872.993697,885.656237,872.124501,875.956848,1356800
2024-07-10,876.500193,879.334936,869.882476,873.448120,1755800
2024-07-11,879.818852,879.818852,836.122259,836.191406,6021100
2024-07-12,839.450947,839.559582,828.082313,832.546814,3288400
2024-07-15,836.458149,847.362586,834.295046,838.305176,2064000
2024-07-16,837.386578,840.784328,831.005964,840.320129,1687600
2024-07-17,837.594108,839.510281,832.299958,835.885376,1783100
2024-07-18,838.996490,844.794384,814.975204,829.060059,2338500
2024-07-19,826.235230,838.453286,825.296887,827.835327,1984400
2024-07-22,835.361760,839.154620,828.299558,837.011230,1920200
2024-07-23,838.473022,844.083247,835.193794,841.643555,1744100
2024-07-24,834.225884,835.608713,819.311379,820.615173,2511300
2024-07-25,825.524132,826.373614,804.278386,805.927856,2183700
2024-07-26,809.102766,813.336242,800.210558,808.707092,1441500
2024-07-29,813.613317,814.780475,805.235471,806.689453,1320400
2024-07-30,809.102888,813.059382,794.543022,801.219604,2017200
2024-07-31,811.496555,816.501517,802.446113,813.059387,2135000
2024-08-01,809.646923,815.205792,800.873404,808.005005,1861400
2024-08-02,807.322439,821.259152,796.254147,813.138489,2598500
2024-08-05,789.320345,802.000912,784.374729,793.108704,2820900
2024-08-06,796.303611,824.028767,796.303611,807.995056,2476300
2024-08-07,815.146424,824.760735,800.457967,801.486633,1702000
2024-08-08,812.564771,833.593541,811.526203,830.299744,2345000
2024-08-09,829.379876,848.440301,828.519344,845.631165,1710600
2024-08-12,847.925919,860.784521,843.128695,854.177185,1748200
2024-08-13,855.512523,858.608484,846.847794,855.413635,1484100
2024-08-14,855.463079,857.302834,849.162368,853.326599,1341500
2024-08-15,863.375998,870.754879,859.548096,867.807251,1923800
2024-08-16,867.807272,867.807272,859.172245,861.120850,1516300
2024-08-19,861.120827,864.127740,859.251370,862.861633,1318400
2024-08-20,862.515592,867.223829,861.694602,866.669922,1104600
2024-08-21,871.160411,881.427516,867.678678,871.833008,1465500
2024-08-22,872.703511,874.385032,863.682711,868.015076,1440900
2024-08-23,872.891449,874.938941,862.189127,869.647156,1305800
2024-08-26,873.563991,883.534371,871.852827,882.802429,1737000
2024-08-27,882.980450,908.935035,877.421582,899.014160,2098900
2024-08-28,901.051779,902.298023,872.070418,878.390930,1668400
2024-08-29,881.308853,890.665981,875.542247,876.986389,1709900
2024-08-30,880.814272,886.580877,873.494735,882.673828,1933500
2024-09-03,886.926984,887.134721,864.928893,869.013977,1784200
2024-09-04,867.906191,882.060542,867.055560,880.339478,1425200
2024-09-05,878.964707,878.964707,859.251485,876.343506,1998800
2024-09-06,881.565903,883.484804,861.526258,867.144470,2074600
2024-09-09,875.116937,889.053711,872.110024,886.739136,1954000
2024-09-10,882.891368,890.893401,877.866665,884.562988,1360800
2024-09-11,885.265278,892.189140,868.321592,890.606567,1796100
2024-09-12,890.626377,905.740210,886.758932,905.077515,1867300
2024-09-13,903.692587,913.781655,899.469012,906.036804,1327500
2024-09-16,911.971678,912.594831,895.502751,897.995361,1661000
2024-09-17,898.549271,898.717405,885.710470,887.510681,1387000
2024-09-18,890.151533,895.136692,881.259325,882.812256,1338200
2024-09-19,894.424604,895.285137,885.759875,890.942871,1747500
2024-09-20,891.763981,897.936102,885.957832,897.115112,4658200
2024-09-23,897.114983,909.498825,890.982467,907.105164,1697600
2024-09-24,902.090406,902.842149,887.767919,891.734253,2432600
2024-09-25,893.178336,900.458269,891.328681,898.539368,1728100
2024-09-26,895.453378,899.350526,888.361380,891.635376,2738600
2024-09-27,883.544282,883.771761,864.493758,875.987366,3459100
2024-09-30,881.674787,900.102158,871.823098,876.877563,2142900
2024-10-01,875.621494,877.342559,863.257451,867.837097,1836700
2024-10-02,865.136623,871.645011,857.728040,868.974426,1317100
2024-10-03,864.928967,871.595648,863.178199,866.145569,1451900
2024-10-04,868.440332,874.671797,866.145559,873.504639,1516400
2024-10-07,872.011022,878.054611,862.841891,864.088196,1963200
2024-10-08,867.164426,881.615503,867.164426,880.735168,1697900
2024-10-09,882.535431,900.102271,878.212966,899.212036,1956500
2024-10-10,900.102222,900.102222,882.139769,883.910278,1765800
2024-10-11,884.770766,884.770766,875.868656,879.360291,1527300
2024-10-14,882.743142,885.433528,876.620466,880.082397,1431500
2024-10-15,882.387089,890.853982,879.874677,884.879639,1613900
2024-10-16,880.240562,881.635259,869.933914,877.728210,1475500
2024-10-17,881.862711,885.591725,873.197981,875.660889,1321500
2024-10-18,876.125865,880.923089,874.137718,879.884521,1654000
2024-10-21,879.330604,881.704524,874.088262,877.124878,1184900
2024-10-22,881.289080,885.156586,874.691645,883.771790,1189700
2024-10-23,886.274191,895.829094,885.255365,889.389893,2193500
2024-10-24,891.694586,893.672833,878.598604,883.702454,1649600
2024-10-25,885.908298,891.813335,880.319727,881.526428,1425800
2024-10-28,886.244546,886.244546,880.319707,881.269287,912500
2024-10-29,880.319678,881.476935,864.582754,877.342407,1361700
2024-10-30,876.739130,876.927065,867.827119,869.528442,1412200
2024-10-31,867.658924,868.104042,859.201933,864.671753,1771900
2024-11-01,865.909868,871.000671,859.046143,868.920776,1625200
2024-11-04,872.912356,878.518207,868.346393,877.597107,1576700
2024-11-05,879.508543,887.016077,878.320006,881.657776,1622300
2024-11-06,889.690367,891.294871,877.805115,890.651062,2437400
2024-11-07,890.027016,910.687529,885.817656,905.190613,2145500
2024-11-08,905.259877,952.800877,905.012267,934.774902,3277100
2024-11-11,934.774973,942.183487,922.533179,923.959412,2181800
2024-11-12,927.000164,930.575630,918.135735,923.464294,1691400
2024-11-13,921.106896,928.624343,914.371933,924.801208,1757600
2024-11-14,918.135605,922.245945,913.351775,915.055359,1859900
2024-11-15,908.964192,911.747320,896.900670,898.396240,2269900
2024-11-18,901.932109,917.085792,898.435835,910.717285,1797300
2024-11-19,919.126089,925.068715,907.597381,921.255554,1690500
2024-11-20,916.234070,919.918469,907.736098,919.205383,1452100
2024-11-21,926.059218,949.324589,921.107029,946.511780,2320500
2024-11-22,953.533873,966.964204,949.354255,954.791748,2078700
2024-11-25,965.676597,965.676597,940.608626,951.701538,3240900
2024-11-26,954.781801,965.052634,951.701555,962.210083,1438000
2024-11-27,962.170433,962.992453,949.423507,952.355164,1499500
2024-11-29,958.832750,963.963210,953.266435,962.586487,1095900
2024-12-02,962.071428,967.162292,955.534565,965.676636,1955800
2024-12-03,965.369675,973.600210,961.477262,972.758362,1653900
2024-12-04,972.609771,981.672300,968.202311,981.444458,1784700
2024-12-05,977.225138,980.661988,968.846074,972.867249,2089400
2024-12-06,972.867220,988.169493,972.867220,983.118225,1737300
2024-12-09,987.476286,987.476286,971.124150,978.413757,1855500
2024-12-10,980.265807,985.475519,976.452647,983.900757,1556800
2024-12-11,985.485378,998.162967,984.088888,985.178345,1903600
2024-12-12,992.101492,992.883916,977.769890,978.938599,2344300
2024-12-13,971.619275,997.053705,956.495273,979.889404,2951900
2024-12-16,979.592315,998.608729,976.937949,983.375793,2581300
2024-12-17,984.494964,987.387025,971.381580,972.688965,2050200
2024-12-18,972.609733,976.175285,954.781856,955.514771,2725300
2024-12-19,965.191409,965.320171,944.392218,945.669861,2610800
2024-12-20,940.311598,952.741578,934.032196,944.946838,5373800
2024-12-23,944.758607,945.134978,928.040015,940.826538,1856800
2024-12-24,941.648675,950.206071,936.409282,949.651428,939000
2024-12-26,947.670500,950.235699,944.877458,946.997009,969000
2024-12-27,939.647940,941.361438,923.087852,930.714233,1943400
2024-12-30,922.097404,925.237074,906.745621,913.391479,1881200
2024-12-31,914.817674,915.897217,903.813867,907.508240,1742900
2025-01-02,906.250359,916.917390,893.374671,901.109985,1765100
2025-01-03,905.586762,915.372290,902.288588,907.815247,1612200
2025-01-06,909.201847,918.541666,904.536925,913.886658,1970400
2025-01-07,915.005922,922.404462,907.666745,912.559509,1888000
2025-01-08,914.154101,921.602211,906.666395,918.502136,1774800
2025-01-10,924.434747,935.250368,914.669047,927.980530,2765800
2025-01-13,925.068662,926.049186,912.192974,915.857605,1693800
2025-01-14,915.461446,918.888382,901.218949,908.459045,1683800
2025-01-15,918.393122,923.949462,909.518780,914.669067,1839400
2025-01-16,915.887316,918.531828,909.043419,910.954956,1353000
2025-01-17,921.106903,934.774929,915.728834,934.170776,2375000
2025-01-21,936.211032,947.402963,934.477766,938.667297,2042400
2025-01-22,942.133969,942.837202,930.258632,935.666443,2155000
2025-01-23,932.685158,934.368914,927.534871,933.150635,1352400
2025-01-24,933.150602,936.993504,924.632863,930.694336,1562400
2025-01-27,921.106972,957.743249,918.313931,956.019897,3044700
2025-01-28,952.632624,956.475527,944.946819,949.502808,2166400
2025-01-29,948.641083,959.001081,945.867870,954.801636,1713700
2025-01-30,961.021522,977.314231,960.823422,969.648254,1788200
2025-01-31,966.904681,981.523548,966.449118,970.509888,1873800
2025-02-03,963.091618,999.955676,959.674596,996.211853,2751000
2025-02-04,995.786058,1014.554803,990.091041,1012.088623,2001600
2025-02-05,1010.246136,1033.115302,1010.246136,1032.907349,2047600
2025-02-06,1039.959296,1052.834982,1034.214711,1040.939819,2218000
2025-02-07,1038.133876,1047.761612,1026.741184,1034.970947,1632900
2025-02-10,1043.091693,1053.998545,1037.142501,1052.927734,2036900
2025-02-11,1050.934580,1056.972976,1040.156634,1049.377808,1748500
2025-02-12,1045.223509,1057.964671,1042.100159,1056.100586,1662300
2025-02-13,1057.974402,1069.099361,1055.634402,1067.740967,1623300
2025-02-14,1067.364235,1068.365692,1058.965989,1062.773438,1410700
2025-02-18,1060.155724,1061.930605,1036.388735,1047.087402,2090600
2025-02-19,1047.117251,1054.176953,1044.083105,1053.542358,1349600
2025-02-20,1044.717667,1044.717667,1025.095213,1026.066895,2000500
2025-02-21,1025.848772,1027.435199,1016.002928,1026.265259,1816300
2025-02-24,1019.830413,1029.398601,1016.538459,1026.830566,1759700
2025-02-25,1031.917197,1048.069294,1028.674868,1046.720825,2083800
2025-02-26,1041.247442,1049.923348,1021.456502,1023.231262,1555700
2025-02-27,1025.244011,1033.701807,1010.202489,1013.058105,1629100
2025-02-28,1021.882651,1040.493724,1015.318715,1039.730225,3307100
2025-03-03,1042.833835,1056.973091,1032.323621,1037.985229,2422500
2025-03-04,1036.874557,1039.056000,1020.018516,1028.089600,2536800
2025-03-05,1024.331626,1042.080070,1019.790454,1038.877441,1898600
2025-03-06,1024.202867,1037.033353,1010.420610,1017.926514,2594600
2025-03-07,986.723037,993.931433,934.796514,956.144165,5510700
2025-03-10,947.379037,951.533558,916.205329,926.497375,4459900
2025-03-11,923.116226,930.056949,913.399225,922.610535,3204900
2025-03-12,930.056943,936.382921,915.431847,919.229431,2331600
2025-03-13,914.192527,915.679825,879.954897,883.078247,3447200
2025-03-14,884.258126,899.269935,874.094924,896.265564,3186400
2025-03-17,893.995014,915.570761,890.395748,908.848145,2256100
2025-03-18,905.268666,909.790049,889.245537,890.445251,2182000
2025-03-19,895.214545,902.452716,888.412650,896.394470,1908500
2025-03-20,893.866131,899.795473,886.528770,887.817810,1891800
2025-03-21,881.224033,902.066055,876.474617,901.560364,3447600
2025-03-24,912.209350,920.786125,912.209350,918.198181,2208100
2025-03-25,918.783302,924.395347,914.678345,922.382568,1623000
2025-03-26,926.418126,931.464990,915.630252,921.876892,1644700
2025-03-27,921.688357,934.915419,920.141570,930.800537,1547000
2025-03-28,929.561173,930.800588,918.158556,921.787537,2100500
2025-03-31,914.549396,986.574292,914.232099,937.771118,3102000
2025-04-01,934.439521,949.609948,930.800616,946.318115,2041500
2025-04-02,942.788249,962.668452,941.955335,956.907654,1719900
2025-04-03,923.195538,973.039805,920.141602,958.890686,3096900
2025-04-04,946.913007,956.352411,906.399026,908.719177,5167000
2025-04-07,880.232515,929.878528,864.328364,900.439941,4626600
2025-04-08,924.157308,935.004670,891.952371,901.054626,3545400
2025-04-09,900.311009,959.267521,890.068467,957.016724,5084500
2025-04-10,958.315622,984.997720,934.905568,956.144165,4209100
2025-04-11,955.797161,961.994236,935.173248,955.251770,2721800
2025-04-14,961.785954,978.770900,956.828294,971.027039,2219900
2025-04-15,977.005946,985.582721,965.999966,968.647339,1788200
2025-04-16,963.897907,970.362715,951.117047,959.554993,2531700
2025-04-17,965.038332,991.452700,963.759217,986.078613,2711100
2025-04-21,984.591259,988.547462,934.984885,949.659607,2841300
2025-04-22,961.538102,979.088229,958.593281,970.937805,2230600
2025-04-23,986.098347,987.317912,960.794433,967.576538,2109700
2025-04-24,965.355520,969.718284,952.574718,967.219604,2468500
2025-04-25,965.722326,970.035526,954.726270,968.885315,1780900
2025-04-28,970.213962,976.956366,960.576301,970.253601,1616200
2025-04-29,969.718246,984.799469,962.837012,983.302246,1523100
2025-04-30,981.616719,989.311017,968.280601,986.078613,2212400
2025-05-01,981.715840,997.858011,976.659051,990.580139,1829900
2025-05-02,1000.597672,1010.694673,997.400748,1001.064270,1547400
2025-05-05,1000.279950,1010.476270,995.305893,1007.606995,1952600
2025-05-06,1001.213197,1008.937335,996.308645,1003.248474,1381200
2025-05-07,1003.923534,1006.822562,994.283193,999.922485,1316000
2025-05-08,1006.227005,1009.701889,984.285622,1000.478577,1882600
2025-05-09,997.400706,1003.456967,990.887784,1000.855774,1176700
2025-05-12,1002.543566,1009.612466,985.119519,1008.857971,2069000
2025-05-13,1006.445364,1016.482859,980.512810,991.860840,2917000
2025-05-14,991.592780,992.684862,983.411921,984.424561,2215000
2025-05-15,985.526561,1006.723325,975.945787,1003.218628,2470700
2025-05-16,1005.224148,1020.880999,1001.759203,1018.468384,2033700
2025-05-19,1011.290321,1027.562718,1005.621336,1026.917358,1879800
2025-05-20,1022.618571,1030.551224,1022.618571,1029.379639,2271200
2025-05-21,1023.541742,1032.010558,1016.453025,1017.942322,1438900
2025-05-22,1020.344939,1021.397390,1006.842558,1010.823792,1660900
2025-05-23,1004.737701,1007.825368,999.773582,1001.262817,1413900
2025-05-27,1007.716127,1011.637793,1003.675327,1010.486084,1868200
2025-05-28,1009.751482,1017.267166,1005.690867,1005.869568,1674700
2025-05-29,1008.718947,1010.237936,996.397970,1001.501099,2016700
2025-05-30,995.107343,1044.937175,994.809508,1032.715576,5403800
2025-06-02,1026.847950,1052.889700,1026.847950,1049.265869,2148000
2025-06-03,1046.585163,1059.422306,1035.773298,1048.014771,1992900
2025-06-04,1047.429127,1050.238775,1041.839524,1044.142822,1422100
2025-06-05,1042.465044,1043.507557,998.790732,1003.556274,3289400
2025-06-06,1013.305786,1013.305786,1001.372024,1007.656616,1855400
2025-06-09,1005.154684,1006.078003,989.815543,998.959473,1696700
2025-06-10,999.704039,1004.251189,990.560110,1000.041626,2255000
2025-06-11,995.246309,998.224781,986.251328,989.626953,2459800
2025-06-12,991.831067,996.050568,988.217173,995.514465,1720100
2025-06-13,991.910469,996.388114,981.575138,983.104126,1786000
2025-06-16,985.208858,994.660499,974.396992,977.296021,2109300
2025-06-17,975.945813,979.023543,969.194623,970.703674,1668200
2025-06-18,972.967308,975.598315,967.079870,967.903931,1509600
2025-06-20,976.928709,981.565180,966.911151,973.255249,3255700
2025-06-23,976.094838,997.658944,974.218387,997.271729,2082900
2025-06-24,998.622016,998.622016,984.950811,994.730103,2385100
2025-06-25,995.802352,997.768124,978.924346,979.460449,1827700
2025-06-26,980.641863,980.641863,969.492471,975.856445,2262800
2025-06-27,975.191221,986.013025,973.265141,978.070435,2129200
2025-06-30,978.090272,984.623069,972.719122,982.835999,2127600
2025-07-01,982.895569,989.686510,967.506800,978.884583,2200600
2025-07-02,976.809537,978.626422,969.859771,975.310364,1606100
2025-07-03,975.359987,980.582250,970.316486,979.936951,1101400
2025-07-07,977.931469,985.764863,969.194631,985.059937,1832600
2025-07-08,982.399150,988.723433,976.869115,978.765442,1716200
2025-07-09,981.297136,981.297136,965.302759,975.042358,2922600
2025-07-10,979.917128,980.909952,962.115804,963.207886,2897000
2025-07-11,966.305480,971.954650,958.769981,963.366760,1942000
2025-07-14,964.131129,974.446582,962.661769,973.870728,1679300
2025-07-15,972.222820,973.215644,959.723140,960.735840,1878000
2025-07-16,961.043575,962.632129,943.311755,944.542847,2950300
2025-07-17,943.540002,947.898513,940.710478,947.064514,2280600
2025-07-18,953.061269,953.369042,942.835196,944.125854,2115500
2025-07-21,944.681798,948.901299,939.806999,940.760132,1742400
2025-07-22,941.991250,950.827407,934.495442,934.852844,1799900
2025-07-23,935.617315,941.693392,929.283094,934.435852,2401600
2025-07-24,934.574869,936.133610,926.791104,927.098877,2057100
2025-07-25,929.580907,934.535088,927.644889,928.766785,1827700
2025-07-28,928.786649,933.492624,924.209746,927.287476,2006300
2025-07-29,927.287488,935.031501,920.724937,927.863342,2065900
2025-07-30,928.290306,931.020572,918.501077,920.854065,1699600
2025-07-31,918.719480,939.161750,918.362078,932.897034,2564400
2025-08-01,934.050256,951.170340,934.050256,946.994751,2934500
2025-08-04,947.074235,954.610282,943.157087,949.828186,2389900
2025-08-05,945.811658,945.980655,930.252414,938.156311,2462300
2025-08-06,938.156210,964.920036,937.191805,962.941589,2753000
2025-08-07,969.026139,976.303685,965.327747,971.780090,1893300
2025-08-08,971.481872,982.467762,971.332718,975.289612,2189700
2025-08-11,977.456868,983.839671,970.656579,983.004517,2290100
2025-08-12,982.765952,985.997100,974.364956,985.500000,1588500
2025-08-13,978.252340,980.678189,964.472692,973.171936,2352600
2025-08-14,974.911795,982.557190,969.523252,969.732056,1808700
2025-08-15,973.460341,974.315338,961.609441,966.401489,1638300
2025-08-18,967.654113,975.587864,964.373268,973.669006,2078500
2025-08-19,972.943294,982.795843,971.123893,975.160339,1673400
2025-08-20,973.321091,993.503324,973.321091,988.800781,2229600
2025-08-21,983.163656,983.581202,961.907671,964.055115,2145600
2025-08-22,965.904327,967.852979,947.581242,952.979736,3136000
2025-08-25,949.420555,952.741147,935.104061,936.118164,2284300
2025-08-26,935.879578,938.573819,927.836479,935.879578,4341300
2025-08-27,935.034437,946.477680,931.783386,944.012085,1893600
2025-08-28,944.777554,945.483457,938.653313,939.478516,2067900
2025-08-29,939.518331,943.107376,935.004688,937.848083,1609000
2025-09-02,933.215101,939.031203,931.147210,933.374207,1793900
2025-09-03,933.553132,944.578829,931.067634,944.270630,1670500
2025-09-04,947.869604,953.934196,945.592849,950.355103,1471900
2025-09-05,953.148763,963.925849,950.673156,957.891052,1928500
2025-09-08,958.139692,966.699794,953.029553,966.212585,1737000
2025-09-09,964.373358,974.186101,957.523310,973.569702,1496800
2025-09-10,970.726240,975.309484,948.426357,950.742798,2277500
2025-09-11,952.244119,959.561412,948.744579,958.726318,1532000
2025-09-12,954.719680,963.945879,954.431384,962.285583,1461600
2025-09-15,962.205951,964.114796,954.143009,954.530701,2199400
2025-09-16,953.536553,954.013810,945.284711,946.547363,2012600
2025-09-17,947.959026,958.388166,947.959026,957.443726,1556800
2025-09-18,951.816519,956.956512,945.155372,946.835571,1860900
2025-09-19,949.460330,951.886179,938.315334,945.642578,4606000
2025-09-22,941.884548,944.489346,934.159600,937.788452,2794300
2025-09-23,937.291310,939.508355,928.085015,938.126404,3258500
2025-09-24,938.802496,948.128029,937.639239,939.786743,2149800
2025-09-25,946.925131,947.471928,930.192740,937.838135,2991500
2025-09-26,920.181191,922.249143,899.800105,910.636902,4812900
2025-09-29,911.024620,911.899459,898.050270,911.551514,4107000
2025-09-30,910.935087,925.112378,908.071788,920.260681,3096700
2025-10-01,917.646001,918.640201,905.884606,912.018860,2642100
2025-10-02,907.266487,913.181984,904.731291,911.452087,2063800
2025-10-03,910.278933,912.774322,905.914384,910.070129,2319200
2025-10-06,910.189430,910.467835,899.004688,905.655884,2504000
2025-10-07,903.458733,912.317083,898.636891,909.493530,2601800
2025-10-08,907.246630,911.064382,905.675839,909.493530,2376900
2025-10-09,926.901887,938.295432,921.901097,937.420532,3742900
2025-10-10,938.941681,939.965735,923.611144,924.615295,3142500
2025-10-13,923.611173,930.550664,917.645977,930.133118,2169600
2025-10-14,934.805847,941.924287,930.520850,941.019592,1925900
2025-10-15,940.512536,958.408124,939.776839,949.450378,2009800
2025-10-16,949.997158,952.343514,915.816582,920.250732,2721400
2025-10-17,924.187776,933.374167,922.766078,930.898621,2502200
2025-10-20,930.759362,934.348407,926.096566,930.679810,1523700
2025-10-21,930.679816,937.897712,929.576270,932.061768,1448200
2025-10-22,934.547350,947.471941,927.090855,939.200195,2372400
2025-10-23,939.985594,939.985594,929.069305,936.585449,1974800
2025-10-24,934.547302,937.529900,924.754463,926.732910,1639400
2025-10-27,924.814135,927.786781,919.753634,924.456177,1967600
2025-10-28,921.493557,925.321201,914.862265,918.799255,2090800
2025-10-29,913.669106,914.544007,904.025362,907.127258,2449600
2025-10-30,907.395742,917.645934,905.089193,914.842285,2677100
2025-10-31,912.184040,915.957364,905.682705,907.444946,2456300
2025-11-03,908.390807,925.107007,904.388452,923.962036,3206600
2025-11-04,929.109260,937.034243,924.887841,936.606140,2554500
2025-11-05,935.869519,941.126347,923.364711,930.921387,2974800
2025-11-06,920.298208,920.935411,904.308781,919.521667,3247700
2025-11-07,925.445505,932.882651,916.743859,918.685303,2584000
2025-11-10,914.961690,917.948508,905.075333,911.536804,2612700
2025-11-11,912.472774,914.852287,908.988154,909.844360,1663400
2025-11-12,911.447215,914.065663,907.663925,909.983704,1829700
2025-11-13,912.323395,922.677720,907.713735,921.015076,2430600
2025-11-14,923.056044,924.808320,911.078877,918.924255,1739100
2025-11-17,917.968573,920.835923,904.816598,908.580017,2481900
2025-11-18,908.579918,914.872093,890.240815,891.146851,2984700
2025-11-19,891.067152,891.067152,870.129534,886.686462,3462300
2025-11-20,889.573784,900.595148,887.084770,889.364685,2648300
2025-11-21,890.589371,901.341902,888.209858,895.059631,2870100
2025-11-24,895.049604,897.399219,877.447301,882.226196,3661200
2025-11-25,882.763806,891.783992,881.240561,890.400146,2534700
2025-11-26,892.082716,907.992477,891.684449,904.268921,1936200
2025-11-28,901.043212,910.182866,899.032069,909.575562,1092600
2025-12-01,909.187300,914.543665,902.228025,907.952759,2149400
2025-12-02,907.952697,918.944163,901.023258,917.978455,2160600
2025-12-03,916.763818,922.249616,911.994888,918.207458,1886800
2025-12-04,903.044423,903.970329,884.177680,891.923462,3787800
2025-12-05,893.307310,901.909359,889.075986,890.748596,2359800
2025-12-08,889.573821,890.071624,879.020423,883.620117,2407900
2025-12-09,882.953032,885.113540,877.636530,884.536072,1899500
2025-12-10,883.918797,885.671073,867.262330,870.567688,3318300
2025-12-11,872.011327,882.106785,868.715874,880.593445,3041600
2025-12-12,879.418593,884.715223,863.309699,880.583435,4808900
2025-12-15,878.233858,883.590223,847.658842,856.778564,4771400
2025-12-16,853.672265,859.795265,840.351054,856.609314,3843300
2025-12-17,854.727587,864.763310,854.458754,858.859375,2363700
2025-12-18,856.519647,859.357160,848.763900,853.821594,2467500
2025-12-19,852.806067,854.677811,845.587925,851.860229,10097600
2025-12-22,850.247377,851.740786,843.586772,846.264954,2373300
2025-12-23,845.368936,851.223103,843.079054,851.033936,1903300
2025-12-24,854.827187,872.150754,854.578285,868.028931,1822200
2025-12-26,866.814215,873.733688,865.181407,869.512268,1324100
2025-12-29,869.452553,870.657258,861.885974,864.026550,1792500
2025-12-30,860.203418,864.006639,857.644703,861.846191,1680800
2025-12-31,860.780867,864.185822,857.555114,858.550720,1490000
2026-01-02,857.356015,859.307364,848.753967,850.745178,2373400
2026-01-05,860.153675,874.908561,857.067260,871.891846,2805600
2026-01-06,872.100935,890.151274,867.471344,885.193115,2742300
2026-01-07,888.080372,889.673317,875.754767,878.701782,2680100
2026-01-08,897.170281,927.576061,892.062818,911.287964,5207200
2026-01-09,911.945036,925.764050,907.325471,920.815918,2895400
2026-01-12,916.355641,940.678284,912.970557,938.935974,3246400
2026-01-13,933.898163,938.756724,925.515118,937.790955,2222100
2026-01-14,934.206831,951.410868,934.166968,946.801208,2894900
2026-01-15,950.345527,954.069143,945.825498,952.545837,2185900
2026-01-16,957.772822,960.739708,946.821157,959.375732,3862900
2026-01-20,954.168782,965.638181,949.937457,960.022949,3209900
2026-01-21,955.383277,985.291313,955.383277,978.541077,4073700
2026-01-22,973.593028,979.676165,967.290826,971.880554,2074400
2026-01-23,967.171341,980.522388,966.743238,978.929443,1680600
2026-01-26,982.095418,988.636555,972.059694,973.373901,2458700
2026-01-27,973.383865,973.702466,957.484070,966.016418,2077900
2026-01-28,965.249786,965.837159,951.410841,956.558167,2474800
2026-01-29,953.780385,956.080232,944.342062,948.702820,1825000
2026-01-30,945.951263,948.234293,927.477454,937.397278,2396300
2026-02-02,941.365143,967.376011,928.444503,965.421936,2451300
2026-02-03,961.424106,987.644360,961.354372,974.952942,2960700
2026-02-04,980.326626,991.582350,972.231267,975.381653,2631500
2026-02-05,992.479633,997.913110,984.334438,986.288452,2988800
2026-02-06,985.151960,998.331821,980.516044,998.122437,2358600
2026-02-09,998.282018,1006.556824,989.668217,994.563354,1861700
2026-02-10,992.988048,994.423682,966.059989,968.283203,1781500
2026-02-11,970.337042,986.567678,964.185778,975.172363,1769400
2026-02-12,975.780436,1006.148041,975.172301,995.829407,2970400
2026-02-13,996.965981,1019.776567,990.744923,1015.389893,2661600
2026-02-17,1019.238250,1025.319658,1007.414187,1008.979431,1732200
2026-02-18,1006.935610,1012.917406,990.485672,993.057861,1926800
2026-02-19,989.299305,1004.802113,981.124171,984.822937,1750000
2026-02-20,980.147179,984.374305,974.843312,982.280701,1662200
2026-02-23,978.821214,988.302371,975.092571,983.028442,1489300
2026-02-24,983.387329,995.849404,982.051367,995.400757,1671100
2026-02-25,994.653006,999.458389,988.431948,991.741882,1554600
2026-02-26,993.895322,1002.469266,980.545994,983.746216,1804400
2026-02-27,987.524786,1011.112975,986.577656,1007.723267,3935000
2026-03-02,1007.842857,1017.722824,999.448420,999.727600,1986900
2026-03-03,999.498229,1012.668171,997.594051,1004.712402,1947100
2026-03-04,1001.950836,1010.923530,993.975108,1003.685547,1806600
2026-03-05,993.476658,996.218314,975.840326,979.588928,2766000
2026-03-06,964.076078,999.458391,957.545963,995.071716,2708900
2026-03-09,996.597098,1004.353462,984.992399,1002.249878,2348200
2026-03-10,997.464472,1007.035321,992.978125,994.333984,1613400
2026-03-11,993.297161,994.363922,984.892745,989.219543,1260500
2026-03-12,985.610548,1003.157186,981.014549,1000.275940,1669200
2026-03-13,1002.848130,1009.757097,998.959938,1005.370422,1469700
2026-03-16,1007.434115,1009.577616,992.409831,998.700684,1243400
2026-03-17,1003.436249,1005.041349,991.731878,993.137573,1210400
2026-03-18,987.365145,990.964177,975.172271,976.946838,1434400
2026-03-19,982.848951,985.789952,967.465713,971.822510,1340200
2026-03-20,972.121600,977.784360,967.595336,969.379944,2621600
2026-03-23,982.679431,983.646519,961.603616,962.799927,1779100
2026-03-24,959.141088,978.302806,958.084306,970.865417,1259300
2026-03-25,975.032709,977.834181,965.112886,971.902222,1067100
2026-03-26,972.729727,984.194836,969.768707,976.677734,1498300
2026-03-27,979.040556,984.115078,975.142385,980.874939,1540900
2026-03-30,984.653437,1002.489111,982.021432,993.556335,2129100
2026-03-31,993.975077,1005.539858,982.858882,993.406799,2447900
2026-04-01,992.011112,1000.086512,987.584580,993.536438,1769800
2026-04-02,1004.941710,1012.917438,996.178401,1011.880615,1828600
2026-04-06,1011.880643,1017.593239,1000.963853,1015.459717,1448600
2026-04-07,1017.164523,1017.762679,1001.801243,1010.135925,1428500
2026-04-08,1001.392398,1027.333408,996.965867,1027.144043,2265700
2026-04-09,1026.366593,1032.677344,1021.950101,1028.898926,1433300
2026-04-10,1023.395578,1025.878014,992.479653,995.440613,2333000
2026-04-13,995.440559,997.015782,976.388554,977.874023,2255500
2026-04-14,970.725871,974.643940,963.069179,971.842468,2136500
2026-04-15,967.366077,982.390362,965.362165,981.762268,2346200
2026-04-16,982.011527,992.728912,978.631798,984.214844,1484300
2026-04-17,982.011485,997.633925,974.035757,996.856323,2346500
2026-04-20,1000.804275,1008.231684,991.123775,994.812561,1475400
2026-04-21,991.353068,1003.446271,983.706356,1002.758362,1367100
2026-04-22,1001.930870,1005.051378,995.261165,1000.654785,1215200
2026-04-23,1004.523012,1013.515603,1003.974692,1011.302368,1570700
2026-04-24,1008.929550,1010.375163,999.458373,1008.082153,1695200
2026-04-27,1005.569830,1011.332262,993.606238,994.982056,1620400
2026-04-28,1007.414172,1009.577632,983.008464,990.984192,1776000
2026-04-29,985.371277,995.939092,982.131138,995.640015,1516900
2026-04-30,993.426743,1014.602290,993.297132,1011.451904,2049300
2026-05-01,1013.768206,1029.632997,1004.722590,1010.094055,1509700
2026-05-04,1005.421513,1023.093367,1000.619150,1011.182312,1479400
2026-05-05,1008.905927,1019.159644,1007.468210,1014.806519,1456300
2026-05-06,1009.704671,1010.623193,990.844641,994.169373,2619100
2026-05-07,991.922955,1011.052514,989.087436,1010.453491,2014000
2026-05-08,1010.133989,1014.387237,1003.514508,1007.188660,1805200
2026-05-11,1004.223379,1005.401499,983.586208,997.883423,2053500
2026-05-12,1000.948547,1024.371329,999.550806,1020.257874,2143200
2026-05-13,1016.324143,1040.865142,1016.324143,1031.440063,1654600
2026-05-14,1033.307120,1040.136350,1024.471192,1039.597168,1606600
2026-05-15,1047.694295,1055.821389,1037.570376,1047.284912,1967000
2026-05-18,1048.333277,1078.115882,1043.341214,1074.761230,2295200
2026-05-19,1075.290432,1094.759479,1070.398186,1092.582886,2853300
2026-05-20,1087.640779,1088.010187,1070.298357,1072.305176,2223400
2026-05-21,1061.721981,1063.039832,1037.360689,1048.782471,2149700
2026-05-22,1038.339136,1043.980192,1023.562581,1026.607788,2048300
2026-05-26,1024.501136,1025.868957,994.578679,1001.337952,2704600
2026-05-27,1002.266454,1011.901160,998.103090,1002.096741,2390100
2026-05-28,1010.004163,1010.393559,992.691723,993.620239,2844300
2026-05-29,985.003922,997.234476,943.949201,954.801941,7028000
2026-06-01,953.484057,957.687396,935.023417,944.608154,2816300
2026-06-02,940.794224,953.873466,937.958766,952.755249,2218200
2026-06-03,951.367418,967.641531,950.468822,960.303223,2174100
2026-06-04,985.393312,988.438458,966.673076,970.806458,2345200
2026-06-05,975.948338,995.826707,970.057680,970.327271,3092000
2026-06-08,961.930641,977.425964,959.474524,973.202698,2086100
2026-06-09,972.663564,980.411195,963.408260,967.052490,1998600
2026-06-10,975.888441,983.696035,962.779279,981.809021,1715600
2026-06-11,985.343334,987.549848,972.453855,974.141174,1903400
2026-06-12,973.971474,983.216785,968.460217,980.790588,1737300
2026-06-15,972.643603,985.433267,966.463427,977.895264,1893700
2026-06-16,978.833776,993.799972,971.615211,985.113770,1523400
2026-06-17,978.444350,982.148482,959.634230,964.057251,1928000
2026-06-18,961.171839,962.469763,946.804667,949.939697,3742900
2026-06-22,947.064227,954.712041,941.033837,949.839783,2191900
2026-06-23,962.968971,964.845992,951.976439,956.159790,2529800
2026-06-24,960.502902,966.403494,955.480858,959.564392,2020200
2026-06-25,948.062644,954.232826,937.110026,940.744263,2492700
2026-06-26,951.736849,960.113546,941.503119,951.027954,8239200
2026-06-29,957.028399,968.320443,940.884084,945.177246,2450000
2026-06-30,940.504649,944.498299,930.929845,933.984985,2870900
2026-07-01,938.937141,938.937141,919.088693,923.202148,2909700
2026-07-02,925.528480,951.127794,923.371936,950.159302,2785800
2026-07-06,947.593378,953.983243,939.905650,948.741577,2327500
2026-07-07,965.984212,967.461843,943.829433,945.995972,1940200
2026-07-08,957.477681,964.975770,946.495143,951.617004,1645500
2026-07-09,933.455909,933.515812,906.239171,911.520752,4545200
2026-07-10,912.289507,915.274751,905.769904,914.795532,2102300
2026-07-13,916.972111,929.502177,915.424583,924.959412,2373300
2026-07-14,919.917396,927.944612,917.101866,920.286804,2409200
2026-07-15,916.293184,926.107597,909.054693,915.085083,2423200
2026-07-16,922.533263,944.258732,920.037232,944.069031,2735300
2026-07-17,959.993710,962.799247,932.277766,939.376465,2508000
2026-07-20,937.259844,945.476760,930.530552,934.314514,1507900
2026-07-21,928.773328,930.510557,922.972554,927.744934,1833500
2026-07-22,929.402353,932.118006,919.508050,925.838013,1762700
2026-07-23,919.048788,925.059251,915.304741,924.589966,1785200
2026-07-24,925.010010,936.659973,921.280029,935.030029,1586300
2026-07-27,938.109985,956.609985,936.659973,951.580017,2109500
2026-07-28,970.549988,987.549988,965.869995,966.580017,2682800
2026-07-29,968.070007,978.799988,963.000000,974.030029,1973400
