Date,Open,High,Low,Close,Volume
1996-03-18,3.001629,3.001629,2.964572,2.964572,35200
1996-03-19,3.001630,3.001630,3.001630,3.001630,500
1996-03-20,3.001630,3.001630,3.001630,3.001630,500
1996-03-21,3.038686,3.038686,3.038686,3.038686,37700
1996-03-22,3.038686,3.038686,3.038686,3.038686,600
1996-03-25,3.038686,3.038686,3.038686,3.038686,500
1996-03-26,3.038686,3.038686,3.038686,3.038686,0
1996-03-27,3.038686,3.038686,3.038686,3.038686,400
1996-03-28,3.038686,3.038686,3.038686,3.038686,100
1996-03-29,3.001629,3.038686,3.001629,3.038686,200200
1996-04-01,3.075743,3.075743,3.075743,3.075743,900
1996-04-02,3.075743,3.075743,3.075743,3.075743,3700
1996-04-03,3.038686,3.038686,3.020157,3.038686,5300
1996-04-04,3.075743,3.075743,3.075743,3.075743,100
1996-04-08,3.001629,3.020157,3.001629,3.020157,10300
1996-04-09,3.057215,3.057215,3.057215,3.057215,10000
1996-04-10,3.057215,3.075743,3.038686,3.038686,8600
1996-04-11,3.038686,3.038686,3.038686,3.038686,0
1996-04-12,3.038686,3.038686,3.038686,3.038686,0
1996-04-15,3.075743,3.112800,3.075743,3.112800,65300
1996-04-16,3.112801,3.112801,3.075744,3.094272,16000
1996-04-17,3.094272,3.094272,3.094272,3.094272,1300
1996-04-18,3.075743,3.112800,3.075743,3.112800,19200
1996-04-19,3.112800,3.112800,3.112800,3.112800,2200
1996-04-22,3.131329,3.131329,3.112800,3.112800,1400
1996-04-23,3.149858,3.168386,3.149858,3.149858,246000
1996-04-24,3.168387,3.168387,3.168387,3.168387,5400
1996-04-25,3.168387,3.186915,3.168387,3.168387,21100
1996-04-26,3.205443,3.223972,3.186915,3.205443,51800
1996-04-29,3.223973,3.223973,3.168387,3.186916,35900
1996-04-30,3.168387,3.168387,3.168387,3.168387,1600
1996-05-01,3.168387,3.168387,3.149858,3.168387,3900
1996-05-02,3.186915,3.223972,3.168386,3.205443,145600
1996-05-03,3.205443,3.205443,3.186915,3.205443,19000
1996-05-06,3.223973,3.223973,3.186916,3.186916,51500
1996-05-07,3.205443,3.205443,3.205443,3.205443,14600
1996-05-08,3.205443,3.205443,3.168386,3.205443,16500
1996-05-09,3.186916,3.186916,3.168387,3.186916,4000
1996-05-10,3.186916,3.186916,3.186916,3.186916,1000
1996-05-13,3.168387,3.168387,3.131330,3.131330,25500
1996-05-14,3.168387,3.186916,3.168387,3.186916,2100
1996-05-15,3.149858,3.168387,3.149858,3.168387,3100
1996-05-16,3.131330,3.149858,3.094273,3.131330,18300
1996-05-17,3.094273,3.131330,3.094273,3.131330,5100
1996-05-20,3.112800,3.149858,3.112800,3.149858,3500
1996-05-21,3.186916,3.205444,3.094273,3.131330,29000
1996-05-22,3.131330,3.131330,3.131330,3.131330,700
1996-05-23,3.131330,3.131330,3.131330,3.131330,7700
1996-05-24,3.131330,3.131330,3.131330,3.131330,900
1996-05-28,3.149858,3.149858,3.131330,3.131330,600
1996-05-29,3.149858,3.149858,3.149858,3.149858,12000
1996-05-30,3.149858,3.149858,3.131330,3.131330,3600
1996-05-31,3.149858,3.149858,3.149858,3.149858,7600
1996-06-03,3.112800,3.112800,3.075743,3.075743,3400
1996-06-04,3.112800,3.112800,3.112800,3.112800,7100
1996-06-05,3.094272,3.094272,3.094272,3.094272,2300
1996-06-06,3.075743,3.075743,3.075743,3.075743,3100
1996-06-07,3.038686,3.038686,3.038686,3.038686,11000
1996-06-10,3.038687,3.057215,3.038687,3.057215,16800
1996-06-11,3.057214,3.075743,3.057214,3.075743,5800
1996-06-12,3.112801,3.112801,3.094272,3.094272,10600
1996-06-13,3.112800,3.112800,3.075743,3.112800,38500
1996-06-14,3.112800,3.112800,3.094272,3.112800,7300
1996-06-17,3.094272,3.094272,3.094272,3.094272,7400
1996-06-18,3.112800,3.112800,3.075743,3.112800,5600
1996-06-19,3.112800,3.112800,3.075743,3.075743,7200
1996-06-20,3.131330,3.131330,3.112801,3.131330,7500
1996-06-21,3.131330,3.149858,3.131330,3.131330,9800
1996-06-24,3.149858,3.149858,3.131330,3.131330,10700
1996-06-25,3.131330,3.149858,3.131330,3.131330,2100
1996-06-26,3.112801,3.131330,3.112801,3.131330,4200
1996-06-27,3.112800,3.112800,3.075743,3.075743,3200
1996-06-28,3.094272,3.094272,3.094272,3.094272,2400
1996-07-01,3.094272,3.094272,3.094272,3.094272,4700
1996-07-02,3.094272,3.112800,3.094272,3.112800,7000
1996-07-03,3.094272,3.094272,3.038687,3.057215,13000
1996-07-05,3.038686,3.075743,3.038686,3.075743,7400
1996-07-08,3.131329,3.131329,3.038686,3.038686,22500
1996-07-09,3.075743,3.075743,3.075743,3.075743,22200
1996-07-10,3.075743,3.075743,3.038686,3.075743,11200
1996-07-11,3.038686,3.038686,2.983101,2.983101,35000
1996-07-12,3.001630,3.001630,2.964572,3.001630,20700
1996-07-15,2.927515,2.927515,2.890458,2.890458,3300
1996-07-16,2.890458,2.890458,2.834872,2.834872,18700
1996-07-17,2.871927,2.927513,2.834870,2.927513,13000
1996-07-18,2.927513,2.927513,2.927513,2.927513,300
1996-07-19,3.038686,3.038686,2.964572,2.964572,11700
1996-07-22,2.927515,2.964572,2.927515,2.964572,9900
1996-07-23,2.927515,2.964572,2.927515,2.964572,4600
1996-07-24,2.890458,2.890458,2.816343,2.853400,99000
1996-07-25,2.853400,2.890458,2.853400,2.853400,21900
1996-07-26,2.890459,2.908987,2.890459,2.908987,1200
1996-07-29,2.908987,2.908987,2.908987,2.908987,17400
1996-07-30,2.908987,2.908987,2.908987,2.908987,600
1996-07-31,2.946043,3.001629,2.946043,2.964572,27700
1996-08-01,2.983101,2.983101,2.946043,2.964572,3200
1996-08-02,2.964572,2.964572,2.964572,2.964572,600
1996-08-05,2.964572,2.964572,2.964572,2.964572,600
1996-08-06,2.964572,2.964572,2.964572,2.964572,1300
1996-08-07,2.983101,3.001630,2.983101,3.001630,2900
1996-08-08,3.001630,3.001630,3.001630,3.001630,0
1996-08-09,2.964572,2.964572,2.964572,2.964572,10000
1996-08-12,2.964572,2.964572,2.964572,2.964572,0
1996-08-13,2.964572,2.964572,2.964572,2.964572,0
1996-08-14,3.001630,3.001630,3.001630,3.001630,1200
1996-08-15,2.983101,3.001630,2.983101,3.001630,700
1996-08-16,3.001630,3.001630,3.001630,3.001630,200
1996-08-19,3.075744,3.094272,3.075744,3.094272,1500
1996-08-20,3.075743,3.075743,3.075743,3.075743,300
1996-08-21,3.112800,3.149857,3.112800,3.112800,3200
1996-08-22,3.112800,3.112800,3.075743,3.075743,3700
1996-08-23,3.112801,3.112801,3.094272,3.094272,9600
1996-08-26,3.131854,3.131854,3.094121,3.094121,500
1996-08-27,3.075254,3.075254,3.075254,3.075254,300
1996-08-28,3.056388,3.056388,3.056388,3.056388,2700
1996-08-29,3.056388,3.056388,3.056388,3.056388,300
1996-08-30,3.075254,3.075254,3.075254,3.075254,1900
1996-09-03,3.056388,3.056388,3.018654,3.018654,1900
1996-09-04,3.037521,3.075254,3.037521,3.075254,700
1996-09-05,3.037521,3.037521,3.037521,3.037521,300
1996-09-06,3.056388,3.056388,3.056388,3.056388,10000
1996-09-09,3.094121,3.094121,3.056388,3.056388,2000
1996-09-10,3.094121,3.094121,3.094121,3.094121,200
1996-09-11,3.094121,3.094121,3.094121,3.094121,900
1996-09-12,3.094121,3.094121,3.094121,3.094121,0
1996-09-13,3.094121,3.094121,3.056388,3.056388,2100
1996-09-16,3.056388,3.056388,3.056388,3.056388,0
1996-09-17,3.056388,3.056388,3.018655,3.056388,1400
1996-09-18,2.999786,2.999786,2.962053,2.980920,78400
1996-09-19,2.980921,2.999788,2.980921,2.999788,700
1996-09-20,3.018653,3.018653,2.980920,2.980920,200
1996-09-23,2.943188,2.943188,2.943188,2.943188,1700
1996-09-24,2.980920,2.980920,2.980920,2.980920,1400
1996-09-25,2.999788,3.056388,2.999788,3.056388,4300
1996-09-26,3.056388,3.056388,3.056388,3.056388,0
1996-09-27,3.037521,3.037521,3.037521,3.037521,600
1996-09-30,3.037521,3.075254,3.037521,3.075254,1800
1996-10-01,3.075255,3.075255,3.037522,3.056388,1100
1996-10-02,3.094120,3.131854,3.094120,3.131854,2100
1996-10-03,3.112987,3.112987,3.094121,3.094121,5800
1996-10-04,3.131855,3.131855,3.112988,3.112988,1200
1996-10-07,3.094121,3.150721,3.094121,3.150721,13600
1996-10-08,3.112987,3.131854,3.112987,3.131854,700
1996-10-09,3.131855,3.131855,3.094122,3.112988,600
1996-10-10,3.112987,3.131854,3.112987,3.131854,700
1996-10-11,3.131854,3.169587,3.131854,3.169587,36000
1996-10-14,3.131855,3.207321,3.131855,3.188455,6000
1996-10-15,3.226187,3.226187,3.169587,3.169587,16800
1996-10-16,3.207320,3.207320,3.169587,3.207320,4100
1996-10-17,3.207320,3.207320,3.188454,3.207320,9400
1996-10-18,3.188455,3.245054,3.188455,3.226188,2200
1996-10-21,3.226188,3.245054,3.226188,3.245054,3700
1996-10-22,3.245054,3.245054,3.245054,3.245054,1900
1996-10-23,3.245054,3.245054,3.207321,3.245054,13400
1996-10-24,3.226187,3.263920,3.226187,3.263920,3400
1996-10-25,3.207320,3.207320,3.207320,3.207320,8700
1996-10-28,3.188453,3.188453,3.131854,3.131854,4300
1996-10-29,3.131854,3.131854,3.112987,3.131854,1500
1996-10-30,3.169587,3.188453,3.169587,3.169587,4300
1996-10-31,3.207320,3.207320,3.207320,3.207320,200
1996-11-01,3.188453,3.188453,3.169587,3.169587,11100
1996-11-04,3.207320,3.207320,3.169587,3.207320,1500
1996-11-05,3.207320,3.207320,3.169587,3.169587,20100
1996-11-06,3.169587,3.207320,3.169587,3.169587,2600
1996-11-07,3.169587,3.169587,3.131854,3.131854,1200
1996-11-08,3.150721,3.150721,3.150721,3.150721,40000
1996-11-11,3.131854,3.150721,3.112988,3.150721,28600
1996-11-12,3.150721,3.150721,3.150721,3.150721,0
1996-11-13,3.131854,3.131854,3.131854,3.131854,1200
1996-11-14,3.131854,3.169587,3.131854,3.169587,39300
1996-11-15,3.169587,3.207320,3.169587,3.207320,20100
1996-11-18,3.207320,3.207320,3.169587,3.207320,3300
1996-11-19,3.207320,3.207320,3.188454,3.207320,3100
1996-11-20,3.245054,3.245054,3.226188,3.226188,1300
1996-11-21,3.282787,3.320520,3.282787,3.301653,21200
1996-11-22,3.301653,3.301653,3.282787,3.282787,4200
1996-11-25,3.320520,3.358253,3.320520,3.339386,28000
1996-11-26,3.320519,3.320519,3.320519,3.320519,6300
1996-11-27,3.320520,3.320520,3.282787,3.301653,30600
1996-11-29,3.320520,3.320520,3.301653,3.301653,12300
1996-12-02,3.320520,3.339386,3.320520,3.339386,9900
1996-12-03,3.301654,3.320521,3.245054,3.245054,8000
1996-12-04,3.245053,3.245053,3.207320,3.207320,1100
1996-12-05,3.245054,3.245054,3.245054,3.245054,1100
1996-12-06,3.169587,3.188453,3.169587,3.169587,48800
1996-12-09,3.207321,3.226188,3.188455,3.226188,2900
1996-12-10,3.245054,3.245054,3.245054,3.245054,3000
1996-12-11,3.169587,3.207320,3.169587,3.207320,5400
1996-12-12,3.150720,3.188453,3.150720,3.169587,5100
1996-12-13,3.150721,3.150721,3.131854,3.150721,3400
1996-12-16,3.188455,3.188455,3.188455,3.188455,300
1996-12-17,3.150720,3.150720,3.131854,3.131854,2900
1996-12-18,3.131854,3.131854,3.131854,3.131854,0
1996-12-19,3.188453,3.188453,3.169587,3.169587,1600
1996-12-20,3.226187,3.263920,3.226187,3.263920,6900
1996-12-23,3.279938,3.299008,3.279938,3.299008,22200
1996-12-24,3.279939,3.279939,3.279939,3.279939,4100
1996-12-26,3.260870,3.260870,3.260870,3.260870,100
1996-12-27,3.260870,3.318078,3.260870,3.260870,2700
1996-12-30,3.299008,3.337147,3.299008,3.337147,4300
1996-12-31,3.337146,3.356215,3.299007,3.356215,3800
1997-01-02,3.299009,3.318078,3.279939,3.279939,3900
1997-01-03,3.299008,3.299008,3.260870,3.260870,5700
1997-01-06,3.260870,3.279939,3.241800,3.279939,7100
1997-01-07,3.241800,3.279939,3.241800,3.279939,19700
1997-01-08,3.241800,3.260870,3.241800,3.260870,800
1997-01-09,3.222730,3.260869,3.222730,3.241800,4800
1997-01-10,3.241800,3.241800,3.241800,3.241800,300
1997-01-13,3.260870,3.260870,3.241800,3.260870,2900
1997-01-14,3.260870,3.279939,3.241800,3.260870,6000
1997-01-15,3.279939,3.279939,3.241800,3.279939,4900
1997-01-16,3.279938,3.299008,3.260869,3.299008,13300
1997-01-17,3.299008,3.299008,3.299008,3.299008,1100
1997-01-20,3.299008,3.299008,3.279938,3.299008,20700
1997-01-21,3.279938,3.279938,3.241800,3.241800,12100
1997-01-22,3.260870,3.279939,3.241800,3.279939,13900
1997-01-23,3.260870,3.260870,3.260870,3.260870,900
1997-01-24,3.241800,3.241800,3.203661,3.241800,2900
1997-01-27,3.241800,3.241800,3.241800,3.241800,13600
1997-01-28,3.203661,3.203661,3.184591,3.184591,300
1997-01-29,3.203661,3.203661,3.203661,3.203661,600
1997-01-30,3.203660,3.203660,3.165521,3.165521,11700
1997-01-31,3.203661,3.203661,3.203661,3.203661,22600
1997-02-03,3.184592,3.241800,3.184592,3.222731,3800
1997-02-04,3.184591,3.184591,3.184591,3.184591,3700
1997-02-05,3.222730,3.222730,3.184591,3.203661,1900
1997-02-06,3.203661,3.222730,3.184591,3.184591,7900
1997-02-07,3.184592,3.222731,3.184592,3.222731,5300
1997-02-10,3.203660,3.203660,3.165521,3.165521,12200
1997-02-11,3.165523,3.222731,3.165523,3.222731,6500
1997-02-12,3.222730,3.241800,3.222730,3.241800,1900
1997-02-13,3.279939,3.337147,3.279939,3.279939,23300
1997-02-14,3.279938,3.279938,3.241800,3.241800,1500
1997-02-18,3.318077,3.318077,3.318077,3.318077,4700
1997-02-19,3.299009,3.299009,3.260870,3.279939,4200
1997-02-20,3.279939,3.279939,3.241800,3.279939,23000
1997-02-21,3.318077,3.318077,3.318077,3.318077,12700
1997-02-24,3.318077,3.356215,3.318077,3.356215,3100
1997-02-25,3.356215,3.356215,3.356215,3.356215,2200
1997-02-26,3.279939,3.279939,3.260870,3.260870,100900
1997-02-27,3.260869,3.299008,3.260869,3.299008,6700
1997-02-28,3.279939,3.279939,3.279939,3.279939,17100
1997-03-03,3.241800,3.260869,3.241800,3.241800,6700
1997-03-04,3.279939,3.318077,3.279939,3.318077,23500
1997-03-05,3.279939,3.279939,3.279939,3.279939,500
1997-03-06,3.337147,3.337147,3.337147,3.337147,7800
1997-03-07,3.337147,3.337147,3.337147,3.337147,1200
1997-03-10,3.318077,3.337147,3.318077,3.318077,11900
1997-03-11,3.375285,3.375285,3.356215,3.356215,4900
1997-03-12,3.337147,3.356216,3.337147,3.337147,6700
1997-03-13,3.356216,3.356216,3.318077,3.318077,2800
1997-03-14,3.299008,3.337146,3.299008,3.299008,17100
1997-03-17,3.279939,3.279939,3.279939,3.279939,500
1997-03-18,3.279938,3.279938,3.241800,3.241800,1000
1997-03-19,3.241800,3.241800,3.241800,3.241800,0
1997-03-20,3.241800,3.241800,3.222731,3.222731,2000
1997-03-21,3.203661,3.241800,3.203661,3.241800,1100
1997-03-24,3.260869,3.299008,3.260869,3.299008,121900
1997-03-25,3.279939,3.279939,3.222731,3.260870,19400
1997-03-26,3.222731,3.260870,3.222731,3.260870,1300
1997-03-27,3.260870,3.279939,3.260870,3.279939,2100
1997-03-31,3.241800,3.260870,3.241800,3.260870,5100
1997-04-01,3.203661,3.203661,3.203661,3.203661,8900
1997-04-02,3.184592,3.184592,3.146453,3.146453,3100
1997-04-03,3.146452,3.184591,3.146452,3.184591,2900
1997-04-04,3.184591,3.184591,3.184591,3.184591,7300
1997-04-07,3.203661,3.203661,3.184591,3.203661,8000
1997-04-08,3.203661,3.203661,3.203661,3.203661,0
1997-04-09,3.203661,3.203661,3.203661,3.203661,900
1997-04-10,3.203661,3.222731,3.184592,3.222731,4100
1997-04-11,3.241800,3.241800,3.203661,3.203661,6600
1997-04-14,3.222731,3.222731,3.222731,3.222731,400
1997-04-15,3.203661,3.203661,3.184591,3.203661,6000
1997-04-16,3.222731,3.222731,3.222731,3.222731,100
1997-04-17,3.241800,3.241800,3.203661,3.241800,1000
1997-04-18,3.241800,3.260870,3.241800,3.260870,5900
1997-04-21,3.279939,3.279939,3.260870,3.260870,74700
1997-04-22,3.299008,3.299008,3.260869,3.299008,4300
1997-04-23,3.279939,3.279939,3.279939,3.279939,1400
1997-04-24,3.318077,3.318077,3.299008,3.299008,5800
1997-04-25,3.318077,3.318077,3.318077,3.318077,3000
1997-04-28,3.318077,3.318077,3.318077,3.318077,2000
1997-04-29,3.375285,3.375285,3.337147,3.337147,900
1997-04-30,3.337146,3.356215,3.337146,3.356215,900
1997-05-01,3.356215,3.356215,3.356215,3.356215,0
1997-05-02,3.356215,3.356215,3.356215,3.356215,1800
1997-05-05,3.356216,3.356216,3.318077,3.337147,8200
1997-05-06,3.337146,3.356215,3.337146,3.356215,5000
1997-05-07,3.356215,3.356215,3.356215,3.356215,0
1997-05-08,3.356216,3.375285,3.337147,3.337147,31700
1997-05-09,3.394356,3.394356,3.375287,3.394356,1200
1997-05-12,3.432493,3.432493,3.394355,3.413424,75800
1997-05-13,3.413424,3.432493,3.394354,3.432493,6600
1997-05-14,3.432493,3.451563,3.413424,3.413424,21000
1997-05-15,3.394356,3.394356,3.375287,3.394356,55900
1997-05-16,3.394355,3.432494,3.375286,3.375286,82800
1997-05-19,3.375287,3.394356,3.375287,3.394356,900
1997-05-20,3.413424,3.413424,3.413424,3.413424,5100
1997-05-21,3.432493,3.432493,3.432493,3.432493,23000
1997-05-22,3.451563,3.470633,3.451563,3.470633,6600
1997-05-23,3.413425,3.413425,3.375286,3.375286,4000
1997-05-27,3.394355,3.413424,3.394355,3.413424,3500
1997-05-28,3.413424,3.413424,3.413424,3.413424,400
1997-05-29,3.394355,3.432493,3.394355,3.413424,2200
1997-05-30,3.413424,3.432493,3.413424,3.432493,2200
1997-06-02,3.413424,3.451563,3.413424,3.413424,28600
1997-06-03,3.394355,3.413424,3.394355,3.413424,9700
1997-06-04,3.451563,3.451563,3.394355,3.413424,20700
1997-06-05,3.432493,3.432493,3.432493,3.432493,2500
1997-06-06,3.413424,3.432493,3.413424,3.432493,2700
1997-06-09,3.432495,3.432495,3.394356,3.394356,6200
1997-06-10,3.451563,3.451563,3.432493,3.432493,3700
1997-06-11,3.432493,3.451563,3.413424,3.413424,2100
1997-06-12,3.413424,3.432493,3.413424,3.413424,1300
1997-06-13,3.432494,3.470633,3.432494,3.470633,26700
1997-06-16,3.470633,3.489703,3.451564,3.451564,51800
1997-06-17,3.470633,3.470633,3.470633,3.470633,9200
1997-06-18,3.489702,3.508771,3.470632,3.489702,92100
1997-06-19,3.508772,3.527842,3.508772,3.527842,28400
1997-06-20,3.527841,3.546910,3.527841,3.546910,6900
1997-06-23,3.546910,3.565979,3.546910,3.546910,36300
1997-06-24,3.527842,3.527842,3.527842,3.527842,11000
1997-06-25,3.546911,3.546911,3.527842,3.527842,20500
1997-06-26,3.527841,3.546910,3.508771,3.546910,2235400
1997-06-27,3.527842,3.527842,3.527842,3.527842,1800
1997-06-30,3.546910,3.546910,3.546910,3.546910,900
1997-07-01,3.546910,3.585049,3.546910,3.585049,14000
1997-07-02,3.604118,3.623188,3.604118,3.623188,9600
1997-07-03,3.623188,3.623188,3.604118,3.623188,14500
1997-07-07,3.546909,3.546909,3.489701,3.508770,71700
1997-07-08,3.489701,3.508770,3.470631,3.508770,3900
1997-07-09,3.527841,3.527841,3.489702,3.489702,4400
1997-07-10,3.508771,3.508771,3.489702,3.489702,4900
1997-07-11,3.489701,3.508770,3.489701,3.508770,1200
1997-07-14,3.413424,3.451563,3.413424,3.432493,33800
1997-07-15,3.394355,3.394355,3.337147,3.337147,7500
1997-07-16,3.356215,3.394354,3.356215,3.356215,10100
1997-07-17,3.451564,3.451564,3.394356,3.451564,5600
1997-07-18,3.470632,3.470632,3.413424,3.432493,18800
1997-07-21,3.432495,3.432495,3.394356,3.394356,5100
1997-07-22,3.394354,3.432493,3.394354,3.432493,11500
1997-07-23,3.413425,3.451564,3.413425,3.451564,9000
1997-07-24,3.451564,3.451564,3.432495,3.451564,6700
1997-07-25,3.451563,3.470633,3.451563,3.470633,8100
1997-07-28,3.508770,3.508770,3.489701,3.508770,5100
1997-07-29,3.508772,3.527842,3.508772,3.527842,300
1997-07-30,3.508772,3.527842,3.508772,3.527842,2900
1997-07-31,3.527842,3.527842,3.489703,3.527842,4100
1997-08-01,3.489702,3.489702,3.451563,3.489702,7600
1997-08-04,3.451563,3.470632,3.413424,3.413424,18900
1997-08-05,3.432493,3.432493,3.432493,3.432493,1000
1997-08-06,3.432493,3.432493,3.432493,3.432493,5000
1997-08-07,3.432493,3.432493,3.432493,3.432493,0
1997-08-08,3.432495,3.432495,3.394356,3.394356,4200
1997-08-11,3.394354,3.394354,3.356215,3.356215,5300
1997-08-12,3.356215,3.356215,3.337146,3.356215,20700
1997-08-13,3.337147,3.375286,3.337147,3.375286,2000
1997-08-14,3.318078,3.375286,3.318078,3.375286,4700
1997-08-15,3.394355,3.413425,3.375286,3.375286,19600
1997-08-18,3.356216,3.356216,3.337147,3.337147,3700
1997-08-19,3.318077,3.356216,3.318077,3.337147,4900
1997-08-20,3.318077,3.356215,3.318077,3.356215,1800
1997-08-21,3.375285,3.432493,3.375285,3.432493,2700
1997-08-22,3.337146,3.356215,3.337146,3.356215,5200
1997-08-25,3.420378,3.440035,3.381063,3.381063,1700
1997-08-26,3.341748,3.341748,3.322091,3.322091,3300
1997-08-27,3.361406,3.381063,3.322091,3.381063,21900
1997-08-28,3.341748,3.341748,3.322091,3.322091,1700
1997-08-29,3.302433,3.302433,3.263119,3.282776,5300
1997-09-02,3.243461,3.243461,3.223804,3.223804,4900
1997-09-03,3.282776,3.282776,3.204147,3.223804,75000
1997-09-04,3.243462,3.282777,3.243462,3.243462,3000
1997-09-05,3.302433,3.322091,3.263119,3.263119,3800
1997-09-08,3.302434,3.361406,3.302434,3.361406,21000
1997-09-09,3.381063,3.381063,3.381063,3.381063,14400
1997-09-10,3.322092,3.361406,3.322092,3.361406,6500
1997-09-11,3.282776,3.341748,3.282776,3.282776,57600
1997-09-12,3.322091,3.322091,3.263119,3.282776,30300
1997-09-15,3.282776,3.282776,3.282776,3.282776,0
1997-09-16,3.263120,3.263120,3.243462,3.243462,12600
1997-09-17,3.302433,3.302433,3.263119,3.263119,31700
1997-09-18,3.341748,3.341748,3.322091,3.322091,3600
1997-09-19,3.381063,3.459692,3.381063,3.459692,48200
1997-09-22,3.479349,3.499007,3.440035,3.440035,7400
1997-09-23,3.499007,3.499007,3.459692,3.459692,7600
1997-09-24,3.420378,3.479350,3.420378,3.479350,4600
1997-09-25,3.479350,3.538322,3.479350,3.538322,16200
1997-09-26,3.518664,3.518664,3.518664,3.518664,400
1997-09-29,3.440036,3.440036,3.420378,3.420378,33000
1997-09-30,3.420377,3.459692,3.400720,3.440035,12100
1997-10-01,3.499007,3.518664,3.459692,3.499007,21000
1997-10-02,3.499006,3.518664,3.499006,3.518664,4000
1997-10-03,3.518664,3.518664,3.459692,3.499007,4000
1997-10-06,3.479350,3.479350,3.420378,3.420378,3300
1997-10-07,3.459692,3.459692,3.400720,3.459692,6000
1997-10-08,3.479349,3.499007,3.479349,3.499007,8000
1997-10-09,3.459693,3.499008,3.400721,3.400721,3000
1997-10-10,3.400721,3.400721,3.381063,3.381063,1600
1997-10-13,3.381063,3.381063,3.381063,3.381063,2200
1997-10-14,3.341748,3.341748,3.322091,3.322091,2000
1997-10-15,3.302433,3.341747,3.302433,3.341747,3300
1997-10-16,3.302433,3.322091,3.282776,3.302433,10200
1997-10-17,3.302433,3.322091,3.263119,3.263119,2300
1997-10-20,3.322091,3.322091,3.263119,3.263119,2300
1997-10-21,3.302433,3.302433,3.302433,3.302433,7700
1997-10-22,3.302433,3.302433,3.263119,3.302433,7300
1997-10-23,3.086202,3.105860,3.086202,3.105860,11000
1997-10-24,3.105860,3.125517,3.066545,3.105860,2900
1997-10-27,2.909287,2.948602,2.830658,2.830658,6700
1997-10-28,2.712714,3.066546,2.693057,3.066546,60400
1997-10-29,2.987917,3.027231,2.909287,2.928945,29700
1997-10-30,2.889629,2.928944,2.889629,2.889629,14500
1997-10-31,2.987917,3.027232,2.987917,3.007574,233200
1997-11-03,3.007573,3.125517,3.007573,3.125517,322600
1997-11-04,3.105860,3.125517,3.046888,3.125517,23000
1997-11-05,3.125517,3.125517,3.125517,3.125517,1500
1997-11-06,3.125518,3.125518,3.046888,3.086203,26600
1997-11-07,2.948602,2.968259,2.948602,2.968259,3900
1997-11-10,3.027231,3.027231,2.987916,2.987916,2800
1997-11-11,3.046888,3.086203,3.046888,3.086203,5400
1997-11-12,3.027232,3.027232,3.007574,3.007574,3500
1997-11-13,3.027231,3.027231,2.968259,2.968259,24400
1997-11-14,2.948601,2.948601,2.909286,2.909286,17300
1997-11-17,2.948602,2.948602,2.948602,2.948602,1900
1997-11-18,2.948602,2.948602,2.928944,2.948602,11600
1997-11-19,2.909287,2.948602,2.850315,2.948602,4100
1997-11-20,2.928945,2.928945,2.909287,2.928945,9900
1997-11-21,2.987916,3.027231,2.987916,3.027231,7800
1997-11-24,2.948602,2.987916,2.948602,2.987916,8900
1997-11-25,2.909286,2.948601,2.909286,2.909286,9300
1997-11-26,2.909286,2.948601,2.889629,2.889629,17900
1997-11-28,2.889629,2.889629,2.889629,2.889629,0
1997-12-01,2.948602,2.948602,2.928945,2.928945,18200
1997-12-02,2.948602,3.007574,2.948602,2.968259,7100
1997-12-03,2.987916,2.987916,2.968259,2.968259,1000
1997-12-04,3.007574,3.007574,3.007574,3.007574,200
1997-12-05,3.007574,3.007574,2.948602,2.968259,3600
1997-12-08,3.027231,3.027231,2.987916,3.027231,5100
1997-12-09,3.027231,3.027231,2.968259,2.968259,27900
1997-12-10,2.948602,2.948602,2.948602,2.948602,32300
1997-12-11,2.948601,2.948601,2.869972,2.869972,30100
1997-12-12,2.869972,2.869972,2.850314,2.850314,16800
1997-12-15,2.830658,2.830658,2.811001,2.830658,56900
1997-12-16,2.830657,2.850314,2.830657,2.850314,6800
1997-12-17,2.928945,2.948602,2.909287,2.928945,68400
1997-12-18,2.928945,2.968259,2.909287,2.928945,68700
1997-12-19,2.850314,2.869972,2.771685,2.771685,26300
1997-12-22,2.830657,2.869972,2.811000,2.850314,18600
1997-12-23,2.909858,2.929653,2.890063,2.890063,13700
1997-12-24,2.890063,2.949448,2.890063,2.890063,8600
1997-12-26,2.870268,2.870268,2.870268,2.870268,3400
1997-12-29,2.929652,2.929652,2.909858,2.929652,64100
1997-12-30,2.969243,2.969243,2.929653,2.969243,12600
1997-12-31,2.969243,2.969243,2.949448,2.949448,4900
1998-01-02,2.969242,2.969242,2.929652,2.929652,6300
1998-01-05,2.969243,2.969243,2.969243,2.969243,48000
1998-01-06,2.949448,2.949448,2.949448,2.949448,20000
1998-01-07,2.929653,2.989038,2.929653,2.989038,80000
1998-01-08,2.969242,2.969242,2.929652,2.929652,14000
1998-01-09,2.870268,2.929653,2.870268,2.870268,8500
1998-01-12,2.850473,2.890063,2.810883,2.830678,32600
1998-01-13,2.870268,2.890063,2.870268,2.890063,4100
1998-01-14,2.969243,2.989038,2.969243,2.989038,5100
1998-01-15,2.929652,2.929652,2.909858,2.909858,3000
1998-01-16,3.008832,3.008832,3.008832,3.008832,4300
1998-01-20,3.028628,3.088013,3.028628,3.088013,14100
1998-01-21,3.068218,3.068218,2.989038,3.048423,40200
1998-01-22,2.949448,3.008833,2.949448,2.949448,33600
1998-01-23,2.949448,2.949448,2.949448,2.949448,0
1998-01-26,3.048423,3.088013,3.048423,3.048423,5700
1998-01-27,3.088013,3.107808,3.068218,3.107808,4300
1998-01-28,3.127602,3.127602,3.127602,3.127602,15000
1998-01-29,3.088012,3.147397,3.088012,3.127602,11300
1998-01-30,3.186987,3.186987,3.147397,3.186987,7900
1998-02-02,3.206783,3.206783,3.147398,3.167193,12500
1998-02-03,3.127603,3.127603,3.088013,3.107808,68800
1998-02-04,3.088013,3.167193,3.088013,3.167193,408400
1998-02-05,3.167192,3.186987,3.167192,3.186987,18300
1998-02-06,3.186988,3.186988,3.147398,3.167193,16600
1998-02-09,3.167192,3.167192,3.147397,3.147397,3600
1998-02-10,3.206783,3.206783,3.206783,3.206783,3700
1998-02-11,3.206783,3.206783,3.167193,3.167193,60100
1998-02-12,3.127602,3.186987,3.127602,3.186987,7100
1998-02-13,3.127602,3.127602,3.107807,3.127602,30300
1998-02-17,3.107808,3.107808,3.088013,3.088013,3900
1998-02-18,3.088012,3.147397,3.088012,3.147397,5800
1998-02-19,3.147397,3.147397,3.107807,3.147397,2000
1998-02-20,3.147397,3.147397,3.107807,3.147397,3300
1998-02-23,3.127602,3.127602,3.127602,3.127602,500
1998-02-24,3.088012,3.127602,3.088012,3.127602,3200
1998-02-25,3.107807,3.147397,3.107807,3.147397,2500
1998-02-26,3.167192,3.206782,3.167192,3.186987,7600
1998-02-27,3.206783,3.206783,3.147398,3.167193,4000
1998-03-02,3.206782,3.226577,3.206782,3.226577,13900
1998-03-03,3.226577,3.226577,3.226577,3.226577,5700
1998-03-04,3.246373,3.246373,3.206783,3.206783,900
1998-03-05,3.107808,3.107808,3.088013,3.088013,5100
1998-03-06,3.167192,3.167192,3.127602,3.127602,22500
1998-03-09,3.147398,3.147398,3.088013,3.088013,43000
1998-03-10,3.127602,3.186987,3.127602,3.186987,2600
1998-03-11,3.246372,3.246372,3.167192,3.186987,4700
1998-03-12,3.226577,3.226577,3.206782,3.226577,14000
1998-03-13,3.266168,3.266168,3.206783,3.206783,1300
1998-03-16,3.226577,3.246372,3.206782,3.246372,8300
1998-03-17,3.167193,3.206783,3.167193,3.206783,192000
1998-03-18,3.186987,3.226577,3.186987,3.226577,65300
1998-03-19,3.226578,3.266168,3.226578,3.266168,25700
1998-03-20,3.285962,3.325552,3.246372,3.325552,386200
1998-03-23,3.305756,3.305756,3.246372,3.246372,27900
1998-03-24,3.266168,3.325553,3.266168,3.266168,28600
1998-03-25,3.246372,3.285962,3.226577,3.226577,3700
1998-03-26,3.285961,3.305756,3.246372,3.246372,18000
1998-03-27,3.246372,3.246372,3.226577,3.246372,20900
1998-03-30,3.226577,3.226577,3.186987,3.186987,3000
1998-03-31,3.226578,3.266168,3.226578,3.266168,272100
1998-04-01,3.246372,3.246372,3.246372,3.246372,1000
1998-04-02,3.246373,3.246373,3.206783,3.206783,2600
1998-04-03,3.246372,3.246372,3.226577,3.226577,800
1998-04-06,3.285962,3.345347,3.285962,3.305757,18900
1998-04-07,3.285963,3.285963,3.226578,3.266168,52800
1998-04-08,3.246373,3.266168,3.246373,3.266168,10100
1998-04-09,3.285963,3.285963,3.246373,3.266168,10300
1998-04-13,3.266168,3.345347,3.266168,3.345347,32500
1998-04-14,3.325552,3.325552,3.285962,3.285962,61400
1998-04-15,3.305757,3.305757,3.285962,3.305757,2400
1998-04-16,3.325552,3.325552,3.285962,3.325552,4200
1998-04-17,3.305757,3.325552,3.285962,3.325552,13400
1998-04-20,3.325552,3.325552,3.305757,3.305757,8300
1998-04-21,3.305757,3.325552,3.305757,3.325552,17700
1998-04-22,3.345347,3.365142,3.345347,3.345347,11500
1998-04-23,3.325551,3.365141,3.325551,3.365141,1300
1998-04-24,3.305757,3.305757,3.305757,3.305757,1600
1998-04-27,3.246373,3.246373,3.206783,3.206783,37500
1998-04-28,3.226577,3.226577,3.186987,3.186987,6100
1998-04-29,3.167193,3.167193,3.167193,3.167193,9500
1998-04-30,3.266166,3.266166,3.246372,3.246372,30000
1998-05-01,3.285963,3.285963,3.266168,3.266168,19500
1998-05-04,3.246372,3.246372,3.226577,3.226577,700
1998-05-05,3.206783,3.206783,3.167193,3.206783,6100
1998-05-06,3.167192,3.167192,3.127602,3.147397,25000
1998-05-07,3.107807,3.147397,3.107807,3.127602,8600
1998-05-08,3.167192,3.186987,3.167192,3.186987,400
1998-05-11,3.127602,3.186987,3.107807,3.186987,2100
1998-05-12,3.167192,3.167192,3.107807,3.147397,6000
1998-05-13,3.088013,3.107808,3.088013,3.107808,21300
1998-05-14,3.088013,3.107808,3.088013,3.088013,15300
1998-05-15,3.107808,3.107808,3.048423,3.107808,4600
1998-05-18,2.989038,2.989038,2.969243,2.969243,5300
1998-05-19,2.989038,3.048423,2.989038,3.028628,8200
1998-05-20,3.068217,3.068217,3.068217,3.068217,700
1998-05-21,3.048423,3.088013,3.048423,3.088013,13200
1998-05-22,3.088013,3.088013,3.088013,3.088013,5800
1998-05-26,3.048422,3.068217,2.989037,3.068217,86100
1998-05-27,2.969243,2.969243,2.969243,2.969243,500
1998-05-28,2.929653,3.008833,2.929653,2.949448,10000
1998-05-29,3.028628,3.028628,2.969243,2.989038,6900
1998-06-01,2.949447,2.949447,2.909858,2.909858,3800
1998-06-02,2.949447,2.949447,2.929652,2.929652,6700
1998-06-03,2.949447,2.949447,2.890063,2.909858,8300
1998-06-04,2.870269,2.870269,2.850474,2.850474,6600
1998-06-05,2.791088,2.830678,2.791088,2.810883,3900
1998-06-08,2.791087,2.791087,2.731702,2.771292,123800
1998-06-09,2.771293,2.771293,2.711908,2.731703,236100
1998-06-10,2.751498,2.751498,2.692113,2.731703,10300
1998-06-11,2.731703,2.731703,2.652523,2.672318,6700
1998-06-12,2.692113,2.692113,2.672318,2.692113,1200
1998-06-15,2.692114,2.692114,2.632729,2.632729,20900
1998-06-16,2.672318,2.672318,2.632728,2.672318,2600
1998-06-17,2.791088,2.830678,2.791088,2.830678,22500
1998-06-18,2.830678,2.850473,2.791088,2.791088,12500
1998-06-19,2.909858,2.909858,2.850473,2.890063,8200
1998-06-22,2.850473,2.850473,2.830678,2.830678,400
1998-06-23,2.850474,2.850474,2.850474,2.850474,10700
1998-06-24,2.850474,2.850474,2.850474,2.850474,100
1998-06-25,2.791088,2.791088,2.791088,2.791088,22900
1998-06-26,2.830678,2.830678,2.791088,2.791088,10300
1998-06-29,2.810883,2.870268,2.810883,2.830678,4800
1998-06-30,2.929653,2.989038,2.929653,2.989038,37300
1998-07-01,3.008832,3.028627,2.989038,3.008832,37900
1998-07-02,2.989038,3.028628,2.969243,2.969243,10000
1998-07-06,2.969243,2.989038,2.969243,2.969243,16600
1998-07-07,3.068217,3.068217,3.008832,3.068217,7800
1998-07-08,3.088012,3.088012,3.048422,3.068217,9700
1998-07-09,3.048423,3.068218,3.028628,3.028628,6300
1998-07-10,3.008833,3.048423,3.008833,3.048423,2800
1998-07-13,3.048423,3.048423,3.028628,3.028628,2100
1998-07-14,3.028628,3.088013,3.028628,3.088013,8300
1998-07-15,3.107808,3.147398,3.088013,3.088013,11800
1998-07-16,3.186988,3.206783,3.167193,3.206783,128600
1998-07-17,3.206782,3.226577,3.186987,3.226577,178900
1998-07-20,3.186987,3.186987,3.127602,3.186987,26000
1998-07-21,3.167192,3.167192,3.107807,3.147397,9700
1998-07-22,3.127603,3.127603,3.048423,3.048423,3100
1998-07-23,3.048423,3.068218,3.048423,3.048423,15000
1998-07-24,3.127602,3.127602,3.068217,3.127602,4500
1998-07-27,3.008833,3.008833,2.929653,2.989038,43700
1998-07-28,2.969243,3.008833,2.949448,2.949448,1300
1998-07-29,2.929653,2.989038,2.929653,2.969243,15300
1998-07-30,3.028627,3.028627,2.989038,3.008832,21400
1998-07-31,2.929652,2.929652,2.929652,2.929652,500
1998-08-03,2.909858,2.909858,2.870268,2.870268,51400
1998-08-04,2.909858,2.909858,2.850473,2.909858,60500
1998-08-05,2.850473,2.870268,2.830678,2.830678,10200
1998-08-06,2.791087,2.791087,2.771292,2.771292,16800
1998-08-07,2.830678,2.830678,2.751498,2.751498,22600
1998-08-10,2.791087,2.791087,2.771292,2.771292,3000
1998-08-11,2.711909,2.711909,2.652524,2.652524,50700
1998-08-12,2.692114,2.711909,2.692114,2.711909,12500
1998-08-13,2.711909,2.711909,2.711909,2.711909,1300
1998-08-14,2.692113,2.692113,2.692113,2.692113,23400
1998-08-17,2.652524,2.711909,2.652524,2.711909,22400
1998-08-18,2.731703,2.731703,2.731703,2.731703,8700
1998-08-19,2.791088,2.810883,2.791088,2.810883,5500
1998-08-20,2.810883,2.810883,2.791088,2.810883,4300
1998-08-21,2.751498,2.751498,2.711908,2.731703,10100
1998-08-24,2.731703,2.731703,2.692113,2.731703,1500
1998-08-25,2.745269,2.745269,2.745269,2.745269,700
1998-08-26,2.704897,2.704897,2.624153,2.624153,113800
1998-08-27,2.523225,2.523225,2.381924,2.402110,34300
1998-08-28,2.482853,2.503039,2.462667,2.462667,68900
1998-08-31,2.523225,2.523225,2.462667,2.462667,5400
1998-09-01,2.563597,2.583783,2.543411,2.543411,12700
1998-09-02,2.624154,2.624154,2.603968,2.603968,5300
1998-09-03,2.583783,2.583783,2.523225,2.563597,9000
1998-09-04,2.603968,2.603968,2.603968,2.603968,700
1998-09-08,2.704897,2.704897,2.664525,2.684711,20900
1998-09-09,2.664526,2.664526,2.603968,2.603968,8500
1998-09-10,2.543410,2.624153,2.543410,2.624153,4900
1998-09-11,2.624153,2.624153,2.624153,2.624153,2800
1998-09-14,2.664525,2.684711,2.664525,2.684711,9000
1998-09-15,2.704896,2.704896,2.664525,2.664525,1700
1998-09-16,2.704896,2.704896,2.704896,2.704896,4600
1998-09-17,2.583782,2.644339,2.583782,2.644339,2000
1998-09-18,2.624153,2.624153,2.624153,2.624153,1200
1998-09-21,2.603968,2.624153,2.563596,2.624153,7000
1998-09-22,2.583783,2.583783,2.583783,2.583783,3600
1998-09-23,2.644339,2.664525,2.644339,2.664525,24000
1998-09-24,2.664525,2.725083,2.664525,2.725083,1300
1998-09-25,2.664526,2.664526,2.603968,2.603968,3600
1998-09-28,2.704896,2.704896,2.664525,2.664525,3600
1998-09-29,2.704896,2.704896,2.704896,2.704896,4800
1998-09-30,2.664525,2.684711,2.664525,2.684711,2100
1998-10-01,2.684711,2.684711,2.624153,2.624153,1800
1998-10-02,2.684710,2.684710,2.664525,2.664525,1300
1998-10-05,2.603968,2.603968,2.603968,2.603968,1500
1998-10-06,2.543411,2.583783,2.543411,2.583783,5000
1998-10-07,2.704897,2.765454,2.704897,2.745269,4400
1998-10-08,2.704897,2.725083,2.704897,2.725083,3800
1998-10-09,2.664525,2.704896,2.664525,2.664525,6200
1998-10-12,2.745268,2.785639,2.745268,2.785639,20500
1998-10-13,2.704897,2.704897,2.664525,2.684711,16900
1998-10-14,2.745268,2.745268,2.725083,2.725083,21600
1998-10-15,2.704896,2.745268,2.704896,2.704896,1400
1998-10-16,2.826011,2.826011,2.805825,2.826011,1800
1998-10-19,2.765453,2.826011,2.765453,2.826011,14700
1998-10-20,2.805826,2.805826,2.765455,2.805826,1500
1998-10-21,2.826011,2.846196,2.826011,2.826011,10600
1998-10-22,2.826011,2.826011,2.785639,2.826011,900
1998-10-23,2.826011,2.826011,2.826011,2.826011,2800
1998-10-26,2.785640,2.805826,2.765455,2.805826,2300
1998-10-27,2.785640,2.805826,2.765455,2.805826,2700
1998-10-28,2.866384,2.906755,2.866384,2.906755,3000
1998-10-29,2.866383,2.906755,2.866383,2.886569,3400
1998-10-30,2.947126,2.947126,2.886569,2.886569,8900
1998-11-02,2.987497,3.027869,2.987497,3.027869,9400
1998-11-03,3.007684,3.007684,3.007684,3.007684,2100
1998-11-04,3.007684,3.068241,2.987498,3.068241,22500
1998-11-05,3.027870,3.027870,2.987498,2.987498,800
1998-11-06,3.027870,3.088427,3.027870,3.068241,15800
1998-11-09,3.048055,3.048055,2.987497,3.048055,8500
1998-11-10,3.027870,3.027870,2.967312,2.987498,2200
1998-11-11,3.088428,3.108613,3.048056,3.108613,2600
1998-11-12,3.068241,3.108613,3.048056,3.068241,21500
1998-11-13,3.088426,3.088426,3.048055,3.048055,900
1998-11-16,3.088426,3.088426,3.027869,3.027869,4300
1998-11-17,2.987498,3.088427,2.987498,3.088427,115300
1998-11-18,3.088427,3.088427,3.027869,3.088427,5000
1998-11-19,3.048055,3.148984,3.048055,3.088427,19000
1998-11-20,3.088427,3.148984,3.088427,3.088427,19900
1998-11-23,3.108612,3.169170,3.108612,3.128798,6400
1998-11-24,3.189357,3.209543,3.169171,3.209543,27500
1998-11-25,3.128798,3.169170,3.128798,3.128798,3700
1998-11-27,3.148985,3.148985,3.108613,3.108613,1600
1998-11-30,3.148984,3.148984,3.088427,3.088427,27000
1998-12-01,3.048055,3.088427,3.048055,3.088427,7900
1998-12-02,3.169171,3.169171,3.148985,3.169171,31900
1998-12-03,3.048056,3.068241,3.027870,3.068241,6800
1998-12-04,3.088427,3.088427,3.027869,3.088427,11300
1998-12-07,3.108612,3.108612,3.048055,3.088427,5700
1998-12-08,3.048056,3.088427,3.027870,3.068241,2800
1998-12-09,3.048055,3.048055,3.027869,3.027869,3900
1998-12-10,3.068241,3.068241,3.027869,3.027869,3000
1998-12-11,3.007684,3.007684,3.007684,3.007684,5200
1998-12-14,2.987498,3.007684,2.947126,2.947126,8400
1998-12-15,3.027869,3.088426,3.007683,3.027869,18200
1998-12-16,3.048056,3.048056,2.987498,2.987498,65700
1998-12-17,3.108612,3.108612,3.088427,3.088427,13900
1998-12-18,3.108613,3.108613,3.068241,3.068241,16500
1998-12-21,3.068241,3.068241,3.068241,3.068241,1000
1998-12-22,3.012758,3.053198,3.012758,3.012758,24800
1998-12-23,3.012758,3.032978,2.992539,3.012758,79300
1998-12-24,3.053198,3.053198,3.012758,3.012758,2200
1998-12-28,2.972319,3.012758,2.972319,3.012758,9800
1998-12-29,2.972318,3.032978,2.972318,3.032978,2600
1998-12-30,3.073418,3.073418,2.992538,3.073418,4600
1998-12-31,3.032978,3.073418,3.032978,3.073418,800
1999-01-04,3.154297,3.174517,3.093638,3.113858,26500
1999-01-05,3.113858,3.113858,3.113858,3.113858,1800
1999-01-06,3.255395,3.255395,3.214956,3.214956,4200
1999-01-07,3.275615,3.316055,3.275615,3.275615,16100
1999-01-08,3.295835,3.295835,3.235176,3.275615,37600
1999-01-11,3.214956,3.275615,3.214956,3.214956,8600
1999-01-12,3.235177,3.255396,3.194737,3.255396,26600
1999-01-13,3.113857,3.174516,3.113857,3.154296,14100
1999-01-14,3.214954,3.214954,3.134075,3.134075,30400
1999-01-15,3.154296,3.214956,3.154296,3.214956,15400
1999-01-19,3.275615,3.275615,3.214956,3.275615,99700
1999-01-20,3.235176,3.275615,3.235176,3.275615,345900
1999-01-21,3.235177,3.275616,3.235177,3.235177,15900
1999-01-22,3.194736,3.214956,3.194736,3.214956,4300
1999-01-25,3.194735,3.194735,3.154296,3.194735,22200
1999-01-26,3.174517,3.194737,3.174517,3.174517,8100
1999-01-27,3.235176,3.235176,3.174517,3.174517,11400
1999-01-28,3.214957,3.255396,3.194737,3.235177,15800
1999-01-29,3.275616,3.275616,3.214957,3.235177,6500
1999-02-01,3.295837,3.316057,3.275617,3.295837,19400
1999-02-02,3.275615,3.275615,3.235176,3.275615,26900
1999-02-03,3.255396,3.295835,3.255396,3.275615,36000
1999-02-04,3.295837,3.316057,3.295837,3.295837,47500
1999-02-05,3.255396,3.295835,3.255396,3.275615,65500
1999-02-08,3.275617,3.295837,3.275617,3.295837,4300
1999-02-09,3.235177,3.255396,3.214957,3.255396,13000
1999-02-10,3.194737,3.194737,3.174517,3.174517,10900
1999-02-11,3.255396,3.275615,3.235176,3.275615,6100
1999-02-12,3.316055,3.316055,3.214956,3.214956,33300
1999-02-16,3.235175,3.255395,3.174515,3.194735,16900
1999-02-17,3.214956,3.235176,3.174517,3.174517,12400
1999-02-18,3.255396,3.255396,3.255396,3.255396,1700
1999-02-19,3.255396,3.295835,3.235176,3.275615,14600
1999-02-22,3.295835,3.316055,3.295835,3.316055,10600
1999-02-23,3.275615,3.275615,3.275615,3.275615,2200
1999-02-24,3.255396,3.316056,3.255396,3.255396,8900
1999-02-25,3.235177,3.255396,3.214957,3.255396,1200
1999-02-26,3.194736,3.214956,3.154296,3.214956,32400
1999-03-01,3.194735,3.194735,3.113856,3.194735,21200
1999-03-02,3.154297,3.174517,3.134077,3.174517,7300
1999-03-03,3.154297,3.214956,3.154297,3.174517,5500
1999-03-04,3.154296,3.154296,3.154296,3.154296,1000
1999-03-05,3.275617,3.316057,3.255397,3.295837,64400
1999-03-08,3.255396,3.316056,3.255396,3.255396,10400
1999-03-09,3.275615,3.275615,3.275615,3.275615,800
1999-03-10,3.275616,3.336276,3.275616,3.336276,6300
1999-03-11,3.356495,3.356495,3.295836,3.356495,15800
1999-03-12,3.316056,3.356495,3.316056,3.356495,6200
1999-03-15,3.356495,3.356495,3.316056,3.336276,5800
1999-03-16,3.356495,3.356495,3.295836,3.356495,5900
1999-03-17,3.356495,3.356495,3.275616,3.316055,3600
1999-03-18,3.275616,3.316055,3.255396,3.316055,1900
1999-03-19,3.336276,3.336276,3.295836,3.336276,2200
1999-03-22,3.336275,3.376715,3.336275,3.376715,8600
1999-03-23,3.396935,3.396935,3.275616,3.356495,41700
1999-03-24,3.376715,3.376715,3.316055,3.316055,1400
1999-03-25,3.316056,3.396935,3.316056,3.396935,3400
1999-03-26,3.376715,3.376715,3.275615,3.275615,17000
1999-03-29,3.316055,3.376715,3.316055,3.376715,11800
1999-03-30,3.316055,3.356495,3.316055,3.316055,15500
1999-03-31,3.316055,3.316055,3.275615,3.275615,3900
1999-04-01,3.356495,3.356495,3.316055,3.316055,2200
1999-04-05,3.336275,3.396935,3.316055,3.316055,19100
1999-04-06,3.316056,3.336276,3.316056,3.336276,1100
1999-04-07,3.417155,3.417155,3.356495,3.417155,3300
1999-04-08,3.417155,3.417155,3.396935,3.396935,35800
1999-04-09,3.376715,3.417155,3.356495,3.417155,23500
1999-04-12,3.417155,3.417155,3.356495,3.356495,3900
1999-04-13,3.457595,3.477815,3.417155,3.477815,13600
1999-04-14,3.477814,3.477814,3.437374,3.437374,2000
1999-04-15,3.437374,3.437374,3.417154,3.437374,600
1999-04-16,3.518253,3.558692,3.477813,3.538472,16000
1999-04-19,3.619353,3.619353,3.558694,3.558694,21700
1999-04-20,3.538473,3.578913,3.538473,3.578913,3800
1999-04-21,3.578913,3.578913,3.558693,3.578913,20100
1999-04-22,3.619353,3.619353,3.558693,3.619353,9100
1999-04-23,3.639572,3.639572,3.619353,3.619353,8400
1999-04-26,3.619353,3.619353,3.578913,3.578913,15100
1999-04-27,3.639573,3.659793,3.599134,3.599134,17200
1999-04-28,3.599132,3.700231,3.599132,3.700231,32200
1999-04-29,3.680011,3.720451,3.659791,3.700231,38200
1999-04-30,3.700231,3.700231,3.639571,3.700231,8500
1999-05-03,3.680013,3.700233,3.680013,3.680013,18400
1999-05-04,3.700231,3.700231,3.639571,3.700231,6700
1999-05-05,3.578913,3.639573,3.578913,3.639573,6800
1999-05-06,3.639573,3.680012,3.639573,3.639573,2400
1999-05-07,3.619353,3.619353,3.558693,3.619353,8500
1999-05-10,3.619353,3.639573,3.578913,3.639573,43500
1999-05-11,3.639573,3.639573,3.639573,3.639573,15000
1999-05-12,3.599134,3.619354,3.558694,3.599134,82800
1999-05-13,3.599133,3.659793,3.599133,3.659793,86900
1999-05-14,3.659793,3.659793,3.599133,3.659793,4400
1999-05-17,3.558694,3.578914,3.498035,3.518255,52800
1999-05-18,3.619354,3.619354,3.599134,3.599134,8300
1999-05-19,3.518253,3.538472,3.518253,3.538472,29600
1999-05-20,3.477814,3.498034,3.437374,3.457594,48800
1999-05-21,3.457595,3.518255,3.457595,3.518255,37600
1999-05-24,3.457594,3.457594,3.417154,3.457594,8100
1999-05-25,3.396935,3.437374,3.376715,3.376715,12100
1999-05-26,3.376715,3.396935,3.336276,3.336276,18100
1999-05-27,3.356495,3.356495,3.316055,3.316055,9900
1999-05-28,3.316055,3.376715,3.316055,3.376715,4100
1999-06-01,3.336275,3.336275,3.255396,3.275615,75100
1999-06-02,3.396935,3.396935,3.316055,3.316055,8000
1999-06-03,3.376715,3.437374,3.376715,3.437374,800
1999-06-04,3.477814,3.477814,3.437374,3.437374,7100
1999-06-07,3.538474,3.538474,3.477815,3.498034,11500
1999-06-08,3.498034,3.498034,3.437374,3.437374,203300
1999-06-09,3.498035,3.538475,3.498035,3.518255,7100
1999-06-10,3.538472,3.538472,3.538472,3.538472,13700
1999-06-11,3.538474,3.538474,3.498034,3.498034,20400
1999-06-14,3.498034,3.498034,3.437374,3.457594,31600
1999-06-15,3.457595,3.498034,3.457595,3.498034,2000
1999-06-16,3.538474,3.538474,3.477815,3.477815,8800
1999-06-17,3.558694,3.558694,3.498035,3.518255,6100
1999-06-18,3.518255,3.518255,3.498035,3.518255,11800
1999-06-21,3.538474,3.538474,3.477815,3.477815,27500
1999-06-22,3.477815,3.518255,3.477815,3.477815,6300
1999-06-23,3.477815,3.498034,3.457595,3.498034,29500
1999-06-24,3.457595,3.518254,3.457595,3.498034,11600
1999-06-25,3.518253,3.578913,3.498034,3.578913,16600
1999-06-28,3.498033,3.558692,3.498033,3.538472,4300
1999-06-29,3.558693,3.578913,3.558693,3.578913,2200
1999-06-30,3.518253,3.619353,3.518253,3.619353,10400
1999-07-01,3.639573,3.639573,3.599133,3.639573,11600
1999-07-02,3.639573,3.680013,3.619353,3.680013,13400
1999-07-06,3.740672,3.760892,3.740672,3.760892,9200
1999-07-07,3.700231,3.700231,3.659791,3.700231,12900
1999-07-08,3.740673,3.740673,3.700233,3.740673,21700
1999-07-09,3.700233,3.720452,3.680013,3.680013,8900
1999-07-12,3.680012,3.680012,3.619353,3.619353,7200
1999-07-13,3.619354,3.619354,3.578914,3.599134,23600
1999-07-14,3.619353,3.680013,3.619353,3.659793,6300
1999-07-15,3.639571,3.700231,3.639571,3.700231,24800
1999-07-16,3.659792,3.680012,3.619353,3.619353,15800
1999-07-19,3.619353,3.680013,3.619353,3.659793,14500
1999-07-20,3.700232,3.700232,3.619353,3.659793,13700
1999-07-21,3.578913,3.619353,3.578913,3.619353,2100
1999-07-22,3.619353,3.619353,3.558693,3.578913,17400
1999-07-23,3.518254,3.558694,3.498034,3.558694,8000
1999-07-26,3.477815,3.518255,3.477815,3.518255,3900
1999-07-27,3.477813,3.538472,3.457593,3.538472,23000
1999-07-28,3.558694,3.558694,3.518255,3.518255,6400
1999-07-29,3.498035,3.558694,3.498035,3.518255,11200
1999-07-30,3.538474,3.558694,3.538474,3.558694,3100
1999-08-02,3.498035,3.518255,3.477815,3.518255,7500
1999-08-03,3.518253,3.578913,3.518253,3.578913,5100
1999-08-04,3.538472,3.538472,3.538472,3.538472,1200
1999-08-05,3.558694,3.558694,3.498034,3.558694,216100
1999-08-06,3.477813,3.538472,3.477813,3.538472,2400
1999-08-09,3.538472,3.538472,3.477813,3.538472,26500
1999-08-10,3.376716,3.417155,3.376716,3.396935,80000
1999-08-11,3.396935,3.417155,3.396935,3.396935,13300
1999-08-12,3.356496,3.477815,3.356496,3.477815,22200
1999-08-13,3.498034,3.498034,3.457594,3.457594,3000
1999-08-16,3.518254,3.538474,3.498034,3.498034,2900
1999-08-17,3.437375,3.477815,3.437375,3.477815,2000
1999-08-18,3.457594,3.498034,3.457594,3.457594,8700
1999-08-19,3.396934,3.437374,3.396934,3.437374,3700
1999-08-20,3.477814,3.477814,3.437374,3.437374,2600
1999-08-23,3.477815,3.518254,3.477815,3.498034,2100
1999-08-24,3.518255,3.518255,3.457595,3.477815,12200
1999-08-25,3.410838,3.452181,3.390166,3.452181,11600
1999-08-26,3.410838,3.452181,3.390166,3.452181,16900
1999-08-27,3.390166,3.431510,3.390166,3.431510,3200
1999-08-30,3.348823,3.410838,3.348823,3.390167,4100
1999-08-31,3.369494,3.369494,3.266135,3.307479,15600
1999-09-01,3.369494,3.472853,3.369494,3.452181,321300
1999-09-02,3.472854,3.472854,3.348823,3.390167,7500
1999-09-03,3.452182,3.452182,3.410838,3.431510,17800
1999-09-07,3.431510,3.452182,3.410838,3.431510,19700
1999-09-08,3.431510,3.493525,3.431510,3.431510,10000
1999-09-09,3.452181,3.493525,3.452181,3.452181,4900
1999-09-10,3.472852,3.493524,3.452180,3.472852,8800
1999-09-13,3.514197,3.514197,3.472853,3.493525,4400
1999-09-14,3.452180,3.493524,3.431509,3.472852,7800
1999-09-15,3.431509,3.431509,3.369494,3.369494,11400
1999-09-16,3.369494,3.390166,3.369494,3.369494,6500
1999-09-17,3.410838,3.431510,3.369495,3.431510,1700
1999-09-20,3.369494,3.369494,3.307479,3.307479,5600
1999-09-21,3.348823,3.348823,3.286808,3.286808,16200
1999-09-22,3.328151,3.328151,3.328151,3.328151,4200
1999-09-23,3.348822,3.410838,3.348822,3.348822,7600
1999-09-24,3.369494,3.390166,3.328151,3.369494,25700
1999-09-27,3.431509,3.431509,3.348822,3.348822,38400
1999-09-28,3.431510,3.431510,3.410838,3.410838,9400
1999-09-29,3.390167,3.431510,3.348823,3.390167,19900
1999-09-30,3.390167,3.410838,3.369495,3.410838,29000
1999-10-01,3.390167,3.390167,3.369495,3.390167,6900
1999-10-04,3.431509,3.431509,3.369494,3.369494,1500
1999-10-05,3.452182,3.472853,3.410838,3.431510,8900
1999-10-06,3.410837,3.472852,3.410837,3.472852,25400
1999-10-07,3.390167,3.410838,3.369495,3.390167,22100
1999-10-08,3.348823,3.410838,3.348823,3.410838,6500
1999-10-11,3.369494,3.369494,3.369494,3.369494,2700
1999-10-12,3.431510,3.431510,3.369495,3.431510,11000
1999-10-13,3.369494,3.410838,3.348822,3.348822,5300
1999-10-14,3.307479,3.348822,3.286807,3.348822,205300
1999-10-15,3.286807,3.286807,3.224792,3.224792,5700
1999-10-18,3.183449,3.224792,3.183449,3.204121,109700
1999-10-19,3.245464,3.245464,3.245464,3.245464,41800
1999-10-20,3.224792,3.286808,3.224792,3.286808,139700
1999-10-21,3.286807,3.307479,3.245464,3.307479,74900
1999-10-22,3.286807,3.307479,3.266135,3.307479,4000
1999-10-25,3.307479,3.307479,3.266135,3.307479,156400
1999-10-26,3.286807,3.307479,3.245464,3.307479,57300
1999-10-27,3.266135,3.266135,3.266135,3.266135,16400
1999-10-28,3.307479,3.307479,3.266136,3.286808,8200
1999-10-29,3.307479,3.328151,3.286807,3.328151,24600
1999-11-01,3.286808,3.286808,3.286808,3.286808,1500
1999-11-02,3.286807,3.286807,3.266135,3.266135,8100
1999-11-03,3.307479,3.348822,3.286807,3.328151,20500
1999-11-04,3.348823,3.348823,3.286808,3.286808,17300
1999-11-05,3.328151,3.328151,3.245464,3.245464,10900
1999-11-08,3.266135,3.266135,3.266135,3.266135,6300
1999-11-09,3.204120,3.266136,3.204120,3.245464,17000
1999-11-10,3.307479,3.307479,3.245464,3.266135,5700
1999-11-11,3.369494,3.369494,3.307479,3.328151,9700
1999-11-12,3.390167,3.410838,3.369495,3.410838,10000
1999-11-15,3.390167,3.410838,3.369495,3.410838,8400
1999-11-16,3.410838,3.410838,3.348822,3.348822,10100
1999-11-17,3.369495,3.431510,3.369495,3.431510,4600
1999-11-18,3.452181,3.472853,3.390166,3.452181,23000
1999-11-19,3.410837,3.472852,3.410837,3.472852,9900
1999-11-22,3.452182,3.452182,3.390166,3.431510,8400
1999-11-23,3.431510,3.472853,3.431510,3.431510,26800
1999-11-24,3.390167,3.390167,3.328151,3.390167,117700
1999-11-26,3.369494,3.472852,3.369494,3.472852,25100
1999-11-29,3.472853,3.472853,3.410838,3.431510,14900
1999-11-30,3.369495,3.431510,3.369495,3.410838,3100
1999-12-01,3.369494,3.390166,3.369494,3.369494,5000
1999-12-02,3.493525,3.493525,3.452181,3.493525,40600
1999-12-03,3.493524,3.493524,3.472852,3.472852,3100
1999-12-06,3.472853,3.534868,3.472853,3.514196,18000
1999-12-07,3.452181,3.514197,3.452181,3.493525,12300
1999-12-08,3.514197,3.534869,3.472854,3.534869,5100
1999-12-09,3.576212,3.576212,3.472854,3.534869,4200
1999-12-10,3.514197,3.534869,3.472854,3.534869,3700
1999-12-13,3.514196,3.514196,3.514196,3.514196,4400
1999-12-14,3.514196,3.514196,3.452180,3.472852,2900
1999-12-15,3.452181,3.514196,3.431509,3.514196,5500
1999-12-16,3.555540,3.555540,3.514196,3.514196,900
1999-12-17,3.576212,3.596884,3.576212,3.596884,9100
1999-12-20,3.534869,3.555541,3.534869,3.555541,10600
1999-12-21,3.478354,3.540468,3.478354,3.540468,10200
1999-12-22,3.519763,3.581876,3.519763,3.519763,16300
1999-12-23,3.519764,3.581877,3.519764,3.561173,4900
1999-12-27,3.581877,3.581877,3.561173,3.581877,5000
1999-12-28,3.540468,3.602581,3.540468,3.602581,5000
1999-12-29,3.602581,3.602581,3.602581,3.602581,600
1999-12-30,3.664694,3.664694,3.623285,3.664694,11200
1999-12-31,3.664694,3.664694,3.664694,3.664694,1100
2000-01-03,3.747513,3.747513,3.643990,3.643990,3800
2000-01-04,3.561173,3.581877,3.499059,3.561173,9700
2000-01-05,3.499059,3.581877,3.499059,3.581877,3600
2000-01-06,3.478354,3.540468,3.478354,3.540468,5800
2000-01-07,3.561171,3.561171,3.519763,3.519763,19300
2000-01-10,3.623286,3.685399,3.602581,3.643990,10000
2000-01-11,3.664694,3.726808,3.664694,3.664694,11000
2000-01-12,3.561172,3.623286,3.561172,3.602581,5400
2000-01-13,3.602582,3.643991,3.602582,3.623286,207500
2000-01-14,3.664694,3.726808,3.664694,3.726808,13800
2000-01-18,3.685399,3.726808,3.643990,3.726808,13200
2000-01-19,3.643990,3.664695,3.602581,3.643990,6300
2000-01-20,3.706103,3.706103,3.623285,3.664694,6700
2000-01-21,3.643991,3.685400,3.623286,3.623286,3200
2000-01-24,3.561171,3.602580,3.519763,3.519763,27500
2000-01-25,3.561172,3.561172,3.499059,3.540468,13500
2000-01-26,3.519764,3.581877,3.519764,3.561173,6100
2000-01-27,3.581877,3.581877,3.561173,3.561173,5300
2000-01-28,3.602581,3.602581,3.354127,3.436945,32900
2000-01-31,3.519763,3.519763,3.436945,3.519763,14000
2000-02-01,3.478354,3.499058,3.436945,3.499058,36300
2000-02-02,3.561173,3.561173,3.478355,3.561173,22700
2000-02-03,3.561172,3.561172,3.499059,3.540468,12600
2000-02-04,3.478353,3.519762,3.478353,3.478353,30100
2000-02-07,3.540466,3.540466,3.478353,3.478353,5600
2000-02-08,3.499058,3.519763,3.499058,3.519763,9000
2000-02-09,3.561172,3.561172,3.478354,3.540468,101500
2000-02-10,3.540467,3.540467,3.478354,3.519763,7500
2000-02-11,3.519763,3.519763,3.457649,3.457649,4600
2000-02-14,3.540467,3.540467,3.436945,3.436945,25100
2000-02-15,3.395536,3.457650,3.395536,3.416241,3000
2000-02-16,3.478354,3.478354,3.416241,3.416241,8500
2000-02-17,3.416240,3.499058,3.416240,3.499058,22800
2000-02-18,3.395535,3.416240,3.354126,3.354126,22500
2000-02-22,3.395536,3.395536,3.333422,3.333422,7900
2000-02-23,3.374831,3.436945,3.374831,3.436945,12800
2000-02-24,3.374831,3.374831,3.312717,3.312717,56100
2000-02-25,3.312717,3.374831,3.312717,3.354126,13200
2000-02-28,3.333422,3.395535,3.333422,3.354126,9600
2000-02-29,3.354127,3.416241,3.354127,3.416241,11500
2000-03-01,3.395536,3.395536,3.395536,3.395536,5700
2000-03-02,3.395535,3.478353,3.395535,3.478353,14400
2000-03-03,3.540468,3.540468,3.457650,3.540468,18400
2000-03-06,3.354127,3.561172,3.354127,3.457649,133200
2000-03-07,3.374831,3.519762,3.374831,3.499058,9400
2000-03-08,3.436945,3.436945,3.374831,3.436945,11500
2000-03-09,3.478354,3.478354,3.395536,3.395536,4300
2000-03-10,3.436945,3.457650,3.374832,3.395536,10800
2000-03-13,3.478354,3.478354,3.395536,3.395536,7800
2000-03-14,3.457649,3.457649,3.374831,3.457649,3900
2000-03-15,3.312717,3.395535,3.312717,3.354126,6500
2000-03-16,3.436945,3.436945,3.354127,3.436945,11100
2000-03-17,3.416241,3.499059,3.395536,3.395536,20600
2000-03-20,3.478353,3.478353,3.395535,3.478353,10200
2000-03-21,3.519763,3.519763,3.436945,3.519763,5800
2000-03-22,3.436945,3.519763,3.436945,3.436945,6200
2000-03-23,3.333421,3.478353,3.333421,3.478353,23700
2000-03-24,3.478354,3.478354,3.395536,3.395536,5200
2000-03-27,3.478354,3.519763,3.436945,3.436945,4900
2000-03-28,3.519763,3.519763,3.519763,3.519763,3100
2000-03-29,3.478354,3.478354,3.395536,3.416241,5700
2000-03-30,3.395536,3.478354,3.395536,3.416241,15300
2000-03-31,3.354126,3.354126,3.271308,3.271308,3500
2000-04-03,3.395536,3.436945,3.354127,3.436945,17700
2000-04-04,3.457649,3.457649,3.374831,3.436945,10500
2000-04-05,3.333422,3.395535,3.312717,3.312717,5200
2000-04-06,3.416241,3.416241,3.354127,3.416241,6000
2000-04-07,3.333423,3.395536,3.333423,3.395536,1800
2000-04-10,3.436945,3.457649,3.374831,3.374831,5000
2000-04-11,3.312718,3.374831,3.312718,3.374831,10900
2000-04-12,3.333422,3.333422,3.292013,3.292013,10200
2000-04-13,3.271309,3.292013,3.229900,3.292013,12500
2000-04-14,3.250604,3.250604,3.126377,3.209195,13900
2000-04-17,3.022854,3.147081,3.022854,3.126377,20200
2000-04-18,3.126377,3.209195,3.126377,3.126377,1600
2000-04-19,3.271308,3.271308,3.229899,3.271308,2400
2000-04-20,3.209195,3.271309,3.209195,3.250604,10700
2000-04-24,3.147082,3.188491,3.147082,3.147082,1900
2000-04-25,3.229900,3.229900,3.209195,3.209195,7500
2000-04-26,3.229900,3.312717,3.229900,3.312717,6400
2000-04-27,3.209195,3.271309,3.209195,3.209195,1500
2000-04-28,3.292013,3.292013,3.229900,3.292013,5000
2000-05-01,3.271309,3.271309,3.188491,3.250604,6600
2000-05-02,3.250604,3.292013,3.250604,3.292013,2500
2000-05-03,3.250604,3.292013,3.229899,3.271308,6400
2000-05-04,3.167786,3.209195,3.147082,3.147082,270900
2000-05-05,3.229900,3.292013,3.188491,3.250604,85300
2000-05-08,3.250604,3.250604,3.188490,3.188490,11500
2000-05-09,3.188491,3.229900,3.188491,3.229900,10100
2000-05-10,3.209195,3.209195,3.126377,3.147082,46300
2000-05-11,3.064263,3.126377,3.064263,3.126377,290200
2000-05-12,3.105673,3.188491,3.105673,3.147082,5000
2000-05-15,3.105673,3.105673,3.084968,3.084968,66600
2000-05-16,3.147082,3.209195,3.147082,3.209195,29300
2000-05-17,3.105673,3.147082,3.084968,3.084968,21300
2000-05-18,3.126378,3.126378,3.043560,3.043560,14600
2000-05-19,3.105672,3.126377,3.064263,3.126377,17100
2000-05-22,3.084970,3.084970,3.022856,3.022856,12200
2000-05-23,3.064264,3.147082,3.064264,3.147082,11000
2000-05-24,3.105673,3.147082,3.022855,3.147082,5100
2000-05-25,3.084969,3.105673,3.043560,3.043560,30800
2000-05-26,3.084969,3.084969,3.043560,3.043560,4600
2000-05-30,3.209195,3.229899,3.167786,3.188490,4300
2000-05-31,3.147081,3.188490,3.126377,3.126377,8700
2000-06-01,3.105674,3.188492,3.105674,3.167788,17600
2000-06-02,3.209195,3.292013,3.209195,3.292013,7000
2000-06-05,3.292013,3.292013,3.229900,3.292013,8000
2000-06-06,3.292013,3.312717,3.271308,3.271308,5000
2000-06-07,3.271308,3.354126,3.271308,3.312717,31400
2000-06-08,3.292013,3.333422,3.292013,3.333422,4700
2000-06-09,3.312717,3.354126,3.312717,3.354126,2100
2000-06-12,3.312717,3.374831,3.312717,3.312717,23400
2000-06-13,3.333422,3.354126,3.333422,3.354126,1900
2000-06-14,3.333422,3.333422,3.333422,3.333422,100
2000-06-15,3.354127,3.395536,3.354127,3.395536,42300
2000-06-16,3.436944,3.457649,3.354126,3.354126,33400
2000-06-19,3.457650,3.457650,3.374832,3.395536,4000
2000-06-20,3.436945,3.436945,3.436945,3.436945,1800
2000-06-21,3.436945,3.457650,3.395536,3.416241,2700
2000-06-22,3.416241,3.416241,3.395536,3.395536,14400
2000-06-23,3.374832,3.416241,3.374832,3.395536,4200
2000-06-26,3.416241,3.416241,3.374832,3.416241,5300
2000-06-27,3.395536,3.457649,3.395536,3.457649,4900
2000-06-28,3.478353,3.478353,3.436944,3.478353,10500
2000-06-29,3.519762,3.540466,3.478353,3.478353,5000
2000-06-30,3.540468,3.581877,3.519764,3.581877,13700
2000-07-03,3.499059,3.581877,3.499059,3.581877,4300
2000-07-05,3.540467,3.540467,3.457649,3.457649,10300
2000-07-06,3.457648,3.519762,3.457648,3.478353,3100
2000-07-07,3.519763,3.540468,3.519763,3.540468,24400
2000-07-10,3.561173,3.561173,3.519764,3.561173,3700
2000-07-11,3.499059,3.540468,3.499059,3.540468,2100
2000-07-12,3.519764,3.561173,3.499059,3.561173,8400
2000-07-13,3.519763,3.581876,3.478354,3.519763,45900
2000-07-14,3.519762,3.519762,3.457649,3.499058,8200
2000-07-17,3.457649,3.478354,3.457649,3.457649,4600
2000-07-18,3.436945,3.478354,3.436945,3.436945,10300
2000-07-19,3.457650,3.457650,3.374832,3.416241,2900
2000-07-20,3.436945,3.457649,3.416240,3.436945,5300
2000-07-21,3.436945,3.519763,3.436945,3.519763,5000
2000-07-24,3.457649,3.499058,3.457649,3.457649,10400
2000-07-25,3.416240,3.436945,3.416240,3.436945,10600
2000-07-26,3.436945,3.457649,3.436945,3.457649,6900
2000-07-27,3.457650,3.457650,3.416241,3.416241,2300
2000-07-28,3.416241,3.416241,3.395536,3.395536,900
2000-07-31,3.395535,3.395535,3.354126,3.354126,2500
2000-08-01,3.354127,3.374831,3.354127,3.374831,8400
2000-08-02,3.354127,3.436945,3.354127,3.395536,10000
2000-08-03,3.354127,3.436945,3.354127,3.436945,143400
2000-08-04,3.457649,3.457649,3.416240,3.457649,6600
2000-08-07,3.436945,3.499058,3.436945,3.499058,2300
2000-08-08,3.457649,3.457649,3.436945,3.436945,500
2000-08-09,3.395536,3.436945,3.374831,3.374831,5200
2000-08-10,3.374832,3.436945,3.374832,3.395536,21000
2000-08-11,3.374832,3.436945,3.374832,3.395536,3400
2000-08-14,3.374832,3.457650,3.374832,3.395536,4900
2000-08-15,3.416241,3.478354,3.416241,3.416241,54800
2000-08-16,3.499058,3.519762,3.478354,3.499058,1900
2000-08-17,3.499059,3.540468,3.478354,3.540468,72100
2000-08-18,3.499059,3.561173,3.499059,3.561173,9100
2000-08-21,3.540468,3.540468,3.519763,3.540468,2400
2000-08-22,3.519762,3.540467,3.499058,3.499058,26900
2000-08-23,3.436944,3.478353,3.436944,3.478353,5400
2000-08-24,3.536117,3.536117,3.451420,3.472594,18600
2000-08-25,3.409071,3.472594,3.409071,3.430245,1600
2000-08-28,3.472594,3.472594,3.472594,3.472594,200
2000-08-29,3.451420,3.451420,3.409071,3.409071,16400
2000-08-30,3.430245,3.430245,3.387897,3.387897,6000
2000-08-31,3.387897,3.409071,3.345548,3.366723,33300
2000-09-01,3.409071,3.451420,3.409071,3.409071,18500
2000-09-05,3.366722,3.472594,3.366722,3.387897,56000
2000-09-06,3.366723,3.387897,3.345548,3.366723,35800
2000-09-07,3.345548,3.345548,3.282025,3.282025,3300
2000-09-08,3.324373,3.324373,3.260850,3.260850,11300
2000-09-11,3.282025,3.303200,3.260851,3.303200,12200
2000-09-12,3.303200,3.366723,3.303200,3.303200,28800
2000-09-13,3.324374,3.345548,3.303199,3.324374,20300
2000-09-14,3.345548,3.345548,3.303200,3.303200,9200
2000-09-15,3.282025,3.324373,3.260850,3.282025,47000
2000-09-18,3.282024,3.282024,3.176153,3.197327,17100
2000-09-19,3.154978,3.197327,3.154978,3.176153,15600
2000-09-20,3.176154,3.176154,3.133805,3.133805,14700
2000-09-21,3.154979,3.197327,3.154979,3.154979,9100
2000-09-22,3.197327,3.197327,3.133804,3.154979,10900
2000-09-25,3.197328,3.197328,3.133805,3.133805,9400
2000-09-26,3.197327,3.239676,3.176153,3.176153,13800
2000-09-27,3.260852,3.260852,3.197329,3.239677,12700
2000-09-28,3.260852,3.303201,3.239677,3.239677,35400
2000-09-29,3.260850,3.260850,3.197327,3.218502,11200
2000-10-02,3.218502,3.303200,3.218502,3.303200,4300
2000-10-03,3.218502,3.218502,3.218502,3.218502,13600
2000-10-04,3.260850,3.260850,3.239676,3.260850,11700
2000-10-05,3.197327,3.260850,3.197327,3.260850,23200
2000-10-06,3.154979,3.154979,3.133805,3.133805,16000
2000-10-09,3.154979,3.154979,3.112630,3.133805,11300
2000-10-10,3.112631,3.112631,3.091457,3.091457,5400
2000-10-11,3.112630,3.154979,3.070281,3.154979,3500
2000-10-12,3.133805,3.133805,3.049108,3.049108,25700
2000-10-13,3.049106,3.133804,3.049106,3.070281,7400
2000-10-16,3.049106,3.091455,3.049106,3.070281,30600
2000-10-17,3.049108,3.070282,3.027933,3.049108,21000
2000-10-18,3.027933,3.070282,2.985584,3.049108,20600
2000-10-19,3.027934,3.091457,2.964411,3.091457,43700
2000-10-20,3.091455,3.112629,3.049106,3.070281,13100
2000-10-23,3.133805,3.133805,3.070282,3.112630,23200
2000-10-24,3.133804,3.133804,3.070281,3.070281,11300
2000-10-25,3.049108,3.091457,3.027934,3.091457,34700
2000-10-26,3.049108,3.049108,3.006759,3.049108,11100
2000-10-27,3.070281,3.070281,3.006758,3.006758,12700
2000-10-30,3.112629,3.112629,3.070281,3.070281,4200
2000-10-31,3.006759,3.049108,2.985584,3.049108,30800
2000-11-01,3.070283,3.112631,3.049108,3.091457,30400
2000-11-02,3.091457,3.112631,3.070283,3.091457,24500
2000-11-03,3.091456,3.133805,3.091456,3.112630,18400
2000-11-06,3.133804,3.176153,3.133804,3.176153,8400
2000-11-07,3.176153,3.218502,3.176153,3.218502,6600
2000-11-08,3.218502,3.218502,3.154979,3.154979,7600
2000-11-09,3.176153,3.176153,3.112630,3.154979,11800
2000-11-10,3.133804,3.133804,3.070281,3.070281,15600
2000-11-13,3.049108,3.091456,3.006759,3.049108,19600
2000-11-14,3.049108,3.112631,3.049108,3.091457,3900
2000-11-15,3.112630,3.133805,3.112630,3.112630,37800
2000-11-16,3.091457,3.091457,3.049108,3.091457,14700
2000-11-17,3.070282,3.133805,3.049107,3.133805,10000
2000-11-20,3.091455,3.091455,3.070281,3.070281,17500
2000-11-21,3.070282,3.112630,3.070282,3.112630,132600
2000-11-22,3.091457,3.112631,3.070283,3.091457,22300
2000-11-24,3.070281,3.091455,3.070281,3.070281,23100
2000-11-27,3.091456,3.176154,3.091456,3.133805,75700
2000-11-28,3.112629,3.197327,3.112629,3.197327,83700
2000-11-29,3.070282,3.133805,3.070282,3.112630,10400
2000-11-30,3.112629,3.112629,3.070281,3.070281,4900
2000-12-01,3.197328,3.197328,3.133805,3.133805,12000
2000-12-04,3.218503,3.260852,3.176154,3.239677,24200
2000-12-05,3.218501,3.239676,3.154978,3.176153,72900
2000-12-06,3.218501,3.260850,3.197327,3.260850,22300
2000-12-07,3.239676,3.260850,3.239676,3.260850,3800
2000-12-08,3.218503,3.239677,3.197329,3.239677,7800
2000-12-11,3.218502,3.239676,3.197327,3.218502,15100
2000-12-12,3.239677,3.239677,3.197329,3.239677,8400
2000-12-13,3.239676,3.239676,3.176153,3.176153,2100
2000-12-14,3.218501,3.218501,3.176153,3.176153,7500
2000-12-15,3.197327,3.197327,3.154978,3.176153,45800
2000-12-18,3.154978,3.197327,3.133804,3.197327,6300
2000-12-19,3.154979,3.218502,3.154979,3.154979,3100
2000-12-20,3.208353,3.208353,3.144610,3.165858,7600
2000-12-21,3.208352,3.208352,3.144610,3.187105,24300
2000-12-22,3.208352,3.229599,3.165857,3.229599,40500
2000-12-26,3.165858,3.208353,3.165858,3.165858,18300
2000-12-27,3.208353,3.250848,3.208353,3.250848,23200
2000-12-28,3.272094,3.272094,3.208352,3.272094,16700
2000-12-29,3.144610,3.229599,3.144610,3.229599,97800
2001-01-02,3.272095,3.314590,3.250848,3.314590,10100
2001-01-03,3.314589,3.378331,3.314589,3.378331,18600
2001-01-04,3.335836,3.399579,3.335836,3.399579,93600
2001-01-05,3.399579,3.420826,3.399579,3.399579,7100
2001-01-08,3.378331,3.378331,3.293342,3.293342,44000
2001-01-09,3.314590,3.314590,3.250848,3.314590,6600
2001-01-10,3.314590,3.314590,3.293343,3.314590,7100
2001-01-11,3.229600,3.314590,3.229600,3.314590,12700
2001-01-12,3.229600,3.293342,3.229600,3.293342,7400
2001-01-16,3.293342,3.293342,3.272095,3.293342,2500
2001-01-17,3.314590,3.314590,3.272095,3.314590,3800
2001-01-18,3.335837,3.335837,3.335837,3.335837,12300
2001-01-19,3.378331,3.399579,3.335836,3.357084,27700
2001-01-22,3.335836,3.378331,3.314589,3.357084,5900
2001-01-23,3.293342,3.335837,3.293342,3.335837,11900
2001-01-24,3.272094,3.272094,3.229599,3.272094,6800
2001-01-25,3.229600,3.293342,3.229600,3.293342,5300
2001-01-26,3.250848,3.314590,3.250848,3.314590,6200
2001-01-29,3.297592,3.297592,3.236399,3.249998,29300
2001-01-30,3.314589,3.314589,3.280593,3.280593,5400
2001-01-31,3.297591,3.372381,3.297591,3.372381,23400
2001-02-01,3.392779,3.392779,3.365583,3.392779,2600
2001-02-02,3.382581,3.382581,3.338386,3.382581,14500
2001-02-05,3.277193,3.328187,3.273793,3.297590,4200
2001-02-06,3.297591,3.331587,3.297591,3.331587,2300
2001-02-07,3.297592,3.314590,3.263596,3.314590,4000
2001-02-08,3.249998,3.294192,3.249998,3.294192,4000
2001-02-09,3.229601,3.246598,3.212603,3.246598,10400
2001-02-12,3.280594,3.290793,3.246598,3.290793,42100
2001-02-13,3.266995,3.273794,3.212602,3.212602,58900
2001-02-14,3.209202,3.243198,3.205803,3.243198,7000
2001-02-15,3.212601,3.212601,3.178605,3.209201,3100
2001-02-16,3.161607,3.161607,3.144609,3.144609,3000
2001-02-20,3.161608,3.178606,3.127612,3.127612,32000
2001-02-21,3.161609,3.209203,3.144611,3.178607,38900
2001-02-22,3.110615,3.110615,3.093617,3.110615,2100
2001-02-23,3.137811,3.137811,3.100416,3.120813,3000
2001-02-26,3.137810,3.144609,3.110613,3.144609,15300
2001-02-27,3.110615,3.212602,3.110615,3.195604,45800
2001-02-28,3.161608,3.212602,3.161608,3.212602,54300
2001-03-01,3.205803,3.205803,3.205803,3.205803,5400
2001-03-02,3.202403,3.212602,3.195604,3.199004,2400
2001-03-05,3.161608,3.192204,3.158208,3.192204,12100
2001-03-06,3.178606,3.178606,3.131012,3.161608,16500
2001-03-07,3.161608,3.161608,3.127612,3.161608,10000
2001-03-08,3.110614,3.110614,3.103815,3.107215,1600
2001-03-09,3.110614,3.137811,3.093616,3.093616,13300
2001-03-12,3.076619,3.120813,3.076619,3.120813,24400
2001-03-13,3.025625,3.025625,2.991629,3.025625,6800
2001-03-14,2.974633,2.974633,2.889643,2.889643,19900
2001-03-15,2.923637,2.954233,2.923637,2.923637,2300
2001-03-16,2.967832,2.967832,2.940636,2.940636,3000
2001-03-19,2.940635,2.974631,2.940635,2.974631,3000
2001-03-20,2.991629,2.991629,2.957633,2.991629,11700
2001-03-21,2.923638,2.957634,2.923638,2.957634,15200
2001-03-22,2.903241,2.903241,2.838649,2.869245,17600
2001-03-23,2.906639,2.906639,2.838648,2.882842,10000
2001-03-26,2.923638,2.957634,2.923638,2.957634,10600
2001-03-27,2.940635,2.974631,2.910039,2.974631,35000
2001-03-28,2.906639,2.923637,2.889641,2.923637,48100
2001-03-29,2.923638,2.923638,2.872644,2.872644,16000
2001-03-30,2.825050,2.852247,2.804653,2.821651,3200
2001-04-02,2.872644,2.872644,2.821650,2.852246,2600
2001-04-03,2.838649,2.872644,2.821651,2.825051,5700
2001-04-04,2.906640,2.957634,2.872644,2.957634,29500
2001-04-05,2.940636,2.954235,2.940636,2.954235,6400
2001-04-06,2.974632,2.974632,2.927037,2.927037,1100
2001-04-09,2.940636,2.971232,2.940636,2.944036,25000
2001-04-10,2.974631,3.025624,2.961032,2.974631,14200
2001-04-11,3.059620,3.090217,3.059620,3.066420,39400
2001-04-12,3.131011,3.144609,3.076618,3.144609,16200
2001-04-16,3.110614,3.144610,3.090217,3.141210,16800
2001-04-17,3.059621,3.093617,3.059621,3.059621,2500
2001-04-18,3.076619,3.124213,3.025625,3.110615,33400
2001-04-19,3.144611,3.195604,3.144611,3.195604,18200
2001-04-20,3.144611,3.188805,3.144611,3.188805,10300
2001-04-23,3.144610,3.144610,3.110614,3.127612,5300
2001-04-24,3.144610,3.144610,3.110615,3.110615,9700
2001-04-25,3.110614,3.154809,3.110614,3.154809,18000
2001-04-26,3.151409,3.178606,3.144610,3.161608,2000
2001-04-27,3.168406,3.168406,3.144609,3.144609,10600
2001-04-30,3.182006,3.195604,3.165008,3.195604,18500
2001-05-01,3.212602,3.229600,3.212602,3.212602,1000
2001-05-02,3.229600,3.260196,3.229600,3.260196,20400
2001-05-03,3.277194,3.280593,3.260196,3.263596,13800
2001-05-04,3.260196,3.260196,3.229600,3.256796,1400
2001-05-07,3.260196,3.260196,3.229599,3.229599,5600
2001-05-08,3.266994,3.266994,3.236398,3.236398,7000
2001-05-09,3.280593,3.283993,3.263596,3.263596,600
2001-05-10,3.314589,3.338386,3.307790,3.338386,8600
2001-05-11,3.331586,3.331586,3.297590,3.297590,5800
2001-05-14,3.297590,3.297590,3.263595,3.297590,3700
2001-05-15,3.263596,3.324788,3.263596,3.263596,3100
2001-05-16,3.280594,3.314590,3.280594,3.314590,1500
2001-05-17,3.331589,3.365584,3.331589,3.365584,3800
2001-05-18,3.355384,3.355384,3.321389,3.348585,6500
2001-05-21,3.365582,3.399578,3.358783,3.372381,34200
2001-05-22,3.382581,3.382581,3.331587,3.338386,13900
2001-05-23,3.338387,3.338387,3.304391,3.304391,10700
2001-05-24,3.324788,3.324788,3.290792,3.321389,4000
2001-05-25,3.348584,3.351984,3.348584,3.351984,4000
2001-05-29,3.297591,3.297591,3.263596,3.294192,8300
2001-05-30,3.280592,3.331586,3.246597,3.297590,47600
2001-05-31,3.219402,3.219402,3.199004,3.216002,2200
2001-06-01,3.199003,3.229599,3.199003,3.229599,6300
2001-06-04,3.273794,3.273794,3.236398,3.236398,47200
2001-06-05,3.280593,3.297591,3.273794,3.273794,19200
2001-06-06,3.314589,3.314589,3.280593,3.311189,19100
2001-06-07,3.317989,3.348585,3.317989,3.348585,15900
2001-06-08,3.365583,3.392780,3.365583,3.368983,3300
2001-06-11,3.399579,3.399579,3.348586,3.355385,6000
2001-06-12,3.365584,3.365584,3.331589,3.365584,6500
2001-06-13,3.358785,3.379182,3.358785,3.379182,53000
2001-06-14,3.351984,3.382581,3.351984,3.382581,4200
2001-06-15,3.416576,3.416576,3.348585,3.382581,13800
2001-06-18,3.300992,3.331588,3.300992,3.314590,2300
2001-06-19,3.328187,3.331586,3.297590,3.297590,3300
2001-06-20,3.300991,3.328188,3.297591,3.300991,7700
2001-06-21,3.297591,3.297591,3.270394,3.270394,2900
2001-06-22,3.331587,3.338386,3.321389,3.321389,2000
2001-06-25,3.311189,3.314589,3.283993,3.283993,6200
2001-06-26,3.297591,3.382581,3.297591,3.382581,3700
2001-06-27,3.324788,3.348585,3.297591,3.331587,385500
2001-06-28,3.246598,3.297592,3.246598,3.266996,126000
2001-06-29,3.297591,3.324788,3.290793,3.294192,9700
2001-07-02,3.277193,3.297590,3.263595,3.297590,15400
2001-07-03,3.334987,3.338386,3.331587,3.338386,356600
2001-07-05,3.263595,3.263595,3.222800,3.229599,13500
2001-07-06,3.188804,3.188804,3.131011,3.131011,3400
2001-07-09,3.114014,3.161608,3.114014,3.161608,25900
2001-07-10,3.165007,3.195603,3.165007,3.165007,5700
2001-07-11,3.192204,3.192204,3.161608,3.165007,17800
2001-07-12,3.195604,3.212602,3.178607,3.178607,42400
2001-07-13,3.178606,3.229600,3.178606,3.212602,4200
2001-07-16,3.239799,3.273795,3.222801,3.246598,11800
2001-07-17,3.212602,3.229599,3.212602,3.229599,10100
2001-07-18,3.239799,3.277194,3.239799,3.263596,18600
2001-07-19,3.280593,3.283993,3.280593,3.283993,16300
2001-07-20,3.229601,3.229601,3.185406,3.216002,52100
2001-07-23,3.209202,3.209202,3.171807,3.202403,4800
2001-07-24,3.185405,3.188805,3.185405,3.188805,15900
2001-07-25,3.151410,3.154809,3.120814,3.148010,13600
2001-07-26,3.120813,3.120813,3.076619,3.093616,106800
2001-07-27,3.093616,3.117413,3.093616,3.117413,2600
2001-07-30,3.134411,3.144609,3.100415,3.144609,51700
2001-07-31,3.154809,3.178607,3.124213,3.178607,39400
2001-08-01,3.229600,3.290793,3.229600,3.290793,15600
2001-08-02,3.290793,3.311190,3.266996,3.266996,8200
2001-08-03,3.287393,3.287393,3.256797,3.263596,16300
2001-08-06,3.280594,3.283994,3.253397,3.266996,2400
2001-08-07,3.246598,3.280593,3.246598,3.280593,4700
2001-08-08,3.229599,3.229599,3.229599,3.229599,4000
2001-08-09,3.263595,3.263595,3.229599,3.229599,4200
2001-08-10,3.246598,3.263596,3.246598,3.246598,3100
2001-08-13,3.270394,3.270394,3.270394,3.270394,1600
2001-08-14,3.246598,3.270395,3.246598,3.266996,12800
2001-08-15,3.297592,3.311190,3.287393,3.287393,5200
2001-08-16,3.280594,3.280594,3.249998,3.249998,13300
2001-08-17,3.280593,3.297591,3.280593,3.280593,6000
2001-08-20,3.280593,3.283993,3.249997,3.283993,7300
2001-08-21,3.266994,3.311189,3.266994,3.297590,700
2001-08-22,3.311189,3.341785,3.283993,3.331587,31800
2001-08-23,3.283993,3.314589,3.283993,3.311189,1300
2001-08-24,3.297322,3.345863,3.297322,3.304256,18900
2001-08-27,3.293853,3.345861,3.293853,3.314657,113900
2001-08-28,3.300788,3.328526,3.300788,3.328526,2200
2001-08-29,3.325059,3.325059,3.297321,3.325059,2800
2001-08-30,3.325059,3.325059,3.293854,3.325059,7000
2001-08-31,3.259182,3.259182,3.227977,3.241846,2700
2001-09-04,3.227977,3.227977,3.207174,3.224510,4200
2001-09-05,3.193304,3.207173,3.172500,3.207173,13500
2001-09-06,3.158632,3.189837,3.158632,3.189837,110500
2001-09-07,3.137828,3.141296,3.127427,3.137828,11500
2001-09-10,3.103156,3.103156,3.071951,3.071951,20900
2001-09-17,2.652418,2.808443,2.652418,2.721762,27300
2001-09-18,2.746035,2.929797,2.721764,2.843117,21600
2001-09-19,2.773772,2.773772,2.687091,2.773772,13000
2001-09-20,2.756435,2.756435,2.673221,2.721762,19900
2001-09-21,2.669755,2.687091,2.600411,2.635083,18000
2001-09-24,2.687091,2.687091,2.600411,2.635083,38200
2001-09-25,2.739100,2.773772,2.739100,2.773772,4700
2001-09-26,2.687091,2.756435,2.676689,2.687091,3800
2001-09-27,2.704427,2.704427,2.635083,2.635083,10100
2001-09-28,2.721763,2.732164,2.669755,2.673222,8500
2001-10-01,2.815378,2.829247,2.808443,2.815378,67700
2001-10-02,2.877788,2.908993,2.853517,2.908993,39000
2001-10-03,2.877788,2.905525,2.874320,2.905525,15300
2001-10-04,2.888189,2.919394,2.888189,2.888189,12300
2001-10-05,2.981804,3.016476,2.981804,2.981804,7900
2001-10-08,2.981804,2.981804,2.950599,2.950599,1800
2001-10-09,2.929795,2.961000,2.898590,2.961000,13000
2001-10-10,2.929796,2.947132,2.929796,2.947132,16600
2001-10-11,2.988739,2.999141,2.947132,2.999141,21700
2001-10-12,3.002607,3.006074,2.981804,2.995673,12400
2001-10-15,3.040748,3.065018,3.037280,3.037280,15200
2001-10-16,3.051149,3.085821,3.051149,3.085821,20200
2001-10-17,3.075419,3.085821,3.051149,3.068485,13600
2001-10-18,3.068485,3.068485,3.033812,3.044214,5700
2001-10-19,3.026878,3.026878,2.992206,2.992206,1900
2001-10-22,2.985272,3.016477,2.985272,2.999141,4200
2001-10-23,3.058082,3.058082,3.026877,3.054615,25000
2001-10-24,3.054616,3.085821,3.054616,3.085821,16500
2001-10-25,3.051149,3.068485,3.051149,3.068485,5300
2001-10-26,3.054615,3.085820,3.051148,3.078885,8900
2001-10-29,3.051148,3.051148,3.051148,3.051148,1100
2001-10-30,3.085820,3.085820,3.051148,3.051148,2400
2001-10-31,3.016476,3.078886,3.016476,3.044214,20600
2001-11-01,3.110091,3.110091,3.068484,3.103156,9700
2001-11-02,3.051149,3.085821,3.051149,3.082354,8100
2001-11-05,3.071952,3.071952,3.068485,3.068485,5400
2001-11-06,3.137828,3.172500,3.134361,3.137828,10900
2001-11-07,3.137829,3.137829,3.103157,3.120493,31300
2001-11-08,3.123959,3.155164,3.123959,3.134361,18800
2001-11-09,3.162099,3.162099,3.137828,3.137828,24100
2001-11-12,3.172500,3.224508,3.130894,3.221041,13900
2001-11-13,3.203707,3.224510,3.175969,3.224510,35800
2001-11-14,3.241845,3.276517,3.227976,3.227976,6800
2001-11-15,3.238378,3.262648,3.227976,3.227976,1800
2001-11-16,3.273051,3.273051,3.241846,3.241846,12400
2001-11-19,3.245312,3.259181,3.224509,3.259181,19900
2001-11-20,3.241846,3.276518,3.241846,3.273050,13500
2001-11-21,3.189837,3.259181,3.189837,3.255714,10100
2001-11-23,3.241846,3.241846,3.238379,3.238379,7300
2001-11-26,3.259180,3.259180,3.189836,3.221041,31300
2001-11-27,3.293854,3.293854,3.259181,3.259181,30800
2001-11-28,3.276518,3.293854,3.241846,3.241846,19300
2001-11-29,3.241846,3.241846,3.210641,3.231444,5300
2001-11-30,3.227976,3.255714,3.224509,3.227976,8000
2001-12-03,3.238378,3.238378,3.207173,3.207173,3200
2001-12-04,3.207172,3.221041,3.189836,3.221041,15200
2001-12-05,3.241845,3.290386,3.227976,3.276517,18400
2001-12-06,3.248779,3.276517,3.217574,3.276517,40200
2001-12-07,3.290385,3.290385,3.210639,3.210639,11300
2001-12-10,3.217575,3.248780,3.217575,3.248780,3100
2001-12-11,3.207173,3.276517,3.193304,3.276517,60000
2001-12-12,3.234910,3.234910,3.203705,3.207173,12400
2001-12-13,3.189838,3.231445,3.179437,3.179437,18000
2001-12-14,3.179437,3.210642,3.175970,3.179437,12400
2001-12-17,3.155166,3.169035,3.155166,3.155166,33300
2001-12-18,3.189837,3.221042,3.155165,3.172501,27300
2001-12-19,3.207173,3.207173,3.172501,3.189837,31100
2001-12-20,3.203706,3.203706,3.130895,3.182903,11100
2001-12-21,3.172501,3.234911,3.172501,3.193304,15300
2001-12-24,3.214199,3.235093,3.189822,3.231610,1700
2001-12-26,3.210716,3.228127,3.210716,3.228127,5400
2001-12-27,3.221162,3.269915,3.221162,3.224645,10900
2001-12-28,3.242057,3.276880,3.242057,3.276880,7800
2001-12-31,3.255986,3.301256,3.249021,3.290809,16100
2002-01-02,3.294292,3.308222,3.290810,3.294292,7200
2002-01-03,3.290810,3.322151,3.290810,3.294292,4100
2002-01-04,3.308222,3.412692,3.308222,3.412692,44600
2002-01-07,3.360456,3.395279,3.356974,3.395279,37000
2002-01-08,3.315186,3.360456,3.315186,3.332597,7100
2002-01-09,3.346527,3.350010,3.325634,3.350010,7300
2002-01-10,3.343044,3.360456,3.325632,3.353491,10500
2002-01-11,3.343045,3.377868,3.325633,3.370903,185700
2002-01-14,3.325633,3.343045,3.290809,3.290809,82600
2002-01-15,3.318668,3.322150,3.308221,3.322150,6500
2002-01-16,3.322151,3.322151,3.290809,3.297774,16400
2002-01-17,3.238575,3.308222,3.238575,3.287328,48700
2002-01-18,3.269916,3.273398,3.242057,3.242057,2800
2002-01-22,3.311704,3.343046,3.308222,3.339563,131100
2002-01-23,3.339563,3.343045,3.318668,3.329116,15800
2002-01-24,3.339562,3.356973,3.339562,3.343044,106500
2002-01-25,3.346527,3.363938,3.322150,3.322150,15200
2002-01-28,3.343046,3.343046,3.332598,3.336081,4000
2002-01-29,3.343046,3.343046,3.238575,3.269917,19000
2002-01-30,3.287327,3.308221,3.255986,3.308221,83000
2002-01-31,3.315187,3.343046,3.280363,3.339563,80400
2002-02-01,3.308222,3.308222,3.283845,3.301257,3400
2002-02-04,3.336079,3.343044,3.308221,3.343044,16300
2002-02-05,3.332598,3.339562,3.290810,3.308221,13600
2002-02-06,3.273398,3.283845,3.242057,3.283845,28100
2002-02-07,3.273399,3.273399,3.266434,3.273399,12300
2002-02-08,3.308221,3.339562,3.308221,3.311703,12500
2002-02-11,3.311703,3.360455,3.311703,3.343044,13500
2002-02-12,3.343045,3.353492,3.311704,3.315187,28400
2002-02-13,3.336079,3.343044,3.311703,3.343044,14700
2002-02-14,3.381350,3.381350,3.346527,3.360456,20700
2002-02-15,3.388315,3.405726,3.370903,3.370903,5300
2002-02-19,3.395280,3.395280,3.343045,3.370903,134600
2002-02-20,3.370903,3.370903,3.360456,3.370903,17300
2002-02-21,3.353492,3.356974,3.322150,3.322150,21100
2002-02-22,3.336081,3.336081,3.308222,3.336081,36500
2002-02-25,3.336080,3.356974,3.315186,3.356974,16800
2002-02-26,3.350009,3.350009,3.308221,3.343044,54700
2002-02-27,3.325632,3.343044,3.308221,3.343044,11400
2002-02-28,3.318669,3.318669,3.318669,3.318669,100
2002-03-01,3.318668,3.350009,3.318668,3.325633,33900
2002-03-04,3.377869,3.384834,3.367422,3.367422,232500
2002-03-05,3.381350,3.384832,3.343044,3.343044,17000
2002-03-06,3.391797,3.409209,3.360456,3.409209,12600
2002-03-07,3.471891,3.482338,3.464926,3.478856,99500
2002-03-08,3.447515,3.461444,3.416174,3.447515,13700
2002-03-11,3.430103,3.430103,3.395279,3.398762,21800
2002-03-12,3.377869,3.402245,3.353493,3.363940,21900
2002-03-13,3.356974,3.388315,3.356974,3.360456,35200
2002-03-14,3.409209,3.409209,3.405726,3.405726,55000
2002-03-15,3.377868,3.381351,3.350009,3.381351,79400
2002-03-18,3.426621,3.430103,3.405727,3.426621,5000
2002-03-19,3.430103,3.433585,3.363939,3.426621,56800
2002-03-20,3.447515,3.482338,3.447515,3.447515,71000
2002-03-21,3.457962,3.457962,3.426621,3.447515,22500
2002-03-22,3.464926,3.464926,3.447515,3.447515,44500
2002-03-25,3.444033,3.444033,3.416174,3.416174,27600
2002-03-26,3.370904,3.384834,3.363940,3.363940,126500
2002-03-27,3.395279,3.402244,3.374385,3.395279,16200
2002-03-28,3.416174,3.447515,3.416174,3.447515,39200
2002-04-01,3.416174,3.430103,3.398762,3.426621,16200
2002-04-02,3.419655,3.430102,3.384832,3.384832,27400
2002-04-03,3.391797,3.402244,3.360456,3.377867,5200
2002-04-04,3.374386,3.395281,3.363940,3.363940,10600
2002-04-05,3.412691,3.412691,3.409209,3.409209,5700
2002-04-08,3.363938,3.395279,3.343044,3.395279,87500
2002-04-09,3.370903,3.370903,3.325633,3.325633,35300
2002-04-10,3.356974,3.409209,3.356974,3.409209,19600
2002-04-11,3.412691,3.412691,3.343044,3.343044,19100
2002-04-12,3.402245,3.402245,3.370904,3.391798,24600
2002-04-15,3.388316,3.388316,3.350010,3.350010,17000
2002-04-16,3.412691,3.468408,3.381349,3.468408,43700
2002-04-17,3.475374,3.475374,3.423139,3.475374,35300
2002-04-18,3.478856,3.517162,3.478856,3.517162,64400
2002-04-19,3.482338,3.510197,3.478855,3.499750,325100
2002-04-22,3.496268,3.496268,3.478856,3.492786,362900
2002-04-23,3.482339,3.499751,3.475374,3.475374,160600
2002-04-24,3.447515,3.482338,3.433585,3.478856,16300
2002-04-25,3.478855,3.499750,3.461444,3.499750,32800
2002-04-26,3.499751,3.499751,3.457963,3.457963,20500
2002-04-29,3.437068,3.447515,3.395280,3.426621,24100
2002-04-30,3.426621,3.447515,3.405727,3.447515,21800
2002-05-01,3.423139,3.440551,3.398763,3.430104,6800
2002-05-02,3.440550,3.440550,3.395279,3.395279,30500
2002-05-03,3.416174,3.437068,3.405726,3.405726,11800
2002-05-06,3.430103,3.440550,3.398762,3.402244,8300
2002-05-07,3.433585,3.433585,3.395280,3.426621,38900
2002-05-08,3.440549,3.482337,3.433585,3.482337,54000
2002-05-09,3.423139,3.447516,3.412693,3.444034,48000
2002-05-10,3.447516,3.447516,3.419657,3.444034,7700
2002-05-13,3.444034,3.457963,3.412693,3.457963,20800
2002-05-14,3.450996,3.482337,3.447514,3.482337,8300
2002-05-15,3.475374,3.534574,3.475374,3.489304,41700
2002-05-16,3.489304,3.607703,3.489304,3.551986,116200
2002-05-17,3.600738,3.628596,3.590291,3.604220,60700
2002-05-20,3.558949,3.583325,3.534572,3.565913,101800
2002-05-21,3.538056,3.583326,3.531091,3.569397,48400
2002-05-22,3.593773,3.628597,3.565915,3.628597,63400
2002-05-23,3.576361,3.625114,3.555467,3.625114,88200
2002-05-24,3.586809,3.604221,3.558950,3.586809,41400
2002-05-28,3.586809,3.632079,3.586809,3.628597,49700
2002-05-29,3.628598,3.646010,3.593775,3.639045,165300
2002-05-30,3.639043,3.646008,3.632078,3.635561,58400
2002-05-31,3.652975,3.666904,3.639045,3.663422,104300
2002-06-03,3.659938,3.673867,3.649491,3.673867,52800
2002-06-04,3.670385,3.684314,3.639044,3.684314,188200
2002-06-05,3.673868,3.687797,3.646009,3.687797,52900
2002-06-06,3.670386,3.691280,3.652974,3.687797,63000
2002-06-07,3.673867,3.673867,3.649491,3.656456,46400
2002-06-10,3.659938,3.680832,3.639044,3.680832,52000
2002-06-11,3.632079,3.646009,3.562432,3.562432,80700
2002-06-12,3.586809,3.639044,3.586809,3.632079,46900
2002-06-13,3.590292,3.618151,3.534574,3.551986,49900
2002-06-14,3.531092,3.534574,3.457963,3.471892,557500
2002-06-17,3.447514,3.531090,3.447514,3.531090,77800
2002-06-18,3.551986,3.579844,3.513680,3.579844,34900
2002-06-19,3.569397,3.569397,3.457963,3.461445,90000
2002-06-20,3.534573,3.569397,3.510197,3.520644,83200
2002-06-21,3.569398,3.583327,3.517163,3.534574,75100
2002-06-24,3.517161,3.520643,3.482337,3.506714,428800
2002-06-25,3.506715,3.551986,3.506715,3.527610,96600
2002-06-26,3.430103,3.461444,3.360456,3.416174,131200
2002-06-27,3.454480,3.510198,3.444033,3.485821,224200
2002-06-28,3.447514,3.492784,3.447514,3.482337,448600
2002-07-01,3.447515,3.478856,3.447515,3.461445,11100
2002-07-02,3.419656,3.447515,3.416174,3.426621,21400
2002-07-03,3.377867,3.398762,3.360456,3.398762,38300
2002-07-05,3.412692,3.475374,3.395280,3.475374,14200
2002-07-08,3.482339,3.513680,3.468409,3.489304,25200
2002-07-09,3.513680,3.551986,3.492786,3.534574,27200
2002-07-10,3.499749,3.517161,3.468408,3.482337,48500
2002-07-11,3.395281,3.437069,3.360457,3.437069,76100
2002-07-12,3.430103,3.440550,3.367421,3.402244,69600
2002-07-15,3.419657,3.423139,3.311704,3.423139,69100
2002-07-16,3.343045,3.367422,3.290810,3.294292,45100
2002-07-17,3.273398,3.294292,3.231610,3.255987,143400
2002-07-18,3.280362,3.332597,3.259468,3.259468,248400
2002-07-19,3.255986,3.287327,3.186339,3.186339,38500
2002-07-22,3.196787,3.196787,3.137587,3.144552,8300
2002-07-23,3.161964,3.193305,3.137588,3.161964,17600
2002-07-24,3.029634,3.203751,3.012222,3.203751,64600
2002-07-25,3.130622,3.168928,3.078387,3.078387,24100
2002-07-26,3.001776,3.064458,2.991329,2.998294,21200
2002-07-29,3.071421,3.148033,3.071421,3.116692,25900
2002-07-30,3.134104,3.186339,3.120175,3.134104,28500
2002-07-31,3.165445,3.182857,3.127139,3.182857,32800
2002-08-01,3.116693,3.172410,3.071422,3.134104,7300
2002-08-02,3.120175,3.148034,3.036599,3.036599,33200
2002-08-05,3.047046,3.047046,2.925164,2.925164,20900
2002-08-06,2.963470,3.029634,2.963470,3.001776,28500
2002-08-07,3.092316,3.095798,3.047045,3.047045,6300
2002-08-08,3.120175,3.175892,3.120175,3.137586,13700
2002-08-09,3.172410,3.175893,3.172410,3.175893,18700
2002-08-12,3.172410,3.186340,3.168928,3.172410,7800
2002-08-13,3.172409,3.186339,3.116692,3.116692,137600
2002-08-14,3.123657,3.179374,3.116692,3.116692,8300
2002-08-15,3.182857,3.186339,3.154999,3.154999,5800
2002-08-16,3.203752,3.245540,3.200269,3.238575,7700
2002-08-19,3.249021,3.290809,3.238574,3.290809,9700
2002-08-20,3.290809,3.332597,3.259468,3.325633,18000
2002-08-21,3.259469,3.308222,3.221163,3.238575,103800
2002-08-22,3.273398,3.290809,3.252504,3.290809,11600
2002-08-23,3.290810,3.297775,3.214199,3.214199,11500
2002-08-26,3.245539,3.283845,3.235092,3.280363,23100
2002-08-27,3.315186,3.329115,3.266433,3.266433,14500
2002-08-28,3.287328,3.290810,3.214199,3.217681,5800
2002-08-29,3.224645,3.301256,3.224645,3.235091,18500
2002-08-30,3.269916,3.290809,3.242057,3.290809,4600
2002-09-03,3.249022,3.259469,3.210716,3.210716,4800
2002-09-04,3.200268,3.231609,3.158480,3.221162,23400
2002-09-05,3.203751,3.214198,3.165446,3.186339,6700
2002-09-06,3.210716,3.290809,3.210716,3.290809,15400
2002-09-09,3.290810,3.318669,3.259469,3.273399,6100
2002-09-10,3.259469,3.304740,3.238575,3.238575,15100
2002-09-11,3.262950,3.308221,3.255986,3.259468,5900
2002-09-12,3.308222,3.308222,3.301257,3.301257,9100
2002-09-13,3.304738,3.308221,3.259468,3.276880,5700
2002-09-16,3.290810,3.304740,3.231610,3.249022,5900
2002-09-17,3.290810,3.304740,3.259469,3.273399,5100
2002-09-18,3.273399,3.273399,3.217681,3.269917,14400
2002-09-19,3.238575,3.238575,3.196787,3.207233,104300
2002-09-20,3.217680,3.217680,3.134104,3.179374,177500
2002-09-23,3.134105,3.151517,3.106246,3.106246,8100
2002-09-24,3.109728,3.148034,3.081869,3.092316,32300
2002-09-25,3.134104,3.134104,3.054011,3.060975,182000
2002-09-26,3.078387,3.120175,3.060975,3.064457,48600
2002-09-27,3.134104,3.144551,3.064458,3.081869,4300
2002-09-30,3.088834,3.088834,3.005258,3.008740,24200
2002-10-01,3.085351,3.130622,3.019187,3.130622,30500
2002-10-02,3.102762,3.123657,3.067939,3.067939,10800
2002-10-03,3.081869,3.123657,3.074904,3.113210,5200
2002-10-04,3.134105,3.134105,3.057493,3.057493,11200
2002-10-07,3.071423,3.116693,3.050529,3.099282,12200
2002-10-08,3.120176,3.123658,3.033117,3.123658,14400
2002-10-09,3.067939,3.067939,2.991328,2.994810,28400
2002-10-10,3.012222,3.081869,2.970434,3.081869,29900
2002-10-11,3.026152,3.099282,3.026152,3.099282,16000
2002-10-14,3.092317,3.130622,3.064458,3.106246,73600
2002-10-15,3.158481,3.158481,3.106246,3.134104,168000
2002-10-16,3.134104,3.151516,3.057493,3.060975,5300
2002-10-17,3.134104,3.148034,3.088834,3.120175,27900
2002-10-18,3.134104,3.134104,3.120175,3.120175,4200
2002-10-21,3.165445,3.165445,3.123657,3.165445,22000
2002-10-22,3.168928,3.168928,3.134104,3.134104,13600
2002-10-23,3.168929,3.228128,3.148034,3.193305,33100
2002-10-24,3.203752,3.262951,3.172410,3.189822,32800
2002-10-25,3.221162,3.228127,3.148033,3.224645,787900
2002-10-28,3.238575,3.252504,3.207233,3.207233,11000
2002-10-29,3.161964,3.238575,3.161964,3.238575,8600
2002-10-30,3.148034,3.217680,3.148034,3.203751,9500
2002-10-31,3.238575,3.269916,3.186340,3.193305,11800
2002-11-01,3.221162,3.235091,3.179374,3.235091,5200
2002-11-04,3.252504,3.308222,3.252504,3.255987,15500
2002-11-05,3.297775,3.308222,3.255987,3.255987,6900
2002-11-06,3.325633,3.353491,3.276880,3.276880,12400
2002-11-07,3.280363,3.315187,3.238575,3.238575,86000
2002-11-08,3.273398,3.301257,3.238575,3.242057,30300
2002-11-11,3.235092,3.235092,3.144552,3.144552,4600
2002-11-12,3.193304,3.255986,3.186339,3.186339,16000
2002-11-13,3.224645,3.238575,3.186339,3.186339,8300
2002-11-14,3.221163,3.242057,3.189822,3.189822,11600
2002-11-15,3.224646,3.287328,3.224646,3.231610,11200
2002-11-18,3.231611,3.297775,3.221164,3.273399,29200
2002-11-19,3.242058,3.273398,3.203752,3.238575,8000
2002-11-20,3.255987,3.287327,3.255987,3.255987,7100
2002-11-21,3.290810,3.343045,3.273398,3.308221,169500
2002-11-22,3.315187,3.360457,3.276881,3.287328,449200
2002-11-25,3.308221,3.339562,3.273398,3.290809,6900
2002-11-26,3.235093,3.287328,3.228129,3.273399,28100
2002-11-27,3.297774,3.325633,3.242057,3.325633,13000
2002-11-29,3.336079,3.356973,3.294291,3.353491,25200
2002-12-02,3.350010,3.381352,3.315187,3.318669,97500
2002-12-03,3.339563,3.339563,3.315186,3.329116,13000
2002-12-04,3.311704,3.311704,3.231610,3.231610,251700
2002-12-05,3.311704,3.311704,3.231610,3.290809,60600
2002-12-06,3.242057,3.290809,3.238574,3.290809,26000
2002-12-09,3.290810,3.308222,3.255987,3.255987,9300
2002-12-10,3.214198,3.283845,3.214198,3.283845,15500
2002-12-11,3.221164,3.252505,3.200270,3.200270,3100
2002-12-12,3.238575,3.301257,3.235093,3.294292,10700
2002-12-13,3.273398,3.280363,3.203751,3.207233,47800
2002-12-16,3.231610,3.266434,3.196787,3.231610,6500
2002-12-17,3.308221,3.308221,3.231609,3.235091,10200
2002-12-18,3.255986,3.287327,3.238575,3.266433,15200
2002-12-19,3.259468,3.283845,3.217680,3.276880,46500
2002-12-20,3.308221,3.311703,3.290809,3.311703,8100
2002-12-23,3.338570,3.349317,3.313495,3.331406,14300
2002-12-24,3.331406,3.349317,3.327824,3.327824,14700
2002-12-26,3.327823,3.345734,3.277673,3.338570,7100
2002-12-27,3.331406,3.331406,3.245434,3.317077,7000
2002-12-30,3.270509,3.295584,3.266927,3.284838,13100
2002-12-31,3.281255,3.284837,3.245433,3.252598,8700
2003-01-02,3.292001,3.331405,3.266926,3.313494,13200
2003-01-03,3.331406,3.345734,3.284837,3.338570,7100
2003-01-06,3.403049,3.460363,3.392302,3.438870,36000
2003-01-07,3.438871,3.456781,3.403049,3.420960,59600
2003-01-08,3.403048,3.428123,3.403048,3.406630,6100
2003-01-09,3.403049,3.456782,3.403049,3.456782,7700
2003-01-10,3.438871,3.496186,3.406632,3.489021,81300
2003-01-13,3.460363,3.489021,3.420960,3.420960,4100
2003-01-14,3.503349,3.506931,3.435288,3.503349,23700
2003-01-15,3.499768,3.499768,3.478275,3.489021,15000
2003-01-16,3.489022,3.492604,3.478275,3.492604,30800
2003-01-17,3.503349,3.503349,3.460363,3.503349,5900
2003-01-21,3.449617,3.485438,3.446034,3.474692,30600
2003-01-22,3.438871,3.442453,3.413796,3.413796,28200
2003-01-23,3.431706,3.478274,3.431706,3.442452,9100
2003-01-24,3.413795,3.489020,3.413795,3.478274,91800
2003-01-27,3.463946,3.471110,3.420960,3.424542,129900
2003-01-28,3.352899,3.399467,3.331406,3.399467,30000
2003-01-29,3.374391,3.385137,3.313494,3.367227,13500
2003-01-30,3.377974,3.377974,3.317077,3.338570,41200
2003-01-31,3.295583,3.385137,3.295583,3.381555,25300
2003-02-03,3.295584,3.331406,3.288420,3.317077,14500
2003-02-04,3.295583,3.374391,3.259762,3.320659,28700
2003-02-05,3.338570,3.338570,3.306330,3.306330,3500
2003-02-06,3.263345,3.295584,3.263345,3.281255,10800
2003-02-07,3.277674,3.324242,3.277674,3.295585,11300
2003-02-10,3.281254,3.313494,3.259761,3.270508,16600
2003-02-11,3.256180,3.295584,3.256180,3.281255,20400
2003-02-12,3.270508,3.306330,3.263344,3.266926,8300
2003-02-13,3.249017,3.256181,3.191702,3.220360,26800
2003-02-14,3.195284,3.241852,3.195284,3.223942,13500
2003-02-18,3.270508,3.288419,3.202447,3.266926,922600
2003-02-19,3.281256,3.299166,3.216777,3.292002,596700
2003-02-20,3.241852,3.259763,3.223941,3.256180,281900
2003-02-21,3.241851,3.284837,3.220358,3.263344,284200
2003-02-24,3.295585,3.352899,3.281256,3.302749,25500
2003-02-25,3.281255,3.309912,3.241852,3.309912,43700
2003-02-26,3.295584,3.342152,3.295584,3.313494,5900
2003-02-27,3.277674,3.320660,3.249017,3.302749,4200
2003-02-28,3.295584,3.331406,3.295584,3.327824,2200
2003-03-03,3.334988,3.388720,3.334988,3.345734,6900
2003-03-04,3.342152,3.367226,3.302748,3.363645,20800
2003-03-05,3.331405,3.360063,3.306330,3.313494,45900
2003-03-06,3.331405,3.334987,3.277672,3.324240,84300
2003-03-07,3.263345,3.302748,3.263345,3.274091,58600
2003-03-10,3.245435,3.284838,3.245435,3.259763,33600
2003-03-11,3.241852,3.241852,3.202448,3.202448,16300
2003-03-12,3.130804,3.159462,3.087819,3.145133,37900
2003-03-13,3.152297,3.152297,3.087818,3.123640,26100
2003-03-14,3.202446,3.213193,3.152296,3.177371,18700
2003-03-17,3.216776,3.245434,3.213195,3.241852,22100
2003-03-18,3.270509,3.306330,3.259762,3.306330,25700
2003-03-19,3.295584,3.309913,3.274091,3.274091,14400
2003-03-20,3.338570,3.338570,3.270509,3.284838,25700
2003-03-21,3.302748,3.385137,3.299166,3.349316,11000
2003-03-24,3.327825,3.331407,3.281257,3.288421,15300
2003-03-25,3.349316,3.356480,3.349316,3.352898,31000
2003-03-26,3.356482,3.356482,3.356482,3.356482,500
2003-03-27,3.413796,3.420960,3.360064,3.360064,9400
2003-03-28,3.424542,3.449617,3.424542,3.449617,36100
2003-03-31,3.377975,3.442454,3.377975,3.435290,34700
2003-04-01,3.399467,3.449617,3.367227,3.442452,16200
2003-04-02,3.388721,3.431706,3.370810,3.431706,8500
2003-04-03,3.431706,3.438870,3.431706,3.438870,2200
2003-04-04,3.453200,3.499768,3.453200,3.496186,25900
2003-04-07,3.496186,3.528425,3.492604,3.492604,61300
2003-04-08,3.524842,3.542753,3.481856,3.481856,10700
2003-04-09,3.481856,3.481856,3.481856,3.481856,0
2003-04-10,3.474693,3.524843,3.474693,3.521261,18700
2003-04-11,3.438871,3.489021,3.438871,3.489021,5600
2003-04-14,3.510515,3.510515,3.442453,3.492604,22800
2003-04-15,3.510514,3.539171,3.474692,3.539171,18800
2003-04-16,3.539170,3.617978,3.539170,3.567828,12500
2003-04-17,3.567828,3.596486,3.532007,3.571411,17900
2003-04-21,3.564247,3.589322,3.532007,3.574993,32500
2003-04-22,3.603650,3.686040,3.603650,3.686040,10500
2003-04-23,3.653800,3.703950,3.635889,3.703950,10400
2003-04-24,3.689622,3.689622,3.610815,3.653800,40200
2003-04-25,3.614396,3.671710,3.607232,3.668128,13500
2003-04-28,3.653800,3.660964,3.617978,3.639471,51900
2003-04-29,3.635889,3.707532,3.635889,3.643053,36700
2003-04-30,3.703950,3.711114,3.660964,3.664546,6300
2003-05-01,3.675293,3.739771,3.675293,3.689621,22900
2003-05-02,3.700366,3.757681,3.653798,3.725441,51300
2003-05-05,3.707531,3.718277,3.653799,3.714695,52500
2003-05-06,3.707532,3.761264,3.650217,3.754100,26900
2003-05-07,3.696785,3.711114,3.668128,3.668128,10200
2003-05-08,3.675292,3.721860,3.675292,3.714695,4800
2003-05-09,3.693202,3.754099,3.671709,3.725441,6200
2003-05-12,3.754100,3.779175,3.750518,3.750518,8900
2003-05-13,3.761263,3.772010,3.696784,3.768428,33400
2003-05-14,3.743354,3.768430,3.732608,3.732608,9600
2003-05-15,3.725441,3.757681,3.707531,3.725441,13000
2003-05-16,3.711114,3.797087,3.696786,3.761265,65800
2003-05-19,3.739771,3.800667,3.732607,3.797086,45700
2003-05-20,3.761265,3.804250,3.746936,3.786340,11300
2003-05-21,3.800669,3.800669,3.764848,3.800669,3500
2003-05-22,3.800668,3.857983,3.789922,3.832907,17700
2003-05-23,3.832907,3.883057,3.832907,3.883057,24400
2003-05-27,3.814996,3.897385,3.807832,3.886639,87200
2003-05-28,3.861565,3.886640,3.811415,3.814997,68700
2003-05-29,3.840071,3.840071,3.779174,3.840071,27100
2003-05-30,3.857984,3.883059,3.829326,3.879477,28200
2003-06-02,3.904551,3.936790,3.865147,3.936790,28900
2003-06-03,3.936790,3.936790,3.893805,3.893805,15900
2003-06-04,3.976195,4.008434,3.918880,3.976195,44800
2003-06-05,3.994105,4.008434,3.929627,3.976195,34600
2003-06-06,3.976193,3.990522,3.911714,3.911714,26200
2003-06-09,3.911715,3.965448,3.868730,3.893805,19600
2003-06-10,3.908132,3.976193,3.904550,3.915297,62900
2003-06-11,3.958283,3.994104,3.954700,3.986940,15200
2003-06-12,3.994104,4.044254,3.986940,4.012015,52900
2003-06-13,4.012016,4.037092,3.972613,4.004852,31800
2003-06-16,4.012015,4.083658,4.012015,4.083658,69400
2003-06-17,4.047837,4.108734,4.047837,4.101570,43100
2003-06-18,4.047837,4.090823,4.029926,4.087241,13300
2003-06-19,4.047837,4.094405,4.022761,4.040672,32600
2003-06-20,4.076495,4.097987,4.033509,4.051420,23300
2003-06-23,4.040673,4.040673,3.911716,3.926044,70900
2003-06-24,3.958284,3.990523,3.918880,3.933208,28200
2003-06-25,3.965447,4.029926,3.965447,3.994104,18100
2003-06-26,3.926043,3.954700,3.872311,3.943954,37700
2003-06-27,3.943955,3.976194,3.897386,3.954701,3316200
2003-06-30,3.922462,3.976195,3.908134,3.976195,18700
2003-07-01,3.943954,3.994104,3.943954,3.979775,26300
2003-07-02,3.986940,4.083658,3.986940,4.047836,11000
2003-07-03,4.055001,4.076494,4.015597,4.055001,10200
2003-07-07,4.065747,4.094404,4.047836,4.047836,333700
2003-07-08,3.994105,3.994105,3.929627,3.951119,47000
2003-07-09,3.918879,3.918879,3.814996,3.829325,122200
2003-07-10,3.865147,3.865147,3.825743,3.832907,85300
2003-07-11,3.865146,3.933207,3.865146,3.886639,34200
2003-07-14,3.958284,3.961866,3.897387,3.933208,18600
2003-07-15,3.940372,3.947537,3.872312,3.904551,4900
2003-07-16,3.904550,3.940372,3.857982,3.865146,41200
2003-07-17,3.900969,3.922462,3.868730,3.875894,32200
2003-07-18,3.875892,3.886639,3.836489,3.883057,17800
2003-07-21,3.850819,3.890222,3.840072,3.875894,19400
2003-07-22,3.868730,3.893805,3.850819,3.868730,15300
2003-07-23,3.929625,3.929625,3.890221,3.900968,991300
2003-07-24,3.940372,4.022761,3.940372,3.994104,35500
2003-07-25,3.972611,4.029926,3.972611,4.012015,51900
2003-07-28,4.019179,4.051418,4.012014,4.044254,11700
2003-07-29,4.019179,4.040672,3.994104,3.994104,10200
2003-07-30,3.947537,3.972612,3.890223,3.933208,20800
2003-07-31,3.926044,3.986941,3.926044,3.926044,256500
2003-08-01,3.908134,3.951119,3.904551,3.951119,24700
2003-08-04,3.958282,3.976193,3.897385,3.929625,11700
2003-08-05,3.922462,3.958284,3.897387,3.926044,17800
2003-08-06,3.936789,3.958282,3.911714,3.929625,38000
2003-08-07,3.972611,3.976194,3.936790,3.972611,8500
2003-08-08,4.004851,4.004851,3.961865,3.994104,1300
2003-08-11,3.997686,4.040672,3.983357,4.022761,19100
2003-08-12,4.029926,4.033509,4.001269,4.029926,6400
2003-08-13,4.029926,4.065747,3.997686,4.062165,17100
2003-08-14,4.029926,4.029926,3.983358,4.012015,12100
2003-08-15,4.029926,4.029926,4.029926,4.029926,4300
2003-08-18,4.029927,4.076495,4.019181,4.069331,27700
2003-08-19,4.051419,4.072912,4.026344,4.072912,65500
2003-08-20,4.055001,4.097987,4.055001,4.087241,26000
2003-08-21,4.083658,4.087240,4.026343,4.047836,43300
2003-08-22,4.033508,4.055001,4.001269,4.001269,152200
2003-08-25,4.012015,4.040672,4.012015,4.012015,86800
2003-08-26,4.004851,4.004851,3.943954,3.994104,23500
2003-08-27,3.983358,3.994104,3.958283,3.994104,100200
2003-08-28,3.990522,4.012015,3.979775,4.012015,11600
2003-08-29,4.008432,4.065747,4.008432,4.065747,36500
2003-09-02,4.022761,4.047836,4.012015,4.047836,65100
2003-09-03,3.994104,4.047836,3.994104,4.044254,32200
2003-09-04,4.044254,4.047836,3.997686,4.047836,20500
2003-09-05,4.047836,4.065747,4.033508,4.047836,11200
2003-09-08,4.047837,4.123063,4.047837,4.101570,103000
2003-09-09,4.137391,4.166049,4.119481,4.119481,22400
2003-09-10,4.119480,4.140973,4.076494,4.105152,31100
2003-09-11,4.112316,4.133809,4.083658,4.133809,9200
2003-09-12,4.130226,4.158884,4.123062,4.158884,19600
2003-09-15,4.151720,4.173213,4.119481,4.173213,29700
2003-09-16,4.166049,4.191124,4.155302,4.173213,25900
2003-09-17,4.162467,4.198288,4.140974,4.173213,28300
2003-09-18,4.219781,4.252021,4.191124,4.252021,23500
2003-09-19,4.209033,4.241272,4.191122,4.226943,28800
2003-09-22,4.226944,4.262766,4.180376,4.234108,13500
2003-09-23,4.219781,4.226945,4.162466,4.162466,19000
2003-09-24,4.230527,4.230527,4.201869,4.209033,26800
2003-09-25,4.209035,4.241274,4.176795,4.191124,51000
2003-09-26,4.180377,4.209035,4.151720,4.173213,18800
2003-09-29,4.155300,4.230526,4.155300,4.226943,35900
2003-09-30,4.205452,4.216199,4.148138,4.212616,13300
2003-10-01,4.216198,4.262766,4.191123,4.259184,22700
2003-10-02,4.262766,4.298588,4.244855,4.262766,20100
2003-10-03,4.266347,4.309333,4.266347,4.266347,73300
2003-10-06,4.316499,4.334410,4.266349,4.334410,36700
2003-10-07,4.316499,4.363067,4.316499,4.352320,41300
2003-10-08,4.395307,4.395307,4.345157,4.345157,71800
2003-10-09,4.441873,4.449037,4.337990,4.398887,52500
2003-10-10,4.423965,4.441875,4.391725,4.441875,17500
2003-10-13,4.459784,4.488441,4.406051,4.484859,125300
2003-10-14,4.413217,4.477696,4.409635,4.477696,84500
2003-10-15,4.495605,4.495605,4.456202,4.456202,147500
2003-10-16,4.477697,4.477697,4.413218,4.445457,51500
2003-10-17,4.459785,4.492024,4.449039,4.459785,169300
2003-10-20,4.466950,4.484860,4.434710,4.477696,76300
2003-10-21,4.509935,4.545756,4.502770,4.542174,107700
2003-10-22,4.535010,4.563667,4.531428,4.563667,194700
2003-10-23,4.449038,4.492023,4.449038,4.492023,189800
2003-10-24,4.477696,4.495607,4.427546,4.477696,54800
2003-10-27,4.477697,4.506354,4.477697,4.506354,86800
2003-10-28,4.481278,4.524263,4.452620,4.524263,169800
2003-10-29,4.499188,4.527846,4.499188,4.524263,117300
2003-10-30,4.535010,4.560085,4.524264,4.560085,91200
2003-10-31,4.531428,4.556504,4.492025,4.549339,55300
2003-11-03,4.531428,4.545756,4.513517,4.542174,163800
2003-11-04,4.502769,4.513516,4.481277,4.484859,112300
2003-11-05,4.477695,4.509935,4.459785,4.509935,58600
2003-11-06,4.488443,4.513519,4.459786,4.495608,71200
2003-11-07,4.513517,4.520681,4.495606,4.520681,40100
2003-11-10,4.527846,4.560085,4.513517,4.524263,56000
2003-11-11,4.499189,4.520681,4.477695,4.509935,73300
2003-11-12,4.531428,4.567250,4.513518,4.549339,183200
2003-11-13,4.574414,4.574414,4.531428,4.574414,54700
2003-11-14,4.524264,4.556504,4.517100,4.527846,112600
2003-11-17,4.434710,4.474113,4.395306,4.449039,80900
2003-11-18,4.477697,4.520683,4.452622,4.506354,81900
2003-11-19,4.506353,4.549339,4.506353,4.545756,97400
2003-11-20,4.542175,4.560085,4.509935,4.527846,46100
2003-11-21,4.492026,4.527847,4.481279,4.495608,25900
2003-11-24,4.499189,4.509936,4.477696,4.499189,71600
2003-11-25,4.499189,4.538593,4.495607,4.538593,238100
2003-11-26,4.517100,4.563668,4.517100,4.549339,42400
2003-11-28,4.542174,4.549339,4.495606,4.545756,65500
2003-12-01,4.545756,4.577996,4.481278,4.563667,325900
2003-12-02,4.563667,4.606653,4.524263,4.592324,80600
2003-12-03,4.642474,4.689042,4.642474,4.674714,787400
2003-12-04,4.696208,4.706955,4.660387,4.692626,137000
2003-12-05,4.660386,4.692626,4.638893,4.678297,107500
2003-12-08,4.692625,4.735611,4.692625,4.735611,85400
2003-12-09,4.714118,4.735611,4.689043,4.735611,118600
2003-12-10,4.710537,4.714119,4.660387,4.692626,164100
2003-12-11,4.646058,4.692626,4.567250,4.692626,71200
2003-12-12,4.696207,4.724864,4.663968,4.721282,36000
2003-12-15,4.767851,4.789344,4.735612,4.739193,59600
2003-12-16,4.808673,4.852554,4.790389,4.852554,31200
2003-12-17,4.837926,4.841583,4.797702,4.830613,42200
2003-12-18,4.794045,4.845240,4.794045,4.819643,49200
2003-12-19,4.790388,4.819643,4.772104,4.819643,44400
2003-12-22,4.830982,4.853663,4.808301,4.846102,151500
2003-12-23,4.846101,4.861222,4.812080,4.853662,73900
2003-12-24,4.906586,4.914146,4.880125,4.914146,25400
2003-12-26,4.914145,4.933046,4.868784,4.933046,44100
2003-12-29,4.933045,4.974626,4.921705,4.967066,76900
2003-12-30,4.967067,5.008648,4.963286,5.004868,115800
2003-12-31,5.008648,5.050229,4.989747,5.050229,114200
2004-01-02,5.057790,5.088031,5.050230,5.080471,118600
2004-01-05,5.110709,5.140950,5.103149,5.133389,168600
2004-01-06,5.174971,5.178751,5.140950,5.171191,645000
2004-01-07,5.140951,5.156071,5.106930,5.114490,150700
2004-01-08,5.114491,5.190094,5.114491,5.190094,109000
2004-01-09,5.171193,5.220334,5.144732,5.148512,123200
2004-01-12,5.171194,5.216556,5.140954,5.205215,105000
2004-01-13,5.190093,5.190093,5.152292,5.167413,105800
2004-01-14,5.178753,5.212774,5.156073,5.208994,58800
2004-01-15,5.144732,5.159852,5.103151,5.140952,170800
2004-01-16,5.080470,5.095590,5.038888,5.065349,565900
2004-01-20,5.103150,5.137171,5.069129,5.118270,111000
2004-01-21,5.118271,5.178753,5.118271,5.174973,61700
2004-01-22,5.205214,5.239235,5.144732,5.227895,196600
2004-01-23,5.212774,5.235455,5.178753,5.193873,83600
2004-01-26,5.216554,5.220335,5.156073,5.208994,85000
2004-01-27,5.178753,5.193874,5.156073,5.190094,86800
2004-01-28,5.137171,5.159851,5.031328,5.042668,131100
2004-01-29,5.038889,5.038889,4.944386,4.993527,286200
2004-01-30,4.951946,5.027548,4.951946,5.012428,107800
2004-02-02,5.012429,5.012429,4.951947,5.001088,73500
2004-02-03,4.974628,5.016209,4.970847,5.016209,88400
2004-02-04,4.982186,4.989746,4.948165,4.959506,135800
2004-02-05,5.004868,5.008648,4.978407,4.997308,38000
2004-02-06,5.027550,5.103152,5.027550,5.095592,156600
2004-02-09,5.125833,5.156074,5.125833,5.156074,73200
2004-02-10,5.186313,5.208994,5.182533,5.208994,137000
2004-02-11,5.201435,5.288377,5.178754,5.250576,77900
2004-02-12,5.288377,5.307278,5.243016,5.292157,104100
2004-02-13,5.326178,5.363979,5.292157,5.311058,119700
2004-02-17,5.371539,5.405560,5.329958,5.397999,128300
2004-02-18,5.405561,5.413121,5.367759,5.382880,85800
2004-02-19,5.375320,5.390440,5.337519,5.386660,108200
2004-02-20,5.311057,5.326178,5.152293,5.227895,131000
2004-02-23,5.227894,5.246795,5.178753,5.220334,56300
2004-02-24,5.193873,5.277035,5.167412,5.269475,74200
2004-02-25,5.277037,5.292157,5.231676,5.231676,134800
2004-02-26,5.231674,5.254355,5.216554,5.220334,80100
2004-02-27,5.246796,5.292157,5.201435,5.273257,129800
2004-03-01,5.284597,5.337519,5.280817,5.337519,163700
2004-03-02,5.311055,5.337516,5.280814,5.299715,255400
2004-03-03,5.186313,5.193873,5.080470,5.193873,267300
2004-03-04,5.186312,5.212773,5.156071,5.197652,148200
2004-03-05,5.273256,5.311057,5.273256,5.288376,150500
2004-03-08,5.280817,5.299718,5.254356,5.273257,132400
2004-03-09,5.303495,5.322395,5.273254,5.280814,179300
2004-03-10,5.208994,5.224115,5.148513,5.159853,145600
2004-03-11,5.065350,5.140953,5.012429,5.046450,195400
2004-03-12,5.042669,5.110712,5.016209,5.110712,130600
2004-03-15,5.103152,5.106932,5.008649,5.035110,158800
2004-03-16,5.110711,5.156073,5.091811,5.106931,64100
2004-03-17,5.144732,5.239234,5.129611,5.235455,71800
2004-03-18,5.216555,5.273257,5.186314,5.273257,96700
2004-03-19,5.246797,5.246797,5.190095,5.205215,84900
2004-03-22,5.227896,5.239236,5.144733,5.224116,111000
2004-03-23,5.208995,5.224116,5.178754,5.205215,95700
2004-03-24,5.167413,5.193873,5.140952,5.148512,92400
2004-03-25,5.152291,5.208993,5.103150,5.197652,1235300
2004-03-26,5.220333,5.254354,5.186312,5.246794,205300
2004-03-29,5.216555,5.254356,5.216555,5.250576,254600
2004-03-30,5.243015,5.292157,5.243015,5.284596,94700
2004-03-31,5.292157,5.345079,5.284597,5.318618,86900
2004-04-01,5.386659,5.439580,5.360198,5.428240,309400
2004-04-02,5.341299,5.363979,5.311058,5.337519,168000
2004-04-05,5.322397,5.348857,5.284595,5.345078,143000
2004-04-06,5.397999,5.401779,5.382879,5.397999,178600
2004-04-07,5.416899,5.450920,5.405559,5.416899,121300
2004-04-08,5.371539,5.386660,5.345079,5.382880,111200
2004-04-12,5.450921,5.450921,5.416900,5.447141,128800
2004-04-13,5.326175,5.352636,5.091809,5.280814,163200
2004-04-14,5.171193,5.174973,5.106931,5.129611,144000
2004-04-15,5.133392,5.205215,5.133392,5.186314,79900
2004-04-16,5.178752,5.231674,5.144731,5.216554,99200
2004-04-19,5.216553,5.250574,5.216553,5.246794,59000
2004-04-20,5.216554,5.462261,5.163632,5.163632,136400
2004-04-21,5.122050,5.186312,5.106930,5.114490,76300
2004-04-22,5.118270,5.178752,5.103150,5.178752,75400
2004-04-23,5.174974,5.178754,5.110712,5.152293,73700
2004-04-26,5.129609,5.178751,5.099368,5.133389,174100
2004-04-27,5.084249,5.148511,5.084249,5.118270,185600
2004-04-28,5.072910,5.106931,4.974627,4.989747,1880300
2004-04-29,4.944387,4.993529,4.895246,4.936827,389300
2004-04-30,4.948164,4.951944,4.906583,4.917923,230200
2004-05-03,4.902806,4.940607,4.895246,4.936827,109600
2004-05-04,4.982186,5.035107,4.963285,5.023767,66200
2004-05-05,5.065350,5.091811,5.054010,5.057790,54900
2004-05-06,5.008647,5.016207,4.914144,4.963285,180300
2004-05-07,4.891464,4.895244,4.766720,4.766720,157300
2004-05-10,4.657097,4.657097,4.539914,4.573935,690600
2004-05-11,4.725140,4.725140,4.649538,4.683559,104200
2004-05-12,4.744040,4.762940,4.683558,4.732699,384200
2004-05-13,4.698679,4.698679,4.649538,4.683559,78800
2004-05-14,4.668437,4.694898,4.664657,4.694898,114100
2004-05-17,4.649537,4.679778,4.615516,4.630637,100700
2004-05-18,4.653317,4.710018,4.638196,4.710018,72300
2004-05-19,4.762940,4.838542,4.762940,4.785621,75100
2004-05-20,4.800741,4.800741,4.728919,4.728919,114900
2004-05-21,4.819643,4.838543,4.781841,4.819643,65500
2004-05-24,4.842325,4.849885,4.789403,4.800743,147400
2004-05-25,4.872563,4.906584,4.838542,4.883904,50700
2004-05-26,4.929266,4.940607,4.891465,4.914146,67700
2004-05-27,5.008648,5.027549,4.989748,5.019989,107300
2004-05-28,5.019988,5.019988,4.967067,4.989747,13700
2004-06-01,4.982185,5.008646,4.917924,4.985965,28400
2004-06-02,4.951946,4.967066,4.914145,4.940605,107700
2004-06-03,4.891464,4.906584,4.808301,4.857443,38500
2004-06-04,4.857444,4.929266,4.857444,4.914146,18000
2004-06-07,4.944385,5.076689,4.940605,5.054008,191500
2004-06-08,5.019988,5.019988,4.967067,5.004868,79900
2004-06-09,4.876344,4.914146,4.857444,4.891465,70700
2004-06-10,4.902803,4.959505,4.902803,4.917923,45600
2004-06-14,4.857443,4.891464,4.834762,4.857443,81100
2004-06-15,4.830983,4.959507,4.830983,4.921706,43000
2004-06-16,4.895244,4.910365,4.857443,4.895244,1152000
2004-06-17,4.895245,4.933046,4.861224,4.906585,27900
2004-06-18,4.925484,4.985965,4.917924,4.985965,20300
2004-06-21,4.985967,5.019988,4.959506,4.989747,43300
2004-06-22,4.967067,4.989747,4.914145,4.944386,16900
2004-06-23,4.978407,5.001087,4.951946,4.993527,18600
2004-06-24,5.027548,5.084250,5.027548,5.065349,52600
2004-06-25,5.054010,5.065350,5.019989,5.046450,29400
2004-06-28,5.084252,5.084252,5.027550,5.027550,57000
2004-06-29,5.004869,5.008649,4.936827,4.978408,44800
2004-06-30,5.027547,5.084248,4.970845,5.072908,39300
2004-07-01,5.065351,5.065351,5.008650,5.027550,29100
2004-07-02,5.095589,5.152291,5.088029,5.114490,38300
2004-07-06,5.159853,5.197654,5.140953,5.186314,169500
2004-07-07,5.224115,5.273257,5.224115,5.273257,65200
2004-07-08,5.269477,5.277038,5.220336,5.239236,131700
2004-07-09,5.277034,5.280814,5.220332,5.280814,44900
2004-07-12,5.277037,5.307278,5.235456,5.292157,42600
2004-07-13,5.284596,5.288376,5.212774,5.288376,55000
2004-07-14,5.193873,5.220334,5.152292,5.201434,57300
2004-07-15,5.208994,5.208994,5.148512,5.167413,39400
2004-07-16,5.235457,5.288378,5.224116,5.239236,26200
2004-07-19,5.273254,5.311056,5.235454,5.246794,22300
2004-07-20,5.235456,5.235456,5.182535,5.224116,33600
2004-07-21,5.193875,5.193875,5.088032,5.088032,62300
2004-07-22,5.069131,5.095591,5.050230,5.076691,39800
2004-07-23,4.982187,5.038888,4.963286,4.974627,73900
2004-07-26,4.997306,5.057788,4.982185,4.985965,70700
2004-07-27,4.993527,4.993527,4.925485,4.955726,22700
2004-07-28,4.933047,5.004869,4.914146,4.978408,55900
2004-07-29,4.963287,5.001088,4.925486,4.982188,65500
2004-07-30,5.042669,5.076690,5.004868,5.004868,30600
2004-08-02,5.012428,5.088030,5.012428,5.065349,36300
2004-08-03,5.080472,5.103152,5.069131,5.091812,63800
2004-08-04,5.054008,5.106930,5.050228,5.069129,47300
2004-08-05,5.046449,5.072909,5.027548,5.065349,15300
2004-08-06,5.054008,5.091810,4.951946,5.054008,37100
2004-08-09,5.065348,5.118270,5.065348,5.099369,76300
2004-08-10,5.084251,5.099372,5.065351,5.076691,35300
2004-08-11,5.072911,5.088031,5.061570,5.080471,42800
2004-08-12,5.046449,5.069129,5.023768,5.038888,34700
2004-08-13,5.027547,5.072908,5.027547,5.072908,60300
2004-08-16,5.072910,5.103151,5.065350,5.103151,21100
2004-08-17,5.118272,5.118272,5.065351,5.076691,23800
2004-08-18,5.057788,5.099369,5.042668,5.099369,11600
2004-08-19,5.103152,5.159853,5.095591,5.152293,39200
2004-08-20,5.163632,5.182532,5.144731,5.182532,26400
2004-08-23,5.205214,5.212774,5.148512,5.167413,38700
2004-08-24,5.122052,5.122052,5.057791,5.076691,62700
2004-08-25,5.054009,5.103151,5.054009,5.061570,21400
2004-08-26,5.065348,5.084248,5.050227,5.072908,35300
2004-08-27,5.152293,5.152293,5.099371,5.125832,48400
2004-08-30,5.065349,5.103150,5.054008,5.054008,37200
2004-08-31,5.065349,5.156072,5.065349,5.118270,28700
2004-09-01,5.178751,5.182531,5.140950,5.171191,51800
2004-09-02,5.125830,5.171191,5.118270,5.171191,34600
2004-09-03,5.072908,5.099369,5.054007,5.072908,32400
2004-09-07,5.088031,5.140953,5.084251,5.125832,120200
2004-09-08,5.084249,5.140950,5.057788,5.122050,71100
2004-09-09,5.076692,5.095592,5.054011,5.095592,27900
2004-09-10,5.114491,5.182533,5.114491,5.167413,112800
2004-09-13,5.178752,5.193873,5.163632,5.182532,39600
2004-09-14,5.216553,5.254354,5.216553,5.246794,66300
2004-09-15,5.216554,5.220334,5.174973,5.193873,50600
2004-09-16,5.208994,5.235455,5.178753,5.201434,85000
2004-09-17,5.201434,5.227895,5.197654,5.227895,39700
2004-09-20,5.205214,5.239234,5.201433,5.235455,41800
2004-09-21,5.254356,5.280817,5.235456,5.273257,69500
2004-09-22,5.254355,5.292156,5.254355,5.269475,84600
2004-09-23,5.307276,5.348858,5.307276,5.326177,70400
2004-09-24,5.345077,5.348856,5.322396,5.348856,55400
2004-09-27,5.314838,5.345079,5.311058,5.311058,46700
2004-09-28,5.348857,5.394219,5.348857,5.394219,73100
2004-09-29,5.428240,5.432020,5.386659,5.428240,106600
2004-09-30,5.405559,5.507622,5.405559,5.488722,290000
2004-10-01,5.500063,5.534084,5.473602,5.518964,164300
2004-10-04,5.545422,5.545422,5.518962,5.537862,281600
2004-10-05,5.537864,5.556764,5.518963,5.530303,90400
2004-10-06,5.518964,5.549205,5.488724,5.549205,94300
2004-10-07,5.534086,5.571887,5.522746,5.552987,84900
2004-10-08,5.583227,5.613468,5.560546,5.609688,124600
2004-10-11,5.617246,5.628587,5.602126,5.628587,92400
2004-10-12,5.594565,5.632365,5.575664,5.624805,156600
2004-10-13,5.560543,5.560543,5.488721,5.541642,303800
2004-10-14,5.556767,5.590788,5.537866,5.552987,415200
2004-10-15,5.613466,5.621026,5.583225,5.605906,61700
2004-10-18,5.598346,5.598346,5.518963,5.556764,128600
2004-10-19,5.564323,5.602124,5.537862,5.537862,104000
2004-10-20,5.613467,5.613467,5.556765,5.568106,112400
2004-10-21,5.624806,5.655046,5.605905,5.655046,107600
2004-10-22,5.651268,5.673949,5.594566,5.643708,169800
2004-10-25,5.636147,5.689068,5.632366,5.673948,338700
2004-10-26,5.715529,5.738210,5.685288,5.711749,193300
2004-10-27,5.741991,5.798693,5.730651,5.772232,269200
2004-10-28,5.821372,5.840273,5.787352,5.802472,204500
2004-10-29,5.810031,5.851613,5.802471,5.847833,108900
2004-11-01,5.855393,5.904534,5.855393,5.889414,342400
2004-11-02,5.889413,5.889413,5.851611,5.859172,190300
2004-11-03,5.957458,6.002819,5.953678,6.002819,201600
2004-11-04,6.006598,6.067079,5.972577,6.040618,299500
2004-11-05,6.048181,6.070861,6.029280,6.067081,313500
2004-11-08,6.010377,6.033058,5.976357,6.010377,168700
2004-11-09,5.987697,6.002818,5.957456,5.987697,124500
2004-11-10,6.010378,6.044399,5.983917,6.040618,125100
2004-11-11,6.067081,6.127562,6.051960,6.116222,181900
2004-11-12,6.112442,6.165363,6.112442,6.165363,212300
2004-11-15,6.203163,6.206943,6.180483,6.188043,311500
2004-11-16,6.161582,6.180483,6.142682,6.161582,216800
2004-11-17,6.237184,6.297666,6.218284,6.271205,243700
2004-11-18,6.256085,6.267425,6.210724,6.248525,296600
2004-11-19,6.248525,6.297666,6.225844,6.244745,286500
2004-11-22,6.203164,6.222064,6.142682,6.214504,242400
2004-11-23,6.312786,6.316565,6.263644,6.305225,200300
2004-11-24,6.361930,6.365710,6.327909,6.358150,278100
2004-11-26,6.411068,6.426189,6.399729,6.422409,213900
2004-11-29,6.414849,6.433750,6.380828,6.411068,921100
2004-11-30,6.327907,6.354368,6.259865,6.286326,618400
2004-12-01,6.252307,6.305228,6.237186,6.297668,272300
2004-12-02,6.358147,6.380827,6.301445,6.331686,264600
2004-12-03,6.331686,6.380827,6.301445,6.380827,188400
2004-12-06,6.343028,6.343028,6.301446,6.312787,245300
2004-12-07,6.293885,6.309006,6.222062,6.256083,561200
2004-12-08,6.029279,6.074640,5.987698,6.048180,623400
2004-12-09,5.972577,6.048179,5.957456,6.040618,598800
2004-12-10,6.006599,6.029279,5.972577,6.021719,122300
2004-12-13,6.025499,6.142683,6.025499,6.123783,498200
2004-12-14,6.176703,6.180483,6.123782,6.161582,226900
2004-12-15,6.169145,6.259867,6.169145,6.233407,228100
2004-12-16,6.225844,6.225844,6.169142,6.180483,182700
2004-12-17,6.237184,6.274985,6.172922,6.267425,284100
2004-12-20,6.301446,6.312786,6.259864,6.267425,303900
2004-12-21,6.361927,6.361927,6.297665,6.331686,532200
2004-12-22,6.384608,6.392168,6.339247,6.384608,322700
2004-12-23,6.425699,6.425699,6.363085,6.386565,887800
2004-12-27,6.476572,6.535272,6.457005,6.507878,610500
2004-12-28,6.535271,6.574404,6.523531,6.554837,373100
2004-12-29,6.476573,6.476573,6.413960,6.445266,887000
2004-12-30,6.503965,6.515705,6.468745,6.496139,371700
2004-12-31,6.519618,6.550925,6.484398,6.535272,675000
2005-01-03,6.503967,6.519620,6.445266,6.445266,449800
2005-01-04,6.488313,6.492226,6.308300,6.331779,932300
2005-01-05,6.339606,6.386565,6.339606,6.355258,1151600
2005-01-06,6.378739,6.378739,6.312212,6.366999,140900
2005-01-07,6.445265,6.445265,6.320039,6.359172,258200
2005-01-10,6.410045,6.441352,6.386565,6.390479,249500
2005-01-11,6.417871,6.429612,6.370912,6.398305,433900
2005-01-12,6.441352,6.511792,6.410045,6.507878,618300
2005-01-13,6.484398,6.484398,6.402218,6.402218,506600
2005-01-14,6.394395,6.457008,6.386568,6.453094,1404900
2005-01-18,6.339607,6.382653,6.308300,6.382653,726200
2005-01-19,6.378738,6.413958,6.327865,6.351345,524100
2005-01-20,6.312213,6.367000,6.312213,6.327867,456300
2005-01-21,6.398305,6.453091,6.378737,6.425698,91900
2005-01-24,6.476572,6.476572,6.378739,6.460919,134200
2005-01-25,6.476573,6.492227,6.425700,6.457006,193400
2005-01-26,6.550926,6.570493,6.507879,6.562666,464600
2005-01-27,6.633105,6.652671,6.586145,6.652671,318900
2005-01-28,6.554840,6.601800,6.527446,6.570493,302500
2005-01-31,6.597887,6.625280,6.570493,6.586146,561200
2005-02-01,6.601799,6.648758,6.570492,6.648758,356500
2005-02-02,6.691808,6.738767,6.664414,6.734854,655400
2005-02-03,6.652672,6.660499,6.613538,6.648758,271600
2005-02-04,6.672239,6.723113,6.672239,6.719199,416300
2005-02-07,6.734852,6.754419,6.680066,6.703546,427700
2005-02-08,6.656586,6.691806,6.629193,6.680066,145700
2005-02-09,6.640932,6.676153,6.617453,6.656586,356700
2005-02-10,6.773986,6.836599,6.738765,6.836599,309600
2005-02-11,6.813118,6.899211,6.793552,6.867905,309200
2005-02-14,6.848339,6.875732,6.824859,6.824859,468600
2005-02-15,6.789640,6.848340,6.770073,6.848340,248000
2005-02-16,6.801378,6.848338,6.742678,6.844425,298900
2005-02-17,6.844425,6.903125,6.824858,6.844425,162400
2005-02-18,6.879645,6.903125,6.848338,6.867905,294400
2005-02-22,6.863990,6.922690,6.860077,6.903123,303500
2005-02-23,6.848339,6.856166,6.789639,6.840512,372400
2005-02-24,6.785726,6.785726,6.699633,6.773986,239600
2005-02-25,6.817033,6.860080,6.789640,6.852253,229300
2005-02-28,6.950084,6.969650,6.899210,6.942257,340300
2005-03-01,6.922690,6.942256,6.903123,6.903123,361700
2005-03-02,6.903127,6.938347,6.867907,6.899213,234900
2005-03-03,6.934432,6.961826,6.907039,6.950086,235000
2005-03-04,7.024437,7.098790,7.004870,7.059658,572200
2005-03-07,7.079226,7.094879,7.071399,7.075313,678800
2005-03-08,7.157493,7.157493,7.110533,7.130099,321300
2005-03-09,7.090966,7.126185,7.055746,7.079226,286600
2005-03-10,7.055748,7.059661,6.985307,7.044007,300100
2005-03-11,7.028351,7.067485,6.993132,7.004871,256200
2005-03-14,7.040091,7.055744,7.004870,7.040091,225100
2005-03-15,7.040092,7.055746,7.004872,7.016612,205600
2005-03-16,7.047917,7.087051,7.036177,7.059658,290000
2005-03-17,7.063571,7.075311,7.032264,7.071398,370200
2005-03-18,7.087052,7.098792,7.063572,7.098792,389600
2005-03-21,7.083139,7.083139,6.993133,7.028352,356400
2005-03-22,6.973564,7.051831,6.867904,6.907038,344700
2005-03-23,6.711372,6.770072,6.652672,6.695719,1065300
2005-03-24,6.672238,6.723112,6.613538,6.625278,554100
2005-03-28,6.703545,6.703545,6.652672,6.672238,182400
2005-03-29,6.621366,6.664413,6.554839,6.574406,459000
2005-03-30,6.621365,6.664412,6.613538,6.652671,132100
2005-03-31,6.680064,6.711371,6.633105,6.637017,130700
2005-04-01,6.711372,6.742679,6.644846,6.683979,197300
2005-04-04,6.621366,6.652672,6.593972,6.640932,167400
2005-04-05,6.672240,6.723114,6.637020,6.691807,278100
2005-04-06,6.640933,6.683980,6.601800,6.617453,172000
2005-04-07,6.711372,6.711372,6.640931,6.664412,178600
2005-04-08,6.734852,6.777899,6.691806,6.723113,197300
2005-04-11,6.723111,6.762245,6.699631,6.746591,186400
2005-04-12,6.742678,6.801378,6.691805,6.801378,321300
2005-04-13,6.773984,6.793551,6.711370,6.711370,271100
2005-04-14,6.637019,6.637019,6.511793,6.523533,400000
2005-04-15,6.437439,6.507878,6.390479,6.390479,466400
2005-04-18,6.370912,6.433525,6.351345,6.398305,285900
2005-04-19,6.476573,6.566580,6.460920,6.562666,209900
2005-04-20,6.550926,6.550926,6.476572,6.488313,669700
2005-04-21,6.593973,6.621367,6.562667,6.617453,508300
2005-04-22,6.593972,6.652672,6.593972,6.625278,234700
2005-04-25,6.633105,6.652671,6.601798,6.652671,92000
2005-04-26,6.625278,6.625278,6.527445,6.527445,341900
2005-04-27,6.550926,6.582233,6.527446,6.574406,329200
2005-04-28,6.593973,6.601800,6.515706,6.531360,144100
2005-04-29,6.574407,6.613540,6.547013,6.590060,154900
2005-05-02,6.609626,6.633106,6.574406,6.574406,185300
2005-05-03,6.515707,6.554840,6.488313,6.511793,218600
2005-05-04,6.468745,6.550925,6.445264,6.527445,338600
2005-05-05,6.547013,6.554839,6.480486,6.503966,259800
2005-05-06,6.527446,6.566580,6.496140,6.523533,167900
2005-05-09,6.496137,6.570491,6.496137,6.554837,130100
2005-05-10,6.500052,6.570492,6.500052,6.539185,99900
2005-05-11,6.543098,6.590059,6.531359,6.550925,121400
2005-05-12,6.554838,6.554838,6.472658,6.480484,312000
2005-05-13,6.453091,6.503965,6.378738,6.398305,125900
2005-05-16,6.351345,6.382652,6.320038,6.339605,406000
2005-05-17,6.339606,6.378739,6.308299,6.370913,156700
2005-05-18,6.421783,6.515703,6.390477,6.476570,385500
2005-05-19,6.519620,6.550927,6.484400,6.531360,93100
2005-05-20,6.449179,6.492226,6.449179,6.468746,143500
2005-05-23,6.578318,6.605711,6.539184,6.605711,333300
2005-05-24,6.640933,6.652673,6.582233,6.617453,135500
2005-05-25,6.574406,6.593973,6.554839,6.574406,83100
2005-05-26,6.574405,6.621366,6.574405,6.609625,121200
2005-05-27,6.593972,6.656585,6.593972,6.644845,143900
2005-05-31,6.590057,6.590057,6.547010,6.554837,231800
2005-06-01,6.550925,6.640932,6.550925,6.609625,169000
2005-06-02,6.652673,6.711372,6.652673,6.703546,304400
2005-06-03,6.750505,6.750505,6.680065,6.715285,110800
2005-06-06,6.719199,6.817032,6.719199,6.801378,142000
2005-06-07,6.813119,6.875732,6.813119,6.840512,305900
2005-06-08,6.852252,6.903125,6.824858,6.844425,114900
2005-06-09,6.867906,6.883560,6.836600,6.848340,92400
2005-06-10,6.875733,6.875733,6.793554,6.832686,80500
2005-06-13,6.844425,6.852252,6.813118,6.844425,214900
2005-06-14,6.871820,6.879647,6.840513,6.848340,100000
2005-06-15,6.926608,6.950088,6.887474,6.930521,183400
2005-06-16,6.965740,7.024440,6.954000,6.997046,405700
2005-06-17,7.122273,7.153580,7.102706,7.130099,286500
2005-06-20,7.118360,7.118360,7.051833,7.102706,289600
2005-06-21,7.098792,7.141839,7.055746,7.141839,156300
2005-06-22,7.102705,7.102705,7.067485,7.098792,172300
2005-06-23,7.040092,7.040092,6.934432,6.965739,317300
2005-06-24,6.973566,6.973566,6.907040,6.910953,93100
2005-06-27,6.926607,6.950087,6.899213,6.914867,136700
2005-06-28,6.985306,7.000959,6.950086,6.989220,110100
2005-06-29,6.918779,6.930518,6.856165,6.895299,231500
2005-06-30,6.934432,6.942259,6.871819,6.918779,133600
2005-07-01,6.895300,6.895300,6.832686,6.848340,88000
2005-07-05,6.809205,6.836598,6.734852,6.801378,231600
2005-07-06,6.770070,6.770070,6.711370,6.711370,203000
2005-07-07,6.617452,6.672238,6.605712,6.672238,223800
2005-07-08,6.687893,6.707459,6.637019,6.703546,164400
2005-07-11,6.742680,6.828773,6.742680,6.793553,154500
2005-07-12,6.863994,6.907040,6.828774,6.899213,139800
2005-07-13,6.852252,6.863992,6.828772,6.840512,144900
2005-07-14,6.907039,6.910952,6.848339,6.887473,101800
2005-07-15,6.813118,6.848338,6.805291,6.844425,86200
2005-07-18,6.863992,6.899211,6.848338,6.867905,116900
2005-07-19,6.828774,6.875733,6.813120,6.852253,140300
2005-07-20,6.934430,6.977477,6.867903,6.942257,110300
2005-07-21,7.055747,7.122274,7.047920,7.102706,171000
2005-07-22,7.130100,7.169233,7.122274,7.134013,156400
2005-07-25,7.134011,7.134011,7.067484,7.067484,182000
2005-07-26,7.055748,7.083141,7.044008,7.055748,158000
2005-07-27,7.047917,7.087051,7.024437,7.059658,150000
2005-07-28,7.067486,7.102706,7.024440,7.083140,67900
2005-07-29,7.130100,7.130100,7.047920,7.047920,115500
2005-08-01,7.083140,7.122273,7.067486,7.083140,161300
2005-08-02,7.102707,7.173147,7.102707,7.134013,425700
2005-08-03,7.165319,7.192712,7.141839,7.169232,253400
2005-08-04,7.184886,7.208366,7.137926,7.137926,132400
2005-08-05,7.180971,7.180971,7.110531,7.149664,113600
2005-08-08,7.231847,7.231847,7.161406,7.177060,661800
2005-08-09,7.200538,7.224018,7.180971,7.224018,224600
2005-08-10,7.259238,7.282718,7.239671,7.259238,212700
2005-08-11,7.380553,7.407947,7.345333,7.407947,230300
2005-08-12,7.415773,7.415773,7.376640,7.407947,270100
2005-08-15,7.372725,7.380552,7.337505,7.372725,405700
2005-08-16,7.384468,7.384468,7.345335,7.349248,188000
2005-08-17,7.306199,7.306199,7.247500,7.278806,158500
2005-08-18,7.141839,7.180973,7.134012,7.161406,253000
2005-08-19,7.141840,7.184887,7.141840,7.177060,209600
2005-08-22,7.235759,7.298373,7.235759,7.278806,173500
2005-08-23,7.274893,7.274893,7.220106,7.255326,98200
2005-08-24,7.220105,7.220105,7.141838,7.145751,157300
2005-08-25,7.188798,7.200538,7.145751,7.192711,273200
2005-08-26,7.239673,7.247499,7.180973,7.200539,77400
2005-08-29,7.126184,7.149664,7.083138,7.149664,190100
2005-08-30,7.098791,7.098791,7.036178,7.071398,187800
2005-08-31,7.126184,7.239671,7.126184,7.235757,328100
2005-09-01,7.357076,7.411863,7.310116,7.384470,743900
2005-09-02,7.376636,7.388376,7.341416,7.376636,126800
2005-09-06,7.411860,7.454906,7.384467,7.454906,221600
2005-09-07,7.458820,7.486213,7.435340,7.454906,314400
2005-09-08,7.466645,7.466645,7.407945,7.423598,250800
2005-09-09,7.462734,7.497954,7.431427,7.497954,264800
2005-09-12,7.466646,7.466646,7.427512,7.435339,310400
2005-09-13,7.462733,7.466646,7.407946,7.415773,168800
2005-09-14,7.540999,7.540999,7.494038,7.521431,113900
2005-09-15,7.517520,7.517520,7.450994,7.490127,120600
2005-09-16,7.568392,7.595785,7.552738,7.595785,166200
2005-09-19,7.544913,7.560565,7.505779,7.556652,358700
2005-09-20,7.634921,7.650574,7.560567,7.580134,614900
2005-09-21,7.599699,7.599699,7.552739,7.556652,206900
2005-09-22,7.556652,7.556652,7.490125,7.513606,218500
2005-09-23,7.478386,7.494039,7.450993,7.474473,104400
2005-09-26,7.591874,7.603614,7.533174,7.584047,285100
2005-09-27,7.603613,7.603613,7.552740,7.587960,184100
2005-09-28,7.623180,7.646660,7.591873,7.623180,450900
2005-09-29,7.705357,7.748403,7.658397,7.736664,338300
2005-09-30,7.674053,7.681879,7.638833,7.674053,239300
2005-10-03,7.705358,7.713184,7.674052,7.681878,452100
2005-10-04,7.693620,7.693620,7.611440,7.611440,257500
2005-10-05,7.494041,7.494041,7.357074,7.368814,493900
2005-10-06,7.286635,7.286635,7.180974,7.231847,652500
2005-10-07,7.231849,7.282723,7.231849,7.267069,230600
2005-10-10,7.314025,7.357072,7.282719,7.317939,305800
2005-10-11,7.122272,7.220105,7.122272,7.196625,1164900
2005-10-12,7.231844,7.278805,7.200538,7.224018,446100
2005-10-13,7.102704,7.161404,7.063571,7.149664,440300
2005-10-14,7.110532,7.200538,7.110532,7.196625,261200
2005-10-17,7.192711,7.192711,7.122271,7.149664,191500
2005-10-18,7.141838,7.188799,7.137925,7.153579,146100
2005-10-19,7.169232,7.169232,7.004872,7.141839,384500
2005-10-20,7.087052,7.122272,7.004871,7.004871,153800
2005-10-21,7.016612,7.083139,6.977479,7.016612,150000
2005-10-24,7.028352,7.141839,7.024439,7.141839,146800
2005-10-25,7.141839,7.173146,7.122273,7.137926,103500
2005-10-26,7.212279,7.278806,7.196626,7.227932,202600
2005-10-27,7.274893,7.274893,7.161406,7.161406,89800
2005-10-28,7.118359,7.169232,7.102706,7.161406,164100
2005-10-31,7.259238,7.259238,7.204452,7.243585,514200
2005-11-01,7.224019,7.235759,7.184886,7.220106,175700
2005-11-02,7.173144,7.239671,7.145751,7.235757,355200
2005-11-03,7.306198,7.317938,7.251412,7.263151,191500
2005-11-04,7.243585,7.243585,7.137925,7.180972,164100
2005-11-07,7.200539,7.227932,7.165319,7.204453,110600
2005-11-08,7.247500,7.255326,7.208366,7.227932,84700
2005-11-09,7.212283,7.267069,7.180976,7.267069,144800
2005-11-10,7.255328,7.259241,7.180974,7.231847,110600
2005-11-11,7.286633,7.329679,7.263152,7.325766,247000
2005-11-14,7.310114,7.317941,7.270981,7.282721,100500
2005-11-15,7.310112,7.380552,7.298372,7.317939,246100
2005-11-16,7.333589,7.388376,7.317936,7.376636,173400
2005-11-17,7.396208,7.454908,7.396208,7.447082,279200
2005-11-18,7.490125,7.513606,7.435339,7.509692,260000
2005-11-21,7.533173,7.533173,7.474473,7.517519,218900
2005-11-22,7.435339,7.490125,7.368812,7.482299,194800
2005-11-23,7.447082,7.474475,7.419688,7.447082,260300
2005-11-25,7.466645,7.513606,7.454905,7.466645,145000
2005-11-28,7.509692,7.552738,7.458818,7.509692,238800
2005-11-29,7.497952,7.505779,7.439252,7.466645,130400
2005-11-30,7.474469,7.474469,7.376636,7.376636,228000
2005-12-01,7.380552,7.529259,7.380552,7.513606,258800
2005-12-02,7.533174,7.580134,7.494040,7.580134,194800
2005-12-05,7.591874,7.591874,7.541001,7.584047,420800
2005-12-06,7.611440,7.634920,7.572307,7.611440,195200
2005-12-07,7.564479,7.607526,7.490126,7.533173,231700
2005-12-08,7.447079,7.509692,7.435339,7.462732,209400
2005-12-09,7.462733,7.541000,7.462733,7.517519,99600
2005-12-12,7.611440,7.615353,7.560566,7.611440,210600
2005-12-13,7.568392,7.611439,7.529259,7.572306,274200
2005-12-14,7.634919,7.666226,7.603612,7.603612,288500
2005-12-15,7.560566,7.560566,7.494039,7.533173,284400
2005-12-16,7.548827,7.548827,7.509694,7.541000,178300
2005-12-19,7.572306,7.572306,7.478386,7.482299,164500
2005-12-20,7.501866,7.552739,7.494039,7.517519,188300
2005-12-21,7.595786,7.627092,7.564479,7.607526,195700
2005-12-22,7.556652,7.576219,7.525345,7.576219,94500
2005-12-23,7.696594,7.696594,7.510158,7.546635,258700
2005-12-27,7.570952,7.579058,7.457469,7.461522,223200
2005-12-28,7.538527,7.611480,7.538527,7.575004,432400
2005-12-29,7.599320,7.647956,7.599320,7.635797,294600
2005-12-30,7.619584,7.623637,7.579055,7.623637,112800
2006-01-03,7.647957,7.818182,7.647957,7.777652,365400
2006-01-04,7.870870,7.927611,7.830340,7.891134,290300
2006-01-05,7.883029,7.911400,7.862764,7.878976,181600
2006-01-06,7.923560,7.972196,7.899242,7.964089,483600
2006-01-09,7.984355,8.024884,7.951931,7.964089,222500
2006-01-10,7.943825,7.943825,7.874925,7.915454,262700
2006-01-11,8.000566,8.020832,7.972196,7.972196,682700
2006-01-12,7.980300,7.980300,7.891134,7.891134,248200
2006-01-13,7.960037,8.000566,7.919507,7.984355,283000
2006-01-17,8.008672,8.008672,7.951930,7.988406,579900
2006-01-18,7.846552,7.862763,7.773598,7.858710,397700
2006-01-19,7.907346,7.968141,7.883029,7.951929,306100
2006-01-20,7.992461,7.992461,7.850608,7.887084,181300
2006-01-23,7.947878,7.964089,7.903295,7.964089,238200
2006-01-24,7.943825,7.976249,7.911401,7.964089,269300
2006-01-25,8.028937,8.097837,8.028937,8.057307,318600
2006-01-26,8.089734,8.178900,8.073522,8.158634,381800
2006-01-27,8.182948,8.211319,8.130259,8.195107,397700
2006-01-30,8.191056,8.191056,8.138368,8.174845,337800
2006-01-31,8.243747,8.268064,8.191058,8.268064,220000
2006-02-01,8.255906,8.264011,8.187005,8.227534,209100
2006-02-02,8.187001,8.187001,8.085677,8.085677,438100
2006-02-03,8.037042,8.045149,7.947877,8.024883,325000
2006-02-06,8.057306,8.057306,8.000565,8.041095,236000
2006-02-07,8.024881,8.024881,7.911398,7.923557,344700
2006-02-08,7.801969,7.883029,7.789810,7.883029,344600
2006-02-09,7.903298,7.984358,7.903298,7.907351,348200
2006-02-10,7.964088,7.964088,7.818181,7.891134,479700
2006-02-13,7.797916,7.854657,7.769545,7.781704,288700
2006-02-14,7.883032,7.968144,7.838449,7.943827,328700
2006-02-15,7.903299,7.931670,7.801975,7.830346,264500
2006-02-16,7.785757,7.858711,7.773599,7.846552,302800
2006-02-17,7.777652,7.834393,7.745228,7.818182,204100
2006-02-21,7.980300,7.984353,7.915452,7.951929,242500
2006-02-22,7.955982,7.992459,7.919506,7.976248,138100
2006-02-23,8.037042,8.037042,7.968142,7.980301,228800
2006-02-24,7.968143,8.024884,7.968143,8.012726,260700
2006-02-27,8.061359,8.065412,8.004618,8.041095,278400
2006-02-28,8.073518,8.073518,8.004617,8.049200,185000
2006-03-01,8.004621,8.008674,7.947879,8.008674,182300
2006-03-02,8.069467,8.085679,8.004619,8.069467,204400
2006-03-03,8.069468,8.073521,7.984356,8.045151,137300
2006-03-06,8.049201,8.081625,7.943824,7.976248,166800
2006-03-07,7.903293,7.903293,7.858711,7.878976,865900
2006-03-08,7.838446,7.878976,7.801969,7.858710,459600
2006-03-09,8.004619,8.004619,7.903295,7.911401,362000
2006-03-10,7.923558,7.927611,7.866817,7.891134,654600
2006-03-13,8.028938,8.028938,7.988408,8.016780,331000
2006-03-14,8.000566,8.061360,7.939772,8.053255,465400
2006-03-15,8.118101,8.118101,8.049200,8.097836,135100
2006-03-16,8.134312,8.134312,8.073518,8.085677,121600
2006-03-17,8.041095,8.041095,7.984354,8.004619,175100
2006-03-20,7.996515,8.004621,7.943827,7.943827,156000
2006-03-21,7.927612,7.964089,7.883030,7.903294,467100
2006-03-22,7.923559,7.980301,7.923559,7.960035,343300
2006-03-23,7.992463,7.992463,7.923563,7.931669,120000
2006-03-24,7.903295,7.931666,7.883031,7.911401,169600
2006-03-27,7.907351,7.968146,7.907351,7.931669,127400
2006-03-28,7.988404,7.992457,7.903292,7.923557,173000
2006-03-29,7.931665,8.024883,7.923559,8.024883,100400
2006-03-30,8.037041,8.130260,8.037041,8.130260,541900
2006-03-31,8.097835,8.134312,8.057305,8.114047,703100
2006-04-03,8.162684,8.284274,8.162684,8.247797,410800
2006-04-04,8.187006,8.288330,8.187006,8.255906,336600
2006-04-05,8.361281,8.442340,8.312645,8.397758,301800
2006-04-06,8.503131,8.515290,8.450443,8.503131,193200
2006-04-07,8.474762,8.503132,8.377490,8.426126,450100
2006-04-10,8.430181,8.438288,8.365334,8.405864,260100
2006-04-11,8.503131,8.511237,8.409913,8.434231,256500
2006-04-12,8.430183,8.446395,8.385600,8.446395,140300
2006-04-13,8.381548,8.389654,8.320753,8.373442,172200
2006-04-17,8.462603,8.507186,8.413968,8.495027,158300
2006-04-18,8.592301,8.746314,8.592301,8.742261,347700
2006-04-19,8.746312,8.831425,8.709835,8.831425,264400
2006-04-20,8.746311,8.746311,8.572033,8.612563,625000
2006-04-21,8.673360,8.746314,8.636884,8.730103,591000
2006-04-24,8.713886,8.730099,8.636880,8.713886,124000
2006-04-25,8.762526,8.778738,8.673360,8.717943,197700
2006-04-26,8.896271,8.916535,8.855741,8.892218,384800
2006-04-27,8.815214,8.896274,8.738208,8.843585,384800
2006-04-28,8.839529,8.896271,8.803052,8.892218,385100
2006-05-01,9.038126,9.054338,8.944907,8.977331,619700
2006-05-02,8.944908,8.989491,8.912485,8.969226,2824400
2006-05-03,9.030022,9.038128,8.940856,8.981386,1483200
2006-05-04,8.908432,9.005703,8.876008,8.961121,1191000
2006-05-05,9.094867,9.123238,9.017861,9.078655,915100
2006-05-08,9.143506,9.179983,9.070552,9.107029,722900
2006-05-09,9.139451,9.252934,9.135399,9.240775,699800
2006-05-10,9.159716,9.236723,9.143504,9.204298,483400
2006-05-11,9.196192,9.248880,9.139450,9.200245,633300
2006-05-12,9.147557,9.171875,8.940855,8.973279,744600
2006-05-15,8.803056,8.859799,8.592302,8.766580,773500
2006-05-16,8.807107,8.888166,8.794948,8.884113,757900
2006-05-17,8.855743,8.867902,8.470711,8.604459,744900
2006-05-18,8.604459,8.709836,8.600406,8.624724,560200
2006-05-19,8.559877,8.572036,8.430182,8.572036,676300
2006-05-22,8.320750,8.430179,8.255902,8.369385,1249900
2006-05-23,8.373442,8.584196,8.373442,8.482872,434700
2006-05-24,8.361279,8.450445,8.280220,8.381544,2698100
2006-05-25,8.458551,8.490974,8.361279,8.490974,281100
2006-05-26,8.543663,8.563928,8.430180,8.547716,438900
2006-05-30,8.636883,8.636883,8.458553,8.507188,435100
2006-05-31,8.389650,8.503132,8.377490,8.430179,470000
2006-06-01,8.284272,8.454497,8.284272,8.393702,719400
2006-06-02,8.515292,8.515292,8.413968,8.490974,360100
2006-06-05,8.515294,8.559877,8.349122,8.397758,502400
2006-06-06,8.357226,8.361278,8.150524,8.251848,1384900
2006-06-07,8.211319,8.316696,8.187001,8.187001,1020800
2006-06-08,8.045147,8.109995,7.943823,8.073518,1419900
2006-06-09,8.207268,8.264010,8.150527,8.174845,604700
2006-06-12,8.207267,8.247797,8.073519,8.118102,418200
2006-06-13,7.838449,8.008673,7.737124,7.773601,846400
2006-06-14,7.822236,7.984355,7.806024,7.939772,871600
2006-06-15,7.964092,8.158634,7.923562,8.158634,415900
2006-06-16,8.126206,8.126206,8.028935,8.085677,346900
2006-06-19,8.008673,8.065414,7.935719,7.984355,179500
2006-06-20,7.980301,8.037042,7.903294,7.980301,169000
2006-06-21,7.964087,8.138365,7.964087,8.134312,143900
2006-06-22,8.146473,8.150526,8.045148,8.118102,178700
2006-06-23,8.089729,8.150524,8.045147,8.114047,172800
2006-06-26,8.057306,8.138366,8.037041,8.130260,118800
2006-06-27,8.166736,8.187001,8.045147,8.085677,304300
2006-06-28,8.004620,8.061361,7.964090,8.061361,640900
2006-06-29,8.182952,8.422077,8.146475,8.389653,236900
2006-06-30,8.458553,8.470711,8.361281,8.409917,353600
2006-07-03,8.454500,8.466659,8.409917,8.466659,150200
2006-07-05,8.495027,8.511239,8.288326,8.361279,414200
2006-07-06,8.450446,8.531505,8.430181,8.458552,202100
2006-07-07,8.559877,8.632829,8.531505,8.584194,245800
2006-07-10,8.559878,8.608514,8.511242,8.576090,371700
2006-07-11,8.551770,8.588247,8.482870,8.584194,144100
2006-07-12,8.576089,8.596354,8.454500,8.466659,119000
2006-07-13,8.458550,8.495026,8.377490,8.393702,183000
2006-07-14,8.259957,8.296434,8.158633,8.223481,193900
2006-07-17,8.199160,8.247796,8.178895,8.207266,176100
2006-07-18,8.207268,8.235639,8.081627,8.170792,139400
2006-07-19,8.073519,8.316697,8.069466,8.308591,146200
2006-07-20,8.381547,8.418024,8.259958,8.280223,281900
2006-07-21,8.259956,8.328857,8.199162,8.235639,428700
2006-07-24,8.268063,8.430181,8.259957,8.409917,310200
2006-07-25,8.328857,8.551771,8.288328,8.397758,326500
2006-07-26,8.365335,8.397758,8.292381,8.357229,241400
2006-07-27,8.523402,8.547719,8.450448,8.470713,253300
2006-07-28,8.462603,8.567981,8.430180,8.563928,381000
2006-07-31,8.503133,8.511239,8.466656,8.495027,140400
2006-08-01,8.446391,8.466656,8.381544,8.462603,364800
2006-08-02,8.389650,8.470709,8.389650,8.442338,531700
2006-08-03,8.418020,8.470709,8.381544,8.426126,385700
2006-08-04,8.462601,8.499078,8.345066,8.434231,146100
2006-08-07,8.422076,8.422076,8.357228,8.397758,150900
2006-08-08,8.490977,8.543665,8.446394,8.466659,280100
2006-08-09,8.446394,8.555824,8.389652,8.422076,440800
2006-08-10,8.442340,8.454499,8.389652,8.450446,379200
2006-08-11,8.409918,8.454501,8.365335,8.389653,367700
2006-08-14,8.442341,8.495029,8.405864,8.409917,337200
2006-08-15,8.470711,8.547718,8.450447,8.531506,476100
2006-08-16,8.592300,8.608512,8.511240,8.555823,205200
2006-08-17,8.636882,8.649042,8.547717,8.580141,315300
2006-08-18,8.576090,8.584196,8.515295,8.576090,209200
2006-08-21,8.628778,8.669307,8.628778,8.669307,172500
2006-08-22,8.653095,8.657148,8.592301,8.616618,268600
2006-08-23,8.693625,8.709836,8.563929,8.580141,808800
2006-08-24,8.563929,8.588247,8.438287,8.458552,273100
2006-08-25,8.470709,8.531504,8.438285,8.490974,257100
2006-08-28,8.535557,8.572034,8.511239,8.547716,230400
2006-08-29,8.644987,8.673358,8.580140,8.673358,315600
2006-08-30,8.701729,8.709835,8.640934,8.673358,141000
2006-08-31,8.758473,8.758473,8.693626,8.730103,942400
2006-09-01,8.726048,8.799001,8.693624,8.774683,456500
2006-09-05,8.924643,8.928697,8.835478,8.920590,479300
2006-09-06,8.782791,8.803055,8.713890,8.738208,438600
2006-09-07,8.677412,8.713889,8.604458,8.649041,257400
2006-09-08,8.644990,8.644990,8.596354,8.636884,222400
2006-09-11,8.462605,8.543665,8.207268,8.422076,607000
2006-09-12,8.393706,8.454501,8.385600,8.446395,283100
2006-09-13,8.458552,8.519346,8.450446,8.515293,254000
2006-09-14,8.572035,8.592301,8.519347,8.531506,307200
2006-09-15,8.547718,8.547718,8.470711,8.519347,499500
2006-09-18,8.527453,8.632830,8.527453,8.624724,352300
2006-09-19,8.600408,8.612567,8.409918,8.482872,323600
2006-09-20,8.450444,8.499080,8.446391,8.474762,448900
2006-09-21,8.486921,8.503132,8.422073,8.442338,445900
2006-09-22,8.438288,8.438288,8.316699,8.341017,873900
2006-09-25,8.349124,8.454501,8.308594,8.446395,438200
2006-09-26,8.401809,8.462604,8.389651,8.454498,923200
2006-09-27,8.490977,8.592301,8.482871,8.572036,555100
2006-09-28,8.559877,8.580141,8.531505,8.580141,461600
2006-09-29,8.572036,8.620672,8.572036,8.592301,349200
2006-10-02,8.628776,8.709835,8.628776,8.665252,377500
2006-10-03,8.632827,8.657146,8.555821,8.567980,558300
2006-10-04,8.547716,8.685517,8.523398,8.665252,752400
2006-10-05,8.730099,8.770628,8.705781,8.770628,261900
2006-10-06,8.697673,8.697673,8.653091,8.689568,296900
2006-10-09,8.665253,8.730101,8.665253,8.709836,163300
2006-10-10,8.746314,8.762526,8.713890,8.742261,564700
2006-10-11,8.754419,8.799002,8.721996,8.762526,327300
2006-10-12,8.831427,8.916539,8.831427,8.912486,295500
2006-10-13,8.900325,8.944908,8.867901,8.916537,292900
2006-10-16,9.013810,9.066499,8.936803,9.013810,516300
2006-10-17,8.936801,8.957067,8.831425,8.871954,648300
2006-10-18,8.997598,8.997598,8.944909,8.957068,350000
2006-10-19,8.961121,9.030021,8.961121,9.001650,212500
2006-10-20,9.094866,9.119184,9.025965,9.119184,517900
2006-10-23,9.119186,9.119186,9.017862,9.086762,371200
2006-10-24,9.025966,9.098920,8.997596,9.098920,263000
2006-10-25,9.038124,9.155660,9.038124,9.131343,392400
2006-10-26,9.159714,9.321833,9.147555,9.321833,362500
2006-10-27,9.216456,9.269145,9.175927,9.200245,459700
2006-10-30,9.200246,9.423160,9.200246,9.423160,525900
2006-10-31,9.163772,9.333997,9.163772,9.329944,170900
2006-11-01,9.394790,9.483955,9.333996,9.483955,2846300
2006-11-02,9.317784,9.402897,9.317784,9.374525,547500
2006-11-03,9.565014,9.565014,9.321835,9.423160,469700
2006-11-06,9.423159,9.540696,9.390736,9.524484,883500
2006-11-07,9.297516,9.605542,9.297516,9.605542,775000
2006-11-08,9.362363,9.488005,9.342098,9.447475,463300
2006-11-09,9.751448,9.751448,9.350204,9.431264,334600
2006-11-10,9.378574,9.398839,9.338045,9.394786,328900
2006-11-13,9.329940,9.329940,9.281304,9.305621,466200
2006-11-14,9.398838,9.439368,9.342096,9.410996,329100
2006-11-15,9.354257,9.386681,9.301569,9.346151,328800
2006-11-16,9.398842,9.398842,9.281305,9.281305,324400
2006-11-17,9.285357,9.374522,9.281304,9.354258,324400
2006-11-20,9.317781,9.317781,9.139450,9.200245,1681300
2006-11-21,9.309677,9.342101,9.248883,9.338049,734700
2006-11-22,9.402893,9.488005,9.402893,9.488005,438500
2006-11-24,9.455580,9.552852,9.455580,9.540693,187700
2006-11-27,9.504217,9.516376,9.410999,9.427211,555300
2006-11-28,9.370470,9.605542,9.329940,9.605542,368300
2006-11-29,9.629859,9.662283,9.605541,9.654177,512800
2006-11-30,9.714973,9.747396,9.654178,9.735238,370500
2006-12-01,9.682550,9.682550,9.548802,9.585279,2972700
2006-12-04,9.783872,9.783872,9.597436,9.723078,489100
2006-12-05,9.577173,9.674445,9.577173,9.674445,699000
2006-12-06,9.666336,9.727130,9.597435,9.727130,598000
2006-12-07,9.670388,9.739289,9.605541,9.662282,383800
2006-12-08,9.625805,9.674441,9.483951,9.540693,360100
2006-12-11,9.569065,9.690654,9.569065,9.654177,888200
2006-12-12,9.629859,9.678494,9.601489,9.666336,331300
2006-12-13,9.710917,9.743341,9.686599,9.739288,341200
2006-12-14,9.852778,9.897361,9.800089,9.889255,549300
2006-12-15,9.824406,9.877095,9.779823,9.816299,249900
2006-12-18,9.828455,9.828455,9.751448,9.787925,827800
2006-12-19,9.723078,9.804138,9.723078,9.791979,340900
2006-12-20,9.889645,9.906630,9.834443,9.881152,355800
2006-12-21,9.842934,9.868412,9.791978,9.825949,359300
2006-12-22,9.881151,9.881151,9.825948,9.859919,305700
2006-12-26,9.902384,9.932108,9.872660,9.885399,255400
2006-12-27,9.927862,10.046759,9.927862,10.046759,533400
2006-12-28,10.186885,10.186885,10.017033,10.080728,260800
2006-12-29,10.360984,10.360984,9.978817,9.978817,330500
2007-01-03,10.097710,10.157158,9.961828,9.995799,878800
2007-01-04,9.855672,9.889643,9.647603,9.808963,781900
2007-01-05,9.758011,9.766504,9.605144,9.647607,515600
2007-01-08,9.630620,9.724039,9.554187,9.702807,428600
2007-01-09,9.813210,9.813210,9.698560,9.758008,519600
2007-01-10,9.600895,9.707053,9.575417,9.690067,379700
2007-01-11,9.758008,9.872658,9.732530,9.779240,731700
2007-01-12,9.889647,9.944849,9.851431,9.944849,1191400
2007-01-16,9.978818,9.978818,9.851429,9.927862,1093800
2007-01-17,9.906630,9.974570,9.889645,9.919369,839100
2007-01-18,9.995803,10.046758,9.953339,9.978817,688100
2007-01-19,10.000044,10.127433,10.000044,10.110448,1023600
2007-01-22,10.178394,10.178394,10.067990,10.089222,356000
2007-01-23,10.233597,10.301538,10.203873,10.301538,814400
2007-01-24,10.118944,10.216609,10.118944,10.216609,926900
2007-01-25,10.106203,10.216607,9.953336,9.987307,986000
2007-01-26,10.029775,10.029775,9.932109,9.991558,656800
2007-01-29,10.004291,10.029769,9.974567,9.995799,1435300
2007-01-30,10.229349,10.229349,10.067989,10.169901,565100
2007-01-31,10.021281,10.169902,10.012788,10.157163,651800
2007-02-01,10.411937,10.411937,10.127435,10.131681,647300
2007-02-02,10.165652,10.186883,10.076479,10.131681,1460400
2007-02-05,10.169900,10.191132,10.127437,10.178392,678800
2007-02-06,10.237842,10.314276,10.220857,10.288797,705400
2007-02-07,10.339753,10.373724,10.318521,10.356738,761300
2007-02-08,10.390709,10.428926,10.348246,10.416187,958100
2007-02-09,10.424678,10.433170,10.301535,10.352490,710200
2007-02-12,10.411941,10.411941,10.233596,10.288797,409300
2007-02-13,10.386463,10.496867,10.208119,10.484129,841400
2007-02-14,10.492621,10.594533,10.475636,10.594533,1158400
2007-02-15,10.603023,10.607270,10.552068,10.586039,305300
2007-02-16,10.594529,10.628500,10.505356,10.611514,2324900
2007-02-20,10.649734,10.811093,10.573300,10.670965,913400
2007-02-21,10.636995,10.679458,10.586039,10.666719,521800
2007-02-22,10.785614,10.806846,10.721919,10.738905,559600
2007-02-23,10.828079,10.972453,10.789862,10.917251,616000
2007-02-26,11.104089,11.104089,10.840818,10.934237,937900
2007-02-27,10.704935,10.738906,10.276059,10.386462,2333000
2007-02-28,10.403447,10.645486,10.195378,10.445910,766900
2007-03-01,10.178394,10.403448,9.978818,10.403448,1015600
2007-03-02,10.237842,10.369477,10.046758,10.369477,593300
2007-03-05,9.898134,9.983060,9.660341,9.766499,1872700
2007-03-06,10.178395,10.373726,10.059499,10.373726,997600
2007-03-07,10.271810,10.373721,10.199623,10.263317,701700
2007-03-08,10.343997,10.369475,10.280302,10.305780,566300
2007-03-09,10.394954,10.501111,10.297289,10.297289,557000
2007-03-12,9.554184,10.594529,9.490490,10.547819,519400
2007-03-13,10.488372,10.581791,10.242087,10.259071,1178900
2007-03-14,10.165653,10.433170,10.131683,10.433170,948600
2007-03-15,10.560561,10.615763,10.458649,10.615763,536400
2007-03-16,10.603021,10.607267,10.505356,10.547819,361900
2007-03-19,10.709181,10.734660,10.641241,10.704935,734300
2007-03-20,10.700683,10.845057,10.662466,10.845057,549200
2007-03-21,10.845064,11.027655,10.700690,10.942729,1490700
2007-03-22,11.256954,11.256954,10.917249,10.985190,800500
2007-03-23,10.976700,10.989438,10.917251,10.934237,426200
2007-03-26,11.231476,11.231476,10.955466,11.197506,747600
2007-03-27,11.129564,11.129564,10.946974,10.959712,715100
2007-03-28,10.942728,10.942728,10.751644,10.819585,692900
2007-03-29,11.019160,11.019160,10.857800,10.921494,604800
2007-03-30,11.036145,11.048884,10.980943,11.019160,692600
2007-04-02,10.985192,11.159290,10.976699,11.044640,382000
2007-04-03,11.201754,11.375853,11.146552,11.244217,575400
2007-04-04,11.303665,11.358866,11.231477,11.337635,1056100
2007-04-05,11.388594,11.401333,11.210249,11.392840,1476600
2007-04-09,11.728295,11.728295,11.346127,11.388590,1769700
2007-04-10,11.562689,11.677339,11.498994,11.613645,1792400
2007-04-11,11.613642,11.613642,11.494746,11.511731,2009300
2007-04-12,11.600906,11.698571,11.524472,11.690079,2433900
2007-04-13,11.698567,11.711306,11.622134,11.702813,1786600
2007-04-16,11.804723,11.825955,11.732536,11.791985,1624100
2007-04-17,11.868425,11.872671,11.791992,11.825962,1167100
2007-04-18,11.825959,11.851436,11.762264,11.830205,1621400
2007-04-19,11.715555,11.741032,11.605151,11.711308,874700
2007-04-20,11.825958,11.902391,11.766509,11.766509,942000
2007-04-23,11.741033,12.000058,11.316402,11.728294,1498000
2007-04-24,11.583920,11.660353,11.515979,11.549950,1964800
2007-04-25,11.677337,11.791987,11.660351,11.766509,1150600
2007-04-26,11.660352,11.702815,11.596657,11.656106,739500
2007-04-27,11.643369,11.677340,11.588168,11.622138,698300
2007-04-30,11.647616,11.673094,11.503242,11.503242,901400
2007-05-01,11.562688,11.613644,11.503240,11.520225,729800
2007-05-02,11.660354,11.745280,11.634876,11.745280,1168700
2007-05-03,11.685831,11.715555,11.643368,11.711308,828200
2007-05-04,11.736786,11.830205,11.698569,11.830205,649600
2007-05-07,11.974583,11.995814,11.800484,11.825962,522100
2007-05-08,11.825964,11.825964,11.707067,11.796240,1178600
2007-05-09,11.906639,11.995811,11.855682,11.995811,2017400
2007-05-10,11.978825,11.978825,11.775003,11.804727,1661700
2007-05-11,11.881160,12.008550,11.825959,11.983071,835000
2007-05-14,12.008551,12.017043,11.859930,11.932117,2120000
2007-05-15,11.885408,12.017043,11.847191,11.915132,1069100
2007-05-16,11.842943,11.864175,11.741032,11.804727,2149400
2007-05-17,11.842944,11.889654,11.800482,11.885407,1954900
2007-05-18,11.881162,11.961842,11.821714,11.927872,1310400
2007-05-21,11.842945,11.936365,11.825961,11.889655,1913800
2007-05-22,11.889651,11.889651,11.775001,11.800479,857200
2007-05-23,11.906641,11.983074,11.851439,11.868424,544600
2007-05-24,11.758018,11.779250,11.507486,11.507486,1694500
2007-05-25,11.617892,11.741035,11.600906,11.741035,805800
2007-05-29,11.749527,11.758019,11.630630,11.715556,1731800
2007-05-30,11.571180,11.745279,11.558441,11.711308,569700
2007-05-31,11.842944,11.906640,11.813220,11.847191,519400
2007-06-01,11.932119,11.991567,11.889656,11.970336,843700
2007-06-04,12.038277,12.110464,12.004307,12.084986,678800
2007-06-05,12.089231,12.135941,12.004306,12.101971,813000
2007-06-06,11.991565,12.021289,11.885408,11.932117,813300
2007-06-07,11.974580,12.034028,11.800481,11.851437,1282100
2007-06-08,11.813220,11.983072,11.770757,11.966087,599200
2007-06-11,11.944859,12.038279,11.889658,12.038279,694900
2007-06-12,11.817468,11.902394,11.749527,11.749527,875400
2007-06-13,11.779249,11.923623,11.775002,11.898146,766100
2007-06-14,11.898147,11.953349,11.889654,11.932117,518600
2007-06-15,12.055261,12.101971,12.017044,12.101971,771900
2007-06-18,12.182647,12.182647,12.089228,12.157168,593600
2007-06-19,12.203879,12.344007,12.203879,12.310037,577300
2007-06-20,12.348255,12.386472,12.216620,12.293054,643400
2007-06-21,12.259081,12.348253,12.208125,12.322776,995300
2007-06-22,12.314285,12.314285,12.144433,12.250590,950300
2007-06-25,12.293053,12.335515,12.186895,12.335515,647900
2007-06-26,12.203879,12.246342,12.110460,12.123199,973300
2007-06-27,11.859931,11.932118,11.817468,11.889655,1280800
2007-06-28,12.059506,12.140186,12.059506,12.097723,661700
2007-06-29,12.161415,12.165661,12.012795,12.089228,1430700
2007-07-02,12.178404,12.365242,12.178404,12.365242,866400
2007-07-03,12.301544,12.322776,12.271820,12.322776,717400
2007-07-05,12.462907,12.471400,12.360996,12.462907,688100
2007-07-06,12.518109,12.653990,12.437429,12.505370,1612800
2007-07-09,12.590297,12.615775,12.547834,12.607283,1107400
2007-07-10,12.441672,12.471397,12.382224,12.450165,1240300
2007-07-11,12.445921,12.488384,12.377980,12.462907,903700
2007-07-12,12.488382,12.700697,12.488382,12.675220,983400
2007-07-13,12.620018,12.709190,12.603033,12.709190,553500
2007-07-16,12.696449,12.726173,12.645494,12.726173,563800
2007-07-17,12.687958,12.743160,12.653987,12.683712,758900
2007-07-18,12.641250,12.687959,12.590294,12.670974,1386600
2007-07-19,12.815348,12.836579,12.789871,12.823841,798800
2007-07-20,12.840827,12.879043,12.662482,12.794117,835100
2007-07-23,12.870549,12.908765,12.840825,12.887534,556700
2007-07-24,12.840823,12.866301,12.675218,12.734666,1147700
2007-07-25,12.777131,12.811102,12.645496,12.781378,1242000
2007-07-26,12.301544,12.377978,11.936363,12.093475,6576300
2007-07-27,11.813215,12.093471,11.677334,11.677334,8716200
2007-07-30,11.830202,11.987315,11.736783,11.944852,1163100
2007-07-31,12.101967,12.114706,11.804725,11.906637,2464400
2007-08-01,11.630626,11.719799,11.431050,11.694322,2195400
2007-08-02,11.711308,11.995811,11.707062,11.804727,1169500
2007-08-03,11.681584,11.728293,11.380095,11.380095,1334000
2007-08-06,11.562689,11.736787,11.443792,11.668846,1087700
2007-08-07,11.626382,11.770757,11.524471,11.770757,559600
2007-08-08,12.021289,12.135940,11.957595,12.097723,1319000
2007-08-09,11.719800,11.915130,11.588165,11.588165,1689100
2007-08-10,11.316403,11.613645,11.239969,11.613645,3050100
2007-08-13,11.766509,11.791987,11.613643,11.639120,2293800
2007-08-14,11.532964,11.532964,11.146550,11.197506,740900
2007-08-15,10.946975,11.070118,10.687950,10.704935,3136700
2007-08-16,10.051004,10.314275,9.821703,10.250580,5535900
2007-08-17,10.586039,10.798354,10.369477,10.586039,3244000
2007-08-20,10.904511,11.252708,10.713427,10.976698,2555200
2007-08-21,10.866296,10.976700,10.785616,10.934237,1931800
2007-08-22,11.201753,11.316403,11.146551,11.295172,1275600
2007-08-23,11.698569,11.698569,11.465023,11.643368,2361200
2007-08-24,11.605154,11.876917,11.549952,11.825962,3189100
2007-08-27,11.847192,11.847192,11.741035,11.741035,452800
2007-08-28,11.626387,11.677343,11.299422,11.392840,978600
2007-08-29,11.498998,11.817471,11.498998,11.796240,1788700
2007-08-30,11.482010,11.724050,11.465025,11.515981,770700
2007-08-31,11.932115,11.932115,11.741031,11.864174,815200
2007-09-04,11.932115,12.148676,11.932115,12.089228,1690000
2007-09-05,11.808974,11.825960,11.694324,11.719802,1138800
2007-09-06,11.991565,12.118954,11.690078,12.034028,699300
2007-09-07,11.868421,11.927869,11.724047,11.808972,882900
2007-09-10,11.855684,11.906640,11.656108,11.821713,877000
2007-09-11,11.995812,12.259083,11.974580,12.259083,1591600
2007-09-12,12.076490,12.246342,11.987317,12.123199,1598100
2007-09-13,12.157171,12.314285,12.127447,12.267575,2052500
2007-09-14,12.152923,12.314283,12.118953,12.288805,1049200
2007-09-17,12.106216,12.250591,12.008552,12.063753,931400
2007-09-18,12.123200,12.573309,12.017042,12.458658,1213200
2007-09-19,12.704942,12.755898,12.628508,12.734666,1065800
2007-09-20,12.811100,12.840824,12.730420,12.747406,661800
2007-09-21,12.874796,12.908767,12.819595,12.823841,727600
2007-09-24,13.014923,13.023416,12.866303,12.963968,810700
2007-09-25,12.942736,13.172037,12.921505,13.146559,1812700
2007-09-26,13.222990,13.303670,13.163542,13.290931,4942500
2007-09-27,13.367367,13.397091,13.282441,13.397091,3716300
2007-09-28,13.490509,13.571188,13.418321,13.499002,1049900
2007-10-01,13.588177,13.842954,13.571191,13.838709,4222600
2007-10-02,13.736795,13.741042,13.592420,13.698578,6580800
2007-10-03,13.707071,13.775012,13.571189,13.643377,2014600
2007-10-04,13.609404,13.702823,13.562695,13.626390,2504300
2007-10-05,13.830215,13.944865,13.791998,13.859939,2267700
2007-10-08,13.830212,13.834460,13.647621,13.673100,1397600
2007-10-09,13.834458,14.118960,13.834458,14.038280,1839200
2007-10-10,14.012805,14.063760,13.906647,14.021297,1837400
2007-10-11,14.310043,14.428939,14.025540,14.118959,2683300
2007-10-12,14.157185,14.263342,14.127461,14.216633,1395500
2007-10-15,14.212382,14.220875,13.915140,14.012805,1717600
2007-10-16,13.766522,13.796248,13.600916,13.728307,2047200
2007-10-17,13.970343,13.978834,13.592420,13.766519,1912400
2007-10-18,13.970344,14.080748,13.906649,14.055269,1390900
2007-10-19,13.995819,13.995819,13.515987,13.515987,1739400
2007-10-22,13.282441,13.571189,13.235731,13.554204,2119000
2007-10-23,13.889662,13.974588,13.707071,13.915140,1407800
2007-10-24,13.902403,13.953359,13.583930,13.953359,2149200
2007-10-25,13.966092,14.004309,13.808979,13.991570,1033900
2007-10-26,14.229368,14.416206,14.229368,14.403466,840700
2007-10-29,14.535103,14.581812,14.479900,14.573319,1778000
2007-10-30,14.428945,14.471409,14.369497,14.369497,1789700
2007-10-31,14.539348,14.789880,14.441681,14.738923,1997700
2007-11-01,14.467158,14.475651,14.114716,14.174164,5096300
2007-11-02,14.284569,14.344017,14.034037,14.327033,3042000
2007-11-05,13.940619,14.110470,13.910893,14.012805,1756500
2007-11-06,14.203895,14.305806,14.123214,14.297313,2044000
2007-11-07,14.335524,14.424697,14.042529,14.059515,3282600
2007-11-08,14.212387,14.331283,13.838712,14.182663,5980600
2007-11-09,13.787750,14.666735,13.617897,13.677345,3182900
2007-11-12,13.231485,13.554204,12.853564,13.061633,3281600
2007-11-13,13.503254,13.702830,13.431066,13.690092,2762900
2007-11-14,13.923637,13.936375,13.588178,13.694336,2332800
2007-11-15,13.418323,13.520234,13.244225,13.273949,2109800
2007-11-16,13.494759,13.520237,13.273951,13.435310,3121900
2007-11-19,13.350385,13.460789,13.031912,13.095607,2208800
2007-11-20,13.193266,13.367364,13.074370,13.333394,2200300
2007-11-21,12.862059,12.972462,12.721930,12.819595,3398800
2007-11-23,12.849320,13.027664,12.802610,12.976708,972200
2007-11-26,13.172038,13.244225,12.772885,12.781378,3149900
2007-11-27,12.857809,13.057385,12.798361,13.014922,5144600
2007-11-28,13.138069,13.443803,13.091359,13.439556,5480400
2007-11-29,13.159298,13.363121,13.104097,13.316412,2177800
2007-11-30,13.592423,13.626394,13.316414,13.435310,1816600
2007-12-03,13.409834,13.511745,13.320662,13.380110,1788200
2007-12-04,13.189021,13.261208,13.142312,13.201760,1140800
2007-12-05,13.307921,13.443802,13.286689,13.367369,3284500
2007-12-06,13.358875,13.634886,13.350383,13.622148,2225900
2007-12-07,13.630637,13.639130,13.486263,13.486263,1648300
2007-12-10,13.558456,13.745293,13.520239,13.745293,1223900
2007-12-11,13.808983,13.906648,13.244225,13.384353,1587800
2007-12-12,13.825968,13.855692,13.448047,13.545712,2400000
2007-12-13,13.341886,13.448044,13.231482,13.448044,3030400
2007-12-14,13.036160,13.074377,12.853569,12.874800,2734000
2007-12-17,12.445921,12.526601,12.331271,12.399212,3059600
2007-12-18,12.526599,12.590293,12.233604,12.458658,4342800
2007-12-19,12.394965,12.445921,12.297300,12.399212,1996800
2007-12-20,12.384556,12.437842,12.255782,12.411200,3205500
2007-12-21,12.668752,12.793086,12.650990,12.753121,1755200
2007-12-24,12.850811,12.975145,12.726477,12.877454,612500
2007-12-26,12.841930,12.912978,12.775323,12.890776,771400
2007-12-27,12.904094,12.926297,12.744236,12.806403,1564300
2007-12-28,12.868571,12.966262,12.801964,12.930738,922900
2007-12-31,12.824162,12.966259,12.775318,12.797520,629000
2008-01-02,12.886337,12.957385,12.699836,12.779765,2417300
2008-01-03,12.926297,12.944059,12.806404,12.841928,2167300
2008-01-04,12.673186,12.708710,12.446720,12.473363,3007000
2008-01-07,12.495567,12.539972,12.335710,12.442282,4147000
2008-01-08,12.526652,12.650986,12.322389,12.331270,2468700
2008-01-09,12.353472,12.500009,12.255781,12.486688,3001600
2008-01-10,12.313506,12.717592,12.313506,12.673187,2311100
2008-01-11,12.380119,12.420084,12.242464,12.286869,1957600
2008-01-14,12.517769,12.575496,12.393435,12.495566,1871300
2008-01-15,12.340151,12.366794,11.971589,11.989351,2720200
2008-01-16,11.833939,11.962714,11.660760,11.829498,2891500
2008-01-17,11.900545,11.958272,11.381007,11.416531,3137500
2008-01-18,11.776209,11.896102,11.456492,11.585267,3942900
2008-01-22,10.479581,11.127894,10.213151,11.039084,4109400
2008-01-23,10.484021,11.341037,10.364127,11.056845,6285000
2008-01-24,11.385442,11.523098,11.265549,11.523098,3169500
2008-01-25,12.087045,12.135890,11.820615,11.896104,2631100
2008-01-28,11.767326,12.100364,11.638551,12.100364,2304900
2008-01-29,11.865020,11.940509,11.780651,11.927188,1338900
2008-01-30,11.558621,11.944944,11.549740,11.634109,2393100
2008-01-31,11.505336,12.020434,11.496455,11.936065,2390100
2008-02-01,12.371233,12.624341,12.371233,12.624341,2601800
2008-02-04,12.397878,12.397878,12.153650,12.331270,6850100
2008-02-05,11.878342,11.944949,11.736246,11.749567,6091800
2008-02-06,11.785087,11.878337,11.656312,11.665194,2664500
2008-02-07,11.505336,11.785088,11.478693,11.656313,3447300
2008-02-08,11.523099,11.709600,11.523099,11.647432,2812700
2008-02-11,11.638550,11.745123,11.554181,11.714039,2861700
2008-02-12,11.940506,12.055959,11.811732,11.873899,1601100
2008-02-13,11.567502,11.682955,11.469812,11.660753,2086600
2008-02-14,11.909424,11.909424,11.678517,11.691839,2446400
2008-02-15,11.816176,11.878342,11.705163,11.869461,2850000
2008-02-19,12.073721,12.109245,11.891661,11.918303,2395100
2008-02-20,11.509779,11.811733,11.496457,11.776209,2518400
2008-02-21,11.936065,12.002673,11.709600,11.745124,1992700
2008-02-22,11.900546,11.958273,11.709605,11.913868,1448400
2008-02-25,12.087044,12.317950,11.980472,12.291307,2236700
2008-02-26,12.215817,12.451164,12.198055,12.411200,2119600
2008-02-27,12.473368,12.584381,12.380117,12.531095,2988700
2008-02-28,12.362355,12.464486,12.304628,12.349033,2012900
2008-02-29,12.073720,12.078161,11.776206,11.785088,1252100
2008-03-03,11.749563,11.913862,11.718479,11.909421,1768100
2008-03-04,11.598586,11.682955,11.398763,11.580824,1872300
2008-03-05,11.651876,11.842818,11.634114,11.811734,1570500
2008-03-06,11.802847,11.802847,11.460928,11.460928,1866400
2008-03-07,11.190062,11.349919,11.016882,11.198942,2245200
2008-03-10,11.181183,11.221148,10.928075,10.981360,2268800
2008-03-11,11.398767,11.469815,11.234468,11.438731,2618000
2008-03-12,11.407649,11.505339,11.345481,11.385446,1753500
2008-03-13,11.216704,11.536420,11.176739,11.487575,3180000
2008-03-14,11.634113,11.634113,11.158979,11.225587,2806000
2008-03-17,10.848144,11.127896,10.808180,10.972478,3269200
2008-03-18,11.167857,11.398764,11.096810,11.261108,2147500
2008-03-19,11.576386,11.629672,11.061288,11.061288,3568100
2008-03-20,10.945835,11.163419,10.808180,11.030205,3837800
2008-03-24,11.123454,11.478695,11.092371,11.332158,2261600
2008-03-25,11.456492,11.540861,11.332158,11.332158,1514900
2008-03-26,11.620792,11.647435,11.514220,11.558625,1067900
2008-03-27,11.709603,11.709603,11.452054,11.478697,1702000
2008-03-28,11.558625,11.563066,11.407648,11.447613,1313500
2008-03-31,11.407648,11.509779,11.403207,11.438731,1307100
2008-04-01,11.616355,11.740690,11.567510,11.718487,1839800
2008-04-02,11.851695,11.967148,11.780647,11.856135,1016900
2008-04-03,11.918304,12.184734,11.918304,12.104805,2839600
2008-04-04,12.220257,12.309066,12.166970,12.251340,6465400
2008-04-07,12.357917,12.433406,11.989355,12.286869,2018900
2008-04-08,12.118128,12.322391,12.087044,12.291307,1901900
2008-04-09,12.069282,12.091484,11.944948,11.993793,1308000
2008-04-10,11.900538,11.984908,11.820610,11.962706,1330800
2008-04-11,11.793969,11.865017,11.749564,11.767326,850700
2008-04-14,11.678515,11.718479,11.603026,11.665194,947300
2008-04-15,11.833937,11.900544,11.771770,11.900544,1159200
2008-04-16,12.180295,12.415641,12.158092,12.384558,1237500
2008-04-17,12.100364,12.180293,12.064840,12.158090,1320600
2008-04-18,12.073723,12.166973,12.015996,12.153652,1371500
2008-04-21,12.455604,12.513331,12.402319,12.513331,1054800
2008-04-22,12.375677,12.455606,12.300189,12.371237,839700
2008-04-23,12.619899,12.673185,12.531088,12.606577,969000
2008-04-24,12.420083,12.477810,12.246904,12.402322,1277300
2008-04-25,12.491131,12.513334,12.353476,12.402322,4743300
2008-04-28,12.473366,12.495568,12.331270,12.331270,914600
2008-04-29,12.211378,12.238021,12.149212,12.193616,1870000
2008-04-30,12.326831,12.517773,12.326831,12.335712,1771400
2008-05-01,12.224698,12.442283,12.211376,12.415639,1251100
2008-05-02,12.575495,12.633222,12.531090,12.624341,1613500
2008-05-05,12.673191,12.713155,12.571059,12.704274,5676800
2008-05-06,12.602140,12.828605,12.553295,12.806403,2880500
2008-05-07,12.566618,12.588821,12.353474,12.371237,1686200
2008-05-08,12.717595,12.819727,12.695393,12.708714,2185700
2008-05-09,12.704273,12.824166,12.686511,12.784203,1183700
2008-05-12,12.930738,13.112798,12.921856,13.108357,1273900
2008-05-13,13.023988,13.028429,12.926297,12.992905,1688400
2008-05-14,13.059516,13.166088,13.037314,13.068398,1835200
2008-05-15,13.108360,13.281539,13.095038,13.268217,2475000
2008-05-16,13.388110,13.503563,13.343705,13.463598,1228800
2008-05-19,13.476921,13.561291,13.405873,13.405873,1268500
2008-05-20,13.308184,13.312624,13.188291,13.210493,1076500
2008-05-21,13.263776,13.317061,13.072834,13.086155,1412000
2008-05-22,13.206046,13.232689,13.090593,13.161641,2023400
2008-05-23,13.037310,13.072834,12.886333,12.935178,1085100
2008-05-27,12.961821,12.997345,12.864129,12.997345,1294600
2008-05-28,12.890773,12.966262,12.837487,12.935178,1003600
2008-05-29,12.881895,12.930741,12.810847,12.881895,1470000
2008-05-30,12.828605,13.001786,12.815285,12.997345,1289000
2008-06-02,12.704272,12.806403,12.557735,12.806403,1510900
2008-06-03,12.606582,12.642105,12.446724,12.513331,2757800
2008-06-04,12.562177,12.677629,12.464485,12.464485,2528200
2008-06-05,12.468929,12.708716,12.455607,12.699835,2478000
2008-06-06,12.562175,12.628783,12.428960,12.442282,2267900
2008-06-09,12.455603,12.455603,12.198054,12.300186,1428300
2008-06-10,12.047076,12.171410,12.042636,12.131446,1403000
2008-06-11,12.198057,12.215819,12.020437,12.024878,2257900
2008-06-12,11.878340,11.953829,11.798411,11.833935,1831300
2008-06-13,11.909423,12.051519,11.873899,12.029317,1180500
2008-06-16,11.918307,11.971592,11.882783,11.927188,1630800
2008-06-17,12.122569,12.206939,12.064843,12.135891,1593900
2008-06-18,12.038197,12.140328,12.011553,12.100364,3767300
2008-06-19,12.060399,12.198054,12.024875,12.162530,1911100
2008-06-20,11.873898,11.909422,11.767326,11.825052,1156700
2008-06-23,11.904985,11.913866,11.811735,11.869461,1733000
2008-06-24,11.878341,11.980472,11.860578,11.878341,2554500
2008-06-25,11.927184,12.095923,11.918303,11.967149,1168700
2008-06-26,11.944945,11.980469,11.749563,11.785088,2402700
2008-06-27,11.958267,12.051517,11.909421,11.944945,2230100
2008-06-30,11.860577,11.944947,11.754005,11.754005,1596600
2008-07-01,11.465373,11.585267,11.403206,11.536421,3116400
2008-07-02,11.691839,11.727363,11.354361,11.354361,1700200
2008-07-03,11.407649,11.443173,11.269993,11.345482,1084400
2008-07-07,11.358803,11.465375,11.172302,11.243350,2654600
2008-07-08,11.207820,11.332155,11.141213,11.309952,2220300
2008-07-09,11.429849,11.447611,11.154538,11.154538,1510300
2008-07-10,11.261110,11.372123,11.221146,11.354361,1809300
2008-07-11,11.212263,11.283311,11.034643,11.216703,2747000
2008-07-14,11.420967,11.447611,11.278871,11.301074,2229200
2008-07-15,11.163419,11.194503,11.021323,11.087931,2754500
2008-07-16,11.132339,11.398769,11.119018,11.376567,2481000
2008-07-17,11.469812,11.531978,11.345477,11.398764,2421800
2008-07-18,11.305516,11.363243,11.261112,11.318838,1702200
2008-07-21,11.642994,11.674078,11.558625,11.642994,1425100
2008-07-22,11.554184,11.656316,11.474255,11.642994,1895100
2008-07-23,11.762889,11.811735,11.718484,11.749567,1677000
2008-07-24,11.691839,11.714041,11.478695,11.492016,1309100
2008-07-25,11.474253,11.496455,11.341039,11.412086,796300
2008-07-28,11.252226,11.256667,10.972475,10.994678,749600
2008-07-29,10.963597,11.096812,10.932514,11.092371,783800
2008-07-30,11.070166,11.203381,11.034642,11.176738,1447500
2008-07-31,11.145656,11.203382,11.016881,11.047964,1410500
2008-08-01,10.879228,11.003562,10.719369,10.741572,1467400
2008-08-04,10.746012,10.781536,10.599476,10.639440,1917400
2008-08-05,10.555071,10.732691,10.555071,10.732691,3074900
2008-08-06,10.732688,10.834819,10.688282,10.821498,2506600
2008-08-07,10.732689,10.803737,10.630558,10.634998,1158200
2008-08-08,10.479582,10.683844,10.457379,10.648320,2367000
2008-08-11,10.634997,10.706045,10.577270,10.608354,1570300
2008-08-12,10.563952,10.590595,10.444059,10.484023,1106600
2008-08-13,10.248675,10.412974,10.150984,10.364128,1701900
2008-08-14,10.288641,10.417415,10.279760,10.297523,2660200
2008-08-15,10.222032,10.266437,10.159865,10.239794,1093900
2008-08-18,10.412974,10.452938,10.204270,10.226473,1841600
2008-08-19,10.071057,10.146546,9.995568,10.102140,1945800
2008-08-20,10.230916,10.341928,10.177629,10.333047,2067500
2008-08-21,10.111022,10.337487,10.111022,10.337487,1707700
2008-08-22,10.328607,10.404095,10.293083,10.350809,1877200
2008-08-25,10.293080,10.390770,10.186508,10.204269,1430400
2008-08-26,10.226472,10.319722,10.199828,10.230912,1257000
2008-08-27,10.341926,10.386330,10.266437,10.364128,672300
2008-08-28,10.710488,10.719369,10.599476,10.639440,1245000
2008-08-29,10.666082,10.683843,10.550629,10.577271,926800
2008-09-02,10.395212,10.466260,10.310842,10.319723,2648300
2008-09-03,10.239795,10.270878,10.115462,10.208712,1740800
2008-09-04,10.022210,10.022210,9.604803,9.622565,7380700
2008-09-05,9.520435,9.613686,9.378340,9.587043,2620000
2008-09-08,10.128787,10.137668,9.738023,9.942286,5360200
2008-09-09,9.733579,9.764662,9.347255,9.356136,2573000
2008-09-10,9.538194,9.613682,9.409420,9.524873,2569600
2008-09-11,9.111908,9.436064,9.085264,9.431623,2468500
2008-09-12,9.524874,9.884554,9.502671,9.884554,2645600
2008-09-15,9.311728,9.480468,9.169633,9.174073,3906300
2008-09-16,8.885443,9.307290,8.881002,9.298409,5656200
2008-09-17,8.845477,9.014216,8.565726,8.765548,6852000
2008-09-18,9.036422,9.293971,8.712266,9.209601,5193600
2008-09-19,10.008890,10.084378,9.604804,9.897878,2177500
2008-09-22,10.168745,10.279758,10.053292,10.071054,2039200
2008-09-23,10.128785,10.279762,9.862354,9.960046,1983600
2008-09-24,10.128781,10.190949,10.004447,10.079936,1669400
2008-09-25,10.124341,10.301961,10.124341,10.226473,1622700
2008-09-26,9.862348,10.044409,9.813503,10.035528,1111300
2008-09-29,9.409425,9.471592,8.676742,8.792194,3671400
2008-09-30,9.098587,9.222922,8.947610,9.120790,1766000
2008-10-01,9.182956,9.325052,9.071944,9.214040,2758600
2008-10-02,9.009776,9.009776,8.654536,8.703382,2201800
2008-10-03,8.867679,9.116348,8.650095,8.650095,1595700
2008-10-06,8.174959,8.179400,7.277978,7.597694,5782500
2008-10-07,8.201603,8.201603,7.557731,7.557731,3475600
2008-10-08,6.851691,7.415635,6.776203,7.087038,5447500
2008-10-09,7.535531,7.611020,6.740682,6.900540,3356200
2008-10-10,6.238902,6.722917,5.834817,6.398760,4692000
2008-10-13,7.073717,7.753113,6.976026,7.726470,3143600
2008-10-14,7.864128,7.935177,7.104803,7.362352,3631400
2008-10-15,7.122564,7.180290,6.598584,6.629668,2300400
2008-10-16,6.820607,7.104800,6.398760,7.087038,3441300
2008-10-17,6.509774,7.047075,6.509774,6.705156,2985000
2008-10-20,7.007110,7.420076,7.007110,7.420076,3166800
2008-10-21,7.095919,7.264658,6.913858,6.962704,1806800
2008-10-22,6.771764,6.789526,6.354357,6.465369,3374500
2008-10-23,6.403203,6.607466,6.056844,6.487572,2956400
2008-10-24,5.497340,6.003557,5.426292,5.879223,4788500
2008-10-27,5.741567,5.923627,5.639435,5.639435,2994900
2008-10-28,5.999118,6.420966,5.728247,6.394322,5358400
2008-10-29,6.269987,6.736240,6.221142,6.372119,2590500
2008-10-30,6.802847,6.851693,6.447607,6.767323,3012600
2008-10-31,6.558620,6.816169,6.452048,6.656311,3812300
2008-11-03,6.882777,7.073718,6.856133,7.015992,4310000
2008-11-04,7.282422,7.593257,7.273541,7.593257,2902700
2008-11-05,7.388994,7.562174,7.104802,7.206933,3925400
2008-11-06,6.993787,7.135883,6.585261,6.611905,4057800
2008-11-07,6.767324,6.927182,6.691835,6.904980,4005900
2008-11-10,6.989348,7.064836,6.527536,6.585262,3512500
2008-11-11,6.443167,6.509774,6.163415,6.341035,2782700
2008-11-12,6.225581,6.309951,5.905865,5.928068,5280800
2008-11-13,5.928068,6.460928,5.634995,6.447607,6051100
2008-11-14,6.003558,6.212261,5.865902,5.932509,4207100
2008-11-17,5.803735,5.994677,5.706044,5.723806,2617700
2008-11-18,5.599472,5.812616,5.510662,5.719366,2054000
2008-11-19,5.701603,5.737127,5.284195,5.293077,2773400
2008-11-20,5.190945,5.306398,4.786860,4.866789,5750000
2008-11-21,5.306397,5.506220,5.093254,5.492898,5773300
2008-11-24,5.475138,5.852581,5.439614,5.719366,3881400
2008-11-25,6.061285,6.110130,5.812617,5.985796,3873000
2008-11-26,5.661638,6.007996,5.661638,6.003556,2796600
2008-11-28,5.954710,6.123449,5.936948,6.065723,827600
2008-12-01,5.741568,5.803735,5.550627,5.550627,3467500
2008-12-02,5.639435,5.830376,5.634994,5.794852,3279200
2008-12-03,5.572830,5.874784,5.555068,5.874784,3432100
2008-12-04,5.657198,5.817056,5.506221,5.572828,2757600
2008-12-05,5.430732,5.772651,5.364125,5.737127,2586200
2008-12-08,6.016879,6.238904,6.016879,6.145654,2808100
2008-12-09,5.888103,6.012437,5.821495,5.830377,3683800
2008-12-10,5.954713,6.065725,5.857022,5.963594,2745900
2008-12-11,5.905865,6.105688,5.825936,5.928068,3191500
2008-12-12,5.794854,5.985795,5.785973,5.945831,3265100
2008-12-15,5.976916,6.065726,5.861463,5.941392,2344500
2008-12-16,5.950271,6.642989,5.888104,6.367678,3740100
2008-12-17,6.145655,6.367680,6.132333,6.261108,2814400
2008-12-18,6.354356,6.354356,5.914746,5.972473,3879800
2008-12-19,6.150095,6.252226,6.087927,6.087927,2127000
2008-12-22,6.101247,6.158973,6.016878,6.065723,3821400
2008-12-23,6.056222,6.151221,5.980222,5.980222,4978000
2008-12-24,6.108474,6.174974,6.075225,6.113225,1142400
2008-12-26,6.056224,6.250974,6.056224,6.231974,884000
2008-12-29,6.255724,6.279474,6.146474,6.146474,2758900
2008-12-30,6.293724,6.383973,6.246224,6.360224,1476500
2008-12-31,6.374472,6.697471,6.303222,6.654721,1666400
2009-01-02,6.478973,6.768722,6.478973,6.725972,1940800
2009-01-05,6.630971,6.735471,6.550221,6.635721,4108600
2009-01-06,6.754470,6.911219,6.735470,6.844719,3520700
2009-01-07,6.735471,6.768721,6.559722,6.578722,2362800
2009-01-08,6.483722,6.635722,6.440972,6.630971,1069400
2009-01-09,6.573971,6.602470,6.412471,6.412471,1916800
2009-01-12,6.341223,6.341223,6.132224,6.174974,1991200
2009-01-13,6.051474,6.117974,5.956475,6.056224,2187700
2009-01-14,5.970724,5.989724,5.823475,5.842474,2394900
2009-01-15,5.880475,5.980224,5.638226,5.942225,3139000
2009-01-16,6.070475,6.079975,5.809226,5.970725,2144400
2009-01-20,5.766476,5.775976,5.433977,5.467227,3277100
2009-01-21,5.581225,5.804474,5.467226,5.780724,3421700
2009-01-22,5.737975,5.737975,5.495726,5.604976,2363000
2009-01-23,5.253478,5.528977,5.253478,5.505227,2522200
2009-01-26,5.562226,5.652476,5.462477,5.538476,2014900
2009-01-27,5.647724,5.752223,5.600224,5.695224,1926400
2009-01-28,5.870975,6.008724,5.842475,5.899475,2023600
2009-01-29,5.723724,5.737974,5.590725,5.595475,2217500
2009-01-30,5.657226,5.676226,5.452976,5.514726,2481100
2009-02-02,5.419727,5.590727,5.419727,5.538476,1818800
2009-02-03,5.566976,5.766475,5.514726,5.742725,2487500
2009-02-04,5.581227,5.718977,5.533727,5.562227,2738100
2009-02-05,5.557476,5.737975,5.500476,5.714225,2250400
2009-02-06,5.771225,6.075224,5.771225,6.018224,3076800
2009-02-09,6.070474,6.122724,5.937474,6.027724,1839600
2009-02-10,5.937476,5.942226,5.509978,5.562227,4410600
2009-02-11,5.771226,5.790226,5.604977,5.728477,1348900
2009-02-12,5.652476,5.785476,5.576476,5.766476,1859400
2009-02-13,5.785476,5.918475,5.785476,5.818726,2311500
2009-02-17,5.524227,5.524227,5.372227,5.419727,2289300
2009-02-18,5.452978,5.462478,5.343728,5.448228,1790800
2009-02-19,5.714226,5.714226,5.490977,5.505227,1392500
2009-02-20,5.419729,5.557478,5.343729,5.500479,3025100
2009-02-23,5.495725,5.543225,5.291477,5.315226,3884400
2009-02-24,5.353228,5.604977,5.353228,5.576477,3097500
2009-02-25,5.528975,5.538475,5.367476,5.424476,2166500
2009-02-26,5.543226,5.576476,5.376977,5.410227,1845200
2009-02-27,5.300978,5.429228,5.248729,5.329478,2426700
2009-03-02,5.148976,5.186976,5.025477,5.030227,2602100
2009-03-03,5.172729,5.224978,5.063479,5.120479,3192000
2009-03-04,5.224978,5.410228,5.210728,5.334228,3891200
2009-03-05,5.177479,5.201229,5.020729,5.072979,2629800
2009-03-06,5.191726,5.234476,5.020727,5.115726,3393000
2009-03-09,4.996979,5.129978,4.987478,4.992229,1862600
2009-03-10,5.248728,5.410227,5.224978,5.372228,2936700
2009-03-11,5.457726,5.481476,5.348477,5.410227,2575700
2009-03-12,5.362727,5.571726,5.338977,5.533726,3252700
2009-03-13,5.666724,5.723724,5.604974,5.661974,4079800
2009-03-16,5.728476,5.837725,5.671475,5.685726,2497000
2009-03-17,5.794975,5.951724,5.756975,5.946974,4041200
2009-03-18,5.889974,6.122723,5.790224,6.037223,4334200
2009-03-19,6.165474,6.265223,6.132224,6.146474,3500300
2009-03-20,6.174973,6.231972,6.084723,6.103723,3303500
2009-03-23,6.260474,6.550223,6.260474,6.507473,4590300
2009-03-24,6.364973,6.526473,6.331724,6.360224,4377600
2009-03-25,6.440972,6.564471,6.293722,6.474221,3611000
2009-03-26,6.597721,6.702220,6.583471,6.654721,7542100
2009-03-27,6.478974,6.488473,6.388724,6.459974,2136000
2009-03-30,6.174975,6.222475,6.103725,6.151225,2951000
2009-03-31,6.355474,6.445723,6.269974,6.360224,4863500
2009-04-01,6.331722,6.512221,6.288972,6.469471,7039700
2009-04-02,6.749719,6.930219,6.744969,6.844719,7049900
2009-04-03,6.792473,6.920722,6.735473,6.915972,3226700
2009-04-06,6.830472,6.835223,6.697473,6.801972,1916900
2009-04-07,6.711720,6.754470,6.626221,6.640471,4204300
2009-04-08,6.649972,6.706972,6.545473,6.592973,6369700
2009-04-09,6.811469,6.863719,6.754470,6.849469,2217600
2009-04-13,6.882720,7.044220,6.806721,6.982470,3061300
2009-04-14,6.953968,7.015717,6.873218,6.887468,3243300
2009-04-15,6.830472,7.020471,6.811472,7.001472,3786800
2009-04-16,7.020469,7.058469,6.915970,7.020469,2306300
2009-04-17,6.958719,7.001469,6.896970,6.987219,1895100
2009-04-20,6.668972,6.725972,6.521723,6.521723,2836800
2009-04-21,6.478972,6.735471,6.436222,6.721221,2247400
2009-04-22,6.607221,6.735471,6.540722,6.588221,2753300
2009-04-23,6.782970,6.854220,6.706971,6.839970,2866300
2009-04-24,6.911220,6.987219,6.887470,6.930220,2359400
2009-04-27,6.763971,6.849470,6.716471,6.744971,3203900
2009-04-28,6.564472,6.744972,6.550223,6.645222,3578000
2009-04-29,6.773470,7.001468,6.763969,6.934969,2234300
2009-04-30,7.091720,7.186720,6.977720,6.977720,6726700
2009-05-01,7.010971,7.101221,6.953972,7.034721,7226600
2009-05-04,7.300718,7.452717,7.234218,7.428968,6183000
2009-05-05,7.386220,7.457470,7.310220,7.357720,3582000
2009-05-06,7.476467,7.576217,7.381468,7.504967,6009400
2009-05-07,7.880217,7.880217,7.409969,7.452719,4624400
2009-05-08,7.694966,7.832715,7.557216,7.780465,4601500
2009-05-11,7.628466,7.628466,7.447967,7.481216,3824500
2009-05-12,7.585719,7.609469,7.414719,7.542969,3742400
2009-05-13,7.324470,7.324470,7.134471,7.162971,4071300
2009-05-14,7.124971,7.295970,7.101221,7.267470,2831800
2009-05-15,7.262719,7.310219,7.096469,7.129719,2146800
2009-05-18,7.267469,7.476468,7.267469,7.433718,3469300
2009-05-19,7.675968,7.680718,7.542969,7.571468,3403800
2009-05-20,7.666467,7.751966,7.576217,7.576217,4000400
2009-05-21,7.405219,7.485969,7.310220,7.438469,2808900
2009-05-22,7.547718,7.595218,7.495468,7.509718,3620700
2009-05-26,7.414719,7.723468,7.376719,7.713967,4571100
2009-05-27,7.623717,7.652218,7.424218,7.447968,3813000
2009-05-28,7.476469,7.547719,7.357719,7.514469,5530000
2009-05-29,7.732969,7.837468,7.675969,7.823218,4663500
2009-06-01,8.032214,8.203214,7.994215,8.150964,5234500
2009-06-02,8.203216,8.350465,8.184215,8.288715,4968700
2009-06-03,8.250717,8.255466,7.979967,8.065467,4913500
2009-06-04,7.960966,8.093966,7.889717,8.027466,4289700
2009-06-05,8.226965,8.226965,7.956216,8.003716,3149000
2009-06-08,7.875464,7.956214,7.756715,7.889715,2931700
2009-06-09,8.051214,8.136713,7.989464,8.084464,2410700
2009-06-10,8.326715,8.355215,8.098716,8.241216,4579000
2009-06-11,8.383711,8.564211,8.369462,8.478711,4219400
2009-06-12,8.355215,8.407465,8.260215,8.383715,2624100
2009-06-15,8.150962,8.184212,7.937213,8.008463,3741300
2009-06-16,8.155716,8.160467,7.899217,7.941967,5093600
2009-06-17,7.823216,7.922966,7.685467,7.827966,5261700
2009-06-18,7.889718,8.013217,7.818467,7.941967,5282600
2009-06-19,8.003714,8.070213,7.932464,7.984714,2162500
2009-06-22,7.837465,7.851716,7.647466,7.652216,4568200
2009-06-23,7.670322,7.689378,7.484519,7.636972,5244600
2009-06-24,7.803719,7.875182,7.665558,7.770370,3106400
2009-06-25,7.737020,7.965700,7.727491,7.941879,3001800
2009-06-26,7.984756,8.051454,7.951407,8.008576,1851400
2009-06-29,8.013343,8.089570,7.951409,8.084805,1874900
2009-06-30,8.089567,8.132445,7.965698,8.003812,1952300
2009-07-01,8.046689,8.118153,8.013340,8.037162,2417200
2009-07-02,7.808482,7.827539,7.708435,7.727491,3072300
2009-07-06,7.546453,7.679851,7.522632,7.679851,3156100
2009-07-07,7.689378,7.689378,7.422584,7.455934,3702400
2009-07-08,7.532158,7.594092,7.298713,7.408289,5084700
2009-07-09,7.560745,7.575038,7.441641,7.503575,2252700
2009-07-10,7.427346,7.503573,7.398761,7.489281,2668500
2009-07-13,7.417820,7.584567,7.336829,7.551218,3659900
2009-07-14,7.808482,7.860888,7.722726,7.818010,4202400
2009-07-15,8.065748,8.203909,8.046691,8.203909,6306500
2009-07-16,8.208671,8.313483,8.175322,8.265841,3095500
2009-07-17,8.218202,8.256315,8.161031,8.232494,3104700
2009-07-20,8.432591,8.494524,8.346835,8.484996,3720300
2009-07-21,8.565984,8.570749,8.337304,8.442116,5824000
2009-07-22,8.384946,8.494522,8.342069,8.427824,4550700
2009-07-23,8.442118,8.646978,8.432591,8.589808,4107000
2009-07-24,8.537403,8.594573,8.465940,8.565988,2368200
2009-07-27,8.651740,8.699382,8.575513,8.680325,2512600
2009-07-28,8.699382,8.780373,8.623155,8.713675,2929100
2009-07-29,8.637449,8.646978,8.504053,8.589808,2604600
2009-07-30,8.861366,8.975706,8.823252,8.866130,3581900
2009-07-31,8.856598,9.047165,8.847070,9.018580,2748400
2009-08-03,9.147215,9.266319,9.128158,9.261555,5408800
2009-08-04,9.175800,9.299669,9.142451,9.256791,3372100
2009-08-05,9.175801,9.209150,9.004291,9.175801,3153600
2009-08-06,9.347309,9.361601,9.161506,9.232968,5158900
2009-08-07,9.271081,9.333016,9.204383,9.275846,3006400
2009-08-10,9.199622,9.261556,9.075753,9.171037,4285300
2009-08-11,9.132921,9.156741,9.061458,9.090043,3559200
2009-08-12,9.128162,9.390191,9.085284,9.304437,3820100
2009-08-13,9.547405,9.614104,9.456886,9.585519,3006600
2009-08-14,9.609338,9.614102,9.261554,9.342545,7421400
2009-08-17,9.128158,9.142451,9.028111,9.109102,3851000
2009-08-18,9.185327,9.318723,9.147214,9.275846,2446600
2009-08-19,9.094807,9.352072,9.090043,9.318723,2732100
2009-08-20,9.209153,9.299673,9.151982,9.290144,2476800
2009-08-21,9.228207,9.328254,9.199621,9.285377,2923700
2009-08-24,9.585520,9.618869,9.480707,9.485472,3120300
2009-08-25,9.580757,9.642691,9.461653,9.495002,3629400
2009-08-26,9.409246,9.461652,9.342548,9.404482,1714600
2009-08-27,9.528349,9.652218,9.404481,9.604576,3359800
2009-08-28,9.799906,9.818963,9.647453,9.704623,2167300
2009-08-31,9.637924,9.680802,9.566462,9.656981,2750200
2009-09-01,9.680803,9.809436,9.437830,9.456887,6240300
2009-09-02,9.418773,9.528348,9.371131,9.433064,3920000
2009-09-03,9.575990,9.637924,9.475942,9.618868,5650100
2009-09-04,9.618871,9.809438,9.575994,9.780853,5375200
2009-09-08,10.128634,10.138162,10.042878,10.061935,5352000
2009-09-09,10.114345,10.171515,10.047646,10.095288,6490200
2009-09-10,10.095285,10.247739,10.028586,10.228682,2985200
2009-09-11,10.252506,10.319204,10.171515,10.209628,2824600
2009-09-14,10.047645,10.166749,10.023825,10.157221,3015500
2009-09-15,10.104815,10.214391,10.009532,10.157221,5399500
2009-09-16,10.524063,10.643167,10.471656,10.633638,9774000
2009-09-17,10.519299,10.614583,10.457365,10.495479,5067600
2009-09-18,10.562175,10.562175,10.447835,10.505005,2489600
2009-09-21,10.333494,10.419249,10.281088,10.395428,2379300
2009-09-22,10.581231,10.600288,10.514533,10.581231,3428000
2009-09-23,10.676516,10.776564,10.509770,10.562176,4721800
2009-09-24,10.647930,10.681279,10.357315,10.381137,6189500
2009-09-25,10.400193,10.557411,10.400193,10.481184,5274000
2009-09-28,10.500241,10.695572,10.471656,10.652695,3516300
2009-09-29,10.695574,10.752744,10.624111,10.700337,2880300
2009-09-30,10.843259,10.867080,10.643164,10.767033,4832100
2009-10-01,10.719393,10.719393,10.362079,10.376372,5851500
2009-10-02,10.128635,10.300146,10.061937,10.214391,5249000
2009-10-05,10.338258,10.476418,10.290616,10.419249,5571200
2009-10-06,10.600288,10.724157,10.576468,10.652695,5775300
2009-10-07,10.724157,10.814676,10.690808,10.781326,3372600
2009-10-08,11.105291,11.267273,11.067178,11.186282,7857900
2009-10-09,11.095761,11.157694,11.043354,11.133874,5384200
2009-10-12,11.171990,11.214868,11.124348,11.167226,3455100
2009-10-13,11.176752,11.210102,11.086234,11.162460,5715700
2009-10-14,11.472133,11.538831,11.419726,11.505482,5462200
2009-10-15,11.500715,11.600763,11.467366,11.586471,5540500
2009-10-16,11.395906,11.491190,11.353028,11.453076,3958300
2009-10-19,11.495954,11.648409,11.448313,11.610295,3778500
2009-10-20,11.653170,11.653170,11.414961,11.486424,5088700
2009-10-21,11.515013,11.705579,11.467371,11.476899,6986200
2009-10-22,11.467369,11.634115,11.348264,11.629351,4625300
2009-10-23,11.662699,11.676992,11.438784,11.505482,4849600
2009-10-26,11.500716,11.643642,11.295856,11.343498,6795300
2009-10-27,11.295855,11.353026,11.143402,11.205337,5717700
2009-10-28,10.886141,10.933783,10.605054,10.700337,12490500
2009-10-29,10.743215,10.962368,10.700337,10.919490,8961300
2009-10-30,10.767032,10.819437,10.357313,10.447832,8321400
2009-11-02,10.571702,10.771797,10.428776,10.614579,8385100
2009-11-03,10.352551,10.552646,10.271560,10.543118,7660200
2009-11-04,10.700336,10.767035,10.605053,10.628874,6459800
2009-11-05,10.695569,10.767032,10.652692,10.733683,4693500
2009-11-06,10.771797,10.957600,10.752740,10.924251,6838300
2009-11-09,11.291094,11.438783,11.267273,11.414962,8407200
2009-11-10,11.353026,11.467366,11.329206,11.448310,6344100
2009-11-11,11.538830,11.610294,11.448312,11.495953,6307600
2009-11-12,11.486425,11.543595,11.233924,11.267273,5711500
2009-11-13,11.333971,11.500716,11.267272,11.486424,4267000
2009-11-16,11.548361,11.705579,11.548361,11.672230,6596400
2009-11-17,11.376848,11.510245,11.300622,11.495953,5973800
2009-11-18,11.495954,11.500718,11.357793,11.443548,4738800
2009-11-19,11.257742,11.262506,11.048119,11.205337,6681500
2009-11-20,10.986187,11.181518,10.957602,11.100527,4284100
2009-11-23,11.414960,11.424489,11.300620,11.333970,3573900
2009-11-24,11.229159,11.229159,11.052885,11.152932,5357100
2009-11-25,11.329206,11.443546,11.272036,11.429254,3077400
2009-11-27,10.705102,10.957603,10.600290,10.871848,5999900
2009-11-30,11.014771,11.162460,10.971894,11.114819,4830800
2009-12-01,11.372086,11.448313,11.310152,11.386378,6323100
2009-12-02,11.400671,11.515011,11.357793,11.376849,3582900
2009-12-03,11.443548,11.515010,11.252981,11.252981,5279300
2009-12-04,11.386375,11.453074,11.081468,11.205337,7963400
2009-12-07,10.967131,11.124348,10.952838,11.019536,6158100
2009-12-08,10.905196,10.905196,10.752743,10.800385,7635400
2009-12-09,10.819442,10.890905,10.733687,10.867084,6964600
2009-12-10,11.005242,11.048119,10.952835,10.990949,4632600
2009-12-11,11.024299,11.033827,10.914723,10.938543,3854200
2009-12-14,10.995714,11.052884,10.933780,11.038591,2956400
2009-12-15,10.886140,10.957603,10.828970,10.876612,4359900
2009-12-16,10.862318,10.909960,10.814677,10.833734,4447200
2009-12-17,10.647931,10.666987,10.576469,10.666987,4702600
2009-12-18,10.705097,10.738447,10.576465,10.733683,3329800
2009-12-21,10.614583,10.681281,10.590761,10.609818,3862500
2009-12-22,10.734753,10.749452,10.651462,10.671061,5412000
2009-12-23,10.778849,10.876839,10.769050,10.818045,3836100
2009-12-24,10.950333,11.038524,10.906238,11.038524,1177500
2009-12-28,11.092413,11.121811,11.014022,11.063017,4359000
2009-12-29,11.288394,11.322690,11.175705,11.175705,4382200
2009-12-30,11.156110,11.219803,11.102215,11.170808,2428100
2009-12-31,11.293291,11.317789,11.190402,11.190402,2073600
2010-01-04,11.513770,11.665654,11.503971,11.621558,4967500
2010-01-05,11.660754,11.709749,11.572564,11.655855,5501300
2010-01-06,11.660754,11.753845,11.646057,11.699950,5656500
2010-01-07,11.646057,11.660755,11.567666,11.646057,3127300
2010-01-08,11.680353,11.793040,11.631358,11.783241,3014200
2010-01-11,11.935126,11.940025,11.807739,11.900829,5566400
2010-01-12,11.587262,11.675452,11.484373,11.508870,6107200
2010-01-13,11.601959,11.695049,11.503969,11.685250,4210100
2010-01-14,11.778343,11.842035,11.744046,11.832236,4347300
2010-01-15,11.704849,11.729347,11.538267,11.582362,4217500
2010-01-19,11.577463,11.773443,11.533368,11.753844,3202100
2010-01-20,11.474575,11.484375,11.317792,11.405983,4879900
2010-01-21,11.391285,11.425581,11.023824,11.023824,9086100
2010-01-22,11.023821,11.077716,10.798446,10.798446,6838800
2010-01-25,10.999325,11.018922,10.896435,10.965028,4901500
2010-01-26,10.778850,10.925834,10.720056,10.769051,6995700
2010-01-27,10.666159,10.754350,10.543672,10.720053,6399900
2010-01-28,10.896437,10.901337,10.577971,10.622066,4108800
2010-01-29,10.602465,10.671058,10.323195,10.337893,11208800
2010-02-01,10.426090,10.587772,10.401592,10.587772,6584200
2010-02-02,10.568171,10.700457,10.509378,10.661262,5981400
2010-02-03,10.607366,10.651461,10.509377,10.528975,5006300
2010-02-04,10.372195,10.391792,10.014533,10.029231,7085700
2010-02-05,10.029227,10.117418,9.813651,10.088021,11707300
2010-02-08,10.137019,10.220310,10.009632,10.024330,5037900
2010-02-09,10.279099,10.445681,10.176210,10.318295,5574900
2010-02-10,10.254602,10.313396,10.092920,10.254602,6618500
2010-02-11,10.406488,10.612267,10.332997,10.612267,5278800
2010-02-12,10.323197,10.475080,10.259504,10.426086,9460900
2010-02-16,10.710254,10.857238,10.671058,10.847439,3777700
2010-02-17,11.004224,11.023822,10.911134,10.965028,6785900
2010-02-18,10.901337,11.058120,10.901337,11.048321,3988600
2010-02-19,10.876838,11.004224,10.827843,10.965028,4593200
2010-02-22,11.146307,11.151207,11.053217,11.112011,4884000
2010-02-23,11.131613,11.161010,10.847443,10.886639,5147600
2010-02-24,10.818044,10.955230,10.783748,10.945431,4680000
2010-02-25,10.484878,10.710254,10.430984,10.690656,8232300
2010-02-26,10.813143,10.901333,10.700455,10.847439,6337000
2010-03-01,11.028722,11.156109,10.994426,11.156109,5769700
2010-03-02,11.229599,11.312890,11.195303,11.214900,5385200
2010-03-03,11.327588,11.420678,11.293291,11.342286,3270100
2010-03-04,11.342288,11.356987,11.229600,11.278595,3726100
2010-03-05,11.445176,11.577461,11.420678,11.567663,3570200
2010-03-08,11.567664,11.582362,11.503970,11.503970,4780600
2010-03-09,11.484373,11.685252,11.484373,11.621558,6434000
2010-03-10,11.650954,11.739144,11.582361,11.660752,4436700
2010-03-11,11.592162,11.631358,11.523570,11.626458,3077000
2010-03-12,11.680352,11.685252,11.582362,11.621558,2974600
2010-03-15,11.499069,11.528467,11.405980,11.499069,4209400
2010-03-16,11.577460,11.704846,11.533365,11.704846,4231800
2010-03-17,11.807741,11.891032,11.788142,11.837137,6219500
2010-03-18,11.793040,11.812638,11.709749,11.748944,6315100
2010-03-19,11.636255,11.807737,11.601959,11.636255,3420700
2010-03-22,11.499072,11.739146,11.494172,11.714649,5938200
2010-03-23,11.773443,11.886131,11.724448,11.881231,3924800
2010-03-24,11.665653,11.753844,11.636257,11.641156,6282600
2010-03-25,11.797939,11.851833,11.646055,11.670552,4700700
2010-03-26,11.704849,11.748944,11.592161,11.675452,4513800
2010-03-29,11.812638,11.895929,11.788140,11.866531,5755000
2010-03-30,11.910627,11.940025,11.822437,11.886130,3576300
2010-03-31,11.739144,11.812637,11.699949,11.763642,5340900
2010-04-01,11.900828,11.989017,11.891029,11.989017,3512600
2010-04-05,12.038011,12.082106,11.979217,12.062509,4393200
2010-04-06,12.018418,12.150703,12.008618,12.140904,4899200
2010-04-07,12.096810,12.106608,11.984121,12.052714,5255800
2010-04-08,11.935127,12.077211,11.895931,12.047814,3481600
2010-04-09,12.101707,12.160500,12.077209,12.145802,3822400
2010-04-12,12.121304,12.150701,12.091908,12.106606,3210800
2010-04-13,12.087012,12.091911,11.959625,12.082112,3379100
2010-04-14,12.224195,12.317285,12.199697,12.307487,3544500
2010-04-15,12.238889,12.302583,12.219292,12.282985,3338500
2010-04-16,12.189898,12.219296,11.910628,11.993919,4834800
2010-04-19,11.812640,11.935127,11.763645,11.915528,4721100
2010-04-20,12.087009,12.116406,12.033115,12.087009,3812400
2010-04-21,12.042913,12.067410,11.910627,12.028214,3487700
2010-04-22,11.827337,11.954724,11.724448,11.944924,4556400
2010-04-23,11.748945,11.900829,11.690152,11.900829,4887500
2010-04-26,11.935128,11.964525,11.842038,11.876334,3178400
2010-04-27,11.704850,11.758745,11.386384,11.440279,5619000
2010-04-28,11.621557,11.699948,11.518668,11.636255,4527900
2010-04-29,11.699949,11.763642,11.665652,11.739144,3594700
2010-04-30,11.719547,11.734246,11.454975,11.484372,5310100
2010-05-03,11.601961,11.685252,11.533369,11.626458,4666000
2010-05-04,11.165907,11.170805,10.955229,11.018922,8712700
2010-05-05,10.876839,11.087515,10.837643,10.925833,8141400
2010-05-06,10.710254,10.798445,8.951342,10.195808,12797400
2010-05-07,10.332997,10.455484,9.999833,10.210510,11688500
2010-05-10,10.930729,11.053216,10.862136,10.989523,15628600
2010-05-11,10.661258,10.920931,10.661258,10.739650,8974300
2010-05-12,10.808245,10.867040,10.749452,10.818045,5897300
2010-05-13,10.832741,10.935630,10.739651,10.754350,6030200
2010-05-14,10.602464,10.636760,10.318295,10.391787,10178300
2010-05-17,10.386894,10.460386,10.058629,10.288904,11222300
2010-05-18,10.337896,10.367292,9.955736,10.014530,6054700
2010-05-19,9.676463,9.749955,9.446188,9.666664,10444100
2010-05-20,9.191419,9.284509,8.946445,9.049334,10603000
2010-05-21,9.024833,9.455987,8.975838,9.451088,14377300
2010-05-24,9.524584,9.627473,9.426594,9.431494,5306000
2010-05-25,9.000336,9.357998,8.961141,9.357998,7534600
2010-05-26,9.436392,9.598075,9.240413,9.279609,8416400
2010-05-27,9.705863,9.921440,9.666667,9.916540,5902800
2010-05-28,9.936140,9.970436,9.749959,9.852849,5657600
2010-06-01,9.598075,9.779356,9.524583,9.544181,5043400
2010-06-02,9.573578,9.838149,9.534381,9.828350,3952300
2010-06-03,9.960636,10.009631,9.745058,9.857747,19465800
2010-06-04,9.578477,9.617673,9.274710,9.348202,11611200
2010-06-07,9.358000,9.372698,9.127724,9.137524,4612000
2010-06-08,9.309006,9.563779,9.245313,9.519684,7714500
2010-06-09,9.622572,9.789155,9.490287,9.544181,6151800
2010-06-10,9.970431,10.078219,9.936135,10.053722,6263200
2010-06-11,9.916540,10.127218,9.906741,10.107619,4051400
2010-06-14,10.293800,10.391789,10.166414,10.181112,6416300
2010-06-15,10.176214,10.445685,10.176214,10.401589,5916700
2010-06-16,10.225209,10.401590,10.225209,10.332997,7466000
2010-06-17,10.352596,10.377094,10.186014,10.308501,6823600
2010-06-18,10.426087,10.455484,10.362394,10.401589,2707100
2010-06-21,10.661263,10.685760,10.435887,10.514278,4570500
2010-06-22,10.509375,10.538771,10.264401,10.318295,4950100
2010-06-23,10.280204,10.349464,10.116948,10.260415,5196700
2010-06-24,10.131791,10.161474,9.993271,10.052636,6309500
2010-06-25,10.027898,10.136735,9.889377,10.112000,5201500
2010-06-28,10.052635,10.052635,9.914115,9.973480,6019700
2010-06-29,9.671706,9.671706,9.429295,9.498556,8047700
2010-06-30,9.434241,9.557920,9.350139,9.389716,9161800
2010-07-01,9.374873,9.454027,9.181933,9.394661,9332300
2010-07-02,9.498554,9.538132,9.305614,9.389716,3913700
2010-07-06,9.637076,9.755808,9.478767,9.538134,3681600
2010-07-07,9.548024,9.849801,9.538130,9.834959,7128500
2010-07-08,10.116950,10.181263,9.958640,10.067478,6486600
2010-07-09,10.072423,10.171365,10.042739,10.141683,3152100
2010-07-12,10.072427,10.151581,10.027902,10.072427,5539200
2010-07-13,10.136737,10.265363,10.126843,10.201051,4521700
2010-07-14,10.215891,10.334623,10.181261,10.255468,4546000
2010-07-15,10.265363,10.285152,10.057582,10.245574,6255800
2010-07-16,10.107053,10.121894,9.884430,9.914114,3752400
2010-07-19,9.943798,9.988323,9.825066,9.943798,2209800
2010-07-20,9.973480,10.309887,9.958638,10.285151,3632300
2010-07-21,10.285153,10.299994,10.003164,10.052636,5209300
2010-07-22,10.270310,10.453354,10.265362,10.369252,4868700
2010-07-23,10.448411,10.572090,10.398939,10.542406,3177100
2010-07-26,10.577040,10.710614,10.547357,10.690825,2663700
2010-07-27,10.730397,10.760080,10.586929,10.651242,7284800
2010-07-28,10.572089,10.631454,10.512722,10.577035,3921100
2010-07-29,10.740292,10.779870,10.527564,10.666084,4259100
2010-07-30,10.527563,10.720502,10.507774,10.661136,3763400
2010-08-02,10.918388,11.047014,10.859023,11.012384,3979100
2010-08-03,10.908496,10.987650,10.839236,10.893655,3517200
2010-08-04,10.933230,11.037119,10.883758,11.007437,3361900
2010-08-05,10.913441,10.943124,10.849128,10.923335,6518900
2010-08-06,10.809552,10.938178,10.735345,10.918389,5424300
2010-08-09,11.071750,11.086591,10.972807,11.022279,4739900
2010-08-10,10.760081,10.898602,10.680926,10.829341,4187200
2010-08-11,10.423674,10.443463,10.314837,10.334625,4491900
2010-08-12,10.191157,10.349466,10.176315,10.309889,5651100
2010-08-13,10.393991,10.478093,10.379149,10.389044,2504400
2010-08-16,10.359362,10.537460,10.339573,10.502830,1650100
2010-08-17,10.631459,10.774927,10.616617,10.690825,3355200
2010-08-18,10.730400,10.730400,10.547354,10.616614,2609300
2010-08-19,10.537457,10.572088,10.324730,10.408832,3032000
2010-08-20,10.290097,10.438513,10.250520,10.438513,1548200
2010-08-23,10.463250,10.532511,10.339571,10.339571,2714800
2010-08-24,10.097159,10.171367,10.003163,10.097159,4498800
2010-08-25,9.958641,10.102110,9.864646,10.072427,3418500
2010-08-26,10.225785,10.285152,10.087264,10.116948,3685100
2010-08-27,10.275258,10.487986,10.126843,10.473145,7941400
2010-08-30,10.487986,10.542404,10.398937,10.398937,3346000
2010-08-31,10.379143,10.487981,10.329671,10.418720,2943400
2010-09-01,10.824391,11.047013,10.824391,10.997541,7169600
2010-09-02,10.938177,11.022279,10.923335,11.007437,4895300
2010-09-03,11.121223,11.150907,11.032174,11.091540,5474700
2010-09-07,11.027228,11.086593,10.953019,10.992597,8633200
2010-09-08,11.032172,11.155852,11.027226,11.096486,4995000
2010-09-09,11.368580,11.368580,11.230060,11.254795,2975900
2010-09-10,11.230061,11.274585,11.175641,11.230061,3097500
2010-09-13,11.447733,11.512046,11.437839,11.492257,3411100
2010-09-14,11.452684,11.650571,11.418054,11.586258,4920000
2010-09-15,11.521942,11.591202,11.447734,11.581307,7392200
2010-09-16,11.408160,11.477421,11.368583,11.477421,3532800
2010-09-17,11.517000,11.531841,11.403214,11.437845,2418300
2010-09-20,11.581311,11.729726,11.536787,11.695096,4137500
2010-09-21,11.625832,11.734669,11.516995,11.645621,5602000
2010-09-22,11.704986,11.779193,11.596148,11.655514,5565500
2010-09-23,11.536783,11.680251,11.497205,11.541730,6323400
2010-09-24,11.744565,11.873192,11.734671,11.848456,3784200
2010-09-27,11.878135,11.947395,11.848453,11.863294,2837200
2010-09-28,11.947399,12.076026,11.803932,12.061184,5454400
2010-09-29,11.932557,11.996870,11.873191,11.937504,3480600
2010-09-30,11.883087,11.937505,11.650570,11.744566,5408300
2010-10-01,11.848456,11.878139,11.719830,11.868244,3745600
2010-10-04,11.833614,11.888033,11.685199,11.764354,6100000
2010-10-05,11.858347,12.066128,11.823717,12.031498,5629000
2010-10-06,12.125496,12.199703,12.100759,12.135390,2675200
2010-10-07,12.303593,12.313487,12.061182,12.105706,5242600
2010-10-08,12.125499,12.313491,12.085922,12.298650,4598100
2010-10-11,12.254122,12.303594,12.184861,12.234333,3550400
2010-10-12,12.066130,12.155179,11.932557,12.125496,5713700
2010-10-13,12.140337,12.298646,12.115600,12.209597,4078200
2010-10-14,12.298648,12.367908,12.214546,12.313489,2461700
2010-10-15,12.367907,12.397590,12.174968,12.288753,2474100
2010-10-18,12.194754,12.343170,12.145282,12.249173,2517000
2010-10-19,11.952346,12.016659,11.779195,11.828667,6438600
2010-10-20,11.922662,12.194755,11.897925,12.105706,3360500
2010-10-21,12.066131,12.174969,11.853403,11.972136,4067300
2010-10-22,12.071075,12.095811,12.001815,12.041392,2391600
2010-10-25,12.397590,12.447062,12.298648,12.308541,2989600
2010-10-26,12.140342,12.224442,12.115605,12.199707,2304500
2010-10-27,11.912769,11.986976,11.789090,11.977081,2799100
2010-10-28,12.170021,12.184862,12.036448,12.100760,4193700
2010-10-29,12.036446,12.105706,12.006764,12.105706,2473100
2010-11-01,12.288752,12.333276,12.125495,12.189808,3815600
2010-11-02,12.486638,12.511374,12.442113,12.456955,3582400
2010-11-03,12.476750,12.575694,12.308547,12.560852,4182400
2010-11-04,12.882416,12.991253,12.842838,12.981359,5239200
2010-11-05,12.966511,13.040719,12.936828,12.996195,4686900
2010-11-08,12.798311,12.907149,12.768628,12.872519,2889900
2010-11-09,12.872516,12.892304,12.570739,12.595474,6792400
2010-11-10,12.570744,12.659793,12.432223,12.649899,4129300
2010-11-11,12.536111,12.536111,12.437168,12.506429,5600600
2010-11-12,12.417381,12.456958,12.170023,12.264019,3297700
2010-11-15,12.372852,12.432218,12.259068,12.273909,3676500
2010-11-16,12.229384,12.229384,11.952343,12.031498,5765500
2010-11-17,12.021603,12.100758,11.982026,12.031498,3704000
2010-11-18,12.234335,12.338226,12.219494,12.278859,3594100
2010-11-19,12.105704,12.179913,12.046339,12.179913,2756300
2010-11-22,12.130442,12.184861,11.977080,12.165072,2429800
2010-11-23,11.818773,11.868245,11.685200,11.729724,8565900
2010-11-24,11.957291,12.071075,11.947396,12.031498,3301800
2010-11-26,11.719829,11.789089,11.695093,11.700040,3722200
2010-11-29,11.704989,11.843510,11.606045,11.833615,7119900
2010-11-30,11.601097,11.739617,11.586255,11.635727,7780000
2010-12-01,11.843509,11.977082,11.818773,11.957294,4684000
2010-12-02,12.051289,12.288753,12.036447,12.239281,3499800
2010-12-03,12.273911,12.427274,12.273911,12.392643,3089500
2010-12-06,12.308541,12.367907,12.273911,12.318436,2360600
2010-12-07,12.560850,12.575692,12.338228,12.338228,3018700
2010-12-08,12.313489,12.318436,12.135391,12.259070,4501800
2010-12-09,12.432220,12.442114,12.308541,12.372854,2539300
2010-12-10,12.466851,12.486639,12.407485,12.466851,1506200
2010-12-13,12.610320,12.694421,12.575690,12.615267,2024300
2010-12-14,12.669686,12.783470,12.640002,12.674633,5172200
2010-12-15,12.575684,12.635051,12.417375,12.437163,5240500
2010-12-16,12.526217,12.580636,12.452010,12.570742,2250300
2010-12-17,12.471795,12.511374,12.412430,12.511374,1658200
2010-12-20,12.526214,12.555897,12.447060,12.511374,1242700
2010-12-21,12.651899,12.687410,12.631607,12.651899,1895000
2010-12-22,12.677264,12.743213,12.672191,12.727994,2079100
2010-12-23,12.768573,12.824376,12.753354,12.783792,1829300
2010-12-27,12.753355,12.768574,12.651897,12.768574,1769500
2010-12-28,12.930908,12.930908,12.783794,12.804085,1382700
2010-12-29,12.900466,12.935976,12.870029,12.900466,1211900
2010-12-30,12.895396,12.915687,12.814229,12.895396,981700
2010-12-31,12.799010,12.925834,12.758427,12.905542,1096200
2011-01-03,12.961342,13.057728,12.920759,12.981634,2191400
2011-01-04,12.717845,12.722918,12.530147,12.646824,4275000
2011-01-05,12.448976,12.580871,12.428684,12.560580,2853400
2011-01-06,12.530145,12.545363,12.377956,12.433759,4409300
2011-01-07,12.428688,12.459125,12.266354,12.388104,4693500
2011-01-10,12.327225,12.428684,12.261277,12.403319,3859700
2011-01-11,12.357666,12.408394,12.312009,12.383030,4154900
2011-01-12,12.504781,12.565657,12.438833,12.535218,5263900
2011-01-13,12.682334,12.743209,12.585948,12.621458,3870100
2011-01-14,12.550438,12.651897,12.535219,12.626532,2690800
2011-01-18,12.692478,12.738135,12.656968,12.733062,2470000
2011-01-19,12.849742,12.870034,12.672189,12.722919,1851100
2011-01-20,12.494638,12.540295,12.372888,12.509857,3500500
2011-01-21,12.555509,12.565655,12.464196,12.499706,2170400
2011-01-24,12.560584,12.748282,12.550438,12.697554,1437800
2011-01-25,12.565655,12.636676,12.494633,12.636676,4466100
2011-01-26,12.682332,12.768572,12.641749,12.733062,5997800
2011-01-27,12.677261,12.717845,12.616387,12.697554,5493300
2011-01-28,12.687407,12.717845,12.428688,12.464198,3778000
2011-01-31,12.550436,12.646822,12.519999,12.616385,3533400
2011-02-01,12.768571,12.935978,12.753352,12.870030,4097800
2011-02-02,12.804082,12.854811,12.778717,12.829447,2644200
2011-02-03,12.920762,13.017148,12.834523,13.001929,2432300
2011-02-04,13.179482,13.189628,13.042513,13.118608,3328500
2011-02-07,13.143969,13.220062,13.138896,13.164261,2173000
2011-02-08,13.179477,13.280936,13.143967,13.240353,3326200
2011-02-09,13.164261,13.209917,13.093239,13.174406,2101800
2011-02-10,13.047586,13.123681,13.007002,13.118608,7575300
2011-02-11,12.976564,13.118607,12.961345,13.083097,3467400
2011-02-14,13.143970,13.214991,13.128751,13.204845,2471400
2011-02-15,13.128748,13.154113,13.042508,13.072947,3041700
2011-02-16,13.108460,13.245429,13.093241,13.199773,4499200
2011-02-17,13.194701,13.367181,13.164264,13.346889,6705500
2011-02-18,13.291083,13.367177,13.265718,13.326593,3100800
2011-02-22,13.001927,13.057730,12.804083,12.844666,3804000
2011-02-23,12.900469,12.956272,12.773646,12.895396,3130400
2011-02-24,12.956274,13.012075,12.819304,12.951200,3258100
2011-02-25,13.103386,13.214991,13.103386,13.204845,2411100
2011-02-28,13.214989,13.270791,13.184552,13.245427,2147100
2011-03-01,13.189628,13.209920,12.935981,12.951200,5554300
2011-03-02,13.032367,13.159190,13.032367,13.108460,4476800
2011-03-03,13.179478,13.250500,13.133822,13.245427,3202200
2011-03-04,13.189625,13.199771,13.047583,13.164261,5095500
2011-03-07,13.138898,13.159190,12.880178,12.956273,3327000
2011-03-08,12.956271,13.108459,12.910615,13.052656,5150700
2011-03-09,12.966417,13.012074,12.900470,12.966417,3834900
2011-03-10,12.616384,12.621456,12.499705,12.519998,4542200
2011-03-11,12.403321,12.697551,12.393174,12.667112,4449700
2011-03-14,12.464197,12.540291,12.383031,12.535218,3623100
2011-03-15,11.921396,12.220700,11.875740,12.175043,8315600
2011-03-16,12.114162,12.159818,11.753984,11.896027,8030200
2011-03-17,12.104021,12.139531,11.997489,12.043145,4044600
2011-03-18,12.398252,12.418544,12.317086,12.377960,7022900
2011-03-21,12.646823,12.692479,12.621458,12.656969,3813500
2011-03-22,12.687406,12.717844,12.636677,12.656969,3228900
2011-03-23,12.631604,12.814230,12.591021,12.758428,3387500
2011-03-24,12.941053,13.057730,12.890324,13.017147,4404600
2011-03-25,13.052654,13.154113,13.022217,13.072947,4292400
2011-03-28,13.078021,13.138896,13.057729,13.062802,3866500
2011-03-29,13.067879,13.286015,13.042513,13.270796,5391600
2011-03-30,13.412838,13.488932,13.382400,13.463568,3680800
2011-03-31,13.468637,13.559950,13.448346,13.504148,4715400
2011-04-01,13.605607,13.707066,13.539659,13.661409,5886600
2011-04-04,13.615753,13.646191,13.559951,13.646191,2723600
2011-04-05,13.565026,13.681703,13.549807,13.630975,2746800
2011-04-06,13.813597,13.894764,13.793306,13.849108,5599800
2011-04-07,13.894767,13.940424,13.732433,13.838965,3902800
2011-04-08,14.062172,14.077391,13.925203,13.981005,3293500
2011-04-11,14.158559,14.183923,13.986079,14.011444,2904000
2011-04-12,13.874476,13.879549,13.701996,13.742579,3192600
2011-04-13,13.874473,13.935348,13.767941,13.849108,3046100
2011-04-14,13.732432,13.899838,13.691848,13.879547,3697800
2011-04-15,13.803451,13.859253,13.742576,13.813597,3976900
2011-04-18,13.641120,13.641120,13.453422,13.630975,3727100
2011-04-19,13.600533,13.671554,13.565022,13.651262,2823100
2011-04-20,14.021588,14.107828,14.016515,14.057098,3066600
2011-04-21,14.143334,14.229574,14.117970,14.224502,2712100
2011-04-25,14.249870,14.260016,14.153484,14.239724,3034400
2011-04-26,14.239720,14.366544,14.204210,14.315814,5200000
2011-04-27,14.239728,14.376697,14.128124,14.346260,5320900
2011-04-28,14.275235,14.386840,14.229579,14.381767,4093600
2011-04-29,14.229579,14.346258,14.199142,14.341185,6585600
2011-05-02,14.239727,14.315821,14.138269,14.168706,2773600
2011-05-03,14.016511,14.077387,13.859250,13.950563,4210900
2011-05-04,13.828819,13.838965,13.565026,13.605610,4920500
2011-05-05,13.544729,13.610677,13.316447,13.397614,8228100
2011-05-06,13.793306,13.859254,13.554878,13.636045,5949700
2011-05-09,13.691844,13.813594,13.636041,13.793303,2335300
2011-05-10,13.747648,13.884618,13.717211,13.864326,6046200
2011-05-11,13.849110,13.864329,13.514296,13.590391,6795700
2011-05-12,13.402693,13.549807,13.296161,13.509224,4843000
2011-05-13,13.473712,13.488931,13.194701,13.296159,4565200
2011-05-16,13.301231,13.458493,13.230211,13.291086,7103600
2011-05-17,13.260644,13.422978,13.169331,13.397614,4997100
2011-05-18,13.377328,13.554880,13.341816,13.519369,5014600
2011-05-19,13.676628,13.707066,13.539659,13.636045,4512200
2011-05-20,13.554877,13.615753,13.402689,13.504148,3452800
2011-05-23,13.057727,13.128748,13.001925,13.072947,7716400
2011-05-24,13.189625,13.245428,13.113531,13.164261,3095600
2011-05-25,13.012075,13.154118,12.991784,13.118608,4756300
2011-05-26,13.286012,13.402690,13.199773,13.341814,5328900
2011-05-27,13.468640,13.544735,13.422983,13.463568,4812800
2011-05-31,13.559950,13.580243,13.438200,13.554877,6323100
2011-06-01,13.544729,13.565020,13.204842,13.240353,8041300
2011-06-02,13.194699,13.255574,13.042511,13.225137,4997300
2011-06-03,12.976565,13.270795,12.976565,13.133825,5173700
2011-06-06,13.214994,13.225140,13.052661,13.078026,5246100
2011-06-07,13.230210,13.291086,13.169334,13.179481,3371800
2011-06-08,12.971490,13.032365,12.910615,12.941052,4613700
2011-06-09,13.007002,13.169336,12.986711,13.113534,3399500
2011-06-10,13.012070,13.032362,12.804080,12.849736,6711800
2011-06-13,12.925835,12.981638,12.788866,12.885252,3413800
2011-06-14,13.154116,13.275867,13.143970,13.220064,4968400
2011-06-15,13.032367,13.083097,12.799012,12.854815,5897900
2011-06-16,12.702625,12.799010,12.621457,12.738135,5614100
2011-06-17,12.925835,12.951200,12.788866,12.890325,7774900
2011-06-20,12.727989,12.824375,12.712769,12.799009,7124900
2011-06-21,12.900470,13.047584,12.895397,13.027293,3811300
2011-06-22,12.947304,13.081473,12.911182,12.921503,2700600
2011-06-23,12.653167,12.849259,12.555120,12.849259,7347500
2011-06-24,12.869900,12.880220,12.689288,12.715089,2593300
2011-06-27,12.601562,12.730571,12.555119,12.694448,3354800
2011-06-28,12.777019,12.952471,12.751217,12.947310,5467300
2011-06-29,13.096956,13.210484,13.029872,13.148560,5102200
2011-06-30,13.406578,13.489144,13.380777,13.442700,3148000
2011-07-01,13.313693,13.566551,13.267250,13.540749,3528600
2011-07-05,13.339494,13.370456,13.267249,13.318852,4278000
2011-07-06,13.220805,13.272408,13.164041,13.231125,3073100
2011-07-07,13.411739,13.514946,13.401418,13.458182,4191300
2011-07-08,13.329172,13.396257,13.272408,13.391097,3165700
2011-07-11,13.096960,13.143403,12.967952,13.014395,3183900
2011-07-12,12.849263,12.967950,12.802820,12.828622,3632600
2011-07-13,13.009231,13.215646,12.967948,13.071156,5303900
2011-07-14,13.065995,13.122759,12.869902,12.900864,4409000
2011-07-15,12.854421,12.875063,12.735734,12.823460,3810700
2011-07-18,12.746052,12.766693,12.606723,12.694448,3491500
2011-07-19,12.906025,13.045355,12.890544,12.998912,4973200
2011-07-20,13.174362,13.195003,13.102116,13.148560,2434800
2011-07-21,13.220809,13.432383,13.200167,13.365298,4818400
2011-07-22,13.453022,13.468503,13.365296,13.458182,2113300
2011-07-25,13.256928,13.339493,13.220806,13.282729,3140500
2011-07-26,13.422059,13.468503,13.344654,13.406578,2650400
2011-07-27,13.447859,13.447859,13.200163,13.251766,4681600
2011-07-28,13.225963,13.293048,13.112436,13.138237,2534000
2011-07-29,12.931828,13.102120,12.895706,13.009233,4162500
2011-08-01,13.298210,13.308531,12.911184,13.024712,8076700
2011-08-02,12.833781,12.900865,12.622205,12.632526,5960600
2011-08-03,12.457075,12.508679,12.209379,12.493197,7117700
2011-08-04,12.039089,12.064891,11.590139,11.610781,7390200
2011-08-05,11.703668,11.708829,11.156672,11.497254,12368800
2011-08-08,11.022502,11.182472,10.552910,10.573551,11161900
2011-08-09,11.172147,11.610776,10.790281,11.605616,15588500
2011-08-10,11.357924,11.409528,11.037982,11.058624,10105000
2011-08-11,11.295995,11.879114,11.259873,11.719143,12662100
2011-08-12,11.822350,11.884275,11.677860,11.786228,8018400
2011-08-15,12.142292,12.307423,12.131971,12.286781,5127700
2011-08-16,11.972006,12.131977,11.853317,12.033930,9251700
2011-08-17,12.286783,12.405472,12.142294,12.245501,6234400
2011-08-18,11.801712,11.812032,11.486930,11.667542,9687100
2011-08-19,11.564334,11.837833,11.492089,11.523051,5291400
2011-08-22,11.812035,11.812035,11.512735,11.538537,9037800
2011-08-23,11.791389,12.116491,11.734625,12.070047,7092200
2011-08-24,11.920402,12.075212,11.832676,12.013288,4295100
2011-08-25,12.044249,12.101013,11.770750,11.817193,6497000
2011-08-26,11.848152,12.162934,11.667541,12.111330,5077000
2011-08-29,12.307424,12.467394,12.307424,12.457073,2681600
2011-08-30,12.307426,12.498358,12.235180,12.446755,8742400
2011-08-31,12.565441,12.668648,12.467394,12.560281,3885400
2011-09-01,12.493198,12.622207,12.420953,12.431274,5940900
2011-09-02,12.126813,12.230021,12.054569,12.116492,3702700
2011-09-06,11.683024,11.858476,11.641742,11.837835,7237300
2011-09-07,12.131974,12.312586,12.111332,12.297105,3483600
2011-09-08,12.101015,12.240344,11.992647,12.033930,5886400
2011-09-09,11.848155,11.873957,11.569497,11.652062,10190400
2011-09-12,11.311480,11.486932,11.203112,11.476611,5551400
2011-09-13,11.435325,11.533372,11.352759,11.502410,7419400
2011-09-14,11.352763,11.512733,11.141189,11.399206,5847400
2011-09-15,11.559173,11.621097,11.445645,11.600455,4361400
2011-09-16,11.693345,11.744949,11.584978,11.693345,2810000
2011-09-19,11.316638,11.425005,11.208270,11.363081,3189400
2011-09-20,11.414686,11.523053,11.285678,11.295998,4877000
2011-09-21,11.301158,11.332120,10.872849,10.883170,4542400
2011-09-22,10.372299,10.423902,10.134922,10.284573,8443200
2011-09-23,10.289728,10.475500,10.274247,10.356812,7576800
2011-09-26,10.490982,10.650953,10.300049,10.630312,8038000
2011-09-27,11.058622,11.177310,10.903811,10.960575,5291900
2011-09-28,10.976056,11.058622,10.640634,10.666435,4417700
2011-09-29,10.836726,10.929612,10.490982,10.707717,4859600
2011-09-30,10.444539,10.599350,10.336173,10.351653,4121100
2011-10-03,10.227806,10.367135,9.995591,10.011071,6360400
2011-10-04,9.876900,10.243285,9.758213,10.238125,8500000
2011-10-05,10.372296,10.568389,10.269089,10.532267,6150700
2011-10-06,10.733518,11.017338,10.666434,10.991535,4630400
2011-10-07,11.275359,11.296000,10.986380,11.058624,7450400
2011-10-10,11.419847,11.600459,11.404366,11.569497,4478400
2011-10-11,11.388882,11.554013,11.357920,11.543693,4737900
2011-10-12,11.744949,11.925562,11.713987,11.750110,4598400
2011-10-13,11.693342,11.822350,11.569494,11.791389,3266000
2011-10-14,11.966846,12.054572,11.910082,12.033930,2916000
2011-10-17,11.904918,11.925560,11.652061,11.703665,6862900
2011-10-18,11.636581,11.992645,11.481771,11.879118,5188400
2011-10-19,11.832673,11.920398,11.610778,11.662381,3286300
2011-10-20,11.631421,11.667543,11.404366,11.631421,3865100
2011-10-21,11.775911,11.904919,11.719147,11.879118,8927800
2011-10-24,12.033927,12.307426,12.028767,12.260983,4297000
2011-10-25,12.085530,12.121653,11.899758,11.930720,7267800
2011-10-26,12.101010,12.137133,11.853313,12.101010,4166500
2011-10-27,12.864743,13.065996,12.725414,12.983431,5289200
2011-10-28,12.720251,12.859581,12.699610,12.833779,5198900
2011-10-31,12.451918,12.467399,12.250665,12.250665,4277300
2011-11-01,11.698503,11.972002,11.657220,11.796550,6185300
2011-11-02,11.951360,12.023605,11.786229,11.941039,3926500
2011-11-03,12.095851,12.235180,11.868796,12.188738,4024200
2011-11-04,12.095854,12.168098,11.904921,12.131976,6823600
2011-11-07,12.137134,12.235179,12.008125,12.214539,3289000
2011-11-08,12.255821,12.405472,12.147454,12.369349,2602100
2011-11-09,11.946203,11.956523,11.729468,11.744949,2327200
2011-11-10,12.008126,12.018447,11.770750,11.935881,3557900
2011-11-11,12.131974,12.338388,12.126814,12.281624,2412200
2011-11-14,12.070048,12.090690,11.904917,11.992643,1973900
2011-11-15,11.951362,12.080371,11.868796,12.018447,1979900
2011-11-16,11.848153,12.002964,11.744947,11.755268,3545000
2011-11-17,11.744948,11.791391,11.440487,11.507571,4261800
2011-11-18,11.595298,11.605619,11.461129,11.486931,2349800
2011-11-21,11.203110,11.223751,11.022498,11.130865,3112900
2011-11-22,11.105063,11.218590,11.043138,11.136024,2031400
2011-11-23,10.878006,10.898648,10.723196,10.743837,2629000
2011-11-25,10.681916,10.857368,10.671595,10.681916,1901300
2011-11-28,11.244394,11.280516,11.063781,11.161827,2782100
2011-11-29,11.306319,11.399205,11.254715,11.295998,3889200
2011-11-30,11.904914,12.013282,11.879113,12.002961,7341000
2011-12-01,11.889438,12.008125,11.832674,11.889438,4830700
2011-12-02,12.209377,12.224858,12.018445,12.028765,3835800
2011-12-05,12.276462,12.322904,12.142293,12.224858,3767100
2011-12-06,12.080372,12.173258,12.028768,12.075212,2961700
2011-12-07,12.044247,12.193897,11.966842,12.142294,2508600
2011-12-08,12.002967,12.013288,11.713988,11.744949,3531100
2011-12-09,11.755267,11.961681,11.713984,11.946199,2168100
2011-12-12,11.652062,11.677864,11.507572,11.579818,2468600
2011-12-13,11.662384,11.781072,11.378564,11.440489,3115000
2011-12-14,11.352761,11.404365,11.218592,11.285677,3547200
2011-12-15,11.430167,11.430167,11.270196,11.295998,11313700
2011-12-16,11.378563,11.445648,11.239234,11.295998,7286000
2011-12-19,11.223755,11.244397,10.996700,11.022502,3479700
2011-12-20,11.305674,11.433421,11.289705,11.422775,3213200
2011-12-21,11.438746,11.449391,11.310998,11.428100,2839700
2011-12-22,11.465360,11.577139,11.438745,11.534556,1853500
2011-12-23,11.561170,11.614398,11.529233,11.598431,1324300
2011-12-27,11.571811,11.635685,11.545197,11.577134,1930700
2011-12-28,11.486648,11.486648,11.225830,11.236476,2277100
2011-12-29,11.273736,11.433421,11.247122,11.417453,2127200
2011-12-30,11.374873,11.470683,11.342935,11.412132,1498900
2012-01-03,11.688914,11.811340,11.683592,11.752789,2787500
2012-01-04,11.821987,11.912475,11.747467,11.891184,2432800
2012-01-05,11.704885,11.763436,11.609074,11.736821,1865800
2012-01-06,11.646333,11.646333,11.491971,11.582459,3673200
2012-01-09,11.593103,11.619717,11.491969,11.619717,1627700
2012-01-10,11.859249,11.896508,11.806020,11.843280,1645300
2012-01-11,11.837957,11.933768,11.800698,11.912477,1164400
2012-01-12,11.971022,11.986991,11.821983,11.965699,2735200
2012-01-13,11.806017,11.880536,11.672946,11.869890,4374200
2012-01-17,12.024251,12.066833,11.939086,11.965699,2381800
2012-01-18,12.013607,12.183937,11.981670,12.178614,2133500
2012-01-19,12.146678,12.183938,12.098772,12.157324,2679100
2012-01-20,12.157325,12.215876,12.130711,12.210553,2817000
2012-01-23,12.247812,12.332977,12.189260,12.253135,2865800
2012-01-24,12.088127,12.194583,12.050867,12.157324,4090700
2012-01-25,12.205228,12.508628,12.146676,12.471369,4276300
2012-01-26,12.625731,12.668313,12.444755,12.508629,3090900
2012-01-27,12.476694,12.588473,12.450079,12.561859,2510400
2012-01-30,12.348947,12.476695,12.290396,12.439435,2136100
2012-01-31,12.561860,12.572506,12.380884,12.466049,2357800
2012-02-01,12.561859,12.678961,12.561859,12.593796,3266700
2012-02-02,12.609764,12.668314,12.540567,12.599118,2592900
2012-02-03,12.705575,12.806708,12.668315,12.785418,5972100
2012-02-06,12.652348,12.710898,12.620410,12.705576,4365600
2012-02-07,12.689606,12.753479,12.631054,12.700252,3427000
2012-02-08,12.758805,12.806710,12.652349,12.721545,1714400
2012-02-09,12.774773,12.780096,12.668316,12.710898,1731900
2012-02-10,12.412821,12.434113,12.354270,12.386208,2534100
2012-02-13,12.609763,12.641700,12.551212,12.588471,3310500
2012-02-14,12.482019,12.508633,12.317011,12.418145,4796200
2012-02-15,12.492659,12.513951,12.354266,12.380880,2544100
2012-02-16,12.301042,12.466049,12.263782,12.439435,3130500
2012-02-17,12.418143,12.423466,12.290396,12.343624,3334400
2012-02-21,12.551210,12.599116,12.492659,12.519274,3876000
2012-02-22,12.497984,12.556535,12.471370,12.497984,3041700
2012-02-23,12.567188,12.636384,12.513959,12.625738,2838900
2012-02-24,12.673642,12.748162,12.631059,12.647028,3524600
2012-02-27,12.545891,12.737513,12.497986,12.668316,2794900
2012-02-28,12.647025,12.700253,12.604442,12.673638,2764500
2012-02-29,12.828000,12.870582,12.599118,12.641701,7614500
2012-03-01,12.700254,12.774774,12.673640,12.721545,4322000
2012-03-02,12.657676,12.668321,12.588479,12.625738,2770900
2012-03-05,12.577827,12.583150,12.466049,12.513954,1657600
2012-03-06,12.167972,12.178617,12.034901,12.104097,3297700
2012-03-07,12.077485,12.194587,12.056193,12.173296,2551300
2012-03-08,12.295721,12.386209,12.237170,12.348949,2345100
2012-03-09,12.338299,12.418141,12.301040,12.322330,1859300
2012-03-12,12.210553,12.237167,12.152002,12.221198,1876800
2012-03-13,12.332978,12.497985,12.306364,12.482018,2709400
2012-03-14,12.407497,12.423466,12.274426,12.338301,2260200
2012-03-15,12.412819,12.508630,12.370236,12.497984,2069400
2012-03-16,12.572508,12.599122,12.545893,12.572508,11836600
2012-03-19,12.535244,12.684283,12.513953,12.631055,2096000
2012-03-20,12.343626,12.380885,12.285074,12.359593,1694300
2012-03-21,12.295718,12.322331,12.231843,12.301041,2313000
2012-03-22,12.152000,12.205228,12.104094,12.178614,2756800
2012-03-23,12.242493,12.370240,12.178618,12.348949,2505100
2012-03-26,12.476689,12.551209,12.471366,12.540563,1713600
2012-03-27,12.519277,12.535245,12.428789,12.428789,1489000
2012-03-28,12.466049,12.492663,12.332979,12.444757,2480600
2012-03-29,12.348947,12.471372,12.269104,12.450080,4290300
2012-03-30,12.519277,12.535245,12.434112,12.513954,2442700
2012-04-02,12.455405,12.636381,12.423468,12.577829,1962000
2012-04-03,12.482014,12.487336,12.295715,12.380880,3390000
2012-04-04,12.258458,12.295717,12.183938,12.231843,3739000
2012-04-05,12.247815,12.348949,12.247815,12.306366,2165600
2012-04-09,12.189261,12.279749,12.162647,12.205230,946600
2012-04-10,12.215877,12.237167,12.002963,12.034901,2414600
2012-04-11,12.199906,12.242489,12.141355,12.157324,2209600
2012-04-12,12.322332,12.492662,12.322332,12.482018,2173800
2012-04-13,12.471370,12.476693,12.311685,12.322330,1684500
2012-04-16,12.423465,12.444756,12.301040,12.370236,2264700
2012-04-17,12.455403,12.561860,12.407497,12.503308,2130700
2012-04-18,12.492663,12.561860,12.471372,12.487340,1395800
2012-04-19,12.535245,12.588473,12.412820,12.503308,3553000
2012-04-20,12.577826,12.631055,12.551213,12.567182,1169000
2012-04-23,12.343624,12.402174,12.285073,12.375561,1598800
2012-04-24,12.455402,12.529923,12.434112,12.476694,1259300
2012-04-25,12.599118,12.662992,12.572504,12.657669,1445600
2012-04-26,12.577830,12.716223,12.567185,12.678964,1781000
2012-04-27,12.732192,12.790743,12.668317,12.748160,1532300
2012-04-30,12.689606,12.700252,12.641700,12.689606,1777600
2012-05-01,12.647022,12.806706,12.647022,12.753478,2229800
2012-05-02,12.641703,12.732191,12.593798,12.721545,1863700
2012-05-03,12.673637,12.678960,12.561859,12.609764,1461100
2012-05-04,12.407495,12.434110,12.279747,12.295716,2803300
2012-05-07,12.247813,12.327655,12.215877,12.290396,1555900
2012-05-08,12.061514,12.082806,11.917797,12.040223,3264300
2012-05-09,11.880539,12.029578,11.811343,11.944413,3814600
2012-05-10,12.199909,12.221200,12.072162,12.093452,6595900
2012-05-11,11.965703,12.109419,11.955057,11.981671,2190200
2012-05-14,11.875215,11.960381,11.837956,11.864571,2569300
2012-05-15,11.832634,11.891185,11.715532,11.747469,3271400
2012-05-16,11.630363,11.699559,11.486647,11.486647,3308200
2012-05-17,11.454713,11.470681,11.273737,11.273737,3280200
2012-05-18,11.273736,11.284381,11.076791,11.098083,3062000
2012-05-21,11.140667,11.390839,11.135344,11.374871,4338300
2012-05-22,11.396159,11.454711,11.215183,11.300348,2018400
2012-05-23,11.092760,11.161956,10.927753,11.156633,2957600
2012-05-24,11.145988,11.161956,10.986303,11.098083,2555100
2012-05-25,10.991622,11.050174,10.943717,10.954363,2108800
2012-05-29,11.268415,11.326966,11.167281,11.289705,2138200
2012-05-30,11.066147,11.071469,10.970336,10.991627,2428100
2012-05-31,11.076792,11.119375,10.911785,11.050179,2518100
2012-06-01,10.911784,10.980980,10.831942,10.842587,2894400
2012-06-04,10.949044,10.986304,10.837265,10.949044,2220300
2012-06-05,10.959691,11.071470,10.954368,11.066148,2643200
2012-06-06,11.241803,11.449392,11.241803,11.449392,4765400
2012-06-07,11.630367,11.641013,11.417454,11.454714,2295700
2012-06-08,11.215185,11.444067,11.193894,11.438744,1271700
2012-06-11,11.502618,11.513262,11.241799,11.252444,1692900
2012-06-12,11.374870,11.444067,11.284382,11.438744,1959900
2012-06-13,11.332287,11.433420,11.279059,11.316319,1439700
2012-06-14,11.284383,11.406808,11.231155,11.374871,1611100
2012-06-15,11.412132,11.539879,11.396163,11.534556,1479900
2012-06-18,11.571815,11.720855,11.545202,11.678272,1623300
2012-06-19,11.864570,11.939089,11.843278,11.880538,3483800
2012-06-20,11.869892,11.955057,11.742144,11.811341,3450500
2012-06-21,11.743952,11.754820,11.379840,11.396143,2001700
2012-06-22,11.455922,11.504833,11.385274,11.472226,1298100
2012-06-25,11.287453,11.292887,11.195066,11.260280,1700600
2012-06-26,11.374409,11.472230,11.282022,11.412450,1592100
2012-06-27,11.510271,11.575484,11.477664,11.559181,1053300
2012-06-28,11.390709,11.472228,11.309192,11.439620,1622400
2012-06-29,11.852643,11.890684,11.814601,11.874381,1491700
2012-07-02,11.950465,11.977638,11.879817,11.972203,945000
2012-07-03,11.928723,12.053717,11.923289,12.053717,1204400
2012-07-05,12.026546,12.080891,11.972202,12.031981,1162600
2012-07-06,11.890686,11.928729,11.809169,11.896121,1005200
2012-07-09,11.830903,11.868944,11.776558,11.868944,911900
2012-07-10,11.890682,11.901551,11.662433,11.705910,2323000
2012-07-11,11.814602,11.868947,11.722216,11.820037,1182800
2012-07-12,11.608091,11.689608,11.537442,11.646132,1466200
2012-07-13,11.689606,11.868944,11.689606,11.852640,780400
2012-07-16,11.863512,11.896119,11.792864,11.874381,952900
2012-07-17,11.988505,12.070022,11.852642,12.048285,1326900
2012-07-18,11.988503,12.167842,11.988503,12.124366,1745800
2012-07-19,12.320008,12.374353,12.265663,12.330877,1968700
2012-07-20,12.271101,12.281970,12.173280,12.184149,2969300
2012-07-23,11.874381,11.977637,11.825470,11.955898,2276800
2012-07-24,12.010246,12.021115,11.781997,11.885253,1415700
2012-07-25,12.037415,12.097195,11.928726,12.031981,3683800
2012-07-26,12.265667,12.320012,12.222191,12.260232,1725200
2012-07-27,12.423267,12.624343,12.406963,12.591736,2865000
2012-07-30,12.597168,12.656948,12.575430,12.602603,1159000
2012-07-31,12.646080,12.678687,12.575431,12.597170,3700200
2012-08-01,12.689557,12.700426,12.553695,12.564564,2522600
2012-08-02,12.515651,12.651514,12.434133,12.537389,3052300
2012-08-03,12.716727,12.825417,12.700424,12.781941,1831800
2012-08-06,12.765638,12.847155,12.749334,12.781941,1536200
2012-08-07,12.874329,12.917805,12.836287,12.836287,2532600
2012-08-08,12.874326,12.972147,12.863457,12.923237,1061900
2012-08-09,12.890634,12.955849,12.874332,12.917808,1380200
2012-08-10,12.781943,12.912371,12.760204,12.912371,1325500
2012-08-13,12.798243,12.836285,12.727595,12.776505,2177100
2012-08-14,12.765638,12.798244,12.711292,12.754768,2650500
2012-08-15,12.694990,12.743901,12.684121,12.722162,3172000
2012-08-16,12.809117,12.934110,12.776510,12.901504,2262500
2012-08-17,12.885197,12.901501,12.836288,12.863460,1608400
2012-08-20,12.928674,12.961280,12.890631,12.955846,844500
2012-08-21,13.118884,13.173229,13.031932,13.069973,4894400
2012-08-22,12.961282,13.108014,12.939544,13.091710,1468100
2012-08-23,13.004756,13.015626,12.896066,12.928674,2341000
2012-08-24,12.836288,12.944977,12.803680,12.912371,1351900
2012-08-27,12.858027,12.890634,12.809117,12.825420,1380100
2012-08-28,12.841718,12.906932,12.819980,12.868891,1286600
2012-08-29,12.885197,12.901501,12.819984,12.836287,1068900
2012-08-30,12.733032,12.733032,12.569997,12.597170,2404700
2012-08-31,12.743900,12.825417,12.629775,12.754768,2780800
2012-09-04,12.586302,12.613474,12.483046,12.526522,7548500
2012-09-05,12.493915,12.531956,12.434135,12.493915,2768800
2012-09-06,12.618906,12.825418,12.613471,12.798244,5736100
2012-09-07,12.830851,12.912369,12.830851,12.896065,2071100
2012-09-10,12.803680,12.852591,12.733032,12.743901,1790000
2012-09-11,12.879763,12.972150,12.874328,12.939542,2546100
2012-09-12,13.026497,13.037366,12.955849,12.988456,1664500
2012-09-13,12.955845,13.287350,12.917804,13.222136,3272900
2012-09-14,13.281920,13.428651,13.265617,13.309093,1930400
2012-09-17,13.249308,13.271046,13.118880,13.156921,1643200
2012-09-18,13.102579,13.135186,13.053669,13.129751,1901000
2012-09-19,13.162356,13.254742,13.135184,13.222136,1428100
2012-09-20,13.026492,13.140617,12.977581,13.135182,4116800
2012-09-21,13.211268,13.222138,13.129751,13.129751,1273700
2012-09-24,13.026495,13.086275,12.993889,13.059103,3496900
2012-09-25,13.080840,13.108014,12.858026,12.879765,4376900
2012-09-26,12.847156,12.885197,12.787377,12.836287,1452700
2012-09-27,13.004757,13.124316,12.950412,13.075405,1398400
2012-09-28,12.988453,12.993887,12.896066,12.928674,3303800
2012-10-01,13.059102,13.184095,13.026494,13.053667,2305500
2012-10-02,13.124317,13.140621,12.993889,13.037365,3128800
2012-10-03,13.004756,13.031928,12.923239,12.939542,4976500
2012-10-04,13.010192,13.124316,12.977585,13.059103,3949300
2012-10-05,13.205834,13.227572,12.993889,13.048234,2811900
2012-10-08,13.031930,13.075406,12.999323,13.048234,1226000
2012-10-09,13.118882,13.146055,12.999323,13.026495,3796500
2012-10-10,13.113447,13.135186,13.004758,13.048234,2397800
2012-10-11,13.216705,13.233009,13.124318,13.124318,2934000
2012-10-12,13.124317,13.173228,13.053669,13.080841,2622200
2012-10-15,13.156922,13.249309,13.091709,13.211267,3939000
2012-10-16,13.243874,13.309087,13.227570,13.298218,1951800
2012-10-17,13.434080,13.553639,13.401473,13.526466,6167900
2012-10-18,13.504733,13.613422,13.444953,13.488429,2781000
2012-10-19,13.493863,13.504732,13.325393,13.347131,2256700
2012-10-22,13.363434,13.428647,13.276482,13.374303,2481200
2012-10-23,13.222138,13.222138,13.108014,13.184096,3108100
2012-10-24,13.298221,13.325394,13.243876,13.271049,2217200
2012-10-25,13.417781,13.450388,13.287353,13.368871,1177100
2012-10-26,13.287355,13.347134,13.243879,13.309093,1402400
2012-10-31,13.352563,13.390605,13.303653,13.357998,1908500
2012-11-01,13.249308,13.357998,13.243874,13.357998,3061400
2012-11-02,13.336260,13.341694,13.124314,13.151487,2097100
2012-11-05,13.227573,13.260180,13.178663,13.238442,3226500
2012-11-06,13.379737,13.455820,13.374302,13.434081,5300900
2012-11-07,13.379740,13.390608,13.243878,13.314526,3271100
2012-11-08,13.352566,13.417781,13.260180,13.260180,3497700
2012-11-09,13.265615,13.396043,13.254746,13.314526,2959600
2012-11-12,13.357998,13.379736,13.314522,13.330826,1423300
2012-11-13,13.124319,13.249312,13.108016,13.173229,4079800
2012-11-14,13.140622,13.167794,12.939545,12.966718,4339000
2012-11-15,12.917802,12.944974,12.841719,12.923237,3497200
2012-11-16,12.879763,12.955846,12.749334,12.928674,2162900
2012-11-19,13.059101,13.162356,13.053667,13.156921,2767600
2012-11-20,13.097142,13.129749,13.015625,13.097142,1828400
2012-11-21,13.075406,13.108014,13.031930,13.091710,1568100
2012-11-23,13.205834,13.347131,13.205834,13.347131,853700
2012-11-26,13.276486,13.314527,13.227575,13.309093,1388300
2012-11-27,13.374304,13.423215,13.325393,13.336263,1737100
2012-11-28,13.314525,13.455822,13.271049,13.439518,3822700
2012-11-29,13.526469,13.569945,13.482993,13.521034,2324000
2012-11-30,13.559079,13.602555,13.537341,13.569947,1771700
2012-12-03,13.667764,13.678634,13.569943,13.580812,2919800
2012-12-04,13.613421,13.651463,13.591684,13.607987,3670800
2012-12-05,13.640591,13.705804,13.564507,13.624287,3348000
2012-12-06,13.662329,13.727544,13.646026,13.684068,2239900
2012-12-07,13.776458,13.809064,13.754719,13.803630,1771700
2012-12-10,13.814499,13.852540,13.809064,13.836236,1400200
2012-12-11,13.890583,13.972101,13.890583,13.923191,2160900
2012-12-12,13.982968,14.059052,13.955796,13.966665,1603800
2012-12-13,13.923189,13.972099,13.841671,13.896016,2032900
2012-12-14,13.874276,13.955793,13.868841,13.912317,1632100
2012-12-17,13.879709,13.982964,13.863405,13.972095,2092100
2012-12-18,13.980547,14.059374,13.941134,14.019960,3909400
2012-12-19,14.019956,14.053739,13.963651,13.980543,2066600
2012-12-20,14.014326,14.053740,13.974913,14.048110,1722300
2012-12-21,13.929866,13.991802,13.901714,13.935496,2546300
2012-12-24,13.912977,13.924238,13.862303,13.879194,544500
2012-12-26,13.851042,13.946760,13.811628,13.856672,1175900
2012-12-27,13.991805,13.997436,13.867933,13.952392,3889700
2012-12-28,13.946758,14.014324,13.890453,13.901714,2644000
2012-12-31,13.890453,14.166348,13.890453,14.155087,3194000
2013-01-02,14.312743,14.357787,14.250807,14.352157,3725200
2013-01-03,14.357786,14.385938,14.267698,14.284590,2103900
2013-01-04,14.278963,14.369051,14.239549,14.346528,1239800
2013-01-07,14.267698,14.312742,14.233915,14.301480,1548300
2013-01-08,14.205761,14.228283,14.155086,14.205761,1067700
2013-01-09,14.290220,14.346525,14.262068,14.295851,1814400
2013-01-10,14.419722,14.470396,14.369047,14.459135,1539000
2013-01-11,14.363421,14.369052,14.312747,14.335268,2267200
2013-01-14,14.335266,14.385941,14.301483,14.374681,1621100
2013-01-15,14.312744,14.374680,14.290221,14.363419,2309600
2013-01-16,14.397200,14.476027,14.380309,14.464767,2670800
2013-01-17,14.526705,14.594272,14.509815,14.537967,2504500
2013-01-18,14.481658,14.532333,14.442245,14.509811,1590900
2013-01-22,14.515443,14.588640,14.498552,14.577378,1957600
2013-01-23,14.588641,14.611164,14.554858,14.594272,2055500
2013-01-24,14.571747,14.639314,14.543595,14.583009,1069300
2013-01-25,14.656205,14.667465,14.594269,14.633682,1080700
2013-01-28,14.605531,14.628052,14.560487,14.605531,1296500
2013-01-29,14.723768,14.780074,14.701247,14.757551,1713100
2013-01-30,14.746296,14.796971,14.695621,14.701252,2546900
2013-01-31,14.689987,14.751923,14.673095,14.706879,1142800
2013-02-01,14.808230,14.858905,14.780078,14.819491,2426300
2013-02-04,14.701252,14.729404,14.644947,14.667468,1606400
2013-02-05,14.673096,14.751924,14.661836,14.712509,1480000
2013-02-06,14.633682,14.718139,14.616790,14.706879,1283900
2013-02-07,14.735033,14.763185,14.588639,14.628053,2710700
2013-02-08,14.785707,14.836382,14.780076,14.808228,1202200
2013-02-11,14.763182,14.796966,14.735030,14.757551,931700
2013-02-12,14.757555,14.836382,14.746294,14.774446,1979500
2013-02-13,14.932098,14.988403,14.909576,14.943359,1497600
2013-02-14,15.010925,15.067230,15.005294,15.067230,1289300
2013-02-15,15.106644,15.112274,15.005295,15.055969,1427400
2013-02-19,15.269931,15.354388,15.269931,15.354388,2671500
2013-02-20,15.309340,15.314971,15.112272,15.117903,1803200
2013-02-21,14.915204,14.954617,14.813854,14.853268,2233000
2013-02-22,15.044710,15.140429,14.988406,15.140429,3663500
2013-02-25,15.224888,15.241779,14.960253,14.977145,2122200
2013-02-26,14.948992,15.005297,14.853273,14.977145,3500700
2013-02-27,14.960252,15.179842,14.937731,15.151690,1860600
2013-02-28,15.191099,15.264297,15.134794,15.134794,1657500
2013-03-01,15.117906,15.196733,15.078493,15.168581,2095800
2013-03-04,14.988407,15.095386,14.977146,15.084126,2646200
2013-03-05,15.264303,15.348760,15.253042,15.326238,1714100
2013-03-06,15.461365,15.472626,15.343125,15.405061,1619400
2013-03-07,15.421952,15.483888,15.416322,15.455736,1558900
2013-03-08,15.461366,15.461366,15.382539,15.444475,2075800
2013-03-11,15.450104,15.545822,15.427581,15.534561,727000
2013-03-12,15.528931,15.557083,15.472626,15.523300,1445800
2013-03-13,15.450105,15.450105,15.365647,15.405061,774000
2013-03-14,15.348754,15.393798,15.331862,15.348754,1522200
2013-03-15,15.517675,15.590872,15.489523,15.590872,1475800
2013-03-18,15.343125,15.455735,15.320602,15.376907,1937300
2013-03-19,15.174213,15.179843,15.005297,15.101016,2986600
2013-03-20,15.123538,15.174212,15.123538,15.146059,1290000
2013-03-21,15.055969,15.129166,15.022186,15.067230,11754500
2013-03-22,15.157318,15.269928,15.157318,15.253036,1116500
2013-03-25,15.269929,15.303712,15.101013,15.179840,2396700
2013-03-26,15.196737,15.247412,15.157324,15.241781,1633200
2013-03-27,15.168575,15.264294,15.140422,15.258663,1106400
2013-03-28,15.196734,15.264300,15.174212,15.224887,2185000
2013-04-01,15.196735,15.247410,15.140430,15.162952,1652000
2013-04-02,15.269934,15.320608,15.230520,15.247412,1799900
2013-04-03,15.236148,15.258671,15.027820,15.050342,2075900
2013-04-04,14.999664,15.072861,14.932099,15.055969,1444500
2013-04-05,14.785707,14.887057,14.723771,14.875795,2066500
2013-04-08,14.954619,14.999663,14.881423,14.999663,1959200
2013-04-09,15.219255,15.337495,15.162950,15.269930,2791800
2013-04-10,15.348753,15.455733,15.348753,15.410689,988000
2013-04-11,15.523301,15.596498,15.483888,15.517671,1272500
2013-04-12,15.427582,15.455735,15.314973,15.405061,1544400
2013-04-15,15.101012,15.117904,14.813856,14.825117,2674700
2013-04-16,15.101013,15.213624,15.039077,15.179840,2873300
2013-04-17,15.106640,15.117901,14.937725,15.022182,2023200
2013-04-18,14.988407,14.999668,14.819492,14.892689,1539100
2013-04-19,14.903945,14.948989,14.858901,14.903945,2077200
2013-04-22,14.943359,15.016555,14.847640,15.005294,834600
2013-04-23,15.168579,15.269928,15.123535,15.253036,1733900
2013-04-24,15.438848,15.523305,15.405065,15.472631,1519400
2013-04-25,15.534563,15.613389,15.489519,15.517671,1595500
2013-04-26,15.438844,15.472627,15.393800,15.450106,1685800
2013-04-29,15.596496,15.720367,15.596496,15.686584,1604800
2013-04-30,15.759785,15.849873,15.703480,15.821721,2576400
2013-05-01,15.658430,15.675322,15.534560,15.551452,1123200
2013-05-02,15.512043,15.596501,15.483891,15.557087,1471200
2013-05-03,15.658436,15.765415,15.658436,15.754154,1226600
2013-05-06,15.557086,15.630284,15.545826,15.619022,772600
2013-05-07,15.427582,15.472626,15.382538,15.461365,2083400
2013-05-08,15.545828,15.613393,15.534567,15.590872,1497200
2013-05-09,15.590868,15.590868,15.309342,15.393800,1759700
2013-05-10,15.298084,15.343128,15.236148,15.331866,1848200
2013-05-13,15.314974,15.326234,15.253038,15.286820,1333600
2013-05-14,15.236147,15.331866,15.236147,15.303714,2214200
2013-05-15,15.151689,15.191102,15.106645,15.168581,1573400
2013-05-16,15.039077,15.129166,14.943360,14.971512,2905700
2013-05-17,14.875794,14.948990,14.858902,14.937730,4996300
2013-05-20,15.010923,15.140424,15.005292,15.129164,2097400
2013-05-21,14.909576,15.067230,14.864532,14.971512,2043700
2013-05-22,14.864534,15.044710,14.628053,14.678727,4884000
2013-05-23,14.492922,14.656208,14.442248,14.594272,3319900
2013-05-24,14.081895,14.110047,14.025590,14.104417,2292200
2013-05-28,14.211394,14.256438,14.081892,14.115675,2542700
2013-05-29,14.065006,14.115681,13.991810,14.059376,1598700
2013-05-30,14.059369,14.177610,14.048109,14.110044,1012800
2013-05-31,13.873562,13.924236,13.744061,13.744061,2946400
2013-06-03,13.879194,14.059370,13.834150,14.048110,3770300
2013-06-04,13.946761,13.974913,13.794737,13.879194,1984100
2013-06-05,13.586409,13.614563,13.411864,13.423125,2320000
2013-06-06,13.310513,13.535734,13.282361,13.530104,4175500
2013-06-07,13.316147,13.485063,13.282364,13.445648,2730400
2013-06-10,13.338669,13.389344,13.293625,13.316147,3580100
2013-06-11,13.023358,13.181013,12.989576,13.107817,2188500
2013-06-12,13.293623,13.310513,13.096555,13.102185,2831000
2013-06-13,13.321777,13.552627,13.276733,13.513214,3160700
2013-06-14,13.563888,13.642714,13.451277,13.479430,2461000
2013-06-17,13.704651,13.760956,13.603302,13.693390,1951700
2013-06-18,13.541364,13.682127,13.535734,13.614561,1254100
2013-06-19,13.653976,13.710281,13.259840,13.271101,3927400
2013-06-20,12.888228,12.888228,12.640487,12.674270,4031900
2013-06-21,12.860072,12.882593,12.674265,12.792505,2721400
2013-06-24,12.702419,12.837551,12.578548,12.724941,3384700
2013-06-25,12.905119,12.995207,12.792508,12.955793,2791300
2013-06-26,13.158491,13.220426,13.062773,13.107817,1354500
2013-06-27,13.310735,13.397206,13.287676,13.293441,1781700
2013-06-28,13.097438,13.108968,12.970615,13.016732,2652800
2013-07-01,12.930265,13.028265,12.901441,12.947558,1684100
2013-07-02,12.982146,13.103204,12.953322,13.005204,1988100
2013-07-03,12.693908,12.843791,12.693908,12.797673,952000
2013-07-05,12.987910,13.016734,12.791910,12.901439,1964200
2013-07-08,12.993674,13.068615,12.987909,13.034027,1582200
2013-07-09,13.258853,13.322265,13.143558,13.304971,1965100
2013-07-10,13.345325,13.414502,13.149324,13.189677,2931200
2013-07-11,13.506734,13.575910,13.443322,13.547087,2846800
2013-07-12,13.351086,13.397204,13.322263,13.368381,1483900
2013-07-15,13.391442,13.466384,13.391442,13.449089,1291300
2013-07-16,13.575913,13.633560,13.535560,13.633560,993200
2013-07-17,13.737317,13.760376,13.593199,13.650846,3439900
2013-07-18,13.570145,13.633557,13.541321,13.604733,2252700
2013-07-19,13.575912,13.598972,13.552854,13.575912,857000
2013-07-22,13.639322,13.720028,13.627793,13.679675,956700
2013-07-23,13.720029,13.777677,13.650853,13.731559,1992800
2013-07-24,13.777678,13.789208,13.575913,13.633560,1600400
2013-07-25,13.656618,13.783441,13.593205,13.760383,1203200
2013-07-26,13.777678,13.869913,13.702737,13.864148,1422400
2013-07-29,13.743091,13.806503,13.725796,13.754621,1323400
2013-07-30,13.616266,13.616266,13.500971,13.552854,1533400
2013-07-31,13.431789,13.512496,13.362613,13.408731,2148500
2013-08-01,13.408735,13.466383,13.374147,13.414500,4731200
2013-08-02,13.426029,13.541323,13.402970,13.495205,1065000
2013-08-05,13.426030,13.472148,13.408735,13.460618,1364400
2013-08-06,13.500972,13.524030,13.426031,13.500972,1634300
2013-08-07,13.230029,13.310735,13.212735,13.270382,2048700
2013-08-08,13.535552,13.702729,13.535552,13.650846,1526800
2013-08-09,13.645086,13.783440,13.645086,13.737322,1117400
2013-08-12,13.777674,13.881439,13.777674,13.823792,1876100
2013-08-13,13.898734,13.967910,13.823792,13.933322,1708500
2013-08-14,13.944852,13.996734,13.910263,13.933322,2322900
2013-08-15,13.806500,13.869911,13.691205,13.841088,2300300
2013-08-16,13.916027,13.939087,13.841086,13.881439,1458200
2013-08-19,13.875676,13.904501,13.754618,13.760383,1729100
2013-08-20,13.656618,13.743088,13.645088,13.685441,4110000
2013-08-21,13.610499,13.696970,13.477910,13.524028,3058200
2013-08-22,13.587439,13.679675,13.587439,13.622027,1636900
2013-08-23,13.714264,13.818028,13.696969,13.794970,1466800
2013-08-26,13.794969,13.829557,13.696969,13.708499,966000
2013-08-27,13.604734,13.673910,13.535557,13.570146,1735000
2013-08-28,13.454852,13.581675,13.431792,13.524028,991900
2013-08-29,13.524030,13.570149,13.500972,13.500972,991200
2013-08-30,13.639325,13.639325,13.518266,13.535560,1098600
2013-09-03,14.042852,14.048617,13.916027,13.933322,2454400
2013-09-04,14.019792,14.181205,14.002499,14.129322,1994400
2013-09-05,14.037089,14.088971,14.025559,14.048618,1030400
2013-09-06,14.152383,14.192737,14.065913,14.135090,1764200
2013-09-09,14.250381,14.359911,14.238852,14.348381,2078800
2013-09-10,14.532852,14.596264,14.504029,14.578971,2156100
2013-09-11,14.532852,14.648147,14.515559,14.625089,1172300
2013-09-12,14.498268,14.550150,14.463680,14.480974,1516600
2013-09-13,14.452148,14.498266,14.446383,14.475207,1054400
2013-09-16,14.723089,14.723089,14.573206,14.584735,1355600
2013-09-17,14.688503,14.734621,14.688503,14.723092,1067700
2013-09-18,14.659676,15.120853,14.659676,15.109324,2491500
2013-09-19,15.103562,15.103562,14.924855,14.930620,2056000
2013-09-20,14.872970,14.878735,14.751911,14.757676,1418100
2013-09-23,14.821091,14.832621,14.757680,14.803798,999200
2013-09-24,14.746150,14.803798,14.676973,14.723092,1068400
2013-09-25,14.757676,14.826852,14.728852,14.757676,1164800
2013-09-26,14.832618,14.936383,14.826853,14.872971,815400
2013-09-27,14.734621,14.780738,14.711562,14.769210,706600
2013-09-30,14.573209,14.636620,14.521326,14.567444,1793100
2013-10-01,14.590500,14.700030,14.567442,14.688500,1643900
2013-10-02,14.578974,14.700033,14.538620,14.682738,1581300
2013-10-03,14.705797,14.711562,14.602032,14.653914,1596600
2013-10-04,14.711558,14.821087,14.700028,14.780734,1209100
2013-10-07,14.475205,14.596263,14.463675,14.521322,1193600
2013-10-08,14.550150,14.578974,14.411797,14.429091,1196000
2013-10-09,14.492499,14.532852,14.394499,14.486734,1283300
2013-10-10,14.555916,14.763446,14.555916,14.746152,1573900
2013-10-11,14.798031,14.942149,14.798031,14.942149,1277000
2013-10-14,14.809561,14.970972,14.798031,14.970972,985600
2013-10-15,14.930621,14.988268,14.861445,14.919091,1115200
2013-10-16,14.994030,15.109324,14.988265,15.109324,856500
2013-10-17,15.184266,15.334148,15.184266,15.328383,1266900
2013-10-18,15.432154,15.512859,15.409094,15.507094,1711800
2013-10-21,15.489793,15.512851,15.466733,15.489793,1883400
2013-10-22,15.645444,15.749209,15.633916,15.708857,1819700
2013-10-23,15.466735,15.478265,15.391794,15.472500,1056900
2013-10-24,15.460976,15.530153,15.432153,15.524388,1461600
2013-10-25,15.541678,15.605090,15.541678,15.593560,880100
2013-10-28,15.599325,15.691561,15.564737,15.645443,3469300
2013-10-29,15.512853,15.530147,15.460970,15.472500,5904200
2013-10-30,15.478266,15.501324,15.293795,15.386030,1217000
2013-10-31,15.455211,15.484035,15.374505,15.374505,1794100
2013-11-01,15.368736,15.380266,15.270736,15.362971,1375500
2013-11-04,15.380267,15.449443,15.357208,15.426385,660100
2013-11-05,15.466739,15.484034,15.397562,15.443681,1017400
2013-11-06,15.564739,15.593562,15.512857,15.570504,833200
2013-11-07,15.524384,15.564737,15.339913,15.362971,989600
2013-11-08,15.328386,15.437916,15.299563,15.420622,1917900
2013-11-11,15.293801,15.299566,15.253447,15.276506,638700
2013-11-12,15.132383,15.161207,15.045913,15.092031,3862300
2013-11-13,14.890269,15.011329,14.878739,15.005564,1738400
2013-11-14,14.930618,15.074736,14.919089,15.063207,1487600
2013-11-15,15.236152,15.282270,15.195800,15.264976,1122400
2013-11-18,15.282266,15.322619,15.149678,15.178501,3323100
2013-11-19,15.161211,15.207329,15.120858,15.161211,1212000
2013-11-20,15.063208,15.115090,14.872972,14.942149,2346900
2013-11-21,14.849912,14.878736,14.792265,14.838383,1746100
2013-11-22,14.774970,14.849912,14.740382,14.832618,840700
2013-11-25,14.815323,14.855676,14.792264,14.821087,856800
2013-11-26,14.682740,14.786505,14.682740,14.746152,1044500
2013-11-27,14.665442,14.688500,14.630853,14.688500,882200
2013-11-29,14.682739,14.751916,14.607798,14.619328,1466300
2013-12-02,14.480972,14.515560,14.434854,14.452147,1912400
2013-12-03,14.388737,14.429091,14.331091,14.417562,1693000
2013-12-04,14.290737,14.429090,14.284972,14.406031,1150800
2013-12-05,14.135090,14.238855,14.112031,14.221560,2939300
2013-12-06,14.256149,14.331091,14.227326,14.319561,1376800
2013-12-09,14.094735,14.135088,14.083205,14.123558,1105800
2013-12-10,14.123566,14.146625,14.077448,14.117801,961800
2013-12-11,14.077446,14.083211,13.881445,13.904505,2332600
2013-12-12,13.604734,13.616263,13.518263,13.570146,1779100
2013-12-13,13.691205,13.737323,13.650852,13.725793,1586700
2013-12-16,13.823794,13.916030,13.818030,13.829559,1580400
2013-12-17,13.702735,13.720028,13.633557,13.679675,1283800
2013-12-18,13.706854,13.860464,13.517793,13.736394,2759500
2013-12-19,13.884098,13.966812,13.860465,13.954996,3210700
2013-12-20,14.114516,14.179505,14.096792,14.179505,2131800
2013-12-23,14.333112,14.409917,14.309479,14.350837,1379500
2013-12-24,14.333113,14.409918,14.333113,14.398103,337900
2013-12-26,14.303576,14.374475,14.244496,14.374475,355400
2013-12-27,14.418238,14.430067,14.317701,14.323615,849500
2013-12-30,14.400495,14.400495,14.329527,14.365011,1385600
2013-12-31,14.394579,14.453719,14.370922,14.412321,994100
2014-01-02,14.388668,14.394582,14.288131,14.299959,2460600
2014-01-03,14.501033,14.560173,14.441894,14.441894,1702500
2014-01-06,14.406409,14.424150,14.365011,14.394581,1851100
2014-01-07,14.341354,14.400494,14.335440,14.370923,911100
2014-01-08,14.323613,14.353183,14.228989,14.282215,3192900
2014-01-09,14.294042,14.294042,14.211247,14.258558,1595400
2014-01-10,14.311787,14.435980,14.311787,14.400496,1517200
2014-01-13,14.430063,14.471461,14.294043,14.329526,1344800
2014-01-14,14.146191,14.175760,14.092965,14.140277,1862100
2014-01-15,14.087050,14.163932,14.081136,14.134361,1575900
2014-01-16,14.092967,14.116624,14.045656,14.104795,1571400
2014-01-17,14.075227,14.087055,13.986518,14.022001,1374600
2014-01-21,14.158022,14.181678,14.063399,14.116625,1054300
2014-01-22,14.193508,14.211250,14.104799,14.128454,1471000
2014-01-23,13.974691,13.974691,13.767703,13.850498,2400500
2014-01-24,13.690819,13.714476,13.542970,13.548884,2554600
2014-01-27,13.613936,13.690817,13.489742,13.608022,1644300
2014-01-28,13.678990,13.726302,13.637593,13.708561,1594500
2014-01-29,13.554798,13.690819,13.554798,13.566627,2074400
2014-01-30,13.767704,13.803187,13.702650,13.773618,1517200
2014-01-31,13.525228,13.690819,13.495658,13.625766,1227000
2014-02-03,13.732216,13.755872,13.412862,13.418777,3398900
2014-02-04,13.643506,13.749957,13.619851,13.744043,2315100
2014-02-05,13.625765,13.673077,13.542969,13.637592,1216900
2014-02-06,13.862327,13.992433,13.862327,13.980605,3548900
2014-02-07,13.992431,14.087055,13.962862,14.081141,1447600
2014-02-10,14.075223,14.098879,14.045654,14.075223,1320700
2014-02-11,14.264474,14.453721,14.258560,14.406409,1488300
2014-02-12,14.548346,14.572001,14.471464,14.506948,1626100
2014-02-13,14.311785,14.518773,14.305871,14.471461,1156700
2014-02-14,14.642965,14.725760,14.631137,14.708019,2135300
2014-02-18,14.755330,14.796728,14.719846,14.773071,2493800
2014-02-19,14.767158,14.861781,14.678449,14.708019,2071700
2014-02-20,14.731672,14.903177,14.713929,14.861778,1207100
2014-02-21,14.796725,14.844036,14.778982,14.790811,992500
2014-02-24,14.909097,15.080603,14.897270,14.968237,1572600
2014-02-25,14.909093,14.938664,14.814470,14.838126,2660200
2014-02-26,14.832213,14.867697,14.743504,14.802644,2506000
2014-02-27,14.696194,14.820386,14.690280,14.808559,1203200
2014-02-28,14.743504,14.814471,14.684364,14.755332,1839100
2014-03-03,14.607482,14.666621,14.571997,14.642965,2120200
2014-03-04,14.844038,14.879522,14.814468,14.855866,1115300
2014-03-05,14.879525,14.932750,14.879525,14.909094,1534900
2014-03-06,15.116083,15.181137,15.086514,15.092428,1708700
2014-03-07,15.204795,15.204795,15.033290,15.074688,1378300
2014-03-10,14.944578,14.950492,14.820384,14.885438,1451500
2014-03-11,14.938667,14.974151,14.708023,14.737593,2818200
2014-03-12,14.625227,14.737593,14.595658,14.737593,1503500
2014-03-13,14.909091,14.950489,14.684361,14.731672,3014200
2014-03-14,14.619310,14.708020,14.607483,14.613396,1757100
2014-03-17,14.767161,14.844043,14.767161,14.820387,1452900
2014-03-18,14.879527,14.968236,14.867699,14.926839,2620200
2014-03-19,14.897266,14.897266,14.613395,14.690277,1807500
2014-03-20,14.518776,14.684368,14.495121,14.660712,1347800
2014-03-21,14.737588,14.808556,14.678448,14.702105,2121600
2014-03-24,14.903181,14.903181,14.737590,14.802644,1361900
2014-03-25,14.956405,15.027372,14.909092,14.985974,1660400
2014-03-26,15.133821,15.181133,15.039198,15.056939,2086100
2014-03-27,15.068773,15.139741,15.021462,15.116085,1702300
2014-03-28,15.157479,15.222533,15.151566,15.187050,840800
2014-03-31,15.228447,15.317156,15.216618,15.299415,1177300
2014-04-01,15.252105,15.317158,15.246191,15.317158,1833900
2014-04-02,15.293502,15.346728,15.269846,15.334900,1180500
2014-04-03,15.287589,15.287589,15.228449,15.263932,1785200
2014-04-04,15.423610,15.476835,15.287589,15.311244,2121700
2014-04-07,15.334900,15.411781,15.293502,15.317158,1742100
2014-04-08,15.476833,15.606939,15.447263,15.589198,2366400
2014-04-09,15.772533,15.873070,15.707479,15.849414,4341000
2014-04-10,15.725219,15.748874,15.606939,15.612853,2454400
2014-04-11,15.589202,15.666083,15.547805,15.547805,1244200
2014-04-14,15.488660,15.541886,15.447263,15.518229,1316800
2014-04-15,15.399953,15.459092,15.299416,15.411780,3089700
2014-04-16,15.541886,15.606939,15.500487,15.595112,983000
2014-04-17,15.648339,15.689738,15.577373,15.642426,1623900
2014-04-21,15.636511,15.660166,15.618769,15.636511,779300
2014-04-22,15.725219,15.819842,15.725219,15.790273,1330600
2014-04-23,15.648338,15.737048,15.636511,15.725220,549400
2014-04-24,15.713395,15.725223,15.654255,15.695654,705800
2014-04-25,15.677908,15.707478,15.618769,15.654252,3121600
2014-04-28,15.754794,15.802106,15.660171,15.772536,2541900
2014-04-29,15.654254,15.689738,15.624684,15.660168,2379100
2014-04-30,15.612856,15.660168,15.559630,15.642426,1093800
2014-05-01,15.476834,15.524146,15.447265,15.500489,2294000
2014-05-02,15.465012,15.559635,15.441357,15.535980,1030000
2014-05-05,15.441351,15.577372,15.411780,15.559629,1344100
2014-05-06,15.666080,15.695650,15.618768,15.630596,1067400
2014-05-07,15.583288,15.636514,15.530062,15.618772,1123100
2014-05-08,15.689735,15.784358,15.689735,15.719304,1283200
2014-05-09,15.660169,15.701567,15.624686,15.695654,1149700
2014-05-12,15.677911,15.742965,15.660169,15.742965,773100
2014-05-13,15.790275,15.790275,15.725221,15.754790,1308700
2014-05-14,15.861245,15.873073,15.778450,15.802105,766000
2014-05-15,15.837590,15.843504,15.707482,15.772536,1230600
2014-05-16,15.819845,15.837587,15.754791,15.808017,2201100
2014-05-19,15.583283,15.618767,15.553713,15.601025,983700
2014-05-20,15.453178,15.476834,15.334900,15.358555,2206100
2014-05-21,15.429523,15.488663,15.405867,15.488663,1775900
2014-05-22,15.559629,15.601026,15.553715,15.583285,719800
2014-05-23,15.630598,15.666082,15.624684,15.642426,513000
2014-05-27,15.748876,15.748876,15.683823,15.731134,832200
2014-05-28,15.648339,15.683823,15.624684,15.671995,791700
2014-05-29,15.748876,15.819844,15.737049,15.813930,630100
2014-05-30,15.695651,15.719306,15.666080,15.707478,1782300
2014-06-02,15.713395,15.719309,15.671998,15.695654,1198400
2014-06-03,15.612855,15.618769,15.577372,15.606941,1130600
2014-06-04,15.506405,15.535975,15.494578,15.524147,751300
2014-06-05,15.553712,15.666078,15.488659,15.648335,2440000
2014-06-06,15.683822,15.731134,15.654252,15.707478,1425400
2014-06-09,15.731136,15.819845,15.719308,15.808017,1053400
2014-06-10,15.772533,15.808017,15.719308,15.808017,726000
2014-06-11,15.725218,15.737046,15.695648,15.713389,812400
2014-06-12,15.695648,15.719303,15.624680,15.648335,473100
2014-06-13,15.636508,15.654250,15.595111,15.648335,852700
2014-06-16,15.671996,15.719307,15.636512,15.642426,648100
2014-06-17,15.453178,15.506404,15.429523,15.488663,1766900
2014-06-18,15.423607,15.612853,15.405864,15.612853,1709600
2014-06-19,15.778443,15.813927,15.737046,15.778443,2919100
2014-06-20,15.707477,15.725220,15.671994,15.725220,1666500
2014-06-23,15.802103,15.819845,15.748877,15.808017,3130900
2014-06-24,15.671993,15.725219,15.583284,15.589198,1284000
2014-06-25,15.560981,15.663040,15.530964,15.651032,1573500
2014-06-26,15.813130,15.879168,15.771105,15.867161,1509900
2014-06-27,15.777109,15.885170,15.753095,15.867161,1680700
2014-06-30,15.609010,15.693058,15.609010,15.687055,1716200
2014-07-01,15.693059,15.789114,15.693059,15.759097,1808400
2014-07-02,15.843144,15.939199,15.843144,15.909183,876700
2014-07-03,15.831138,15.939199,15.813127,15.933197,487400
2014-07-07,15.897175,15.933197,15.897175,15.933197,1143500
2014-07-08,15.897178,15.909186,15.831141,15.873165,992300
2014-07-09,15.783113,15.873165,15.777109,15.861157,1869100
2014-07-10,15.645032,15.783113,15.639029,15.771106,1117800
2014-07-11,15.945205,15.945205,15.879168,15.939201,855300
2014-07-14,16.035259,16.047266,16.005242,16.011246,766600
2014-07-15,15.957210,15.975221,15.843144,15.933197,1247700
2014-07-16,15.975223,15.999237,15.951209,15.981227,1060600
2014-07-17,15.981227,16.017247,15.855154,15.867161,959600
2014-07-18,15.999236,16.077282,15.987229,16.047264,1236600
2014-07-21,15.969220,16.023251,15.945205,15.981227,1350200
2014-07-22,16.101297,16.119307,16.071280,16.095293,795400
2014-07-23,16.269394,16.281401,16.239376,16.269394,1132500
2014-07-24,16.269395,16.269395,16.197352,16.221367,698400
2014-07-25,16.185342,16.185342,16.113301,16.119305,647200
2014-07-28,16.167335,16.191348,16.083287,16.179342,3137200
2014-07-29,16.203353,16.221363,16.155325,16.155325,796400
2014-07-30,16.215361,16.251382,16.125310,16.167334,1439400
2014-07-31,16.047264,16.089288,15.951209,15.963216,1835500
2014-08-01,15.867161,15.957213,15.813130,15.861157,2883000
2014-08-04,15.891174,15.945205,15.825137,15.927196,1840500
2014-08-05,15.813128,15.837141,15.705065,15.753093,1544100
2014-08-06,15.777113,15.903185,15.765106,15.837147,1306800
2014-08-07,15.729079,15.753092,15.609009,15.657037,1268500
2014-08-08,15.548974,15.633024,15.512954,15.621017,1154200
2014-08-11,15.597002,15.633024,15.554978,15.621017,1031200
2014-08-12,15.735082,15.789113,15.729080,15.753093,889300
2014-08-13,15.861157,15.897178,15.849150,15.861157,818600
2014-08-14,15.951210,16.005241,15.933200,15.987230,727300
2014-08-15,16.005242,16.035259,15.903183,16.011246,850500
2014-08-18,16.065273,16.137314,16.065273,16.119305,994500
2014-08-19,16.173339,16.185345,16.137318,16.137318,1707400
2014-08-20,16.203355,16.305414,16.191348,16.251383,1329800
2014-08-21,16.203357,16.251385,16.191350,16.239378,791300
2014-08-22,16.221366,16.239375,16.143320,16.173338,1781800
2014-08-25,16.197350,16.221365,16.185343,16.203354,595500
2014-08-26,16.251384,16.269395,16.209360,16.221367,381900
2014-08-27,16.323423,16.329426,16.281399,16.281399,608100
2014-08-28,16.281401,16.299411,16.251383,16.293407,862300
2014-08-29,16.287403,16.329429,16.269394,16.305414,1071700
2014-09-02,16.293407,16.317421,16.251383,16.305414,1951500
2014-09-03,16.437488,16.437488,16.377455,16.413475,897100
2014-09-04,16.467504,16.515532,16.335427,16.359442,740400
2014-09-05,16.281396,16.329424,16.209354,16.329424,865100
2014-09-08,16.221366,16.221366,16.077283,16.095293,805300
2014-09-09,16.095293,16.095293,15.969221,15.999238,842300
2014-09-10,15.897178,15.981227,15.867161,15.981227,825600
2014-09-11,15.705070,15.759101,15.681057,15.723081,2140600
2014-09-12,15.591003,15.597006,15.506954,15.554982,1534300
2014-09-15,15.422903,15.422903,15.350861,15.404892,1620500
2014-09-16,15.278822,15.536970,15.266814,15.518960,2122200
2014-09-17,15.254809,15.266817,15.050691,15.110726,2695000
2014-09-18,15.146743,15.242799,15.140740,15.218785,1093100
2014-09-19,15.188768,15.194771,15.056692,15.068699,867800
2014-09-22,14.858584,14.864588,14.756525,14.828568,2431600
2014-09-23,14.882593,14.906606,14.834564,14.840568,1696900
2014-09-24,14.882595,14.984653,14.834566,14.978650,1526700
2014-09-25,14.708492,14.708492,14.564409,14.576416,2118200
2014-09-26,14.492365,14.546397,14.462349,14.528387,1550700
2014-09-29,14.264237,14.360292,14.246226,14.288250,2493700
2014-09-30,14.330274,14.408319,14.288249,14.372298,1808000
2014-10-01,14.420327,14.468355,14.354289,14.396313,1935300
2014-10-02,14.456349,14.498373,14.306263,14.456349,2164300
2014-10-03,14.408317,14.444338,14.330273,14.420324,1366400
2014-10-06,14.420325,14.540394,14.378301,14.492366,1540100
2014-10-07,14.438335,14.438335,14.312263,14.312263,1722000
2014-10-08,14.318266,14.606432,14.240221,14.594425,1628000
2014-10-09,14.570413,14.606433,14.318267,14.330275,1955300
2014-10-10,14.048104,14.108139,13.910024,13.916028,2376400
2014-10-13,14.168180,14.198197,14.006086,14.018093,2038000
2014-10-14,14.180192,14.258237,14.090139,14.114154,2094900
2014-10-15,14.270242,14.354290,14.018096,14.318270,3604000
2014-10-16,14.192193,14.522384,14.180187,14.390307,3269700
2014-10-17,14.576416,14.636450,14.528388,14.588422,1421300
2014-10-20,14.522382,14.702486,14.516379,14.678473,1577600
2014-10-21,14.720498,14.810550,14.720498,14.774529,1356400
2014-10-22,14.756520,14.834565,14.690482,14.720500,2147400
2014-10-23,14.792539,14.864581,14.792539,14.798543,1184500
2014-10-24,14.930622,14.972646,14.900604,14.948631,1606600
2014-10-27,14.948630,15.026675,14.930620,14.966640,2256200
2014-10-28,15.140742,15.368875,15.122733,15.224792,2154200
2014-10-29,15.194772,15.218786,14.912609,14.960637,3419300
2014-10-30,15.074697,15.224783,15.056686,15.188762,2242400
2014-10-31,15.230797,15.272821,15.182769,15.266817,1797800
2014-11-03,15.038681,15.050689,14.924616,14.966640,2753500
2014-11-04,15.026675,15.074702,15.002660,15.050688,2676700
2014-11-05,14.858577,14.894597,14.786535,14.882591,1622000
2014-11-06,14.870588,14.918616,14.810553,14.822560,3279400
2014-11-07,14.942628,15.038683,14.942628,14.996659,3430400
2014-11-10,15.056694,15.062698,14.966642,14.996659,1967400
2014-11-11,14.984648,15.092710,14.960634,15.044683,1373100
2014-11-12,14.942627,14.996658,14.918614,14.972645,1599400
2014-11-13,14.930617,14.966638,14.846568,14.876586,1033900
2014-11-14,14.816556,15.014670,14.810552,14.996659,788400
2014-11-17,14.792546,14.846577,14.774536,14.828568,981600
2014-11-18,14.774530,14.846571,14.768527,14.840568,2645700
2014-11-19,14.552405,14.570415,14.444342,14.462353,4131700
2014-11-20,14.282247,14.420326,14.258232,14.402315,1146400
2014-11-21,14.612435,14.642452,14.534390,14.558404,1740700
2014-11-24,14.456349,14.474360,14.420329,14.462353,1475200
2014-11-25,14.300257,14.354289,14.300257,14.342281,1432600
2014-11-26,14.414322,14.498370,14.402315,14.498370,1302000
2014-11-28,14.210207,14.252231,14.150172,14.186193,1988900
2014-12-01,13.916034,13.982072,13.807971,13.976068,3805800
2014-12-02,14.006084,14.060115,13.964059,14.036100,1535700
2014-12-03,14.120153,14.162177,14.084132,14.096139,2286600
2014-12-04,14.138158,14.216204,14.120148,14.132155,1449900
2014-12-05,14.000083,14.030101,13.952055,14.006086,1603000
2014-12-08,13.988069,14.042100,13.910024,13.916028,2384900
2014-12-09,13.675896,13.771951,13.657885,13.759944,2220000
2014-12-10,13.699907,13.705910,13.513800,13.567831,2780800
2014-12-11,13.561831,13.669894,13.513803,13.549824,2213100
2014-12-12,13.447762,13.495790,13.333696,13.345703,2876800
2014-12-15,13.369717,13.399734,13.201620,13.207623,8203400
2014-12-16,13.213627,13.399734,13.195616,13.261655,3428800
2014-12-17,13.210203,13.489161,13.204003,13.303188,4657000
2014-12-18,13.489159,13.563548,13.389975,13.551150,4432700
2014-12-19,13.650337,13.730924,13.594545,13.724725,2031900
2014-12-22,13.867303,13.910696,13.842506,13.861104,3191800
2014-12-23,13.724726,13.743324,13.675134,13.712329,3045400
2014-12-24,13.699929,13.749522,13.662735,13.718526,1978900
2014-12-26,13.749526,13.805317,13.737127,13.755725,630800
2014-12-29,14.003681,14.040875,13.960288,13.966487,1389600
2014-12-30,13.935494,13.960291,13.885901,13.885901,1515100
2014-12-31,13.867305,13.898300,13.724726,13.743323,1863400
2015-01-02,13.780519,13.805316,13.675135,13.699932,2210300
2015-01-05,13.712330,13.730927,13.544955,13.569751,2444900
2015-01-06,13.619345,13.675137,13.476767,13.513961,2265900
2015-01-07,13.526357,13.644140,13.501561,13.637940,1655400
2015-01-08,13.718528,13.848709,13.706130,13.817714,879900
2015-01-09,14.022285,14.040882,13.929298,13.947896,1932700
2015-01-12,13.873502,13.873502,13.755721,13.786716,1508300
2015-01-13,13.811512,13.885900,13.675132,13.786716,1870100
2015-01-14,13.575951,13.631743,13.489165,13.600748,2055800
2015-01-15,13.768117,13.792914,13.631738,13.681331,3659900
2015-01-16,13.569748,13.842507,13.569748,13.836308,1953200
2015-01-20,13.681335,13.706131,13.557354,13.656539,1283700
2015-01-21,13.830108,13.910697,13.724724,13.780516,2670400
2015-01-22,13.799116,13.867306,13.749523,13.774319,2110700
2015-01-23,13.675134,13.718528,13.613144,13.637940,1943600
2015-01-26,13.668937,13.718529,13.613145,13.687534,1135200
2015-01-27,13.730925,13.768119,13.681333,13.712329,1300900
2015-01-28,13.892102,13.898301,13.613144,13.637940,2074500
2015-01-29,13.619344,13.681335,13.513960,13.668937,1584800
2015-01-30,13.557353,13.699931,13.551153,13.588347,1610900
2015-02-02,13.805312,13.885899,13.768117,13.867303,1886300
2015-02-03,13.916896,14.270242,13.904497,14.164858,2460900
2015-02-04,14.140063,14.202054,14.065675,14.090470,3222600
2015-02-05,14.202055,14.350832,14.202055,14.344633,1437000
2015-02-06,14.251648,14.319838,14.208255,14.251648,2338600
2015-02-09,14.270242,14.350829,14.220649,14.233047,2138900
2015-02-10,14.220651,14.264045,14.152461,14.226851,1193600
2015-02-11,14.053278,14.053278,13.935495,14.016084,1672900
2015-02-12,13.972689,14.152461,13.966490,14.102869,1859300
2015-02-13,14.350830,14.450015,14.338431,14.400422,1803000
2015-02-17,14.406622,14.499607,14.381826,14.493408,1798700
2015-02-18,14.481009,14.611188,14.462411,14.561596,1554200
2015-02-19,14.487211,14.586396,14.487211,14.499608,1434900
2015-02-20,14.487210,14.592594,14.412820,14.580195,1195600
2015-02-23,14.505806,14.567797,14.487210,14.543000,1150300
2015-02-24,14.549199,14.710375,14.493408,14.679380,1499100
2015-02-25,14.778570,14.834362,14.772371,14.778570,1556300
2015-02-26,14.691779,14.691779,14.543000,14.580195,1675400
2015-02-27,14.654584,14.735172,14.635987,14.679380,1490100
2015-03-02,14.685579,14.722773,14.654583,14.691778,1122200
2015-03-03,14.710375,14.741371,14.673181,14.697977,1448000
2015-03-04,14.685580,14.685580,14.549200,14.617390,964700
2015-03-05,14.573996,14.598792,14.505806,14.543000,1426600
2015-03-06,14.456218,14.468617,14.282645,14.288843,1727700
2015-03-09,14.301242,14.319839,14.257848,14.288843,1556600
2015-03-10,14.065676,14.102870,13.929296,13.960292,3214000
2015-03-11,13.985088,14.003686,13.885904,13.923098,2739200
2015-03-12,14.295042,14.350834,14.264047,14.326038,2502600
2015-03-13,14.121469,14.127669,13.923098,14.047080,3172700
2015-03-16,14.152461,14.220651,14.133863,14.171059,2973600
2015-03-17,14.102868,14.164859,14.084270,14.127665,1800600
2015-03-18,14.146261,14.580196,14.133863,14.549200,3881200
2015-03-19,14.437615,14.493406,14.363226,14.406619,2043200
2015-03-20,14.722775,14.883951,14.679382,14.834358,3339200
2015-03-23,14.859156,14.989336,14.834360,14.939744,1827300
2015-03-24,14.989333,15.014129,14.921143,14.945940,2407600
2015-03-25,14.976940,14.995538,14.766172,14.778570,2076700
2015-03-26,14.679381,14.685581,14.555400,14.635988,2856200
2015-03-27,14.555399,14.573997,14.474812,14.493408,3337800
2015-03-30,14.332242,14.388032,14.319843,14.338440,2285600
2015-03-31,14.140063,14.264044,14.133863,14.171059,2011500
2015-04-01,14.214456,14.257849,14.152465,14.195858,2148700
2015-04-02,14.164864,14.307442,14.146266,14.245451,3291500
2015-04-06,14.270244,14.512007,14.257846,14.375628,2471200
2015-04-07,14.431422,14.530607,14.425223,14.450019,2396700
2015-04-08,14.592597,14.679383,14.530606,14.604994,3928000
2015-04-09,14.617384,14.617384,14.487205,14.567792,1960400
2015-04-10,14.549203,14.623593,14.549203,14.598796,1109200
2015-04-13,14.400422,14.431418,14.326033,14.350829,1876000
2015-04-14,14.375630,14.450018,14.350833,14.431421,1611500
2015-04-15,14.381828,14.549202,14.332235,14.474813,3915300
2015-04-16,14.654586,14.772369,14.611193,14.704179,3928100
2015-04-17,14.443819,14.481014,14.344634,14.431421,2755500
2015-04-20,14.394221,14.450012,14.357027,14.406619,2237300
2015-04-21,14.419020,14.462414,14.338432,14.363229,2097700
2015-04-22,14.369427,14.412821,14.307436,14.400422,1292300
2015-04-23,14.313636,14.518205,14.307437,14.505807,1360700
2015-04-24,14.759969,14.852955,14.741373,14.834358,1615500
2015-04-27,14.890148,15.014129,14.890148,14.908745,1221500
2015-04-28,15.001731,15.144309,14.983134,15.119513,1957600
2015-04-29,14.716578,14.828162,14.710379,14.759972,2810900
2015-04-30,14.419022,14.487212,14.344633,14.456216,3375100
2015-05-01,14.493414,14.549205,14.431424,14.536808,1113600
2015-05-04,14.505812,14.549206,14.487216,14.512012,1317500
2015-05-05,14.512006,14.567797,14.456214,14.493408,2045100
2015-05-06,14.394228,14.400428,14.177262,14.245451,2706700
2015-05-07,14.133865,14.140064,14.022282,14.065676,4956800
2015-05-08,14.189653,14.226848,14.084269,14.220649,1341400
2015-05-11,13.954093,14.047078,13.954093,13.960292,2028800
2015-05-12,14.208255,14.332236,14.189657,14.295041,2740300
2015-05-13,14.604996,14.673186,14.574001,14.592599,1742700
2015-05-14,14.759968,14.759968,14.642187,14.697977,3301200
2015-05-15,14.592593,14.691778,14.561597,14.691778,2108300
2015-05-18,14.338431,14.437617,14.270242,14.400422,1544600
2015-05-19,14.152460,14.164859,14.084270,14.127665,2114200
2015-05-20,14.071875,14.152462,14.028481,14.065676,2003300
2015-05-21,14.158662,14.245449,14.140064,14.214454,1237300
2015-05-22,14.109068,14.121466,14.065675,14.090470,832400
2015-05-26,14.239246,14.239246,14.084269,14.109066,1216100
2015-05-27,14.053275,14.121465,14.022280,14.115266,2611900
2015-05-28,13.892103,13.935496,13.823913,13.923098,1287500
2015-05-29,14.016079,14.059472,13.972686,13.972686,1551200
2015-06-01,13.941691,13.978885,13.836307,13.867303,1325700
2015-06-02,13.799117,13.954094,13.774320,13.923098,1365400
2015-06-03,13.792917,13.910699,13.792917,13.817714,1788900
2015-06-04,13.433370,13.470564,13.371380,13.396176,3418300
2015-06-05,13.290793,13.389978,13.253598,13.321788,2323000
2015-06-08,13.340388,13.383781,13.296994,13.377582,2298500
2015-06-09,13.327987,13.352784,13.265996,13.321788,1608000
2015-06-10,13.532555,13.644139,13.520157,13.619342,1839400
2015-06-11,13.693731,13.724726,13.644139,13.712329,1336400
2015-06-12,13.532554,13.644138,13.513957,13.582147,818800
2015-06-15,13.675135,13.693732,13.631742,13.650339,1179800
2015-06-16,13.668935,13.755722,13.668935,13.749523,896400
2015-06-17,13.675132,13.836307,13.582146,13.780516,1998300
2015-06-18,13.848706,13.916896,13.823909,13.830109,2095100
2015-06-19,13.867311,13.885907,13.830115,13.848713,1124600
2015-06-22,13.960288,13.978885,13.867303,13.873501,2559800
2015-06-23,13.941690,14.034676,13.929292,14.009880,1185900
2015-06-24,13.985090,14.022285,13.935498,13.947896,1461500
2015-06-25,13.935196,13.935196,13.865361,13.871710,1457100
2015-06-26,13.624112,13.643158,13.541581,13.611416,2304800
2015-06-29,13.306681,13.395563,13.249545,13.268590,2392600
2015-06-30,13.420959,13.459051,13.300336,13.351125,2770200
2015-07-01,13.566979,13.573326,13.446355,13.497144,1640000
2015-07-02,13.605066,13.617763,13.554277,13.579671,1514800
2015-07-06,13.179712,13.268592,13.135272,13.198758,1928000
2015-07-07,13.141618,13.281287,12.951159,13.230498,3541900
2015-07-08,12.982908,13.008302,12.855935,12.855935,2970900
2015-07-09,13.084483,13.109877,12.957511,12.976557,2091500
2015-07-10,13.122574,13.173363,13.071786,13.141621,1245500
2015-07-13,13.109880,13.173366,13.078137,13.147971,2388400
2015-07-14,13.306683,13.332078,13.281290,13.300336,1581700
2015-07-15,13.395563,13.420956,13.230499,13.268590,1269300
2015-07-16,13.452701,13.509839,13.414609,13.427306,1852000
2015-07-17,13.382864,13.389213,13.332076,13.357471,2243300
2015-07-20,13.446355,13.484446,13.382869,13.446355,1660500
2015-07-21,13.440006,13.535235,13.401914,13.478097,1006300
2015-07-22,13.205108,13.236851,13.147970,13.211456,2029900
2015-07-23,13.128923,13.147968,13.046390,13.052739,2472800
2015-07-24,12.944815,12.944815,12.792448,12.836888,2098100
2015-07-27,12.963856,12.963856,12.849581,12.868628,1712300
2015-07-28,13.052736,13.186058,13.020994,13.160663,2939300
2015-07-29,13.211454,13.262243,13.160666,13.198758,1776300
2015-07-30,13.179710,13.243197,13.147967,13.236848,1036100
2015-07-31,13.420956,13.427305,13.236847,13.281287,1249200
2015-08-03,13.173367,13.236853,13.122578,13.167018,2201600
2015-08-04,13.427309,13.509841,13.370171,13.389217,1948300
2015-08-05,13.401911,13.440002,13.338424,13.357471,1322400
2015-08-06,13.078135,13.090833,12.957512,13.027347,1931300
2015-08-07,12.881326,12.925766,12.779747,12.913069,3558700
2015-08-10,12.932114,13.109875,12.932114,13.109875,1467100
2015-08-11,12.722610,12.722610,12.582940,12.659123,1912400
2015-08-12,12.513108,12.665476,12.462319,12.665476,3817600
2015-08-13,12.557548,12.659126,12.513107,12.627382,1571600
2015-08-14,12.601989,12.633731,12.525805,12.608337,1788900
2015-08-17,12.582941,12.671821,12.538501,12.652776,1657700
2015-08-18,12.462316,12.538500,12.455969,12.506758,2287600
2015-08-19,12.621035,12.703567,12.481366,12.601990,2417100
2015-08-20,12.379787,12.398833,12.233769,12.240118,5773400
2015-08-21,12.208372,12.227418,11.929034,11.948079,4015000
2015-08-24,11.071973,11.383055,10.919607,11.008487,12390600
2015-08-25,12.138542,12.157587,11.662396,11.662396,8749600
2015-08-26,11.884595,12.005219,11.617953,11.986173,6303500
2015-08-27,11.998870,12.233769,11.973476,12.221071,7512700
2015-08-28,11.973474,12.163932,11.973474,12.157583,2836200
2015-08-31,11.878246,11.897292,11.763972,11.840155,3774400
2015-09-01,11.395753,11.459238,11.243385,11.294175,3554500
2015-09-02,11.529073,11.554468,11.364009,11.548120,2111900
2015-09-03,11.389404,11.529073,11.344964,11.389404,1623800
2015-09-04,11.192594,11.256081,11.084668,11.135458,1359700
2015-09-08,11.592559,11.668742,11.522724,11.643348,2054300
2015-09-09,11.827460,11.840158,11.579865,11.605260,2612800
2015-09-10,11.560816,11.725880,11.510027,11.656046,2171000
2015-09-11,11.573514,11.643349,11.529074,11.637000,1599000
2015-09-14,11.694138,11.763973,11.675092,11.706836,1331700
2015-09-15,11.529071,11.700483,11.516373,11.694135,2071800
2015-09-16,11.846504,12.017917,11.833807,11.998871,2935200
2015-09-17,11.878244,12.202024,11.846502,11.878244,5531500
2015-09-18,11.954428,11.998868,11.783015,11.814759,2328400
2015-09-21,11.738578,11.795716,11.668743,11.713184,1210300
2015-09-22,11.497331,11.567164,11.433844,11.554468,2257200
2015-09-23,11.421147,11.459239,11.287827,11.319570,1303300
2015-09-24,11.325916,11.535420,11.300521,11.490980,3407500
2015-09-25,11.471935,11.516375,11.364009,11.421146,1763500
2015-09-28,11.408448,11.427495,11.237037,11.243384,1492200
2015-09-29,11.084669,11.179899,11.014835,11.103715,4991300
2015-09-30,11.300522,11.376706,11.237037,11.376706,2565100
2015-10-01,11.554468,11.586210,11.395753,11.471935,1834300
2015-10-02,11.256084,11.592561,11.230690,11.586212,2414900
2015-10-05,11.776670,11.935385,11.776670,11.916340,2323100
2015-10-06,11.935384,12.005219,11.903641,11.986173,1353900
2015-10-07,12.214723,12.278210,12.113146,12.176632,2942500
2015-10-08,12.144888,12.379787,12.132192,12.354392,2041500
2015-10-09,12.449621,12.500410,12.417877,12.468666,1088900
2015-10-12,12.455973,12.481367,12.405185,12.424230,1344700
2015-10-13,12.144886,12.290905,12.125841,12.157583,1201700
2015-10-14,12.208375,12.265512,12.163934,12.227421,2511600
2015-10-15,12.316302,12.494064,12.309954,12.455973,3960400
2015-10-16,12.398836,12.430578,12.360743,12.424230,1304600
2015-10-19,12.335347,12.360740,12.290907,12.316300,3006500
2015-10-20,12.233769,12.290907,12.195677,12.240118,1635100
2015-10-21,12.259163,12.265512,12.144888,12.151237,2242600
2015-10-22,12.348044,12.436925,12.297256,12.398833,1780000
2015-10-23,12.519456,12.589291,12.506760,12.563897,2286400
2015-10-26,12.582942,12.595640,12.513107,12.525805,1211600
2015-10-27,12.494062,12.519456,12.392484,12.411530,2296400
2015-10-28,12.284558,12.392484,12.176632,12.309952,3924100
2015-10-29,11.973475,12.030613,11.941731,11.954429,3459300
2015-10-30,11.941733,12.094099,11.890944,12.011568,5071800
2015-11-02,11.865548,11.992519,11.846502,11.979823,2384800
2015-11-03,12.024262,12.214720,12.017914,12.195674,1892800
2015-11-04,12.113144,12.132190,11.998869,12.056006,2088600
2015-11-05,12.005219,12.005219,11.884595,11.941732,2346700
2015-11-06,11.846504,11.871899,11.732228,11.833806,2176700
2015-11-09,11.554465,11.573510,11.459235,11.529070,5356000
2015-11-10,11.478284,11.529073,11.446542,11.516376,1480600
2015-11-11,11.681439,11.706834,11.630650,11.643348,2016700
2015-11-12,11.662393,11.725878,11.649695,11.649695,2174500
2015-11-13,11.573512,11.573512,11.478283,11.497330,2124500
2015-11-16,11.452892,11.605258,11.446543,11.592561,2319600
2015-11-17,11.744929,11.795718,11.687791,11.719534,2515000
2015-11-18,11.795716,11.903642,11.783018,11.890944,1856900
2015-11-19,12.189328,12.246466,12.176631,12.189328,2191900
2015-11-20,12.360741,12.386136,12.284558,12.284558,1525000
2015-11-23,12.252812,12.303601,12.208372,12.208372,2000800
2015-11-24,12.170283,12.290907,12.151237,12.284558,3008700
2015-11-25,12.182976,12.227416,12.151232,12.163930,1043700
2015-11-27,12.056008,12.094099,12.024265,12.075054,767500
2015-11-30,12.106798,12.163935,12.106798,12.119495,1558200
2015-12-01,12.360740,12.481364,12.360740,12.462317,3322800
2015-12-02,12.455970,12.487713,12.322649,12.335346,1535600
2015-12-03,12.367090,12.373439,12.221073,12.252815,1670800
2015-12-04,12.163934,12.335347,12.163934,12.309952,1936100
2015-12-07,12.132191,12.151236,12.036961,12.068705,2278400
2015-12-08,11.795715,11.909990,11.763972,11.827457,2248300
2015-12-09,11.865553,11.954433,11.694140,11.808415,3470400
2015-12-10,11.814759,11.903639,11.795713,11.814759,2036000
2015-12-11,11.617953,11.643348,11.459237,11.484632,3064500
2015-12-14,11.478283,11.522723,11.370356,11.490980,5552000
2015-12-15,11.516379,11.541774,11.433847,11.510030,2765800
2015-12-16,11.649697,11.871898,11.649697,11.840155,4249100
2015-12-17,11.833804,11.833804,11.624300,11.624300,6050200
2015-12-18,11.783017,11.859201,11.751275,11.763972,4286500
2015-12-21,11.926519,11.965686,11.828600,11.906935,3265200
2015-12-22,11.939575,12.004853,11.893879,11.998325,2988500
2015-12-23,12.096244,12.220274,12.083188,12.220274,2285200
2015-12-24,12.252914,12.298609,12.226802,12.226802,1324300
2015-12-28,12.200689,12.207217,12.135410,12.200689,2283800
2015-12-29,12.500975,12.572782,12.494447,12.533615,2721300
2015-12-30,12.546666,12.585834,12.500971,12.507499,2121500
2015-12-31,12.468335,12.507503,12.370417,12.376944,2550800
2016-01-04,12.207217,12.220272,12.063602,12.207217,3513900
2016-01-05,12.044019,12.057074,11.900404,12.024435,4774000
2016-01-06,11.639287,11.724150,11.626231,11.678454,3491200
2016-01-07,11.195388,11.378170,11.136637,11.182332,5513800
2016-01-08,11.195388,11.221500,11.006079,11.019134,3975500
2016-01-11,11.201918,11.214974,10.960385,11.110527,3813800
2016-01-12,11.201917,11.254140,11.038719,11.175806,2410500
2016-01-13,11.267199,11.299838,10.927747,10.979970,4065000
2016-01-14,11.058304,11.299836,10.960385,11.208446,5283300
2016-01-15,10.627461,10.738436,10.503430,10.607877,6538600
2016-01-19,10.973442,10.986498,10.771076,10.862467,7601200
2016-01-20,10.744962,10.908160,10.496901,10.823298,7062200
2016-01-21,10.836353,11.103998,10.744961,11.032190,5235100
2016-01-22,11.254140,11.306364,11.175806,11.234556,2605800
2016-01-25,11.182335,11.234559,11.051778,11.058306,3878600
2016-01-26,11.156223,11.293309,11.136639,11.280254,3135500
2016-01-27,11.273724,11.378171,11.064831,11.156221,3646100
2016-01-28,11.443452,11.469563,11.267198,11.358588,3410500
2016-01-29,11.443450,11.521784,11.410809,11.515256,3159200
2016-02-01,11.410810,11.593592,11.378171,11.534841,3180100
2016-02-02,11.228029,11.241084,11.110526,11.169277,3166000
2016-02-03,11.208444,11.345530,10.986495,11.325947,5390800
2016-02-04,11.489146,11.639288,11.476090,11.521785,4369400
2016-02-05,11.410810,11.417339,11.169278,11.221501,2110500
2016-02-08,11.188861,11.267197,11.110527,11.208446,4626700
2016-02-09,10.836355,11.038720,10.810242,10.993025,4465900
2016-02-10,10.953856,11.064831,10.921216,10.953856,4231300
2016-02-11,10.862466,10.960386,10.797187,10.914689,4289500
2016-02-12,10.895108,11.064834,10.842884,11.058306,4423000
2016-02-16,11.293307,11.332475,11.169277,11.306363,2489400
2016-02-17,11.332477,11.521786,11.312893,11.489147,4309600
2016-02-18,11.606649,11.606649,11.502203,11.528314,1953800
2016-02-19,11.339004,11.515257,11.299836,11.502202,1397800
2016-02-22,11.724151,11.835126,11.724151,11.822071,2155300
2016-02-23,11.698038,11.717622,11.574007,11.600120,1511500
2016-02-24,11.247613,11.489147,11.201918,11.476090,3343400
2016-02-25,11.339005,11.489147,11.280254,11.489147,2583400
2016-02-26,11.482619,11.489147,11.260669,11.293308,2089800
2016-02-29,11.306365,11.391229,11.273726,11.280254,3429200
2016-03-01,11.541369,11.658872,11.469562,11.645816,3210800
2016-03-02,11.828599,11.991797,11.795958,11.985269,2802500
2016-03-03,12.154996,12.246386,12.141940,12.220274,2857600
2016-03-04,12.363887,12.500973,12.337775,12.435694,5211100
2016-03-07,12.435692,12.657641,12.435692,12.611946,3660300
2016-03-08,12.474863,12.474863,12.350833,12.376944,3111200
2016-03-09,12.651118,12.735981,12.605422,12.670702,6699300
2016-03-10,12.664173,12.683757,12.461808,12.579310,6644700
2016-03-11,12.788202,12.918761,12.775146,12.905704,5598900
2016-03-14,12.768620,12.781676,12.696814,12.735981,2037700
2016-03-15,12.409584,12.448751,12.383472,12.448751,2436200
2016-03-16,12.403057,12.742509,12.403057,12.735981,3267500
2016-03-17,12.846953,13.055846,12.807785,13.016679,4149700
2016-03-18,12.938344,13.003623,12.918761,12.944872,2895900
2016-03-21,12.892651,12.925290,12.827372,12.873067,3089800
2016-03-22,12.762090,12.892648,12.755563,12.853481,8734500
2016-03-23,12.735980,12.735980,12.559726,12.579310,5583500
2016-03-24,12.429166,12.559724,12.429166,12.553196,2786800
2016-03-28,12.566256,12.611951,12.527089,12.592368,1333800
2016-03-29,12.239859,12.559727,12.194163,12.559727,2869100
2016-03-30,12.625005,12.696813,12.566254,12.618477,1809800
2016-03-31,12.703337,12.768616,12.611946,12.611946,3800600
2016-04-01,12.331249,12.546670,12.311666,12.533615,2504200
2016-04-04,12.455279,12.455279,12.344304,12.376944,2048000
2016-04-05,12.004852,12.037492,11.952629,12.011380,2463100
2016-04-06,12.083190,12.292083,12.083190,12.272499,2251500
2016-04-07,12.083186,12.122353,11.978739,12.017906,3521700
2016-04-08,12.194164,12.233332,12.096246,12.141941,1915900
2016-04-11,12.181106,12.265970,12.148467,12.148467,2192000
2016-04-12,12.370416,12.553197,12.298609,12.527086,4439700
2016-04-13,12.703339,12.749036,12.651116,12.722923,5737900
2016-04-14,12.938344,12.938344,12.853481,12.853481,2605400
2016-04-15,12.951399,13.036262,12.925287,12.977510,4282800
2016-04-18,12.984037,13.166819,12.964454,13.140707,3485900
2016-04-19,13.264740,13.349604,13.251684,13.343076,4497300
2016-04-20,13.356132,13.447523,13.343077,13.356132,2839600
2016-04-21,13.401829,13.401829,13.232103,13.271270,3529200
2016-04-22,13.219045,13.297381,13.160294,13.225574,2449400
2016-04-25,13.179877,13.192932,13.127654,13.153765,2133700
2016-04-26,13.277798,13.284326,13.199463,13.251686,1682800
2016-04-27,12.873064,12.970984,12.814312,12.931815,5864000
2016-04-28,12.944873,13.108071,12.918762,12.970985,3195600
2016-04-29,13.055847,13.101542,12.951400,13.010152,5432800
2016-05-02,13.049320,13.108071,13.003625,13.108071,2552500
2016-05-03,13.088486,13.088486,12.944872,12.944872,3007900
2016-05-04,12.820843,12.846956,12.709869,12.742509,2341600
2016-05-05,12.820843,12.846956,12.690286,12.735981,1861200
2016-05-06,12.559726,12.709867,12.540141,12.709867,4258400
2016-05-09,12.716394,12.729450,12.644588,12.644588,3604100
2016-05-10,12.820845,12.931820,12.807790,12.925292,1865600
2016-05-11,12.886122,12.957929,12.860011,12.879594,2460500
2016-05-12,12.957929,12.964457,12.742508,12.846954,2579900
2016-05-13,12.716396,12.742509,12.631534,12.664173,4257000
2016-05-16,12.781676,12.879594,12.775148,12.866538,1629100
2016-05-17,12.905706,12.977512,12.833898,12.846954,3059000
2016-05-18,12.749037,12.918763,12.664174,12.683758,5419400
2016-05-19,12.605419,12.657642,12.527085,12.644588,2927900
2016-05-20,12.709868,12.742509,12.651117,12.696814,2127800
2016-05-23,12.553195,12.625002,12.553195,12.611946,1178700
2016-05-24,12.546668,12.657642,12.514029,12.644588,2549500
2016-05-25,12.657644,12.755564,12.657644,12.722923,1732500
2016-05-26,12.801261,12.833900,12.755566,12.768620,4120500
2016-05-27,12.781674,12.827370,12.749035,12.781674,1310200
2016-05-31,12.749037,12.820843,12.638062,12.696814,2851900
2016-06-01,12.566253,12.709867,12.559725,12.677228,3013100
2016-06-02,12.461808,12.579310,12.448751,12.579310,3251600
2016-06-03,12.742506,12.840425,12.670699,12.820841,3265100
2016-06-06,12.938344,13.003624,12.879593,12.964457,2821400
2016-06-07,13.049323,13.121131,13.049323,13.095018,4333800
2016-06-08,13.140712,13.186408,13.127657,13.179880,2499900
2016-06-09,12.977511,13.023208,12.944872,13.010152,4349900
2016-06-10,12.781676,12.814316,12.644591,12.683758,2870300
2016-06-13,12.625007,12.683758,12.566256,12.566256,2684900
2016-06-14,12.481393,12.520560,12.370418,12.455280,3532300
2016-06-15,12.435696,12.553199,12.429169,12.461808,3932900
2016-06-16,12.252914,12.396528,12.109299,12.370417,3776000
2016-06-17,12.442225,12.507504,12.396529,12.474865,3055900
2016-06-20,12.860014,12.886125,12.788206,12.788206,4608100
2016-06-21,12.918762,12.944873,12.846955,12.879594,2664900
2016-06-22,12.923291,12.989497,12.876947,12.883567,4163800
2016-06-23,13.174872,13.254319,13.108666,13.241077,5930700
2016-06-24,12.492955,12.784258,12.466472,12.526057,8013400
2016-06-27,12.353923,12.353923,12.036138,12.155308,6604600
2016-06-28,12.446611,12.506196,12.340683,12.499576,4034600
2016-06-29,12.598884,12.684951,12.572401,12.658469,2679800
2016-06-30,12.718053,12.883567,12.704813,12.876947,3530100
2016-07-01,12.863706,12.936532,12.843844,12.936532,2402800
2016-07-05,12.757776,12.764396,12.651847,12.678329,1917700
2016-07-06,12.651847,12.837221,12.592262,12.830601,3180700
2016-07-07,12.837224,12.890188,12.691572,12.737916,2137600
2016-07-08,12.989495,13.075562,12.929910,13.049079,2046500
2016-07-11,13.194732,13.241076,13.161629,13.181491,2093700
2016-07-12,13.399965,13.512515,13.399965,13.419827,4065100
2016-07-13,13.492655,13.505897,13.399968,13.399968,1635400
2016-07-14,13.532381,13.578724,13.492657,13.539001,2103400
2016-07-15,13.532379,13.532379,13.446311,13.492655,4405500
2016-07-18,13.466174,13.558861,13.466174,13.558861,1116900
2016-07-19,13.347005,13.380107,13.307282,13.380107,1484300
2016-07-20,13.393346,13.472793,13.373486,13.452931,1557500
2016-07-21,13.472793,13.558859,13.433070,13.466172,914900
2016-07-22,13.446311,13.472793,13.386726,13.452931,925700
2016-07-25,13.486035,13.505896,13.446311,13.492655,1461600
2016-07-26,13.658171,13.684654,13.565484,13.605206,1774000
2016-07-27,13.605203,13.644927,13.433070,13.598583,1991600
2016-07-28,13.651552,13.678034,13.605208,13.644932,1459400
2016-07-29,13.757478,13.863407,13.724375,13.830303,3121300
2016-08-01,13.764097,13.777337,13.671408,13.678029,1861800
2016-08-02,13.750858,13.790581,13.618447,13.664790,2761500
2016-08-03,13.492655,13.611825,13.479415,13.611825,1495500
2016-08-04,13.618444,13.704512,13.605203,13.678029,1672000
2016-08-05,13.711133,13.777339,13.691273,13.777339,1306500
2016-08-08,13.817062,13.870026,13.797200,13.850164,1170500
2016-08-09,13.903131,13.975957,13.889889,13.922993,1098400
2016-08-10,14.042157,14.042157,13.922989,13.929609,1411000
2016-08-11,13.922989,13.982574,13.916368,13.969333,1006200
2016-08-12,13.942852,13.942852,13.783959,13.810442,971600
2016-08-15,13.870027,13.962715,13.870027,13.903130,954200
2016-08-16,13.929610,13.949471,13.856783,13.896506,3252100
2016-08-17,13.836921,13.949471,13.783957,13.896506,2003200
2016-08-18,13.823683,13.903130,13.823683,13.903130,1367900
2016-08-19,13.750857,13.803822,13.704514,13.777339,878400
2016-08-22,13.783964,13.823687,13.731000,13.790585,803200
2016-08-23,13.929614,13.982579,13.876649,13.876649,890800
2016-08-24,13.936234,13.975958,13.856788,13.876649,1627800
2016-08-25,13.810441,13.870026,13.810441,13.870026,1710800
2016-08-26,13.850163,14.009056,13.625065,13.684649,4388300
2016-08-29,13.565481,13.678030,13.565481,13.671410,1075400
2016-08-30,13.598587,13.638310,13.505899,13.552242,2346200
2016-08-31,13.399971,13.419833,13.320525,13.386729,4053200
2016-09-01,13.380107,13.459554,13.340384,13.459554,2066700
2016-09-02,13.459552,13.499274,13.393346,13.466172,2285400
2016-09-06,13.598586,13.711134,13.578724,13.704515,4646400
2016-09-07,13.724374,13.730995,13.631687,13.671410,2542400
2016-09-08,13.598586,13.644930,13.512519,13.519139,1432200
2016-09-09,13.294039,13.320521,13.088802,13.088802,2441700
2016-09-12,12.943152,13.241077,12.929912,13.214594,2630100
2016-09-13,12.883565,12.910048,12.671708,12.764397,5591700
2016-09-14,12.863708,12.976257,12.837225,12.870329,3645100
2016-09-15,12.976253,13.174869,12.936530,13.115284,1827600
2016-09-16,13.042460,13.128527,13.035839,13.102045,1839300
2016-09-19,13.201352,13.260937,13.141767,13.155008,1552900
2016-09-20,13.254314,13.300658,13.207971,13.234452,951900
2016-09-21,13.366865,13.552239,13.333761,13.532378,2018600
2016-09-22,13.678032,13.724376,13.591966,13.618447,1265200
2016-09-23,13.664788,13.697891,13.591963,13.598583,2573400
2016-09-26,13.618446,13.658168,13.578723,13.585343,1948200
2016-09-27,13.618449,13.730998,13.611828,13.730998,1058200
2016-09-28,13.757475,13.889885,13.671407,13.889885,1449700
2016-09-29,13.850168,13.909753,13.684654,13.730998,1846400
2016-09-30,13.843543,13.889887,13.790579,13.836923,1388600
2016-10-03,13.896514,13.896514,13.830308,13.863412,1845400
2016-10-04,13.876648,13.922993,13.711135,13.757480,2453600
2016-10-05,13.797200,13.863405,13.750856,13.836923,1456300
2016-10-06,13.803820,13.850164,13.750856,13.843543,1370900
2016-10-07,13.863411,13.863411,13.658173,13.790585,1801200
2016-10-10,13.863404,13.956091,13.863404,13.896506,1025400
2016-10-11,13.783957,13.803819,13.605203,13.631685,2461600
2016-10-12,13.704512,13.783958,13.678029,13.724373,1696200
2016-10-13,13.591962,13.717752,13.532377,13.684649,2526800
2016-10-14,13.823683,13.856787,13.704515,13.704515,2090200
2016-10-17,13.651550,13.697894,13.625067,13.664790,1124400
2016-10-18,13.896508,13.896508,13.817062,13.836923,1354100
2016-10-19,13.856785,13.982575,13.843543,13.942851,1423400
2016-10-20,13.843543,13.870025,13.750855,13.803820,2653700
2016-10-21,13.664788,13.724373,13.638306,13.724373,902000
2016-10-24,13.737615,13.750856,13.658168,13.697892,785800
2016-10-25,13.770718,13.850165,13.770718,13.810442,1066000
2016-10-26,13.658172,13.724378,13.625070,13.644932,1282000
2016-10-27,13.512516,13.512516,13.399967,13.413208,2154800
2016-10-28,13.327142,13.406589,13.294040,13.347004,1463800
2016-10-31,13.399969,13.472795,13.386728,13.426452,1628800
2016-11-01,13.512517,13.512517,13.320522,13.373487,2269100
2016-11-02,13.307279,13.353622,13.234452,13.234452,5045800
2016-11-03,13.294041,13.360247,13.280800,13.280800,1826400
2016-11-04,13.214593,13.247697,13.161629,13.174870,2098000
2016-11-07,13.545619,13.572102,13.519138,13.558861,3948200
2016-11-08,13.532380,13.711134,13.472795,13.691273,1767900
2016-11-09,13.512515,13.684649,13.486033,13.591962,3943800
2016-11-10,13.605206,13.658170,13.472796,13.565483,3546500
2016-11-11,13.585344,13.591964,13.433072,13.525759,2711800
2016-11-14,13.532379,13.558861,13.472794,13.558861,1828500
2016-11-15,13.479415,13.611825,13.459553,13.611825,2751300
2016-11-16,13.360245,13.386727,13.333763,13.347004,1883200
2016-11-17,13.426451,13.479415,13.333762,13.373487,2189100
2016-11-18,13.320522,13.347003,13.234454,13.260937,1764700
2016-11-21,13.294040,13.380106,13.280798,13.373487,875700
2016-11-22,13.492657,13.525760,13.439692,13.519139,1542300
2016-11-23,13.572105,13.671413,13.565485,13.644932,2032700
2016-11-25,13.817067,13.843549,13.770722,13.790585,971900
2016-11-28,13.717752,13.777337,13.717752,13.737614,1127400
2016-11-29,13.658171,13.777340,13.638310,13.757480,1217000
2016-11-30,13.678030,13.678030,13.532378,13.532378,2471700
2016-12-01,13.658167,13.737614,13.618444,13.678029,2790900
2016-12-02,13.651549,13.711132,13.631687,13.697892,1658200
2016-12-05,13.658167,13.744235,13.625065,13.724373,2998600
2016-12-06,13.664787,13.737614,13.644927,13.737614,3371600
2016-12-07,13.790577,13.949470,13.770715,13.929609,1838000
2016-12-08,13.942850,14.009056,13.903127,13.969333,1582500
2016-12-09,14.009056,14.022298,13.936230,14.002436,4047000
2016-12-12,14.062019,14.088502,14.009055,14.035538,1398400
2016-12-13,14.101745,14.154709,14.081884,14.114986,1584500
2016-12-14,14.128227,14.148089,13.830302,13.850164,3303200
2016-12-15,13.757480,13.790582,13.724376,13.757480,7201100
2016-12-16,13.651551,13.691274,13.585345,13.618447,2411100
2016-12-19,13.644926,13.658166,13.585341,13.591962,1121100
2016-12-20,13.664788,13.737614,13.664788,13.724373,2138700
2016-12-21,13.758362,13.778756,13.710779,13.717577,1147600
2016-12-22,13.778757,13.812744,13.731174,13.731174,1187100
2016-12-23,13.602018,13.636005,13.581625,13.629208,1599400
2016-12-27,13.690385,13.737968,13.669993,13.690385,1090600
2016-12-28,13.792354,13.805949,13.724378,13.744770,1672800
2016-12-29,13.867125,13.887518,13.833137,13.853529,1431100
2016-12-30,13.805947,13.826340,13.697185,13.751566,2028800
2017-01-03,13.982681,14.003075,13.941896,13.996277,4346400
2017-01-04,14.084646,14.173016,14.057456,14.173016,1715700
2017-01-05,14.207005,14.308969,14.179815,14.308969,7159800
2017-01-06,14.227403,14.274986,14.200212,14.234200,2798300
2017-01-09,14.356553,14.431325,14.349755,14.390540,1891600
2017-01-10,14.376945,14.451719,14.370147,14.417730,2013700
2017-01-11,14.404135,14.580873,14.383742,14.567278,4762400
2017-01-12,14.587672,14.635257,14.560483,14.628459,3238500
2017-01-13,14.465314,14.567278,14.451718,14.567278,2044400
2017-01-17,14.512899,14.540089,14.492506,14.533291,1604200
2017-01-18,14.465311,14.478906,14.383740,14.410931,2038800
2017-01-19,14.506100,14.512898,14.438124,14.472113,2113300
2017-01-20,14.444922,14.478909,14.397339,14.472113,3056700
2017-01-23,14.376946,14.431327,14.329363,14.431327,2289300
2017-01-24,14.465313,14.553681,14.451717,14.540086,2197100
2017-01-25,14.485706,14.587670,14.458517,14.587670,2379400
2017-01-26,14.533289,14.553682,14.485705,14.506099,2096200
2017-01-27,14.587671,14.608064,14.519696,14.546885,1147000
2017-01-30,14.417731,14.431327,14.356554,14.431327,1152200
2017-01-31,14.404137,14.465316,14.370148,14.438125,1981700
2017-02-01,14.526492,14.553682,14.451718,14.512897,2355200
2017-02-02,14.669242,14.716825,14.635254,14.662444,2014800
2017-02-03,14.662445,14.716826,14.635255,14.676041,2035200
2017-02-06,14.478907,14.546884,14.458515,14.540086,1806000
2017-02-07,14.478908,14.540086,14.458516,14.506099,1535800
2017-02-08,14.567281,14.608066,14.553685,14.580876,1379100
2017-02-09,14.580873,14.682837,14.580873,14.655646,3996500
2017-02-10,14.771207,14.893565,14.771207,14.852779,1820000
2017-02-13,14.900362,14.961541,14.900362,14.927552,1578400
2017-02-14,14.934346,14.947942,14.811990,14.941144,2255000
2017-02-15,14.981931,15.158668,14.981931,15.145074,4733100
2017-02-16,15.192657,15.213049,15.131478,15.145074,4108500
2017-02-17,15.090693,15.131478,15.063502,15.117883,1117700
2017-02-21,15.043111,15.179064,15.043111,15.179064,1737000
2017-02-22,15.158668,15.219846,15.117882,15.206252,1450600
2017-02-23,15.294620,15.308216,15.179061,15.206252,1423700
2017-02-24,14.988730,15.063504,14.961540,15.009123,1967500
2017-02-27,14.961539,15.002324,14.927550,14.995526,3886400
2017-02-28,14.920754,14.988729,14.913957,14.920754,1581100
2017-03-01,14.981934,15.131481,14.968338,15.090695,2884100
2017-03-02,15.009123,15.009123,14.907159,14.920754,2021000
2017-03-03,14.839180,14.954740,14.818787,14.941144,1968100
2017-03-06,14.913956,14.941145,14.873169,14.900360,1149300
2017-03-07,15.009125,15.015923,14.954744,14.961542,3117300
2017-03-08,14.927547,14.954739,14.852775,14.859572,1906000
2017-03-09,14.907155,14.913953,14.805192,14.859572,2302500
2017-03-10,14.995528,15.022719,14.920755,14.988730,1245400
2017-03-13,14.981932,15.043110,14.981932,15.036313,1071300
2017-03-14,14.907163,14.947948,14.879972,14.934353,1856100
2017-03-15,15.063502,15.410180,15.036312,15.396585,5018200
2017-03-16,15.328612,15.335410,15.219851,15.260637,2315100
2017-03-17,15.301421,15.362600,15.274230,15.287826,2257500
2017-03-20,15.348999,15.355796,15.287820,15.315011,1988500
2017-03-21,15.355800,15.369396,15.097490,15.104288,3781100
2017-03-22,14.947941,15.036311,14.907156,15.022716,2416900
2017-03-23,14.947945,15.043111,14.927551,14.968338,3084800
2017-03-24,15.029518,15.111088,15.029518,15.070303,2905900
2017-03-27,15.049910,15.097493,14.981935,15.070303,5811500
2017-03-28,15.192659,15.308219,15.179064,15.287826,6276000
2017-03-29,15.362600,15.471362,15.362600,15.464564,2952900
2017-03-30,15.498553,15.573327,15.484959,15.484959,4551900
2017-03-31,15.376200,15.416985,15.355806,15.369402,2456100
2017-04-03,15.328611,15.335409,15.206255,15.321815,3032100
2017-04-04,15.213050,15.281027,15.185861,15.281027,2464600
2017-04-05,15.328612,15.376197,15.253840,15.260637,3590900
2017-04-06,15.219849,15.260635,15.185861,15.240242,1472200
2017-04-07,15.145071,15.213046,15.117879,15.165462,2051700
2017-04-10,15.213050,15.267431,15.199456,15.219848,1845900
2017-04-11,15.315016,15.349004,15.206255,15.328610,1923900
2017-04-12,15.294623,15.308219,15.206255,15.287826,2525300
2017-04-13,15.274231,15.349005,15.247041,15.247041,2034200
2017-04-17,15.328609,15.362597,15.274228,15.335406,1782400
2017-04-18,15.124684,15.145078,15.063506,15.131482,2741600
2017-04-19,15.077099,15.083897,14.954742,14.981933,2126700
2017-04-20,15.111087,15.165468,15.097491,15.138278,2775900
2017-04-21,15.158670,15.192659,15.138278,15.179064,1507900
2017-04-24,15.342205,15.349003,15.301420,15.342205,2136100
2017-04-25,15.315014,15.389787,15.308217,15.376193,1696400
2017-04-26,15.247041,15.308219,15.233445,15.233445,1611700
2017-04-27,15.247039,15.247039,15.151873,15.226645,1545900
2017-04-28,15.247043,15.274233,15.213054,15.267435,3173900
2017-05-01,15.410182,15.457765,15.410182,15.416980,1128900
2017-05-02,15.403386,15.410184,15.355803,15.403386,1591500
2017-05-03,15.090694,15.124682,15.036314,15.063503,2386400
2017-05-04,14.920755,14.961540,14.886766,14.954742,3016300
2017-05-05,14.873167,15.022716,14.852775,15.022716,1967600
2017-05-08,14.947946,14.954743,14.900362,14.927552,1402100
2017-05-09,14.757613,14.784804,14.703232,14.744019,3352300
2017-05-10,14.859581,14.913962,14.852784,14.873176,1972800
2017-05-11,14.805196,14.859577,14.771207,14.852779,1670600
2017-05-12,14.778006,14.805197,14.744018,14.784803,1405700
2017-05-15,14.873169,14.907158,14.859575,14.886765,1588700
2017-05-16,14.961542,14.981935,14.941149,14.961542,2013400
2017-05-17,14.689638,14.710030,14.560483,14.580876,9044400
2017-05-18,14.553684,14.642054,14.533291,14.614862,2676700
2017-05-19,14.662447,14.771208,14.662447,14.744019,2121400
2017-05-22,14.839184,14.873171,14.818791,14.852779,2274300
2017-05-23,14.873171,14.907160,14.845982,14.852779,1905800
2017-05-24,14.825593,14.886771,14.791605,14.873176,1791100
2017-05-25,14.852778,14.907159,14.818790,14.825587,1872600
2017-05-26,14.730419,14.737217,14.682836,14.730419,1475200
2017-05-30,14.608063,14.676040,14.594468,14.655646,1542400
2017-05-31,14.669242,14.682838,14.594468,14.608064,1522600
2017-06-01,14.519698,14.601268,14.506102,14.580876,2449500
2017-06-02,14.703230,14.778005,14.669243,14.764409,1561900
2017-06-05,14.710028,14.778005,14.710028,14.771207,3627400
2017-06-06,14.553683,14.608064,14.546885,14.608064,2224000
2017-06-07,14.655647,14.676040,14.574076,14.608064,2774700
2017-06-08,14.642053,14.682838,14.614862,14.676041,1349300
2017-06-09,14.614861,14.710027,14.594468,14.662444,2835600
2017-06-12,14.662444,14.689635,14.635254,14.648849,1275800
2017-06-13,14.920755,14.981934,14.920755,14.968338,3941700
2017-06-14,15.253837,15.267432,15.063504,15.111087,3877000
2017-06-15,14.954741,15.009122,14.927550,14.995526,1854000
2017-06-16,15.043110,15.077099,15.009122,15.063503,2788000
2017-06-19,15.077097,15.145074,15.077097,15.117883,1355500
2017-06-20,14.944273,14.944273,14.833163,14.840108,2109100
2017-06-21,14.687334,14.729000,14.631779,14.694279,2255000
2017-06-22,14.715113,14.749835,14.687335,14.729001,913800
2017-06-23,14.791498,14.840110,14.770666,14.833165,719100
2017-06-26,14.902607,14.916496,14.826220,14.847053,1328000
2017-06-27,14.826219,14.874829,14.798441,14.798441,1766000
2017-06-28,15.027609,15.152608,15.027609,15.110942,2630900
2017-06-29,15.228993,15.242882,15.062329,15.138716,4233100
2017-06-30,15.041497,15.103996,15.027607,15.055386,2991200
2017-07-03,14.916500,15.048443,14.916500,14.985944,1566700
2017-07-05,15.006775,15.062330,14.958165,15.055386,1808700
2017-07-06,14.944274,14.965107,14.888720,14.916496,1663000
2017-07-07,14.874830,14.923441,14.840109,14.916496,1157600
2017-07-10,14.867885,14.972050,14.853996,14.951218,1314300
2017-07-11,14.916500,14.999833,14.874834,14.985944,929400
2017-07-12,14.985937,15.048436,14.978992,15.048436,1917300
2017-07-13,15.180386,15.242885,15.173441,15.208162,1526700
2017-07-14,15.381771,15.492881,15.381771,15.458159,2041000
2017-07-17,15.465103,15.499824,15.395659,15.402603,1351600
2017-07-18,15.437326,15.451215,15.402604,15.451215,4326800
2017-07-19,15.659544,15.749821,15.645656,15.728988,2182900
2017-07-20,15.756768,15.805378,15.715101,15.770656,1798200
2017-07-21,15.583158,15.590102,15.527603,15.548435,1848200
2017-07-24,15.562322,15.576212,15.499823,15.555378,1588600
2017-07-25,15.735936,15.763714,15.708159,15.722047,1341500
2017-07-26,15.763709,15.937318,15.756764,15.888706,3264300
2017-07-27,15.930371,15.930371,15.749817,15.805372,1937500
2017-07-28,15.659546,15.728990,15.645658,15.708158,1657000
2017-07-31,15.722045,15.770655,15.680379,15.763712,1629500
2017-08-01,15.853990,15.888712,15.798436,15.819269,1604200
2017-08-02,15.722045,15.784545,15.708158,15.770656,1226000
2017-08-03,15.652600,15.694266,15.610933,15.645656,1965800
2017-08-04,15.617877,15.659543,15.541489,15.659543,1634800
2017-08-07,15.666485,15.708153,15.666485,15.694263,976600
2017-08-08,15.631765,15.687320,15.597043,15.624821,1200500
2017-08-09,15.583154,15.603986,15.548431,15.583154,1789400
2017-08-10,15.590101,15.590101,15.402603,15.402603,2508200
2017-08-11,15.402601,15.485933,15.381768,15.444267,1930500
2017-08-14,15.499830,15.569273,15.492885,15.513719,1409000
2017-08-15,15.492880,15.492880,15.423436,15.472048,1574900
2017-08-16,15.680378,15.853987,15.680378,15.826210,1762200
2017-08-17,15.770652,15.812319,15.617876,15.624821,1453700
2017-08-18,15.673435,15.763712,15.631769,15.701213,1930000
2017-08-21,15.701214,15.708158,15.638714,15.687325,813600
2017-08-22,15.728986,15.812319,15.722042,15.784541,1121600
2017-08-23,15.617880,15.715101,15.603991,15.708158,1080100
2017-08-24,15.708156,15.728988,15.673433,15.680378,1680100
2017-08-25,15.708157,15.833155,15.708157,15.763712,1822700
2017-08-28,15.735932,15.735932,15.666488,15.728988,1017800
2017-08-29,15.569270,15.659546,15.555380,15.617880,1171400
2017-08-30,15.513711,15.548432,15.472045,15.541488,2367200
2017-08-31,15.666488,15.756766,15.645656,15.728988,1758800
2017-09-01,15.840093,15.881760,15.777593,15.847037,2447900
2017-09-05,15.812320,15.860930,15.666488,15.749821,1812300
2017-09-06,15.715095,15.847038,15.715095,15.805372,1834000
2017-09-07,15.867872,15.895649,15.833150,15.895649,911400
2017-09-08,15.937318,16.006761,15.833152,15.840096,1258600
2017-09-11,15.916486,15.992875,15.909542,15.978986,1709200
2017-09-12,16.048430,16.110929,16.020651,16.083151,1498000
2017-09-13,16.020654,16.027598,15.909544,15.951210,1846100
2017-09-14,15.860934,15.958155,15.847045,15.951210,1423600
2017-09-15,15.909543,15.909543,15.847044,15.902598,1196200
2017-09-18,15.881764,15.923430,15.798431,15.853986,2395400
2017-09-19,15.923431,15.965097,15.888709,15.958153,1103700
2017-09-20,15.965096,16.062317,15.791487,15.923430,2842700
2017-09-21,15.666488,15.687321,15.617877,15.659543,2007800
2017-09-22,15.791489,15.853989,15.756768,15.770656,1919800
2017-09-25,15.735936,15.791491,15.680381,15.722047,1823300
2017-09-26,15.624828,15.638717,15.548439,15.603994,1846700
2017-09-27,15.499825,15.562324,15.485936,15.548435,1702300
2017-09-28,15.416492,15.541490,15.416492,15.520658,1810200
2017-09-29,15.527599,15.597041,15.492876,15.583154,4612800
2017-10-02,15.624824,15.687323,15.597046,15.652602,1955500
2017-10-03,15.513710,15.590098,15.506765,15.583154,1681700
2017-10-04,15.465102,15.506768,15.451213,15.499824,2827400
2017-10-05,15.416492,15.444269,15.395659,15.430380,2387300
2017-10-06,15.388714,15.458158,15.353993,15.430380,2122200
2017-10-09,15.506770,15.513715,15.423437,15.437326,1436700
2017-10-10,15.520657,15.562323,15.520657,15.562323,1337300
2017-10-11,15.590107,15.617883,15.548439,15.603994,1422600
2017-10-12,15.687322,15.742876,15.666488,15.715098,1311400
2017-10-13,15.923431,15.965097,15.916487,15.944263,3087100
2017-10-16,15.972043,15.992876,15.937322,15.965098,1620800
2017-10-17,16.020649,16.034538,15.972039,16.020649,2116200
2017-10-18,16.041483,16.048427,15.992872,16.020649,2162500
2017-10-19,16.013707,16.083151,16.006762,16.048429,1791900
2017-10-20,16.090095,16.090095,16.013707,16.048429,1453100
2017-10-23,16.006765,16.013709,15.930378,15.951210,1371500
2017-10-24,15.937320,15.992875,15.923431,15.972041,1132100
2017-10-25,15.833154,15.847043,15.708157,15.756767,1929500
2017-10-26,15.833154,15.840099,15.756767,15.756767,1874100
2017-10-27,15.722044,15.833154,15.687323,15.833154,2506300
2017-10-30,15.763706,15.805372,15.763706,15.805372,1792600
2017-10-31,15.735934,15.791489,15.708157,15.763712,1879100
2017-11-01,15.867875,15.944262,15.833152,15.840096,2151600
2017-11-02,15.937321,15.972042,15.902598,15.958153,1577200
2017-11-03,15.916484,15.923429,15.826208,15.867874,2082400
2017-11-06,15.826209,15.937319,15.826209,15.930374,991400
2017-11-07,15.944264,15.951209,15.860933,15.902598,2467800
2017-11-08,16.062319,16.090097,16.013709,16.055376,1794100
2017-11-09,16.041483,16.110927,16.020650,16.090094,1450900
2017-11-10,16.041483,16.110927,16.027594,16.090094,1656700
2017-11-13,15.958152,16.027596,15.951208,15.978986,1387700
2017-11-14,15.860935,15.874824,15.756769,15.798435,2009900
2017-11-15,15.701210,15.756765,15.652600,15.749821,1900900
2017-11-16,15.784542,15.853986,15.777597,15.853986,1175400
2017-11-17,15.701211,15.742876,15.680377,15.715098,1252000
2017-11-20,15.715098,15.763710,15.708155,15.749821,1372600
2017-11-21,15.819261,15.874815,15.819261,15.847037,2828800
2017-11-22,15.909541,15.937319,15.860930,15.930374,1324700
2017-11-24,15.944263,15.958152,15.916486,15.923430,657700
2017-11-27,15.916485,15.937319,15.847041,15.853986,1342100
2017-11-28,15.930376,16.006763,15.909542,15.944263,3082100
2017-11-29,15.888707,15.902596,15.819264,15.853986,1881200
2017-11-30,15.860933,15.874822,15.791489,15.812323,2209000
2017-12-01,15.840096,15.923429,15.812319,15.867874,2972800
2017-12-04,15.867877,15.874822,15.763712,15.763712,1542300
2017-12-05,15.826208,15.833151,15.735930,15.735930,3213000
2017-12-06,15.728985,15.735929,15.687319,15.694263,1007400
2017-12-07,15.652603,15.715101,15.638714,15.687325,1703300
2017-12-08,15.756764,15.763709,15.701209,15.735930,1725600
2017-12-11,15.701213,15.784545,15.701213,15.770656,1621900
2017-12-12,15.847041,15.888707,15.826209,15.853986,2416300
2017-12-13,15.992873,16.152593,15.985928,16.090094,2652800
2017-12-14,16.110929,16.117872,16.048429,16.048429,1766500
2017-12-15,16.055374,16.103984,16.048429,16.069262,1538800
2017-12-18,16.194263,16.235929,16.159542,16.180374,3072300
2017-12-19,16.186778,16.193893,16.136973,16.151203,4317200
2017-12-20,16.208124,16.215239,16.129857,16.151203,1765700
2017-12-21,16.236580,16.314847,16.222350,16.265041,1494900
2017-12-22,16.300617,16.350423,16.250812,16.343307,1861600
2017-12-26,16.343307,16.393114,16.286387,16.343307,1178000
2017-12-27,16.386000,16.442920,16.386000,16.428690,1917100
2017-12-28,16.535413,16.542528,16.478492,16.499838,1119100
2017-12-29,16.563873,16.563873,16.464261,16.485607,1875300
2018-01-02,16.542529,16.599450,16.506955,16.592335,1615300
2018-01-03,16.627913,16.706178,16.620798,16.699062,1557400
2018-01-04,16.670602,16.763098,16.656372,16.763098,2394600
2018-01-05,16.805783,16.884048,16.770207,16.862703,1594900
2018-01-08,16.763097,16.777327,16.727522,16.770212,3976700
2018-01-09,16.777327,16.812902,16.741752,16.791557,2805000
2018-01-10,16.627911,16.699061,16.592335,16.649256,1811200
2018-01-11,16.670599,16.763094,16.649253,16.748865,1057200
2018-01-12,16.720406,16.855592,16.699060,16.841362,1428400
2018-01-16,16.763097,16.798673,16.627912,16.691946,2161200
2018-01-17,16.684831,16.855592,16.642139,16.784441,2164800
2018-01-18,16.820016,16.841362,16.763096,16.798672,1176800
2018-01-19,16.820017,16.855593,16.805788,16.834248,1088100
2018-01-22,16.784438,16.855589,16.763092,16.855589,1923100
2018-01-23,16.812899,16.905395,16.798670,16.891165,1778100
2018-01-24,17.047700,17.076161,16.919630,16.990780,2281800
2018-01-25,17.076158,17.076158,16.862707,16.940971,2608700
2018-01-26,17.054811,17.211343,17.040582,17.154423,3685200
2018-01-29,17.069039,17.111729,17.012119,17.033464,1426400
2018-01-30,16.955202,16.983662,16.862706,16.898281,1892000
2018-01-31,17.019239,17.054814,16.876938,16.912514,2027800
2018-02-01,16.905400,17.033471,16.891169,16.990780,2543800
2018-02-02,16.898281,16.926741,16.699058,16.734634,4146000
2018-02-05,16.578103,16.670600,16.136970,16.172544,6553000
2018-02-06,15.980439,16.385999,15.880829,16.329079,10479800
2018-02-07,16.122740,16.201006,15.966209,15.987554,3749000
2018-02-08,15.994665,16.037356,15.539301,15.539301,5136200
2018-02-09,15.738526,15.831022,15.361427,15.738526,6749200
2018-02-12,15.873713,16.044474,15.788333,15.987554,2552300
2018-02-13,15.980438,16.129855,15.951978,16.080050,1982700
2018-02-14,15.887943,16.364653,15.887943,16.364653,2965100
2018-02-15,16.457146,16.492722,16.286385,16.485607,2823800
2018-02-16,16.343307,16.450034,16.279271,16.350422,2039500
2018-02-20,16.350427,16.421578,16.272163,16.307737,2155000
2018-02-21,16.364652,16.535413,16.243696,16.265041,2665900
2018-02-22,16.385999,16.528299,16.371768,16.393114,2338000
2018-02-23,16.414455,16.535412,16.385996,16.521181,1752200
2018-02-26,16.627913,16.713293,16.563877,16.699062,1741200
2018-02-27,16.627910,16.649254,16.435802,16.435802,1824800
2018-02-28,16.506953,16.528297,16.236580,16.236580,2847100
2018-03-01,16.229467,16.307733,15.994669,16.129856,2796400
2018-03-02,16.051591,16.193893,15.987556,16.179663,2415700
2018-03-05,16.030244,16.272156,16.008898,16.250811,1957500
2018-03-06,16.421573,16.464263,16.329078,16.378883,1684300
2018-03-07,16.215237,16.314848,16.136971,16.272158,2537900
2018-03-08,16.300620,16.336195,16.193894,16.293505,2174600
2018-03-09,16.442918,16.592334,16.428687,16.585218,1761900
2018-03-12,16.556763,16.613684,16.521187,16.578108,1916000
2018-03-13,16.578104,16.606565,16.329078,16.364653,1701000
2018-03-14,16.542528,16.556759,16.378882,16.435802,1846200
2018-03-15,16.336188,16.364649,16.222347,16.257923,1103500
2018-03-16,16.236581,16.279271,16.201006,16.201006,1161900
2018-03-19,16.108512,16.129857,15.966211,16.072937,1639300
2018-03-20,16.037358,16.065817,15.980436,16.016012,2118300
2018-03-21,16.016016,16.229468,15.994671,16.179663,1808200
2018-03-22,15.916400,15.973321,15.766983,15.766983,3219800
2018-03-23,15.845251,15.859482,15.560649,15.560649,3996300
2018-03-26,15.745642,15.852369,15.596226,15.838139,3528300
2018-03-27,15.774105,15.788335,15.482387,15.532192,3098200
2018-03-28,15.581991,15.681603,15.510840,15.539301,3831600
2018-03-29,15.574880,15.731412,15.517959,15.667377,4194800
2018-04-02,15.560652,15.653147,15.325855,15.397004,4011600
2018-04-03,15.496613,15.610454,15.461037,15.574878,2962700
2018-04-04,15.461038,15.710066,15.453923,15.681606,3277300
2018-04-05,15.653145,15.752756,15.560650,15.695835,3731700
2018-04-06,15.681607,15.745642,15.489500,15.517960,2480200
2018-04-09,15.681606,15.823907,15.660260,15.695835,2154000
2018-04-10,15.909290,16.016015,15.887944,15.980439,3642800
2018-04-11,15.845254,15.959095,15.845254,15.873713,1299500
2018-04-12,15.909286,15.966207,15.902171,15.923515,1357600
2018-04-13,16.037358,16.051587,15.887941,15.923515,1225500
2018-04-16,15.951979,16.023130,15.944864,15.994669,2811400
2018-04-17,15.966207,16.051587,15.951976,16.016012,1460600
2018-04-18,16.058702,16.122738,16.037358,16.108507,1612300
2018-04-19,16.037358,16.072933,15.895056,15.937746,1917200
2018-04-20,15.823905,15.838135,15.745638,15.774099,2344700
2018-04-23,15.845253,15.852369,15.752757,15.781218,1494900
2018-04-24,15.937749,15.959094,15.752757,15.781218,1532500
2018-04-25,15.724298,15.795449,15.667378,15.752758,1435500
2018-04-26,15.816795,15.852371,15.766989,15.831025,733300
2018-04-27,15.852366,15.923515,15.823905,15.923515,1332300
2018-04-30,15.873712,15.909288,15.781217,15.788332,3277700
2018-05-01,15.845254,15.873713,15.781218,15.866598,1199700
2018-05-02,16.008897,16.129853,15.959091,16.001781,1246700
2018-05-03,16.101397,16.186778,15.959096,16.151203,1830800
2018-05-04,15.951978,16.193890,15.930632,16.172544,1278600
2018-05-07,16.065822,16.144088,16.058707,16.087168,1188500
2018-05-08,15.973322,16.016012,15.930631,16.016012,1353900
2018-05-09,15.994671,16.087168,15.994671,16.087168,1154500
2018-05-10,16.193892,16.279272,16.151202,16.279272,1026200
2018-05-11,16.265038,16.300613,16.236577,16.257923,1051200
2018-05-14,16.350425,16.371771,16.279274,16.293505,1117300
2018-05-15,16.094282,16.151203,16.044476,16.094282,1451400
2018-05-16,16.208123,16.279273,16.193893,16.243698,1417400
2018-05-17,16.257926,16.307731,16.208121,16.265041,1090300
2018-05-18,16.172547,16.201008,16.144088,16.151203,1093100
2018-05-21,16.272158,16.357538,16.272158,16.357538,1087200
2018-05-22,16.350424,16.357539,16.222352,16.243698,1140700
2018-05-23,16.087166,16.165431,16.072936,16.158316,1256300
2018-05-24,16.172547,16.201008,16.065822,16.179663,951400
2018-05-25,16.094280,16.129855,16.058704,16.080050,822900
2018-05-29,15.959096,15.994671,15.809679,15.859486,2103700
2018-05-30,16.051592,16.215239,16.023132,16.208124,1222900
2018-05-31,16.172545,16.186776,16.044474,16.058704,1540200
2018-06-01,16.115625,16.165430,16.058704,16.165430,1657200
2018-06-04,16.307731,16.343306,16.222350,16.265041,1121300
2018-06-05,16.229462,16.229462,16.165427,16.193888,2021600
2018-06-06,16.343309,16.421576,16.293504,16.421576,1268700
2018-06-07,16.414461,16.428691,16.272160,16.293505,1233000
2018-06-08,16.272154,16.307728,16.236577,16.286383,1288400
2018-06-11,16.307731,16.385998,16.307731,16.371767,648500
2018-06-12,16.243697,16.265043,16.144087,16.158316,839400
2018-06-13,16.165430,16.222351,16.044474,16.136971,1292100
2018-06-14,16.122740,16.122740,15.987554,15.987554,1555600
2018-06-15,16.030242,16.044471,15.966207,16.001781,2688500
2018-06-18,16.058704,16.144086,16.037360,16.136971,2755100
2018-06-19,15.920824,16.022369,15.891811,16.007862,2674300
2018-06-20,16.189193,16.203700,16.102156,16.167435,2216300
2018-06-21,16.268979,16.297991,16.210953,16.225460,2168000
2018-06-22,16.493827,16.515587,16.414041,16.457561,1608700
2018-06-25,16.261730,16.268984,16.087653,16.123919,3190500
2018-06-26,16.247221,16.276234,16.160183,16.239967,1707500
2018-06-27,16.247219,16.356017,16.087649,16.094902,3580600
2018-06-28,16.203702,16.341514,16.189195,16.312500,2809800
2018-06-29,16.305243,16.414042,16.305243,16.399536,1647000
2018-07-02,16.123916,16.210956,16.116663,16.181942,2135800
2018-07-03,16.363267,16.399534,16.247216,16.268976,1216000
2018-07-05,16.428549,16.450309,16.363270,16.443056,1077900
2018-07-06,16.515593,16.682416,16.515593,16.667910,2375700
2018-07-09,16.769454,16.812973,16.718680,16.805719,1927000
2018-07-10,16.667905,16.725931,16.653399,16.711426,1505500
2018-07-11,16.428547,16.472066,16.276230,16.305243,3589600
2018-07-12,16.580870,16.624389,16.522845,16.617136,1453300
2018-07-13,16.508334,16.559107,16.479321,16.559107,1154200
2018-07-16,16.501080,16.508334,16.399536,16.450308,3595000
2018-07-17,16.356013,16.406787,16.327001,16.385027,2830700
2018-07-18,16.406791,16.508336,16.385031,16.479322,1602800
2018-07-19,16.341508,16.464813,16.327001,16.385027,1388600
2018-07-20,16.551852,16.595371,16.522840,16.566359,2343800
2018-07-23,16.428550,16.435804,16.377778,16.406792,859000
2018-07-24,16.580870,16.638896,16.537350,16.588123,1949200
2018-07-25,16.479319,16.660650,16.435801,16.638891,1274800
2018-07-26,16.486572,16.530092,16.457560,16.472065,1274400
2018-07-27,16.609878,16.646144,16.537345,16.566359,1012200
2018-07-30,16.595372,16.617132,16.544600,16.551853,2820700
2018-07-31,16.682413,16.711427,16.617134,16.624388,2418000
2018-08-01,16.551853,16.551853,16.486574,16.486574,2033300
2018-08-02,16.363270,16.450309,16.363270,16.435802,1854700
2018-08-03,16.363271,16.486576,16.363271,16.479322,2144300
2018-08-06,16.457560,16.515585,16.428546,16.472065,880000
2018-08-07,16.580864,16.617130,16.501078,16.522839,1393700
2018-08-08,16.530092,16.646144,16.508332,16.609877,859600
2018-08-09,16.667907,16.689667,16.559109,16.573616,1365500
2018-08-10,16.305243,16.363268,16.261724,16.305243,1719200
2018-08-13,16.305244,16.327004,16.181939,16.210953,1411900
2018-08-14,16.297992,16.312499,16.210955,16.276234,2563200
2018-08-15,16.290740,16.297994,16.138423,16.254475,2499900
2018-08-16,16.443055,16.522841,16.428548,16.457561,1287000
2018-08-17,16.522843,16.725932,16.501083,16.682413,3649400
2018-08-20,16.638895,16.718679,16.624388,16.696920,1228300
2018-08-21,16.573613,16.624385,16.530094,16.544600,1359500
2018-08-22,16.508335,16.544600,16.450309,16.501081,1793300
2018-08-23,16.218203,16.276229,16.181937,16.189190,1711100
2018-08-24,16.312497,16.370523,16.283485,16.334257,1520700
2018-08-27,16.385028,16.508333,16.385028,16.493826,2869900
2018-08-28,16.573613,16.602626,16.486574,16.486574,2395400
2018-08-29,16.573614,16.667906,16.537347,16.646147,1529200
2018-08-30,16.544597,16.573611,16.450306,16.472065,1374700
2018-08-31,16.370526,16.421298,16.283488,16.312500,2234600
2018-09-04,16.145673,16.196446,16.087648,16.131166,2784300
2018-09-05,16.029623,16.058635,15.935330,15.993356,2384200
2018-09-06,15.884559,15.906319,15.739495,15.826533,2897500
2018-09-07,15.630694,15.695973,15.536402,15.565414,1953600
2018-09-10,15.703228,15.724989,15.623444,15.674216,1252600
2018-09-11,15.608934,15.732239,15.594428,15.717732,1648100
2018-09-12,15.783012,15.884557,15.746745,15.877303,2329400
2018-09-13,15.928075,15.935329,15.812024,15.877303,1518800
2018-09-14,15.884557,15.920824,15.819278,15.855545,1667500
2018-09-17,15.935329,15.986103,15.877303,15.877303,1338400
2018-09-18,15.971598,16.065889,15.957091,16.051382,1490300
2018-09-19,16.058639,16.160185,16.051386,16.123919,2811500
2018-09-20,16.181940,16.232712,16.138421,16.225460,1315400
2018-09-21,16.196449,16.247221,16.174688,16.174688,1520000
2018-09-24,16.203700,16.232712,16.109407,16.109407,1443300
2018-09-25,16.203701,16.210955,16.123915,16.138422,1198800
2018-09-26,16.094900,16.261724,16.087647,16.116659,1333900
2018-09-27,16.051380,16.116660,16.029622,16.044128,911400
2018-09-28,16.044128,16.116660,16.015115,16.044128,1631400
2018-10-01,15.993356,16.065888,15.986104,16.022369,1272600
2018-10-02,15.812025,15.848292,15.790266,15.833785,2547100
2018-10-03,15.841038,15.848291,15.732240,15.739493,2371300
2018-10-04,15.746748,15.768508,15.594431,15.652456,2457900
2018-10-05,15.688719,15.717733,15.550909,15.587174,2156200
2018-10-08,15.420351,15.500137,15.362325,15.478376,2413000
2018-10-09,15.326058,15.449363,15.311553,15.420351,3242100
2018-10-10,15.405845,15.405845,15.072197,15.093956,3594300
2018-10-11,14.948894,15.035931,14.709537,14.854601,5747600
2018-10-12,15.035927,15.035927,14.796571,14.934382,2956400
2018-10-15,14.977905,15.035930,14.948893,14.963398,1679000
2018-10-16,15.130222,15.210007,15.064943,15.195501,1563300
2018-10-17,15.188247,15.224512,15.072195,15.159233,1411800
2018-10-18,15.166486,15.180993,14.970649,15.021421,1898100
2018-10-19,15.159237,15.246276,15.115718,15.166491,1897400
2018-10-22,15.072195,15.093954,14.985156,15.021421,1500200
2018-10-23,14.789320,14.934385,14.687775,14.861853,2146100
2018-10-24,14.796572,14.811079,14.513697,14.513697,3593300
2018-10-25,14.491941,14.637006,14.426662,14.571727,1693300
2018-10-26,14.383142,14.564472,14.296103,14.477433,4102600
2018-10-29,14.687777,14.724042,14.339622,14.441167,2795100
2018-10-30,14.666017,14.832842,14.658764,14.818336,3586300
2018-10-31,14.905374,14.985160,14.898122,14.941641,1906000
2018-11-01,15.086704,15.180997,15.050439,15.180997,2301600
2018-11-02,15.195500,15.260779,15.043181,15.144726,2553900
2018-11-05,15.195503,15.246275,15.159236,15.202755,1804200
2018-11-06,15.253529,15.355074,15.246276,15.347820,1746200
2018-11-07,15.521895,15.572667,15.471122,15.558162,1128200
2018-11-08,15.601684,15.630696,15.478379,15.507391,3083400
2018-11-09,15.434861,15.463873,15.326061,15.376835,2525900
2018-11-12,15.434858,15.442112,15.246275,15.275287,1915900
2018-11-13,15.275288,15.376834,15.195504,15.253530,2175800
2018-11-14,15.130224,15.151983,14.956147,15.079452,2708000
2018-11-15,15.043183,15.246274,15.006917,15.195501,2911700
2018-11-16,15.115719,15.246277,15.086705,15.246277,2111400
2018-11-19,15.064947,15.064947,14.912629,14.956149,1799500
2018-11-20,14.840094,14.854601,14.658763,14.673270,2726300
2018-11-21,14.912627,14.999666,14.898121,14.948894,1924800
2018-11-23,14.941639,14.985158,14.919879,14.927133,1139600
2018-11-26,15.043184,15.093956,15.014171,15.093956,2076900
2018-11-27,15.014169,15.086700,14.970649,15.086700,1691900
2018-11-28,15.043186,15.333315,14.985160,15.318810,2314300
2018-11-29,15.260784,15.326061,15.217263,15.246277,2048700
2018-11-30,15.028675,15.093954,14.992409,15.086700,3166600
2018-12-03,15.456618,15.471125,15.275288,15.347820,2618000
2018-12-04,15.289790,15.289790,14.927129,14.934382,3474000
2018-12-06,14.709537,14.840094,14.564472,14.818336,4419500
2018-12-07,14.934386,14.992412,14.680523,14.731296,4223200
2018-12-10,14.557220,14.600739,14.404903,14.535461,2373900
2018-12-11,14.760308,14.774815,14.571724,14.651510,2655400
2018-12-12,14.854603,14.941642,14.796577,14.796577,3354900
2018-12-13,14.832841,14.876360,14.767562,14.789321,2528200
2018-12-14,14.593487,14.651513,14.528208,14.535461,2464000
2018-12-17,14.687778,14.702285,14.484688,14.535461,2498900
2018-12-18,14.591957,14.674822,14.471423,14.539223,3371100
2018-12-19,14.659758,14.750158,14.305695,14.373494,4662900
2018-12-20,14.350890,14.403624,14.155026,14.215292,2900800
2018-12-21,14.079696,14.207762,13.868764,13.883831,5383200
2018-12-24,14.004364,14.079697,13.868765,13.876298,2078500
2018-12-26,13.936564,14.358427,13.823565,14.350894,4199600
2018-12-27,14.222826,14.396092,14.132427,14.396092,2646300
2018-12-28,14.576893,14.614559,14.478960,14.501560,4104700
2018-12-31,14.471426,14.539226,14.448827,14.501560,2618300
2019-01-02,14.185162,14.411160,14.162562,14.388561,3401400
2019-01-03,14.335828,14.388560,14.222827,14.283093,2519900
2019-01-04,14.516626,14.817957,14.509092,14.787823,2900000
2019-01-07,14.735089,14.885755,14.712490,14.833022,2007300
2019-01-08,14.961089,14.991221,14.870689,14.946022,2131300
2019-01-09,15.096688,15.217220,15.059020,15.156954,5069800
2019-01-10,15.149422,15.224753,15.134355,15.224753,3459200
2019-01-11,15.149422,15.247354,15.119288,15.224753,2292000
2019-01-14,15.119286,15.202152,15.104219,15.164485,1884000
2019-01-15,15.209688,15.292553,15.194621,15.262421,3884300
2019-01-16,15.269952,15.337751,15.262418,15.300084,3158200
2019-01-17,15.224753,15.488418,15.217221,15.443219,3213500
2019-01-18,15.480883,15.526084,15.435684,15.503484,5234100
2019-01-22,15.239819,15.254886,15.089154,15.119287,1926100
2019-01-23,15.232287,15.239821,15.111755,15.187088,1796600
2019-01-24,15.187085,15.239817,15.149419,15.194618,2619500
2019-01-25,15.352817,15.488416,15.352817,15.465817,3673900
2019-01-28,15.337751,15.390484,15.307617,15.390484,1824800
2019-01-29,15.375420,15.398020,15.322687,15.337754,3089500
2019-01-30,15.413085,15.654151,15.405553,15.586351,2281000
2019-01-31,15.495951,15.571284,15.465819,15.511018,2161600
2019-02-01,15.503486,15.556219,15.458287,15.488420,1897100
2019-02-04,15.488420,15.616486,15.480886,15.616486,2023400
2019-02-05,15.865084,15.895218,15.842485,15.872618,7627800
2019-02-06,15.729484,15.767151,15.661686,15.691818,4663700
2019-02-07,15.759615,15.767149,15.631550,15.684282,4295100
2019-02-08,15.624014,15.669214,15.578815,15.654148,2232700
2019-02-11,15.631551,15.661685,15.593885,15.608951,1486300
2019-02-12,15.706882,15.767148,15.684282,15.767148,1925100
2019-02-13,15.729485,15.774686,15.624020,15.624020,2285600
2019-02-14,15.624014,15.691813,15.586348,15.631547,3878300
2019-02-15,15.812347,15.887680,15.797280,15.880147,1913800
2019-02-19,15.812348,16.008214,15.797281,15.978080,1113100
2019-02-20,15.917815,16.000681,15.895216,15.925348,5365500
2019-02-21,15.902750,15.902750,15.804817,15.857550,5173700
2019-02-22,16.038349,16.098615,16.000682,16.038349,1618400
2019-02-25,16.196547,16.204080,16.113680,16.121214,1216200
2019-02-26,16.076015,16.173947,16.060948,16.121214,1206700
2019-02-27,16.083545,16.106144,16.015746,16.053411,935000
2019-02-28,16.068481,16.098615,16.023282,16.030815,1422300
2019-03-01,16.143810,16.189010,16.068477,16.143810,1798200
2019-03-04,16.158883,16.196549,15.993150,16.060949,2762700
2019-03-05,16.091081,16.143814,16.068481,16.113680,2248600
2019-03-06,16.204077,16.226678,16.113677,16.128744,1752800
2019-03-07,16.211615,16.234214,16.060949,16.083549,2843100
2019-03-08,15.955483,16.023282,15.955483,16.015749,1818400
2019-03-11,16.030813,16.158878,16.030813,16.158878,2047300
2019-03-12,16.030813,16.083545,16.023279,16.053411,3384700
2019-03-13,16.076012,16.151345,16.060945,16.136278,2428900
2019-03-14,16.060950,16.098617,16.023284,16.091084,1886800
2019-03-15,16.060945,16.158878,16.060945,16.158878,1239800
2019-03-18,16.136282,16.211615,16.128748,16.211615,1934200
2019-03-19,16.234213,16.249280,16.106147,16.151348,1324800
2019-03-20,16.068478,16.226678,16.038346,16.158878,4416700
2019-03-21,16.158877,16.256809,16.128743,16.256809,4087800
2019-03-22,16.121214,16.151347,15.993148,15.993148,2423700
2019-03-25,16.030812,16.076011,15.963012,16.068478,2252600
2019-03-26,16.113676,16.166409,16.098611,16.143810,2017100
2019-03-27,16.030814,16.038347,15.895215,15.978080,1695600
2019-03-28,16.121215,16.151348,16.068482,16.098616,1333300
2019-03-29,16.211615,16.211615,16.136282,16.211615,1935900
2019-04-01,16.347209,16.392408,16.317075,16.392408,1767500
2019-04-02,16.309542,16.332142,16.256809,16.309542,2263800
2019-04-03,16.445143,16.512942,16.415010,16.445143,2708800
2019-04-04,16.286947,16.324613,16.264347,16.294479,4892500
2019-04-05,16.181479,16.241746,16.166413,16.219147,2039600
2019-04-08,16.279412,16.347212,16.256812,16.324612,2055400
2019-04-09,16.294478,16.294478,16.219146,16.241745,4718000
2019-04-10,16.271881,16.392413,16.264347,16.354746,6690900
2019-04-11,16.332142,16.347209,16.256809,16.309542,2690800
2019-04-12,16.512942,16.528009,16.452676,16.467743,1576100
2019-04-15,16.497876,16.497876,16.422543,16.430077,1653700
2019-04-16,16.573209,16.573209,16.497876,16.512943,1289400
2019-04-17,16.565675,16.573208,16.452676,16.497875,1065200
2019-04-18,16.520477,16.550609,16.497876,16.512943,2470100
2019-04-22,16.392411,16.497877,16.392411,16.490343,989300
2019-04-23,16.520478,16.573211,16.490344,16.558144,1795700
2019-04-24,16.520478,16.535545,16.415013,16.475279,1832500
2019-04-25,16.430078,16.482811,16.407479,16.482811,1739100
2019-04-26,16.505410,16.565677,16.505410,16.520477,1436900
2019-04-29,16.467743,16.505409,16.452676,16.497875,1505300
2019-04-30,16.407478,16.422543,16.324611,16.399944,4546500
2019-05-01,16.452675,16.512941,16.339676,16.339676,2830100
2019-05-02,16.347211,16.369810,16.271878,16.317078,1766700
2019-05-03,16.339677,16.445143,16.332144,16.445143,2295700
2019-05-06,16.121214,16.286947,16.113681,16.286947,3485900
2019-05-07,16.204080,16.211614,16.060948,16.121214,4025100
2019-05-08,16.143814,16.196547,16.113680,16.121214,4439400
2019-05-09,16.060945,16.196544,16.015746,16.158878,3720800
2019-05-10,16.279414,16.384880,16.173947,16.354746,3037100
2019-05-13,16.128750,16.143817,16.000685,16.023285,4212600
2019-05-14,15.985613,16.083546,15.985613,16.008213,1868400
2019-05-15,15.993145,16.136278,15.978078,16.128744,2503800
2019-05-16,16.249278,16.339678,16.234211,16.264345,1550200
2019-05-17,16.091079,16.204078,16.091079,16.136278,1395000
2019-05-20,16.497878,16.558144,16.452679,16.482811,3496700
2019-05-21,16.573213,16.641013,16.535548,16.625946,2548000
2019-05-22,16.610877,16.656077,16.603345,16.618410,2023100
2019-05-23,16.512943,16.550609,16.467744,16.512943,1589900
2019-05-24,16.580743,16.648543,16.528010,16.595810,741900
2019-05-28,16.580743,16.633476,16.490343,16.490343,1513200
2019-05-29,16.415011,16.445144,16.347212,16.399944,1446100
2019-05-30,16.407478,16.437610,16.369810,16.430077,1549200
2019-05-31,16.392412,16.445145,16.347213,16.422544,2632100
2019-06-03,16.369813,16.399947,16.309547,16.354746,2235300
2019-06-04,16.520477,16.625943,16.497877,16.603344,2009900
2019-06-05,16.595810,16.633475,16.497876,16.535543,1024400
2019-06-06,16.580742,16.686208,16.558142,16.641008,1302000
2019-06-07,16.723875,16.889607,16.723875,16.836874,1899900
2019-06-10,16.859473,16.897140,16.821807,16.836874,3003500
2019-06-11,17.040277,17.062876,16.964944,17.010143,1992000
2019-06-12,16.897140,16.927273,16.829341,16.836874,1519700
2019-06-13,16.874542,16.889609,16.799209,16.844410,1662200
2019-06-14,16.738941,16.738941,16.686208,16.731407,739600
2019-06-17,16.695283,16.710657,16.649164,16.664537,1260400
2019-06-18,16.810578,16.933564,16.810578,16.918190,2857300
2019-06-19,17.002746,17.094984,16.971999,17.025805,2011800
2019-06-20,17.233345,17.248719,17.156479,17.217972,2002500
2019-06-21,17.133421,17.179540,17.110361,17.118048,2355100
2019-06-24,17.225658,17.256405,17.217971,17.241032,1120300
2019-06-25,17.279462,17.348641,17.156477,17.179537,2975400
2019-06-26,17.302522,17.302522,17.233343,17.248716,1701100
2019-06-27,17.333272,17.371706,17.325587,17.364019,2627200
2019-06-28,17.340955,17.356328,17.294835,17.325583,1979000
2019-07-01,17.340957,17.348644,17.241032,17.294838,1914200
2019-07-02,17.294838,17.294838,17.256406,17.287151,1789600
2019-07-03,17.479316,17.517750,17.456256,17.502377,1503300
2019-07-05,17.440880,17.517746,17.379387,17.510059,1859600
2019-07-08,17.325585,17.333270,17.287151,17.287151,1766300
2019-07-09,17.217972,17.256405,17.202598,17.225658,1179100
2019-07-10,17.333270,17.356331,17.279464,17.294838,2155900
2019-07-11,17.371703,17.425509,17.294836,17.348642,1288300
2019-07-12,17.356329,17.387076,17.325583,17.379389,1159900
2019-07-15,17.471626,17.471626,17.364014,17.402447,969100
2019-07-16,17.371704,17.402450,17.287151,17.287151,1678100
2019-07-17,17.356333,17.417825,17.348646,17.364019,1875200
2019-07-18,17.371703,17.471628,17.333270,17.456255,2284200
2019-07-19,17.540807,17.563868,17.463941,17.487001,1597300
2019-07-22,17.494689,17.525434,17.440883,17.456255,1069100
2019-07-23,17.510064,17.540810,17.471630,17.525436,1704000
2019-07-24,17.510060,17.540806,17.494687,17.533119,1502900
2019-07-25,17.571555,17.579242,17.448569,17.471628,1534900
2019-07-26,17.471627,17.487001,17.433195,17.433195,686400
2019-07-29,17.533118,17.533118,17.494686,17.517746,873500
2019-07-30,17.394765,17.410139,17.340959,17.364019,1173800
2019-07-31,17.387078,17.425510,17.141105,17.225658,3626800
2019-08-01,17.256403,17.417820,17.094983,17.133417,4398600
2019-08-02,17.102668,17.125728,17.002743,17.064236,1742200
2019-08-05,16.679911,16.679911,16.349387,16.441626,3299100
2019-08-06,16.372446,16.403193,16.164909,16.326326,3059100
2019-08-07,16.172595,16.364760,16.080355,16.334013,3529700
2019-08-08,16.472374,16.633792,16.418568,16.610733,2528200
2019-08-09,16.587669,16.633788,16.472371,16.518490,2105100
2019-08-12,16.456999,16.495431,16.357074,16.387819,1134700
2019-08-13,16.380133,16.679911,16.357074,16.603045,3701100
2019-08-14,16.334014,16.395507,16.203342,16.211029,3590000
2019-08-15,16.149532,16.180278,16.034234,16.149532,2643100
2019-08-16,16.195654,16.318640,16.195654,16.318640,1371500
2019-08-19,16.395502,16.403189,16.349383,16.380129,1027200
2019-08-20,16.487746,16.533866,16.426254,16.433939,1387600
2019-08-21,16.510805,16.518492,16.433939,16.456999,3290000
2019-08-22,16.449314,16.480061,16.341702,16.403194,994500
2019-08-23,16.380132,16.503117,16.195654,16.203341,2462500
2019-08-26,16.334012,16.357072,16.241772,16.310951,1157700
2019-08-27,16.403190,16.403190,16.272518,16.295578,1254100
2019-08-28,16.272520,16.395506,16.249460,16.341700,1296500
2019-08-29,16.503116,16.518489,16.433936,16.480057,1311200
2019-08-30,16.633790,16.664537,16.556926,16.664537,2866600
2019-09-03,16.472371,16.587670,16.441624,16.579983,16824400
2019-09-04,16.702969,16.764462,16.672223,16.764462,1333300
2019-09-05,16.933564,17.010429,16.933564,16.964310,2700700
2019-09-06,17.048865,17.118045,17.033492,17.087297,1896100
2019-09-09,17.156475,17.179536,17.118043,17.141102,1409400
2019-09-10,17.110356,17.171849,17.064237,17.141102,2487800
2019-09-11,17.179539,17.233345,17.164166,17.217972,2433400
2019-09-12,17.241032,17.317898,17.202598,17.287151,2411500
2019-09-13,17.325584,17.379390,17.294837,17.340956,1577500
2019-09-16,17.302525,17.340957,17.279465,17.287151,1958300
2019-09-17,17.294837,17.402449,17.294837,17.394762,1849900
2019-09-18,17.294839,17.310212,17.164166,17.264091,1393400
2019-09-19,17.340955,17.364015,17.302523,17.310209,1752000
2019-09-20,17.294836,17.333269,17.202597,17.202597,3008100
2019-09-23,17.164166,17.248719,17.148792,17.217972,1183600
2019-09-24,17.302523,17.310209,17.133418,17.156477,1538200
2019-09-25,17.087298,17.171851,17.056552,17.156477,1540300
2019-09-26,17.148789,17.156476,17.056551,17.125731,1532500
2019-09-27,17.210282,17.225655,17.079610,17.133417,2211200
2019-09-30,17.079612,17.125733,17.056553,17.102673,1999800
2019-10-01,17.025804,17.033491,16.849013,16.887445,2546400
2019-10-02,16.656848,16.710654,16.418564,16.487743,2542500
2019-10-03,16.433935,16.595354,16.357070,16.595354,2953900
2019-10-04,16.633787,16.772146,16.618415,16.772146,1304200
2019-10-07,16.733716,16.810582,16.702969,16.702969,2229400
2019-10-08,16.687595,16.687595,16.556924,16.579983,12791700
2019-10-09,16.626103,16.695283,16.595358,16.679911,1794700
2019-10-10,16.664539,16.818270,16.656852,16.818270,2348200
2019-10-11,17.002750,17.118048,17.002750,17.018122,2148100
2019-10-14,16.925881,16.972001,16.879761,16.879761,1485900
2019-10-15,17.002746,17.141103,16.987372,17.094984,1329400
2019-10-16,17.079611,17.202596,17.079611,17.156477,2728000
2019-10-17,17.210282,17.225656,17.141103,17.179537,1187000
2019-10-18,17.171851,17.187224,17.094984,17.156477,1786200
2019-10-21,17.256404,17.302523,17.248717,17.302523,1075700
2019-10-22,17.317896,17.364015,17.256404,17.302523,2142300
2019-10-23,17.294834,17.387074,17.294834,17.387074,622700
2019-10-24,17.425509,17.425509,17.348643,17.394762,1718400
2019-10-25,17.402450,17.517750,17.402450,17.448570,2595400
2019-10-28,17.471630,17.525436,17.471630,17.525436,1029000
2019-10-29,17.448569,17.494688,17.425509,17.479315,2590500
2019-10-30,17.410134,17.479313,17.325582,17.463940,1772600
2019-10-31,17.348643,17.356330,17.241032,17.317898,1730400
2019-11-01,17.440880,17.494686,17.417820,17.494686,2677000
2019-11-04,17.463942,17.502376,17.410137,17.440884,2455300
2019-11-05,17.463941,17.479315,17.410135,17.471628,2523000
2019-11-06,17.394763,17.417823,17.333270,17.371704,1891200
2019-11-07,17.594611,17.633045,17.556179,17.556179,3203200
2019-11-08,17.463943,17.510063,17.417824,17.502377,2938500
2019-11-11,17.548491,17.640731,17.548491,17.602297,914800
2019-11-12,17.563869,17.602302,17.533122,17.571556,18714400
2019-11-13,17.379387,17.425506,17.356326,17.387074,1603800
2019-11-14,17.356329,17.379389,17.317896,17.379389,3767300
2019-11-15,17.502374,17.556180,17.463940,17.533119,2263800
2019-11-18,17.471628,17.517749,17.440882,17.479315,1550900
2019-11-19,17.617675,17.633049,17.533122,17.563869,1196400
2019-11-20,17.325583,17.348641,17.210283,17.248716,4000900
2019-11-21,17.264091,17.264091,17.187226,17.225658,3368100
2019-11-22,17.302523,17.317896,17.241030,17.302523,1499700
2019-11-25,17.325581,17.387074,17.317894,17.387074,1365400
2019-11-26,17.425510,17.463942,17.402450,17.440884,1111900
2019-11-27,17.579242,17.656107,17.579242,17.656107,1103400
2019-11-29,17.540806,17.571553,17.525432,17.548492,1363100
2019-12-02,17.533121,17.533121,17.356330,17.471628,3422100
2019-12-03,17.094986,17.194913,17.010433,17.164165,3313400
2019-12-04,17.225658,17.294838,17.202598,17.294838,1956800
2019-12-05,17.317899,17.317899,17.217972,17.264091,2507300
2019-12-06,17.402446,17.433194,17.364014,17.417820,1501600
2019-12-09,17.394756,17.440877,17.333263,17.333263,844500
2019-12-10,17.294836,17.317897,17.241030,17.279463,1094200
2019-12-11,17.394762,17.502375,17.394762,17.487001,2744100
2019-12-12,17.433192,17.594610,17.402445,17.594610,2509200
2019-12-13,17.586926,17.694539,17.540807,17.579241,2166400
2019-12-16,17.874135,17.952564,17.866292,17.897663,2232700
2019-12-17,17.787864,17.834922,17.693748,17.732964,20564600
2019-12-18,17.756489,17.780019,17.725118,17.740805,2748100
2019-12-19,17.725121,17.740807,17.678063,17.725121,3143100
2019-12-20,17.803550,17.811392,17.709434,17.732964,1654800
2019-12-23,17.678062,17.748648,17.678062,17.748648,1870200
2019-12-24,17.756492,17.780022,17.709435,17.764336,1615700
2019-12-26,17.803549,17.874136,17.764333,17.874136,1370600
2019-12-27,17.921194,17.968251,17.842764,17.842764,1769000
2019-12-30,17.921192,17.952564,17.787862,17.819233,2056100
2019-12-31,17.772173,17.772173,17.615313,17.756487,2696300
2020-01-02,17.795705,17.850605,17.740804,17.834919,2332900
2020-01-03,17.631004,17.748648,17.607476,17.646690,2360600
2020-01-06,17.607474,17.748646,17.607474,17.740805,1564900
2020-01-07,17.780021,17.780021,17.685905,17.717278,3552100
2020-01-08,17.764332,17.897663,17.764332,17.819233,2420400
2020-01-09,17.819235,17.834921,17.772177,17.827078,1261200
2020-01-10,17.921196,17.991783,17.866295,17.921196,1497500
2020-01-13,17.991782,18.078053,17.936881,18.062368,1959500
2020-01-14,18.140798,18.195700,18.117270,18.172171,4481500
2020-01-15,18.195698,18.297656,18.195698,18.258442,1132700
2020-01-16,18.383930,18.462360,18.360401,18.462360,1775300
2020-01-17,18.430986,18.446672,18.383929,18.446672,912900
2020-01-21,18.391771,18.391771,18.281969,18.297655,1808900
2020-01-22,18.423142,18.462358,18.368241,18.399612,2215900
2020-01-23,18.383930,18.423144,18.289814,18.383930,1784500
2020-01-24,18.383928,18.399613,18.180010,18.234911,2333100
2020-01-27,17.834921,17.936880,17.803550,17.842764,2707000
2020-01-28,17.944722,18.007466,17.905508,17.991781,1604500
2020-01-29,17.960408,17.983938,17.881978,17.913351,1550800
2020-01-30,17.787862,17.913349,17.725118,17.905506,2433000
2020-01-31,17.693747,17.701590,17.419242,17.458458,4300800
2020-02-03,17.513361,17.583948,17.466304,17.497675,2031200
2020-02-04,17.764335,17.834922,17.748649,17.803551,1105000
2020-02-05,17.936881,17.936881,17.850607,17.913351,1477200
2020-02-06,17.983937,17.983937,17.921193,17.944721,1847700
2020-02-07,17.803551,17.803551,17.717278,17.717278,1952000
2020-02-10,17.717274,17.795704,17.709431,17.780018,1175300
2020-02-11,17.889820,17.929036,17.858449,17.905506,1985500
2020-02-12,18.101581,18.148638,18.101581,18.132954,1465200
2020-02-13,18.015308,18.093738,17.991780,18.030994,1464100
2020-02-14,18.117268,18.117268,18.023152,18.078053,1194800
2020-02-18,18.023149,18.062365,17.983935,18.023149,1348800
2020-02-19,18.085897,18.140797,18.078054,18.117270,1353700
2020-02-20,18.007468,18.070213,17.858453,17.976097,1917000
2020-02-21,17.858448,17.897663,17.795705,17.834919,2227900
2020-02-24,17.191800,17.254544,17.050626,17.074156,3616100
2020-02-25,17.183955,17.215327,16.768277,16.831020,7013000
2020-02-26,16.783963,16.878079,16.611418,16.619261,6730200
2020-02-27,16.454557,16.587888,16.227112,16.227112,5936300
2020-02-28,15.725162,15.850649,15.411443,15.780064,10559800
2020-03-02,15.787905,16.023195,15.654575,16.015352,7727500
2020-03-03,16.109467,16.352599,15.646732,15.858491,12817200
2020-03-04,16.085937,16.289854,15.944763,16.289854,6718800
2020-03-05,15.905547,16.007505,15.748687,15.811431,4548400
2020-03-06,15.356540,15.560457,15.309483,15.513400,4750800
2020-03-09,13.693830,14.133038,13.497756,13.678145,8873000
2020-03-10,14.995762,15.121250,14.368324,14.854589,9894500
2020-03-11,14.164409,14.195782,13.623245,13.693830,6995500
2020-03-12,12.493856,12.517385,11.623286,11.858575,6881900
2020-03-13,13.497758,13.552660,12.666403,13.536974,5195900
2020-03-16,11.442898,11.842890,11.168393,11.356625,4296500
2020-03-17,11.913475,12.242880,11.544856,12.203666,5089300
2020-03-18,10.768401,11.301724,10.478212,10.760559,4347300
2020-03-19,10.674286,11.238981,10.470370,10.940948,3050900
2020-03-20,11.019376,11.184078,10.446838,10.493896,5121100
2020-03-23,10.297825,10.446841,9.984105,10.054692,4788600
2020-03-24,10.901733,11.325254,10.815461,11.286039,5089100
2020-03-25,11.623287,12.023279,11.435056,11.756618,4921000
2020-03-26,11.905635,12.376213,11.889949,12.297784,4376600
2020-03-27,11.387997,11.638972,11.160550,11.372311,4442600
2020-03-30,12.093867,12.368371,11.991908,12.352685,3952700
2020-03-31,12.078177,12.360524,11.960533,12.187979,4801400
2020-04-01,11.952692,12.274253,11.733089,11.772304,4536500
2020-04-02,11.803674,12.219351,11.733087,12.164451,2460300
2020-04-03,11.780146,11.827204,11.529171,11.631129,3316600
2020-04-06,12.242881,12.674244,12.219352,12.611501,2002100
2020-04-07,12.611501,12.674245,12.258568,12.258568,3958100
2020-04-08,12.321312,12.493858,12.219353,12.360527,2815600
2020-04-09,12.901692,13.152666,12.807575,13.042864,3184200
2020-04-13,13.058549,13.066392,12.815417,12.995805,3576500
2020-04-14,13.270312,13.458543,13.191882,13.442857,4046800
2020-04-15,12.823261,12.925219,12.713458,12.784045,3790300
2020-04-16,12.901691,12.948748,12.666401,12.870318,2276800
2020-04-17,13.160510,13.215411,12.972279,13.199724,1966600
2020-04-20,12.776204,13.003649,12.721302,12.729145,3034000
2020-04-21,12.250724,12.360526,12.070336,12.156609,3232500
2020-04-22,12.713460,12.736989,12.619345,12.697775,2210300
2020-04-23,12.658558,12.807575,12.540914,12.619344,2466000
2020-04-24,12.760517,12.878162,12.650715,12.870318,2121700
2020-04-27,12.995806,13.066393,12.901691,13.027179,1748100
2020-04-28,13.199724,13.199724,12.980120,13.027179,1581700
2020-04-29,13.356585,13.536973,13.340899,13.442857,2269000
2020-04-30,13.466384,13.513441,13.278152,13.364426,3330700
2020-05-01,12.784047,12.799733,12.580131,12.697775,3343500
2020-05-04,12.838948,12.987964,12.760518,12.987964,2519800
2020-05-05,13.176192,13.223251,13.066391,13.113448,1542100
2020-05-06,13.097765,13.113450,12.870318,12.870318,4846000
2020-05-07,13.058551,13.199725,13.019337,13.082081,3563200
2020-05-08,13.160510,13.270311,13.136981,13.270311,2105800
2020-05-11,13.215410,13.380111,13.184037,13.309525,2185800
2020-05-12,13.278152,13.285995,12.980118,12.980118,2943300
2020-05-13,13.184036,13.207566,12.854632,12.933062,3986100
2020-05-14,12.768361,12.972279,12.650716,12.956593,3428400
2020-05-15,12.948750,13.089924,12.933064,13.066395,2056300
2020-05-18,13.435012,13.670302,13.435012,13.646772,4712900
2020-05-19,13.584030,13.646773,13.435013,13.435013,2808500
2020-05-20,13.764416,13.889903,13.740888,13.835003,2954600
2020-05-21,13.733046,13.764418,13.536972,13.623245,3304900
2020-05-22,13.513442,13.607558,13.458541,13.599715,1993100
2020-05-26,14.313430,14.352644,14.227156,14.242843,3860700
2020-05-27,14.399699,14.438913,14.195781,14.415383,2618100
2020-05-28,14.595773,14.666360,14.485970,14.501657,4286300
2020-05-29,14.195782,14.219310,13.991865,14.164410,5594700
2020-06-01,14.564402,14.862435,14.525187,14.862435,2586600
2020-06-02,15.011450,15.121252,14.948706,15.097723,6205300
2020-06-03,15.372228,15.599674,15.348699,15.536930,2445900
2020-06-04,15.513400,15.670259,15.474184,15.513400,3784800
2020-06-05,15.921235,16.117309,15.913393,15.936921,4815100
2020-06-08,16.031042,16.203587,15.944768,16.203587,3311500
2020-06-09,15.913395,15.991824,15.842808,15.921237,4087500
2020-06-10,15.999669,16.132999,15.882024,15.929082,5139600
2020-06-11,15.293800,15.380073,14.784007,14.784007,7386000
2020-06-12,15.199681,15.262425,14.760475,15.058509,6222100
2020-06-15,14.822870,15.292551,14.759184,15.268670,5516900
2020-06-16,15.603021,15.634863,15.189063,15.427884,7222800
2020-06-17,15.515456,15.539338,15.364201,15.404006,2761900
2020-06-18,15.292553,15.396043,15.252749,15.324396,2535600
2020-06-19,15.467692,15.467692,15.141302,15.141302,2862200
2020-06-22,15.364201,15.531377,15.324398,15.483613,2043100
2020-06-23,15.618945,15.658748,15.507494,15.507494,1644100
2020-06-24,15.388083,15.435847,15.045772,15.069654,3718100
2020-06-25,14.998004,15.236825,14.902475,15.212944,3616900
2020-06-26,15.157222,15.173143,14.926361,14.958204,3185700
2020-06-29,15.117417,15.260710,15.037809,15.244788,2945200
2020-06-30,15.204986,15.404004,15.204986,15.340319,2204500
2020-07-01,15.419927,15.555260,15.404005,15.491572,3357300
2020-07-02,15.817962,15.937373,15.746315,15.786119,3496800
2020-07-06,15.786118,15.825921,15.682630,15.802040,2203600
2020-07-07,15.682631,15.762237,15.539338,15.563219,1941600
2020-07-08,15.491572,15.618945,15.427887,15.603024,2669300
2020-07-09,15.618948,15.618948,15.316439,15.451772,2708400
2020-07-10,15.491572,15.626904,15.443808,15.626904,2329800
2020-07-13,15.658749,15.730396,15.372162,15.404006,2075200
2020-07-14,15.435850,15.674673,15.411969,15.634869,3799500
2020-07-15,16.024941,16.096587,15.905530,15.977177,2366500
2020-07-16,15.794080,15.825922,15.722433,15.770197,1769800
2020-07-17,15.802043,15.881651,15.762239,15.857768,2207700
2020-07-20,15.825922,15.937373,15.770197,15.921452,1268600
2020-07-21,16.295603,16.399093,16.263761,16.303564,2761200
2020-07-22,16.215998,16.295604,16.176193,16.263762,1856300
2020-07-23,16.208038,16.255801,16.001058,16.048822,1689900
2020-07-24,15.929409,16.001055,15.881645,15.945331,2098300
2020-07-27,16.104548,16.215999,16.080667,16.208038,2070400
2020-07-28,16.080669,16.144355,16.016984,16.040865,1123300
2020-07-29,16.192114,16.343369,16.160271,16.303564,1662900
2020-07-30,16.016983,16.160275,15.865728,16.160275,2254800
2020-07-31,15.977177,16.016982,15.674670,15.849806,3038100
2020-08-03,15.881647,16.072704,15.849803,16.072704,1515200
2020-08-04,16.001058,16.176193,16.001058,16.176193,2133000
2020-08-05,16.239880,16.327448,16.208037,16.239880,2448700
2020-08-06,16.255800,16.375211,16.208037,16.351330,2667400
2020-08-07,16.176197,16.231922,16.120472,16.231922,2054000
2020-08-10,16.383172,16.446858,16.319486,16.407055,1792200
2020-08-11,16.661798,16.685679,16.407055,16.422976,2376100
2020-08-12,16.629957,16.725487,16.574232,16.629957,2555200
2020-08-13,16.502585,16.534428,16.343371,16.367252,2377000
2020-08-14,16.367255,16.422979,16.343373,16.375216,2705300
2020-08-17,16.494627,16.542392,16.454824,16.534431,2004100
2020-08-18,16.621994,16.669759,16.494622,16.606073,2019700
2020-08-19,16.781209,16.797131,16.590152,16.621994,2183500
2020-08-20,16.383171,16.582189,16.375210,16.566267,1874200
2020-08-21,16.327449,16.399096,16.287644,16.399096,2265700
2020-08-24,16.566270,16.574231,16.470743,16.550350,1408200
2020-08-25,16.542389,16.566270,16.422977,16.502584,2014900
2020-08-26,16.518506,16.637917,16.494623,16.590153,3017800
2020-08-27,16.685680,16.685680,16.494623,16.574230,3180000
2020-08-28,16.614033,16.653836,16.510543,16.637915,2300200
2020-08-31,16.629956,16.677722,16.526467,16.550350,4087000
2020-09-01,16.454824,16.550353,16.399099,16.534431,2509100
2020-09-02,16.741405,16.844893,16.661797,16.813051,3042600
2020-09-03,16.749366,16.781208,16.279683,16.359289,6024100
2020-09-04,16.255800,16.311525,15.810000,16.152311,6377700
2020-09-08,16.088626,16.184155,15.977176,15.993098,6467100
2020-09-09,16.192117,16.367252,16.176195,16.311527,3270100
2020-09-10,16.200078,16.247842,15.881649,15.881649,5461700
2020-09-11,16.040865,16.080669,15.913493,16.040865,3688000
2020-09-14,16.215996,16.239877,16.160270,16.184153,2417700
2020-09-15,16.367250,16.383172,16.279683,16.303564,2988500
2020-09-16,16.422973,16.478700,16.271721,16.319485,3770800
2020-09-17,16.080665,16.231918,16.056783,16.215998,3877500
2020-09-18,16.128431,16.152314,15.953295,16.024940,4240700
2020-09-21,15.690590,15.706512,15.483612,15.642826,6812300
2020-09-22,15.770195,15.809999,15.618942,15.809999,6331700
2020-09-23,15.865727,15.897569,15.555259,15.587101,4551000
2020-09-24,15.507494,15.714473,15.451769,15.579141,5955600
2020-09-25,15.658748,15.849806,15.571180,15.825923,2990900
2020-09-28,15.937373,15.977176,15.873688,15.969215,4688500
2020-09-29,15.825921,15.865726,15.738354,15.802040,4069700
2020-09-30,15.682630,15.841844,15.642825,15.698550,3361500
2020-10-01,15.873688,15.873688,15.722434,15.825923,3133700
2020-10-02,15.610983,15.833882,15.579139,15.802040,3736100
2020-10-05,16.009018,16.128429,15.993097,16.120468,2277200
2020-10-06,16.112509,16.152313,15.857766,15.921452,5039400
2020-10-07,16.192119,16.279688,16.160275,16.231922,3429200
2020-10-08,16.383171,16.470739,16.359288,16.470739,10048400
2020-10-09,16.542388,16.598113,16.518505,16.574230,2472000
2020-10-12,16.614037,16.733448,16.598115,16.685682,2155500
2020-10-13,16.606075,16.621995,16.502585,16.558310,2478600
2020-10-14,16.629954,16.677719,16.518504,16.542387,2406800
2020-10-15,16.327446,16.550347,16.319485,16.518503,2257900
2020-10-16,16.478700,16.534425,16.430935,16.518503,1226600
2020-10-19,16.566269,16.598113,16.351331,16.383173,2146100
2020-10-20,16.311528,16.454821,16.303567,16.367252,1904500
2020-10-21,16.359289,16.454819,16.335408,16.359289,1853400
2020-10-22,16.478703,16.550350,16.375213,16.502584,2601300
2020-10-23,16.566269,16.621994,16.494623,16.621994,2722000
2020-10-26,16.462784,16.494626,16.239883,16.375216,3175300
2020-10-27,16.271721,16.279682,16.168231,16.184153,2176400
2020-10-28,15.993094,16.016977,15.746312,15.746312,4361400
2020-10-29,15.650786,15.873687,15.579139,15.817962,3921900
2020-10-30,15.786121,15.802042,15.587102,15.738357,3980900
2020-11-02,15.865728,15.881649,15.754278,15.825923,3047400
2020-11-03,16.208038,16.399095,16.184155,16.335409,3150400
2020-11-04,16.239878,16.526465,16.184153,16.343369,4353500
2020-11-05,16.749370,16.900623,16.741409,16.876741,3918800
2020-11-06,16.956345,17.027991,16.900620,16.908581,2925400
2020-11-09,17.903674,17.911634,17.569323,17.577284,6026500
2020-11-10,17.545440,17.664851,17.497675,17.537479,4285400
2020-11-11,17.776299,17.816102,17.712613,17.776299,3353100
2020-11-12,17.617085,17.625046,17.378264,17.441950,1915600
2020-11-13,17.521557,17.696692,17.521557,17.664850,2692800
2020-11-16,17.871830,17.943477,17.800184,17.927555,2993600
2020-11-17,17.895707,18.015117,17.839982,17.959393,1445000
2020-11-18,18.094730,18.206181,17.975319,17.983280,4644300
2020-11-19,17.983280,18.118612,17.935516,18.118612,2692800
2020-11-20,18.126574,18.206182,18.086770,18.150455,2378100
2020-11-23,18.190258,18.245983,18.078807,18.158415,4199000
2020-11-24,18.460923,18.651981,18.429080,18.636059,2778100
2020-11-25,18.556450,18.691782,18.476843,18.651979,2807900
2020-11-27,18.516648,18.556451,18.492766,18.548491,1492000
2020-11-30,18.285789,18.325594,18.078810,18.086771,4833600
2020-12-01,18.341515,18.476846,18.325593,18.445004,3778300
2020-12-02,18.341512,18.548489,18.309668,18.516647,8319700
2020-12-03,18.612175,18.707704,18.572372,18.604216,10197100
2020-12-04,18.683824,18.795275,18.683824,18.763432,3540400
2020-12-07,18.699744,18.779352,18.659941,18.715666,2780400
2020-12-08,18.747507,18.858958,18.739548,18.843037,1747900
2020-12-09,18.954487,18.978370,18.763430,18.874880,3036800
2020-12-10,18.858959,19.042055,18.858959,18.994291,2815200
2020-12-11,18.882840,18.922645,18.795273,18.906723,2133800
2020-12-14,19.123487,19.147572,18.954893,18.962921,3038200
2020-12-15,19.043203,19.187714,19.011091,19.187714,3668500
2020-12-16,19.187716,19.276028,19.147575,19.243914,1558300
2020-12-17,19.548992,19.581104,19.492794,19.500822,2405500
2020-12-18,19.372366,19.380394,19.235884,19.259970,2671500
2020-12-21,18.882639,19.147574,18.826441,19.107431,3431800
2020-12-22,18.946868,18.995038,18.890670,18.987009,3107300
2020-12-23,19.147573,19.243912,19.139545,19.211800,1471900
2020-12-24,19.211799,19.227856,19.163630,19.219828,853600
2020-12-28,19.300113,19.316168,19.235885,19.308140,1960400
2020-12-29,19.372367,19.372367,19.195745,19.235886,1993700
2020-12-30,19.340248,19.476730,19.332220,19.340248,2069300
2020-12-31,19.300113,19.300113,19.179686,19.227858,3304200
2021-01-04,19.573074,19.573074,19.187715,19.292084,5276200
2021-01-05,19.428563,19.645326,19.404477,19.565044,8767000
2021-01-06,19.524905,19.934350,19.516877,19.829983,11030400
2021-01-07,19.773784,19.886182,19.741672,19.838011,3392400
2021-01-08,19.958435,19.966463,19.709555,19.934349,3480200
2021-01-11,19.492794,19.693502,19.468709,19.605190,3140400
2021-01-12,19.605188,19.749698,19.492792,19.725613,17127200
2021-01-13,19.653360,19.709558,19.589134,19.653360,3247300
2021-01-14,19.805899,19.942381,19.797871,19.886183,4813000
2021-01-15,19.701529,19.749699,19.492793,19.629274,3525500
2021-01-19,19.757727,19.765755,19.669415,19.725613,2887000
2021-01-20,19.910266,20.078862,19.894210,20.070833,2353200
2021-01-21,20.159142,20.159142,20.022660,20.118999,2376000
2021-01-22,19.910263,20.014633,19.894208,19.966463,2985500
2021-01-25,19.958434,20.054773,19.741669,20.054773,3943900
2021-01-26,20.078862,20.110974,19.982521,20.070833,2631100
2021-01-27,19.709556,19.749699,19.468707,19.516876,4740000
2021-01-28,19.476738,19.765758,19.460681,19.653360,3947300
2021-01-29,19.292081,19.348279,18.946863,19.067287,5242300
2021-02-01,19.412509,19.428566,19.284056,19.396452,4897300
2021-02-02,19.573074,19.661386,19.500820,19.637300,3432400
2021-02-03,19.709554,19.741668,19.621244,19.717583,4450700
2021-02-04,19.637300,19.709555,19.597159,19.709555,2496800
2021-02-05,19.870123,19.926322,19.773783,19.918293,1720800
2021-02-08,20.022660,20.070830,19.966462,20.062801,3236200
2021-02-09,19.974488,20.070829,19.942376,20.046743,7238300
2021-02-10,20.143089,20.167174,19.926323,20.006607,1668800
2021-02-11,20.215346,20.215346,20.070836,20.151119,3296500
2021-02-12,19.982520,20.183228,19.982520,20.175200,1057300
2021-02-16,20.359851,20.399992,20.279568,20.335766,4729900
2021-02-17,20.167173,20.271541,20.086890,20.223372,2035500
2021-02-18,20.295626,20.343796,20.167173,20.287598,2579800
2021-02-19,20.295623,20.359850,20.255481,20.303652,2553400
2021-02-22,20.311681,20.496334,20.287597,20.375908,3471300
2021-02-23,20.512392,20.656903,20.343798,20.568592,4135500
2021-02-24,20.456190,20.737182,20.416049,20.713097,2308800
2021-02-25,20.729150,20.785348,20.215337,20.255478,6828800
2021-02-26,20.062802,20.062802,19.677443,19.677443,7178800
2021-03-01,20.183227,20.432106,20.159143,20.367880,3491700
2021-03-02,20.255482,20.367880,20.151115,20.335766,3532300
2021-03-03,20.303652,20.408020,20.191255,20.207312,6444900
2021-03-04,20.359854,20.472250,19.966466,20.070833,7007900
2021-03-05,20.143090,20.231402,19.821957,20.191259,5102100
2021-03-08,20.086884,20.207309,20.006601,20.014629,5296600
2021-03-09,20.151116,20.279569,20.086889,20.231400,3489500
2021-03-10,20.110974,20.127031,19.982521,20.070833,3973000
2021-03-11,20.110974,20.239427,20.054776,20.223372,3102100
2021-03-12,20.038719,20.191258,20.014635,20.183229,2680800
2021-03-15,20.167172,20.271539,20.022661,20.247454,2276200
2021-03-16,20.255483,20.295625,20.183228,20.215342,2969500
2021-03-17,20.118996,20.319704,20.070827,20.255478,4084000
2021-03-18,20.006605,20.159143,19.902237,19.902237,4100700
2021-03-19,19.854068,19.886182,19.725615,19.813927,2258100
2021-03-22,20.022660,20.030688,19.942376,19.958433,7752700
2021-03-23,19.862093,19.966463,19.677442,19.709555,5782500
2021-03-24,19.821955,19.894210,19.693502,19.701530,2912300
2021-03-25,19.709558,19.813927,19.605190,19.773785,3842400
2021-03-26,19.926322,20.135059,19.918294,20.110973,1597200
2021-03-29,19.942379,20.070833,19.878153,20.022663,1964900
2021-03-30,19.773781,19.870122,19.733640,19.854065,1840000
2021-03-31,19.902237,19.974491,19.878151,19.902237,2750500
2021-04-01,20.030691,20.215342,19.990548,20.175200,4335800
2021-04-05,20.335767,20.472249,20.271540,20.464220,2295600
2021-04-06,20.223371,20.303654,20.175200,20.263512,2391600
2021-04-07,20.295626,20.367881,20.255483,20.319710,1696100
2021-04-08,20.440135,20.480278,20.367881,20.456192,2231900
2021-04-09,20.432108,20.488306,20.383937,20.488306,1473400
2021-04-12,20.383935,20.440133,20.343794,20.424078,947900
2021-04-13,20.383933,20.512386,20.367878,20.512386,1398300
2021-04-14,20.624787,20.769297,20.624787,20.672956,1471600
2021-04-15,21.026205,21.082403,21.002119,21.058317,4118300
2021-04-16,21.010146,21.082401,20.970005,21.082401,4792600
2021-04-19,21.074376,21.090433,20.929865,20.978035,2650500
2021-04-20,20.793380,20.825494,20.536473,20.576614,2303700
2021-04-21,20.656902,20.945923,20.656902,20.945923,1346400
2021-04-22,20.953949,20.994090,20.761269,20.809439,1877000
2021-04-23,20.905781,21.114517,20.905781,21.066347,2036000
2021-04-26,21.106488,21.186770,21.082402,21.178741,1171900
2021-04-27,21.018176,21.074374,20.986062,21.058317,1238000
2021-04-28,21.090430,21.267053,21.074373,21.242968,1413900
2021-04-29,21.250997,21.250997,21.002120,21.138601,2663800
2021-04-30,20.961977,20.994090,20.721127,20.777325,2008100
2021-05-03,20.970007,21.066346,20.929864,21.050289,2256100
2021-05-04,20.929862,20.986060,20.729153,20.921833,3447500
2021-05-05,21.138598,21.267052,21.090429,21.210854,1955900
2021-05-06,21.138600,21.250996,21.026204,21.242968,2594200
2021-05-07,21.299167,21.523959,21.259024,21.483818,2012100
2021-05-10,21.764808,21.796921,21.531986,21.540014,2305900
2021-05-11,21.291139,21.443676,21.186770,21.355366,3492800
2021-05-12,21.259026,21.355367,20.929865,20.986063,2547000
2021-05-13,20.905781,21.130573,20.905781,21.074375,1911400
2021-05-14,21.146628,21.315223,21.130571,21.275082,1927700
2021-05-17,21.098456,21.242965,21.074370,21.234938,2665800
2021-05-18,21.323251,21.323251,21.154656,21.170713,8541200
2021-05-19,20.729154,20.865635,20.560559,20.801409,4152600
2021-05-20,21.130571,21.315223,21.122543,21.307196,2611200
2021-05-21,21.218881,21.234938,21.066342,21.114511,2016700
2021-05-24,21.210857,21.307198,21.186772,21.267056,2129400
2021-05-25,21.403534,21.427619,21.275081,21.315222,1374100
2021-05-26,21.275083,21.371423,21.275083,21.347338,2254700
2021-05-27,21.443680,21.499880,21.411568,21.467766,2431100
2021-05-28,21.491851,21.564106,21.451709,21.467766,2120400
2021-06-01,21.612274,21.636359,21.540019,21.564104,1720200
2021-06-02,21.716641,21.796925,21.676500,21.772840,1833400
2021-06-03,21.660439,21.676496,21.572128,21.628326,1562700
2021-06-04,21.933404,21.997630,21.901291,21.981573,2910200
2021-06-07,21.949463,21.957492,21.885237,21.941435,1823200
2021-06-08,21.997629,22.021715,21.909318,21.973545,997100
2021-06-09,21.877207,21.885235,21.748754,21.764811,2785000
2021-06-10,21.924378,22.022072,21.883671,21.989508,2148000
2021-06-11,21.965083,21.997649,21.875531,21.973225,1908900
2021-06-14,22.005789,22.046494,21.932517,22.022070,902400
2021-06-15,22.022072,22.030213,21.940661,21.989508,4244700
2021-06-16,22.119771,22.144195,21.818544,21.891815,2001500
2021-06-17,21.802262,21.867392,21.590589,21.712708,3426200
2021-06-18,21.256795,21.305642,21.126536,21.175383,2633900
2021-06-21,21.256794,21.492889,21.216087,21.460325,1220500
2021-06-22,21.330065,21.517314,21.289358,21.460325,1378200
2021-06-23,21.338209,21.387057,21.248656,21.273079,3123600
2021-06-24,21.403339,21.460327,21.354490,21.444044,1588400
2021-06-25,21.468467,21.468467,21.370771,21.460325,1404900
2021-06-28,21.419620,21.419620,21.256796,21.305643,1372400
2021-06-29,21.370773,21.387056,21.289360,21.321926,1797000
2021-06-30,21.085827,21.183523,21.069544,21.150957,3270300
2021-07-01,21.053265,21.077688,20.939287,21.077688,2516200
2021-07-02,21.142817,21.289360,21.093970,21.289360,1737900
2021-07-06,21.167241,21.183524,20.874156,21.004416,2392600
2021-07-07,21.240514,21.305644,21.134677,21.232372,3027700
2021-07-08,20.849733,20.939285,20.752037,20.906721,3897300
2021-07-09,21.028840,21.273076,20.996275,21.264936,4031300
2021-07-12,21.150960,21.273078,21.134677,21.232372,885100
2021-07-13,21.126535,21.183524,21.069545,21.110252,1316000
2021-07-14,21.289362,21.313786,21.159102,21.191668,1591600
2021-07-15,20.988136,21.061408,20.882299,20.988136,1385200
2021-07-16,21.036983,21.045124,20.800886,20.841593,2062100
2021-07-19,20.499660,20.515943,20.279846,20.401964,2410700
2021-07-20,20.353116,20.678765,20.328692,20.654343,2010100
2021-07-21,20.768323,20.979996,20.760182,20.963713,1977100
2021-07-22,21.020701,21.020701,20.857877,20.931147,2554400
2021-07-23,21.085830,21.118395,21.012558,21.077688,4480400
2021-07-26,21.020699,21.126536,21.020699,21.102112,1257700
2021-07-27,21.093967,21.093967,20.963708,21.061403,1997500
2021-07-28,20.963710,21.077687,20.882297,21.004416,2668700
2021-07-29,21.183525,21.256796,21.167242,21.183525,1816300
2021-07-30,21.020699,21.102112,20.923005,20.979994,1488000
2021-08-02,21.216091,21.297503,21.102114,21.134678,3464600
2021-08-03,21.216089,21.346349,21.142818,21.305643,1640500
2021-08-04,21.378914,21.435903,21.281219,21.289360,1200600
2021-08-05,21.435903,21.501033,21.411478,21.444044,1831900
2021-08-06,21.452186,21.501033,21.395197,21.444044,1526700
2021-08-09,21.427765,21.427765,21.338210,21.362635,1291700
2021-08-10,21.378914,21.484750,21.378914,21.476608,766000
2021-08-11,21.598730,21.623153,21.525459,21.582447,2044600
2021-08-12,21.509173,21.549879,21.460326,21.517315,2075500
2021-08-13,21.606870,21.672000,21.582446,21.663858,1188700
2021-08-16,21.419621,21.468469,21.346349,21.435904,2285200
2021-08-17,20.971854,21.004418,20.784606,20.914865,5909000
2021-08-18,20.849733,20.939285,20.752037,20.752037,2222600
2021-08-19,20.515944,20.662485,20.491520,20.581074,2991700
2021-08-20,20.483379,20.638063,20.467096,20.621780,1479600
2021-08-23,20.662482,20.857874,20.662482,20.825308,992600
2021-08-24,20.906721,21.053264,20.890439,21.004416,928900
2021-08-25,21.004413,21.110250,20.979991,21.061403,958800
2021-08-26,20.963710,20.988134,20.849733,20.866014,1903300
2021-08-27,20.931144,21.191665,20.923004,21.175383,1196800
2021-08-30,21.175383,21.207948,21.126536,21.167242,1176900
2021-08-31,21.159100,21.191666,21.093970,21.102112,1634100
2021-09-01,21.321927,21.403340,21.289361,21.313786,1817900
2021-09-02,21.468470,21.525459,21.468470,21.492893,1909600
2021-09-03,21.533599,21.655718,21.533599,21.606871,1653800
2021-09-07,21.574306,21.598730,21.492893,21.492893,2373600
2021-09-08,21.468469,21.501033,21.338208,21.370773,2225900
2021-09-09,21.224231,21.289361,21.118396,21.159101,1799500
2021-09-10,21.256795,21.264937,21.004416,21.004416,1531000
2021-09-13,21.281218,21.297501,21.110253,21.175383,2362700
2021-09-14,21.216091,21.216091,20.947430,20.963713,1885000
2021-09-15,21.028841,21.183525,21.012558,21.167242,1861400
2021-09-16,21.077688,21.110253,20.963711,21.102112,1634000
2021-09-17,20.866015,20.898581,20.646202,20.711332,2446500
2021-09-20,20.149587,20.222858,19.954197,20.174011,2859100
2021-09-21,20.483380,20.548510,20.353120,20.410109,2747500
2021-09-22,20.540363,20.727612,20.499658,20.540363,3083300
2021-09-23,20.743896,20.906722,20.719474,20.849733,1321300
2021-09-24,20.564792,20.654346,20.548509,20.621780,2225200
2021-09-27,20.646202,20.760179,20.638061,20.743896,1075100
2021-09-28,20.312411,20.336834,20.060031,20.133303,3779200
2021-09-29,20.157728,20.214716,20.051891,20.076315,2463100
2021-09-30,20.328692,20.385682,20.157726,20.206573,5083900
2021-10-01,20.255419,20.385681,20.125159,20.304268,5192000
2021-10-04,20.483376,20.548506,20.279845,20.393822,3202800
2021-10-05,20.499657,20.686905,20.483374,20.613634,3463700
2021-10-06,20.206574,20.475235,20.149585,20.458952,3464800
2021-10-07,20.572930,20.784603,20.572930,20.719473,1543900
2021-10-08,20.809027,20.825310,20.727614,20.735756,1875100
2021-10-11,20.817167,20.971851,20.752037,20.752037,1432200
2021-10-12,20.849734,20.947428,20.784604,20.874157,1579400
2021-10-13,20.833453,20.979996,20.760182,20.963713,1819800
2021-10-14,21.134677,21.207948,21.085830,21.199808,1377300
2021-10-15,21.207948,21.297503,21.159101,21.297503,3999300
2021-10-18,21.093972,21.216090,21.061408,21.191668,1647200
2021-10-19,21.411477,21.533597,21.378913,21.484749,1297900
2021-10-20,21.566164,21.720849,21.541740,21.680141,2154700
2021-10-21,21.517315,21.582445,21.444044,21.476608,3280200
2021-10-22,21.574305,21.663859,21.468469,21.606871,2781800
2021-10-25,21.696422,21.785976,21.623151,21.737129,1460900
2021-10-26,21.785977,21.785977,21.647576,21.696423,1467000
2021-10-27,21.728989,21.777836,21.623152,21.623152,2172200
2021-10-28,21.680141,21.859249,21.680141,21.859249,1711100
2021-10-29,21.419622,21.574306,21.403341,21.541740,3122900
2021-11-01,21.468466,21.549877,21.435900,21.549877,1265600
2021-11-02,21.321926,21.346349,21.281219,21.305643,1594400
2021-11-03,21.346350,21.476610,21.264938,21.468470,1788400
2021-11-04,21.370776,21.403342,21.281222,21.362635,1641300
2021-11-05,21.492891,21.541738,21.444044,21.517315,3436500
2021-11-08,21.574303,21.615008,21.558020,21.558020,1161700
2021-11-09,21.492893,21.501034,21.330069,21.395199,2247400
2021-11-10,21.370775,21.403341,21.118397,21.134678,2612700
2021-11-11,21.085825,21.110249,21.020695,21.036978,2636600
2021-11-12,21.159100,21.248654,21.118394,21.224230,1714700
2021-11-15,21.346350,21.354492,21.224232,21.240515,2119600
2021-11-16,21.159099,21.207946,21.110252,21.118393,2147900
2021-11-17,20.857875,20.874157,20.735755,20.776463,2031100
2021-11-18,20.760178,20.817166,20.662482,20.792744,2068200
2021-11-19,20.711335,20.752040,20.621780,20.621780,1605900
2021-11-22,20.670626,20.743898,20.581074,20.597355,1286000
2021-11-23,20.760179,20.874156,20.719473,20.866014,2129700
2021-11-24,20.646202,20.792745,20.621778,20.784603,1813300
2021-11-26,20.149584,20.149584,19.929770,19.994900,2374200
2021-11-29,20.190291,20.190291,19.994902,20.149586,2983300
2021-11-30,20.068174,20.133304,19.750666,19.913490,4639200
2021-12-01,20.190291,20.247281,19.734382,19.742523,4980300
2021-12-02,19.905349,20.149586,19.880925,20.076315,3324500
2021-12-03,20.035609,20.051890,19.612264,19.791370,4733700
2021-12-06,19.978621,20.141445,19.905349,20.076315,2360200
2021-12-07,20.271704,20.532223,20.271704,20.458952,3735600
2021-12-08,20.581073,20.654344,20.532224,20.638062,2028600
2021-12-09,20.515945,20.548510,20.458955,20.515945,2645400
2021-12-10,20.572934,20.597357,20.434533,20.548510,2805400
2021-12-13,20.454015,20.462377,20.295133,20.320219,3478600
2021-12-14,20.228235,20.362030,20.152974,20.236597,3524000
2021-12-15,20.286771,20.462378,20.077716,20.462378,3287300
2021-12-16,20.445652,20.470738,20.270044,20.345304,5981000
2021-12-17,20.286770,20.328580,20.102801,20.111162,4430700
2021-12-20,20.152973,20.152973,20.002453,20.127886,3232800
2021-12-21,20.303494,20.479100,20.303494,20.470737,1768500
2021-12-22,20.512551,20.771780,20.487464,20.771780,2757400
2021-12-23,20.755053,20.922298,20.746690,20.905573,2272700
2021-12-27,20.805226,21.047731,20.805226,21.047731,2057600
2021-12-28,21.081182,21.131357,20.989199,20.989199,3193900
2021-12-29,21.081182,21.189892,21.056097,21.081182,1680500
2021-12-30,21.122515,21.215304,21.071900,21.088772,1078900
2021-12-31,20.886320,21.012852,20.886320,20.945368,1795200
2022-01-03,20.827273,21.021290,20.776659,20.979113,5582500
2022-01-04,21.299660,21.417756,21.265917,21.299660,2185300
2022-01-05,21.299659,21.358707,21.021287,21.038158,3351600
2022-01-06,20.692305,20.785095,20.548901,20.666998,6735000
2022-01-07,20.692303,20.776657,20.591076,20.768223,2811000
2022-01-10,20.557338,20.624822,20.354884,20.607950,5936000
2022-01-11,20.582644,20.869452,20.489855,20.869452,3453900
2022-01-12,20.970676,21.088772,20.936933,21.063465,2714100
2022-01-13,21.215306,21.232177,20.953806,20.987547,7452500
2022-01-14,20.734483,20.852579,20.599515,20.751354,4457500
2022-01-18,20.489850,20.540463,20.346446,20.405495,5451800
2022-01-19,20.582643,20.633255,20.430803,20.498287,4803500
2022-01-20,20.599512,20.709173,20.329576,20.346447,3362200
2022-01-21,20.076508,20.143992,19.764395,19.772831,7493700
2022-01-24,19.342620,19.620992,18.954586,19.612556,10036300
2022-01-25,19.367925,19.705347,19.173909,19.561943,10864400
2022-01-26,19.713788,19.781272,19.241398,19.384802,11020700
2022-01-27,19.224524,19.334185,18.903973,18.954586,10808900
2022-01-28,18.920846,19.064249,18.718394,19.038942,11528000
2022-01-31,19.030510,19.266705,19.005204,19.266705,4220600
2022-02-01,19.342623,19.536639,19.216091,19.519768,4806100
2022-02-02,19.612560,19.688480,19.511333,19.637867,4939700
2022-02-03,19.536638,19.620993,19.401670,19.418541,5336500
2022-02-04,19.410108,19.578817,19.292011,19.494463,4070400
2022-02-07,19.620996,19.772836,19.595689,19.654737,4317900
2022-02-08,19.907803,20.059643,19.815012,20.025900,5571700
2022-02-09,20.295833,20.363317,20.262092,20.346447,5511400
2022-02-10,20.219914,20.591077,20.110253,20.160866,5427100
2022-02-11,20.228350,20.321141,19.924673,19.958414,6749700
2022-02-14,20.051207,20.093384,19.857191,20.000593,8242200
2022-02-15,20.177739,20.338014,20.110255,20.329578,5009700
2022-02-16,20.312708,20.582644,20.304272,20.548903,4833700
2022-02-17,20.532032,20.574209,20.338015,20.388628,5121200
2022-02-18,20.338014,20.380191,20.177739,20.228352,5022800
2022-02-22,20.422365,20.532028,20.228349,20.346447,6646300
2022-02-23,20.582643,20.582643,20.186174,20.219915,8796400
2022-02-24,19.705352,20.093384,19.629432,20.068079,8783900
2022-02-25,20.059642,20.439239,20.000592,20.430803,9440300
2022-02-28,20.219913,20.456108,20.186172,20.287397,8602700
2022-03-01,20.278965,20.346449,19.958415,20.110254,9429100
2022-03-02,20.565769,20.776656,20.489851,20.759787,6152500
2022-03-03,20.709173,20.776657,20.430801,20.565769,11514900
2022-03-04,20.532031,20.911630,20.472983,20.894758,9019200
2022-03-07,20.734482,20.759789,20.413933,20.489853,8022500
2022-03-08,20.278965,20.481417,20.084947,20.169302,11628700
2022-03-09,20.675434,20.700741,20.506723,20.599514,6028700
2022-03-10,20.675432,20.903192,20.666997,20.785093,2906200
2022-03-11,20.768223,20.768223,20.515157,20.565769,5893400
2022-03-14,20.574206,20.692305,20.245222,20.312706,4084600
2022-03-15,20.430802,20.565770,20.329577,20.506721,9512300
2022-03-16,20.911627,21.215304,20.675432,21.189999,4454500
2022-03-17,21.139385,21.476805,21.130949,21.400887,4232300
2022-03-18,21.375581,21.704565,21.375581,21.670824,3856000
2022-03-21,21.603340,21.772049,21.552726,21.670824,5145500
2022-03-22,21.822660,21.923885,21.780481,21.915449,7744100
2022-03-23,21.788920,21.982936,21.780484,21.932323,7162000
2022-03-24,22.016679,22.244438,22.016679,22.236002,8704800
2022-03-25,22.210696,22.354099,22.168519,22.354099,3465600
2022-03-28,22.185390,22.252874,22.084165,22.244440,3205300
2022-03-29,22.379407,22.514375,22.295052,22.505939,4078400
2022-03-30,22.564987,22.691519,22.463760,22.522810,8354900
2022-03-31,22.463761,22.505939,22.269744,22.295052,5174000
2022-04-01,22.446890,22.522809,22.337227,22.514374,4278000
2022-04-04,22.514373,22.699953,22.463759,22.674646,3257000
2022-04-05,22.775876,22.910844,22.480633,22.556553,6853700
2022-04-06,22.531245,22.564988,22.278180,22.404713,3943600
2022-04-07,22.303488,22.446892,22.176956,22.379408,4967900
2022-04-08,22.295051,22.480632,22.261308,22.387842,5344600
2022-04-11,22.269742,22.303485,22.134774,22.151646,6467000
2022-04-12,22.387841,22.446890,22.185388,22.236002,5967600
2022-04-13,22.084163,22.379406,22.084163,22.354099,4340800
2022-04-14,22.387843,22.438455,22.261309,22.261309,5281000
2022-04-18,22.067291,22.295050,22.041983,22.193823,4566100
2022-04-19,22.210698,22.489070,22.176957,22.472198,5704500
2022-04-20,22.522811,22.640907,22.472196,22.607164,5030100
2022-04-21,22.624037,22.649344,22.143213,22.168520,5813100
2022-04-22,21.805791,21.805791,21.299660,21.333403,9085700
2022-04-25,20.793530,21.004418,20.607949,20.970676,13833000
2022-04-26,20.844146,20.877889,20.565774,20.582645,6723100
2022-04-27,20.742916,20.920061,20.633253,20.768223,7509900
2022-04-28,20.903194,21.097210,20.709176,21.071903,5590400
2022-04-29,21.173129,21.291225,20.700741,20.734482,9041800
2022-05-02,20.692304,20.785093,20.472980,20.675432,8877800
2022-05-03,20.835709,20.987547,20.801966,20.911629,7197400
2022-05-04,20.894756,21.426192,20.726045,21.400887,8256800
2022-05-05,21.114082,21.122518,20.464547,20.624823,8376200
2022-05-06,20.321140,20.447673,20.118688,20.321140,9724800
2022-05-09,19.975286,20.000591,19.595687,19.646301,8618900
2022-05-10,19.924674,19.966851,19.494463,19.663172,7279400
2022-05-11,19.848755,20.101819,19.595688,19.604124,7837700
2022-05-12,19.207656,19.384801,19.047381,19.232962,8452900
2022-05-13,19.646300,19.933105,19.620993,19.933105,5973300
2022-05-16,19.874059,20.127126,19.831883,20.009027,5843000
2022-05-17,20.304268,20.380188,20.177736,20.346447,5534000
2022-05-18,20.245221,20.253657,19.781268,19.840317,3750500
2022-05-19,19.907800,20.228348,19.899364,20.101816,6368800
2022-05-20,20.388628,20.430805,20.017465,20.278967,6174500
2022-05-23,20.447675,20.599515,20.388627,20.540466,4675400
2022-05-24,20.439238,20.557336,20.245222,20.515158,5814300
2022-05-25,20.397065,20.658565,20.371758,20.582645,5867700
2022-05-26,20.439239,20.650127,20.439239,20.607950,4304700
2022-05-27,20.911629,21.055031,20.886321,21.046597,5927100
2022-05-31,20.869451,20.962242,20.768226,20.818838,5109300
2022-06-01,21.181563,21.215304,20.776658,20.886320,5550400
2022-06-02,21.021288,21.392451,20.979111,21.375580,9156900
2022-06-03,21.114082,21.206871,20.995984,21.071903,5079600
2022-06-06,21.189998,21.223739,20.979110,21.038158,3571400
2022-06-07,20.641691,21.021290,20.633255,20.987547,6011400
2022-06-08,20.768226,20.793532,20.591080,20.624823,7923000
2022-06-09,20.322935,20.375134,20.009738,20.018438,5459600
2022-06-10,19.548642,19.574742,19.278946,19.470343,11451000
2022-06-13,18.826554,18.904853,18.574258,18.626457,9129500
2022-06-14,18.643860,18.669958,18.304565,18.478561,5350700
2022-06-15,18.609058,18.957055,18.408961,18.852655,12900300
2022-06-16,18.348058,18.556855,18.191460,18.426357,5633400
2022-06-17,18.278460,18.348059,17.982664,18.104462,6371600
2022-06-21,18.495959,18.643857,18.461158,18.539457,6251400
2022-06-22,18.261061,18.487258,18.234961,18.330660,5187100
2022-06-23,18.348057,18.374157,18.095759,18.304558,5493500
2022-06-24,18.487259,18.817854,18.452458,18.800455,3942500
2022-06-27,18.800455,18.896152,18.722156,18.756954,6273900
2022-06-28,19.035351,19.122351,18.722157,18.722157,3461000
2022-06-29,18.800452,18.826551,18.661254,18.669952,4390000
2022-06-30,18.269760,18.504657,18.174061,18.461157,8443900
2022-07-01,18.121861,18.365459,18.017462,18.348059,4852600
2022-07-05,17.921766,18.113163,17.826067,18.113163,6086000
2022-07-06,18.217561,18.278460,18.026163,18.243660,5173400
2022-07-07,18.487259,18.626457,18.487259,18.626457,4042800
2022-07-08,18.513358,18.661256,18.417659,18.548157,5629700
2022-07-11,18.087064,18.165361,17.982664,18.052263,5397800
2022-07-12,18.113162,18.243660,18.043563,18.130562,4758000
2022-07-13,17.973964,18.261060,17.895664,18.156662,4947800
2022-07-14,17.834769,18.000067,17.660770,17.973967,5148200
2022-07-15,18.200162,18.330660,18.060964,18.330660,4894500
2022-07-18,18.522059,18.609057,18.313260,18.321960,4918800
2022-07-19,18.626456,18.774354,18.609056,18.756954,5580200
2022-07-20,18.791753,18.835252,18.652555,18.748253,4309100
2022-07-21,18.687355,18.939653,18.652557,18.922253,4073200
2022-07-22,19.096251,19.200649,18.843954,18.922253,4012400
2022-07-25,19.122350,19.174550,19.035351,19.157150,3541700
2022-07-26,19.035351,19.070151,18.913553,18.913553,4827000
2022-07-27,19.122348,19.496443,19.096249,19.444244,5170900
2022-07-28,19.461647,19.557345,19.305049,19.531246,3700300
2022-07-29,19.531247,19.783543,19.452948,19.783543,4195000
2022-08-01,19.748741,19.931438,19.661742,19.774839,11481100
2022-08-02,19.592140,19.740038,19.487741,19.522541,6571900
2022-08-03,19.548641,19.653041,19.426843,19.618240,7128200
2022-08-04,19.566042,19.644342,19.513844,19.609543,3795200
2022-08-05,19.305046,19.513843,19.278946,19.470343,5793200
2022-08-08,19.713943,19.792242,19.600845,19.653044,4074200
2022-08-09,19.618241,19.653041,19.470343,19.496443,5232000
2022-08-10,19.931437,20.079335,19.835737,20.027136,5643900
2022-08-11,20.148940,20.235939,20.035842,20.044542,4231100
2022-08-12,20.053234,20.244632,20.009735,20.227232,4072400
2022-08-15,19.905341,20.018440,19.870542,19.992340,6340000
2022-08-16,19.983637,20.131536,19.983637,20.096737,8204500
2022-08-17,19.792242,19.974938,19.731343,19.844440,7101900
2022-08-18,19.983635,19.992335,19.844437,19.931437,3997800
2022-08-19,19.748744,19.766143,19.592146,19.661745,8232900
2022-08-22,19.539944,19.548645,19.400746,19.461647,6070300
2022-08-23,19.339850,19.592147,19.331150,19.505148,5908600
2022-08-24,19.426846,19.583445,19.418146,19.557344,3639900
2022-08-25,19.757441,19.896641,19.713942,19.896641,3854400
2022-08-26,20.105433,20.131532,19.496441,19.522541,4524800
2022-08-29,19.444248,19.539945,19.374649,19.452948,3077400
2022-08-30,19.566044,19.566044,19.148450,19.183249,4315300
2022-08-31,19.261548,19.305048,19.061451,19.061451,3872200
2022-09-01,18.948350,18.974449,18.730853,18.904850,2991100
2022-09-02,19.157151,19.270248,18.870054,18.939653,5801600
2022-09-06,18.809155,18.861354,18.643857,18.678656,2764700
2022-09-07,18.356758,18.678652,18.356758,18.669952,2642600
2022-09-08,18.609057,18.870054,18.591658,18.843954,3474300
2022-09-09,19.270246,19.470343,19.252846,19.444244,2096500
2022-09-12,19.644344,19.722643,19.592145,19.653044,2508200
2022-09-13,19.165848,19.305046,18.783052,18.809153,3396300
2022-09-14,18.783055,18.861354,18.643857,18.774355,3198100
2022-09-15,18.713456,18.878755,18.574258,18.626457,2055500
2022-09-16,18.408962,18.539460,18.321963,18.478561,3067800
2022-09-19,18.269762,18.652557,18.252362,18.652557,2602000
2022-09-20,18.495957,18.539456,18.330659,18.443758,2757700
2022-09-21,18.321962,18.495960,18.060966,18.069666,3611600
2022-09-22,18.087065,18.147964,17.965265,18.034864,4307800
2022-09-23,17.547671,17.547671,17.199675,17.356274,6362900
2022-09-26,17.347571,17.512868,17.095274,17.217073,6613300
2022-09-27,17.269273,17.356272,16.956076,17.069176,4363100
2022-09-28,17.164875,17.617270,17.121377,17.565071,3109400
2022-09-29,17.451970,17.469370,17.225772,17.399771,3344500
2022-09-30,17.234472,17.373670,17.034375,17.069176,5907800
2022-10-03,17.347573,17.625969,17.286674,17.556370,6924400
2022-10-04,17.886964,18.156662,17.886964,18.130562,3746600
2022-10-05,17.921765,18.200161,17.826066,18.078363,3820200
2022-10-06,17.904362,18.026160,17.756464,17.799963,4504300
2022-10-07,17.669466,17.739065,17.434571,17.521568,2562900
2022-10-10,17.399772,17.417172,17.190975,17.312773,4050400
2022-10-11,17.130075,17.373670,16.982177,17.069176,4613500
2022-10-12,17.016975,17.173573,16.956076,17.069176,4223700
2022-10-13,16.712478,17.547668,16.695080,17.478069,7480600
2022-10-14,17.512869,17.573770,16.999577,17.034376,6535000
2022-10-17,17.312772,17.478070,17.312772,17.373671,4090500
2022-10-18,17.625971,17.660769,17.277976,17.460672,4494600
2022-10-19,17.356272,17.460670,17.199674,17.347572,3682800
2022-10-20,17.434573,17.678169,17.277975,17.330173,4196700
2022-10-21,17.173572,17.773865,17.095273,17.747765,5367600
2022-10-24,17.512871,17.669469,17.408473,17.608570,3158900
2022-10-25,17.712968,18.000064,17.712968,17.956564,2699000
2022-10-26,18.026162,18.339359,18.008764,18.156662,3698000
2022-10-27,18.165360,18.295860,18.026162,18.060963,3298900
2022-10-28,17.939165,18.087063,17.878264,18.087063,2591300
2022-10-31,17.869567,18.043563,17.869567,18.026163,4737300
2022-11-01,18.530755,18.548156,18.200160,18.278460,6391000
2022-11-02,18.321962,18.591660,17.939168,17.947866,6284800
2022-11-03,17.538971,17.756468,17.521571,17.678169,2746400
2022-11-04,18.426358,18.600355,18.278460,18.556856,8056100
2022-11-07,18.548156,18.582956,18.417658,18.513357,2636800
2022-11-08,18.600357,18.878755,18.539458,18.696056,3918100
2022-11-09,18.565557,18.704755,18.313259,18.313259,2570900
2022-11-10,19.017952,19.426846,18.913552,19.426846,3937300
2022-11-11,19.618244,19.870541,19.557345,19.835741,5070000
2022-11-14,19.661743,19.783541,19.592144,19.592144,2170000
2022-11-15,19.966237,20.053234,19.766138,19.905336,5963800
2022-11-16,19.861841,19.905340,19.696543,19.766142,3276900
2022-11-17,19.505145,19.740042,19.496445,19.731342,2432400
2022-11-18,19.844438,19.853138,19.696540,19.800940,5555100
2022-11-21,19.557344,19.592145,19.426846,19.583445,3818900
2022-11-22,19.713943,19.896641,19.696543,19.887941,3019200
2022-11-23,19.887943,20.166339,19.879242,20.157639,2650200
2022-11-25,20.166339,20.270737,20.166339,20.244638,1773300
2022-11-28,20.035838,20.148936,19.853140,19.879240,1689000
2022-11-29,20.070639,20.201137,20.009740,20.070639,2338800
2022-11-30,20.296833,20.662228,20.096736,20.610029,3808700
2022-12-01,20.731828,20.775327,20.523031,20.644829,3653600
2022-12-02,20.383833,20.644829,20.375133,20.566530,2077200
2022-12-05,20.505633,20.566532,20.122838,20.166338,3082900
2022-12-06,20.227234,20.288133,19.974936,20.061935,1914500
2022-12-07,20.053236,20.157636,19.983637,20.096737,3241800
2022-12-08,20.070637,20.201135,20.018438,20.183737,2240000
2022-12-09,20.183739,20.366436,20.157639,20.157639,1551000
2022-12-12,20.140235,20.201134,20.044537,20.201134,4156300
2022-12-13,20.768433,20.795024,20.422736,20.475920,3285400
2022-12-14,20.467059,20.546835,20.192274,20.422739,3594300
2022-12-15,20.050449,20.068175,19.695886,19.766798,1770200
2022-12-16,19.642700,19.775660,19.571788,19.687019,2473700
2022-12-19,19.846574,19.873167,19.616109,19.669294,2021500
2022-12-20,19.500877,19.642701,19.474284,19.545197,1691300
2022-12-21,19.757933,19.908620,19.740205,19.855436,5616300
2022-12-22,19.687021,19.687021,19.385645,19.527470,1711300
2022-12-23,19.624972,19.793389,19.580653,19.784525,2072500
2022-12-27,19.846575,20.014992,19.775663,19.864304,2586700
2022-12-28,19.899758,19.952942,19.589517,19.598381,2231000
2022-12-29,19.687021,19.855439,19.669295,19.811119,2102500
2022-12-30,19.687016,19.793385,19.642696,19.704744,3002900
2023-01-03,19.465419,19.607245,19.367916,19.474283,2983800
2023-01-04,20.041579,20.085899,19.873162,19.988394,2083500
2023-01-05,19.757930,19.811113,19.660425,19.704744,2536400
2023-01-06,19.944080,20.413874,19.802256,20.405010,1310700
2023-01-09,20.475919,20.626608,20.378414,20.396143,1123500
2023-01-10,20.378418,20.431602,20.272050,20.422739,1045300
2023-01-11,20.600017,20.706387,20.546834,20.706387,2204200
2023-01-12,20.981169,21.176177,20.706384,21.122993,6437700
2023-01-13,20.990034,21.300275,20.990034,21.282547,5155000
2023-01-17,21.362327,21.450968,21.335734,21.388918,1625800
2023-01-18,21.637105,21.654833,21.140720,21.149584,1833500
2023-01-19,21.255956,21.380053,21.158453,21.326868,1695500
2023-01-20,21.362324,21.610516,21.282547,21.610516,2490400
2023-01-23,21.504150,21.787798,21.486421,21.761206,1048200
2023-01-24,21.672565,21.840980,21.566196,21.823254,1229600
2023-01-25,21.805527,22.053718,21.761205,22.035992,1446800
2023-01-26,22.160082,22.213266,21.965074,22.177811,1062600
2023-01-27,22.062584,22.186681,21.973945,22.106905,3961200
2023-01-30,21.903028,22.035990,21.867573,21.885302,1161500
2023-01-31,21.814391,22.062583,21.778934,22.035992,1015300
2023-02-01,22.062581,22.355094,21.796660,22.266455,3257700
2023-02-02,22.310777,22.319642,21.973945,22.106905,1346200
2023-02-03,21.823255,22.000535,21.699158,21.743479,1159500
2023-02-06,21.504147,21.583923,21.371187,21.539602,888600
2023-02-07,21.397778,21.787796,21.335730,21.752340,7371500
2023-02-08,21.716885,21.743478,21.539604,21.583925,1181200
2023-02-09,21.894167,21.903029,21.468692,21.521877,10430000
2023-02-10,21.477555,21.486420,21.344595,21.424372,1360200
2023-02-13,21.477554,21.699155,21.468690,21.690290,1449500
2023-02-14,21.450964,21.752342,21.380052,21.654837,4326900
2023-02-15,21.025491,21.220501,20.990036,21.220501,1519500
2023-02-16,21.016624,21.291410,20.963440,21.131857,3434100
2023-02-17,20.883664,21.016624,20.803888,20.998898,975000
2023-02-21,20.927987,20.990035,20.777298,20.795025,998600
2023-02-22,20.795026,20.830483,20.644339,20.697523,972700
2023-02-23,20.750706,20.777299,20.475921,20.706387,1402400
2023-02-24,20.280911,20.351823,20.227727,20.316368,4777800
2023-02-27,20.360686,20.467055,20.316367,20.396143,1213700
2023-02-28,20.316366,20.413870,20.254318,20.280909,2653900
2023-03-01,20.422737,20.529104,20.342960,20.467056,1646800
2023-03-02,20.289774,20.502511,20.280910,20.475920,1584800
2023-03-03,20.608879,20.821616,20.546831,20.812752,1179600
2023-03-06,20.635474,20.688657,20.555697,20.608881,1653000
2023-03-07,20.529106,20.529106,20.130224,20.156816,3640200
2023-03-08,20.272049,20.431600,20.227727,20.316368,1024200
2023-03-09,20.396144,20.458192,20.059309,20.077038,1972600
2023-03-10,19.952942,20.059310,19.678157,19.722477,2633700
2023-03-13,19.474283,19.766796,19.438828,19.598381,7719500
2023-03-14,19.837710,19.899760,19.687021,19.873167,2678500
2023-03-15,19.341324,19.483149,19.128588,19.359053,4705900
2023-03-16,19.234955,19.589516,19.217226,19.589516,1867300
2023-03-17,19.545195,19.607245,19.403371,19.474283,1671200
2023-03-20,19.589517,19.740205,19.580653,19.660429,1166000
2023-03-21,19.740207,19.775662,19.616109,19.731342,1723800
2023-03-22,19.775662,20.041584,19.616109,19.624973,1331600
2023-03-23,19.704750,19.855439,19.429966,19.536335,2076600
2023-03-24,19.403375,19.545199,19.305871,19.518608,1473400
2023-03-27,19.571790,19.642702,19.492013,19.624973,2567000
2023-03-28,19.713614,19.828848,19.704750,19.811119,1170500
2023-03-29,19.979536,20.059311,19.926351,19.997263,1160800
2023-03-30,20.263184,20.289775,20.192272,20.254320,1164700
2023-03-31,20.316368,20.396145,20.307504,20.334097,1776500
2023-04-03,20.573425,20.697523,20.529106,20.679794,4179800
2023-04-04,20.564560,20.600015,20.440462,20.520239,3992700
2023-04-05,20.431599,20.511376,20.351823,20.467056,1485400
2023-04-06,20.325232,20.555697,20.263184,20.467056,1437400
2023-04-10,20.254317,20.440461,20.218860,20.431597,2163700
2023-04-11,20.546833,20.644338,20.520240,20.608881,2137400
2023-04-12,20.821618,20.865940,20.670930,20.724113,4003600
2023-04-13,20.839345,21.016624,20.812752,20.998898,2775400
2023-04-14,20.963442,21.034354,20.732977,20.795025,2579400
2023-04-17,20.750704,20.812752,20.679792,20.786161,1287400
2023-04-18,20.848209,20.901392,20.812752,20.874800,1433800
2023-04-19,20.795023,20.848209,20.795023,20.812752,615500
2023-04-20,20.821618,20.954578,20.768435,20.830482,862400
2023-04-21,20.670929,20.679793,20.529105,20.608881,2752100
2023-04-24,20.608882,20.679794,20.573425,20.679794,561000
2023-04-25,20.511375,20.529104,20.280910,20.307503,2043700
2023-04-26,20.316365,20.369549,20.192269,20.245453,2112500
2023-04-27,20.298639,20.493649,20.236591,20.493649,4082100
2023-04-28,20.289776,20.520242,20.280912,20.511377,3148200
2023-05-01,20.573425,20.617747,20.422738,20.449329,2487700
2023-05-02,20.342961,20.351823,20.112496,20.254320,1290500
2023-05-03,20.139087,20.298640,20.085903,20.103632,1201100
2023-05-04,20.103632,20.183408,20.032719,20.085903,981700
2023-05-05,20.387282,20.697523,20.378417,20.653202,982600
2023-05-08,20.777299,20.777299,20.635474,20.662066,522500
2023-05-09,20.502513,20.600018,20.484786,20.537970,1002900
2023-05-10,20.741842,20.741842,20.405009,20.600018,1076200
2023-05-11,20.360686,20.369551,20.201135,20.369551,2968500
2023-05-12,20.387281,20.413873,20.183408,20.289776,1675200
2023-05-15,20.422736,20.529103,20.369550,20.520239,2699200
2023-05-16,20.360686,20.387279,20.130221,20.147949,761900
2023-05-17,20.280911,20.351823,20.147951,20.316368,602300
2023-05-18,20.174542,20.236590,20.085902,20.227726,857300
2023-05-19,20.458194,20.475922,20.342962,20.387281,1070700
2023-05-22,20.334098,20.440465,20.334098,20.387281,759000
2023-05-23,20.236593,20.289776,20.121361,20.139088,1083900
2023-05-24,19.908622,19.908622,19.722478,19.749071,774900
2023-05-25,19.616108,19.624972,19.465419,19.554060,1275300
2023-05-26,19.722478,19.882031,19.722478,19.873167,830700
2023-05-30,19.855437,19.864301,19.633836,19.722477,1450900
2023-05-31,19.323595,19.421100,19.217228,19.385645,1595200
2023-06-01,19.527471,19.855439,19.509742,19.828848,1729800
2023-06-02,20.032717,20.156813,20.023853,20.130220,1423100
2023-06-05,20.112491,20.139082,19.988394,19.988394,1066400
2023-06-06,19.952946,20.147954,19.952946,20.121363,1185400
2023-06-07,20.055440,20.163799,19.892903,19.910961,2079100
2023-06-08,20.055438,20.208946,20.037379,20.208946,1318900
2023-06-09,20.227008,20.281187,20.163799,20.190889,1506200
2023-06-12,20.227009,20.281188,20.154770,20.272160,1315800
2023-06-13,20.552084,20.588203,20.461785,20.524994,3235300
2023-06-14,20.660444,20.759773,20.461786,20.597235,1487300
2023-06-15,20.687533,20.985520,20.687533,20.976490,1523000
2023-06-16,21.184180,21.184180,21.039701,21.066792,1936700
2023-06-20,21.084851,21.120970,20.967461,21.030672,1221000
2023-06-21,20.841043,21.030672,20.795894,20.958431,1404900
2023-06-22,20.470818,20.524997,20.407608,20.515966,1532500
2023-06-23,19.929021,20.046411,19.919991,20.010290,1085400
2023-06-26,19.938051,20.064470,19.929021,20.028351,796300
2023-06-27,20.127680,20.236038,20.055439,20.190889,989200
2023-06-28,20.055440,20.136710,20.010291,20.064470,1135200
2023-06-29,20.055439,20.199919,20.046410,20.172829,1057500
2023-06-30,20.299244,20.407604,20.281184,20.362453,3844900
2023-07-03,20.398576,20.497906,20.398576,20.470816,774000
2023-07-05,20.434696,20.452756,20.290218,20.299248,7647400
2023-07-06,19.947082,19.947082,19.694244,19.793573,1332800
2023-07-07,19.739392,20.046409,19.721332,19.956110,1257200
2023-07-10,19.694242,19.883871,19.694242,19.856781,961900
2023-07-11,19.956112,20.136709,19.938052,20.136709,949900
2023-07-12,20.470817,20.624326,20.461787,20.615295,1071200
2023-07-13,21.003581,21.184178,21.003581,21.157089,1377700
2023-07-14,21.211270,21.229331,21.030673,21.039701,1286200
2023-07-17,20.859102,20.967460,20.832012,20.949402,785300
2023-07-18,20.904252,21.093881,20.886192,21.030672,1318300
2023-07-19,20.949401,21.003580,20.886190,20.940371,4512400
2023-07-20,21.075818,21.139028,20.949400,20.967459,1516600
2023-07-21,20.922314,20.922314,20.850075,20.895224,1943400
2023-07-24,20.813953,20.994552,20.795895,20.931343,1659200
2023-07-25,20.985521,21.148059,20.985521,21.129999,1340100
2023-07-26,21.075821,21.265448,21.066790,21.193209,2088600
2023-07-27,21.364777,21.382837,20.958430,20.994551,3084400
2023-07-28,20.922313,20.994552,20.841043,20.886192,1353500
2023-07-31,21.012612,21.157091,21.012612,21.093882,1602000
2023-08-01,20.759772,20.832012,20.660443,20.678503,1516700
2023-08-02,20.335367,20.353428,20.136708,20.172829,1734400
2023-08-03,20.091559,20.290217,20.073499,20.172829,1372300
2023-08-04,20.353427,20.570145,20.281186,20.290216,2821700
2023-08-07,20.353430,20.371489,20.208950,20.371489,1166700
2023-08-08,20.082531,20.245070,19.992232,20.236040,1333100
2023-08-09,20.290218,20.353429,20.190890,20.272160,1167700
2023-08-10,20.470814,20.606262,20.254096,20.263126,1837700
2023-08-11,20.136709,20.227009,20.055440,20.091560,1847300
2023-08-14,19.865813,20.028352,19.793574,19.992231,2195100
2023-08-15,19.919992,19.947082,19.730364,19.748425,2421500
2023-08-16,19.640066,19.757454,19.504617,19.531706,2295400
2023-08-17,19.576854,19.631033,19.342076,19.360136,1978200
2023-08-18,19.251777,19.423345,19.224688,19.378195,1666100
2023-08-21,19.396255,19.450436,19.278867,19.423346,906100
2023-08-22,19.441406,19.450437,19.296928,19.324017,988000
2023-08-23,19.441407,19.667155,19.441407,19.640064,1889000
2023-08-24,19.477524,19.549764,19.287897,19.287897,2482500
2023-08-25,19.441407,19.558795,19.233718,19.432377,2463100
2023-08-28,19.531706,19.622005,19.531706,19.603945,881400
2023-08-29,19.594914,19.974171,19.576854,19.974171,1351300
2023-08-30,20.181860,20.263129,20.055440,20.091560,2121100
2023-08-31,20.154769,20.181859,20.010290,20.055439,1606400
2023-09-01,20.190890,20.227009,19.974172,20.091560,1417600
2023-09-05,19.992231,20.019321,19.901933,19.910961,1172600
2023-09-06,19.829691,19.883872,19.667154,19.739393,1822000
2023-09-07,19.667155,19.712303,19.558795,19.640064,970600
2023-09-08,19.612976,19.694245,19.567827,19.594917,957900
2023-09-11,19.992231,20.028351,19.883873,19.910961,1146100
2023-09-12,19.838720,19.947080,19.838720,19.865810,658300
2023-09-13,19.802601,19.856780,19.712302,19.775511,962200
2023-09-14,20.046409,20.199918,20.010289,20.163797,1625200
2023-09-15,20.199921,20.254100,20.073501,20.082531,1868900
2023-09-18,20.046412,20.046412,19.929022,20.019321,4414900
2023-09-19,20.082529,20.127680,19.965141,20.010290,1128900
2023-09-20,20.073500,20.227009,19.901933,19.910961,1146700
2023-09-21,19.459465,19.495585,19.278868,19.278868,1983900
2023-09-22,19.640065,19.703274,19.522677,19.540735,1239700
2023-09-25,19.441403,19.549761,19.396253,19.522673,1974000
2023-09-26,19.405289,19.486558,19.269840,19.269840,2408200
2023-09-27,19.342075,19.360135,19.062148,19.188566,2527800
2023-09-28,19.314988,19.594917,19.278869,19.531706,1440000
2023-09-29,19.766482,19.775512,19.387225,19.423346,1635800
2023-10-02,19.251777,19.269838,18.971851,19.026030,3044700
2023-10-03,18.836401,18.935728,18.700950,18.773191,1436600
2023-10-04,18.881551,18.899611,18.682893,18.872520,1527200
2023-10-05,18.935732,19.089241,18.917674,19.044092,2369500
2023-10-06,19.044090,19.414317,18.935730,19.342077,1547900
2023-10-09,19.152447,19.405285,19.143419,19.378195,1510100
2023-10-10,19.486553,19.667152,19.468493,19.622002,2457400
2023-10-11,19.676182,19.712301,19.486553,19.622002,1512100
2023-10-12,19.513644,19.513644,19.098267,19.161476,3174900
2023-10-13,19.215660,19.296929,19.044091,19.107300,3411600
2023-10-16,19.233718,19.414317,19.188569,19.405287,843300
2023-10-17,19.260809,19.567826,19.251779,19.486557,1526100
2023-10-18,19.369169,19.387227,19.143421,19.170509,2861400
2023-10-19,19.007970,19.161478,18.908642,18.953791,4194500
2023-10-20,18.782222,18.809313,18.610655,18.628714,2051000
2023-10-23,18.601624,18.818342,18.520355,18.664833,3221500
2023-10-24,18.836404,18.935732,18.782223,18.890583,2631200
2023-10-25,18.746104,18.827373,18.637744,18.646774,3189600
2023-10-26,18.655804,18.719013,18.520355,18.610655,3405900
2023-10-27,18.728044,18.755134,18.475205,18.556475,2951100
2023-10-30,18.773194,18.827373,18.664835,18.782223,2264500
2023-10-31,18.646773,18.737073,18.583564,18.728043,1594500
2023-11-01,18.881549,19.080207,18.845431,19.071178,2164300
2023-11-02,19.360135,19.459463,19.305955,19.459463,2654100
2023-11-03,19.622005,19.748425,19.594916,19.694244,1448800
2023-11-06,19.712302,19.712302,19.558793,19.612972,1580500
2023-11-07,19.369169,19.432379,19.314989,19.387228,2022300
2023-11-08,19.540735,19.585885,19.387226,19.432377,2038300
2023-11-09,19.540734,19.622004,19.314986,19.324017,1435400
2023-11-10,19.233719,19.324018,19.089240,19.305958,1440600
2023-11-13,19.233718,19.423347,19.215659,19.405287,1358700
2023-11-14,19.793574,20.055441,19.793574,20.037382,1561200
2023-11-15,20.073501,20.154770,20.010292,20.037382,1618600
2023-11-16,19.865812,19.947081,19.775512,19.847752,1830800
2023-11-17,19.947081,20.055439,19.910961,20.055439,1545400
2023-11-20,20.046411,20.227008,20.037381,20.190889,1449600
2023-11-21,20.236037,20.281185,20.127679,20.163797,1909800
2023-11-22,20.118651,20.145739,20.001261,20.091560,1781000
2023-11-24,20.154770,20.281188,20.154770,20.272160,731200
2023-11-27,20.109622,20.145741,20.037383,20.100592,1082900
2023-11-28,20.236038,20.389547,20.181859,20.326338,1887200
2023-11-29,20.281186,20.317306,20.163798,20.227007,1299500
2023-11-30,20.245069,20.344399,20.154770,20.272160,1855100
2023-12-01,20.335369,20.723655,20.317308,20.705595,1908300
2023-12-04,20.380514,20.524992,20.344395,20.362453,2620300
2023-12-05,20.163799,20.245068,20.109620,20.172829,2223900
2023-12-06,20.579176,20.606264,20.335368,20.353428,2291300
2023-12-07,20.488878,20.579178,20.362458,20.534027,1609100
2023-12-08,20.488876,20.669473,20.470816,20.606264,1528900
2023-12-11,20.543056,20.597235,20.497907,20.597235,1410200
2023-12-12,20.606264,20.651415,20.515965,20.651415,1504700
2023-12-13,20.841045,21.328661,20.741715,21.328661,2822100
2023-12-14,21.581496,21.753065,21.545377,21.662766,3358100
2023-12-15,21.590525,21.716943,21.500226,21.518286,2618000
2023-12-18,21.762096,21.798215,21.653737,21.671797,1975000
2023-12-19,22.051050,22.186499,22.032990,22.141350,2932000
2023-12-20,22.194787,22.259280,21.835470,21.835470,2448600
2023-12-21,22.167146,22.286920,22.084226,22.277706,2540700
2023-12-22,22.379052,22.415905,22.277706,22.332985,2369900
2023-12-26,22.379055,22.517254,22.305347,22.517254,2216000
2023-12-27,22.517253,22.637025,22.498826,22.627811,1996400
2023-12-28,22.563320,22.729159,22.554107,22.563320,1498700
2023-12-29,22.443546,22.544891,22.332986,22.425119,2594100
2024-01-02,22.360625,22.425118,22.240851,22.250065,3100200
2024-01-03,21.955243,22.111868,21.872323,22.019735,2369100
2024-01-04,21.918391,22.075015,21.909177,21.946030,2256000
2024-01-05,21.853897,22.157935,21.826258,21.927603,2114200
2024-01-08,21.817042,22.093440,21.798615,22.084227,1685500
2024-01-09,21.881536,21.918390,21.817043,21.853895,1937200
2024-01-10,21.798614,21.872321,21.780187,21.817041,1986800
2024-01-11,21.835470,21.872323,21.531432,21.798616,2986600
2024-01-12,22.010522,22.075015,21.807830,21.844683,4257300
2024-01-16,21.384018,21.420872,21.208967,21.282673,4221900
2024-01-17,20.997062,21.061555,20.914143,21.052341,6857500
2024-01-18,21.135263,21.255034,21.089195,21.245821,3269800
2024-01-19,21.347166,21.448513,21.236606,21.448513,4500400
2024-01-22,21.466938,21.577498,21.393232,21.448513,2336800
2024-01-23,21.605138,21.669630,21.503791,21.632776,2289500
2024-01-24,21.927599,21.936812,21.641988,21.651201,4093700
2024-01-25,21.835469,21.835469,21.678843,21.780188,3364300
2024-01-26,21.853895,21.909175,21.770975,21.826256,2636100
2024-01-29,21.844683,22.019736,21.780190,21.982883,2446500
2024-01-30,21.844683,21.936816,21.743338,21.927603,2710900
2024-01-31,22.093441,22.157934,21.734124,21.761765,4753500
2024-02-01,21.632779,21.881537,21.605140,21.872324,3476600
2024-02-02,21.807830,21.817044,21.632778,21.743338,3064000
2024-02-05,21.568284,21.577498,21.384018,21.522219,2695000
2024-02-06,21.559070,21.770975,21.531431,21.770975,3063600
2024-02-07,21.697269,21.734123,21.632777,21.697269,2331700
2024-02-08,21.660418,21.678845,21.568285,21.669632,1840100
2024-02-09,21.724911,21.798617,21.632778,21.789404,1832000
2024-02-12,21.678844,21.853895,21.678844,21.770975,1541800
2024-02-13,21.310312,21.319526,21.015488,21.172113,3438600
2024-02-14,21.402446,21.531433,21.374807,21.531433,4489700
2024-02-15,21.688057,21.890748,21.688057,21.881535,3283000
2024-02-16,21.780190,21.982883,21.752551,21.863110,1937800
2024-02-20,22.010520,22.028947,21.817042,21.881535,2050200
2024-02-21,21.807829,21.826256,21.669630,21.770975,1888800
2024-02-22,21.881537,22.001309,21.844683,21.982883,1695800
2024-02-23,22.056588,22.084227,21.992096,22.028948,1138600
2024-02-26,22.010521,22.028948,21.890749,21.955242,1443300
2024-02-27,22.065805,22.121084,22.038165,22.102657,1924100
2024-02-28,21.798617,21.863110,21.789404,21.844683,1473600
2024-02-29,22.038164,22.111870,21.927604,22.038164,1697800
2024-03-01,22.121083,22.296136,22.019737,22.286922,1630500
2024-03-04,22.130295,22.176360,22.102654,22.130295,1297800
2024-03-05,22.130294,22.222427,22.001307,22.065802,1491100
2024-03-06,22.434334,22.572533,22.415907,22.452761,1806800
2024-03-07,22.821290,22.858142,22.766009,22.812077,1784200
2024-03-08,23.033194,23.070048,22.784435,22.821289,1848100
2024-03-11,22.388266,22.508040,22.342200,22.489613,2327800
2024-03-12,22.397479,22.498826,22.314560,22.489613,1612500
2024-03-13,22.563320,22.710732,22.563320,22.655453,4396100
2024-03-14,22.489613,22.498827,22.121083,22.222429,3472100
2024-03-15,22.194786,22.204000,22.056588,22.139507,2238000
2024-03-18,22.268495,22.277709,22.157935,22.185575,1436600
2024-03-19,22.102656,22.259281,22.065803,22.222429,1479500
2024-03-20,22.139508,22.517252,22.111867,22.498825,1983700
2024-03-21,22.572531,22.609385,22.489612,22.498825,1192900
2024-03-22,22.415908,22.452762,22.342202,22.351416,2611100
2024-03-25,22.461972,22.590959,22.443546,22.443546,1645400
2024-03-26,22.526466,22.526466,22.360627,22.369841,3471900
2024-03-27,22.508041,22.729159,22.508041,22.719946,1383200
2024-03-28,22.637026,22.766012,22.637026,22.719946,2922000
2024-04-01,22.719944,22.793651,22.544892,22.646238,2192900
2024-04-02,22.517253,22.609387,22.480399,22.590960,2253400
2024-04-03,22.379053,22.655451,22.379053,22.637024,2314200
2024-04-04,22.894995,22.894995,22.480397,22.508038,2183100
2024-04-05,22.554105,22.710731,22.452760,22.627811,2634000
2024-04-08,22.719942,22.802862,22.673876,22.756796,1146200
2024-04-09,22.941062,22.977916,22.719944,22.894997,3558200
2024-04-10,22.471184,22.544891,22.277706,22.379053,3813200
2024-04-11,22.471186,22.508040,22.213215,22.434334,4704200
2024-04-12,22.240854,22.323773,21.982883,22.019735,2882300
2024-04-15,22.259281,22.259281,21.798617,21.863110,3021400
2024-04-16,21.503792,21.540645,21.328740,21.411659,3535900
2024-04-17,21.743334,21.761761,21.522216,21.651201,3551100
2024-04-18,21.632777,21.688058,21.457726,21.466938,2218100
2024-04-19,21.531432,21.632777,21.457726,21.522219,2785900
2024-04-22,21.651205,21.872324,21.623565,21.789404,1742600
2024-04-23,21.817044,22.028949,21.761765,21.982883,1187000
2024-04-24,21.927601,21.946028,21.752550,21.853895,1328900
2024-04-25,21.522217,21.770975,21.457725,21.724909,2271500
2024-04-26,21.798616,21.881536,21.715696,21.853895,2357100
2024-04-29,21.982884,22.056590,21.927603,22.047377,1130900
2024-04-30,21.853898,21.899965,21.503794,21.503794,2298700
2024-05-01,21.513004,21.853894,21.448511,21.549856,3517800
2024-05-02,21.798617,22.019736,21.651205,21.946030,2433300
2024-05-03,22.296133,22.406692,22.130294,22.259279,2088600
2024-05-06,22.452759,22.554104,22.443546,22.498825,1216900
2024-05-07,22.719945,22.766011,22.627812,22.692305,1542100
2024-05-08,22.489611,22.581744,22.471184,22.572531,1593700
2024-05-09,22.397481,22.563320,22.397481,22.563320,4133600
2024-05-10,22.637025,22.655452,22.526467,22.554106,1787300
2024-05-13,22.683093,22.710731,22.554106,22.590960,1646900
2024-05-14,22.627813,22.719946,22.609388,22.719946,1042200
2024-05-15,22.867356,23.051622,22.719944,23.051622,1394200
2024-05-16,23.180608,23.226674,23.125329,23.152967,1298200
2024-05-17,23.079260,23.254313,23.033194,23.254313,1020900
2024-05-20,23.152968,23.226674,23.097689,23.116116,1071400
2024-05-21,23.125330,23.208250,23.106903,23.143757,1812200
2024-05-22,22.987130,22.987130,22.646238,22.701517,6066100
2024-05-23,22.987129,22.996341,22.498825,22.572531,1785300
2024-05-24,22.627810,22.793649,22.627810,22.766008,1033900
2024-05-28,22.885784,22.885784,22.618598,22.683092,1557800
2024-05-29,22.388264,22.397478,22.286920,22.296133,1895400
2024-05-30,22.480397,22.600171,22.443545,22.508038,1473100
2024-05-31,22.683093,22.719945,22.461973,22.710732,1316200
2024-06-03,22.867356,22.931849,22.719944,22.858143,2169000
2024-06-04,22.692305,22.738372,22.581746,22.710732,2205700
2024-06-05,22.904210,22.987129,22.756797,22.987129,829300
2024-06-06,22.941064,23.143757,22.931850,23.125330,1585700
2024-06-07,22.941062,23.014768,22.784436,22.793650,1097300
2024-06-10,22.692302,22.876568,22.646236,22.821289,712700
2024-06-11,22.538620,22.613749,22.416537,22.585575,1090700
2024-06-12,23.083301,23.130256,22.876697,22.914261,1718500
2024-06-13,22.867307,22.867307,22.632530,22.782787,797400
2024-06-14,22.472881,22.632530,22.435316,22.623138,892100
2024-06-17,22.529227,22.726440,22.454098,22.688875,2993300
2024-06-18,22.820351,22.980000,22.801570,22.942436,1222600
2024-06-20,22.961218,23.026956,22.867307,22.970608,1108600
2024-06-21,22.914263,22.933046,22.829743,22.886091,1264800
2024-06-24,22.923653,23.073910,22.923653,22.970608,2609000
2024-06-25,23.045741,23.064522,22.942438,23.026958,1980600
2024-06-26,22.801571,22.857917,22.698268,22.764006,6328200
2024-06-27,22.942436,22.998782,22.895479,22.970608,1151000
2024-06-28,22.989391,23.083302,22.839134,22.942436,4620000
2024-07-01,22.970608,23.111476,22.820351,22.857916,988700
2024-07-02,22.764005,22.933044,22.735831,22.933044,937000
2024-07-03,23.130257,23.336862,23.120867,23.280516,568600
2024-07-05,23.449554,23.458945,23.214776,23.430773,896700
2024-07-08,23.374424,23.402598,23.214776,23.224167,8202200
2024-07-09,23.280515,23.308687,23.167821,23.261732,1562300
2024-07-10,23.496509,23.618593,23.468335,23.609201,1328400
2024-07-11,23.778243,23.843981,23.712506,23.721897,1651200
2024-07-12,24.003625,24.200839,23.994234,24.069363,2653100
2024-07-15,24.116323,24.125714,23.966065,23.984848,1383700
2024-07-16,23.843979,24.041193,23.806415,24.031801,1707000
2024-07-17,23.909719,24.031804,23.853373,23.862764,1614100
2024-07-18,23.937891,23.975456,23.534073,23.581030,1642700
2024-07-19,23.515293,23.581030,23.393208,23.430773,1347100
2024-07-22,23.449554,23.515293,23.383816,23.505901,1127300
2024-07-23,23.402600,23.458946,23.374426,23.374426,1012900
2024-07-24,23.242950,23.318079,22.961218,22.961218,1899800
2024-07-25,22.764004,23.130256,22.735830,22.848524,1600200
2024-07-26,23.130255,23.233558,23.073909,23.177212,1051700
2024-07-29,23.120867,23.120867,22.933045,23.017565,802900
2024-07-30,23.149039,23.214777,23.083302,23.167822,1105100
2024-07-31,23.411990,23.627984,23.336861,23.496510,1701700
2024-08-01,23.365034,23.421382,22.792179,22.942436,3046800
2024-08-02,22.773396,22.792179,22.322624,22.557402,2008300
2024-08-05,21.599508,21.993934,21.552554,21.796721,3649400
2024-08-06,21.871851,22.341405,21.834285,22.172365,1909400
2024-08-07,22.501053,22.557401,22.078455,22.125410,1263600
2024-08-08,22.425926,22.707659,22.369579,22.641922,1002400
2024-08-09,22.698265,22.839131,22.594962,22.810959,1050800
2024-08-12,22.764004,22.848524,22.688876,22.773396,1244900
2024-08-13,22.857914,23.158429,22.857914,23.130255,1431600
2024-08-14,22.979998,23.036346,22.914261,22.989389,887400
2024-08-15,23.120867,23.299296,23.102084,23.195995,646200
2024-08-16,23.224168,23.440162,23.224168,23.430773,866600
2024-08-19,23.665550,23.909717,23.665550,23.853371,840800
2024-08-20,23.825200,23.834589,23.693723,23.721897,727100
2024-08-21,23.919108,24.041194,23.862762,23.975456,1120300
2024-08-22,23.975454,23.984845,23.703111,23.731285,1230000
2024-08-23,23.966067,24.351101,23.928502,24.322927,1529900
2024-08-26,24.388662,24.416836,24.266578,24.294752,762800
2024-08-27,24.163277,24.266580,24.135105,24.247797,687100
2024-08-28,24.285363,24.332318,24.097540,24.219625,1038300
2024-08-29,24.360492,24.557704,24.294755,24.463793,1048100
2024-08-30,24.360489,24.398053,24.097538,24.294752,1301900
2024-09-03,24.238406,24.275971,23.862763,23.947283,1606000
2024-09-04,23.815807,24.041193,23.815807,23.919107,799900
2024-09-05,24.059977,24.116323,23.872154,24.022411,1326100
2024-09-06,24.069364,24.163275,23.543463,23.590420,2383300
2024-09-09,23.881544,24.088148,23.853370,24.003628,1265100
2024-09-10,23.966065,23.975456,23.731288,23.900328,1042300
2024-09-11,23.853369,24.069364,23.534072,24.050583,1347900
2024-09-12,24.219626,24.473184,24.125715,24.463793,1395000
2024-09-13,24.426227,24.510747,24.341707,24.379271,1016600
2024-09-16,24.604659,24.754917,24.529531,24.745525,1203200
2024-09-17,24.773698,24.792481,24.529531,24.604660,1191200
2024-09-18,24.726743,24.989694,24.520140,24.557703,1263800
2024-09-19,25.243251,25.262034,24.999084,25.186905,2163100
2024-09-20,24.999085,24.999085,24.773697,24.895782,1180400
2024-09-23,24.952127,25.055430,24.914564,25.027256,753500
2024-09-24,25.083603,25.252643,25.008475,25.243252,2549500
2024-09-25,25.121171,25.139954,24.811265,24.830048,1159400
2024-09-26,25.262035,25.402901,25.186906,25.327772,1883500
2024-09-27,25.440466,25.524986,25.355946,25.402901,3081900
2024-09-30,25.571940,25.571940,25.290208,25.459248,1880900
2024-10-01,25.412291,25.412291,25.102385,25.271425,2186600
2024-10-02,25.280816,25.384119,25.158733,25.262033,1054900
2024-10-03,25.036650,25.092996,24.914567,25.008476,1222600
2024-10-04,24.848825,24.905173,24.745525,24.848825,3246100
2024-10-07,24.830044,24.886390,24.651613,24.764307,933500
2024-10-08,24.679789,24.736135,24.557704,24.689180,1200000
2024-10-09,24.491965,24.707960,24.482574,24.623440,1568300
2024-10-10,24.576484,24.726741,24.491964,24.717350,1430100
2024-10-11,24.698568,24.942737,24.698568,24.886391,1918200
2024-10-14,24.726743,24.933347,24.707961,24.914566,1515500
2024-10-15,24.914564,24.961519,24.726742,24.764307,2009600
2024-10-16,24.858217,24.933345,24.839436,24.848825,893200
2024-10-17,24.952128,24.980302,24.839436,24.848825,872500
2024-10-18,24.942736,24.989692,24.848824,24.942736,552400
2024-10-21,24.811260,24.876997,24.557700,24.614046,756400
2024-10-22,24.491967,24.557704,24.407447,24.548313,1895400
2024-10-23,24.304144,24.351101,24.116323,24.266581,1618500
2024-10-24,24.463794,24.463794,24.219627,24.407448,771800
2024-10-25,24.473184,24.473184,24.182060,24.219625,1275800
2024-10-28,24.247799,24.398056,24.238408,24.322927,963600
2024-10-29,24.182057,24.257186,24.116320,24.153883,1044900
2024-10-30,23.928500,24.200843,23.928500,24.022411,1214500
2024-10-31,23.872155,23.890937,23.571640,23.806417,927600
2024-11-01,24.059976,24.163277,23.890936,23.900328,1235000
2024-11-04,24.041193,24.144494,23.890936,23.928499,943400
2024-11-05,24.116321,24.294752,24.097538,24.294752,866000
2024-11-06,23.966066,24.172669,23.797026,24.144495,1151500
2024-11-07,24.614047,24.867607,24.595266,24.858215,1609300
2024-11-08,24.529531,24.548312,24.238406,24.360491,1760800
2024-11-11,24.435617,24.454400,24.294751,24.351097,1257200
2024-11-12,24.172669,24.229015,23.825199,23.947283,1614600
2024-11-13,24.041195,24.050586,23.815809,23.956675,918600
2024-11-14,24.182059,24.247796,23.975456,24.003628,1569400
2024-11-15,24.078755,24.097538,23.956672,24.013018,1454600
2024-11-18,24.116321,24.379271,24.088147,24.341707,1797300
2024-11-19,24.304145,24.614050,24.238407,24.548313,1208500
2024-11-20,24.379272,24.416837,24.229014,24.398054,1020100
2024-11-21,24.510749,24.698569,24.426229,24.642223,900800
2024-11-22,24.604658,24.726741,24.567093,24.717350,1610800
2024-11-25,24.820653,24.848825,24.614047,24.717350,1679200
2024-11-26,24.491967,24.491967,24.304144,24.388664,1115300
2024-11-27,24.585878,24.698570,24.557704,24.651615,1328100
2024-11-29,24.651614,24.820654,24.642223,24.820654,2025200
2024-12-02,24.726743,24.783089,24.548312,24.754917,1629300
2024-12-03,24.736135,24.801872,24.632833,24.689180,1745400
2024-12-04,24.491965,24.567093,24.454401,24.538919,1551200
2024-12-05,24.491965,24.548311,24.398054,24.501356,1418800
2024-12-06,24.341708,24.360491,23.900328,24.135105,1855400
2024-12-09,24.576483,24.651612,24.416835,24.435617,2085300
2024-12-10,24.135105,24.135105,24.003629,24.022411,1985000
2024-12-11,23.994234,24.106928,23.956671,24.069363,1804900
2024-12-12,23.815808,23.919108,23.665550,23.665550,1770000
2024-12-13,23.778241,23.778241,23.571638,23.571638,1288300
2024-12-16,23.674941,23.731289,23.590423,23.618595,1144300
2024-12-17,23.682575,23.787619,23.653928,23.682575,1521600
2024-12-18,23.644377,23.663476,22.832675,22.899521,1063100
2024-12-19,22.889972,22.937720,22.698985,22.756281,2033100
2024-12-20,22.507995,22.947269,22.479348,22.698984,1895000
2024-12-23,22.870873,23.052311,22.718083,23.014114,1136100
2024-12-24,23.080961,23.147806,22.928170,23.109610,609700
2024-12-26,23.109611,23.252852,23.071412,23.224203,886300
2024-12-27,23.014116,23.071412,22.870875,22.975918,958100
2024-12-30,22.918622,23.004567,22.727632,22.889973,1033100
2024-12-31,22.794479,22.889972,22.708534,22.784929,1608500
2025-01-02,22.975917,23.014116,22.727632,22.832676,1432300
2025-01-03,23.109610,23.147806,22.956819,23.109610,853000
2025-01-06,23.357895,23.415193,23.166908,23.233753,1008100
2025-01-07,23.453388,23.501137,23.109610,23.128708,896900
2025-01-08,23.214653,23.291049,23.090512,23.262402,2924900
2025-01-10,23.023665,23.023665,22.718083,22.737181,1394200
2025-01-13,22.593941,22.813577,22.574842,22.804028,1142100
2025-01-14,22.842225,22.928170,22.727631,22.899521,785800
2025-01-15,23.300598,23.319697,23.157357,23.252851,628600
2025-01-16,23.186007,23.338797,23.138259,23.233753,948200
2025-01-17,23.128709,23.329248,23.119159,23.147808,1302900
2025-01-21,23.510687,23.701675,23.472489,23.682575,1014300
2025-01-22,23.749423,23.749423,23.558433,23.596630,701900
2025-01-23,23.501135,23.673025,23.462937,23.634827,584800
2025-01-24,23.778067,23.883111,23.739870,23.787617,584100
2025-01-27,23.577532,23.749422,23.577532,23.749422,969900
2025-01-28,23.644378,23.673027,23.472488,23.673027,499600
2025-01-29,23.567982,23.663476,23.443838,23.529783,836500
2025-01-30,23.844915,23.969058,23.701674,23.825817,824500
2025-01-31,23.778069,23.930860,23.501137,23.501137,1409800
2025-02-03,23.176457,23.520235,23.128708,23.386543,1701900
2025-02-04,23.434291,23.711223,23.434291,23.663477,1078900
2025-02-05,23.758970,23.921311,23.730323,23.883114,2555700
2025-02-06,23.997705,24.064553,23.911762,23.997705,1129400
2025-02-07,24.026355,24.083651,23.739873,23.806719,1789700
2025-02-10,24.007255,24.035904,23.930860,23.959509,1322900
2025-02-11,23.806718,23.969058,23.778069,23.911762,1283000
2025-02-12,23.949959,24.274640,23.892663,24.121849,3585900
2025-02-13,24.150498,24.513376,24.121849,24.503826,1973600
2025-02-14,24.436980,24.475176,24.284189,24.322386,1962000
2025-02-18,24.236441,24.303288,24.179145,24.274639,2789400
2025-02-19,23.835365,23.940409,23.778069,23.911762,1664100
2025-02-20,23.902213,23.978608,23.806718,23.959509,1124300
2025-02-21,23.778068,23.778068,23.386542,23.443838,2563900
2025-02-24,23.644377,23.673026,23.443838,23.520233,1709000
2025-02-25,23.529783,23.548882,23.262400,23.434290,1846100
2025-02-26,23.348346,23.577532,23.310148,23.338797,2909200
2025-02-27,23.281498,23.281498,22.975916,22.985466,3046600
2025-02-28,22.813576,22.937720,22.660786,22.909071,2518100
2025-03-03,23.214654,23.262403,22.698986,22.870876,3673400
2025-03-04,22.765831,23.119158,22.527095,22.842226,2987400
2025-03-05,23.023666,23.376994,23.014117,23.310148,2458400
2025-03-06,23.033214,23.224201,22.928170,22.937719,2257500
2025-03-07,22.565290,22.880421,22.507994,22.813576,6270400
2025-03-10,22.565291,22.613039,22.154667,22.364754,2132200
2025-03-11,22.336106,22.412501,22.059174,22.269260,2190700
2025-03-12,22.250161,22.317008,22.059173,22.259710,2104100
2025-03-13,22.001878,22.126020,21.935030,21.982779,1537400
2025-03-14,22.183314,22.441149,22.135567,22.441149,1587000
2025-03-17,22.527097,22.813579,22.527097,22.794481,1378800
2025-03-18,22.498446,22.517545,22.307458,22.374304,2217700
2025-03-19,22.364754,22.708534,22.317008,22.584391,2477200
2025-03-20,22.317006,22.565290,22.297907,22.469797,2190400
2025-03-21,22.326556,22.383853,22.221513,22.374304,1791300
2025-03-24,22.574841,22.641687,22.507996,22.632139,1394900
2025-03-25,22.765830,22.804026,22.679885,22.737181,1280800
2025-03-26,22.842226,22.880423,22.555744,22.641687,1763200
2025-03-27,22.632139,22.746732,22.565292,22.679886,1189100
2025-03-28,22.727631,22.727631,22.402951,22.412500,1790900
2025-03-31,22.126019,22.422051,22.001877,22.383854,1763700
2025-04-01,22.498446,22.698985,22.364755,22.641687,2129200
2025-04-02,22.555743,22.823125,22.546193,22.813576,1588700
2025-04-03,22.546193,22.632138,22.183314,22.202414,3907400
2025-04-04,20.903690,20.980085,19.958297,20.197033,6571600
2025-04-07,19.901003,20.779551,19.585872,19.910553,9757900
2025-04-08,20.960989,20.970537,19.681366,19.881903,4164200
2025-04-09,20.282979,21.877733,20.101539,21.782238,5566700
2025-04-10,21.333416,21.486207,20.827296,21.342966,2943700
2025-04-11,21.333416,21.829986,21.218822,21.744041,2266200
2025-04-14,22.126018,22.345654,22.030524,22.240612,3016500
2025-04-15,22.307457,22.479347,22.259709,22.307457,1226500
2025-04-16,22.479348,22.632138,22.269259,22.364754,1106100
2025-04-17,22.431598,22.679884,22.402949,22.546192,2614100
2025-04-21,22.603490,22.603490,22.211964,22.422050,1833300
2025-04-22,22.775380,23.090511,22.756281,22.880423,1492100
2025-04-23,23.138257,23.271951,22.832676,22.918621,1680900
2025-04-24,23.195555,23.434290,23.166906,23.405642,1018300
2025-04-25,23.252851,23.424741,23.224202,23.405642,2327500
2025-04-28,23.224204,23.424743,23.224204,23.415194,1362500
2025-04-29,23.405641,23.482037,23.319696,23.443838,463100
2025-04-30,23.376992,23.615728,23.205102,23.558432,1885300
2025-05-01,23.577532,23.634828,23.453388,23.539333,1107800
2025-05-02,24.150496,24.245989,24.064551,24.169594,1185100
2025-05-05,23.969056,23.978606,23.864012,23.864012,1134200
2025-05-06,23.835365,23.978608,23.806718,23.921310,1310400
2025-05-07,23.854465,23.902214,23.673028,23.768520,1255600
2025-05-08,23.816266,23.844913,23.663475,23.711222,1172700
2025-05-09,23.921311,23.949960,23.835366,23.883114,821000
2025-05-12,24.035902,24.045452,23.892661,24.045452,1549700
2025-05-13,24.131398,24.341485,24.112299,24.274639,1784200
2025-05-14,24.198246,24.236442,23.969060,24.026356,1687000
2025-05-15,24.265089,24.475176,24.188694,24.398781,857500
2025-05-16,24.245990,24.322386,24.140948,24.322386,1820600
2025-05-19,24.236440,24.503825,24.236440,24.475176,975400
2025-05-20,24.341484,24.475176,24.341484,24.475176,1223500
2025-05-21,24.475178,24.599321,24.236442,24.265091,1687500
2025-05-22,24.217345,24.370135,24.188696,24.265091,1377500
2025-05-23,24.188695,24.551572,24.188695,24.494276,1181200
2025-05-27,24.627969,24.761661,24.599321,24.704365,734400
2025-05-28,24.436978,24.494274,24.379682,24.408329,979000
2025-05-29,24.522923,24.542022,24.341483,24.484724,1830000
2025-05-30,24.503827,24.675717,24.417882,24.647068,2433200
2025-06-02,24.771209,24.981296,24.685264,24.971746,2117400
2025-06-03,24.799857,24.924000,24.761660,24.895351,1014700
2025-06-04,25.095892,25.229584,25.076793,25.143639,822100
2025-06-05,25.315528,25.315528,25.114989,25.172287,1028000
2025-06-06,25.124535,25.210480,25.076789,25.181833,962300
2025-06-09,25.229583,25.382373,25.200934,25.248682,1411500
2025-06-10,25.487418,25.592460,25.449219,25.506516,1504800
2025-06-11,25.477867,25.563812,25.372823,25.401472,2633800
2025-06-12,25.325075,25.449216,25.315525,25.439667,1990500
2025-06-13,25.124537,25.286877,25.067241,25.134087,3655500
2025-06-16,25.392962,25.548093,25.286309,25.296005,2471600
2025-06-17,25.247528,25.296006,24.917875,24.985744,1526200
2025-06-18,25.102092,25.266918,25.024526,25.073006,2089600
2025-06-20,25.102091,25.102091,24.772438,24.772438,2258300
2025-06-23,24.607612,25.014831,24.588222,25.005136,1566600
2025-06-24,25.189354,25.325094,25.121484,25.257223,1127000
2025-06-25,25.228137,25.266919,25.131180,25.237833,1322500
2025-06-26,25.480225,25.664442,25.460833,25.625660,1656400
2025-06-27,25.305701,25.402658,25.160266,25.296005,2326200
2025-06-30,25.354180,25.548094,25.315399,25.519007,1564200
2025-07-01,25.460833,25.586876,25.441441,25.548094,1655900
2025-07-02,25.451138,25.732313,25.412354,25.732313,1674900
2025-07-03,25.615964,25.722617,25.606268,25.674137,2072300
2025-07-07,25.325095,25.402660,25.131180,25.189354,2263500
2025-07-08,25.373572,25.460833,25.286311,25.344484,1734100
2025-07-09,25.412353,25.470528,25.315398,25.441441,1287000
2025-07-10,25.567485,25.771093,25.499614,25.771093,1419000
2025-07-11,25.577181,25.606268,25.470530,25.557791,1739600
2025-07-14,25.509311,25.606268,25.489921,25.586876,1741900
2025-07-15,25.645052,25.654746,25.247529,25.276615,2365700
2025-07-16,25.305702,25.431745,25.189353,25.392963,2567100
2025-07-17,25.208745,25.489921,25.208745,25.480225,1674100
2025-07-18,25.809878,25.819572,25.606268,25.645052,1686000
2025-07-21,25.596572,25.732312,25.557790,25.567486,1818300
2025-07-22,25.596570,25.742004,25.528700,25.742004,1551100
2025-07-23,25.897135,26.013484,25.868049,26.003788,4241600
2025-07-24,25.848659,25.955312,25.761397,25.771093,5345600
2025-07-25,25.567486,25.674137,25.528702,25.674137,2489900
2025-07-28,25.499614,25.509310,25.334787,25.422049,3604700
2025-07-29,25.586876,25.615963,25.509310,25.567486,1749700
2025-07-30,25.489920,25.577179,25.237832,25.354179,2908200
2025-07-31,25.296005,25.402658,25.160267,25.228136,6751300
2025-08-01,25.228136,25.228136,25.014830,25.121483,3442300
2025-08-04,25.412353,25.489921,25.392963,25.480225,3115700
2025-08-05,25.606268,25.674137,25.528703,25.606268,2546900
2025-08-06,25.800182,25.877747,25.761398,25.848660,2806900
2025-08-07,25.974704,25.994094,25.664441,25.790485,2014900
2025-08-08,25.809878,25.887444,25.780791,25.819572,2033700
2025-08-11,25.838963,25.906832,25.780789,25.838963,1806300
2025-08-12,25.906832,26.168616,25.906832,26.139528,3941000
2025-08-13,26.003790,26.091051,26.003790,26.091051,1880500
2025-08-14,25.906832,25.955311,25.790485,25.926224,2387300
2025-08-15,26.081354,26.100746,26.003789,26.013485,1461600
2025-08-18,26.081355,26.100747,25.926225,26.023182,2483700
2025-08-19,25.935921,25.974705,25.800182,25.800182,5489900
2025-08-20,25.868052,25.897138,25.742007,25.887444,2564300
2025-08-21,26.023182,26.071660,25.926225,26.042574,4394000
2025-08-22,25.994095,26.459489,25.994095,26.430401,4815200
2025-08-25,26.139528,26.158920,25.994093,26.013485,1914400
2025-08-26,26.013486,26.158921,26.003791,26.149225,2739100
2025-08-27,25.965008,26.197704,25.945616,26.178312,2374700
2025-08-28,26.323747,26.323747,26.246182,26.265574,2433300
2025-08-29,26.236487,26.333444,26.207401,26.255878,1835400
2025-09-02,25.780790,25.984399,25.722617,25.955313,2955200
2025-09-03,25.751702,25.848659,25.722616,25.790485,2620900
2025-09-04,25.955313,26.081356,25.887444,26.081356,2584900
2025-09-05,26.255876,26.314049,25.994092,26.110441,2223300
2025-09-08,26.236486,26.246182,26.100747,26.178312,2843100
2025-09-09,26.149224,26.197704,26.052269,26.071659,2533000
2025-09-10,26.314049,26.362529,26.226788,26.284964,1792800
2025-09-11,26.255877,26.575834,26.255877,26.575834,7424200
2025-09-12,26.440097,26.478878,26.333444,26.411009,2730500
2025-09-15,26.585530,26.730965,26.537052,26.730965,2597200
2025-09-16,26.556441,26.585529,26.420702,26.546745,3441900
2025-09-17,26.411008,26.556442,26.100747,26.314051,5394700
2025-09-18,26.003790,26.129834,25.906833,26.071659,3564900
2025-09-19,26.052269,26.110443,26.013486,26.071659,2387400
2025-09-22,25.974703,26.120138,25.906832,26.100746,1898800
2025-09-23,26.168616,26.188008,25.994094,26.052269,3467500
2025-09-24,25.780789,25.838963,25.654744,25.664440,4965300
2025-09-25,25.625658,25.732311,25.519005,25.664440,4465400
2025-09-26,25.771093,25.858355,25.742006,25.858355,5534000
2025-09-29,26.042573,26.178312,26.042573,26.158920,4988400
2025-09-30,26.110443,26.188008,26.081355,26.178312,4173900
2025-10-01,26.265574,26.381921,26.217097,26.323748,5580400
2025-10-02,26.440096,26.440096,26.178312,26.352835,2905900
2025-10-03,26.537053,26.701879,26.507965,26.595226,3758000
2025-10-06,26.546747,26.604922,26.498269,26.527357,3227700
2025-10-07,26.459487,26.488573,26.284965,26.314051,3164400
2025-10-08,26.391616,26.459487,26.333442,26.401312,2102800
2025-10-09,26.352834,26.372226,26.003789,26.100746,3935900
2025-10-10,26.217096,26.255877,25.606267,25.635355,5372800
2025-10-13,25.780790,25.916529,25.722617,25.848660,3488600
2025-10-14,25.548095,26.013486,25.528703,25.887444,5819900
2025-10-15,26.023181,26.158920,25.868051,26.071659,6297000
2025-10-16,26.420705,26.459488,26.091052,26.149225,4854000
2025-10-17,25.994093,26.158920,25.935920,26.100746,6695100
2025-10-20,26.284966,26.459489,26.275270,26.430401,2256100
2025-10-21,26.352833,26.381919,26.207398,26.284964,5339900
2025-10-22,26.284965,26.343139,26.091051,26.246181,4448400
2025-10-23,26.333442,26.430399,26.304354,26.362530,2576200
2025-10-24,26.314051,26.372226,26.265574,26.352835,2820100
2025-10-27,26.507964,26.546746,26.420703,26.537052,4273200
2025-10-28,26.556443,26.730965,26.517661,26.682487,2979200
2025-10-29,26.401312,26.430400,26.042573,26.178312,4423900
2025-10-30,25.984398,26.207400,25.974704,26.071659,3274000
2025-10-31,25.965009,26.003790,25.848660,25.955313,2404100
2025-11-03,26.032878,26.052270,25.858355,26.023182,2369600
2025-11-04,25.586876,25.761399,25.557790,25.606268,4889400
2025-11-05,25.751702,25.945616,25.732312,25.858355,2239800
2025-11-06,25.848659,25.858355,25.577180,25.654745,5067200
2025-11-07,25.451137,25.635355,25.334788,25.635355,4141900
2025-11-10,25.897138,26.032878,25.809878,25.994095,3543900
2025-11-11,25.790487,25.877748,25.742007,25.819572,3332500
2025-11-12,25.712920,25.829267,25.712920,25.771093,3721500
2025-11-13,25.460833,25.509311,25.121484,25.150572,3760000
2025-11-14,25.063310,25.266918,25.024526,25.160267,5529500
2025-11-17,25.063309,25.131179,24.753048,24.859699,3851200
2025-11-18,24.627005,24.733658,24.471874,24.627005,8386900
2025-11-19,24.578526,24.675483,24.404004,24.530046,4304100
2025-11-20,24.704570,24.782135,24.181005,24.190701,6614800
2025-11-21,24.365221,24.627005,24.297352,24.559135,7086700
2025-11-24,24.510658,24.723962,24.471874,24.665789,5463800
2025-11-25,24.588223,24.869397,24.510658,24.840311,7018300
2025-11-26,24.869395,25.092395,24.869395,25.034222,3472500
2025-11-28,24.976049,25.111788,24.966354,25.063311,1440600
2025-12-01,25.024526,25.131179,24.946960,24.946960,4324300
2025-12-02,25.140875,25.150571,25.024526,25.140875,4068600
2025-12-03,25.218440,25.354179,25.218440,25.334787,2682000
2025-12-04,25.480224,25.548093,25.422048,25.489920,3026600
2025-12-05,25.596572,25.664442,25.470529,25.538399,4336400
2025-12-08,25.606267,25.606267,25.402659,25.441441,3182500
2025-12-09,25.519006,25.664441,25.489920,25.548094,3767200
2025-12-10,25.557789,25.906832,25.548093,25.838963,5816700
2025-12-11,25.809876,25.906831,25.751700,25.829266,3519500
2025-12-12,25.935921,25.974705,25.586876,25.712921,4883800
2025-12-15,25.751702,25.751702,25.548094,25.615963,6154300
2025-12-16,25.580463,25.610046,25.373373,25.462126,4851300
2025-12-17,25.412819,25.462126,25.225452,25.225452,6154000
2025-12-18,25.531156,25.629770,25.422682,25.452265,6075300
2025-12-19,25.511434,25.679078,25.491711,25.521294,3187800
2025-12-22,25.708661,25.826998,25.679078,25.787552,4205200
2025-12-23,26.172147,26.270760,26.132701,26.241177,5605800
2025-12-24,26.201731,26.251039,26.182008,26.231316,2376600
2025-12-26,26.339788,26.349650,26.260897,26.310205,2221000
2025-12-29,26.093255,26.191869,26.053810,26.112978,6725500
2025-12-30,26.132700,26.162285,26.043947,26.043947,3273200
2025-12-31,25.974918,25.994642,25.826998,25.826998,4007100
2026-01-02,26.122838,26.122838,25.886165,26.103115,4216300
2026-01-05,26.004503,26.251038,26.004503,26.241177,5434200
2026-01-06,26.014363,26.152424,25.974918,26.122839,2950000
2026-01-07,26.053810,26.053810,25.876305,25.905890,4227800
2026-01-08,25.866442,26.004503,25.866442,26.004503,4574000
2026-01-09,25.836861,25.915752,25.738246,25.896029,3456200
2026-01-12,25.955196,26.142563,25.945334,26.083395,3333800
2026-01-13,26.211591,26.211591,26.014362,26.043947,4078500
2026-01-14,26.122840,26.182007,26.034087,26.172148,5693900
2026-01-15,26.280621,26.398958,26.221453,26.280621,3899700
2026-01-16,26.389097,26.418681,26.260897,26.369373,3572600
2026-01-20,26.132701,26.241177,26.063671,26.093254,7807900
2026-01-21,26.182007,26.389097,26.122839,26.329929,5338600
2026-01-22,26.694799,26.783552,26.586323,26.694799,4529300
2026-01-23,26.793415,27.030088,26.763830,27.000504,4768900
2026-01-26,27.316070,27.444267,27.237179,27.237179,6018100
2026-01-27,27.542880,27.888030,27.503434,27.848583,5179200
2026-01-28,27.720387,27.828861,27.592187,27.779554,6475900
2026-01-29,28.213456,28.252900,27.572464,28.026089,12572000
2026-01-30,27.720386,27.818999,27.207593,27.365376,11658200
2026-02-02,27.424544,27.602050,27.385099,27.562605,6385100
2026-02-03,27.651356,27.828860,27.454128,27.730247,9574200
2026-02-04,28.233178,28.252901,27.779554,27.957060,7285900
2026-02-05,27.621772,27.799278,27.454128,27.454128,5386300
2026-02-06,27.542881,27.858445,27.513296,27.838722,6123400
2026-02-09,28.154287,28.479713,28.114842,28.430407,4273000
2026-02-10,28.341653,28.371237,28.213455,28.243038,7568900
2026-02-11,28.943198,28.982643,28.647355,28.893890,5290100
2026-02-12,29.160150,29.170011,28.627635,28.696665,9202200
2026-02-13,28.667080,28.824862,28.430407,28.755833,7173000
2026-02-17,28.657218,28.972782,28.489574,28.913614,7327400
2026-02-18,28.943200,29.120705,28.805139,28.903753,6895300
2026-02-19,28.834724,29.002368,28.726248,28.962923,4360300
2026-02-20,28.923477,29.317932,28.923477,29.288349,4431300
2026-02-23,29.110842,29.219316,28.903752,29.041813,4100600
2026-02-24,28.933338,29.229179,28.913615,29.170012,4376800
2026-02-25,29.613775,29.791278,29.544743,29.741972,4294900
2026-02-26,29.712386,29.751833,29.406684,29.722248,5971500
2026-02-27,29.692666,29.820864,29.594052,29.672943,6244800
2026-03-02,29.239040,29.643357,29.209457,29.515160,7866400
2026-03-03,28.440267,28.844584,28.026088,28.686802,10237200
2026-03-04,28.775555,28.982644,28.686803,28.943199,8450700
2026-03-05,28.430405,28.598049,27.937335,28.213455,11098900
2026-03-06,27.749969,28.095118,27.631633,27.937336,7848400
2026-03-09,27.799278,28.548744,27.582326,28.459991,10106000
2026-03-10,28.538883,28.953061,28.430407,28.548744,6570400
2026-03-11,28.529020,28.745970,28.410682,28.598049,4242100
2026-03-12,28.440267,28.440267,27.947198,28.026089,6006000
2026-03-13,28.045813,28.144427,27.572465,27.592188,4382600
2026-03-16,28.144427,28.321931,28.035951,28.282486,3130300
2026-03-17,28.479711,28.519158,28.282485,28.302208,4392400
2026-03-18,27.937336,28.035950,27.592187,27.611910,7861700
2026-03-19,27.325929,28.016228,27.247038,27.868307,10633600
2026-03-20,27.621772,27.631634,26.822999,26.921612,5905000
2026-03-23,27.661216,28.055673,27.444266,27.700663,9811800
2026-03-24,26.941336,27.355514,26.921612,27.178009,5488200
2026-03-25,27.483714,27.572465,27.296347,27.414682,3956200
2026-03-26,27.079395,27.266762,26.783553,26.793415,3552500
2026-03-27,26.783553,27.039949,26.704662,26.832859,3154700
2026-03-30,26.990644,27.049812,26.675077,26.763830,3588500
2026-03-31,27.039949,27.414681,26.892028,27.375237,7054600
2026-04-01,27.789415,27.878168,27.602048,27.700663,2503500
2026-04-02,27.355515,27.917614,27.316070,27.710526,6877400
2026-04-06,27.740109,27.878169,27.661217,27.828861,4038400
2026-04-07,28.045812,28.203594,27.799277,28.144426,6781800
2026-04-08,29.199596,29.219318,28.893892,29.110844,2915700
2026-04-09,29.179873,29.485575,29.100981,29.357378,2705800
2026-04-10,29.554604,29.623636,29.367239,29.426407,1631000
2026-04-13,29.317932,29.761696,29.288349,29.732111,2237500
2026-04-14,29.732111,29.811002,29.643358,29.761696,1813700
2026-04-15,29.791278,29.880030,29.682804,29.840586,1342700
2026-04-16,29.643357,29.672942,29.416545,29.515160,4997300
2026-04-17,29.949063,30.057537,29.751834,29.791279,3736800
2026-04-20,29.672942,29.682803,29.465852,29.633495,1866700
2026-04-21,29.495436,29.525021,29.041813,29.071396,2105800
2026-04-22,29.022091,29.061536,28.903753,29.022091,2164900
2026-04-23,29.002366,29.110842,28.607911,28.864307,2189100
2026-04-24,28.805138,28.874170,28.716387,28.765694,1774800
2026-04-27,28.884032,28.903753,28.745971,28.785418,1234600
2026-04-28,28.706526,28.755833,28.548744,28.667080,2174100
2026-04-29,28.351515,28.371239,28.085257,28.223318,1638400
2026-04-30,28.844585,29.120705,28.765694,29.081259,1578000
2026-05-01,28.913614,29.081257,28.844584,28.864307,1482000
2026-05-04,28.696663,28.755831,28.381099,28.479712,2063700
2026-05-05,28.745971,28.854447,28.637497,28.785418,1088800
2026-05-06,29.594052,29.722249,29.544744,29.702528,2206000
2026-05-07,29.672942,29.672942,29.071396,29.071396,1859600
2026-05-08,29.209457,29.248901,29.081258,29.130566,1946600
2026-05-11,29.229179,29.298208,29.120705,29.179873,2716700
2026-05-12,28.805138,28.943199,28.657218,28.913614,2318000
2026-05-13,28.607911,28.795278,28.558603,28.716387,1492600
2026-05-14,28.962923,28.982644,28.834724,28.874170,2852200
2026-05-15,28.410683,28.440268,28.223317,28.321930,2612800
2026-05-18,28.469852,28.509297,28.164148,28.410683,3534200
2026-05-19,28.164148,28.302209,28.026089,28.134565,2104000
2026-05-20,28.075395,28.558603,28.045812,28.499435,3656700
2026-05-21,28.351515,28.686803,28.243039,28.588188,1576300
2026-05-22,28.529020,28.529020,28.312068,28.381100,1606800
2026-05-26,28.637497,28.647357,28.459991,28.548744,1362500
2026-05-27,28.617773,28.627635,28.440268,28.529020,1244100
2026-05-28,28.400820,28.647355,28.321929,28.568464,1460600
2026-05-29,28.943200,29.051674,28.844585,28.844585,1354500
2026-06-01,28.627635,28.864309,28.519159,28.726248,1281500
2026-06-02,28.923476,29.091120,28.893891,29.061535,1664400
2026-06-03,28.884031,28.884031,28.736109,28.736109,1350000
2026-06-04,28.676942,28.745971,28.588189,28.637497,1608300
2026-06-05,28.154286,28.154286,27.562604,27.671078,9699700
2026-06-08,27.868308,27.937337,27.641496,27.680941,2834900
2026-06-09,28.085258,28.203595,27.473852,27.858446,4279000
2026-06-10,28.026089,28.243039,27.789415,27.789415,3513300
2026-06-11,27.996504,28.598050,27.927475,28.558603,2659000
2026-06-12,28.736109,28.933338,28.578327,28.815001,2361200
2026-06-15,28.980000,29.040001,28.549999,28.600000,3433200
2026-06-16,29.040001,29.129999,28.969999,28.980000,1409100
2026-06-17,29.059999,29.200001,28.590000,28.650000,2745700
2026-06-18,28.690001,28.760000,28.549999,28.559999,2523600
2026-06-22,28.530001,28.570000,28.420000,28.450001,1369300
2026-06-23,28.059999,28.230000,28.020000,28.020000,1166200
2026-06-24,28.000000,28.049999,27.809999,27.910000,3321900
2026-06-25,28.049999,28.100000,27.820000,27.930000,4723500
2026-06-26,27.930000,28.100000,27.879999,27.969999,2675300
2026-06-29,28.120001,28.129999,27.900000,28.110001,1673500
2026-06-30,28.000000,28.190001,27.959999,28.160000,2223000
2026-07-01,27.690001,27.860001,27.670000,27.700001,3127600
2026-07-02,28.139999,28.330000,27.900000,28.090000,3355300
2026-07-06,28.280001,28.370001,28.240000,28.330000,1152400
2026-07-07,28.389999,28.430000,28.090000,28.129999,921200
2026-07-08,27.950001,28.120001,27.790001,28.120001,4142100
2026-07-09,28.170000,28.270000,28.139999,28.200001,1764800
2026-07-10,28.360001,28.540001,28.290001,28.450001,2491900
2026-07-13,28.490000,28.559999,28.309999,28.350000,1474200
2026-07-14,28.629999,28.860001,28.629999,28.709999,1293600
2026-07-15,28.700001,28.910000,28.650000,28.799999,1954000
2026-07-16,28.629999,28.760000,28.570000,28.629999,2468400
2026-07-17,28.520000,28.780001,28.490000,28.750000,1652700
2026-07-20,28.700001,28.740000,28.480000,28.520000,2262400
2026-07-21,28.530001,28.700001,28.440001,28.680000,1271400
2026-07-22,28.860001,28.950001,28.840000,28.860001,897300
2026-07-23,28.420000,28.559999,28.400000,28.490000,1311100
2026-07-24,28.680000,28.860001,28.610001,28.719999,1178200
2026-07-27,28.889999,28.959999,28.740000,28.879999,1034300
2026-07-28,29.110001,29.420000,29.059999,29.320000,2681200
2026-07-29,29.299999,29.590000,29.080000,29.110001,2052600
