Date,Open,High,Low,Close,Volume
2000-05-12,14.083385,14.128237,14.083385,14.128237,5300
2000-05-15,13.948834,13.948834,13.948834,13.948834,5000
2000-05-16,14.217941,14.217941,14.217941,14.217941,300
2000-05-17,13.948834,13.948834,13.948834,13.948834,400
2000-05-18,13.859128,13.859128,13.814277,13.814277,800
2000-05-19,13.859131,13.859131,13.859131,13.859131,18000
2000-05-22,12.872394,12.872394,12.513581,12.513581,70500
2000-05-23,12.872395,13.006949,12.827543,12.827543,51300
2000-05-24,12.692988,12.692988,12.603285,12.692988,10600
2000-05-25,13.006949,13.141504,12.827543,12.827543,44300
2000-05-26,12.154770,12.244473,12.154770,12.154770,21000
2000-05-30,13.006951,13.006951,12.872396,12.872396,32100
2000-05-31,13.724574,13.814277,13.724574,13.814277,55000
2000-06-01,13.859129,13.903981,13.769426,13.769426,11500
2000-06-02,14.487054,14.711312,14.487054,14.711312,10400
2000-06-05,15.204676,15.204676,15.070122,15.070122,3100
2000-06-06,15.159821,15.159821,14.890712,14.890712,10200
2000-06-07,15.428936,15.428936,14.711311,15.249530,44100
2000-06-08,14.666457,14.666457,14.531902,14.531902,12000
2000-06-09,15.877445,15.877445,15.877445,15.877445,1300
2000-06-12,16.191411,16.191411,15.787747,15.787747,12100
2000-06-13,15.070118,15.294376,15.070118,15.159822,14500
2000-06-14,15.428935,16.056856,15.294380,15.518638,67500
2000-06-15,14.352493,14.531899,14.352493,14.352493,5300
2000-06-16,14.262793,14.262793,13.993684,13.993684,22400
2000-06-19,14.173088,14.173088,13.993682,14.128237,3000
2000-06-20,14.890716,14.890716,14.801013,14.801013,3300
2000-06-21,14.890712,14.890712,14.531900,14.621603,22200
2000-06-22,14.621605,14.711308,14.442199,14.442199,17000
2000-06-23,14.442199,14.531902,14.442199,14.531902,2000
2000-06-26,14.801009,14.980415,14.801009,14.890712,27200
2000-06-27,14.935565,14.980417,14.890713,14.935565,30800
2000-06-28,15.070121,15.249527,15.070121,15.204676,1100
2000-06-29,14.980418,15.025270,14.980418,15.025270,1600
2000-06-30,15.070122,15.070122,15.070122,15.070122,10000
2000-07-03,15.563489,15.563489,15.563489,15.563489,3000
2000-07-05,15.428931,15.428931,15.249525,15.339228,10700
2000-07-06,15.384079,15.384079,15.339228,15.339228,2700
2000-07-07,15.608341,15.787747,15.563490,15.787747,24400
2000-07-10,15.608340,15.608340,15.608340,15.608340,3000
2000-07-11,15.339231,15.339231,15.070122,15.070122,1700
2000-07-12,15.249524,15.518633,15.249524,15.473782,21300
2000-07-13,15.787745,15.787745,15.563487,15.742893,13300
2000-07-14,15.339233,15.339233,15.249530,15.249530,1600
2000-07-17,15.428933,15.428933,15.428933,15.428933,44000
2000-07-18,14.980419,15.159825,14.980419,14.980419,1600
2000-07-19,14.531904,14.845865,14.531904,14.845865,37400
2000-07-20,14.531900,14.666455,14.531900,14.621603,11200
2000-07-21,14.531906,14.711312,14.531906,14.711312,11100
2000-07-24,13.814278,13.993684,13.769426,13.993684,17200
2000-07-25,13.903980,14.038534,13.903980,14.038534,8500
2000-07-26,13.993686,14.038538,13.948834,13.948834,10700
2000-07-27,13.455466,13.634872,13.365763,13.634872,4200
2000-07-28,12.917248,13.096654,12.872396,12.872396,18200
2000-07-31,13.276058,13.276058,13.096652,13.231207,7500
2000-08-01,13.545168,13.545168,13.455465,13.455465,17000
2000-08-02,13.634873,13.769428,13.545170,13.545170,36300
2000-08-03,13.455467,13.545170,13.455467,13.545170,2200
2000-08-04,13.455463,13.455463,13.096651,13.365760,28100
2000-08-07,12.827543,12.917246,12.648137,12.917246,11600
2000-08-08,12.558437,12.558437,12.468734,12.468734,2200
2000-08-09,13.276057,13.276057,13.231206,13.276057,4200
2000-08-10,13.634872,13.993684,13.634872,13.769426,3800
2000-08-11,13.545170,13.545170,13.455467,13.545170,1700
2000-08-14,13.590022,13.948834,13.590022,13.948834,9100
2000-08-15,13.859128,13.859128,13.769425,13.814277,23200
2000-08-16,14.083383,14.307641,14.083383,14.307641,3500
2000-08-17,14.217940,14.576753,14.173089,14.576753,7000
2000-08-18,14.038536,14.038536,13.634872,13.634872,5000
2000-08-21,13.993687,13.993687,13.634874,13.679726,1800
2000-08-22,13.993684,14.128238,13.993684,13.993684,1400
2000-08-23,13.724576,13.724576,13.500319,13.500319,300
2000-08-24,13.500317,13.724575,13.500317,13.724575,3000
2000-08-25,14.038536,14.038536,13.634872,13.634872,4200
2000-08-28,13.634870,14.173088,13.634870,14.128237,12900
2000-08-29,14.173090,14.262793,13.814277,14.217941,94700
2000-08-30,14.217941,14.217941,14.217941,14.217941,0
2000-08-31,13.410614,13.455465,13.365762,13.455465,1300
2000-09-01,13.545170,13.545170,13.500319,13.500319,11100
2000-09-05,13.096652,13.320910,13.096652,13.231207,16600
2000-09-06,13.096653,13.141504,12.827543,12.827543,1900
2000-09-07,12.648137,12.827543,12.558434,12.558434,20400
2000-09-08,12.289324,12.558434,12.289324,12.379027,45500
2000-09-11,12.334175,12.648136,12.334175,12.513581,2200
2000-09-12,12.558434,12.558434,12.379027,12.558434,5200
2000-09-13,12.468730,12.468730,12.379027,12.379027,400
2000-09-14,12.379027,12.423879,12.334176,12.379027,16600
2000-09-15,12.199624,12.199624,11.885663,12.109921,1200
2000-09-18,10.629817,10.854075,10.629817,10.764372,6700
2000-09-19,10.674670,10.943779,10.629819,10.854076,15100
2000-09-20,11.302592,11.481998,11.123186,11.392295,29500
2000-09-21,11.123185,11.257739,11.033482,11.033482,6800
2000-09-22,10.360708,10.584966,10.226153,10.584966,37500
2000-09-25,10.988631,11.033482,10.943779,10.943779,5800
2000-09-26,11.123184,11.123184,11.123184,11.123184,600
2000-09-27,11.302590,11.481996,11.302590,11.347442,13600
2000-09-28,11.437147,11.840811,11.437147,11.706256,15400
2000-09-29,11.706253,11.795956,11.526847,11.751104,2800
2000-10-02,11.481995,11.481995,10.988628,10.988628,7800
2000-10-03,10.943777,11.123183,10.943777,10.988628,1100
2000-10-04,11.347444,11.347444,11.302592,11.302592,1500
2000-10-05,11.347442,11.392293,11.123184,11.347442,10200
2000-10-06,11.661404,11.661404,11.392295,11.392295,900
2000-10-09,10.809223,10.809223,10.764372,10.764372,1600
2000-10-10,11.078331,11.078331,10.988628,10.988628,500
2000-10-11,10.405560,10.450412,10.405560,10.450412,5000
2000-10-12,10.046749,10.046749,9.687937,9.867343,2200
2000-10-13,9.822491,10.046749,9.822491,10.046749,71900
2000-10-16,10.091601,10.091601,10.046749,10.046749,700
2000-10-17,9.687935,9.687935,9.553380,9.553380,28800
2000-10-18,9.553380,9.643083,9.508529,9.508529,15800
2000-10-19,9.643084,9.822490,9.643084,9.822490,13300
2000-10-20,10.405560,10.495263,10.405560,10.450412,5000
2000-10-23,10.360707,10.405559,10.046746,10.360707,6900
2000-10-24,10.226153,10.360707,10.091598,10.360707,20700
2000-10-25,10.315856,10.315856,9.957044,9.957044,35700
2000-10-26,9.867341,10.046747,9.822490,9.822490,2800
2000-10-27,9.732785,9.777637,9.508528,9.687934,5000
2000-10-30,9.822489,9.822489,9.463676,9.463676,20800
2000-10-31,9.777638,9.867341,9.732787,9.822490,4000
2000-11-01,10.315858,10.540116,10.271007,10.271007,32800
2000-11-02,10.674668,10.764371,10.450410,10.719520,44200
2000-11-03,10.988632,10.988632,10.898929,10.898929,11400
2000-11-06,10.943778,11.033481,10.764372,10.764372,33300
2000-11-07,10.584966,10.584966,10.540114,10.584966,1100
2000-11-08,10.405558,10.719518,10.405558,10.405558,5300
2000-11-09,10.540113,10.674667,10.540113,10.674667,5200
2000-11-10,10.764372,10.764372,10.764372,10.764372,8000
2000-11-13,10.405561,10.495264,10.315858,10.315858,11400
2000-11-14,10.584964,10.674667,10.584964,10.674667,3000
2000-11-15,10.674667,10.674667,10.674667,10.674667,200
2000-11-16,10.584966,10.584966,10.584966,10.584966,6000
2000-11-17,10.405560,10.584966,10.405560,10.584966,3200
2000-11-20,10.226153,10.226153,10.046747,10.136450,4800
2000-11-21,9.687934,9.687934,9.687934,9.687934,15200
2000-11-22,9.732785,9.732785,9.732785,9.732785,100
2000-11-24,9.687934,9.687934,9.687934,9.687934,2000
2000-11-27,10.046747,10.136450,10.046747,10.136450,15100
2000-11-28,9.777638,9.777638,9.598232,9.777638,1700
2000-11-29,9.329122,9.329122,9.149715,9.149715,35900
2000-11-30,8.880608,9.060015,8.880608,9.060015,35500
2000-12-01,9.060015,9.194570,9.060015,9.194570,16400
2000-12-04,8.880605,8.925457,8.880605,8.925457,5700
2000-12-05,9.284271,9.508529,9.239419,9.508529,77800
2000-12-06,9.418826,9.418826,9.239420,9.239420,55500
2000-12-07,9.508529,9.553380,9.508529,9.508529,33200
2000-12-08,9.777640,9.867343,9.777640,9.867343,58000
2000-12-11,10.046747,10.226153,10.046747,10.136450,11100
2000-12-12,10.001895,10.001895,9.687934,9.687934,11700
2000-12-13,10.091598,10.136449,9.957043,10.091598,72600
2000-12-14,9.822491,9.867343,9.732788,9.867343,27500
2000-12-15,9.463676,9.687934,9.463676,9.463676,10200
2000-12-18,9.732788,9.867343,9.643085,9.867343,18900
2000-12-19,9.687935,9.687935,9.508529,9.508529,17800
2000-12-20,9.239420,9.239420,9.239420,9.239420,3200
2000-12-21,9.104864,9.149715,9.015161,9.149715,3300
2000-12-22,8.925457,8.925457,8.746051,8.880606,47900
2000-12-26,8.790906,8.790906,8.746054,8.790906,40300
2000-12-27,8.611497,8.790903,8.611497,8.611497,1500
2000-12-28,8.835756,8.835756,8.656350,8.835756,14000
2000-12-29,8.746054,8.790906,8.701203,8.790906,5100
2001-01-02,9.060012,9.060012,8.880605,8.925457,27300
2001-01-03,9.104865,9.912193,9.060014,9.912193,14900
2001-01-04,9.777641,9.822493,9.643086,9.643086,69200
2001-01-05,10.136452,10.181304,10.001898,10.001898,37500
2001-01-08,10.136448,10.405558,10.136448,10.405558,15600
2001-01-09,10.405559,10.495262,10.405559,10.495262,8000
2001-01-10,9.957046,9.957046,9.687937,9.867343,68600
2001-01-11,9.777640,10.046749,9.508530,10.046749,282700
2001-01-12,10.360706,10.674667,10.226151,10.405558,42500
2001-01-16,10.315857,10.315857,10.136451,10.181302,2500
2001-01-17,10.495263,10.719520,10.495263,10.584966,25600
2001-01-18,10.629817,10.764372,10.540114,10.764372,94300
2001-01-19,11.033482,11.033482,10.764373,10.943779,82900
2001-01-22,10.943777,11.078331,10.854074,10.988628,10100
2001-01-23,11.437146,11.571701,11.123186,11.392295,40800
2001-01-24,11.481998,11.481998,11.392295,11.437146,10900
2001-01-25,11.437145,11.437145,11.123184,11.123184,3600
2001-01-26,10.360708,10.360708,10.136451,10.181302,61900
2001-01-29,10.211802,10.513205,10.211802,10.513205,31800
2001-01-30,10.513207,10.513207,10.204628,10.340977,84100
2001-01-31,11.051421,11.087302,10.836134,10.836134,27000
2001-02-01,10.943779,10.965308,10.735668,10.735668,51600
2001-02-02,10.836134,10.836134,10.635199,10.785900,34200
2001-02-05,10.283561,10.283561,10.089803,10.154388,27800
2001-02-06,10.326623,10.326623,10.190274,10.326623,1000
2001-02-07,10.190270,10.190270,9.867339,10.154388,29800
2001-02-08,10.405562,10.441443,10.405562,10.427091,800
2001-02-09,10.506028,10.506028,10.333798,10.506028,23500
2001-02-12,10.477324,10.577791,10.441442,10.541909,33000
2001-02-13,10.671081,10.671081,10.455793,10.455793,3500
2001-02-14,10.800255,10.821783,10.706964,10.793078,45100
2001-02-15,10.886368,10.958131,10.872015,10.958131,8300
2001-02-16,10.857665,10.886370,10.513205,10.513205,17800
2001-02-20,11.087302,11.108831,10.836134,10.836134,26600
2001-02-21,10.750018,10.750018,10.563437,10.563437,4900
2001-02-22,10.412737,10.412737,10.247683,10.262035,1500
2001-02-23,10.297917,10.297917,10.226154,10.226154,21500
2001-02-26,10.470146,10.477323,10.434265,10.462970,11200
2001-02-27,10.204625,10.204625,10.190272,10.190272,300
2001-02-28,10.132864,10.262037,9.795580,9.881696,175300
2001-03-01,9.974986,10.046749,9.695113,10.046749,37400
2001-03-02,9.716639,9.824282,9.616171,9.702287,10500
2001-03-05,9.974986,9.974986,9.852990,9.867343,14800
2001-03-06,9.917576,10.068278,9.917576,10.046749,21000
2001-03-07,10.010865,10.010865,9.939103,9.939103,2100
2001-03-08,10.025218,10.025218,9.982160,10.010865,5600
2001-03-09,9.759695,9.867338,9.515702,9.522879,56300
2001-03-12,9.329120,9.329120,8.970308,9.006189,54000
2001-03-13,9.006191,9.221478,8.955957,9.221478,29600
2001-03-14,9.271713,9.271713,9.113835,9.113835,13800
2001-03-15,9.436766,9.436766,9.149716,9.321946,7200
2001-03-16,9.321946,9.321946,9.321946,9.321946,0
2001-03-19,9.049249,9.113835,8.898548,9.113835,46900
2001-03-20,9.006191,9.006191,8.611497,8.611497,29800
2001-03-21,8.898548,8.898548,8.697613,8.697613,1900
2001-03-22,8.755022,8.783727,8.518206,8.783727,7000
2001-03-23,9.278889,9.278889,9.278889,9.278889,100
2001-03-26,9.257359,9.357827,9.257359,9.307593,8800
2001-03-27,9.042074,9.257361,9.034897,9.135365,11200
2001-03-28,8.934430,8.934430,8.755024,8.755024,3700
2001-03-29,8.812431,8.898546,8.812431,8.819608,1700
2001-03-30,8.790903,8.790903,8.582792,8.783727,15600
2001-04-02,8.611496,8.611496,8.252684,8.503853,1900
2001-04-03,8.130690,8.145043,7.987165,8.116338,3900
2001-04-04,8.001519,8.015872,7.901052,7.901052,10700
2001-04-05,8.037397,8.324448,8.008692,8.324448,2800
2001-04-06,8.324448,8.360328,8.288566,8.324448,14200
2001-04-09,8.145044,8.188101,8.116339,8.188101,10600
2001-04-10,8.188097,8.424913,8.188097,8.288565,51100
2001-04-11,8.338800,8.604321,8.338800,8.604321,36200
2001-04-12,8.697612,8.855490,8.697612,8.855490,3600
2001-04-16,8.503853,8.503853,8.503853,8.503853,1000
2001-04-17,8.740670,8.920076,8.719141,8.920076,49400
2001-04-18,9.314769,10.046747,9.314769,9.910398,51000
2001-04-19,9.910398,10.046747,9.831459,9.903222,21000
2001-04-20,9.637698,9.637698,9.522879,9.522879,1200
2001-04-23,9.565939,9.573115,9.400886,9.400886,3500
2001-04-24,9.508528,9.759697,9.508528,9.687934,3200
2001-04-25,9.759697,9.946279,9.759697,9.939103,20600
2001-04-26,9.831458,9.831458,9.759696,9.759696,2000
2001-04-27,9.594644,9.601821,9.443943,9.443943,11700
2001-04-30,9.974983,10.096980,9.974983,10.053923,28400
2001-05-01,10.046749,10.369680,10.046749,10.240508,66800
2001-05-02,10.240506,10.254858,10.240506,10.254858,400
2001-05-03,10.340973,10.441441,10.333797,10.333797,38700
2001-05-04,10.140037,10.541906,10.140037,10.405558,2800
2001-05-07,10.635199,10.635199,10.441441,10.441441,1200
2001-05-08,10.218978,10.419913,10.218978,10.419913,2800
2001-05-09,10.226154,10.226154,10.118510,10.118510,500
2001-05-10,10.218977,10.226154,10.118510,10.118510,22400
2001-05-11,10.290739,10.290739,10.226153,10.247682,5300
2001-05-14,10.111334,10.262035,10.096981,10.118510,5000
2001-05-15,9.953457,9.953457,9.953457,9.953457,100
2001-05-16,9.903221,10.218976,9.903221,10.218976,500
2001-05-17,10.491673,10.527555,10.491673,10.520378,2400
2001-05-18,10.434264,10.570612,10.434264,10.498850,53200
2001-05-21,10.692609,11.022717,10.692609,11.022717,326900
2001-05-22,10.872015,10.900720,10.764372,10.764372,30000
2001-05-23,11.029894,11.029894,10.764373,10.936603,4400
2001-05-24,10.872016,10.979660,10.872016,10.972484,13900
2001-05-25,10.950955,10.950955,10.800254,10.800254,24900
2001-05-29,11.001188,11.080126,10.907897,10.958131,19700
2001-05-30,10.943777,11.044245,10.656728,10.656728,34200
2001-05-31,10.821781,10.821781,10.785900,10.814605,4100
2001-06-01,10.764373,10.764373,10.635201,10.635201,14200
2001-06-04,10.750017,10.750017,10.549082,10.699783,6200
2001-06-05,10.254858,10.541908,10.254858,10.434264,14000
2001-06-06,10.434263,10.800251,10.391205,10.405558,38600
2001-06-07,10.448616,10.606493,10.448616,10.606493,2900
2001-06-08,10.943777,10.943777,10.706961,10.814605,6900
2001-06-11,10.656728,10.671080,10.613670,10.613670,4400
2001-06-12,10.448614,10.448614,10.448614,10.448614,400
2001-06-13,10.663904,10.728491,10.663904,10.728491,300
2001-06-14,10.620846,10.620846,10.369678,10.369678,1500
2001-06-15,10.549086,10.656730,10.549086,10.635201,4400
2001-06-18,10.412737,10.527557,10.412737,10.484499,1600
2001-06-19,10.419910,10.534730,10.154388,10.154388,11700
2001-06-20,10.269212,10.269212,10.197449,10.226154,7400
2001-06-21,10.262035,10.333797,10.262035,10.262035,2500
2001-06-22,10.326621,10.326621,10.190272,10.190272,10100
2001-06-25,10.032395,10.190272,10.032395,10.190272,300
2001-06-26,10.104157,10.104157,10.010865,10.010865,67900
2001-06-27,9.903222,9.917574,9.903222,9.910398,3000
2001-06-28,10.010867,10.513205,10.010867,10.513205,24400
2001-06-29,10.262034,10.333796,10.096980,10.254858,6500
2001-07-02,10.305094,10.398385,10.233332,10.233332,6500
2001-07-03,10.262034,10.262034,10.132861,10.132861,4600
2001-07-05,10.175919,10.175919,10.132861,10.132861,1100
2001-07-06,9.874519,9.874519,9.867343,9.867343,2900
2001-07-09,9.831460,9.831460,9.587467,9.587467,3300
2001-07-10,9.616172,9.616172,9.508529,9.508529,10600
2001-07-11,9.365004,9.465471,9.336299,9.429590,3900
2001-07-12,9.508529,9.709464,9.508529,9.616173,7800
2001-07-13,9.400886,9.400886,9.329123,9.400886,2400
2001-07-16,9.293241,9.400885,9.228655,9.264536,11800
2001-07-17,9.199950,9.329123,9.199950,9.329123,11300
2001-07-18,8.977487,9.128188,8.977487,9.128188,2000
2001-07-19,9.329125,9.350653,9.286067,9.286067,7100
2001-07-20,9.243008,9.243008,9.149716,9.228655,6300
2001-07-23,9.113834,9.142539,8.999014,8.999014,2400
2001-07-24,9.113836,9.113836,8.826786,8.826786,1200
2001-07-25,8.755021,9.171244,8.755021,9.171244,1000
2001-07-26,9.307593,9.307593,9.307593,9.307593,400
2001-07-27,9.293241,9.458295,9.293241,9.458295,900
2001-07-30,9.329124,9.329124,9.250186,9.250186,2900
2001-07-31,9.400886,9.415238,9.372181,9.400886,56400
2001-08-01,9.788403,9.924751,9.759698,9.924751,16300
2001-08-02,10.046748,10.068276,9.946280,10.068276,732700
2001-08-03,10.147213,10.147213,10.111332,10.111332,1300
2001-08-06,9.946279,9.960632,9.809930,9.838635,9500
2001-08-07,9.896045,9.960632,9.838635,9.917574,31700
2001-08-08,9.974984,10.032394,9.831459,9.982161,40300
2001-08-09,9.759697,9.759697,9.558761,9.673581,3000
2001-08-10,9.616172,9.652053,9.616172,9.652053,5200
2001-08-13,9.723817,9.967810,9.723817,9.953457,14400
2001-08-14,10.046747,10.175919,9.974984,10.025218,7400
2001-08-15,10.111334,10.111334,10.061100,10.061100,1100
2001-08-16,10.053925,10.211802,10.053925,10.211802,500
2001-08-17,10.140037,10.140037,9.931926,9.931926,1200
2001-08-20,10.003688,10.003688,9.860163,10.003688,18500
2001-08-21,10.032393,10.032393,9.766872,9.766872,36700
2001-08-22,9.852987,10.075451,9.852987,10.003688,16300
2001-08-23,9.831459,10.046747,9.831459,9.903222,17300
2001-08-24,10.014574,10.043497,10.014574,10.043497,1100
2001-08-27,10.339960,10.339960,10.094114,10.094114,362100
2001-08-28,10.094114,10.151960,9.949499,10.144729,3300
2001-08-29,9.819345,9.819345,9.819345,9.819345,1000
2001-08-30,9.812115,9.812115,9.790423,9.790423,3300
2001-08-31,9.689192,9.689192,9.544578,9.544578,3500
2001-09-04,9.978424,10.036270,9.689194,9.689194,69700
2001-09-05,9.718115,9.718115,9.530117,9.710885,2900
2001-09-06,9.616885,9.653039,9.544578,9.544578,22100
2001-09-07,9.616884,9.790422,9.544576,9.551807,4400
2001-09-10,9.797652,9.812113,9.660267,9.783190,107300
2001-09-17,8.134583,8.431044,7.989969,8.170737,60300
2001-09-18,8.488891,8.488891,8.337046,8.337046,7200
2001-09-19,8.496121,8.496121,8.098430,8.358737,12600
2001-09-20,8.149045,8.170737,7.816431,7.816431,11500
2001-09-21,7.556123,7.917660,7.462124,7.917660,13300
2001-09-24,8.026122,8.315352,8.026122,8.308121,2900
2001-09-25,7.953814,8.055045,7.895968,7.917660,10300
2001-09-26,7.953816,7.953816,7.888739,7.924893,3900
2001-09-27,7.932122,8.004429,7.773046,7.845354,24600
2001-09-28,8.134585,8.163508,7.953817,7.961048,14400
2001-10-01,7.975508,8.026123,7.975508,8.004431,4200
2001-10-02,8.040583,8.127352,7.961046,8.047814,6100
2001-10-03,8.120120,8.315351,8.120120,8.315351,17300
2001-10-04,8.315351,8.496120,8.264736,8.481658,15600
2001-10-05,8.431044,8.431044,8.214122,8.380429,9200
2001-10-08,8.300892,8.438276,8.271969,8.271969,9900
2001-10-09,8.459965,8.525041,8.394888,8.394888,43400
2001-10-10,8.416583,8.532275,8.112892,8.532275,9600
2001-10-11,8.937195,8.937195,8.893811,8.893811,1500
2001-10-12,8.857657,8.857657,8.857657,8.857657,400
2001-10-15,8.879347,8.879347,8.749194,8.835963,3200
2001-10-16,8.958888,8.980580,8.958888,8.980580,1100
2001-10-17,8.966118,9.052888,8.901042,8.901042,2700
2001-10-18,8.937195,8.987811,8.937195,8.987811,1000
2001-10-19,8.893811,9.038426,8.872119,8.893811,10000
2001-10-22,8.893811,8.893811,8.893811,8.893811,0
2001-10-23,9.038426,9.038426,8.973350,8.973350,1500
2001-10-24,9.327654,9.465038,9.327654,9.465038,12700
2001-10-25,9.255349,9.479502,9.233657,9.479502,8600
2001-10-26,9.399963,9.566270,9.399963,9.566270,38000
2001-10-29,9.638577,9.638577,9.472270,9.472270,10900
2001-10-30,8.893811,9.219194,8.893811,9.204732,7700
2001-10-31,9.291506,9.457813,9.269814,9.269814,1400
2001-11-01,9.450576,9.783190,9.428884,9.783190,20000
2001-11-02,9.689191,9.754268,9.689191,9.754268,3300
2001-11-05,9.906114,9.906114,9.768730,9.898883,6200
2001-11-06,9.877193,9.906116,9.877193,9.906116,15200
2001-11-07,9.906118,9.985657,9.877195,9.978426,3000
2001-11-08,10.050729,10.245959,10.050729,10.159190,53700
2001-11-09,10.245960,10.368882,10.231498,10.368882,4800
2001-11-12,10.701496,10.701496,10.412266,10.578573,18600
2001-11-13,10.665341,10.961801,10.665341,10.867802,54100
2001-11-14,10.961802,11.171493,10.961802,11.149801,476300
2001-11-15,11.070265,11.120880,10.990726,11.091957,417400
2001-11-16,11.091957,11.091957,11.034111,11.041342,53100
2001-11-19,11.207647,11.576415,11.207647,11.453492,165600
2001-11-20,11.533031,11.533031,11.034110,11.120879,8300
2001-11-21,11.243801,11.243801,11.070263,11.178724,49900
2001-11-23,11.569184,11.995798,11.569184,11.836722,11000
2001-11-26,12.798412,12.798412,12.444104,12.487490,42400
2001-11-27,12.523643,12.538105,12.183798,12.422413,58400
2001-11-28,11.641493,11.670416,11.395648,11.395648,22400
2001-11-29,11.395649,11.540263,11.395649,11.496879,4800
2001-11-30,11.713800,11.930722,11.713800,11.757184,36000
2001-12-03,12.003028,12.031951,11.829491,11.894567,16600
2001-12-04,11.966875,12.104260,11.966875,12.075337,391400
2001-12-05,12.870720,13.261181,12.870720,13.253950,82300
2001-12-06,13.123797,13.123797,12.841798,12.899644,107500
2001-12-07,13.304562,13.362408,13.167177,13.275640,41100
2001-12-10,12.473029,12.567028,12.364568,12.567028,21700
2001-12-11,12.436874,12.617643,12.436874,12.595950,11400
2001-12-12,12.906870,12.914101,12.762255,12.820101,19400
2001-12-13,12.798414,12.798414,12.661029,12.776721,19100
2001-12-14,12.111491,12.465797,12.111491,12.299490,40100
2001-12-17,11.937951,12.133181,11.937951,12.097027,75300
2001-12-18,11.974106,12.183798,11.974106,12.183798,22000
2001-12-19,12.039182,12.039182,11.836722,11.865644,88200
2001-12-20,12.219950,12.241642,12.082565,12.082565,466800
2001-12-21,11.909031,11.909031,11.742724,11.901800,26600
2001-12-24,11.721029,11.815029,11.721029,11.807798,6200
2001-12-26,11.786105,11.959644,11.786105,11.952414,2900
2001-12-27,12.003029,12.248874,12.003029,12.212720,9400
2001-12-28,12.473026,12.574256,12.473026,12.552565,30100
2001-12-31,12.697182,12.921336,12.653798,12.805643,15500
2002-01-02,13.499794,13.499794,13.304564,13.326257,131500
2002-01-03,13.629946,13.629946,13.376870,13.514255,107400
2002-01-04,14.244559,14.273481,14.034867,14.150558,126400
2002-01-07,13.883020,14.172250,13.883020,13.969789,88200
2002-01-08,13.384100,13.789021,13.384100,13.731175,192200
2002-01-09,13.991485,14.201176,13.955331,14.020408,44500
2002-01-10,13.629947,13.658869,13.253948,13.478101,58000
2002-01-11,13.333486,13.449178,13.319024,13.369639,84700
2002-01-14,13.738409,13.875793,13.709485,13.760101,107600
2002-01-15,13.521486,13.521486,13.275641,13.413024,176500
2002-01-16,13.304566,13.304566,13.015337,13.015337,65600
2002-01-17,13.123797,13.333489,13.123797,13.253950,34300
2002-01-18,13.196103,13.196103,13.044258,13.087642,107100
2002-01-22,13.340717,13.369639,13.196102,13.225025,31100
2002-01-23,13.702254,13.702254,13.521485,13.550407,60500
2002-01-24,14.034865,14.042096,13.919173,13.984250,39100
2002-01-25,14.085484,14.381944,14.063793,14.309638,67900
2002-01-28,14.569941,14.635017,14.497633,14.548249,37800
2002-01-29,14.215636,14.266250,14.034867,14.049329,87800
2002-01-30,13.940866,14.042096,13.564867,13.984250,125300
2002-01-31,13.919177,13.919177,13.723946,13.875793,71200
2002-02-01,13.593790,13.781790,13.593790,13.716713,15600
2002-02-04,13.543176,13.572100,13.268409,13.275640,610100
2002-02-05,13.557641,13.658871,13.557641,13.615487,42700
2002-02-06,13.666097,13.702251,13.528712,13.666097,118500
2002-02-07,13.666100,13.666100,13.420255,13.449179,54000
2002-02-08,13.810715,13.810715,13.615485,13.687793,15000
2002-02-11,13.919176,13.948099,13.738407,13.868561,16000
2002-02-12,14.013176,14.013176,13.803486,13.817947,7600
2002-02-13,13.991483,13.991483,13.817946,13.955329,14700
2002-02-14,15.039939,15.039939,14.772403,14.859171,40400
2002-02-15,14.635017,14.635017,14.483173,14.497633,169200
2002-02-19,14.425329,14.533790,14.360252,14.403636,67400
2002-02-20,14.425328,14.707326,14.338558,14.569942,125700
2002-02-21,14.497634,14.678403,14.497634,14.533789,23400
2002-02-22,14.678401,14.931478,14.606095,14.931478,115100
2002-02-25,14.924247,15.141171,14.830248,15.141171,33500
2002-02-26,15.184553,15.213477,14.931477,15.177322,120500
2002-02-27,15.618395,15.654548,15.336395,15.336395,31700
2002-02-28,15.437634,15.466556,15.321942,15.387019,27800
2002-03-01,15.220710,15.763016,15.191788,15.763016,145500
2002-03-04,15.763017,15.907632,15.589479,15.857018,120700
2002-03-05,16.052248,16.073939,15.719633,15.719633,104500
2002-03-06,15.719625,15.979932,15.719625,15.893163,62900
2002-03-07,15.437628,15.719626,15.437628,15.575012,48400
2002-03-08,15.611172,15.618403,15.553327,15.553327,63100
2002-03-11,15.546091,15.640090,15.452092,15.582244,58700
2002-03-12,15.878705,16.088397,15.813629,15.835320,55900
2002-03-13,15.979938,15.994399,15.842553,15.842553,96800
2002-03-14,16.008859,16.117321,15.943782,16.095629,563100
2002-03-15,16.124549,16.233012,15.987166,16.211319,153200
2002-03-18,16.399320,16.413782,16.182397,16.225782,99600
2002-03-19,16.609016,16.768094,16.609016,16.739170,93400
2002-03-20,16.739165,16.768089,16.124552,16.124552,181200
2002-03-21,16.522239,16.522239,16.124548,16.196856,132200
2002-03-22,16.601782,16.659630,16.421014,16.471630,99300
2002-03-25,16.449931,16.478855,16.088394,16.088394,399900
2002-03-26,16.413777,16.413777,16.204085,16.334238,53100
2002-03-27,16.666856,16.883779,16.630703,16.768087,62600
2002-03-28,16.630704,16.775320,16.558397,16.594551,192100
2002-04-01,16.486083,16.486083,16.088393,16.312546,166100
2002-04-02,16.739162,16.883777,16.645163,16.645163,131400
2002-04-03,17.281476,17.281476,16.703017,16.739170,65500
2002-04-04,16.710243,16.970549,16.710243,16.840397,62000
2002-04-05,17.173007,17.173007,16.919931,17.013931,80000
2002-04-08,16.413783,16.623474,16.233015,16.493320,172600
2002-04-09,16.269169,16.392091,15.625633,15.849786,143500
2002-04-10,15.683481,15.683481,14.895330,15.538866,321100
2002-04-11,15.415941,15.531633,15.256866,15.256866,265400
2002-04-12,15.603939,15.799170,15.603939,15.726862,72800
2002-04-15,16.449932,16.486086,16.269164,16.363163,67800
2002-04-16,16.522241,16.956085,16.522241,16.956085,162500
2002-04-17,17.643006,17.643006,17.353777,17.498392,96100
2002-04-18,17.708083,17.787622,17.180239,17.353777,108300
2002-04-19,17.780395,17.780395,17.209165,17.288704,176700
2002-04-22,17.606851,17.606851,17.071776,17.107929,88000
2002-04-23,17.606854,17.635776,17.433317,17.570700,58800
2002-04-24,17.708083,17.708083,17.389930,17.498392,357900
2002-04-25,16.413782,16.948856,16.413782,16.883780,272200
2002-04-26,16.637932,16.840393,16.449933,16.630701,166700
2002-04-29,15.690706,15.871474,15.582243,15.748551,243800
2002-04-30,15.907635,16.298096,15.907635,16.298096,160900
2002-05-01,16.341472,16.341472,15.907627,16.233011,184300
2002-05-02,16.348706,16.558397,16.348706,16.442705,52200
2002-05-03,16.276394,16.377624,16.175164,16.269163,55800
2002-05-06,15.538862,15.618400,15.039940,15.213479,98300
2002-05-07,15.365323,15.828090,15.365323,15.690707,159400
2002-05-08,16.377627,16.876549,16.377627,16.876549,276400
2002-05-09,16.341473,16.695779,16.341473,16.522242,296500
2002-05-10,16.052244,16.153474,15.690707,15.705168,116600
2002-05-13,16.124553,16.327014,15.987170,16.016092,145100
2002-05-14,16.623473,16.623473,16.312551,16.587320,54800
2002-05-15,16.630704,16.992241,16.616242,16.862087,87700
2002-05-16,16.775321,16.985012,16.775321,16.847628,85900
2002-05-17,17.136857,17.621317,17.136857,17.556240,99800
2002-05-20,17.614080,17.715310,17.122389,17.173004,53100
2002-05-21,16.818704,16.992242,16.558397,16.565628,53000
2002-05-22,17.245317,17.245317,17.136856,17.201933,47600
2002-05-23,17.136857,17.281471,16.992242,17.144087,92500
2002-05-24,17.353777,17.455007,17.209162,17.274239,42000
2002-05-28,17.353779,17.498394,17.281471,17.411625,127700
2002-05-29,17.281467,17.281467,17.107929,17.107929,45800
2002-05-30,16.992238,17.021162,16.775317,16.891008,28900
2002-05-31,16.666859,16.724705,16.572860,16.652399,133900
2002-06-03,16.775314,16.804236,16.327007,16.334238,62000
2002-06-04,16.963315,16.963315,16.789777,16.941624,137900
2002-06-05,16.898244,17.151319,16.898244,17.064550,93500
2002-06-06,17.028391,17.050084,16.637932,16.775316,34800
2002-06-07,16.768085,16.768085,16.478856,16.580086,155800
2002-06-10,16.919933,16.992241,16.854857,16.985010,27900
2002-06-11,17.173006,17.447773,16.927160,16.927160,151400
2002-06-12,17.173008,17.238085,16.999470,17.238085,92300
2002-06-13,17.100704,17.230858,17.035627,17.100704,23900
2002-06-14,16.847623,16.847623,16.565625,16.681316,40900
2002-06-17,16.724702,17.050086,16.724702,17.021164,125700
2002-06-18,16.977776,17.165775,16.782546,17.165775,37400
2002-06-19,16.269165,16.269165,15.777474,16.001627,292300
2002-06-20,16.016092,16.327014,16.016092,16.160707,150700
2002-06-21,16.269164,16.341471,15.885934,15.951011,48600
2002-06-24,16.052244,16.370396,16.052244,16.370396,154200
2002-06-25,16.052244,16.117321,15.690707,15.799168,41700
2002-06-26,14.786863,15.177322,14.714555,15.177322,171200
2002-06-27,15.293015,15.401476,15.018248,15.401476,240400
2002-06-28,15.791937,15.907628,15.741322,15.828090,104600
2002-07-01,15.690706,15.690706,15.481014,15.488245,40200
2002-07-02,15.835322,15.835322,15.206248,15.213479,260500
2002-07-03,15.683477,15.791938,15.343631,15.596707,71600
2002-07-05,16.500550,16.948856,16.500550,16.876549,183200
2002-07-08,16.594551,16.847626,16.428243,16.717474,122700
2002-07-09,17.173009,17.274239,17.035625,17.071779,122400
2002-07-10,17.064548,17.151316,16.710242,16.883780,107900
2002-07-11,16.413785,16.666859,16.204092,16.652399,118000
2002-07-12,17.064548,17.129625,16.854856,16.862087,59100
2002-07-15,16.847623,17.194699,16.392087,16.775316,91900
2002-07-16,16.377624,16.768085,16.269163,16.269163,160400
2002-07-17,16.449934,16.768087,16.341473,16.522242,43300
2002-07-18,16.471629,16.623474,16.276398,16.442705,11800
2002-07-19,15.943780,16.124548,15.799166,15.806396,92300
2002-07-22,15.676246,15.676246,15.047171,15.184555,134600
2002-07-23,16.037782,16.037782,15.582245,15.690707,106900
2002-07-24,15.271322,16.225779,15.184552,16.196856,179000
2002-07-25,15.379785,15.763013,15.141171,15.141171,458300
2002-07-26,14.823018,14.823018,14.259019,14.569942,100900
2002-07-29,14.714558,15.227940,14.461481,15.227940,145900
2002-07-30,15.184555,15.206247,14.895325,15.141171,172200
2002-07-31,14.931478,15.003786,14.533788,14.642249,264700
2002-08-01,14.880865,14.880865,14.396405,14.432558,59300
2002-08-02,14.461482,14.649481,14.099945,14.208405,44200
2002-08-05,13.738408,14.099946,13.535947,13.564871,169700
2002-08-06,13.774560,14.230097,13.774560,14.013174,68700
2002-08-07,14.027637,14.172253,13.817947,14.172253,71400
2002-08-08,14.099942,14.562709,14.099942,14.526556,43000
2002-08-09,14.316865,14.425327,14.143327,14.251788,48700
2002-08-12,14.389174,14.389174,14.136098,14.186714,63900
2002-08-13,14.497632,14.671171,14.461478,14.519324,49900
2002-08-14,15.003788,15.249633,14.830250,15.249633,27100
2002-08-15,15.329165,15.466548,15.112242,15.119473,27400
2002-08-16,15.112250,15.220711,15.011021,15.018251,83800
2002-08-19,15.112248,15.220709,14.974864,15.220709,18500
2002-08-20,15.264096,15.430403,15.264096,15.300249,17500
2002-08-21,15.763018,15.943786,15.697941,15.900402,24600
2002-08-22,15.799168,15.799168,15.553323,15.640091,37200
2002-08-23,15.546093,15.546093,15.227940,15.227940,17400
2002-08-26,15.206251,15.343634,15.119481,15.343634,8500
2002-08-27,15.329168,15.329168,14.974860,14.974860,5800
2002-08-28,14.974864,15.032712,14.627789,14.714559,22700
2002-08-29,14.750715,14.895330,14.750715,14.895330,45200
2002-08-30,14.967634,15.314709,14.967634,15.213479,12300
2002-09-03,15.076095,15.213479,14.909788,15.068864,79600
2002-09-04,15.039940,15.155631,14.982094,15.047171,29100
2002-09-05,15.090555,15.133939,14.837479,14.931478,25200
2002-09-06,14.895324,14.967632,14.801324,14.931478,171200
2002-09-09,14.678402,14.714557,14.497634,14.642249,23800
2002-09-10,15.011019,15.032712,14.945943,14.982096,38700
2002-09-11,15.365324,15.423170,15.119479,15.162863,17400
2002-09-12,15.387010,15.387010,15.112242,15.119473,96400
2002-09-13,15.133942,15.133942,14.823020,14.960404,25000
2002-09-16,14.606094,14.606094,14.215633,14.454247,17900
2002-09-17,14.714556,14.757940,14.541018,14.541018,75500
2002-09-18,14.606096,14.678403,14.468712,14.606096,17000
2002-09-19,14.461480,14.642249,14.461480,14.461480,52600
2002-09-20,14.439789,14.606097,14.302406,14.432558,63500
2002-09-23,14.027638,14.056561,13.485332,13.528716,33800
2002-09-24,13.499793,13.622716,13.319025,13.391333,33300
2002-09-25,13.203332,13.796253,13.203332,13.709483,93400
2002-09-26,13.702253,13.738406,13.557638,13.702253,77000
2002-09-27,13.376872,13.420256,13.268411,13.268411,46700
2002-09-30,12.943024,12.943024,12.603180,12.661026,57500
2002-10-01,13.159950,13.340719,13.000873,13.326257,35600
2002-10-02,13.159951,13.304565,12.986412,12.986412,58000
2002-10-03,12.885178,13.196100,12.834563,12.834563,27000
2002-10-04,13.123797,13.261182,12.711645,12.769491,39200
2002-10-07,12.653793,12.653793,12.371795,12.386255,18600
2002-10-08,12.559796,12.755025,12.473027,12.646564,21000
2002-10-09,12.191028,12.277796,11.952414,11.952414,44000
2002-10-10,11.569187,11.959648,11.287188,11.872878,140800
2002-10-11,11.858413,12.169335,11.793336,12.154873,43200
2002-10-14,12.111492,12.241646,12.082569,12.111492,55800
2002-10-15,12.726103,13.080409,12.559796,13.073178,421500
2002-10-16,12.812873,12.863489,12.581489,12.653797,200600
2002-10-17,13.340717,13.369639,13.123794,13.311793,61900
2002-10-18,13.752871,13.774562,13.586564,13.601025,90200
2002-10-21,13.478103,13.615487,13.304565,13.521488,56800
2002-10-22,12.870720,13.044259,12.841797,12.885181,11500
2002-10-23,13.347947,13.478100,13.167178,13.369639,130500
2002-10-24,13.543177,13.543177,13.232255,13.232255,317900
2002-10-25,13.441944,13.507021,13.145484,13.427483,21000
2002-10-28,14.230097,14.230097,13.738406,13.745637,24100
2002-10-29,14.063790,14.063790,13.557637,13.781790,65700
2002-10-30,13.405792,13.695021,13.398561,13.637176,48700
2002-10-31,13.543176,13.622715,13.543176,13.622715,7800
2002-11-01,13.376870,13.528714,13.304562,13.405793,13500
2002-11-04,14.128868,14.309637,14.128868,14.143329,71500
2002-11-05,13.854097,14.165019,13.854097,14.165019,110300
2002-11-06,14.208405,14.215636,13.745638,13.955329,580200
2002-11-07,14.099944,14.309636,13.969790,14.280712,684500
2002-11-08,14.324096,14.389173,14.324096,14.389173,776900
2002-11-11,14.027638,14.172253,13.991485,14.063792,550100
2002-11-12,13.962558,14.092711,13.890250,13.969789,34000
2002-11-13,14.121639,14.201176,13.955331,14.078254,272600
2002-11-14,14.099943,14.099943,13.868560,14.092712,31100
2002-11-15,14.447019,14.447019,14.287943,14.295174,15200
2002-11-18,14.483172,14.483172,14.034865,14.034865,17500
2002-11-19,14.316867,14.316867,14.071022,14.121638,28600
2002-11-20,14.121634,14.454247,14.121634,14.454247,397400
2002-11-21,14.338558,14.786864,14.338558,14.613325,71300
2002-11-22,14.736247,14.996554,14.736247,14.996554,131400
2002-11-25,14.982093,14.996554,14.902555,14.996554,41700
2002-11-26,14.844711,14.953172,14.649481,14.649481,22000
2002-11-27,15.126708,15.466553,15.126708,15.401476,344800
2002-11-29,15.676249,15.690711,15.329174,15.329174,136700
2002-12-02,15.661784,15.979937,15.336400,15.415938,589600
2002-12-03,15.509938,15.509938,15.199016,15.314708,1012400
2002-12-04,14.880863,15.032709,14.490403,14.497633,659000
2002-12-05,14.953174,14.953174,14.541022,14.707329,186100
2002-12-06,14.533792,14.678406,14.533792,14.678406,170100
2002-12-09,14.627790,14.642251,14.215638,14.244561,78800
2002-12-10,14.381940,14.519324,14.208402,14.519324,112500
2002-12-11,14.389174,14.598866,14.389174,14.418097,46300
2002-12-12,14.642253,14.794098,14.569946,14.685637,23600
2002-12-13,14.591638,14.671177,14.533793,14.663946,260100
2002-12-16,14.259020,14.649481,14.259020,14.649481,88700
2002-12-17,14.635018,14.750710,14.526558,14.700095,134400
2002-12-18,14.577171,14.750709,14.461479,14.526556,43200
2002-12-19,14.533788,14.678402,14.490404,14.541018,104900
2002-12-20,14.678402,14.743478,14.569941,14.671172,28000
2002-12-23,14.389175,14.461483,14.136099,14.309638,26400
2002-12-24,14.063792,14.063792,13.810716,13.883023,31700
2002-12-26,13.680564,13.846871,13.680564,13.752872,21400
2002-12-27,13.572103,13.629949,13.022567,13.253950,60000
2002-12-30,13.015331,13.304560,12.820100,13.290098,234400
2002-12-31,13.174410,13.405795,13.123795,13.268411,50400
2003-01-02,13.514257,13.731178,13.347948,13.579333,32900
2003-01-03,14.099945,14.273482,13.817946,14.208405,290800
2003-01-06,14.324098,14.598866,14.186714,14.598866,40300
2003-01-07,14.085484,14.193944,13.810716,14.063792,81300
2003-01-08,13.991483,13.991483,13.846868,13.846868,65300
2003-01-09,13.731176,13.846868,13.601022,13.846868,73200
2003-01-10,13.608253,13.622715,13.340716,13.572100,94600
2003-01-13,13.781791,14.165020,13.781791,14.013174,65500
2003-01-14,14.042098,14.266251,14.005945,14.237329,22700
2003-01-15,14.085486,14.092717,13.796257,13.810719,157600
2003-01-16,13.890250,14.092711,13.817944,13.969789,38300
2003-01-17,13.376868,13.629945,13.376868,13.507022,459200
2003-01-21,13.456411,13.666101,13.376872,13.579333,63800
2003-01-22,13.449177,13.557638,13.196101,13.304562,173600
2003-01-23,13.463639,13.745637,13.340716,13.745637,85600
2003-01-24,13.159949,13.167178,12.870718,12.877949,259800
2003-01-27,12.870719,12.870719,12.588720,12.653797,375700
2003-01-28,12.733334,13.188870,12.733334,13.188870,84900
2003-01-29,12.653799,12.856260,12.523645,12.726107,177200
2003-01-30,13.000870,13.044255,12.552565,12.552565,267600
2003-01-31,12.617645,12.747797,12.595952,12.747797,75100
2003-02-03,12.726103,13.065948,12.726103,13.065948,69400
2003-02-04,12.805644,12.935798,12.755029,12.769491,5300
2003-02-05,12.935794,13.152717,12.776718,12.870717,152000
2003-02-06,12.711638,12.711638,12.400716,12.581485,117400
2003-02-07,12.436873,12.436873,12.183797,12.270565,19000
2003-02-10,12.306720,12.516411,12.162105,12.285028,59600
2003-02-11,12.147645,12.198261,11.937954,11.988569,101800
2003-02-12,12.234411,12.415180,12.154873,12.234411,115800
2003-02-13,11.981339,12.147646,11.981339,12.003032,150200
2003-02-14,12.104260,12.299490,12.017492,12.299490,10100
2003-02-18,12.697182,12.993642,12.697182,12.733336,37300
2003-02-19,12.971948,12.971948,12.610411,12.661026,67600
2003-02-20,12.776718,12.914102,12.776718,12.870717,6500
2003-02-21,12.935797,13.087643,12.849029,12.935797,33800
2003-02-24,13.203334,13.203334,12.950258,12.964720,47100
2003-02-25,12.487492,12.726107,12.480261,12.726107,92800
2003-02-26,12.473028,12.610413,12.451336,12.465797,21800
2003-02-27,12.523643,12.581489,12.501952,12.538105,51400
2003-02-28,12.465796,12.465796,12.154874,12.285028,61400
2003-03-03,12.451333,12.726102,12.436873,12.552565,35800
2003-03-04,12.292258,12.292258,12.082566,12.147643,120500
2003-03-05,11.655954,11.930721,11.655954,11.836722,84800
2003-03-06,11.569186,11.634263,11.496879,11.569186,150000
2003-03-07,11.366725,11.569185,11.294417,11.561954,34700
2003-03-10,11.214878,11.316108,11.149801,11.157032,41500
2003-03-11,10.925650,11.142572,10.896727,10.896727,54600
2003-03-12,10.947342,11.063034,10.708728,10.896727,83600
2003-03-13,11.200417,11.460724,11.019648,11.460724,37600
2003-03-14,11.214877,11.301645,11.207646,11.229338,37800
2003-03-17,10.658111,11.128110,10.629188,11.128110,78600
2003-03-18,11.352266,11.352266,11.041345,11.258266,34400
2003-03-19,11.106418,11.272725,11.099187,11.272725,146700
2003-03-20,11.706572,11.930724,11.663186,11.930724,70400
2003-03-21,12.292260,12.393490,12.060877,12.256107,66900
2003-03-24,11.684878,11.887339,11.467955,11.605339,94300
2003-03-25,11.287184,11.735490,11.287184,11.533030,48100
2003-03-26,11.590877,11.706569,11.511339,11.598108,29400
2003-03-27,11.214880,11.410110,11.214880,11.402880,19700
2003-03-28,11.323339,11.417339,11.323339,11.410108,23400
2003-03-31,10.983494,10.990725,10.744879,10.860572,61000
2003-04-01,10.860573,11.099188,10.860573,11.034111,31500
2003-04-02,11.185954,11.301645,11.135338,11.294415,336300
2003-04-03,11.236571,11.236571,10.925649,11.099187,338100
2003-04-04,11.222112,11.373957,11.200419,11.345034,43300
2003-04-07,12.104259,12.104259,11.749953,11.757184,117000
2003-04-08,11.786105,12.031950,11.670413,11.670413,98800
2003-04-09,11.627030,11.634261,11.388415,11.424569,56500
2003-04-10,12.183797,12.183797,11.786106,11.865644,96300
2003-04-11,11.865645,12.082567,11.865645,12.039183,199700
2003-04-14,12.422413,12.458566,12.292259,12.422413,37600
2003-04-15,12.581487,12.726103,12.509180,12.668257,268100
2003-04-16,12.849026,13.065947,12.798411,12.870717,36000
2003-04-17,12.798415,13.159952,12.798415,13.015337,83200
2003-04-21,13.015333,13.159948,13.015333,13.116563,12800
2003-04-22,12.697183,12.856260,12.480261,12.726107,50500
2003-04-23,12.574259,12.610414,12.364568,12.545337,23000
2003-04-24,12.292261,12.292261,11.858416,12.111492,133300
2003-04-25,11.634263,11.988570,11.489649,11.612571,184900
2003-04-28,11.612566,12.075334,11.612566,12.010258,869100
2003-04-29,12.574257,12.595950,12.335643,12.436874,591000
2003-04-30,12.473028,12.523643,12.393489,12.487490,66900
2003-05-01,12.473029,12.653797,12.306722,12.501952,61600
2003-05-02,12.530874,12.646566,12.379029,12.624873,56200
2003-05-05,12.899640,12.899640,12.487488,12.617641,70500
2003-05-06,12.733337,12.943028,12.733337,12.921336,167900
2003-05-07,12.921334,13.326255,12.921334,13.123794,110800
2003-05-08,12.906873,13.123795,12.798412,13.051487,131300
2003-05-09,13.326254,13.340716,13.159948,13.304562,62500
2003-05-12,13.420253,13.731175,13.420253,13.680560,113900
2003-05-13,13.217794,13.232254,12.979179,13.073178,141200
2003-05-14,13.073178,13.073178,12.870717,12.870717,34700
2003-05-15,13.022564,13.261178,13.022564,13.261178,48300
2003-05-16,13.080407,13.138253,12.877946,12.914101,32400
2003-05-19,12.661028,12.718874,12.487491,12.509182,59200
2003-05-20,12.632103,12.812872,12.559797,12.740565,70200
2003-05-21,12.595950,12.783949,12.595950,12.610412,37200
2003-05-22,12.624872,12.762257,12.552566,12.762257,42100
2003-05-23,12.885180,12.935795,12.863489,12.906873,26200
2003-05-27,12.769488,13.188871,12.769488,13.152718,82900
2003-05-28,13.362411,13.362411,13.232257,13.253950,150800
2003-05-29,13.246716,13.420254,13.123794,13.261178,104700
2003-05-30,13.232254,13.441946,13.159948,13.376869,205200
2003-06-02,13.731175,13.911944,13.666098,13.673329,230200
2003-06-03,13.340717,13.521485,13.340717,13.463639,89300
2003-06-04,13.384100,13.919175,13.384100,13.738406,52100
2003-06-05,13.738404,13.789019,13.507020,13.789019,89500
2003-06-06,13.796254,13.955329,13.796254,13.825177,52400
2003-06-09,13.854098,13.883022,13.557638,13.731175,46200
2003-06-10,13.789022,14.092714,13.789022,14.085483,69700
2003-06-11,14.034866,14.172250,13.962558,14.165019,159600
2003-06-12,14.136095,14.273480,14.136095,14.230096,48900
2003-06-13,14.454249,14.454249,14.085481,14.114405,68900
2003-06-16,14.172252,14.447020,14.092714,14.432558,96200
2003-06-17,14.801324,14.801324,14.497633,14.497633,97500
2003-06-18,14.700095,14.707326,14.562711,14.700095,43000
2003-06-19,14.880869,14.953176,14.685638,14.895330,132100
2003-06-20,14.794099,14.960407,14.736253,14.736253,56200
2003-06-23,14.353022,14.367484,14.136099,14.316868,248900
2003-06-24,14.042101,14.381945,14.042101,14.266253,150100
2003-06-25,14.700096,14.714558,14.389174,14.425328,153800
2003-06-26,14.497635,14.815788,14.497635,14.808558,53200
2003-06-27,14.685635,14.700096,14.475944,14.598866,176700
2003-06-30,14.483171,14.635016,14.432555,14.454247,64600
2003-07-01,14.490405,14.707326,14.483174,14.606096,267900
2003-07-02,14.830248,15.112247,14.830248,15.011017,118700
2003-07-03,15.003781,15.141165,14.830243,15.119473,62700
2003-07-07,15.401477,15.726861,15.365324,15.365324,198700
2003-07-08,15.828094,15.900402,15.538865,15.900402,338000
2003-07-09,15.618399,15.857013,15.582244,15.835320,142400
2003-07-10,15.726859,15.726859,15.307476,15.379784,208300
2003-07-11,15.481016,15.791938,15.481016,15.625631,216800
2003-07-14,16.269163,16.435470,15.907626,16.269163,886500
2003-07-15,15.697938,16.095629,15.697938,15.770246,62100
2003-07-16,15.979936,16.081166,15.770244,15.907628,55600
2003-07-17,15.488245,15.488245,15.256862,15.401476,493000
2003-07-18,15.256862,15.473783,15.191785,15.473783,105700
2003-07-21,15.459323,15.459323,15.018248,15.047171,41000
2003-07-22,15.300241,15.509933,15.300241,15.509933,280300
2003-07-23,15.155628,15.358090,15.155628,15.278551,86700
2003-07-24,15.546090,15.726858,15.437629,15.567782,30200
2003-07-25,15.690704,15.979933,15.632858,15.871472,69900
2003-07-28,15.994398,16.117320,15.755783,15.907628,185000
2003-07-29,16.131783,16.131783,15.835322,16.124552,60000
2003-07-30,15.979936,16.001627,15.791936,16.001627,62400
2003-07-31,15.669014,16.073936,15.669014,15.690707,90500
2003-08-01,16.059473,16.059473,15.878704,16.001627,385600
2003-08-04,16.045010,16.045010,15.791934,15.871472,252800
2003-08-05,15.806397,15.835319,15.748551,15.748551,119500
2003-08-06,15.372549,15.683471,15.372549,15.531625,308000
2003-08-07,15.647323,15.784707,15.553324,15.625631,112800
2003-08-08,15.755785,15.755785,15.430401,15.430401,130000
2003-08-11,15.647324,15.676247,15.466555,15.481017,174300
2003-08-12,15.408708,15.473785,15.220709,15.220709,57500
2003-08-13,15.755779,15.755779,15.517163,15.531625,30500
2003-08-14,16.254701,16.254701,15.755781,16.088394,437100
2003-08-15,15.979934,16.196856,15.979934,16.196856,16000
2003-08-18,16.102856,16.276394,16.102856,16.269163,84500
2003-08-19,16.428244,16.428244,16.276400,16.413784,62800
2003-08-20,16.428243,16.507781,16.290860,16.478859,169100
2003-08-21,17.050089,17.173012,16.854859,17.100704,131200
2003-08-22,17.346546,17.346546,16.883780,16.883780,114500
2003-08-25,17.165779,17.165779,16.717474,16.840397,32300
2003-08-26,16.637934,16.825933,16.421011,16.825933,447300
2003-08-27,16.825934,16.825934,16.652396,16.797010,125800
2003-08-28,16.616238,16.666853,16.449931,16.666853,38300
2003-08-29,16.782547,16.912701,16.652395,16.912701,92800
2003-09-02,16.963312,17.173004,16.963312,17.173004,166300
2003-09-03,17.201935,17.281473,17.028396,17.035627,141800
2003-09-04,17.057323,17.158553,16.912708,17.129631,5300
2003-09-05,17.057317,17.057317,16.869318,17.021164,89100
2003-09-08,17.209161,17.267007,17.086239,17.238085,35800
2003-09-09,17.209165,17.303165,16.847628,16.847628,161900
2003-09-10,17.426081,17.426081,16.558392,16.666853,466600
2003-09-11,16.529476,17.064551,16.529476,16.992243,93000
2003-09-12,17.064545,17.064545,16.536702,16.645163,123400
2003-09-15,16.630704,16.630704,16.457167,16.529474,236900
2003-09-16,16.999474,17.310396,16.970550,17.057320,72900
2003-09-17,17.252550,17.252550,16.999474,16.999474,144500
2003-09-18,16.674088,17.129626,16.674088,16.985010,85200
2003-09-19,16.840396,16.847626,16.449936,16.594551,154000
2003-09-22,16.327009,16.327009,15.806396,15.914857,257000
2003-09-23,15.914862,16.261937,15.914862,16.160707,241100
2003-09-24,16.167939,16.269169,15.828093,15.849786,302800
2003-09-25,15.979935,16.052242,15.690705,15.755782,287100
2003-09-26,15.553319,15.719626,15.444859,15.575012,51000
2003-09-29,15.705169,15.712400,15.466555,15.669016,60100
2003-09-30,15.697936,15.705167,15.293015,15.437631,161000
2003-10-01,15.582247,16.117323,15.582247,16.117323,153400
2003-10-02,16.298092,16.442706,16.196861,16.413784,195700
2003-10-03,16.731938,16.818707,16.551169,16.782553,126400
2003-10-06,16.833164,16.854856,16.739164,16.753626,203100
2003-10-07,16.746398,16.746398,16.413785,16.572861,83600
2003-10-08,16.529477,16.529477,16.283631,16.305323,43900
2003-10-09,16.768084,16.985006,16.688545,16.746391,55600
2003-10-10,17.028389,17.317619,17.028389,17.317619,57100
2003-10-13,17.346545,17.715313,17.180239,17.635775,44700
2003-10-14,17.527316,17.570700,17.180241,17.310394,85400
2003-10-15,17.621316,17.621316,16.854856,16.862087,89500
2003-10-16,17.563467,17.563467,17.107929,17.107929,109800
2003-10-17,17.491165,17.491165,16.847628,16.847628,62200
2003-10-20,17.100702,17.346547,17.028394,17.136856,76400
2003-10-21,17.346548,17.346548,16.999472,17.303164,47100
2003-10-22,17.107935,17.274242,16.970551,17.028397,75200
2003-10-23,16.876550,16.876550,16.522244,16.558397,107400
2003-10-24,16.594550,16.594550,16.283628,16.290859,52500
2003-10-27,16.580091,16.992243,16.580091,16.847628,44300
2003-10-28,17.382704,17.382704,16.941628,17.100704,122500
2003-10-29,17.411623,17.411623,17.136855,17.346546,44200
2003-10-30,17.389932,17.700854,17.368240,17.563471,85200
2003-10-31,17.599622,17.599622,17.361008,17.491161,56400
2003-11-03,17.751468,17.758699,17.570699,17.585161,89300
2003-11-04,17.816540,17.816540,17.426081,17.549004,52400
2003-11-05,17.982855,17.982855,17.722548,17.982855,154500
2003-11-06,17.361008,17.802084,17.361008,17.534546,167800
2003-11-07,17.968391,18.033468,17.809314,17.903315,141000
2003-11-10,17.823770,17.888847,17.758694,17.758694,36500
2003-11-11,17.628546,17.635777,17.512854,17.628546,21000
2003-11-12,18.170849,18.170849,17.881620,18.033466,345700
2003-11-13,18.431159,18.431159,18.228698,18.264853,141800
2003-11-14,18.257620,18.257620,17.925006,18.062389,84100
2003-11-17,17.209166,17.671935,17.209166,17.447781,146800
2003-11-18,17.643007,17.715314,17.491162,17.534546,160800
2003-11-19,17.368234,17.368234,16.992236,17.173004,121300
2003-11-20,17.050086,17.050086,16.630703,16.818703,185000
2003-11-21,16.637936,16.919934,16.637936,16.840397,13300
2003-11-24,16.630703,16.688549,16.428242,16.688549,106900
2003-11-25,16.833164,16.948856,16.775318,16.825933,30300
2003-11-26,17.093469,17.151315,16.883778,16.919931,70400
2003-11-28,17.201933,17.209163,17.100702,17.115164,21700
2003-12-01,17.686392,17.953930,17.570700,17.946699,599300
2003-12-02,17.867159,17.867159,17.671930,17.802084,317000
2003-12-03,17.925007,17.925007,17.715315,17.722546,90200
2003-12-04,17.831005,17.831005,17.592391,17.831005,75000
2003-12-05,17.447777,17.447777,17.180240,17.201933,174800
2003-12-08,16.999471,17.411623,16.999471,17.404392,133800
2003-12-09,17.397160,17.397160,17.035623,17.079008,103500
2003-12-10,17.628544,17.628544,17.317624,17.353777,52400
2003-12-11,17.527316,17.953930,17.527316,17.881622,113700
2003-12-12,17.925008,17.990083,17.881622,17.953930,63100
2003-12-15,18.149162,18.250392,17.982855,17.982855,257400
2003-12-16,17.961163,17.961163,17.686394,17.888855,299600
2003-12-17,17.671931,17.816545,17.520085,17.570700,78400
2003-12-18,17.997314,17.997314,17.722547,17.946699,111100
2003-12-19,17.990081,17.990081,17.780390,17.823774,43900
2003-12-22,17.745200,17.941642,17.614239,17.796129,80700
2003-12-23,17.679716,17.737921,17.570582,17.679716,48800
2003-12-24,17.454171,17.679715,17.454171,17.643337,32800
2003-12-26,17.395972,17.679721,17.395972,17.585138,7900
2003-12-29,17.708824,17.927091,17.686996,17.781580,84800
2003-12-30,18.181733,18.189008,18.043496,18.145355,130600
2003-12-31,18.031477,18.286983,18.031477,18.279684,29900
2004-01-02,18.462190,18.980503,18.462190,18.761497,597500
2004-01-05,18.644693,19.119205,18.644693,18.870998,176400
2004-01-06,18.973201,19.017001,18.578991,18.578991,726200
2004-01-07,18.717693,18.724993,18.257781,18.651991,306300
2004-01-08,18.797997,19.009704,18.513290,18.790697,48300
2004-01-09,19.126505,19.338210,18.951299,19.053503,440000
2004-01-12,19.666717,19.666717,19.345508,19.528013,400500
2004-01-13,19.528013,19.528013,19.024299,19.126503,268100
2004-01-14,19.447709,19.520711,19.221403,19.345507,112400
2004-01-15,19.338207,19.382007,19.090000,19.192204,68900
2004-01-16,19.265206,19.418511,19.199505,19.287107,62700
2004-01-20,19.849225,19.856525,19.418514,19.549917,142700
2004-01-21,19.776219,19.929522,19.571813,19.914923,347000
2004-01-22,19.922226,20.294534,19.856524,20.272635,338100
2004-01-23,20.214237,20.236136,19.754324,19.856527,109400
2004-01-26,19.995229,20.396740,19.812724,20.294537,220700
2004-01-27,19.958727,20.024429,19.425813,19.557217,310400
2004-01-28,19.710518,20.068227,19.491513,19.528013,84400
2004-01-29,19.528013,19.528013,19.184904,19.491512,838100
2004-01-30,19.593713,19.593713,19.272504,19.403908,94400
2004-02-02,19.776224,19.776224,19.455015,19.513416,285500
2004-02-03,19.447709,19.447709,19.133800,19.221403,281100
2004-02-04,19.053504,19.199507,18.980502,18.987803,264000
2004-02-05,19.170304,19.338209,19.170304,19.272507,84000
2004-02-06,19.703215,19.856520,19.564511,19.812717,80100
2004-02-09,19.980620,20.185024,19.980620,20.031721,133600
2004-02-10,20.206932,20.316435,20.155831,20.221533,247800
2004-02-11,20.433236,20.732543,20.301832,20.696043,294700
2004-02-12,20.425936,20.644942,20.374835,20.469738,128200
2004-02-13,20.477040,20.732547,20.477040,20.557343,1014900
2004-02-17,20.725243,20.805546,20.564639,20.776344,306200
2004-02-18,20.615742,20.769047,20.294533,20.404037,282900
2004-02-19,20.506235,20.557336,20.316430,20.352930,215700
2004-02-20,20.323736,20.323736,19.893025,20.002527,132700
2004-02-23,19.834621,20.046326,19.754318,19.863821,77800
2004-02-24,19.666717,19.674017,19.396609,19.615616,255500
2004-02-25,19.849223,19.987926,19.710519,19.754320,297900
2004-02-26,19.776223,19.812723,19.608318,19.688620,109300
2004-02-27,20.214227,20.250727,20.002521,20.163126,74600
2004-03-01,20.250734,20.433238,20.206933,20.382137,971700
2004-03-02,20.440540,20.732547,20.404039,20.542742,499600
2004-03-03,20.506240,20.535440,20.294533,20.404037,462700
2004-03-04,20.980754,20.980754,20.659545,20.805550,280400
2004-03-05,20.637647,20.907753,20.484342,20.907753,129300
2004-03-08,20.652244,20.725245,20.367536,20.404037,144300
2004-03-09,20.425943,20.425943,20.075534,20.250738,102000
2004-03-10,20.177730,20.177730,19.601016,19.637516,170400
2004-03-11,19.681317,19.849222,19.608316,19.622915,241800
2004-03-12,19.484216,19.484216,19.163007,19.250610,319700
2004-03-15,19.257905,19.330907,18.995099,19.031599,175800
2004-03-16,19.338208,19.338208,19.184904,19.309008,275200
2004-03-17,20.104732,20.104732,19.783523,19.995228,408500
2004-03-18,20.068226,20.068226,19.725117,19.871120,269700
2004-03-19,20.323736,20.323736,19.820023,19.820023,555100
2004-03-22,19.710519,19.710519,19.360110,19.396610,91000
2004-03-23,19.717820,19.820023,19.579116,19.820023,46000
2004-03-24,19.922229,20.404042,19.637521,19.674023,280900
2004-03-25,19.608314,19.958723,19.608314,19.958723,525400
2004-03-26,19.995227,19.995227,19.820023,19.820023,95200
2004-03-29,20.404040,20.411339,20.206934,20.301836,68400
2004-03-30,20.389439,20.396740,20.199634,20.228834,116500
2004-03-31,20.717943,20.717943,20.411335,20.579241,122300
2004-04-01,20.659539,21.031849,20.623039,20.863945,260300
2004-04-02,21.126758,21.126758,20.915052,20.951553,293500
2004-04-05,21.075656,21.199759,20.893151,21.163258,289700
2004-04-06,21.199755,21.309258,21.170553,21.309258,248500
2004-04-07,21.323865,21.455268,21.243563,21.389566,204500
2004-04-08,21.739977,21.827579,21.586672,21.666975,226700
2004-04-12,21.812971,21.973576,21.674269,21.937075,141000
2004-04-13,21.747275,21.783776,21.316564,21.404165,144500
2004-04-14,21.345760,21.426062,21.090253,21.280058,98400
2004-04-15,20.812850,21.265461,20.812850,21.221661,377100
2004-04-16,20.907748,20.951550,20.637641,20.878548,218700
2004-04-19,20.973455,21.097558,20.878553,21.090258,369900
2004-04-20,21.418765,21.528267,21.024554,21.163258,161800
2004-04-21,21.601270,21.601270,21.353063,21.506367,464400
2004-04-22,21.170555,21.528264,21.104853,21.426062,285500
2004-04-23,21.601265,21.637766,21.440662,21.637766,150500
2004-04-26,21.309262,21.345762,20.980753,21.024553,439100
2004-04-27,21.090253,21.104853,20.885848,20.988050,138200
2004-04-28,20.652238,20.652238,19.980620,20.031721,771500
2004-04-29,19.528015,19.601017,18.907498,19.002401,760000
2004-04-30,19.002402,19.199506,18.527888,18.870998,748600
2004-05-03,18.987802,19.192208,18.834497,19.104605,194000
2004-05-04,19.338207,19.345507,19.009699,19.214104,298700
2004-05-05,19.301707,19.352808,19.126502,19.214104,222200
2004-05-06,18.622794,18.673895,18.250484,18.432989,314000
2004-05-07,18.367282,18.432984,18.177477,18.177477,295200
2004-05-10,17.089753,17.301459,16.980250,17.031351,753200
2004-05-11,17.359857,17.440158,17.155451,17.367157,168500
2004-05-12,17.921971,17.936572,17.264954,17.666466,431200
2004-05-13,17.367155,17.469357,17.177350,17.337954,264800
2004-05-14,16.534935,16.826942,16.432733,16.746641,439200
2004-05-17,15.666209,15.987418,15.534807,15.980118,1079400
2004-05-18,16.264829,16.498434,16.184526,16.440033,869100
2004-05-19,17.513160,17.513160,17.045948,17.045948,931600
2004-05-20,17.111651,17.148151,16.943745,17.133551,133100
2004-05-21,17.578859,17.586159,17.381754,17.469357,169700
2004-05-24,17.841672,17.841672,17.520463,17.527763,315300
2004-05-25,17.440155,17.666462,17.323352,17.651861,442700
2004-05-26,17.651864,17.805167,17.447458,17.673763,341200
2004-05-27,18.009575,18.009575,17.885472,17.994974,135000
2004-05-28,18.170182,18.170182,18.031479,18.140982,97900
2004-06-01,18.002273,18.235879,18.002273,18.133677,240600
2004-06-02,18.016878,18.031479,17.666469,17.987677,831600
2004-06-03,16.980245,17.323354,16.972945,17.148149,110100
2004-06-04,17.440159,17.520462,17.294156,17.381758,165800
2004-06-07,18.024178,18.243183,17.900075,18.243183,230800
2004-06-08,18.140981,18.206683,18.002277,18.170181,223900
2004-06-09,17.805168,17.812468,17.432858,17.476660,339400
2004-06-10,17.257652,17.403657,17.235753,17.301455,124000
2004-06-14,16.410831,16.410831,16.075023,16.206427,263700
2004-06-15,16.746641,16.826942,16.607937,16.826942,202100
2004-06-16,16.746645,16.746645,16.432736,16.513039,276400
2004-06-17,16.695541,16.768542,16.527635,16.615238,310800
2004-06-18,16.637138,16.644437,16.432733,16.440033,171600
2004-06-21,16.440031,16.527633,16.418130,16.425430,400200
2004-06-22,16.461931,16.659037,16.432731,16.644436,56700
2004-06-23,16.418131,16.666338,16.418131,16.571436,235900
2004-06-24,17.148154,17.191955,17.045952,17.155455,291800
2004-06-25,17.447458,17.695664,17.345255,17.564260,203800
2004-06-28,17.440156,17.608061,17.213850,17.337954,163600
2004-06-29,17.549661,17.549661,17.337955,17.483959,159900
2004-06-30,17.732169,17.768669,17.527763,17.768669,232700
2004-07-01,17.513158,17.556959,17.264952,17.264952,264800
2004-07-02,17.002150,17.148153,16.753943,16.929148,225700
2004-07-06,16.921842,16.921842,16.688236,16.717436,391600
2004-07-07,16.965645,16.972946,16.885343,16.936445,383700
2004-07-08,16.637135,16.637135,16.410828,16.505732,107300
2004-07-09,16.680936,16.710136,16.542232,16.710136,212700
2004-07-12,16.673641,16.680942,16.447336,16.673641,166000
2004-07-13,16.856138,16.863439,16.724735,16.841537,161900
2004-07-14,16.418131,16.483833,16.126124,16.206427,261500
2004-07-15,16.191828,16.199128,16.060424,16.067724,80700
2004-07-16,16.440030,16.461930,16.242925,16.345127,109200
2004-07-19,16.673636,16.717436,16.447330,16.505732,132800
2004-07-20,16.330528,16.454632,16.250226,16.425430,286300
2004-07-21,16.856142,16.856142,16.213724,16.213724,567700
2004-07-22,16.250228,16.498434,16.118824,16.454634,254500
2004-07-23,16.330529,16.330529,15.994719,16.031219,200500
2004-07-26,16.133423,16.272127,15.950918,16.031219,61900
2004-07-27,16.096920,16.359727,16.089621,16.279425,347000
2004-07-28,16.352434,16.469237,16.133428,16.330534,537500
2004-07-29,16.162625,16.228327,15.950920,16.169926,351200
2004-07-30,15.958221,16.177226,15.921719,16.096924,103800
2004-08-02,15.768416,15.950921,15.761116,15.943621,96300
2004-08-03,15.943619,16.023921,15.804914,15.804914,142900
2004-08-04,15.950922,16.009323,15.856018,15.994722,290700
2004-08-05,16.388932,16.388932,16.242928,16.242928,565400
2004-08-06,16.242928,16.242928,15.950921,15.987421,198800
2004-08-09,16.440030,16.447331,16.315927,16.359728,325300
2004-08-10,16.702840,16.783143,16.607938,16.753942,346300
2004-08-11,16.826943,16.870745,16.549536,16.768541,383500
2004-08-12,16.936446,16.987548,16.732041,16.826942,283800
2004-08-13,17.191951,17.213852,17.089748,17.118950,260800
2004-08-16,17.082448,17.337955,17.082448,17.301455,149800
2004-08-17,17.075148,17.177351,17.009446,17.118950,134800
2004-08-18,16.951049,17.432861,16.951049,17.432861,175500
2004-08-19,17.447458,17.593462,17.337955,17.505859,273200
2004-08-20,17.505859,17.681064,17.381756,17.673763,150400
2004-08-23,17.593464,17.629965,17.520462,17.520462,246600
2004-08-24,17.629965,17.688367,17.520463,17.586164,70000
2004-08-25,17.739465,17.812468,17.593462,17.812468,222000
2004-08-26,17.885471,17.994974,17.827070,17.973074,286900
2004-08-27,17.958478,17.987678,17.739472,17.878176,143000
2004-08-30,19.761617,19.761617,17.556959,17.556959,338000
2004-08-31,17.666464,17.790568,17.527760,17.702965,178500
2004-09-01,18.031476,18.192079,17.885471,18.067976,461800
2004-09-02,18.286978,18.432982,18.155576,18.316179,117300
2004-09-03,18.279679,18.316179,18.119074,18.316179,418500
2004-09-07,17.994976,18.133680,17.921974,18.009577,366000
2004-09-08,17.921977,17.994979,17.856275,17.878176,245700
2004-09-09,18.002276,18.177480,18.002276,18.053377,994700
2004-09-10,18.432984,18.476785,18.323482,18.454885,408300
2004-09-13,18.870998,18.944000,18.805296,18.805296,297000
2004-09-14,18.761492,18.870994,18.703090,18.746891,377800
2004-09-15,18.695794,18.746895,18.578991,18.578991,262300
2004-09-16,18.805297,18.907499,18.761496,18.870998,637500
2004-09-17,18.724996,18.761497,18.673895,18.761497,253100
2004-09-20,18.724992,18.783393,18.703092,18.732292,176500
2004-09-21,18.768792,19.053500,18.761493,18.936697,116900
2004-09-22,18.578989,18.578989,18.119076,18.133677,277300
2004-09-23,18.213978,18.308880,18.097175,18.155577,55400
2004-09-24,18.323483,18.352683,18.213980,18.345383,295600
2004-09-27,18.155582,18.250484,18.111780,18.184782,87200
2004-09-28,18.067976,18.308882,18.060675,18.250481,188900
2004-09-29,18.286978,18.359980,18.177475,18.316179,165500
2004-09-30,18.111777,18.330783,18.111777,18.250481,325900
2004-10-01,18.681192,18.863696,18.622790,18.812595,226900
2004-10-04,19.309006,19.506110,19.236004,19.345507,320100
2004-10-05,19.506113,19.528014,18.797995,18.797995,127500
2004-10-06,19.352808,19.476912,19.279806,19.462311,220400
2004-10-07,19.403905,19.418505,19.214100,19.301702,129000
2004-10-08,19.301708,19.323608,19.017000,19.090002,233200
2004-10-11,19.309009,19.309009,19.170305,19.170305,112700
2004-10-12,18.615490,18.980499,18.469485,18.688492,270700
2004-10-13,18.615487,18.724989,18.469482,18.484083,314000
2004-10-14,18.359987,18.432989,18.177482,18.184782,420500
2004-10-15,18.250483,18.352685,18.177480,18.279684,117800
2004-10-18,18.359983,18.593589,18.359983,18.520588,232200
2004-10-19,18.542490,18.717694,18.469488,18.527889,128200
2004-10-20,18.213978,18.243178,18.031473,18.213978,469600
2004-10-21,17.900077,18.104482,17.885476,18.031481,308400
2004-10-22,18.140980,18.162879,17.812470,17.819771,122200
2004-10-25,17.739466,17.834370,17.527761,17.805168,427500
2004-10-26,17.775969,18.053376,17.775969,17.980373,160000
2004-10-27,17.951174,18.396486,17.812470,18.396486,775200
2004-10-28,18.432989,18.571693,18.235884,18.432989,520800
2004-10-29,18.578988,18.732291,18.505986,18.644690,295600
2004-11-01,18.688491,18.739592,18.549787,18.637390,273700
2004-11-02,18.797994,19.126503,18.776093,18.929398,317200
2004-11-03,19.382013,19.469616,19.228709,19.236010,476100
2004-11-04,19.097298,19.484209,19.097298,19.455008,596200
2004-11-05,19.491511,19.520711,19.345507,19.345507,401900
2004-11-08,19.090000,19.192203,18.491384,19.163002,202700
2004-11-09,19.126504,19.126504,18.907497,18.980499,525300
2004-11-10,19.199504,19.199504,19.002400,19.038900,250200
2004-11-11,19.163006,19.418513,19.097304,19.360111,244300
2004-11-12,19.528009,19.929519,19.528009,19.893019,228600
2004-11-15,20.039026,20.221531,20.039026,20.206930,393100
2004-11-16,20.060930,20.104732,19.841925,19.936827,267400
2004-11-17,20.294531,20.623040,20.294531,20.520838,421600
2004-11-18,20.331034,20.498938,20.294532,20.425936,344100
2004-11-19,20.258027,20.287228,19.987919,20.031721,484000
2004-11-22,19.856520,19.980624,19.790818,19.907621,443700
2004-11-23,20.075529,20.104731,19.893025,20.002527,133500
2004-11-24,20.367536,20.440538,20.236132,20.404037,57200
2004-11-26,20.228830,20.469738,20.228830,20.440536,111600
2004-11-29,20.520840,20.528141,20.331035,20.404037,180000
2004-11-30,20.696046,20.871251,20.550042,20.630344,369200
2004-12-01,20.623044,20.988054,20.601143,20.951553,643000
2004-12-02,21.061056,21.061056,20.812849,20.951553,1020900
2004-12-03,20.951551,21.009952,20.769046,20.842047,169800
2004-12-06,20.586539,20.769044,20.382133,20.732542,304300
2004-12-07,20.404038,20.433238,20.075529,20.133930,306500
2004-12-08,20.133925,20.279929,20.133925,20.163126,197000
2004-12-09,19.893026,20.112031,19.820023,20.039030,176400
2004-12-10,19.352807,19.455009,19.272504,19.403908,267500
2004-12-13,19.418510,19.666716,19.279806,19.535313,262300
2004-12-14,19.608316,19.776220,19.608316,19.710518,243300
2004-12-15,20.294539,20.294539,20.046333,20.177736,226700
2004-12-16,20.396736,20.425936,20.155830,20.258032,145700
2004-12-17,20.331039,20.331039,20.185035,20.331039,173700
2004-12-20,20.484340,20.725246,20.477040,20.630344,3250700
2004-12-21,20.710647,20.725246,20.557342,20.659544,251500
2004-12-22,20.725250,20.732550,20.615747,20.615747,195000
2004-12-23,20.659698,20.754938,20.586437,20.659698,122400
2004-12-27,20.725633,20.732957,20.549804,20.689001,120700
2004-12-28,20.696329,20.879483,20.696329,20.864830,141300
2004-12-29,20.864830,20.930765,20.718308,20.930765,203400
2004-12-30,21.099267,21.245790,21.099267,21.245790,102300
2004-12-31,21.494881,21.494881,21.304401,21.428946,43400
2005-01-03,21.253113,21.392310,21.026003,21.135895,310500
2005-01-04,21.033331,21.135898,20.549806,20.557133,338600
2005-01-05,20.989374,20.989374,20.586437,20.696329,362600
2005-01-06,20.513174,20.549804,20.330020,20.351999,374600
2005-01-07,20.513174,20.520500,20.264085,20.293390,216400
2005-01-10,20.579108,20.586434,20.373975,20.447237,290900
2005-01-11,20.982045,20.982045,20.696327,20.835524,219700
2005-01-12,20.813547,21.004027,20.747612,20.938091,244000
2005-01-13,21.099263,21.238460,20.952741,21.135895,381800
2005-01-14,21.582791,21.868511,21.509531,21.868511,636400
2005-01-18,22.102947,22.417971,21.985729,22.410645,328900
2005-01-19,22.124922,22.271444,21.934443,21.978399,266200
2005-01-20,22.154227,22.154227,21.831877,21.949095,449600
2005-01-21,22.088297,22.227494,21.941775,22.015036,197800
2005-01-24,22.410646,22.454603,22.198188,22.234819,562300
2005-01-25,22.161559,22.293430,22.124929,22.190865,359800
2005-01-26,22.718342,22.718342,22.432623,22.586472,435700
2005-01-27,22.432625,22.520538,22.278776,22.520538,563500
2005-01-28,22.454598,22.520533,22.234814,22.271444,186800
2005-01-31,22.564491,22.711014,22.527861,22.689035,315700
2005-02-01,22.557166,22.637753,22.454599,22.637753,242100
2005-02-02,22.601127,22.601127,22.381342,22.505886,271300
2005-02-03,22.703689,22.703689,22.505883,22.542515,218500
2005-02-04,22.776955,23.004065,22.637758,23.004065,294400
2005-02-07,22.711015,23.260475,22.711015,23.223845,272700
2005-02-08,23.458280,23.458280,23.172560,23.355713,282000
2005-02-09,23.399676,23.421654,23.113956,23.187218,230600
2005-02-10,23.216514,23.216514,22.754967,22.872185,497300
2005-02-11,23.018712,23.260475,22.901494,23.223845,229100
2005-02-14,23.531543,23.553523,23.487587,23.524218,398200
2005-02-15,23.553521,23.824587,23.524215,23.773304,295100
2005-02-16,23.692722,23.765983,23.590157,23.692722,269700
2005-02-17,23.736680,23.809940,23.538874,23.590157,198000
2005-02-18,24.066351,24.176244,23.956461,24.139614,626300
2005-02-22,24.352069,24.359394,23.993087,24.007740,635500
2005-02-23,24.278807,24.278807,23.963783,24.161589,278700
2005-02-24,24.293462,24.615811,24.293462,24.505920,444200
2005-02-25,24.872224,25.275161,24.615808,24.996767,401800
2005-02-28,25.275164,25.377730,25.062706,25.150621,582100
2005-03-01,25.311794,25.494948,25.172599,25.363077,765700
2005-03-02,25.033401,25.157947,24.784315,24.901533,741500
2005-03-03,25.055375,25.194570,24.989439,25.092005,307200
2005-03-04,24.945485,25.304467,24.945485,25.275162,234300
2005-03-07,25.092015,25.201908,24.989449,25.026079,342200
2005-03-08,24.945481,24.982111,24.725698,24.798958,496400
2005-03-09,24.835597,25.018750,24.615810,24.755009,594300
2005-03-10,24.791638,24.798963,24.432657,24.579180,352200
2005-03-11,25.165270,25.282488,24.938161,25.018749,750600
2005-03-14,25.062709,25.267843,25.026079,25.026079,334700
2005-03-15,24.571852,24.571852,24.051697,24.205545,891600
2005-03-16,24.212875,24.286138,23.809938,23.993092,824900
2005-03-17,24.015065,24.249501,23.773304,24.110306,635600
2005-03-18,24.139614,24.249504,23.963786,24.139614,447700
2005-03-21,24.176240,24.249500,23.817258,23.897846,198700
2005-03-22,24.102980,24.168916,23.604803,23.670738,501900
2005-03-23,23.744005,23.758657,23.487591,23.590157,1117400
2005-03-24,23.458281,23.553521,23.267801,23.341063,451200
2005-03-28,23.846565,23.846565,23.560846,23.626781,807600
2005-03-29,22.784281,23.333741,22.784281,23.004065,1024700
2005-03-30,23.509568,23.509568,22.769628,23.179892,1028200
2005-03-31,22.989408,23.553522,22.989408,23.304432,688900
2005-04-01,23.450958,24.183572,23.450958,23.590157,802900
2005-04-04,23.443629,23.993090,23.443629,23.824589,289100
2005-04-05,23.700043,24.029719,23.700043,23.956459,166800
2005-04-06,23.626784,24.286137,23.531544,24.139614,364300
2005-04-07,23.736674,24.396025,23.736674,24.396025,478200
2005-04-08,24.029723,24.396030,24.029723,24.176247,223100
2005-04-11,23.883195,24.286135,23.883195,23.912500,320800
2005-04-12,23.993088,24.168917,23.597477,24.102982,679800
2005-04-13,24.242178,24.242178,23.670740,23.817261,328300
2005-04-14,23.443631,23.443631,22.857541,22.894171,735100
2005-04-15,22.894175,23.077328,22.432629,22.593803,422300
2005-04-18,22.403324,22.557174,22.234823,22.454607,823000
2005-04-19,22.711015,22.923474,22.623101,22.857538,425600
2005-04-20,23.077322,23.077322,22.520536,22.542515,376600
2005-04-21,22.967429,23.245821,22.894167,23.172560,451600
2005-04-22,23.099301,23.106628,22.711016,22.820908,322600
2005-04-25,23.187215,23.436304,23.187215,23.333738,208800
2005-04-26,23.333732,23.333732,23.018708,23.113947,332700
2005-04-27,22.286098,22.857536,22.286098,22.674383,1804600
2005-04-28,22.491233,22.491233,22.095621,22.264122,480400
2005-04-29,22.417976,22.674391,22.234823,22.593803,300300
2005-05-02,22.381343,22.630431,22.344713,22.425301,214500
2005-05-03,22.359360,22.374013,22.234816,22.293425,293600
2005-05-04,22.776953,23.355717,22.711017,23.297108,679700
2005-05-05,22.754976,23.626786,22.754976,23.187218,161600
2005-05-06,23.253148,23.370366,23.150583,23.223845,144800
2005-05-09,23.040689,23.216516,23.011384,23.216516,402100
2005-05-10,22.908822,23.026040,22.754972,22.820908,536500
2005-05-11,22.674385,22.894168,22.535188,22.857538,336100
2005-05-12,23.399675,23.399675,22.461929,22.461929,211600
2005-05-13,22.674391,22.806260,22.483911,22.549847,207400
2005-05-16,22.674386,22.820908,22.571819,22.820908,157700
2005-05-17,22.784279,22.857540,22.645082,22.842888,156300
2005-05-18,22.967432,23.341066,22.938127,23.297108,298500
2005-05-19,23.370372,23.612134,23.363045,23.568176,512500
2005-05-20,23.553522,23.619457,23.377693,23.502239,175500
2005-05-23,23.480261,23.656089,23.377696,23.553524,102500
2005-05-24,22.930796,23.692714,22.930796,23.656084,499600
2005-05-25,23.407004,23.407004,23.128610,23.260481,167300
2005-05-26,23.209190,23.531538,23.209190,23.516886,240200
2005-05-27,24.059021,24.059021,23.590149,23.656084,130500
2005-05-31,23.626784,23.700044,23.465608,23.553524,118600
2005-06-01,23.597477,23.809936,23.480259,23.765978,283800
2005-06-02,23.626782,23.736675,23.546194,23.685392,285600
2005-06-03,23.707374,23.912505,23.634111,23.700047,122100
2005-06-06,23.773305,23.912500,23.707370,23.912500,169900
2005-06-07,23.663412,23.897848,23.663412,23.685392,184200
2005-06-08,23.809937,23.919830,23.722024,23.809937,114500
2005-06-09,23.956460,24.088331,23.853895,24.029720,284300
2005-06-10,24.102982,24.146937,23.927153,24.081001,210200
2005-06-13,24.168916,24.227523,23.993087,24.007740,159200
2005-06-14,24.007740,24.029718,23.846564,24.007740,65000
2005-06-15,24.249503,24.396026,24.081002,24.374048,411200
2005-06-16,24.396025,24.505918,24.176241,24.396025,277500
2005-06-17,24.469288,24.535224,24.396025,24.483938,257900
2005-06-20,24.139610,24.139610,23.919827,24.066347,251100
2005-06-21,23.993089,24.095654,23.956459,24.022394,167500
2005-06-22,24.249503,24.249503,24.124960,24.227526,280500
2005-06-23,24.432660,24.454641,24.102986,24.176247,323000
2005-06-24,24.066352,24.095657,23.883198,23.941809,182200
2005-06-27,23.809937,23.846568,23.678067,23.736677,133800
2005-06-28,23.700043,23.868547,23.575500,23.809937,417000
2005-06-29,23.590151,23.736675,23.516888,23.626781,147900
2005-06-30,23.656091,23.736679,23.385023,23.443632,297300
2005-07-01,23.663414,23.736677,23.626784,23.736677,344200
2005-07-05,23.260479,23.634110,23.260479,23.509567,283300
2005-07-06,23.341063,23.538869,23.304432,23.304432,391800
2005-07-07,23.113954,23.436304,23.113954,23.436304,218300
2005-07-08,23.516893,23.744004,23.450958,23.700047,284600
2005-07-11,24.322770,24.505923,24.183571,24.476618,174400
2005-07-12,24.527899,24.769663,24.498594,24.718380,327900
2005-07-13,24.630459,24.769658,24.630459,24.689070,475200
2005-07-14,25.128643,25.641473,25.062707,25.311796,473400
2005-07-15,24.945486,25.157945,24.879551,25.018749,312800
2005-07-18,25.018749,25.092009,24.960139,25.018749,149400
2005-07-19,25.128639,25.494946,25.128639,25.494946,446000
2005-07-20,25.238534,25.502276,25.179924,25.363077,197600
2005-07-21,25.421688,25.853930,25.421688,25.787994,139500
2005-07-22,25.641467,25.795315,25.575532,25.736708,172000
2005-07-25,25.861248,26.073707,25.824618,25.846596,381000
2005-07-26,25.853932,25.934520,25.685431,25.824627,232300
2005-07-27,26.366759,26.366759,24.879552,25.897884,401700
2005-07-28,26.264194,26.418045,26.146976,26.396065,353800
2005-07-29,26.483974,26.557235,26.315471,26.366756,290300
2005-08-01,26.571891,26.777022,26.564563,26.718414,200500
2005-08-02,26.967504,27.092047,26.842958,27.077394,220200
2005-08-03,26.960174,27.070067,26.886914,26.923544,262700
2005-08-04,30.769764,30.769764,26.630497,26.630497,629700
2005-08-05,26.117673,26.249544,25.429015,25.824627,575600
2005-08-08,25.450990,26.418040,25.450990,26.081036,302000
2005-08-09,25.883231,26.769692,25.883231,26.689104,598400
2005-08-10,27.040764,27.062742,26.667132,26.740393,372700
2005-08-11,27.143328,27.509634,27.121350,27.326481,381900
2005-08-12,27.436372,27.451024,27.136000,27.341131,306300
2005-08-15,26.960175,27.399745,26.454673,27.253222,307600
2005-08-16,26.740398,26.908899,26.520615,26.520615,562100
2005-08-17,26.674455,26.916218,25.949166,26.813650,315800
2005-08-18,26.117670,26.234888,25.883234,25.978472,419600
2005-08-19,25.883235,26.000453,25.824625,25.956495,342800
2005-08-22,26.674460,26.945526,26.630502,26.725742,278600
2005-08-23,26.667126,26.703756,26.374080,26.447340,338500
2005-08-24,26.227556,26.227556,25.568205,25.604836,638600
2005-08-25,25.861258,26.081042,25.839280,26.037086,427700
2005-08-26,26.044406,26.044406,25.399705,25.429010,719600
2005-08-29,25.201902,25.458316,25.128639,25.429010,515600
2005-08-30,25.824627,25.824627,25.113991,25.165274,525700
2005-08-31,25.399703,25.751360,25.319118,25.714727,562600
2005-09-01,26.154297,26.359428,25.934514,26.308146,690600
2005-09-02,26.161625,26.886913,26.161625,26.813650,612700
2005-09-06,27.018781,27.216587,26.864930,27.216587,354300
2005-09-07,27.399750,27.648839,27.326487,27.619534,544500
2005-09-08,27.289851,27.612200,27.289851,27.399744,475800
2005-09-09,27.582901,28.022468,27.546268,27.912575,335600
2005-09-12,28.278886,28.278886,27.802689,27.802689,379300
2005-09-13,27.766048,27.949202,27.619525,27.626850,268000
2005-09-14,28.022464,28.073747,27.853963,27.963854,327400
2005-09-15,28.190966,28.271554,28.029790,28.242249,569600
2005-09-16,28.278871,28.418070,28.205611,28.366787,205100
2005-09-19,28.579251,28.938233,28.381448,28.755079,1007200
2005-09-20,28.755071,28.901594,28.359459,28.425394,610100
2005-09-21,28.645182,28.864968,28.579247,28.652510,605300
2005-09-22,28.930905,28.974860,28.659836,28.879620,809700
2005-09-23,28.132359,28.315512,27.985835,28.278879,563700
2005-09-26,28.974863,31.648903,28.425403,28.755079,547600
2005-09-27,28.425395,28.791701,28.425395,28.718441,341300
2005-09-28,29.136030,29.158007,28.938224,29.077419,538200
2005-09-29,29.011494,29.297215,29.011494,29.084757,640300
2005-09-30,28.681815,29.275230,28.315508,28.901598,400000
2005-10-03,28.901590,28.901590,28.535284,28.696457,526300
2005-10-04,29.158014,29.604909,28.938231,28.996841,433000
2005-10-05,28.828337,28.864970,28.352140,28.352140,1273000
2005-10-06,27.875946,27.963858,27.297180,27.414398,1414000
2005-10-07,28.088396,28.176309,27.875937,28.103048,753500
2005-10-10,28.630530,28.703790,28.212937,28.308178,487000
2005-10-11,29.011486,29.011486,28.762398,28.850313,535300
2005-10-12,28.059096,28.205619,27.473006,27.766052,922200
2005-10-13,27.619531,27.619531,26.740394,27.275202,981500
2005-10-14,27.143331,27.546268,26.615851,27.509638,631200
2005-10-17,26.938195,27.473003,26.938195,27.128674,402200
2005-10-18,27.172635,27.209266,26.667133,26.711088,202000
2005-10-19,26.227563,26.872264,25.883237,26.711088,821600
2005-10-20,26.557232,26.593862,26.088360,26.154295,719000
2005-10-21,26.974828,27.253222,26.886915,27.048088,776900
2005-10-24,27.070061,27.436368,26.974821,27.407063,279400
2005-10-25,27.106696,27.157979,26.711084,26.916218,428600
2005-10-26,26.960167,27.472997,26.960167,27.245886,942500
2005-10-27,27.121350,27.143327,26.667130,26.703760,600500
2005-10-28,26.300819,26.813646,26.271514,26.777016,694100
2005-10-31,26.960170,27.326477,26.886910,27.289846,448300
2005-11-01,27.766058,27.839319,27.612207,27.802689,1422100
2005-11-02,28.205607,28.828328,28.110367,28.696457,1759100
2005-11-03,28.608551,29.048121,28.564596,28.747749,547400
2005-11-04,28.535296,28.725774,28.139684,28.278879,961900
2005-11-07,28.388774,28.440057,28.103055,28.300861,467700
2005-11-08,28.059094,28.799035,28.059094,28.286205,279200
2005-11-09,28.586579,28.755080,28.396098,28.608557,410800
2005-11-10,28.755069,28.894264,28.462022,28.828329,425400
2005-11-11,29.304537,29.538973,29.194644,29.458385,516300
2005-11-14,29.670845,29.729455,29.458386,29.568279,1839200
2005-11-15,29.590261,29.597588,29.150694,29.216629,608000
2005-11-16,29.179994,29.707474,29.179994,29.524321,317000
2005-11-17,29.744104,29.971215,29.634213,29.846672,522300
2005-11-18,29.810041,30.000522,29.744106,29.897957,451200
2005-11-21,30.029822,30.029822,29.158011,29.582928,579500
2005-11-22,28.938234,29.004169,28.454709,28.967539,846900
2005-11-23,29.875979,30.169026,29.714806,30.037155,659500
2005-11-25,30.000522,30.037153,29.868652,29.949240,265100
2005-11-28,30.037152,30.037152,29.634215,29.670845,593000
2005-11-29,29.817365,29.861320,29.487688,29.656189,497300
2005-11-30,29.956565,30.256936,29.744106,29.883305,513500
2005-12-01,30.330204,30.725813,29.993200,30.659878,1484700
2005-12-02,30.549984,30.945596,30.388808,30.425438,431500
2005-12-05,30.623234,30.645214,30.337515,30.491364,540400
2005-12-06,31.128748,31.165378,30.843027,31.062813,602300
2005-12-07,31.282601,31.282601,30.879664,30.916294,595600
2005-12-08,30.989554,31.172708,30.865011,30.916294,569200
2005-12-09,30.879665,31.136078,30.806402,31.055490,464700
2005-12-12,31.392490,31.465753,31.282600,31.392490,534100
2005-12-13,31.502373,31.802744,31.502373,31.736809,625200
2005-12-14,31.685526,31.795419,31.612266,31.736809,321200
2005-12-15,31.685523,31.832047,31.648893,31.648893,497900
2005-12-16,31.238634,31.517028,31.238634,31.355852,878500
2005-12-19,31.612265,31.832048,31.465741,31.495047,477300
2005-12-20,31.648897,31.832050,31.648897,31.729485,736800
2005-12-21,32.125099,32.491406,32.125099,32.381516,1271000
2005-12-22,32.234997,32.381520,32.198367,32.337563,606700
2005-12-23,32.610237,32.794475,32.573390,32.728149,507100
2005-12-27,32.860788,33.089245,32.647071,32.787094,615800
2005-12-28,32.831317,33.067142,32.823949,32.971340,440800
2005-12-29,33.126100,33.280859,32.986076,33.052402,678900
2005-12-30,33.008193,33.162953,32.742889,32.978714,691600
2006-01-03,33.568276,34.342077,33.568276,34.202057,1409000
2006-01-04,34.157823,34.342061,34.157823,34.305214,1238900
2006-01-05,34.511573,34.511573,34.084138,34.179943,1088500
2006-01-06,34.821098,34.968489,34.526315,34.872684,1303300
2006-01-09,35.005338,35.049557,34.887426,34.983231,943600
2006-01-10,34.828455,34.843195,34.283111,34.319958,876200
2006-01-11,34.084130,34.415760,34.032544,34.415760,1545500
2006-01-12,34.526313,34.600010,34.062034,34.165207,1233800
2006-01-13,34.563164,34.563164,34.268381,34.408401,382000
2006-01-17,33.715654,33.863045,33.420871,33.442982,1236300
2006-01-18,32.352297,32.868162,32.013295,32.860794,3093300
2006-01-19,32.993448,33.619858,32.993448,33.590382,1953900
2006-01-20,32.624974,32.647082,32.020672,32.020672,1681200
2006-01-23,32.418624,32.683925,32.300712,32.588123,1258200
2006-01-24,33.354553,33.752509,33.354553,33.627228,1253600
2006-01-25,34.283122,34.319969,34.047297,34.135731,982400
2006-01-26,34.261022,34.857954,34.261022,34.769520,1263500
2006-01-27,35.263259,35.484348,35.086392,35.403282,1396100
2006-01-30,35.410658,35.521202,34.732661,35.270638,653100
2006-01-31,35.558055,35.749662,35.462250,35.528576,1129800
2006-02-01,35.189568,35.278001,34.821091,35.005329,2225500
2006-02-02,34.769506,34.931637,34.305224,34.364182,1687600
2006-02-03,33.420883,33.855686,33.376668,33.641972,1376000
2006-02-06,34.268385,34.504210,34.128364,34.459991,814100
2006-02-07,33.899899,33.922007,33.325076,33.413509,1294700
2006-02-08,33.236644,33.656708,33.103992,33.575645,1641800
2006-02-09,33.619848,33.936738,33.428241,33.597740,998200
2006-02-10,34.091508,34.091508,33.162947,33.936749,1018800
2006-02-13,33.037670,33.162951,32.352302,32.720779,1539700
2006-02-14,33.133464,33.922005,33.133464,33.870419,989500
2006-02-15,32.934480,33.037656,32.661808,33.030285,1880200
2006-02-16,33.162951,33.641973,33.126104,33.568275,1622600
2006-02-17,33.494581,33.833580,33.494581,33.700928,670900
2006-02-21,34.157838,34.334708,33.973599,34.054665,1075200
2006-02-22,33.966221,34.003068,33.641962,33.966221,927700
2006-02-23,34.305228,34.415772,34.157837,34.342075,551300
2006-02-24,34.636853,34.806352,34.570527,34.717918,481000
2006-02-27,34.806357,35.079030,34.784249,35.064293,537800
2006-02-28,35.027445,35.027445,33.037670,34.202057,1295500
2006-03-01,34.342068,34.821089,34.342068,34.813721,698900
2006-03-02,34.636849,34.695807,34.319959,34.533676,762500
2006-03-03,33.369297,33.848319,33.280864,33.568275,1340800
2006-03-06,33.752502,33.863046,33.133460,33.236633,962600
2006-03-07,32.809216,32.809216,31.696413,31.946978,3066400
2006-03-08,32.241755,32.566014,31.836431,32.529167,1645000
2006-03-09,32.588130,33.103996,32.160695,32.241760,1672800
2006-03-10,32.676558,33.140840,32.654450,32.949230,557800
2006-03-13,33.302963,33.531420,33.207161,33.273487,848900
2006-03-14,33.037666,33.789357,32.912382,33.671444,998000
2006-03-15,33.531429,33.745146,33.384037,33.700928,821800
2006-03-16,33.531432,33.641977,33.332454,33.384041,904600
2006-03-17,33.501937,33.840935,33.479829,33.826199,686100
2006-03-20,33.899895,34.747394,33.892527,34.231525,967900
2006-03-21,33.199793,33.980965,33.162945,33.494576,1097300
2006-03-22,32.905009,33.258747,32.683921,33.258747,628200
2006-03-23,33.162947,33.236641,32.882904,32.934490,1120100
2006-03-24,33.103984,33.229268,33.008182,33.126095,630900
2006-03-27,33.457720,33.671434,33.332436,33.597740,793200
2006-03-28,33.752508,33.752508,33.170314,33.177685,940100
2006-03-29,33.553533,33.781990,33.420881,33.781990,947300
2006-03-30,33.708290,34.054656,33.678811,33.723026,1263400
2006-03-31,34.430500,34.452608,34.268370,34.378914,737700
2006-04-03,35.005332,35.462243,34.968485,35.108505,1838000
2006-04-04,35.705437,35.838089,35.336960,35.705437,1539900
2006-04-05,35.749650,36.213931,35.749650,36.199192,965500
2006-04-06,36.442398,36.464505,35.933897,36.177094,949200
2006-04-07,36.405543,36.435019,35.779130,35.926521,748400
2006-04-10,35.867561,36.088650,35.779128,35.904411,666000
2006-04-11,35.742288,35.742288,35.005334,35.020073,1221300
2006-04-12,35.263262,35.263262,34.806351,34.939003,912300
2006-04-13,35.631745,35.668595,35.381180,35.617008,759500
2006-04-17,36.471867,36.471867,36.147606,36.265518,1303200
2006-04-18,36.405552,37.135136,36.405552,37.068810,1098300
2006-04-19,37.208821,37.216190,36.936146,37.135124,600900
2006-04-20,36.847715,37.171974,36.737171,37.024586,745500
2006-04-21,37.437290,37.510987,37.061444,37.275162,595700
2006-04-24,37.216187,37.216187,36.700319,36.928776,665100
2006-04-25,36.847718,37.046696,36.530828,36.744545,661400
2006-04-26,37.370963,37.599420,37.341484,37.562572,1241300
2006-04-27,37.149869,37.569933,37.002478,37.245674,799500
2006-04-28,36.818237,36.832976,36.405544,36.552933,2302400
2006-05-01,36.641365,36.921406,36.626626,36.774017,978800
2006-05-02,37.444647,38.984882,37.068799,37.348843,1669500
2006-05-03,37.518348,37.518348,37.098285,37.319370,493400
2006-05-04,37.496240,37.732065,37.326740,37.643631,525700
2006-05-05,37.805756,38.115279,37.695215,37.953148,863100
2006-05-08,38.439543,38.535348,38.240565,38.432175,1369500
2006-05-09,38.137387,38.373212,38.026843,38.100540,1508900
2006-05-10,38.174233,38.233191,37.849974,38.122646,662800
2006-05-11,38.159492,38.174232,37.289886,37.407799,1179100
2006-05-12,37.216190,37.334103,36.670843,36.715061,1960700
2006-05-15,36.110764,36.236045,35.683329,35.941265,1908800
2006-05-16,36.073914,36.449759,35.418025,35.705437,1076200
2006-05-17,35.742293,36.037076,34.784253,34.983231,2183800
2006-05-18,35.351689,36.059165,34.570517,34.629475,2914200
2006-05-19,35.101136,36.073915,34.202050,35.263264,3442900
2006-05-22,34.563160,34.563160,32.757621,33.627228,3891500
2006-05-23,34.378922,34.776875,33.789356,33.789356,1402500
2006-05-24,33.870426,33.988338,32.963972,33.641972,2613700
2006-05-25,33.302974,33.973602,32.941868,33.907276,1885500
2006-05-26,34.187319,34.489470,33.752515,34.297863,1349100
2006-05-30,33.929384,33.929384,32.698669,32.750256,1152000
2006-05-31,32.868172,33.428259,32.831325,33.384041,1628400
2006-06-01,33.162948,33.826208,32.838689,33.767250,1476900
2006-06-02,34.268377,34.268377,33.568269,33.796726,1188100
2006-06-05,33.583010,33.700922,32.610230,32.757622,854900
2006-06-06,32.816575,32.890272,32.072252,32.647076,2214800
2006-06-07,32.285964,32.720767,31.983812,32.123833,1857500
2006-06-08,30.414106,31.210015,30.222496,31.158428,3736400
2006-06-09,32.131210,32.131210,30.819432,30.944715,1679700
2006-06-12,31.217390,31.283716,30.325676,30.509914,1311800
2006-06-13,30.075110,30.134065,29.139178,29.522394,2971400
2006-06-14,30.274084,30.782581,30.163539,30.716255,2562300
2006-06-15,30.907864,32.035406,30.590973,31.836428,3224500
2006-06-16,32.005924,32.543901,31.210013,31.637447,1108400
2006-06-19,31.467952,31.799582,30.657301,30.944715,1561600
2006-06-20,30.642557,30.996295,30.473055,30.642557,1075800
2006-06-21,30.657297,31.747991,30.635189,31.320557,1467000
2006-06-22,30.694140,31.364768,30.679401,30.915226,1531700
2006-06-23,30.937349,31.114219,30.708892,30.988935,239500
2006-06-26,31.025768,31.136313,30.782575,31.025768,863400
2006-06-27,31.379529,31.526917,30.620464,30.649942,1152300
2006-06-28,31.526909,31.526909,30.730999,31.246868,1397100
2006-06-29,31.873269,32.912374,31.792203,32.823940,1898100
2006-06-30,33.524056,33.568272,32.116473,33.251381,888800
2006-07-03,33.442987,33.752506,33.273488,33.752506,900800
2006-07-05,32.838689,32.868165,32.094364,32.462841,2179200
2006-07-06,32.337556,32.779727,32.263859,32.632336,1229400
2006-07-07,32.573387,32.647081,32.168062,32.308083,1464500
2006-07-10,33.140839,33.295599,32.764991,33.052402,616400
2006-07-11,33.052405,33.295602,32.691299,33.192429,662400
2006-07-12,33.000814,33.045033,32.595490,32.794468,770000
2006-07-13,32.256500,32.566020,31.836436,31.946978,1646700
2006-07-14,31.689036,31.829057,31.320559,31.541645,1383400
2006-07-17,31.327930,31.431106,30.789953,31.283714,991100
2006-07-18,31.143681,31.305812,30.664662,31.025768,1042800
2006-07-19,31.718522,32.241759,31.040522,32.234390,2540500
2006-07-20,32.647077,32.713403,31.777471,31.873276,986100
2006-07-21,32.145950,32.145950,31.541648,31.689039,1043300
2006-07-24,32.315446,32.823946,32.013294,32.647076,1389400
2006-07-25,32.750250,33.000814,32.448099,32.610229,994500
2006-07-26,32.639708,32.941859,32.440730,32.794468,772500
2006-07-27,33.236650,33.384041,33.015564,33.199802,900100
2006-07-28,33.347181,33.715658,33.273487,33.605114,773900
2006-07-31,33.627225,33.627225,33.103985,33.273487,492300
2006-08-01,32.949232,32.949232,32.425995,32.425995,1160100
2006-08-02,32.875538,33.096624,32.757625,32.875538,1525400
2006-08-03,32.425989,32.860792,32.425989,32.772358,551000
2006-08-04,33.317709,33.590384,32.875538,32.993450,532900
2006-08-07,32.728140,32.868160,32.543902,32.683922,546000
2006-08-08,32.956598,33.111358,32.742880,32.831314,1548800
2006-08-09,33.288228,33.457730,32.986076,32.986076,1008300
2006-08-10,32.905014,33.118729,32.809209,33.052402,357200
2006-08-11,32.610233,32.779733,32.330190,32.425995,564700
2006-08-14,32.514428,32.794471,32.411254,32.462841,721400
2006-08-15,32.838686,33.155577,32.742881,33.045033,662800
2006-08-16,33.199792,33.494575,33.192424,33.295597,639200
2006-08-17,33.553535,33.818839,33.457733,33.641972,632500
2006-08-18,33.752508,33.899900,33.538791,33.863052,800900
2006-08-21,33.708294,33.789356,33.465097,33.509315,655900
2006-08-22,33.826199,33.951479,33.568263,33.826199,275800
2006-08-23,33.664079,33.826210,33.266123,33.288231,358500
2006-08-24,33.251381,33.398772,32.978708,33.052402,572500
2006-08-25,33.310340,33.435621,33.185056,33.280861,613300
2006-08-28,33.199789,33.457725,33.111355,33.376659,897500
2006-08-29,33.715654,33.833567,33.531416,33.826199,559400
2006-08-30,33.649343,33.781995,33.583017,33.612495,386900
2006-08-31,33.759879,33.885160,33.664074,33.796726,420000
2006-09-01,33.929388,34.253647,33.892541,34.253647,625100
2006-09-05,34.238896,34.467353,34.128355,34.452614,772900
2006-09-06,34.143092,34.246265,33.804090,33.914635,752400
2006-09-07,33.914637,33.914637,33.479834,33.804092,935600
2006-09-08,33.899901,34.039922,33.804097,34.003075,494500
2006-09-11,33.332438,33.538784,33.052395,33.236633,973800
2006-09-12,33.384028,33.656700,33.207160,33.656700,723000
2006-09-13,33.509310,33.597744,33.325072,33.531418,438100
2006-09-14,33.899898,33.936745,33.700920,33.752506,1111800
2006-09-15,34.084136,34.268375,33.951484,34.120983,596500
2006-09-18,34.467351,34.710545,34.415765,34.526306,510300
2006-09-19,34.740019,34.747390,34.120977,34.415760,1187700
2006-09-20,34.821091,35.145349,34.592634,35.005329,1727000
2006-09-21,35.160097,35.211684,34.585273,34.703186,1090200
2006-09-22,34.342069,34.408395,33.826203,34.120983,1044800
2006-09-25,34.489462,34.740026,34.120984,34.717918,642800
2006-09-26,34.717916,34.762131,34.187308,34.526306,815300
2006-09-27,34.518938,34.821089,34.445243,34.747395,597100
2006-09-28,34.857939,34.990591,34.798984,34.968483,591300
2006-09-29,34.931632,34.931632,34.084133,34.084133,2241100
2006-10-02,34.592636,34.813724,34.459984,34.614746,564000
2006-10-03,34.526315,34.622120,34.319969,34.555794,1180700
2006-10-04,34.128352,34.732655,34.025176,34.732655,1477600
2006-10-05,34.658961,35.336960,34.658961,35.219048,1352400
2006-10-06,34.437873,34.916895,33.686179,34.857937,762400
2006-10-09,33.236635,33.597744,33.059768,33.531418,3252800
2006-10-10,33.605124,33.752516,33.428257,33.612495,1135500
2006-10-11,33.509308,33.583003,33.177678,33.457722,1109500
2006-10-12,33.700925,34.150467,33.605120,34.098881,1185700
2006-10-13,34.283111,34.401024,34.120981,34.216785,695100
2006-10-16,34.305225,34.644224,34.283117,34.489464,947600
2006-10-17,34.113617,34.253638,33.796727,34.209419,1429800
2006-10-18,34.342061,34.570518,34.172562,34.305214,758100
2006-10-19,34.135726,34.268378,34.091508,34.238899,654900
2006-10-20,34.253638,34.275745,34.062031,34.246269,567600
2006-10-23,34.047292,34.342072,33.973595,34.327335,1563600
2006-10-24,34.437888,34.452628,34.246281,34.356823,376200
2006-10-25,34.025189,34.695820,33.885168,34.695820,1990500
2006-10-26,34.776878,34.983227,34.725291,34.894791,611800
2006-10-27,34.813723,34.813723,34.401027,34.452614,789800
2006-10-30,33.796737,34.452626,33.796737,34.349453,767100
2006-10-31,34.666329,34.857936,34.607372,34.813721,622800
2006-11-01,35.086401,35.233792,34.585271,34.710552,922600
2006-11-02,35.012705,35.130617,34.813729,35.056923,908900
2006-11-03,35.373807,35.373807,35.108503,35.204308,583900
2006-11-06,35.123253,35.440144,34.983233,35.440144,1258400
2006-11-07,35.410651,35.535935,35.263260,35.300110,698800
2006-11-08,35.226417,35.440134,34.939005,35.395916,577900
2006-11-09,35.410656,35.941264,35.410656,35.727547,1005500
2006-11-10,35.705437,35.852829,35.661219,35.786503,573600
2006-11-13,35.793872,36.110762,35.742285,36.081284,483900
2006-11-14,36.346590,36.552936,36.154983,36.420284,848500
2006-11-15,36.265522,36.376066,36.206567,36.331848,561300
2006-11-16,36.339218,36.435020,36.184456,36.302368,490900
2006-11-17,36.118137,36.154987,35.897052,36.154987,444300
2006-11-20,36.272895,36.272895,35.889679,35.941265,972700
2006-11-21,35.941264,36.250783,35.919156,36.213936,369200
2006-11-22,36.648734,36.656105,36.405540,36.619255,349800
2006-11-24,36.331844,36.523454,36.169716,36.398170,337400
2006-11-27,36.412916,36.567676,35.808614,35.889679,1175600
2006-11-28,35.808607,36.051801,35.742281,36.014954,1241800
2006-11-29,36.376063,36.626628,36.368692,36.479237,1164100
2006-11-30,36.457129,36.678215,36.302366,36.479237,1114800
2006-12-01,36.619255,36.685581,35.941258,36.486603,1497200
2006-12-04,36.589791,36.936158,36.552941,36.884571,1090500
2006-12-05,36.626638,36.884571,36.552941,36.884571,818500
2006-12-06,36.538198,36.737173,36.442393,36.597153,1009800
2006-12-07,36.729807,36.737175,36.302372,36.420284,611100
2006-12-08,35.963370,36.169720,35.764392,35.852829,740400
2006-12-11,35.771772,35.786512,35.565423,35.779140,285000
2006-12-12,35.528576,35.528576,35.263272,35.432774,636200
2006-12-13,35.757024,35.801242,35.594893,35.720177,725200
2006-12-14,36.398173,36.855084,36.398173,36.840347,746300
2006-12-15,36.943525,36.943525,36.670850,36.766655,435100
2006-12-18,36.862456,37.054063,36.516086,36.633999,450700
2006-12-19,36.169710,36.493969,36.073905,36.493969,673400
2006-12-20,36.956211,37.067501,36.837500,36.896854,671900
2006-12-21,36.785567,36.844921,36.511046,36.718792,445500
2006-12-22,36.718785,36.718785,36.392328,36.473942,564200
2006-12-26,36.488783,36.792980,36.422008,36.778141,359700
2006-12-27,36.726213,36.985892,36.607502,36.837505,629900
2006-12-28,37.104599,37.104599,36.614916,36.652016,884000
2006-12-29,36.585241,36.993309,36.577820,36.652016,1219300
2007-01-03,36.407176,36.540726,35.821040,36.154915,2059300
2007-01-04,35.850718,35.850718,35.464907,35.754265,1806200
2007-01-05,35.168129,35.361033,34.789736,34.893608,748600
2007-01-08,34.826830,35.093931,34.685862,34.960381,855200
2007-01-09,34.871352,34.901031,34.389088,34.574574,975700
2007-01-10,34.136811,34.485526,33.684228,34.463268,1425700
2007-01-11,34.648771,35.101357,34.314895,34.730385,1790500
2007-01-12,35.138447,35.576194,35.093929,35.509418,540900
2007-01-16,35.665230,35.724587,35.427808,35.620712,815200
2007-01-17,35.509424,35.546520,35.316517,35.331356,812300
2007-01-18,35.598452,35.605873,35.004898,35.131027,886800
2007-01-19,34.849098,35.264585,34.782323,35.220070,786700
2007-01-22,35.027164,35.131036,34.722968,34.871357,1570700
2007-01-23,34.967808,35.294262,34.878772,35.294262,1058400
2007-01-24,35.828467,36.088146,35.672660,36.058468,1581400
2007-01-25,35.672651,35.798780,35.034579,35.108772,917200
2007-01-26,35.101355,35.242323,34.826834,35.234905,1065900
2007-01-29,35.375863,35.457478,34.789727,34.901020,1038500
2007-01-30,35.049421,35.323939,34.975225,35.197807,801600
2007-01-31,34.619088,35.279418,34.611670,35.101353,1044700
2007-02-01,35.709747,36.095558,35.657812,36.021362,1360600
2007-02-02,36.518473,36.644603,36.347827,36.407181,1331300
2007-02-05,36.711362,36.711362,36.459101,36.607491,1497300
2007-02-06,36.911697,37.119441,36.852340,37.097183,1182100
2007-02-07,36.933950,37.171371,36.800400,36.889435,733600
2007-02-08,36.540721,36.696528,36.466527,36.689110,1018900
2007-02-09,36.904274,37.015564,36.340395,36.503624,1097200
2007-02-12,36.429433,36.429433,36.184593,36.399757,1605800
2007-02-13,36.585238,36.844917,36.525881,36.844917,1984300
2007-02-14,37.022989,37.572025,37.000728,37.416218,2283100
2007-02-15,37.512670,37.646220,37.408796,37.490410,483200
2007-02-16,37.468159,37.868809,37.416223,37.779774,1385300
2007-02-20,38.247193,38.247193,37.468152,37.876221,914100
2007-02-21,37.913316,38.002351,37.646219,37.980091,781500
2007-02-22,38.135897,38.521706,37.980087,38.180412,1033800
2007-02-23,38.284285,38.373320,37.928153,38.121059,643100
2007-02-26,38.313971,38.425264,37.861385,38.061710,569600
2007-02-27,36.748467,36.815242,34.248118,35.635551,2988800
2007-02-28,35.999113,36.800411,35.999113,36.347828,2031400
2007-03-01,35.390716,36.036207,33.617471,35.791367,1954200
2007-03-02,35.182955,36.191999,35.182955,35.405540,1956500
2007-03-05,34.767479,35.539101,34.211021,34.893608,1907300
2007-03-06,36.065876,36.689109,35.880390,36.466526,1849600
2007-03-07,36.102986,36.422022,36.021371,36.058468,1415500
2007-03-08,36.206839,37.008139,36.206839,36.867168,822100
2007-03-09,36.963627,37.097177,36.444266,36.592655,795600
2007-03-12,36.978466,37.490406,36.933948,37.334599,674500
2007-03-13,36.763303,37.060082,36.021360,36.073296,1155800
2007-03-14,36.021371,36.614925,35.546527,36.614925,1393700
2007-03-15,36.822660,37.119436,36.637174,36.844917,1222200
2007-03-16,37.022980,37.112012,36.555555,36.607491,546700
2007-03-19,36.985892,37.527513,36.985892,37.364285,767100
2007-03-20,37.304921,37.505246,37.134275,37.401375,1235000
2007-03-21,37.408790,38.380737,37.290080,38.351059,800300
2007-03-22,37.905899,37.928156,37.579445,37.579445,1417600
2007-03-23,37.705575,37.839125,37.542347,37.586864,1091500
2007-03-26,37.646218,37.646218,37.104596,37.557182,718900
2007-03-27,37.468154,37.505250,37.134278,37.230732,970100
2007-03-28,37.097183,37.163958,36.763308,36.911697,895500
2007-03-29,37.623961,37.787190,37.327185,37.742672,906200
2007-03-30,37.802024,37.816863,37.356856,37.520084,926300
2007-04-02,37.972675,38.210097,37.772350,38.098804,914100
2007-04-03,38.254615,38.699780,38.180418,38.670101,756700
2007-04-04,38.499456,40.072375,38.499456,38.766556,1065100
2007-04-05,38.736880,39.085594,38.736880,38.900108,475500
2007-04-09,39.330430,39.330430,39.055912,39.130108,439600
2007-04-10,39.196875,39.248811,38.952033,39.085583,659100
2007-04-11,39.545590,39.627204,38.959453,39.003971,1292100
2007-04-12,39.545601,39.975929,39.152371,39.931412,989600
2007-04-13,39.745914,39.990757,39.456557,39.901722,685000
2007-04-16,39.879467,40.198503,39.834949,40.064953,906500
2007-04-17,39.812702,39.946252,39.671734,39.686573,1133000
2007-04-18,39.456557,40.198501,39.456557,39.731075,952800
2007-04-19,39.100424,39.404621,38.825906,39.374943,1049800
2007-04-20,39.872055,40.064959,39.768181,39.983345,539000
2007-04-23,40.005600,40.094635,39.768178,39.849792,468100
2007-04-24,40.213350,40.235607,39.827539,40.035282,1080200
2007-04-25,40.079797,40.294961,39.901729,40.176250,991700
2007-04-26,40.131725,40.243018,39.827529,40.072369,632300
2007-04-27,40.591736,40.591736,39.419467,39.738503,851000
2007-04-30,39.842367,39.975917,39.278488,39.367523,967000
2007-05-01,39.397210,39.693989,39.196888,39.693989,870300
2007-05-02,39.975924,40.606575,39.923988,40.450768,759800
2007-05-03,40.806904,40.970132,40.473029,40.806904,1217500
2007-05-04,40.881083,40.933019,40.524950,40.547211,898700
2007-05-07,41.036902,41.192710,41.007224,41.111095,951700
2007-05-08,40.970131,41.103681,40.754967,41.066582,761600
2007-05-09,41.333668,41.741736,41.266893,41.704639,783500
2007-05-10,41.741752,41.756591,40.717871,40.806904,1438300
2007-05-11,41.363355,42.083041,41.363355,41.845619,1521100
2007-05-14,41.674967,41.919810,41.207545,41.437546,639700
2007-05-15,41.318834,41.704645,41.125930,41.214962,963800
2007-05-16,41.645303,42.097889,41.541431,42.053371,2135500
2007-05-17,41.719489,41.838200,41.504325,41.623035,1469900
2007-05-18,41.378195,41.585939,41.326260,41.482067,607200
2007-05-21,41.845619,42.038523,41.734327,41.771423,2075900
2007-05-22,42.238850,42.439175,42.075621,42.194332,1468000
2007-05-23,42.261110,42.661760,42.134981,42.142399,898000
2007-05-24,42.313038,42.350137,41.252059,41.400448,1319200
2007-05-25,42.068202,42.342720,41.956909,42.216591,821000
2007-05-29,42.402078,42.461432,41.979170,42.253689,965200
2007-05-30,41.623031,42.624657,41.623031,42.624657,1260200
2007-05-31,43.210797,43.440797,43.069826,43.106922,1051900
2007-06-01,43.752424,44.101135,43.678228,43.960167,1843600
2007-06-04,44.516622,44.672429,44.331136,44.553719,1174100
2007-06-05,44.553711,44.627907,44.078868,44.368225,1082500
2007-06-06,44.479517,44.479517,43.559505,43.744991,2161700
2007-06-07,43.856279,44.486930,43.329500,43.552082,3222700
2007-06-08,43.552084,44.449835,43.418534,44.442417,3330300
2007-06-11,44.182742,44.182742,43.589187,43.989838,2602100
2007-06-12,44.101129,44.145647,43.522414,43.611446,1450600
2007-06-13,43.975001,44.583394,43.945322,44.449844,1441800
2007-06-14,45.258560,45.570175,45.117592,45.458885,2250800
2007-06-15,45.636947,46.089533,45.636947,45.926308,1122000
2007-06-18,46.386317,46.556964,45.933731,46.134056,1488600
2007-06-19,46.000502,46.371474,45.866952,46.260181,824900
2007-06-20,46.000510,46.104382,45.295663,45.436634,2598900
2007-06-21,45.666623,46.193402,45.525655,46.163727,1853000
2007-06-22,45.169523,45.473719,44.598226,44.880165,1741000
2007-06-25,44.976620,45.176945,44.516616,44.776295,1183900
2007-06-26,45.021135,45.355010,44.264352,44.301449,2132800
2007-06-27,43.848869,44.835655,43.848869,44.694687,1295300
2007-06-28,44.813402,45.221470,44.694691,44.850498,1034100
2007-06-29,44.650161,44.998875,44.397900,44.739193,1279600
2007-07-02,45.874372,46.364055,45.384687,46.007919,1653800
2007-07-03,46.185992,46.816643,46.185992,46.631157,777000
2007-07-05,47.432454,48.033427,47.009547,47.358261,1369900
2007-07-06,48.092785,48.582470,47.833106,48.374722,1375400
2007-07-09,48.701184,48.871834,48.523119,48.716026,1166900
2007-07-10,48.307940,48.738269,47.929547,48.070518,2132800
2007-07-11,48.374714,48.686334,48.181813,48.589878,1012100
2007-07-12,49.183441,50.081192,49.183441,50.081192,1850900
2007-07-13,50.823142,51.075400,50.711849,50.897335,1478000
2007-07-16,51.149598,51.149598,50.081197,50.192490,1959100
2007-07-17,49.947632,50.377961,49.947632,50.229568,1098100
2007-07-18,49.265059,49.895710,49.079573,49.524738,1766300
2007-07-19,49.747318,50.185062,49.747318,50.029255,1840500
2007-07-20,51.082807,51.082807,49.739891,50.355705,1891400
2007-07-23,51.179272,51.602179,51.112494,51.490887,953300
2007-07-24,50.941839,51.253454,50.021825,50.415054,2365400
2007-07-25,51.409269,51.617012,50.474419,51.157005,2378400
2007-07-26,49.413443,50.147966,47.758912,48.523113,5792300
2007-07-27,48.226335,48.931179,47.491812,47.595684,3948100
2007-07-30,49.265050,49.888280,48.537943,49.413437,2600900
2007-07-31,50.429917,50.467011,48.634415,48.946030,3520800
2007-08-01,47.373106,48.226343,46.037608,47.781178,7331000
2007-08-02,48.612134,48.626976,47.195025,47.729225,1431100
2007-08-03,47.781163,48.026006,45.666622,46.022755,4440900
2007-08-06,47.039228,47.766329,46.319542,47.744072,3284100
2007-08-07,47.076321,48.256011,46.846317,47.899876,3225200
2007-08-08,48.270844,49.695380,48.270844,49.124081,4711800
2007-08-09,47.187608,47.907294,46.445665,46.742443,2526900
2007-08-10,45.295654,46.764702,44.739196,46.111794,4246400
2007-08-13,46.653416,47.039227,46.215669,46.223087,2208200
2007-08-14,46.067284,46.119220,44.479525,44.813400,3131500
2007-08-15,44.397909,44.650170,42.958539,43.381447,4010000
2007-08-16,41.163034,42.424338,39.026235,41.756588,9504000
2007-08-17,43.032730,44.516617,42.535629,43.403702,6055000
2007-08-20,44.093708,44.123387,42.669175,43.507572,4042700
2007-08-21,43.195957,43.492733,42.839825,43.166279,2425800
2007-08-22,44.368221,45.214036,44.167896,45.080486,3502400
2007-08-23,45.377262,45.970816,44.464672,45.162098,2954100
2007-08-24,45.125005,46.185984,45.006294,46.104370,2325500
2007-08-27,45.755660,45.807599,45.147266,45.147266,1484800
2007-08-28,45.881787,45.881787,43.960153,44.182735,3056200
2007-08-29,45.644370,47.150514,45.585013,46.831478,3397000
2007-08-30,46.260184,46.697931,45.815019,46.297283,2401300
2007-08-31,47.617935,48.248586,47.321157,47.558578,2892700
2007-09-04,47.306324,48.367306,47.239549,48.003750,3421400
2007-09-05,47.187614,47.187614,46.586642,46.890839,1827300
2007-09-06,47.744074,48.026017,47.306327,47.751495,897000
2007-09-07,46.935347,47.068897,46.126629,46.497601,2011000
2007-09-10,46.668255,46.720191,45.466305,46.208248,2554200
2007-09-11,46.312119,47.321163,46.297283,47.195034,1356400
2007-09-12,46.282441,47.016964,45.963406,46.660831,3020200
2007-09-13,47.484388,48.092781,47.143094,47.662453,1880400
2007-09-14,47.669883,48.144726,47.365686,47.870205,1965000
2007-09-17,47.521481,47.729224,47.113410,47.499218,1315400
2007-09-18,47.321154,49.465370,46.942764,49.183434,4618200
2007-09-19,50.526357,50.578293,49.413442,50.021835,3432800
2007-09-20,49.636022,49.910538,48.975693,49.413437,2192300
2007-09-21,49.984740,50.326034,49.873448,50.125706,1694200
2007-09-24,50.533784,50.748949,50.244427,50.526363,1151900
2007-09-25,49.932798,50.066348,49.383756,49.992149,1681200
2007-09-26,50.444755,50.786049,50.288948,50.689598,1695200
2007-09-27,51.090233,51.119911,50.459582,51.119911,1815300
2007-09-28,50.711842,51.142170,50.244419,50.496677,2154700
2007-10-01,51.119918,52.893163,51.112497,52.544449,2534900
2007-10-02,52.885746,53.642531,52.848652,53.345753,4030300
2007-10-03,53.145407,53.175085,52.099270,52.344112,2715700
2007-10-04,52.581542,52.856057,52.217985,52.626057,1173700
2007-10-05,53.048970,53.790914,52.700256,53.375427,2139300
2007-10-08,52.410888,52.997024,52.032495,52.826374,1244700
2007-10-09,53.353169,53.575748,53.048969,53.419941,2859500
2007-10-10,53.078646,53.746397,53.078646,53.583168,2062700
2007-10-11,54.866729,54.896407,52.885741,53.419941,3532700
2007-10-12,53.605425,53.664782,53.048968,53.457039,1465200
2007-10-15,52.499943,53.330916,52.017678,52.314457,2803500
2007-10-16,51.119920,52.002830,50.407655,50.897335,2774800
2007-10-17,51.809920,52.054763,50.637648,51.639271,2573700
2007-10-18,51.305397,52.485084,51.201525,52.047340,1743000
2007-10-19,50.607969,51.379591,49.866025,50.044090,2460400
2007-10-22,48.856980,50.214738,48.597301,49.836346,3214900
2007-10-23,50.756359,51.023454,50.229574,50.912167,2146700
2007-10-24,50.103448,50.585713,49.168598,50.311192,3047400
2007-10-25,51.869272,52.025080,50.978937,51.898945,3457500
2007-10-26,53.323484,54.466077,53.308642,54.243492,4125100
2007-10-29,54.555109,55.156082,54.243494,55.022537,3714400
2007-10-30,54.117366,54.198980,53.605423,53.605423,3035800
2007-10-31,54.755436,55.682865,54.147042,55.467701,4301200
2007-11-01,53.790913,53.872527,51.943475,52.930256,3546800
2007-11-02,53.367999,53.375420,51.809918,52.974770,2691700
2007-11-05,51.743150,52.640901,51.387020,51.943478,2236900
2007-11-06,53.887358,54.792530,53.553486,54.792530,2880700
2007-11-07,53.687035,53.820585,52.566698,52.603798,2289400
2007-11-08,52.559269,52.603789,50.125695,51.594746,4642000
2007-11-09,50.585713,51.847015,50.251841,50.941849,4474900
2007-11-12,50.259254,50.563453,48.471173,48.693752,2962700
2007-11-13,50.296364,52.054773,50.288943,51.706059,2272700
2007-11-14,52.373800,52.640900,51.297984,51.557663,2545100
2007-11-15,51.171856,51.223792,49.791841,50.185070,2061600
2007-11-16,50.778626,50.778626,49.472803,50.407654,2050000
2007-11-19,49.517301,49.517301,47.744056,48.204063,3698500
2007-11-20,47.410195,48.901503,47.328581,48.448917,3029100
2007-11-21,46.505031,46.660838,45.251147,45.711151,2689900
2007-11-23,46.430833,46.697931,45.406950,46.297283,1283700
2007-11-26,48.048268,48.048268,45.978245,46.148891,4315400
2007-11-27,46.927928,48.137293,46.905670,47.929550,3674300
2007-11-28,48.189224,49.747310,47.617930,49.265045,3245500
2007-11-29,48.560198,49.153755,48.300519,48.537941,1510500
2007-11-30,49.858607,50.006999,49.027634,49.213120,1676000
2007-12-03,48.612145,49.598932,48.545373,48.842152,1778200
2007-12-04,49.064724,49.428280,48.745688,48.908916,1013200
2007-12-05,50.081194,51.194110,50.044095,50.741524,2025900
2007-12-06,50.875069,51.550240,50.526354,51.527977,1919400
2007-12-07,50.941845,50.941845,50.437323,50.756359,2631400
2007-12-10,50.155389,50.407653,49.925388,50.014423,1133100
2007-12-11,50.170232,50.377975,48.196659,48.196659,3468500
2007-12-12,50.504100,51.335078,49.257634,50.081192,3980300
2007-12-13,49.205688,49.628596,48.345037,49.265045,2943400
2007-12-14,48.359879,48.589879,47.847936,47.929550,1876400
2007-12-17,46.772122,46.927929,45.599850,45.815014,2279500
2007-12-18,47.395366,47.558591,46.171157,47.113426,3180700
2007-12-19,47.469550,48.456333,47.217289,47.773746,3413200
2007-12-20,47.217289,47.410196,46.601477,47.187611,3206600
2007-12-21,48.226330,48.760530,47.929551,48.597301,1500700
2007-12-24,49.618785,49.917245,49.111405,49.536709,1376000
2007-12-26,49.156166,49.193476,48.760709,48.895016,691800
2007-12-27,48.924863,48.947246,48.283176,48.313023,2529700
2007-12-28,48.686097,49.089017,48.417484,48.708481,1729300
2007-12-31,48.805488,48.805488,48.148875,48.275719,1213100
2008-01-02,47.753415,47.977261,45.843277,46.686424,4018600
2008-01-03,47.380333,47.753406,46.350649,47.283333,3394600
2008-01-04,46.843114,46.843114,45.112053,45.514973,4476500
2008-01-07,46.037276,46.552117,45.313513,45.888046,2695800
2008-01-08,46.223809,46.731189,45.276202,45.403046,2212800
2008-01-09,46.290963,46.947571,45.686583,46.425270,3617200
2008-01-10,45.858196,47.440030,45.514969,47.104263,4887000
2008-01-11,45.119514,45.694048,44.768824,45.022514,2929600
2008-01-14,44.962818,45.552274,44.955357,45.380661,4025200
2008-01-15,44.470375,44.470375,43.007927,43.463078,4636600
2008-01-16,42.985537,43.410840,41.620086,42.522926,6802400
2008-01-17,43.574996,43.574996,41.717089,42.276699,4680300
2008-01-18,43.649610,43.768994,42.530390,43.366074,3160300
2008-01-22,40.515784,43.231759,40.515784,41.985695,5435000
2008-01-23,39.956178,42.508003,39.172724,42.149853,5309100
2008-01-24,41.978233,42.992993,41.858850,42.493076,3387200
2008-01-25,43.089999,44.030144,41.993162,42.291622,2634100
2008-01-28,41.336547,42.217001,40.829167,41.903618,2619300
2008-01-29,42.067774,42.187157,41.470857,42.142387,1702200
2008-01-30,40.672485,42.433393,40.433718,40.829178,3709500
2008-01-31,41.127627,42.694537,41.030630,42.269234,4028800
2008-02-01,42.119993,43.358597,42.022994,42.940754,2679000
2008-02-04,43.634684,43.977911,43.127303,43.448147,2243400
2008-02-05,43.194453,43.276529,41.500699,41.679775,3142700
2008-02-06,41.948387,42.478150,40.933626,40.993317,3361900
2008-02-07,40.806780,42.328921,40.493400,41.590237,2856600
2008-02-08,41.627545,42.239385,41.209701,42.082695,3168300
2008-02-11,42.120002,42.343845,41.276855,42.231922,2884200
2008-02-12,42.246844,43.075068,42.008077,42.485611,4122300
2008-02-13,42.119999,42.493072,41.493235,42.396072,3695700
2008-02-14,43.276530,43.619757,42.552766,42.798996,4774600
2008-02-15,42.910926,43.216847,42.328932,42.694546,1981900
2008-02-19,43.985370,44.082370,43.395913,43.530220,2437500
2008-02-20,42.843767,43.612300,42.425926,43.172073,3229400
2008-02-21,43.209370,43.627213,42.627376,42.642300,3114300
2008-02-22,43.127299,43.127299,41.948389,43.075069,3164800
2008-02-25,43.343685,44.171908,42.888534,43.910755,2718600
2008-02-26,43.642140,44.418131,43.209373,43.985367,2895100
2008-02-27,43.925684,44.679294,43.709304,44.209221,3217600
2008-02-28,44.328604,44.492757,43.843607,44.142067,2656800
2008-02-29,43.530218,43.567525,42.231921,42.485611,3635200
2008-03-03,42.149845,42.448302,41.709618,42.440842,4649400
2008-03-04,41.478317,42.284154,41.112703,42.157310,4374500
2008-03-05,42.276697,42.836307,42.015546,42.754230,4031300
2008-03-06,42.433376,42.470683,41.448463,41.784229,2977000
2008-03-07,41.045551,41.918545,40.635171,41.060474,2891100
2008-03-10,40.799329,40.799329,39.381649,40.157642,5788500
2008-03-11,41.336547,41.903618,40.888857,41.903618,3830400
2008-03-12,41.090317,41.664850,40.829166,40.978394,1842500
2008-03-13,39.538337,40.299405,39.098110,39.717411,5674200
2008-03-14,39.284649,39.284649,37.344665,38.008736,4325700
2008-03-17,36.300052,37.426733,36.165745,37.143196,5509200
2008-03-18,38.053501,38.911571,37.911734,38.799648,5196200
2008-03-19,38.628037,39.157801,37.881890,38.031120,4130700
2008-03-20,38.747424,39.478648,38.307197,39.471188,3952700
2008-03-24,39.993489,41.097790,39.993489,40.888866,3950300
2008-03-25,41.150012,41.620082,41.150012,41.276855,4458700
2008-03-26,41.000784,41.269398,40.627711,41.157475,2720100
2008-03-27,41.560397,41.575320,40.896326,40.970940,1873000
2008-03-28,41.612609,41.687223,41.030616,41.142536,2112900
2008-03-31,41.508157,41.836461,41.388774,41.627541,3029300
2008-04-01,42.351299,43.560059,42.351299,43.433212,5436900
2008-04-02,43.880915,44.022682,43.269074,43.679455,2689600
2008-04-03,44.000301,44.433065,43.545151,44.149529,3612400
2008-04-04,44.201761,44.537525,43.806301,44.149529,1594200
2008-04-07,44.671823,44.918053,44.052523,44.515133,2425700
2008-04-08,43.888374,44.089834,43.649607,43.836143,2730100
2008-04-09,43.657075,44.030148,43.209387,43.463078,2820300
2008-04-10,43.970448,44.283829,43.567528,44.022678,2299000
2008-04-11,43.731677,44.134597,43.343680,43.582447,1839400
2008-04-14,43.485453,43.701836,43.269072,43.522762,1751000
2008-04-15,43.201931,43.284004,42.836317,43.119854,1929800
2008-04-16,43.507835,43.888368,43.448142,43.828678,3130400
2008-04-17,43.269073,43.477993,42.940766,43.201920,2274000
2008-04-18,43.739146,44.239066,43.649609,43.716763,3238300
2008-04-21,44.089825,44.425592,43.813752,44.268902,1783700
2008-04-22,43.843593,43.970439,43.269062,43.433212,2021900
2008-04-23,44.052525,44.776286,43.970449,44.738979,2342000
2008-04-24,44.753905,44.865829,43.918221,44.716599,1394000
2008-04-25,45.246361,45.395591,44.746444,45.216515,1404400
2008-04-28,45.119514,45.380665,44.858361,45.119514,1763700
2008-04-29,44.686745,44.686745,44.022675,44.395748,1734500
2008-04-30,44.768820,45.194123,44.515130,44.858356,1882400
2008-05-01,44.806129,45.694046,44.664362,45.500046,1539400
2008-05-02,45.820893,45.888046,45.298589,45.776123,1872700
2008-05-05,45.671666,45.753743,45.365746,45.559746,2765600
2008-05-06,45.015060,45.656745,44.768830,45.649284,2303700
2008-05-07,44.604671,44.903131,43.761527,43.858524,3139300
2008-05-08,43.642138,44.045055,43.507831,43.798828,1910700
2008-05-09,42.836302,43.007916,42.604996,42.716919,2392600
2008-05-12,42.828845,43.410839,42.724382,43.410839,1720000
2008-05-13,43.477999,43.522769,42.925849,43.276539,1559000
2008-05-14,43.343680,43.836137,43.298910,43.515293,1748400
2008-05-15,44.403205,44.918048,44.171901,44.880741,3544300
2008-05-16,45.216508,45.365738,44.858357,45.283661,4375900
2008-05-19,45.059827,45.291134,44.656907,44.821060,2822400
2008-05-20,44.059973,44.104742,43.380979,43.500362,4334200
2008-05-21,43.560068,43.724218,42.694537,42.918381,3187500
2008-05-22,42.903453,43.321297,42.866147,43.209373,2239000
2008-05-23,42.754225,42.761688,42.112538,42.373692,1959100
2008-05-27,42.731847,43.142228,42.530387,43.112381,1471400
2008-05-28,42.970607,43.149684,42.433381,43.000454,1583100
2008-05-29,43.776446,44.134599,43.448142,43.768986,2708900
2008-05-30,44.268908,44.552442,44.171908,44.328598,1674300
2008-06-02,44.082369,44.134599,43.283989,43.865986,1280400
2008-06-03,43.798826,44.074899,43.246676,43.433212,3581100
2008-06-04,43.948061,43.948061,43.395910,43.567524,2589000
2008-06-05,43.686908,44.455442,43.537678,44.201752,1752200
2008-06-06,43.776438,43.806284,42.403530,42.552757,3806200
2008-06-09,42.672151,42.709460,41.784237,42.433384,2189500
2008-06-10,41.411163,41.888696,41.299239,41.620083,3851400
2008-06-11,41.635005,41.814081,41.082858,41.239548,1869600
2008-06-12,40.851545,41.485769,40.687392,40.956005,5300500
2008-06-13,40.814250,41.358937,40.612790,41.135094,1668900
2008-06-16,41.179859,41.426089,40.814249,41.179859,1203500
2008-06-17,41.657401,42.082705,41.388788,41.508171,2359000
2008-06-18,41.567850,41.866310,41.008240,41.493237,4453500
2008-06-19,41.217161,41.649924,41.000777,41.597694,1457500
2008-06-20,40.717237,40.747083,39.926320,40.090473,3671000
2008-06-23,39.933794,40.023331,39.530874,39.717411,1455600
2008-06-24,39.806949,40.232253,39.501029,39.575645,1486000
2008-06-25,40.211228,40.762273,40.014964,40.165936,2471000
2008-06-26,39.441276,39.977223,39.048750,39.139332,4499000
2008-06-27,38.822293,39.094042,38.407122,38.814743,2420700
2008-06-30,38.542991,38.867579,38.497698,38.527893,1356800
2008-07-01,38.120278,38.241055,37.456003,38.180668,3228300
2008-07-02,38.135373,38.241052,37.078572,37.116314,2965600
2008-07-03,37.372961,37.606968,36.746431,37.282379,3577600
2008-07-07,36.897408,37.214446,36.157648,36.731339,3733400
2008-07-08,36.233137,37.010639,36.082165,36.972897,4169300
2008-07-09,37.063470,37.471093,36.308613,36.308613,3411900
2008-07-10,36.867215,37.320128,36.610564,37.206902,2652100
2008-07-11,37.131416,37.742851,36.791733,37.418262,2683700
2008-07-14,37.690013,37.690013,36.859671,37.169163,1289800
2008-07-15,36.263330,36.565271,35.372598,36.074615,3574500
2008-07-16,35.916092,37.169154,35.787765,37.071022,3204100
2008-07-17,36.859666,37.184252,36.527527,36.731339,2991000
2008-07-18,36.595479,36.723806,36.285987,36.452057,2147700
2008-07-21,37.418257,37.637166,37.071023,37.184250,1730200
2008-07-22,37.191792,37.742837,36.897399,37.674900,1968600
2008-07-23,38.120282,38.875139,38.082540,38.784557,4235700
2008-07-24,39.252564,39.388438,38.497707,38.663776,4634100
2008-07-25,38.535450,38.875136,38.422223,38.656227,1842800
2008-07-28,38.429769,38.663776,37.720205,37.773045,1655600
2008-07-29,37.508845,38.610938,37.456005,38.550549,2203500
2008-07-30,38.346736,38.671325,37.991955,38.331638,2974900
2008-07-31,38.097630,38.399571,37.727749,37.727749,1830900
2008-08-01,37.840975,37.840975,37.018181,37.342770,2145900
2008-08-04,36.799281,37.055933,36.452048,36.482243,3263700
2008-08-05,37.003092,37.501298,36.829475,37.372971,2755200
2008-08-06,37.516393,38.097634,37.516393,37.810787,3048900
2008-08-07,37.357875,37.425812,36.603018,36.648308,2150800
2008-08-08,36.904958,37.705107,36.806826,37.652267,1430800
2008-08-11,37.320116,37.916454,37.237085,37.674900,1662300
2008-08-12,37.312580,37.433357,36.844570,36.987991,1847900
2008-08-13,36.663404,36.799279,36.263331,36.535080,4384200
2008-08-14,36.693593,37.116311,36.459587,37.033279,1902000
2008-08-15,36.852107,37.048372,36.670943,36.776623,680000
2008-08-18,36.414302,36.678500,36.082163,36.172745,1737200
2008-08-19,35.485824,35.606601,35.161238,35.410339,1629200
2008-08-20,35.757579,36.021781,35.478283,36.006683,1085200
2008-08-21,34.980073,35.244272,34.806456,35.115948,1987100
2008-08-22,34.874393,34.874393,34.572449,34.814003,2566100
2008-08-25,34.119544,34.127091,33.425074,33.576046,2729900
2008-08-26,33.206153,33.455255,33.077826,33.266541,2049900
2008-08-27,33.394872,33.757203,33.394872,33.591133,993200
2008-08-28,33.432612,33.530742,33.183508,33.334480,2397400
2008-08-29,32.806080,32.987247,32.496589,32.662659,2635800
2008-09-02,31.032171,31.100108,30.058405,30.232021,4962600
2008-09-03,30.201823,30.533962,29.892332,29.967819,4712800
2008-09-04,30.707576,30.707576,29.605486,29.703615,3627400
2008-09-05,30.065950,30.609445,29.930076,30.541508,4322400
2008-09-08,33.183515,33.183515,31.771933,32.466400,7349400
2008-09-09,32.081424,32.360720,31.205790,31.326567,4742300
2008-09-10,32.519238,32.790984,32.111614,32.534332,3342900
2008-09-11,31.281275,32.141815,31.115209,32.081425,3697100
2008-09-12,32.028579,32.926857,31.892704,32.866470,4100600
2008-09-15,31.349209,31.953097,30.896296,31.130302,3829700
2008-09-16,28.722309,30.511319,28.684567,30.103699,7022900
2008-09-17,30.571699,30.571699,28.639265,29.122375,7089300
2008-09-18,29.998020,31.930452,29.182773,31.439796,9753500
2008-09-19,38.444870,38.444870,32.451306,33.175968,7149600
2008-09-22,32.104071,32.345625,31.077465,31.243534,4713200
2008-09-23,31.575666,31.877607,30.798162,31.137848,4900600
2008-09-24,31.454887,31.749283,31.251078,31.696444,1599500
2008-09-25,31.832314,33.123122,31.719088,32.662659,3948000
2008-09-26,31.183143,31.779478,31.032171,31.537924,2172600
2008-09-29,29.809300,29.809300,27.250333,28.080677,6309100
2008-09-30,29.477162,30.050855,29.129929,29.990465,4351200
2008-10-01,29.424322,29.899882,29.039346,29.477161,1974600
2008-10-02,28.209006,28.239201,27.476797,27.567379,4910400
2008-10-03,27.680602,28.827985,27.167302,27.371111,4774600
2008-10-06,26.419993,26.419993,24.404526,25.182028,10741300
2008-10-07,25.295258,25.680237,23.694962,23.845934,6666400
2008-10-08,22.177695,23.793090,21.921045,22.192793,11474200
2008-10-09,23.030688,23.513796,21.309614,21.422842,5272100
2008-10-10,22.404155,23.053332,20.577401,22.691000,9600300
2008-10-13,25.567007,27.808933,25.091449,27.778738,8453200
2008-10-14,28.571333,28.714758,26.352055,27.250334,7445400
2008-10-15,25.582100,25.604745,23.294884,23.483599,5965400
2008-10-16,22.147501,23.513792,21.015216,23.513792,7530800
2008-10-17,21.241674,23.128816,21.135994,21.966337,5078600
2008-10-20,22.789134,23.400567,22.268282,23.272242,3802900
2008-10-21,21.988978,22.079561,20.803853,20.901985,3511000
2008-10-22,19.543245,19.731959,18.184503,18.765743,5555800
2008-10-23,17.950494,18.795933,17.286219,18.297728,9447200
2008-10-24,15.489662,16.682336,15.331142,16.229422,8463600
2008-10-27,16.078453,16.606854,15.587796,15.768962,7976500
2008-10-28,17.422099,19.060138,16.697437,19.052589,12675500
2008-10-29,17.391902,19.754603,16.916342,18.501541,11970900
2008-10-30,21.460586,22.623066,21.271872,22.585323,13085400
2008-10-31,21.890851,21.951240,21.196383,21.437937,10351500
2008-11-03,22.434349,22.434349,21.724784,21.981436,3647300
2008-11-04,23.045783,23.717605,22.849520,23.385468,4177400
2008-11-05,22.804230,22.977848,21.536071,21.649300,3932600
2008-11-06,20.124487,20.290555,19.007299,19.158270,6878400
2008-11-07,20.871795,21.437938,20.358492,21.392647,4171600
2008-11-10,21.649293,21.747424,20.441522,20.901985,3810200
2008-11-11,20.313202,20.615145,19.648929,19.996162,4427600
2008-11-12,19.648926,19.814994,18.614772,18.773293,7315500
2008-11-13,19.045041,20.720824,18.116567,20.683081,12508200
2008-11-14,18.984652,19.648927,18.531737,18.569481,5916300
2008-11-17,18.365670,18.795938,18.124116,18.169407,4688900
2008-11-18,17.520234,17.837274,17.067321,17.641012,4017300
2008-11-19,16.931438,17.293769,15.889735,15.889735,4327900
2008-11-20,15.323599,15.723674,14.342285,14.342285,7061500
2008-11-21,16.153936,17.059765,15.580245,17.037119,6158700
2008-11-24,16.229425,17.512682,16.229425,17.014477,6189800
2008-11-25,16.893697,16.893697,15.731218,16.138840,4563300
2008-11-26,17.074865,17.822173,16.788018,17.663652,3719200
2008-11-28,17.942949,18.101469,17.799526,18.063726,1574300
2008-12-01,17.218287,17.505133,16.327555,16.448334,3943200
2008-12-02,17.157899,17.693849,16.901248,17.595716,2896800
2008-12-03,16.674788,17.701394,16.629497,17.625908,3081400
2008-12-04,16.659693,17.120156,16.244522,16.599304,2166500
2008-12-05,16.606850,17.588163,16.312456,17.588163,2729500
2008-12-08,18.826133,19.362081,18.765745,19.082785,5999000
2008-12-09,18.743098,19.316790,18.660064,18.909166,2792700
2008-12-10,20.283008,20.479270,19.965968,20.396236,3756300
2008-12-11,20.751018,21.143544,20.358492,20.562304,4185200
2008-12-12,19.822542,20.486816,19.747056,20.298101,2712000
2008-12-15,20.471727,20.675538,19.898036,20.207527,1571400
2008-12-16,21.853113,22.132409,20.781216,21.853113,3990600
2008-12-17,21.430389,21.921047,21.430389,21.513424,4087500
2008-12-18,21.981436,22.373961,21.279419,21.460585,5572900
2008-12-19,22.215437,22.396603,21.830460,21.928591,2350500
2008-12-22,21.830462,21.853108,20.939731,21.430387,2453700
2008-12-23,20.624119,20.981280,20.380946,20.426540,2917500
2008-12-24,20.958485,21.148464,20.768506,21.125666,579100
2008-12-26,20.943286,21.156063,20.722911,20.988882,1009200
2008-12-29,21.232051,21.490422,20.958480,21.277645,1833700
2008-12-30,20.890089,21.133261,20.646916,21.042072,4429400
2008-12-31,21.209258,21.452431,20.973684,21.254852,2016700
2009-01-02,21.376431,22.159145,21.254845,22.052757,2926100
2009-01-05,22.052765,22.326334,21.741200,22.105959,2729300
2009-01-06,22.577104,22.926666,22.417522,22.622700,2973900
2009-01-07,22.561907,22.881071,22.295936,22.622700,3523100
2009-01-08,22.098356,22.470715,21.900778,22.470715,2847000
2009-01-09,21.642406,21.657604,20.890089,21.201654,2215200
2009-01-12,20.776103,20.791302,20.076981,20.221365,2514800
2009-01-13,20.426540,21.140862,20.426540,20.935684,2750900
2009-01-14,20.798898,20.806496,20.152969,20.487331,2470300
2009-01-15,19.924997,20.175769,19.035895,19.932596,3354500
2009-01-16,20.745708,20.814101,19.773017,20.358152,1827900
2009-01-20,19.940195,19.940195,19.142284,19.172680,3187000
2009-01-21,19.522242,20.152972,19.134684,20.054182,2642100
2009-01-22,19.537437,19.643826,18.883910,19.431049,1560400
2009-01-23,18.617943,19.263872,18.511555,19.073893,2193300
2009-01-26,19.241072,19.719820,19.020697,19.233473,2281400
2009-01-27,19.605832,19.932596,19.400656,19.681824,2305400
2009-01-28,20.928082,21.368833,20.722904,21.087664,5928700
2009-01-29,20.563325,20.912887,20.168170,20.327751,8520100
2009-01-30,20.456935,20.624116,19.902197,20.160568,10098000
2009-02-02,19.704622,20.221365,19.689423,20.046583,1885000
2009-02-03,20.646913,21.072465,20.403740,21.026871,5316000
2009-02-04,21.292843,21.786788,21.285244,21.429628,4228000
2009-02-05,21.163662,21.809590,20.836897,21.680405,5574900
2009-02-06,21.893179,22.607500,21.642406,22.440319,2157800
2009-02-09,21.786792,22.212344,21.612011,21.862783,2233400
2009-02-10,21.482821,21.543614,20.198563,20.396141,4771500
2009-02-11,20.700112,20.981282,20.510133,20.920488,2960100
2009-02-12,20.342949,20.821695,20.069378,20.715307,3174600
2009-02-13,20.616521,21.490426,20.494935,20.654518,1285300
2009-02-17,18.465957,18.845915,18.465957,18.481155,3305800
2009-02-18,18.496351,18.648335,18.207582,18.389963,4315700
2009-02-19,18.579942,18.663532,18.010005,18.048000,3712000
2009-02-20,16.968924,17.318486,16.725751,16.999321,6071600
2009-02-23,18.070801,18.329172,17.029715,17.052513,5499500
2009-02-24,17.432470,17.766832,16.984119,17.721237,4955700
2009-02-25,17.288086,17.478065,16.794141,17.196896,6015300
2009-02-26,17.417270,17.447666,16.794139,16.862532,12723900
2009-02-27,16.596565,16.870135,16.345793,16.566168,5423600
2009-03-02,16.026629,16.026629,15.145127,15.213519,9020400
2009-03-03,15.768256,16.171012,15.563079,15.707463,6692200
2009-03-04,16.786541,17.318483,16.626958,17.067709,7992600
2009-03-05,16.550972,16.756148,16.102622,16.262203,6697800
2009-03-06,16.778946,17.090512,16.307798,16.748550,4863000
2009-03-09,16.740953,17.136108,16.467383,16.718155,3291900
2009-03-10,17.797228,18.519149,17.493262,18.443157,4603800
2009-03-11,18.876312,18.997898,18.397564,18.655935,6344300
2009-03-12,18.367169,19.377857,18.344371,19.241072,7728400
2009-03-13,19.073891,19.195478,18.572347,18.921907,4621800
2009-03-16,19.560235,19.932594,19.393054,19.431049,4334200
2009-03-17,20.061782,20.593724,19.431052,20.494934,5631300
2009-03-18,20.403743,21.300444,19.947793,21.178858,6605900
2009-03-19,21.254850,21.429632,20.631719,20.692513,6726500
2009-03-20,20.738106,20.852093,20.259358,20.342949,4204100
2009-03-23,20.852092,22.288332,20.852092,22.227539,4763400
2009-03-24,21.672806,22.105958,21.429633,21.695602,4049400
2009-03-25,22.098354,22.721484,21.862780,22.311131,4701700
2009-03-26,23.071048,23.337017,22.744284,23.139441,4965700
2009-03-27,22.615101,22.675894,22.280738,22.523911,3531900
2009-03-30,21.125662,21.262447,20.601321,20.844494,5243500
2009-03-31,21.566412,21.984366,21.422029,21.627205,3530700
2009-04-01,22.083153,22.706284,21.999563,22.592297,4577800
2009-04-02,23.899357,24.507290,23.557395,24.112133,5246100
2009-04-03,24.286915,24.286915,23.640987,24.286915,4579200
2009-04-06,23.982949,24.218524,23.587794,24.051342,3878300
2009-04-07,23.610591,23.823368,23.557397,23.595392,4434100
2009-04-08,23.116640,23.640983,23.101442,23.314219,7056100
2009-04-09,24.636474,24.887248,24.583280,24.841652,3812000
2009-04-13,24.545286,24.970840,24.393302,24.773260,3169500
2009-04-14,24.712469,24.841653,24.302114,24.378107,5015200
2009-04-15,24.317308,24.606077,24.089334,24.598476,2834800
2009-04-16,24.689670,24.993635,24.385703,24.659273,3027500
2009-04-17,24.530090,24.742868,24.355309,24.651676,2156700
2009-04-20,24.104533,24.127331,23.337018,23.352217,3897600
2009-04-21,23.694178,24.484491,23.435807,24.484491,3157900
2009-04-22,24.385702,25.008832,24.355304,24.530085,3078700
2009-04-23,24.841650,25.122821,24.598477,25.024031,3806000
2009-04-24,24.986038,25.434388,24.826453,25.191216,5162000
2009-04-27,24.659272,24.659272,24.165326,24.241318,3568000
2009-04-28,23.451008,23.982949,23.337020,23.754974,3893900
2009-04-29,24.674475,25.426791,24.537690,25.252010,4999100
2009-04-30,26.087917,26.293092,25.776349,26.004326,4688900
2009-05-01,26.110708,26.543860,25.859935,26.399477,2920400
2009-05-04,26.863026,27.995302,26.809832,27.934507,5008600
2009-05-05,27.752129,27.774926,27.311377,27.653339,5002700
2009-05-06,27.394966,27.835718,27.159394,27.577347,5725900
2009-05-07,27.828124,27.942112,26.597061,26.749044,4513800
2009-05-08,27.630546,28.162488,27.546955,28.139688,3027200
2009-05-11,27.577357,27.812929,27.288588,27.349382,3217600
2009-05-12,27.645742,27.858517,27.212590,27.478559,3595300
2009-05-13,27.273384,27.273384,26.559064,26.597059,4328800
2009-05-14,26.475467,26.908619,26.346280,26.711042,3551700
2009-05-15,26.688248,26.969419,26.277895,26.429876,3697900
2009-05-18,27.075808,27.774929,27.075808,27.774929,5571500
2009-05-19,27.508956,28.246073,27.508956,27.934507,4065000
2009-05-20,28.405664,28.610841,28.002906,28.071299,3422400
2009-05-21,27.486160,27.539356,27.045410,27.273384,3160700
2009-05-22,27.440570,27.531760,27.204995,27.296185,1991900
2009-05-26,26.270297,26.931423,26.080318,26.878229,4885100
2009-05-27,26.133510,26.331089,25.601568,25.776348,7923100
2009-05-28,26.756637,27.220186,26.467871,27.113798,4672800
2009-05-29,27.318973,27.440559,26.999807,27.440559,3694400
2009-06-01,27.964913,28.474058,27.926918,28.436060,4452100
2009-06-02,28.162481,28.162481,27.683733,27.797722,4900600
2009-06-03,27.660941,27.706534,26.771838,26.984613,5100200
2009-06-04,27.030212,27.311380,26.733845,27.311380,3936700
2009-06-05,27.721734,27.721734,26.946620,27.136599,2703900
2009-06-08,26.771836,26.977014,26.483068,26.840229,2802400
2009-06-09,26.733841,26.794633,26.338685,26.589458,2814300
2009-06-10,27.311379,27.622944,26.969419,27.341776,4258000
2009-06-11,27.402573,28.238479,27.402573,27.843323,3462700
2009-06-12,27.638144,27.790128,27.417771,27.774929,1776300
2009-06-15,27.318978,27.318978,26.627454,26.779438,4091400
2009-06-16,27.015008,27.144195,26.452672,26.490667,2894600
2009-06-17,26.391877,26.749039,26.186700,26.483067,3556200
2009-06-18,26.467875,26.627457,26.148709,26.369085,3326700
2009-06-19,26.673044,26.726238,26.315886,26.399477,3558400
2009-06-22,26.490667,26.490667,25.707954,25.730751,5408200
2009-06-23,25.746806,25.907341,24.210254,25.815607,3710100
2009-06-24,26.014369,26.465397,25.853834,25.976147,3893800
2009-06-25,25.983789,26.771176,25.914988,26.710018,3011400
2009-06-26,26.625930,26.778818,26.511261,26.641216,2330600
2009-06-29,26.748239,26.878195,26.541836,26.786461,2792200
2009-06-30,26.786464,26.862908,26.304857,26.595350,4485300
2009-07-01,27.459179,27.757319,27.398025,27.451536,4134400
2009-07-02,27.138113,27.138113,26.602995,26.602995,3724600
2009-07-06,27.436250,27.635010,27.245137,27.604431,4014900
2009-07-07,27.726744,27.841410,27.153404,27.298649,3201000
2009-07-08,27.558565,27.604434,26.839980,27.283361,4830100
2009-07-09,27.443902,27.749681,27.329232,27.505056,2964600
2009-07-10,27.176331,27.382734,26.954639,27.260422,2229400
2009-07-13,26.182547,26.755888,25.991434,26.526552,4616600
2009-07-14,26.717659,26.786460,26.434812,26.732948,2907100
2009-07-15,27.764961,28.521771,27.612069,28.445324,6095000
2009-07-16,28.422392,28.835198,28.231279,28.667017,2608500
2009-07-17,28.674663,28.865777,28.506485,28.842844,2341400
2009-07-20,29.928379,29.989534,29.622597,29.760199,3692400
2009-07-21,30.088912,30.157713,29.599662,29.890152,3421800
2009-07-22,29.798413,30.211218,29.622589,30.012459,2826700
2009-07-23,30.043031,30.784552,29.936008,30.494059,3793800
2009-07-24,30.195933,30.555227,29.974240,30.425268,2919400
2009-07-27,30.883938,30.883938,30.394686,30.807491,3648000
2009-07-28,30.868650,30.945094,30.394686,30.769270,3018900
2009-07-29,30.409973,30.608733,30.218860,30.547575,2480100
2009-07-30,31.250873,31.724834,31.250873,31.487852,4233000
2009-07-31,31.633099,32.053548,31.633099,31.831856,3397700
2009-08-03,32.496931,32.787424,32.359332,32.680401,3739800
2009-08-04,32.221732,32.535158,32.053552,32.382267,2677200
2009-08-05,32.038263,32.145286,31.602524,32.045906,3987600
2009-08-06,32.290537,32.290537,31.533726,31.877731,4952300
2009-08-07,32.519874,32.825654,32.336404,32.665119,3794000
2009-08-10,32.152935,32.298180,31.778351,31.893021,2648100
2009-08-11,31.747768,31.747768,31.021539,31.159138,3415800
2009-08-12,31.013895,31.625458,31.013895,31.403769,2711400
2009-08-13,31.747766,31.915947,31.480208,31.824213,3443700
2009-08-14,32.038262,32.107063,31.495500,31.732479,3278200
2009-08-17,30.295307,30.356462,29.928370,29.928370,4969000
2009-08-18,30.868647,30.983313,30.669887,30.883936,2638800
2009-08-19,30.455838,31.090333,30.455838,31.075047,2323400
2009-08-20,31.342613,32.061199,31.342613,31.862442,2339000
2009-08-21,32.099420,32.435779,31.984751,32.382267,2387900
2009-08-24,32.581028,32.840942,32.435783,32.596317,2365900
2009-08-25,32.489290,32.840938,32.305820,32.382267,2950300
2009-08-26,32.382269,32.542804,32.237021,32.458714,2606800
2009-08-27,32.282891,32.443426,31.877731,32.366982,4342900
2009-08-28,32.565728,32.795067,32.175858,32.374615,2399500
2009-08-31,32.030616,32.053549,31.709544,31.793634,2469800
2009-09-01,32.573381,32.940318,31.877728,31.984751,5776700
2009-09-02,32.221735,32.657474,32.183510,32.542805,6046100
2009-09-03,32.879159,33.062629,32.504579,32.833294,3925800
2009-09-04,32.695697,33.223169,32.649829,33.100857,2962500
2009-09-08,33.391351,33.651265,33.269038,33.429573,3452200
2009-09-09,33.330187,33.712414,33.299611,33.483078,4367100
2009-09-10,33.750648,34.178740,33.483087,34.125229,2922100
2009-09-11,34.323981,34.431004,34.064067,34.255180,2961300
2009-09-14,33.704777,34.094647,33.704777,33.949402,3656800
2009-09-15,34.446287,34.874380,34.278107,34.813225,4633300
2009-09-16,35.478307,35.822312,35.218392,35.807022,3326500
2009-09-17,35.661774,35.898753,35.432436,35.570038,2692400
2009-09-18,35.753513,35.921694,35.638844,35.753513,4319300
2009-09-21,35.440077,35.638834,35.302475,35.516521,2779800
2009-09-22,36.227474,36.495035,36.196896,36.372723,3238300
2009-09-23,36.410945,36.762593,36.066940,36.097519,4617300
2009-09-24,36.303916,36.388004,35.333060,35.424793,5017000
2009-09-25,35.692352,35.906401,35.531818,35.692352,3153400
2009-09-28,35.699998,36.204538,35.470663,35.982845,2698600
2009-09-29,36.036368,36.334505,35.952278,36.028725,3234700
2009-09-30,36.472102,36.479748,35.738227,36.219833,4517400
2009-10-01,35.432438,35.493595,34.576250,34.698563,5957300
2009-10-02,34.255181,34.545671,33.949398,34.484516,4735100
2009-10-05,34.553316,35.164878,34.484515,35.050209,3533300
2009-10-06,34.958484,35.310132,34.866750,35.034931,4891600
2009-10-07,34.369849,34.599185,34.247537,34.530384,3840500
2009-10-08,34.935539,35.157231,34.752069,35.065495,3172600
2009-10-09,35.646482,35.799373,35.508880,35.638836,3542800
2009-10-12,35.447722,35.646481,35.325409,35.470657,2290000
2009-10-13,35.294828,35.363629,35.073139,35.233673,3385900
2009-10-14,36.059285,36.449158,35.921686,36.449158,3870400
2009-10-15,36.128090,36.510316,36.097514,36.433872,4606400
2009-10-16,35.149593,35.409507,34.973769,35.226040,5806500
2009-10-19,35.470658,35.990487,35.401857,35.914040,2638700
2009-10-20,35.837593,35.837593,35.256606,35.348343,4422800
2009-10-21,35.111365,35.592972,34.950831,35.027275,3430000
2009-10-22,34.453937,34.820875,34.155801,34.759720,3452400
2009-10-23,35.172519,35.187809,34.553313,34.729137,3173400
2009-10-26,35.493599,35.707645,34.859101,34.958481,3722600
2009-10-27,34.874386,35.134300,34.545670,34.645050,2888700
2009-10-28,34.010556,34.010556,33.162011,33.215523,4963100
2009-10-29,33.498366,34.507444,33.498366,34.369843,3762300
2009-10-30,33.758281,33.804150,32.588668,32.779781,5365600
2009-11-02,33.215523,33.506016,32.527513,32.970898,7651900
2009-11-03,32.420490,32.932675,32.313467,32.810360,6116200
2009-11-04,33.628325,34.010552,33.559524,33.720058,4673200
2009-11-05,33.559522,33.850013,33.391342,33.796501,2383700
2009-11-06,33.819443,34.163445,33.712417,34.018200,3053500
2009-11-09,34.614478,35.195465,34.568612,35.080795,2806700
2009-11-10,34.721494,34.805584,34.507448,34.675629,1790700
2009-11-11,35.248966,35.371279,34.851450,34.973763,3509900
2009-11-12,34.568607,34.637408,34.025843,34.148155,2526400
2009-11-13,34.362201,34.614470,34.148152,34.476868,2170800
2009-11-16,34.958476,35.485949,34.950833,35.279549,3550400
2009-11-17,34.935545,35.096079,34.736785,35.088436,1940500
2009-11-18,35.080782,35.325407,35.011981,35.233673,2719500
2009-11-19,35.157238,35.264261,34.782654,34.981411,3760900
2009-11-20,35.034926,35.333063,34.973769,35.226040,2142300
2009-11-23,35.822301,36.005769,35.784079,35.829945,5485200
2009-11-24,35.386573,35.829955,35.096080,35.302483,3513000
2009-11-25,35.485950,35.615909,35.409506,35.531818,1314700
2009-11-27,33.192598,33.972341,33.032063,33.635983,5305700
2009-11-30,33.857663,33.964686,33.498369,33.926464,6628200
2009-12-01,34.591536,34.950830,34.560957,34.843807,3376900
2009-12-02,35.111371,35.478308,35.034927,35.210751,3597200
2009-12-03,35.631193,35.868172,35.333057,35.508881,4777100
2009-12-04,36.273333,36.594403,35.753505,35.975197,7358700
2009-12-07,35.860530,36.143377,35.776440,36.005775,4451300
2009-12-08,35.822310,35.822310,35.241323,35.409504,5381900
2009-12-09,35.554741,35.868167,35.455364,35.829945,3551900
2009-12-10,35.990491,36.227470,35.952266,36.044003,3776400
2009-12-11,36.280974,36.319196,36.082218,36.227463,2049800
2009-12-14,36.426229,36.586764,36.311560,36.433872,1646500
2009-12-15,36.372717,36.502673,36.242758,36.334492,1674500
2009-12-16,36.487392,36.517971,36.250410,36.288635,2491400
2009-12-17,35.371280,35.386569,34.989053,35.027275,2896800
2009-12-18,35.256609,35.516524,35.004341,35.103718,3852400
2009-12-21,35.172525,35.531820,35.011991,35.226040,2668000
2009-12-22,35.566294,35.596949,35.267418,35.405361,4411500
2009-12-23,35.596945,35.711895,35.367040,35.650589,2231000
2009-12-24,35.872841,36.317322,35.872841,36.225361,967500
2009-12-28,36.493576,36.616192,36.256010,36.401615,1625900
2009-12-29,36.470594,36.470594,36.240690,36.279007,1376000
2009-12-30,36.608530,36.723480,36.493576,36.493576,1437300
2009-12-31,36.846092,36.846092,36.501234,36.508896,2117800
2010-01-04,37.428522,37.911323,37.359550,37.819359,4952600
2010-01-05,37.796369,37.888331,37.612447,37.834686,4520900
2010-01-06,38.194870,38.378796,38.125899,38.378796,3232800
2010-01-07,37.673752,37.788706,37.551136,37.597118,3456000
2010-01-08,37.926652,38.202536,37.765717,38.148891,2722800
2010-01-11,38.279175,38.409453,38.033943,38.386463,5167400
2010-01-12,38.079920,38.102913,37.719738,37.857681,3389500
2010-01-13,37.765721,37.964973,37.566471,37.918991,3780200
2010-01-14,37.972631,38.279172,37.934314,38.148891,3153300
2010-01-15,38.256181,38.302163,37.819361,37.857681,3096800
2010-01-19,38.248525,38.731326,38.087592,38.639362,4468500
2010-01-20,38.148895,38.187215,37.558806,37.918991,4177900
2010-01-21,38.348144,38.463095,37.512823,37.551140,5137100
2010-01-22,37.290583,37.313572,36.416945,36.485916,5999400
2010-01-25,36.984042,37.183294,36.639186,36.838436,4114100
2010-01-26,35.926481,36.286663,35.711901,35.903488,5340600
2010-01-27,35.405357,35.788532,35.213770,35.650589,5332300
2010-01-28,36.010780,36.340308,35.336391,35.459007,4809400
2010-01-29,35.374714,35.665928,34.692663,34.822941,5428200
2010-02-01,35.121810,35.696573,35.121810,35.658253,3459100
2010-02-02,35.221434,35.842178,35.121810,35.780869,7431800
2010-02-03,35.911152,35.934141,35.474332,35.619938,4706100
2010-02-04,35.282741,35.367040,34.309477,34.347794,4999500
2010-02-05,33.803690,33.972287,33.067994,33.933968,7786500
2010-02-08,33.933968,34.102566,33.604438,33.642757,3231800
2010-02-09,34.501069,34.960878,34.271165,34.616020,4212000
2010-02-10,34.692654,34.776953,34.202190,34.554710,4958700
2010-02-11,34.930223,35.451339,34.646672,35.367043,3411500
2010-02-12,34.677322,35.045170,34.547044,35.014515,2372600
2010-02-16,35.497326,35.934145,35.497326,35.711903,2962200
2010-02-17,36.340309,36.347974,36.018444,36.217693,2618700
2010-02-18,35.903491,36.570217,35.903491,36.447601,4176900
2010-02-19,35.742550,35.980120,35.543301,35.665916,3907300
2010-02-22,36.240684,36.240684,35.895826,36.041431,2892600
2010-02-23,35.918820,35.918820,35.213779,35.321068,3891900
2010-02-24,35.481989,35.773203,35.351711,35.535633,2238200
2010-02-25,34.447432,34.807614,34.133228,34.792290,3830400
2010-02-26,34.830599,35.075831,34.600695,34.914898,1931400
2010-03-01,35.382370,35.665922,35.367046,35.428352,1937600
2010-03-02,35.926485,36.041436,35.796204,35.842186,3035700
2010-03-03,36.202362,36.386284,36.041426,36.064419,2272300
2010-03-04,36.049103,36.516577,35.719572,35.911160,3013800
2010-03-05,36.623858,37.106656,36.539559,37.091331,4251600
2010-03-08,37.367211,37.443848,37.259923,37.336559,3156200
2010-03-09,37.198620,37.528150,37.160303,37.413197,4163400
2010-03-10,37.436190,37.819365,37.413201,37.735069,3259500
2010-03-11,37.428526,37.543480,37.121985,37.512825,2969000
2010-03-12,37.758059,37.781048,37.259930,37.305912,1648700
2010-03-15,37.091333,37.129650,36.754138,37.037689,2107600
2010-03-16,36.899737,37.236929,36.899737,37.229267,2332200
2010-03-17,37.834690,38.141232,37.727402,37.880672,3466100
2010-03-18,37.742725,37.742725,37.451512,37.620110,1482400
2010-03-19,37.742729,37.918989,37.397871,37.742729,5464200
2010-03-22,37.252273,37.635448,37.190964,37.558811,2938400
2010-03-23,37.704411,37.934315,37.566468,37.857681,1795200
2010-03-24,37.558800,37.643099,37.397867,37.574127,1976800
2010-03-25,37.888333,37.972632,37.474506,37.581795,2554500
2010-03-26,38.079921,38.087586,36.968716,37.351891,8584900
2010-03-29,37.964977,38.102920,37.819369,38.072266,3532200
2010-03-30,38.187213,38.279175,37.918989,38.248520,1782000
2010-03-31,38.033949,38.470768,37.995632,38.317497,2725900
2010-04-01,39.129827,39.604963,39.129827,39.551319,7533200
2010-04-05,39.949815,40.064766,39.696918,39.942150,3062500
2010-04-06,39.765889,40.034113,39.658600,39.965141,2806300
2010-04-07,39.773558,39.773558,39.352063,39.581970,4169400
2010-04-08,39.627941,40.003454,39.482336,39.903828,2285200
2010-04-09,39.934494,39.965148,39.750568,39.888512,2443400
2010-04-12,39.321405,39.467011,39.283086,39.375050,3323000
2010-04-13,39.175793,39.451679,39.122149,39.329063,3072300
2010-04-14,40.133731,40.363635,40.049432,40.279339,3541200
2010-04-15,40.294670,40.486257,40.179716,40.371304,3121500
2010-04-16,40.018791,40.156734,39.390384,39.589634,4415100
2010-04-19,38.823282,39.206457,38.693004,39.137486,4424000
2010-04-20,39.566645,39.673933,39.290758,39.620289,2802500
2010-04-21,40.095421,40.233364,39.827200,40.126076,5311900
2010-04-22,39.873185,40.271687,39.528330,40.210381,5724900
2010-04-23,40.049439,40.424952,39.942151,40.417290,3527900
2010-04-26,40.478592,40.731489,40.440275,40.539902,1511300
2010-04-27,40.003461,40.110750,38.999542,39.106831,4447000
2010-04-28,39.528322,39.719909,39.229443,39.643272,3090500
2010-04-29,39.919157,40.164389,39.758225,40.156727,2268900
2010-04-30,40.340646,40.340646,39.673923,39.735229,3240700
2010-05-03,39.436364,39.804211,39.329075,39.650944,1951800
2010-05-04,38.915248,38.968892,37.811705,38.033947,7149800
2010-05-05,37.328902,37.941981,36.961054,37.305912,11299000
2010-05-06,37.129648,37.420862,34.225182,35.819191,8704500
2010-05-07,36.256019,36.455269,35.244437,35.934151,8827300
2010-05-10,38.164225,38.386467,37.827032,38.233196,5545100
2010-05-11,37.183294,37.972634,37.060679,37.528152,4893500
2010-05-12,37.390208,37.673756,37.244599,37.612450,4279400
2010-05-13,37.995622,38.233188,37.696743,37.819359,3079300
2010-05-14,37.558800,37.627771,36.945721,37.313568,4607800
2010-05-17,36.945721,37.160301,36.102737,36.823105,3435200
2010-05-18,36.784790,37.060677,35.788536,35.819191,8230000
2010-05-19,35.420690,35.688912,34.907234,35.459007,7086500
2010-05-20,33.006689,33.619768,32.569870,33.182949,10101500
2010-05-21,32.355285,33.796021,32.255659,33.796021,8322900
2010-05-24,33.558454,33.887985,33.282568,33.351540,4321700
2010-05-25,31.267067,32.362948,31.152117,32.339958,9843100
2010-05-26,32.838093,32.922392,32.094736,32.255669,6979600
2010-05-27,33.834347,34.393782,33.711731,34.340137,6373100
2010-05-28,34.593033,34.608360,33.650423,33.719395,6119500
2010-06-01,33.435845,34.117895,33.305564,33.328556,4581100
2010-06-02,33.520139,34.593027,33.489485,34.539383,6190300
2010-06-03,35.183119,35.305735,34.577702,34.853588,5273000
2010-06-04,34.370782,34.631341,33.849664,33.972282,5801300
2010-06-07,33.987618,34.117899,33.259587,33.343884,4812000
2010-06-08,34.002940,34.094904,33.343878,34.010605,4684200
2010-06-09,33.857334,34.133221,33.389861,33.642757,5654800
2010-06-10,34.186868,34.447427,33.979953,34.317146,4292700
2010-06-11,34.140888,34.577708,33.895657,34.570045,3289700
2010-06-14,35.359373,35.612270,35.106479,35.198441,3169000
2010-06-15,35.405357,36.225351,35.206104,36.110397,3102400
2010-06-16,35.857513,36.370966,35.826858,36.164051,2796000
2010-06-17,36.301987,36.301987,35.765541,36.026100,3159900
2010-06-18,36.508899,36.746469,36.340302,36.723476,2646600
2010-06-21,37.758056,37.957306,37.167967,37.466843,4674400
2010-06-22,37.359550,37.489828,36.562546,36.700489,3652600
2010-06-23,36.849239,36.964849,36.417622,36.772163,3492200
2010-06-24,36.772169,36.872367,36.302015,36.525532,3184000
2010-06-25,36.409934,36.664278,36.032268,36.533253,4386800
2010-06-28,36.510118,36.556363,36.271189,36.355968,2119300
2010-06-29,35.199853,35.269220,34.621795,34.737408,4751300
2010-06-30,34.906978,35.199859,34.444530,34.459946,3450400
2010-07-01,34.737405,34.745114,34.043735,34.614086,8168800
2010-07-02,34.313494,34.429103,33.874170,34.105392,4363500
2010-07-06,35.045708,35.461907,34.729703,35.030293,4538300
2010-07-07,34.837610,35.492741,34.513896,35.477325,2852100
2010-07-08,35.901234,35.962892,35.492738,35.839573,3135100
2010-07-09,36.394510,36.641148,36.278898,36.571781,2507600
2010-07-12,36.517833,36.741346,36.355974,36.641151,2475400
2010-07-13,36.687391,36.957153,36.648855,36.895493,2792200
2010-07-14,36.987981,37.303986,36.880074,37.273155,3152100
2010-07-15,37.188381,37.226918,36.656569,37.142136,3064300
2010-07-16,36.486994,36.571777,35.585223,35.739372,2801100
2010-07-19,36.109332,36.248066,35.770206,36.194115,1945700
2010-07-20,36.032265,36.949449,36.001435,36.849255,3755400
2010-07-21,37.041935,37.103593,36.371386,36.571781,2103300
2010-07-22,36.864663,37.357938,36.810708,37.250034,3200000
2010-07-23,37.250034,37.658527,37.126712,37.650818,2251700
2010-07-26,37.789555,38.228879,37.666237,38.198051,2391400
2010-07-27,38.359904,39.015035,38.043899,38.082436,2918700
2010-07-28,37.874333,38.074728,37.735599,37.812675,3142600
2010-07-29,38.067016,38.213459,37.650813,37.766426,2598200
2010-07-30,37.612280,37.951409,37.427303,37.804966,2303100
2010-08-02,38.876289,39.230833,38.814631,39.022732,1968700
2010-08-03,39.045863,39.253964,38.853178,39.176891,3251400
2010-08-04,39.215431,39.361871,39.022745,39.207722,2449000
2010-08-05,38.806936,39.022747,38.691327,38.999622,2076800
2010-08-06,38.806936,39.169187,38.668202,39.045868,1904000
2010-08-09,39.261671,39.323332,39.099815,39.176891,2098000
2010-08-10,38.375326,38.845480,38.267422,38.637379,3350100
2010-08-11,37.342517,37.450420,36.995682,37.057343,2981700
2010-08-12,36.425335,36.880074,36.355968,36.880074,2528400
2010-08-13,37.126712,37.327107,36.995687,37.211494,1976200
2010-08-16,36.949441,37.365644,36.895490,37.273155,1463200
2010-08-17,38.005368,38.228881,37.905170,37.951416,1709800
2010-08-18,38.020778,38.267415,37.897456,38.082436,1357700
2010-08-19,38.444690,38.583424,37.912875,38.144100,2627400
2010-08-20,37.920577,37.982235,37.689355,37.959114,1494500
2010-08-23,37.989954,38.097858,37.627704,37.735607,1866500
2010-08-24,37.350229,37.350229,36.856953,37.211494,2628800
2010-08-25,36.463873,36.826120,36.240356,36.679680,2706600
2010-08-26,36.764472,37.026524,36.440758,36.487003,2556100
2010-08-27,36.803007,37.072766,36.302023,36.995693,2084600
2010-08-30,37.226904,37.419590,36.910900,36.934021,2322100
2010-08-31,36.749050,37.026518,36.564070,36.833832,2784800
2010-09-01,37.751025,38.413865,37.751025,38.259716,3368900
2010-09-02,38.043901,38.290539,37.912873,38.275124,1855000
2010-09-03,38.298250,38.714452,38.236592,38.606548,1969200
2010-09-07,38.205750,40.464028,38.120967,38.190334,2011600
2010-09-08,38.375319,38.706739,38.298243,38.529469,1437200
2010-09-09,38.991910,39.146059,38.845470,38.914837,2896300
2010-09-10,39.030454,39.354168,38.991918,39.246262,1546500
2010-09-13,39.654750,39.862851,39.654750,39.778069,1620400
2010-09-14,39.523722,39.932218,39.338745,39.747238,2287500
2010-09-15,39.654760,39.955349,39.546856,39.916813,1897900
2010-09-16,39.369582,39.562267,39.307921,39.485191,2384600
2010-09-17,39.647038,39.816603,39.500598,39.600796,2224600
2010-09-20,39.939931,40.356133,39.847442,40.271351,2209400
2010-09-21,40.186571,40.410088,39.970764,40.363842,2567300
2010-09-22,40.302180,40.494866,40.186567,40.394669,2260800
2010-09-23,40.024712,40.263644,39.855148,39.924515,4005600
2010-09-24,40.356130,40.780038,40.279054,40.672134,3304800
2010-09-27,40.702962,40.803156,40.602764,40.602764,2249900
2010-09-28,40.595057,40.780037,40.279053,40.764622,2878800
2010-09-29,40.980435,41.142294,40.618188,40.965023,2460700
2010-09-30,41.296437,41.481414,40.980429,41.227070,4269300
2010-10-01,41.774301,42.121136,41.766592,41.959278,4069200
2010-10-04,41.866789,42.074890,41.751176,42.059475,2670700
2010-10-05,41.997805,42.529617,41.951560,42.514202,3366800
2010-10-06,42.706906,43.192475,42.514220,43.138523,5099600
2010-10-07,43.076862,43.076862,42.521925,42.753151,2510000
2010-10-08,42.568162,43.053731,42.483380,42.914997,2722100
2010-10-11,42.421714,42.575863,42.259858,42.514202,1783100
2010-10-12,41.735766,41.990110,41.419761,41.866791,4600900
2010-10-13,42.221336,42.599001,42.175093,42.383194,3793700
2010-10-14,42.629825,42.930414,42.568164,42.706898,3185700
2010-10-15,43.053735,43.161639,42.629827,42.884171,2971500
2010-10-18,42.020944,43.161644,41.959283,43.161644,3666200
2010-10-19,40.787744,41.057506,40.494864,40.687550,5693400
2010-10-20,41.342676,41.866782,41.242478,41.604729,4356100
2010-10-21,41.882197,41.951564,41.358091,41.604729,3755600
2010-10-22,42.198201,42.244446,42.036345,42.159664,2660600
2010-10-25,42.776267,43.200175,42.776267,42.884171,2101300
2010-10-26,42.583575,42.814797,42.514208,42.760845,1855400
2010-10-27,42.136553,42.221335,41.689523,42.005527,2326500
2010-10-28,42.652941,42.706893,42.321521,42.421719,2252900
2010-10-29,41.743468,41.936153,41.604734,41.920738,2249200
2010-11-01,42.745431,42.938116,42.421720,42.660648,2154700
2010-11-02,43.184765,43.315793,43.076862,43.161644,1606300
2010-11-03,43.647204,43.855305,43.192465,43.770523,2875000
2010-11-04,44.294641,44.610646,44.256102,44.541279,2871500
2010-11-05,44.132769,44.310043,43.963208,44.271503,2939600
2010-11-08,43.916969,44.040287,43.701161,44.032581,1718200
2010-11-09,44.271501,44.394820,43.577833,43.739689,2462900
2010-11-10,44.572095,44.587507,44.009450,44.417946,3361600
2010-11-11,43.978628,44.163605,43.824479,44.163605,2217400
2010-11-12,43.092261,43.223289,42.583571,42.745426,3550500
2010-11-15,42.845639,42.984373,42.676075,42.753151,2075200
2010-11-16,42.583583,42.614414,41.620154,41.766594,4412800
2010-11-17,41.943863,42.229041,41.905327,41.982403,2581500
2010-11-18,43.277245,43.423685,43.123096,43.223293,2730500
2010-11-19,43.346616,43.624082,43.092270,43.562424,2411500
2010-11-22,43.554714,43.670327,43.138515,43.600960,2316800
2010-11-23,41.196235,41.427458,40.980425,41.234772,8144200
2010-11-24,42.660652,42.930414,42.521918,42.706898,5459200
2010-11-26,41.288727,41.712635,41.234775,41.242481,2752200
2010-11-29,41.373516,41.519956,41.111463,41.388931,3548000
2010-11-30,41.412043,41.812830,41.327261,41.597023,2748100
2010-12-01,42.776264,43.022901,42.629823,42.876461,2782400
2010-12-02,43.123096,43.654908,43.069144,43.593250,2692700
2010-12-03,43.816770,44.294633,43.816770,44.171314,2635300
2010-12-06,43.924669,44.155892,43.816763,44.078815,2715900
2010-12-07,44.548976,44.618343,44.132774,44.202141,1928200
2010-12-08,43.901546,43.994038,43.585542,43.994038,2164300
2010-12-09,44.510443,44.695423,44.379418,44.641468,2419500
2010-12-10,44.541266,44.749367,44.387117,44.664585,1400000
2010-12-13,44.733950,45.011419,44.733950,44.872684,1533300
2010-12-14,45.011420,45.227227,44.988295,45.188690,1871900
2010-12-15,44.726242,44.749366,44.179014,44.356285,2455300
2010-12-16,44.379410,44.872685,44.163600,44.803318,4854400
2010-12-17,44.888097,44.888097,44.556677,44.764778,1666700
2010-12-20,45.026837,45.173280,44.872690,45.080791,3650700
2010-12-21,45.366014,45.520610,45.319637,45.319637,2251800
2010-12-22,45.396934,45.512882,45.358286,45.451042,1610400
2010-12-23,45.296449,45.381477,45.195965,45.381477,1499400
2010-12-27,44.994983,45.265527,44.832659,45.172768,1685600
2010-12-28,45.141852,45.597909,45.141852,45.551529,1315000
2010-12-29,45.984396,46.262666,45.938017,46.146721,1789100
2010-12-30,46.602779,47.035644,46.602779,47.020187,3619300
2010-12-31,47.027917,47.329378,46.981538,47.298458,1946300
2011-01-03,47.553536,47.885917,47.553536,47.754509,2206000
2011-01-04,47.963227,48.094635,47.576739,47.862740,2089200
2011-01-05,47.553544,47.978681,47.553544,47.878193,2920800
2011-01-06,47.909111,47.924571,47.491703,47.545811,2811200
2011-01-07,47.607651,47.994140,47.429867,47.800896,3349400
2011-01-10,47.329372,47.352561,46.935155,47.089748,2352200
2011-01-11,47.646294,47.700402,47.398942,47.592186,1762600
2011-01-12,48.272414,48.620254,48.256954,48.550686,3343900
2011-01-13,48.226022,48.226022,47.947750,48.187374,2717700
2011-01-14,48.326518,48.743927,48.326518,48.682087,1526300
2011-01-18,48.504299,48.627975,48.311055,48.512028,2751300
2011-01-19,48.736192,48.975816,48.318784,48.512028,2738500
2011-01-20,48.086899,48.349712,47.723602,48.156467,2610500
2011-01-21,47.692678,47.739055,47.136134,47.236622,3749200
2011-01-24,47.514894,47.963219,47.460786,47.909111,2096500
2011-01-25,47.808615,47.940023,47.568994,47.661751,4647600
2011-01-26,48.573867,48.844408,48.427003,48.620247,3084500
2011-01-27,48.883058,48.983543,48.682082,48.906246,2179000
2011-01-28,48.944901,48.999009,47.221163,47.429867,6179300
2011-01-31,47.654025,47.901378,47.453050,47.460781,5472500
2011-02-01,48.048247,49.107225,47.885923,48.944901,13699400
2011-02-02,48.890790,49.261818,48.743925,48.844410,3559200
2011-02-03,48.674358,48.952630,48.535222,48.736195,2468400
2011-02-04,48.743923,48.991275,48.450191,48.805759,2466400
2011-02-07,48.705274,48.906250,48.542950,48.658897,2454700
2011-02-08,48.411554,48.519770,48.086902,48.496582,2264900
2011-02-09,47.422134,47.491702,47.035645,47.221161,6000400
2011-02-10,45.938022,46.479106,45.845265,46.409538,5336400
2011-02-11,45.165043,46.030776,45.072287,45.837532,7874300
2011-02-14,46.092614,46.254939,46.038506,46.115803,2878500
2011-02-15,46.224017,46.270397,46.038504,46.084881,3313900
2011-02-16,46.007583,46.154448,45.899367,46.069420,4744700
2011-02-17,45.976666,46.216290,45.706125,46.162182,2553400
2011-02-18,46.710997,46.842402,46.525481,46.741917,2377500
2011-02-22,44.902237,45.250077,44.299316,44.902237,9787800
2011-02-23,45.002714,45.195958,44.322494,44.678062,3414700
2011-02-24,44.477091,44.724443,44.191087,44.685795,3894900
2011-02-25,45.250067,45.257795,44.994983,45.219147,3161900
2011-02-28,44.801740,44.987256,44.639416,44.879040,2240900
2011-03-01,45.226877,45.404664,44.191088,44.214279,3975400
2011-03-02,44.376601,44.886766,44.353413,44.732170,5570200
2011-03-03,45.706125,46.015314,45.644286,45.922558,3800400
2011-03-04,46.378622,46.687814,46.061701,46.471378,4487300
2011-03-07,46.224021,46.224021,45.358287,45.536072,3632300
2011-03-08,46.015313,46.571858,45.845260,46.270397,2525200
2011-03-09,46.339970,46.510023,46.208562,46.339970,2517700
2011-03-10,45.319641,45.319641,44.693529,44.778557,4958600
2011-03-11,44.214280,45.010446,44.175632,44.909958,5954300
2011-03-14,45.002716,45.489689,45.002716,45.427853,4268500
2011-03-15,43.394920,44.701253,43.364000,44.600765,15562200
2011-03-16,44.616225,44.925414,43.665464,43.758221,9226900
2011-03-17,44.786278,45.087742,44.631685,44.979523,7406800
2011-03-18,45.652022,45.868454,45.366018,45.574722,7150600
2011-03-21,46.309051,46.556403,46.193103,46.417267,3903300
2011-03-22,46.401804,46.602780,46.370887,46.432724,2745200
2011-03-23,46.339976,46.649165,46.169920,46.448193,5058100
2011-03-24,47.159327,47.569007,47.082030,47.437599,6995900
2011-03-25,47.824079,48.179651,47.739051,48.025055,2760700
2011-03-28,48.117804,48.171912,47.862720,47.901371,3398800
2011-03-29,48.156468,48.635713,48.156468,48.527496,4688300
2011-03-30,49.223171,49.555552,49.176792,49.462795,3596300
2011-03-31,49.601937,49.942049,49.601937,49.741074,3549800
2011-04-01,50.629997,50.846430,50.405833,50.815510,7428200
2011-04-04,50.568151,50.653179,50.429015,50.537231,4006200
2011-04-05,50.506315,50.846427,50.506315,50.637726,3692600
2011-04-06,50.800036,50.962361,50.653169,50.776848,3357700
2011-04-07,50.429016,50.552695,50.073447,50.282154,3604000
2011-04-08,50.614530,50.660907,50.173933,50.220310,3177700
2011-04-11,50.289875,50.313064,49.771982,49.787445,3415300
2011-04-12,49.192249,49.238629,48.821221,48.883060,4216600
2011-04-13,50.429018,50.537234,49.934313,50.081181,3387100
2011-04-14,50.081174,50.738203,50.027066,50.653175,5645200
2011-04-15,50.676361,50.792309,50.452197,50.722744,3333400
2011-04-18,49.911123,49.918854,49.455066,49.818363,3076500
2011-04-19,50.328528,50.514041,50.197123,50.475395,2044600
2011-04-20,52.175945,52.500593,52.152756,52.214596,4073600
2011-04-21,52.546977,52.863894,52.346001,52.840706,1735600
2011-04-25,52.840699,52.840699,52.516051,52.747940,1575300
2011-04-26,52.624275,53.103517,52.485139,52.925735,2900000
2011-04-27,52.894814,53.003030,52.206865,52.840706,5324400
2011-04-28,52.709303,52.825245,52.392380,52.825245,4142100
2011-04-29,52.840709,53.312225,52.632002,53.312225,2758000
2011-05-02,53.930605,54.100661,53.667796,53.830120,3842200
2011-05-03,53.018479,53.033942,52.446478,52.778858,3940200
2011-05-04,52.168213,52.307349,51.549835,51.719891,6202800
2011-05-05,51.348864,51.480269,50.784588,51.147888,7006200
2011-05-06,51.487997,51.990434,51.333404,51.518917,6363000
2011-05-09,50.815505,51.217456,50.699557,51.155617,3017900
2011-05-10,51.325658,51.712146,51.317926,51.634850,3159800
2011-05-11,51.859020,51.859020,50.823234,50.877342,6088100
2011-05-12,50.150744,50.830967,49.965231,50.730476,4711800
2011-05-13,50.498577,50.521765,49.269544,49.717869,6537900
2011-05-16,49.346843,49.857008,49.277275,49.524628,2867700
2011-05-17,49.424138,49.540083,48.999001,49.431870,7752300
2011-05-18,50.235761,50.637712,50.042517,50.506302,2841000
2011-05-19,49.996151,49.996151,49.509177,49.980694,2235400
2011-05-20,49.864741,49.949769,49.470521,49.663765,2592400
2011-05-23,47.878188,47.909108,47.599919,47.847271,4884400
2011-05-24,48.365172,48.419280,48.086900,48.102360,3115900
2011-05-25,47.746782,48.140999,47.630835,48.086891,3131200
2011-05-26,49.053113,49.269549,48.774841,49.192249,4315300
2011-05-27,49.857013,50.212582,49.810637,50.158474,3169900
2011-05-31,51.008749,51.209725,50.745940,51.024212,3887400
2011-06-01,50.939178,51.031931,50.050253,50.197121,4048000
2011-06-02,50.336262,50.475398,49.949773,50.351719,2477100
2011-06-03,49.787452,50.305345,49.717881,50.096638,2943400
2011-06-06,49.911119,50.034798,49.408683,49.516899,2207000
2011-06-07,49.957496,50.088906,49.748795,49.764252,2285900
2011-06-08,49.354575,49.362306,48.913978,49.091763,2860100
2011-06-09,49.091767,49.462798,48.821226,49.393230,2264300
2011-06-10,48.388349,48.434729,47.777700,47.932293,3638200
2011-06-13,48.403820,48.496579,48.009603,48.156467,2162900
2011-06-14,49.277284,49.671504,49.207716,49.370041,2694500
2011-06-15,48.790297,48.952625,48.148728,48.349701,3293100
2011-06-16,47.994140,48.179656,47.615380,47.924572,2738000
2011-06-17,48.125536,48.164188,47.731320,47.854996,3663200
2011-06-20,47.329380,47.584464,47.174784,47.576733,2697500
2011-06-21,48.334244,48.805760,48.171919,48.751652,4344500
2011-06-22,48.500680,48.873645,48.477370,48.516220,2856200
2011-06-23,47.832456,48.415210,47.475031,48.399670,3763200
2011-06-24,49.029047,49.075669,48.500683,48.570614,2677700
2011-06-27,48.485139,49.021272,48.360819,48.873642,2919800
2011-06-28,48.648312,49.378696,48.508451,49.378696,3228300
2011-06-29,49.627333,50.000295,49.378691,49.976986,3109200
2011-06-30,49.961451,50.645213,49.883745,50.505352,3439300
2011-07-01,50.707385,51.484391,50.614142,51.336758,3274200
2011-07-05,51.678638,51.966126,51.624248,51.694176,2495500
2011-07-06,51.632011,52.012748,51.453303,51.834034,3839100
2011-07-07,52.362398,52.859681,52.346860,52.789753,2896400
2011-07-08,52.214770,52.440102,51.888429,52.424564,1950200
2011-07-11,51.515459,51.593158,50.878314,51.041485,2739300
2011-07-12,50.264486,50.676298,50.000301,50.202324,3401800
2011-07-13,50.870547,51.600934,50.730686,51.049255,2920700
2011-07-14,51.266825,51.328980,50.536437,50.738461,3597000
2011-07-15,51.235740,51.290130,50.777304,50.987099,1951600
2011-07-18,50.349948,50.458728,49.736113,50.116844,2463800
2011-07-19,50.629673,51.057022,50.598592,51.041485,2470100
2011-07-20,51.577621,51.608702,51.243508,51.461075,1653100
2011-07-21,51.600936,52.004976,51.305670,51.779644,1747600
2011-07-22,51.834035,51.989440,51.632012,51.880653,1352800
2011-07-25,51.499927,51.670869,51.142505,51.453308,1702500
2011-07-26,51.709713,51.888421,51.437756,51.709713,1659700
2011-07-27,51.670864,51.717482,50.901630,51.064800,4232900
2011-07-28,51.686402,51.686402,51.018182,51.259052,2535600
2011-07-29,50.583061,51.165815,50.373272,51.033726,2731200
2011-08-01,51.880651,51.958356,51.002637,51.196888,4646100
2011-08-02,50.458739,50.458739,49.456402,49.510792,3760400
2011-08-03,48.811480,48.865870,47.700362,48.764858,4624900
2011-08-04,46.900050,46.985521,45.485901,45.540291,9367800
2011-08-05,46.060884,46.216286,44.118371,45.353809,8918700
2011-08-08,43.030564,43.325823,40.785018,41.181290,8360000
2011-08-09,41.243449,42.812998,39.953617,42.735298,9681100
2011-08-10,40.893797,41.367770,39.860378,39.969158,7034200
2011-08-11,41.274533,43.364680,40.994811,42.758614,9524000
2011-08-12,41.997144,42.245785,41.608641,42.137005,3673900
2011-08-15,42.572129,43.279204,42.440037,43.069412,3752500
2011-08-16,43.387984,43.574467,42.766381,43.069412,6447800
2011-08-17,43.667707,44.164990,43.395754,43.675476,3307500
2011-08-18,41.562021,41.624180,40.544143,40.940414,5333500
2011-08-19,39.510722,40.419820,39.370861,39.518494,4501100
2011-08-22,40.054634,40.054634,38.881357,39.091148,3759700
2011-08-23,40.279967,41.290073,40.000244,41.290073,3888300
2011-08-24,40.489752,40.932645,40.318810,40.909336,3364600
2011-08-25,40.901573,41.111365,39.813767,39.914776,3570400
2011-08-26,40.544147,41.367774,39.969162,41.227913,3801900
2011-08-29,42.471127,43.022801,42.432278,42.968410,2665900
2011-08-30,42.743067,43.147110,42.533278,42.859619,2917900
2011-08-31,44.025129,44.297079,43.830877,44.056210,3270400
2011-09-01,44.032899,44.452483,43.488998,43.527847,3337600
2011-09-02,42.937323,43.092725,42.323491,42.463352,3077000
2011-09-06,41.072510,42.028226,40.753937,41.934986,7396800
2011-09-07,43.131568,43.628854,43.069409,43.621082,2921000
2011-09-08,42.642063,42.991716,42.222479,42.424500,3460000
2011-09-09,41.414387,41.492089,40.357659,40.551910,4509600
2011-09-12,39.689443,40.582997,39.549581,40.544147,3546100
2011-09-13,40.427599,40.753943,40.132339,40.707321,3100300
2011-09-14,40.264418,40.785014,39.557344,40.450901,4714000
2011-09-15,40.738396,41.064736,40.466445,40.971497,2603800
2011-09-16,41.585337,41.709657,41.119132,41.631958,4897900
2011-09-19,39.666121,40.147863,39.549572,40.070164,3470300
2011-09-20,40.831636,40.955957,40.272194,40.272194,2217200
2011-09-21,39.938085,40.186727,38.811427,38.834736,3857700
2011-09-22,36.309478,36.744603,35.120661,35.485851,11852100
2011-09-23,35.672321,36.301697,35.571310,36.262844,5448600
2011-09-26,35.703400,36.798978,35.330438,36.705738,4419700
2011-09-27,38.345224,39.130002,38.026652,38.213135,5107000
2011-09-28,37.824625,38.057726,36.791206,36.845596,3707000
2011-09-29,38.352986,38.578318,37.350648,37.739151,3631800
2011-09-30,37.288492,37.482743,36.154062,36.185143,4451700
2011-10-03,36.037506,36.589179,35.105099,35.175030,5227800
2011-10-04,35.384828,36.488174,34.708831,36.363853,10600600
2011-10-05,35.959818,36.752364,35.687867,36.635815,4138600
2011-10-06,36.899993,37.816857,36.651349,37.778008,4341200
2011-10-07,38.314142,38.407382,37.552677,37.676998,4348800
2011-10-10,38.679325,39.518493,38.679325,39.433022,3186400
2011-10-11,38.687101,39.378635,38.601630,39.199924,2457900
2011-10-12,40.163409,40.924874,40.147868,40.404282,4417800
2011-10-13,39.907002,40.256655,39.635048,39.976933,2621000
2011-10-14,40.932644,41.103586,40.722852,41.041424,2011400
2011-10-17,41.025891,41.119131,40.023553,40.109024,2964900
2011-10-18,40.287735,41.383313,39.891464,41.165752,3174400
2011-10-19,41.717422,41.732963,40.932648,41.056969,3905900
2011-10-20,40.311044,40.373203,39.394177,40.124561,3474300
2011-10-21,41.064741,41.305614,40.816099,41.165752,3007200
2011-10-24,42.447804,43.294740,42.362333,43.108257,3692900
2011-10-25,42.696453,42.844083,42.082618,42.191399,2733100
2011-10-26,42.657599,42.844079,41.764042,42.447807,4813900
2011-10-27,44.771060,45.548066,44.444719,45.081863,4842000
2011-10-28,44.297079,44.763284,44.079519,44.646732,1951200
2011-10-31,43.900813,43.900813,43.007256,43.046108,3273900
2011-11-01,42.199170,42.735303,41.927217,42.370110,4271400
2011-11-02,43.481224,43.543386,42.952860,43.372444,2277300
2011-11-03,43.380214,43.504535,42.781919,43.325821,2310900
2011-11-04,43.823118,44.040678,43.442384,43.939667,2842000
2011-11-07,43.527845,44.048437,43.302513,44.040668,1842700
2011-11-08,43.722100,44.188302,43.356906,44.095062,2083900
2011-11-09,42.385641,42.626514,41.476546,41.569786,3190600
2011-11-10,41.647492,41.748503,41.010348,41.360001,2753800
2011-11-11,42.168098,42.781933,42.137017,42.603222,2083200
2011-11-14,42.564358,42.595439,42.214708,42.401188,1234000
2011-11-15,42.152544,42.727530,42.082614,42.502197,2180000
2011-11-16,41.686345,42.168088,41.383311,41.445473,3416200
2011-11-17,41.826204,41.950524,40.295502,40.598534,4951900
2011-11-18,41.119125,41.189056,40.668464,40.940414,2604900
2011-11-21,39.782681,39.821531,39.083375,39.619511,3684500
2011-11-22,39.945859,40.334362,39.821538,40.210041,2505200
2011-11-23,39.308710,39.308710,38.570554,38.671566,2667500
2011-11-25,38.523932,38.865813,38.430689,38.477310,2317700
2011-11-28,40.295503,40.590766,40.225573,40.396515,4064300
2011-11-29,41.150214,41.732968,41.111364,41.157986,5205600
2011-11-30,42.836307,43.628852,42.766376,43.558922,3712100
2011-12-01,43.714326,44.048438,43.419066,43.496765,2516100
2011-12-02,44.017356,44.056206,43.131568,43.193729,2408800
2011-12-05,44.133909,44.133909,43.488996,43.823109,2388800
2011-12-06,43.310283,43.520072,43.038330,43.325821,1964900
2011-12-07,43.108260,43.488994,42.898469,43.364674,3855100
2011-12-08,42.820776,42.929556,41.833978,41.989380,2421100
2011-12-09,41.732964,42.556591,41.647493,42.486660,2300900
2011-12-12,41.562026,41.562026,40.777248,41.134670,2380100
2011-12-13,41.227912,41.375542,40.279964,40.567455,3267700
2011-12-14,40.264419,40.365431,39.689437,39.837067,2910000
2011-12-15,40.101259,40.349901,39.813768,39.930317,2755100
2011-12-16,40.419830,40.505301,40.116798,40.225578,4290200
2011-12-19,38.826970,38.889129,38.352996,38.446236,4586900
2011-12-20,39.583792,40.515451,39.552475,40.366699,3021800
2011-12-21,40.632893,40.891251,40.194464,40.820789,3820600
2011-12-22,41.141781,41.274877,41.008688,41.235729,1630500
2011-12-23,41.204412,41.603693,41.126119,41.564548,1197100
2011-12-27,40.429339,41.055665,40.429339,40.562435,1169300
2011-12-28,40.758153,40.758153,40.061363,40.304066,2748000
2011-12-29,40.617233,40.914736,40.546772,40.867764,1770300
2011-12-30,40.805127,41.063488,40.625059,40.914734,1237400
2012-01-03,42.237858,42.699773,42.206541,42.488388,2839000
2012-01-04,42.002981,42.323973,41.728962,42.292656,1892500
2012-01-05,41.791599,41.854230,41.353170,41.791599,2098700
2012-01-06,41.259212,41.290530,40.765980,40.859928,2455500
2012-01-09,40.593743,40.906907,40.546770,40.765984,2341800
2012-01-10,41.713298,41.885539,41.509744,41.611523,2550200
2012-01-11,40.985204,41.235734,40.859939,41.165276,3567400
2012-01-12,41.642838,41.689813,41.259215,41.642838,2594000
2012-01-13,41.728958,41.838565,41.392308,41.721130,2159900
2012-01-17,42.519699,42.848519,42.410090,42.527527,3077400
2012-01-18,42.715428,43.326094,42.629307,43.224316,2684800
2012-01-19,43.662741,44.030709,43.576621,43.975903,3166400
2012-01-20,44.453479,44.633547,44.265583,44.437820,2899100
2012-01-23,44.680521,45.330336,44.602232,45.048489,2336500
2012-01-24,44.743158,45.126781,44.508284,45.040661,2152500
2012-01-25,44.750983,45.541718,44.531770,45.455601,2852500
2012-01-26,45.666981,45.682637,44.907560,45.032825,2334700
2012-01-27,45.189411,45.447769,45.111118,45.361649,2095300
2012-01-30,44.265577,44.672689,44.108995,44.633541,2258000
2012-01-31,45.181575,45.212892,44.547422,44.907558,2378800
2012-02-01,45.345992,45.831397,45.252044,45.573036,2574500
2012-02-02,45.847050,46.113239,45.753099,45.776588,1483100
2012-02-03,45.956665,46.355947,45.776597,46.215023,3378400
2012-02-06,45.385144,45.659161,45.267707,45.659161,1933600
2012-02-07,45.502569,46.011460,45.408621,45.940998,1816900
2012-02-08,46.261996,46.449895,46.128900,46.324627,1516300
2012-02-09,46.457716,46.536005,46.081921,46.340279,1745300
2012-02-10,45.220732,45.220732,44.954543,45.181587,2451600
2012-02-13,46.034951,46.168047,45.784421,46.050610,1545900
2012-02-14,45.682634,45.776585,45.361642,45.706123,2261200
2012-02-15,46.261997,46.371604,46.027126,46.105415,3049100
2012-02-16,45.518237,46.340289,45.510409,46.152393,2405400
2012-02-17,46.676933,46.747395,46.402917,46.520351,1507800
2012-02-21,46.528185,46.575160,46.168048,46.316799,4387600
2012-02-22,46.301141,46.340286,46.074097,46.238510,2193100
2012-02-23,45.901859,45.901859,45.580867,45.815739,1909100
2012-02-24,46.089751,46.418574,46.042778,46.379429,1626700
2012-02-27,45.432115,45.815741,45.244219,45.713963,2241500
2012-02-28,45.980148,46.175875,45.823566,46.136730,1587600
2012-02-29,46.943116,47.224963,46.747389,46.872654,2689700
2012-03-01,46.974438,47.452012,46.943121,47.217140,1948400
2012-03-02,47.060563,47.146683,46.864836,47.084049,1218700
2012-03-05,46.614297,46.614297,46.308964,46.473373,1422500
2012-03-06,45.400785,45.447758,44.837091,45.126766,3813000
2012-03-07,45.447763,45.760927,45.377301,45.706123,1751300
2012-03-08,46.598643,46.841346,46.567326,46.747395,1633600
2012-03-09,46.817856,46.896149,46.661274,46.747395,1391700
2012-03-12,46.418582,46.426410,46.089759,46.152393,2517800
2012-03-13,46.716079,47.639910,46.645620,47.592937,2545200
2012-03-14,47.248459,47.381555,46.857005,46.997929,2221200
2012-03-15,47.115355,47.585098,47.060552,47.491150,3061900
2012-03-16,47.279776,47.428531,47.177997,47.334579,1763100
2012-03-19,47.154510,47.671229,47.138852,47.553795,1377400
2012-03-20,46.817860,46.903980,46.504699,46.896152,2003100
2012-03-21,46.716084,46.864838,46.551674,46.716084,3066500
2012-03-22,46.348118,46.355946,45.995809,46.199364,2699700
2012-03-23,46.293305,46.582980,46.034944,46.481201,2106900
2012-03-26,46.653449,47.115364,46.598645,47.115364,1273300
2012-03-27,46.903971,47.068381,46.817851,46.872654,1821300
2012-03-28,46.849172,46.896147,46.215016,46.457718,4272300
2012-03-29,46.113239,46.395084,45.776589,46.363770,2020900
2012-03-30,46.692593,46.723910,46.434235,46.614304,2949700
2012-04-02,46.872662,47.553794,46.833517,47.459843,1786900
2012-04-03,47.968731,48.203603,47.553791,47.812149,2113800
2012-04-04,46.888317,46.958779,46.629959,46.880489,4231800
2012-04-05,47.177992,47.491157,47.154506,47.217140,3648200
2012-04-09,46.512525,46.536011,46.340284,46.371601,2037600
2012-04-10,46.074095,46.113243,45.181581,45.212898,3307700
2012-04-11,45.737446,45.972321,45.651329,45.815739,1994600
2012-04-12,45.737448,46.504700,45.666989,46.504700,2510500
2012-04-13,46.504701,46.559504,46.136733,46.215023,2644200
2012-04-16,46.308970,46.449893,45.839224,46.128899,2588300
2012-04-17,46.222852,46.629964,46.113245,46.496868,2789300
2012-04-18,46.128903,46.395091,46.050613,46.207195,1724200
2012-04-19,46.128894,46.481203,45.706126,45.948826,2130500
2012-04-20,45.565212,45.909690,45.565212,45.721794,1795200
2012-04-23,44.907563,45.126776,44.586571,45.079803,2079100
2012-04-24,45.197242,45.471262,45.134611,45.267704,1595000
2012-04-25,45.541720,45.784422,45.518234,45.753105,1885100
2012-04-26,45.627838,46.183704,45.549548,46.097584,1314900
2012-04-27,46.355939,46.551666,46.207187,46.363770,2398500
2012-04-30,46.449891,46.449891,46.199358,46.379429,1149500
2012-05-01,46.285483,47.037077,46.105415,46.669109,1640500
2012-05-02,46.606474,46.810032,46.551671,46.810032,1504300
2012-05-03,46.864828,46.990093,46.504692,46.582981,3060300
2012-05-04,46.293314,46.363775,45.541720,45.674816,4090500
2012-05-07,45.604359,45.831403,45.486922,45.784428,1679500
2012-05-08,45.345995,45.463432,44.782303,45.369484,2859300
2012-05-09,44.649203,45.064146,44.398673,44.790127,2413300
2012-05-10,45.095461,45.142437,44.743155,44.797958,2350100
2012-05-11,43.975904,44.351702,43.881956,44.007221,1595400
2012-05-14,43.357415,43.607945,43.255636,43.443535,1902000
2012-05-15,43.208652,43.412209,42.793712,42.926807,1977300
2012-05-16,41.705482,41.963839,41.376659,41.447121,3852400
2012-05-17,41.439283,41.501914,40.906906,40.906906,2371900
2012-05-18,40.687694,40.836445,40.124000,40.272751,2712800
2012-05-21,40.538942,41.353167,40.468480,41.235729,2638700
2012-05-22,41.337503,41.588033,40.985194,41.196579,2895100
2012-05-23,40.805127,40.938223,40.077023,40.914734,3216700
2012-05-24,40.883429,40.930402,40.272759,40.531120,2354500
2012-05-25,40.570262,40.695527,40.413680,40.460655,1069100
2012-05-29,41.345339,41.807255,41.314022,41.556725,2691400
2012-05-30,41.149613,41.196586,40.820790,40.922569,1980200
2012-05-31,41.243554,41.423623,40.789467,41.196579,1690900
2012-06-01,40.554605,40.672042,40.147493,40.257099,4420400
2012-06-04,40.249265,40.311899,39.873470,40.202290,2512800
2012-06-05,40.061368,40.398018,39.990909,40.311901,1317000
2012-06-06,40.711186,41.674162,40.711186,41.454948,2507400
2012-06-07,42.566668,42.825029,42.120411,42.120411,3007000
2012-06-08,41.462772,41.838567,41.360996,41.783764,1021200
2012-06-11,42.190872,42.245675,41.360992,41.368820,1260200
2012-06-12,42.089095,42.441404,41.901199,42.386600,1206200
2012-06-13,42.198708,42.582331,42.018637,42.128246,1308200
2012-06-14,42.245679,42.644964,42.120414,42.597988,1261900
2012-06-15,42.363119,42.856351,42.316143,42.809376,1987700
2012-06-18,42.879836,43.232145,42.809375,43.106880,1921200
2012-06-19,43.631421,44.069850,43.560959,43.811489,1816300
2012-06-20,43.756686,43.913268,43.333915,43.639252,3571600
2012-06-21,43.365235,43.404380,42.308312,42.394432,1455000
2012-06-22,41.979493,42.167392,41.650673,42.057785,1390300
2012-06-25,40.765990,40.836451,40.382367,40.734673,1937300
2012-06-26,41.024340,41.180919,40.719004,40.993023,2025800
2012-06-27,41.118296,41.267047,41.008689,41.251389,2943500
2012-06-28,40.844277,41.047835,40.601578,41.016518,1932900
2012-06-29,42.511867,42.942466,42.511867,42.911152,2426600
2012-07-02,42.746734,42.746734,42.292649,42.464890,1724100
2012-07-03,42.973787,43.388727,42.887667,43.341755,1037000
2012-07-05,43.224314,43.412213,43.059904,43.192997,1416200
2012-07-06,42.253508,42.300481,41.924685,42.065609,2135100
2012-07-09,41.775936,41.846398,41.619354,41.783764,1123600
2012-07-10,42.057791,42.073450,41.290542,41.376659,1630000
2012-07-11,41.525406,41.689816,41.235729,41.462772,1222200
2012-07-12,40.358874,40.625063,40.131830,40.499798,1868500
2012-07-13,40.875586,41.533228,40.875586,41.400135,1600900
2012-07-16,41.196580,41.415796,41.024342,41.212238,1204100
2012-07-17,41.580214,41.846403,41.133957,41.799427,1622500
2012-07-18,41.055664,41.564556,41.055664,41.384487,1559200
2012-07-19,41.909033,42.042129,41.713307,41.948181,1165000
2012-07-20,41.548893,41.580210,41.298363,41.478432,1316700
2012-07-23,40.217947,40.468478,39.873469,40.421505,1287700
2012-07-24,40.703356,40.726842,40.100517,40.343216,1515000
2012-07-25,40.601577,40.726842,40.288412,40.499798,1294800
2012-07-26,41.180921,41.486257,41.079145,41.360992,1892800
2012-07-27,42.175217,43.130365,42.120414,43.005100,1815500
2012-07-30,42.762402,42.950301,42.637137,42.691940,1617100
2012-07-31,43.850636,43.944587,43.521816,43.521816,1994600
2012-08-01,44.148145,44.163803,43.670571,43.756691,1579800
2012-08-02,42.895496,43.232146,42.519701,42.809376,1854400
2012-08-03,43.467011,43.991557,43.435694,43.811489,1748800
2012-08-06,44.030707,44.320382,43.968073,44.085510,1141300
2012-08-07,44.210779,44.563085,44.202949,44.336044,1740900
2012-08-08,44.265588,44.664870,44.226444,44.461315,781900
2012-08-09,45.212894,45.432108,45.158091,45.220722,1489800
2012-08-10,45.212897,45.721788,45.079804,45.666985,1151200
2012-08-13,45.126777,45.267700,44.876247,45.111118,1103700
2012-08-14,45.627837,45.659154,45.353821,45.447769,675800
2012-08-15,45.150263,45.322504,45.095460,45.189411,1102500
2012-08-16,45.400798,45.760935,45.259875,45.643497,1529800
2012-08-17,45.244211,45.267698,45.079802,45.220722,1311400
2012-08-20,44.891907,45.416453,44.876248,45.392967,5219500
2012-08-21,45.526060,45.596522,45.048486,45.079803,1541900
2012-08-22,44.578741,45.111118,44.523938,45.009342,1967200
2012-08-23,44.954540,45.001516,44.625720,44.688354,1620000
2012-08-24,44.257752,44.844932,44.210779,44.758812,1138700
2012-08-27,44.336048,44.429996,44.132490,44.171635,1951900
2012-08-28,44.171625,44.398669,44.148139,44.195114,1288500
2012-08-29,44.484793,44.570913,44.351700,44.453476,1155100
2012-08-30,43.936758,43.999392,43.490501,43.709717,1475600
2012-08-31,44.062024,44.304726,43.772349,44.069855,1138500
2012-09-04,43.788005,43.905442,43.427868,43.780174,2049000
2012-09-05,43.059909,43.122543,42.840696,43.122543,2307500
2012-09-06,43.177340,44.265580,43.177340,44.124657,1972900
2012-09-07,44.868418,45.267699,44.868418,45.165920,2185900
2012-09-10,44.891900,44.899728,44.398668,44.492619,999900
2012-09-11,44.821445,45.173754,44.782300,44.884079,1186700
2012-09-12,45.432114,45.549551,45.236387,45.353825,1382900
2012-09-13,45.220729,46.731741,45.103295,46.606476,2547800
2012-09-14,47.295430,47.937414,47.279772,47.405037,2668700
2012-09-17,47.170174,47.193660,46.669114,46.849182,1316500
2012-09-18,46.841346,47.044901,46.700423,46.919636,1207400
2012-09-19,46.950952,47.162337,46.802197,47.060558,1197500
2012-09-20,46.324626,46.622131,46.066268,46.614304,1985700
2012-09-21,46.950953,46.950953,46.520352,46.598644,957800
2012-09-24,46.504697,46.716079,46.379432,46.622131,1397400
2012-09-25,46.669108,46.786542,45.807908,45.815739,2396600
2012-09-26,45.839223,45.933171,45.518231,45.690472,1507300
2012-09-27,46.418579,46.841350,46.269825,46.669109,1395400
2012-09-28,46.504697,46.520353,46.207192,46.293312,2332200
2012-10-01,46.629970,47.256295,46.449902,46.700432,1370300
2012-10-02,46.817856,46.880490,46.113242,46.332455,2958400
2012-10-03,46.598644,46.622131,46.160215,46.434235,2620300
2012-10-04,46.582983,46.880488,46.489035,46.778709,1600700
2012-10-05,47.005757,47.318919,46.692593,46.864834,1683900
2012-10-08,46.316793,46.473375,46.230672,46.426399,1023100
2012-10-09,46.277648,46.301134,45.635664,45.760929,1709100
2012-10-10,45.400798,45.400798,44.868421,44.978027,1832200
2012-10-11,45.275533,45.392967,45.071975,45.150265,1355000
2012-10-12,44.782301,45.087634,44.610060,44.813618,1480400
2012-10-15,45.001513,45.267702,44.813617,45.212898,1244400
2012-10-16,45.518234,45.948832,45.518234,45.831398,2182900
2012-10-17,46.003631,46.277651,45.839222,46.160213,1382400
2012-10-18,46.089755,46.442064,46.027124,46.144558,1562700
2012-10-19,45.580873,45.588701,44.813624,44.962376,2121200
2012-10-22,45.588692,45.862711,45.345989,45.580864,1881500
2012-10-23,44.539595,44.563081,44.116824,44.343868,1843200
2012-10-24,44.664864,44.758812,44.312555,44.336044,1307000
2012-10-25,45.565211,45.870545,45.079810,45.306850,1620200
2012-10-26,44.852763,45.040659,44.586574,44.915394,1241600
2012-10-31,45.408623,45.447768,44.884077,45.079803,1382400
2012-11-01,45.056313,45.588691,45.024996,45.471256,1281300
2012-11-02,45.651335,45.760942,45.205078,45.299026,2094600
2012-11-05,45.228557,45.518232,45.064147,45.455601,1706700
2012-11-06,45.909683,46.230675,45.800077,46.074093,2331700
2012-11-07,45.847058,45.948834,45.142440,45.369484,2436900
2012-11-08,45.267703,45.541719,44.696181,44.758812,3673000
2012-11-09,44.884082,45.322508,44.782303,44.876251,2026000
2012-11-12,45.095466,45.291193,45.048494,45.158100,1482200
2012-11-13,44.625718,44.993686,44.555257,44.727497,3110100
2012-11-14,45.142433,45.212895,44.155971,44.320381,3016500
2012-11-15,44.257748,44.547426,44.085511,44.429989,2270400
2012-11-16,44.077677,44.429986,43.834977,44.351696,2060600
2012-11-19,44.938883,45.541719,44.938883,45.479088,1526200
2012-11-20,45.267704,45.674816,45.142439,45.674816,1944300
2012-11-21,45.338160,45.580863,45.275529,45.486912,2163300
2012-11-23,46.144560,46.246339,45.854886,46.199364,946300
2012-11-26,46.011466,46.034952,45.839226,46.003635,1740000
2012-11-27,46.316795,46.426402,46.011462,46.074093,1781800
2012-11-28,45.933166,46.567321,45.666980,46.481201,1212400
2012-11-29,46.872667,46.927471,46.598651,46.739574,1477700
2012-11-30,46.825688,46.864833,46.645620,46.692593,1823700
2012-12-03,46.990107,47.068396,46.653456,46.700432,1189900
2012-12-04,46.653450,46.857005,46.152390,46.661278,1606800
2012-12-05,46.997926,47.248456,46.872661,46.935295,1726500
2012-12-06,47.060564,47.381556,46.966616,47.350239,1263400
2012-12-07,47.624260,47.718208,47.444189,47.624260,1329600
2012-12-10,47.679058,47.960902,47.491159,47.929588,1869200
2012-12-11,48.125317,48.414992,48.062683,48.383675,1505600
2012-12-12,48.461961,48.728150,48.297548,48.407158,1563000
2012-12-13,48.618541,48.955191,48.485448,48.587227,1584100
2012-12-14,48.579398,48.845586,48.532425,48.626373,1196100
2012-12-17,48.477621,48.955195,48.454135,48.916050,1335100
2012-12-18,48.809731,49.124736,48.644355,49.077484,2353400
2012-12-19,49.227118,49.376747,49.022368,49.124744,1668000
2012-12-20,48.809735,49.093238,48.730985,49.053864,1689900
2012-12-21,48.266355,48.652232,48.148227,48.549858,2515200
2012-12-24,48.471103,48.557730,48.352979,48.455353,419200
2012-12-26,48.628612,48.770363,48.329358,48.337234,876400
2012-12-27,48.478982,48.833358,48.211229,48.557732,3221700
2012-12-28,49.022369,49.305873,48.967244,49.030243,3243300
2012-12-31,49.069613,49.935870,49.053862,49.888618,1316600
2013-01-02,50.928124,51.188003,50.841498,51.164379,2814000
2013-01-03,50.203623,50.605253,50.156371,50.290249,3008200
2013-01-04,49.951628,50.156378,49.817750,50.085503,2727700
2013-01-07,49.809873,49.809873,49.597246,49.668121,1637800
2013-01-08,49.542115,49.549988,49.219237,49.345238,1683900
2013-01-09,49.297986,49.518490,49.234987,49.345238,1411800
2013-01-10,49.833498,49.991000,49.605123,49.943748,3233800
2013-01-11,49.660248,49.715373,49.431870,49.660248,2007500
2013-01-14,49.668124,49.699625,49.360996,49.597248,1752500
2013-01-15,48.990865,49.258618,48.904238,49.250744,2612200
2013-01-16,48.864859,49.053862,48.707356,48.943611,1904100
2013-01-17,49.329492,49.605122,49.242866,49.392494,1559300
2013-01-18,49.093240,49.211368,48.841238,49.179867,1597300
2013-01-22,49.148368,49.156242,48.904239,49.069618,1807200
2013-01-23,48.329353,48.573481,48.250603,48.526230,1776400
2013-01-24,48.030106,48.203355,47.919852,48.030106,2224600
2013-01-25,47.037838,47.124465,46.651961,47.077213,3507500
2013-01-28,46.273957,46.596836,46.273957,46.557461,2970200
2013-01-29,47.029971,47.297724,46.966969,47.171722,2128600
2013-01-30,47.148095,47.258345,46.848844,46.919720,2743800
2013-01-31,46.935470,47.014223,46.825220,46.911846,1839900
2013-02-01,46.959094,47.022093,46.777967,46.888218,2229000
2013-02-04,46.549583,46.565334,46.171580,46.313332,3000300
2013-02-05,46.581091,46.722842,46.415712,46.486588,1927600
2013-02-06,46.163710,46.266086,45.943208,46.242462,1442500
2013-02-07,46.218835,46.218835,45.785707,46.077084,2301800
2013-02-08,46.628347,46.927601,46.628347,46.903976,1797700
2013-02-11,46.707079,47.140208,46.707079,47.092957,1271000
2013-02-12,46.840954,47.321334,46.801580,47.092957,1842000
2013-02-13,47.778094,47.927723,47.596968,47.699345,2002400
2013-02-14,47.730851,48.053729,47.722975,48.045853,1445600
2013-02-15,48.124601,48.132475,47.904100,48.022224,1269300
2013-02-19,48.234855,48.478983,48.195480,48.203354,3581300
2013-02-20,49.171988,49.179865,48.597107,48.636482,2675000
2013-02-21,48.518358,48.534109,48.148229,48.415981,3323400
2013-02-22,48.715242,48.864867,48.597114,48.809742,2006600
2013-02-25,48.833365,48.833365,47.573354,47.652103,2298600
2013-02-26,48.258481,48.368732,48.077355,48.282108,1356400
2013-02-27,48.329353,48.990860,48.282105,48.967236,1333600
2013-02-28,48.982987,49.045986,48.549858,48.581356,1619600
2013-03-01,48.313599,48.778229,48.148223,48.778229,2239400
2013-03-04,48.360855,48.549858,48.108853,48.549858,2639000
2013-03-05,48.809741,49.124745,48.801867,48.975117,2496000
2013-03-06,48.841232,48.841232,48.534105,48.652229,1809500
2013-03-07,48.242725,48.494731,48.124601,48.423855,1720200
2013-03-08,48.100978,48.226980,47.927726,48.116726,2506900
2013-03-11,47.738724,47.841101,47.636350,47.778099,1767200
2013-03-12,47.352849,47.478850,47.077219,47.179596,2418100
2013-03-13,47.116591,47.116591,46.793710,47.077213,2093200
2013-03-14,47.077222,47.163848,46.903972,47.085098,1034700
2013-03-15,46.407843,46.439344,46.092838,46.297592,2631300
2013-03-18,46.014088,46.179463,45.927461,45.990463,2449300
2013-03-19,46.069202,46.147951,45.494321,45.825073,2357400
2013-03-20,45.880204,45.998332,45.699078,45.714828,1884100
2013-03-21,45.147829,45.258079,44.990326,45.029701,2698400
2013-03-22,45.281700,45.510078,45.281700,45.494328,1733900
2013-03-25,46.266090,46.439343,45.832962,46.053463,3129200
2013-03-26,46.581089,46.856716,46.518087,46.817341,2024500
2013-03-27,46.462963,46.998468,46.423588,46.896091,1560900
2013-03-28,46.699213,46.864589,46.581089,46.801590,1745500
2013-04-01,46.636210,46.770085,46.273954,46.313332,1949900
2013-04-02,46.045588,46.266090,45.935338,46.021961,3208600
2013-04-03,45.927458,46.092834,45.494329,45.604580,3387500
2013-04-04,44.651701,44.872202,44.423323,44.785576,2309400
2013-04-05,43.604311,44.013815,43.415311,43.919315,2682500
2013-04-08,43.533431,43.746059,43.391679,43.690933,1644100
2013-04-09,43.832687,44.234315,43.620060,44.045315,2655900
2013-04-10,44.643815,45.037569,44.580816,44.887943,1659200
2013-04-11,44.730451,44.943079,44.714701,44.817078,1514100
2013-04-12,43.675185,43.753938,43.171181,43.407433,4708700
2013-04-15,44.068936,44.068936,43.163304,43.226303,4617100
2013-04-16,44.423316,44.588692,44.273690,44.557194,2570300
2013-04-17,43.887808,43.887808,43.470430,43.816933,2979300
2013-04-18,43.470438,43.470438,43.060934,43.155434,2030300
2013-04-19,43.675188,43.690938,43.454686,43.501938,1193200
2013-04-22,43.950814,44.108313,43.809063,44.005939,1479300
2013-04-23,44.013812,44.250064,43.919312,44.171314,1843300
2013-04-24,44.368185,44.635938,44.368185,44.454811,1909400
2013-04-25,44.911576,45.258081,44.911576,45.139954,2193300
2013-04-26,44.887949,44.895822,44.683198,44.769821,1260000
2013-04-29,45.045445,45.273823,44.911567,45.108444,1241200
2013-04-30,45.596705,46.132211,45.462827,46.006207,2066600
2013-05-01,45.848711,45.919587,45.439207,45.549458,1500500
2013-05-02,45.407699,45.825077,45.297448,45.817204,1530600
2013-05-03,45.966836,46.336965,45.943211,46.187340,1898900
2013-05-06,45.872330,46.029832,45.769953,45.895954,1524700
2013-05-07,46.061336,46.140086,45.864459,46.077084,1270400
2013-05-08,46.234584,46.297586,46.053457,46.179459,1527200
2013-05-09,46.447216,46.636220,46.108588,46.226715,2169100
2013-05-10,44.730445,44.974574,44.525695,44.927322,6680000
2013-05-13,44.864328,45.045454,44.643824,44.722576,1662900
2013-05-14,45.328956,45.588832,45.313205,45.533707,1405200
2013-05-15,45.265951,45.454954,45.171451,45.360451,1530700
2013-05-16,45.754208,45.951085,45.722710,45.769958,1925600
2013-05-17,45.777828,45.927454,45.628200,45.809326,1570100
2013-05-20,45.880206,46.045585,45.746331,45.998333,1593100
2013-05-21,45.990459,46.084959,45.738456,45.958958,864600
2013-05-22,46.092834,46.486588,45.454954,45.580956,1819600
2013-05-23,44.919447,45.313201,44.856445,45.242325,1690600
2013-05-24,44.927324,45.029701,44.801323,44.990326,1630100
2013-05-28,45.675453,45.714828,45.360449,45.454952,1512700
2013-05-29,45.573081,45.659708,45.352580,45.533707,1323100
2013-05-30,45.722706,46.100709,45.722706,45.958958,1470400
2013-05-31,45.817196,45.817196,45.368317,45.391941,2037600
2013-06-03,45.832951,46.368456,45.628197,46.305454,2939700
2013-06-04,45.958954,46.226707,45.612449,45.762077,2232600
2013-06-05,45.415577,45.454955,44.966698,44.982449,1890100
2013-06-06,45.029700,45.210826,44.722572,45.179325,3538200
2013-06-07,44.368189,44.517814,44.155561,44.502064,2250100
2013-06-10,44.297316,44.297316,43.927186,43.998062,1740300
2013-06-11,43.312932,43.714560,43.171181,43.407433,4165700
2013-06-12,43.517681,43.604307,42.974301,43.053051,1839200
2013-06-13,42.801052,43.344435,42.643553,43.265682,2668300
2013-06-14,42.997927,43.116055,42.493923,42.667175,2019900
2013-06-17,42.942802,43.116055,42.706551,42.919178,1417200
2013-06-18,43.037309,43.281435,42.879807,43.155434,1390200
2013-06-19,43.005808,43.013682,42.013547,42.045048,2590100
2013-06-20,40.643280,40.840157,39.903021,40.438526,6260300
2013-06-21,40.399151,40.509401,39.942398,40.399151,2752800
2013-06-24,39.477764,39.808516,39.028885,39.493515,3446400
2013-06-25,40.336153,40.485778,39.871523,40.210152,4027400
2013-06-26,40.099897,40.336152,39.918771,40.162899,3126700
2013-06-27,41.281160,41.659166,41.281160,41.580414,3023200
2013-06-28,41.604043,42.045045,41.359914,41.895420,2366600
2013-07-01,42.486044,42.682921,42.336415,42.360043,2092100
2013-07-02,42.068667,42.281294,41.493787,41.737915,2243900
2013-07-03,41.013412,41.430791,40.950410,41.281162,1659500
2013-07-05,41.005530,41.194533,40.454274,40.722027,2381200
2013-07-08,40.635402,40.926783,40.635402,40.824406,1802500
2013-07-09,41.304779,41.501656,41.037027,41.320530,2061100
2013-07-10,41.257537,41.485915,41.100035,41.202412,2129400
2013-07-11,42.990052,43.470432,42.730173,43.431057,4400700
2013-07-12,42.934929,42.990054,42.706551,42.919178,1986400
2013-07-15,43.273552,43.391676,43.116050,43.273552,2061100
2013-07-16,43.194801,43.226302,42.950676,43.163303,1551700
2013-07-17,43.612186,43.714560,43.470435,43.643684,1501400
2013-07-18,43.155426,43.289304,43.029425,43.139675,1191400
2013-07-19,43.163304,43.265678,43.013676,43.242054,1408400
2013-07-22,43.249932,43.541312,43.179059,43.486187,1659800
2013-07-23,43.927187,44.076816,43.816937,43.840561,1424400
2013-07-24,44.218565,44.242190,43.604307,43.706684,3346000
2013-07-25,43.840559,44.297315,43.824811,44.131939,2924100
2013-07-26,44.124067,44.486323,44.005943,44.446945,1703500
2013-07-29,44.029564,44.171315,43.942937,44.013813,2399600
2013-07-30,44.313066,44.336690,44.100438,44.171314,980700
2013-07-31,43.879938,44.391816,43.714559,43.966564,2551600
2013-08-01,44.242194,44.533572,44.155568,44.446945,2998300
2013-08-02,44.336692,44.675321,44.336692,44.533569,1654700
2013-08-05,44.494192,44.509943,44.265814,44.391815,980300
2013-08-06,44.084689,44.100440,43.832687,44.037437,1204100
2013-08-07,43.446804,43.549181,43.273555,43.438931,1375700
2013-08-08,43.801186,43.982313,43.533433,43.840561,1935400
2013-08-09,43.769688,43.840561,43.525560,43.596436,1065000
2013-08-12,43.588558,43.832686,43.557060,43.761810,1125100
2013-08-13,44.242189,44.502066,44.084687,44.344566,2710600
2013-08-14,44.698942,44.698942,44.517816,44.541443,1727400
2013-08-15,44.068942,44.376070,43.659437,44.202820,4638400
2013-08-16,44.659566,44.840692,44.462689,44.502064,1738300
2013-08-19,44.517813,44.588689,44.171311,44.210686,1168400
2013-08-20,43.746060,44.053188,43.722436,43.966564,1219200
2013-08-21,43.139678,43.289306,42.793175,42.856174,2697500
2013-08-22,43.021548,43.273551,43.021548,43.179050,1804400
2013-08-23,43.635810,43.879938,43.525559,43.801186,1908100
2013-08-26,44.092567,44.226442,43.848439,43.911438,897400
2013-08-27,43.596432,43.714556,43.344430,43.383804,1580800
2013-08-28,43.785432,44.226437,43.659431,44.021687,2085500
2013-08-29,44.738323,45.210826,44.738323,44.935200,2383100
2013-08-30,45.226575,45.242325,44.911571,45.069073,2115000
2013-09-03,45.911706,45.935333,45.447076,45.502201,4198500
2013-09-04,46.037706,46.620463,46.021956,46.573212,2024600
2013-09-05,46.714959,46.896085,46.581084,46.746460,2725100
2013-09-06,47.274099,47.659979,47.037847,47.565479,4654600
2013-09-09,47.872605,48.305734,47.793852,48.148232,2155400
2013-09-10,48.557732,48.675859,48.392356,48.549858,2844200
2013-09-11,48.683733,48.856986,48.541982,48.801861,2114200
2013-09-12,48.534111,48.557736,48.297860,48.337234,2572100
2013-09-13,48.313604,48.463233,48.195480,48.392357,2901600
2013-09-16,48.951487,49.022362,48.754610,48.849110,2400700
2013-09-17,48.754610,48.817612,48.486857,48.628609,5279000
2013-09-18,48.809735,50.794255,48.557733,50.621002,5790200
2013-09-19,50.337499,50.479251,49.841371,50.376877,4375300
2013-09-20,50.227246,50.227246,49.345238,49.360989,3216400
2013-09-23,49.124741,49.290117,49.006614,49.179867,3600900
2013-09-24,49.227122,49.376750,49.085373,49.156246,2435300
2013-09-25,48.778234,48.864860,48.565606,48.636482,2062900
2013-09-26,49.077490,49.290117,49.077490,49.164116,1642200
2013-09-27,49.124745,49.203495,48.888493,48.975117,2087000
2013-09-30,48.541975,48.652226,48.352975,48.431725,2596100
2013-10-01,48.809733,49.203487,48.754608,49.140488,2705700
2013-10-02,48.872736,49.219239,48.841235,49.211365,2309400
2013-10-03,49.510614,49.636615,48.754607,49.108986,2518600
2013-10-04,48.967240,49.290118,48.935739,49.234993,1790700
2013-10-07,48.841245,49.093248,48.809744,48.959370,1347100
2013-10-08,49.195611,49.313735,48.778230,48.833355,3067000
2013-10-09,48.943612,49.290115,48.683733,49.022362,2549500
2013-10-10,49.510616,50.006747,49.439740,49.959496,5246800
2013-10-11,50.148505,50.487133,50.117004,50.298130,2079600
2013-10-14,49.998874,50.558001,49.998874,50.455627,1478800
2013-10-15,50.770633,50.833635,50.495007,50.495007,2455500
2013-10-16,50.778510,51.101385,50.747009,50.943886,3277200
2013-10-17,51.022635,51.471514,51.022635,51.408512,1741400
2013-10-18,51.605392,51.699895,51.432139,51.597515,1964000
2013-10-21,51.447891,51.510893,51.345511,51.416389,2000100
2013-10-22,51.739262,52.030642,51.707767,51.723515,2416800
2013-10-23,50.857260,50.920262,50.691884,50.770634,3651000
2013-10-24,50.904511,50.975389,50.754882,50.928135,3989000
2013-10-25,50.526507,50.810004,50.526507,50.754879,1306500
2013-10-28,51.132881,51.227384,51.054131,51.109257,1223500
2013-10-29,51.384880,51.463630,51.337632,51.384880,2440400
2013-10-30,51.573885,51.652634,51.117135,51.235256,2057500
2013-10-31,50.770630,50.794254,50.313874,50.321751,2961700
2013-11-01,50.754878,50.754878,50.376878,50.676128,3614500
2013-11-04,50.384757,50.534383,50.195757,50.526512,1907700
2013-11-05,50.132747,50.132747,49.770494,49.880745,2572300
2013-11-06,50.258750,50.282374,50.101247,50.164249,1485100
2013-11-07,49.778367,49.935869,49.014487,49.140488,3614900
2013-11-08,48.982994,49.266497,48.786117,49.227119,2719800
2013-11-11,48.880617,48.967244,48.746743,48.793991,1572500
2013-11-12,49.101114,49.242866,48.825488,48.990864,3310000
2013-11-13,48.077348,48.644355,48.077348,48.612854,3320200
2013-11-14,48.549868,49.006621,48.423867,48.959370,2393200
2013-11-15,50.006741,50.376871,49.872866,50.250870,3826800
2013-11-18,50.731254,50.786379,50.439879,50.471375,1721700
2013-11-19,50.873001,51.132880,50.778503,50.778503,2140100
2013-11-20,50.786385,50.810010,50.085504,50.132755,1913100
2013-11-21,49.628741,49.927995,49.557865,49.817741,1836300
2013-11-22,49.841371,50.124875,49.731121,49.951622,2455600
2013-11-25,50.361120,50.384744,49.738988,49.770489,2328900
2013-11-26,50.211492,50.447744,50.156367,50.250870,2791800
2013-11-27,50.565877,50.676128,50.455627,50.628880,2161600
2013-11-29,51.180131,51.345507,51.077757,51.211632,1512600
2013-12-02,50.841503,50.928129,50.164248,50.321751,2953200
2013-12-03,49.809861,49.998864,49.542108,49.825611,2851500
2013-12-04,49.140488,49.486990,49.022360,49.376740,3103800
2013-12-05,49.219242,49.400368,49.093240,49.179867,1754900
2013-12-06,49.872869,50.227245,49.809867,50.014618,3047400
2013-12-09,50.416254,50.534382,50.258755,50.298130,1692400
2013-12-10,49.990996,50.140621,49.896496,50.116997,1476000
2013-12-11,49.620864,49.668115,48.990858,49.093235,4296900
2013-12-12,49.164112,49.164112,48.912110,48.927860,2406800
2013-12-13,49.116863,49.187739,48.888488,49.085365,1606000
2013-12-16,49.526367,49.770496,49.431867,49.738995,3447900
2013-12-17,49.502747,49.526372,49.274369,49.353119,3109300
2013-12-18,49.679092,50.533975,49.239667,50.318256,5618600
2013-12-19,49.279608,49.527285,48.976004,49.439400,4133700
2013-12-20,49.471363,49.711052,49.423428,49.447395,3254500
2013-12-23,49.902792,50.094543,49.822897,49.998669,1665300
2013-12-24,49.982694,50.134494,49.982694,50.054600,687000
2013-12-26,50.022641,50.054600,49.735016,49.750996,843900
2013-12-27,50.749697,50.989383,50.637844,50.925468,1996300
2013-12-30,50.861540,51.093238,50.821593,51.045300,2004300
2013-12-31,51.300976,51.716437,51.285000,51.668495,2939700
2014-01-02,49.862851,49.902798,49.079874,49.247654,5658400
2014-01-03,49.007964,49.151776,48.712351,48.944046,2844800
2014-01-06,48.544571,48.640448,48.400762,48.552563,4089200
2014-01-07,48.720341,48.864153,48.632455,48.736320,1995200
2014-01-08,48.624465,48.656423,48.376787,48.520599,3199500
2014-01-09,48.488646,48.488646,48.041233,48.352825,2926200
2014-01-10,48.224989,48.688382,48.201022,48.448696,4683900
2014-01-13,48.808233,48.848180,48.161078,48.344837,2698300
2014-01-14,48.528596,48.832197,48.344833,48.648438,2412500
2014-01-15,48.584521,48.592510,48.416738,48.560551,1569200
2014-01-16,48.496640,48.640452,48.400766,48.536587,2376200
2014-01-17,48.169064,48.272926,48.057211,48.248959,3738100
2014-01-21,48.576524,48.688378,48.216993,48.328850,3949000
2014-01-22,48.496644,48.632465,48.360820,48.584530,2132600
2014-01-23,47.593813,47.689686,47.098461,47.418041,4646700
2014-01-24,46.962632,46.962632,46.027855,46.051823,6836000
2014-01-27,46.451305,46.746918,46.115745,46.451305,4872600
2014-01-28,46.834806,47.050524,46.794859,46.914703,4029400
2014-01-29,47.082485,47.218306,46.507236,46.754913,6922400
2014-01-30,47.202330,47.434025,47.002591,47.082485,3375100
2014-01-31,46.643057,47.202327,46.403371,47.170368,4165300
2014-02-03,46.579144,46.611103,45.756220,45.916012,5974600
2014-02-04,46.243580,46.499246,46.059820,46.267548,4337400
2014-02-05,46.099768,46.475276,46.003895,46.363422,3396400
2014-02-06,46.698982,47.154387,46.690991,47.074490,2994000
2014-02-07,47.290212,47.465983,47.090472,47.314182,4230000
2014-02-10,47.258257,47.258257,46.954652,47.106453,1950700
2014-02-11,47.449998,48.025247,47.402063,47.841488,3897700
2014-02-12,48.097155,48.256947,47.937363,47.977310,2316100
2014-02-13,47.202323,47.857467,47.202323,47.785561,2032200
2014-02-14,48.480652,48.848171,48.440705,48.520599,2748300
2014-02-18,48.416737,48.416737,48.033238,48.041229,2411800
2014-02-19,47.905403,48.041227,47.410051,47.569843,3079800
2014-02-20,47.266242,47.593814,47.194336,47.537888,2971200
2014-02-21,47.977309,48.129113,47.825508,47.841488,3689800
2014-02-24,47.913393,49.511305,47.913393,48.121120,2639700
2014-02-25,48.368801,48.368801,47.969323,48.081177,3038000
2014-02-26,48.664423,48.736329,48.376798,48.488651,2818500
2014-02-27,48.800242,49.135802,48.752304,49.039928,2484500
2014-02-28,49.015959,49.055909,48.456692,48.800243,4129200
2014-03-03,48.224989,48.400761,48.057209,48.400761,2777000
2014-03-04,48.672407,49.039930,48.672407,48.800243,2884200
2014-03-05,48.600498,48.736319,48.528592,48.672401,1868900
2014-03-06,49.071882,49.359507,49.023947,49.231674,2397000
2014-03-07,48.976009,48.999980,48.656428,48.960030,2266500
2014-03-10,48.256947,48.360809,48.025249,48.360809,1721700
2014-03-11,48.560557,48.624475,48.001290,48.057217,2890300
2014-03-12,47.234278,47.761589,47.178352,47.753601,3043700
2014-03-13,47.769590,47.793558,46.730947,46.946663,4249600
2014-03-14,46.730939,47.066499,46.730939,46.842793,3041900
2014-03-17,47.537885,47.729636,47.442011,47.649738,2891600
2014-03-18,47.513920,47.953345,47.513920,47.857471,3691000
2014-03-19,47.697681,47.713660,46.858777,46.994598,3055800
2014-03-20,46.339458,46.698989,46.275540,46.651051,2787300
2014-03-21,47.026552,47.234280,46.858772,46.882740,3975700
2014-03-24,47.370104,47.370104,47.058511,47.210312,2356000
2014-03-25,47.386086,47.553866,47.258253,47.442013,2621100
2014-03-26,48.137103,48.288903,47.969323,48.073185,3360000
2014-03-27,48.488646,48.776271,48.360814,48.696377,3123300
2014-03-28,48.896110,49.047910,48.792245,48.840183,1805300
2014-03-31,49.111831,49.311570,49.087861,49.143787,2518200
2014-04-01,49.615179,49.822910,49.599203,49.766983,2772600
2014-04-02,49.719041,49.774967,49.631155,49.774967,1388200
2014-04-03,49.735013,49.830887,49.511306,49.806919,2043400
2014-04-04,50.294279,50.549944,49.766968,49.790936,5421400
2014-04-07,49.838881,50.062587,49.599195,49.719036,1830600
2014-04-08,50.645823,50.757676,50.510002,50.541958,2542700
2014-04-09,51.005359,51.420817,50.845567,51.229069,2941900
2014-04-10,51.109221,51.165148,50.653816,50.653816,6049500
2014-04-11,50.438102,50.725727,50.422122,50.717735,4348500
2014-04-14,50.957419,51.005357,50.637838,50.765671,1578300
2014-04-15,50.406142,50.470057,49.862852,50.310268,2924800
2014-04-16,50.605882,51.069275,50.597894,51.061287,2289200
2014-04-17,50.709745,50.925464,50.677786,50.885513,2570300
2014-04-21,50.885515,51.005360,50.805621,51.005360,1375900
2014-04-22,51.093241,51.133188,50.989376,51.013344,2100700
2014-04-23,50.685771,50.693762,50.462064,50.613865,927200
2014-04-24,50.597890,50.733711,50.390159,50.701752,914800
2014-04-25,49.862854,49.870842,49.615176,49.838886,1940000
2014-04-28,50.206405,50.334238,50.006666,50.214394,2337700
2014-04-29,50.270312,50.454074,50.190417,50.422115,1604400
2014-04-30,49.790945,49.998675,49.743007,49.974705,1465800
2014-05-01,50.038618,50.310263,49.639140,50.222378,1137400
2014-05-02,49.990689,50.126513,49.886824,50.086563,1709500
2014-05-05,49.934750,49.998668,49.766970,49.982689,1262400
2014-05-06,49.926768,50.486034,49.910788,50.134495,2068500
2014-05-07,49.743009,49.886821,49.623168,49.870842,1325600
2014-05-08,49.990682,50.326246,49.990682,50.134495,2290600
2014-05-09,49.966718,50.150477,49.878832,50.038624,1030700
2014-05-12,50.517996,50.757682,50.517996,50.717735,1388800
2014-05-13,51.149172,51.380870,51.149172,51.269016,1612200
2014-05-14,51.620547,51.788327,51.540653,51.580597,2064400
2014-05-15,51.668491,51.716433,51.213086,51.300972,2438300
2014-05-16,51.772363,52.004054,51.732412,51.948128,2003000
2014-05-19,51.948115,52.131878,51.900180,52.131878,1640900
2014-05-20,51.804316,51.916175,51.612568,51.612568,1903600
2014-05-21,51.796319,51.972091,51.788328,51.932140,949100
2014-05-22,52.075959,52.171836,51.988074,52.139877,1183800
2014-05-23,52.044002,52.139879,51.940140,51.988075,1864000
2014-05-27,51.468751,51.500709,51.348906,51.476742,1486400
2014-05-28,52.051991,52.211780,52.036008,52.059982,1347200
2014-05-29,52.307651,52.347595,52.203783,52.323627,798800
2014-05-30,51.716428,51.748381,51.540657,51.636528,1012600
2014-06-02,51.692463,51.716437,51.596592,51.668495,1106500
2014-06-03,51.740398,51.844261,51.684472,51.764366,1497400
2014-06-04,51.556642,51.772364,51.372886,51.724422,1612400
2014-06-05,51.732405,51.892193,51.620551,51.852249,1191800
2014-06-06,52.219769,52.515384,52.036006,52.243736,2018300
2014-06-09,52.107921,52.195807,52.004053,52.147865,1512500
2014-06-10,52.371579,52.491418,52.363588,52.459465,2182200
2014-06-11,52.203791,52.291677,52.187814,52.259724,1526300
2014-06-12,52.163838,52.299659,51.804304,51.932140,2091000
2014-06-13,51.300968,51.364886,51.165147,51.348904,1659300
2014-06-16,51.468746,51.564623,51.372875,51.444778,971300
2014-06-17,51.492712,51.612556,51.420809,51.564621,2023500
2014-06-18,51.316959,51.772364,51.173147,51.724422,2585900
2014-06-19,51.428810,51.588599,51.412828,51.548649,1952300
2014-06-20,50.789643,50.853561,50.565936,50.821602,1613800
2014-06-23,51.101230,51.141180,51.021336,51.069271,1144600
2014-06-24,51.668491,51.892198,51.524679,51.620556,1492100
2014-06-25,51.205095,51.596588,51.181128,51.572620,1751900
2014-06-26,51.876216,51.932143,51.676477,51.820290,1012400
2014-06-27,51.844258,51.932144,51.788332,51.908176,707500
2014-06-30,52.051996,52.075964,51.932151,51.948128,1088700
2014-07-01,52.059981,52.395542,52.051990,52.363583,2235700
2014-07-02,52.619250,52.675177,52.499405,52.555332,2401000
2014-07-03,52.555333,52.699146,52.459463,52.691154,712500
2014-07-07,51.996061,52.099923,51.916166,52.083946,1181400
2014-07-08,51.916166,51.972093,51.716427,51.788330,1263100
2014-07-09,51.764371,51.972102,51.676486,51.948128,1353100
2014-07-10,51.213078,51.564621,51.189111,51.564621,1346100
2014-07-11,51.165149,51.173140,51.021336,51.101231,2387300
2014-07-14,51.316952,51.420814,51.292978,51.412823,679000
2014-07-15,51.532663,51.572613,51.261021,51.380859,1642100
2014-07-16,51.676474,51.732401,51.540653,51.580597,984400
2014-07-17,51.652512,51.724415,51.037315,51.069271,1322700
2014-07-18,51.564623,51.772353,51.468746,51.732403,2111200
2014-07-21,51.516691,51.892195,51.484732,51.756374,2497500
2014-07-22,52.251730,52.483428,52.227762,52.371574,2972000
2014-07-23,52.211784,52.243743,52.059987,52.187817,1435300
2014-07-24,52.043999,52.107917,51.948122,52.067966,2990700
2014-07-25,52.227763,52.315648,52.115909,52.179821,1366800
2014-07-28,52.587295,52.906878,52.587295,52.842960,2711700
2014-07-29,53.378251,53.482119,53.338307,53.418201,5925000
2014-07-30,54.057370,54.137264,53.641909,53.817680,2909200
2014-07-31,53.354284,53.354284,52.739090,52.810993,3782000
2014-08-01,52.970789,53.378252,52.938830,53.210472,2576200
2014-08-04,53.130582,53.266403,52.922852,53.218468,3156900
2014-08-05,52.723111,52.723111,52.355592,52.419510,2940100
2014-08-06,52.251728,52.451467,52.115907,52.251728,1749700
2014-08-07,52.107920,52.131888,51.820295,51.916172,2569300
2014-08-08,51.668489,52.123894,51.668489,52.051991,4572200
2014-08-11,52.171837,52.267708,52.131887,52.219772,2130200
2014-08-12,52.147865,52.371578,52.099929,52.339619,1679700
2014-08-13,52.667187,52.739096,52.531366,52.675179,1830600
2014-08-14,53.138573,53.162540,53.066663,53.138573,1061400
2014-08-15,53.290371,53.506093,52.763063,52.978779,2436300
2014-08-18,52.842959,53.106616,52.803009,53.050690,1940800
2014-08-19,53.186502,53.394232,53.186502,53.346291,1382900
2014-08-20,52.986770,53.098623,52.866925,52.978779,2138000
2014-08-21,52.299664,52.315646,52.195801,52.275696,1725300
2014-08-22,52.523370,52.611256,52.315646,52.563320,1411500
2014-08-25,52.699146,52.811000,52.675179,52.747082,1136600
2014-08-26,52.938834,53.290371,52.938834,53.266403,2433300
2014-08-27,53.218468,53.322330,53.098624,53.274395,1523300
2014-08-28,52.890890,53.274392,52.890890,53.258415,2552300
2014-08-29,53.114608,53.170534,52.986772,53.050690,1470000
2014-09-02,52.291672,52.395540,52.179819,52.251728,2192400
2014-09-03,52.315648,52.419510,52.123894,52.123894,1605100
2014-09-04,52.243739,52.403528,52.051991,52.107918,1180400
2014-09-05,51.844260,52.043999,51.732406,51.996063,3481200
2014-09-08,51.772353,51.916166,51.213080,51.444778,2992200
2014-09-09,51.269019,51.269019,50.573928,50.813614,3095400
2014-09-10,50.677784,51.133189,50.462066,51.021336,2341100
2014-09-11,50.733719,50.877532,50.701761,50.813614,1778800
2014-09-12,50.981391,51.085253,50.789640,50.909485,3600200
2014-09-15,50.829589,50.845568,50.629850,50.709747,1209600
2014-09-16,50.741690,51.460755,50.741690,51.292969,2664300
2014-09-17,51.348907,51.668490,51.165150,51.197109,2023900
2014-09-18,50.773659,50.813606,50.709744,50.773659,1381200
2014-09-19,50.837571,50.893498,50.573914,50.669788,2831800
2014-09-22,50.014647,50.110524,49.671096,49.854858,2469800
2014-09-23,49.703053,49.926762,49.655117,49.703053,1865900
2014-09-24,49.918773,50.286292,49.806920,50.230366,2077300
2014-09-25,49.631146,49.639137,49.231668,49.319553,2329600
2014-09-26,49.439407,49.519301,49.263636,49.423428,1787900
2014-09-29,48.624468,48.848174,48.584521,48.792248,1564000
2014-09-30,48.520609,48.584526,48.304890,48.344837,4036100
2014-10-01,47.689691,47.825515,47.074494,47.082485,5137000
2014-10-02,46.858780,47.138413,46.603114,46.906715,4036300
2014-10-03,46.826819,47.130423,46.459300,47.026558,3438600
2014-10-06,46.882741,47.018562,46.810835,46.954647,1904500
2014-10-07,46.778879,46.778879,46.491254,46.531204,1601000
2014-10-08,46.219612,46.850788,45.963946,46.786873,3209800
2014-10-09,46.698990,46.738937,45.724262,46.027866,3442300
2014-10-10,45.476570,45.580435,45.085084,45.117043,5386100
2014-10-13,45.971934,46.099766,45.508538,45.524517,2774400
2014-10-14,45.780185,45.892038,45.524519,45.668331,2922600
2014-10-15,45.596425,45.732249,44.989219,45.604416,4727100
2014-10-16,45.204940,45.732251,44.861388,45.444626,4637000
2014-10-17,45.516535,45.572461,45.157004,45.380711,2524900
2014-10-20,45.836111,46.059821,45.700290,46.011883,1850000
2014-10-21,46.003897,46.219612,45.931990,46.171677,2106000
2014-10-22,46.139707,46.171666,45.908009,45.979916,1403200
2014-10-23,46.083793,46.219614,46.011887,46.043846,1838800
2014-10-24,45.923994,46.107753,45.884046,46.003891,3458400
2014-10-27,46.091780,46.275539,46.059824,46.251572,1949000
2014-10-28,46.419345,46.730941,46.419345,46.690990,2324000
2014-10-29,47.473969,47.665720,47.010576,47.154388,3868900
2014-10-30,47.122425,47.457988,47.082478,47.434017,2426300
2014-10-31,46.882740,46.986605,46.722948,46.842793,4894500
2014-11-03,46.291513,46.339452,45.884047,46.059818,3887100
2014-11-04,45.820134,45.860084,45.652354,45.844105,1432500
2014-11-05,45.292811,45.292811,44.901324,45.117043,4831400
2014-11-06,45.564462,45.780180,45.260861,45.308796,3195700
2014-11-07,45.436632,45.604415,45.332770,45.572456,1695300
2014-11-10,46.147707,46.187657,45.963947,45.963947,1417600
2014-11-11,45.700289,45.700289,45.524518,45.588436,2173000
2014-11-12,45.652348,45.963941,45.652348,45.748222,3084400
2014-11-13,45.732248,45.772196,45.476580,45.588436,1664400
2014-11-14,44.797471,45.244888,44.781491,45.220917,2576600
2014-11-17,45.364725,45.364725,45.125039,45.172977,1554800
2014-11-18,45.636370,45.676318,45.516529,45.524517,1137400
2014-11-19,44.981223,44.981223,44.661642,44.853390,2419200
2014-11-20,44.717571,44.837413,44.661645,44.741539,1741400
2014-11-21,45.308805,45.388702,45.085098,45.372723,3321400
2014-11-24,45.436627,45.444618,45.188952,45.404671,1644400
2014-11-25,45.436633,45.524519,45.316792,45.332771,1693700
2014-11-26,45.700294,45.971939,45.700294,45.955959,2264900
2014-11-28,45.820133,45.820133,45.364728,45.444626,2132200
2014-12-01,45.420643,45.444614,45.021165,45.101063,2240300
2014-12-02,45.125037,45.125037,44.965245,45.029163,1833900
2014-12-03,45.077102,45.133032,44.997208,45.013187,2022900
2014-12-04,45.516532,45.684312,45.420655,45.476582,2050000
2014-12-05,45.604407,45.604407,45.141011,45.212917,2564800
2014-12-08,45.300818,45.380713,45.204944,45.236900,2205400
2014-12-09,45.348742,45.572452,45.300807,45.540493,3868600
2014-12-10,45.109063,45.109063,44.645670,44.845409,3907300
2014-12-11,44.741540,44.741540,44.318094,44.461906,3775800
2014-12-12,44.302111,44.310099,43.798768,43.846706,4039000
2014-12-15,44.573765,44.637680,44.238202,44.294128,4052300
2014-12-16,44.845407,45.316791,44.797468,44.933292,6096600
2014-12-17,44.394033,44.959975,44.369779,44.668919,4742800
2014-12-18,44.515305,44.612323,44.385947,44.563812,4368500
2014-12-19,44.879121,44.976142,44.660832,44.701256,3569100
2014-12-22,45.137841,45.356130,45.113585,45.218689,2407400
2014-12-23,44.887211,45.105503,44.571902,44.709343,2344900
2014-12-24,44.968056,45.081244,44.911462,44.959972,873000
2014-12-26,45.137845,45.364220,45.137845,45.178268,902300
2014-12-29,44.959969,45.032733,44.862951,45.008476,2091700
2014-12-30,44.515303,44.660831,44.394029,44.644661,2078600
2014-12-31,44.806357,45.008479,44.660832,44.701256,1871400
2015-01-02,44.854866,44.854866,44.054465,44.232330,4266300
2015-01-05,44.005960,44.005960,43.561293,43.682564,3945700
2015-01-06,43.617884,43.771495,43.399592,43.520866,2879400
2015-01-07,43.828091,44.094893,43.763414,44.070637,3195200
2015-01-08,44.612326,45.065080,44.604239,44.927635,3626500
2015-01-09,45.509744,45.550167,45.251028,45.339962,3655100
2015-01-12,45.614845,45.614845,45.307622,45.348045,2070100
2015-01-13,45.816963,45.978661,45.542080,45.744202,2804800
2015-01-14,45.024644,45.639096,45.024644,45.453144,2399400
2015-01-15,45.719945,45.808879,45.469316,45.525909,2366500
2015-01-16,45.550169,45.566339,45.137842,45.461235,4015300
2015-01-20,45.445061,45.493571,45.259109,45.436977,2853100
2015-01-21,45.768461,45.970583,45.436981,45.865479,2411200
2015-01-22,46.011009,46.576951,45.776547,46.390999,3475600
2015-01-23,46.463763,46.544610,46.350575,46.390999,1835800
2015-01-26,46.334402,46.528438,46.213128,46.471844,1414900
2015-01-27,46.463761,46.463761,46.205045,46.285892,1643900
2015-01-28,46.390994,46.488011,46.019087,46.124191,2711500
2015-01-29,46.011010,46.035263,45.655276,46.027180,2596800
2015-01-30,45.210598,45.356126,44.959969,44.992310,4215200
2015-02-02,45.404635,45.922067,45.356125,45.744202,2297700
2015-02-03,45.833135,46.132277,45.614843,46.083767,2773000
2015-02-04,46.318233,46.520355,46.237383,46.302063,1592600
2015-02-05,45.792715,46.148451,45.760375,46.108025,1541300
2015-02-06,45.606758,45.606758,45.226768,45.396553,1921000
2015-02-09,45.154003,45.388465,45.154003,45.372295,1814200
2015-02-10,45.065078,45.170179,44.919550,45.040821,1741200
2015-02-11,44.822527,44.927631,44.434454,44.499134,11404000
2015-02-12,44.774017,44.984222,44.676996,44.935715,2597000
2015-02-13,45.121661,45.372290,45.121661,45.299526,2209300
2015-02-17,45.121671,45.267199,45.073161,45.218689,1331600
2015-02-18,44.887214,45.331881,44.871044,45.259117,1490900
2015-02-19,45.008478,45.234856,44.927630,45.048904,1590000
2015-02-20,45.154008,45.533998,44.976143,45.412724,2472600
2015-02-23,45.412721,45.428891,45.162092,45.275280,1450300
2015-02-24,45.259109,45.695692,45.105497,45.598675,2121100
2015-02-25,45.792715,45.930159,45.711867,45.857395,2424800
2015-02-26,45.930164,46.011011,45.881653,45.922077,1998200
2015-02-27,45.913991,45.954415,45.744210,45.784634,2372900
2015-03-02,46.083768,46.148449,45.962494,46.132278,1718800
2015-03-03,46.439504,46.439504,46.261639,46.277809,2783900
2015-03-04,46.229303,46.277814,45.986758,46.116116,2352200
2015-03-05,46.213126,46.285890,46.091852,46.148449,1200700
2015-03-06,46.196963,46.205050,45.752296,45.913994,3025000
2015-03-09,45.598685,45.711873,45.445070,45.558258,2391800
2015-03-10,44.830609,44.838692,44.426365,44.442535,3227500
2015-03-11,44.620406,44.701257,44.482965,44.563812,2002300
2015-03-12,45.121666,45.137836,44.935715,44.943798,2217700
2015-03-13,44.491044,44.507214,44.111057,44.297009,2398500
2015-03-16,44.806354,45.089326,44.806354,44.943798,2111000
2015-03-17,45.970583,46.108024,45.808885,46.091854,4102400
2015-03-18,45.889735,46.965025,45.784634,46.859921,4930900
2015-03-19,46.399079,46.399079,46.059516,46.253551,2177600
2015-03-20,46.455674,46.811411,46.447591,46.706306,2822500
2015-03-23,46.746724,46.908422,46.682047,46.827572,2285900
2015-03-24,46.851828,46.997356,46.851828,46.956932,1557300
2015-03-25,47.094376,47.215651,46.706303,46.730556,3061100
2015-03-26,46.528439,46.528439,46.124196,46.358658,2063800
2015-03-27,46.277810,46.415251,46.188876,46.342487,1453200
2015-03-30,46.407164,46.633540,46.407164,46.552692,1896600
2015-03-31,46.213129,46.358657,46.172705,46.277809,1876500
2015-04-01,46.229293,46.439498,46.156529,46.399075,1748300
2015-04-02,46.762896,46.965018,46.698215,46.900337,2888300
2015-04-06,47.272248,47.668405,47.191397,47.522877,3325500
2015-04-07,47.126714,47.142884,46.965016,46.981186,2840000
2015-04-08,47.530959,47.660317,47.353091,47.498619,3765100
2015-04-09,47.417777,47.490541,47.264162,47.361183,2197200
2015-04-10,48.048392,48.242427,47.991798,48.185833,2928200
2015-04-13,48.226257,48.371785,48.024135,48.040302,3565300
2015-04-14,48.832627,48.945814,48.670929,48.881134,3605100
2015-04-15,49.010486,49.317712,48.945809,49.172184,2056200
2015-04-16,49.382395,49.915997,49.374309,49.738129,3412700
2015-04-17,49.430903,49.503667,49.253035,49.333885,4007500
2015-04-20,49.827066,50.069612,49.818980,49.924084,2936200
2015-04-21,49.867489,49.891742,49.665367,49.673450,2249200
2015-04-22,50.110041,50.150465,49.907920,50.061531,2961100
2015-04-23,50.675979,51.039799,50.490027,50.870014,2869700
2015-04-24,50.894267,50.894267,50.506193,50.643635,2260300
2015-04-27,50.570871,50.724486,50.562788,50.659805,1991500
2015-04-28,50.538534,50.813420,50.473856,50.805336,3042800
2015-04-29,50.045361,50.295990,49.948340,50.093868,3348600
2015-04-30,49.673454,49.754305,49.414738,49.455162,2689100
2015-05-01,49.406647,49.552175,49.261119,49.447071,2449800
2015-05-04,49.770475,49.924087,49.649201,49.867493,3496800
2015-05-05,49.705788,49.843232,49.261120,49.301544,3078600
2015-05-06,48.913469,49.058997,48.646666,48.792194,3577600
2015-05-07,48.355616,48.379869,48.088813,48.274765,2829600
2015-05-08,48.509231,48.581995,48.282856,48.493061,2422400
2015-05-11,48.185835,48.193922,47.886696,47.910950,2423800
2015-05-12,47.692658,48.040304,47.611807,47.919033,1353800
2015-05-13,48.266681,48.412208,48.210087,48.218170,2114800
2015-05-14,48.557740,48.848792,48.549653,48.776031,1709800
2015-05-15,48.016051,48.339447,47.991797,48.323277,2479300
2015-05-18,48.226261,48.226261,48.032223,48.048393,1282300
2015-05-19,48.258604,48.282861,48.104993,48.161587,1476100
2015-05-20,48.420296,48.614334,48.290938,48.436466,1658300
2015-05-21,47.878617,48.177757,47.878617,48.161587,1454300
2015-05-22,48.476889,48.565823,48.387955,48.404125,1895100
2015-05-26,47.910948,47.927118,47.474367,47.595638,2632800
2015-05-27,46.843744,46.940764,46.690132,46.884171,3320900
2015-05-28,46.754810,46.779064,46.593112,46.754810,1681600
2015-05-29,46.762897,46.851831,46.665879,46.730556,2196900
2015-06-01,46.423334,46.431421,46.140365,46.277809,2488000
2015-06-02,45.922074,46.188876,45.857396,46.140366,2470900
2015-06-03,45.833138,46.002923,45.752291,45.841225,1662900
2015-06-04,45.631011,45.768455,45.445059,45.525909,1852700
2015-06-05,45.202514,45.396552,45.097409,45.145920,2983900
2015-06-08,45.154012,45.202522,45.040824,45.178268,1539300
2015-06-09,45.105498,45.186346,45.000394,45.048904,1465300
2015-06-10,45.234856,45.525912,45.234856,45.469318,3171400
2015-06-11,45.267204,45.380391,45.170183,45.259117,1839400
2015-06-12,44.733594,44.798271,44.588066,44.798271,2112900
2015-06-15,44.668917,44.693170,44.434455,44.579983,1447900
2015-06-16,44.248501,44.321265,44.078720,44.288925,2231800
2015-06-17,44.353616,44.830624,43.997880,44.677010,3625800
2015-06-18,45.113586,45.299538,45.040822,45.113586,3871000
2015-06-19,45.210598,45.234855,45.024647,45.024647,1882300
2015-06-22,45.695696,45.792713,45.614845,45.614845,2002400
2015-06-23,45.833136,45.986751,45.792712,45.930157,2385800
2015-06-24,45.622934,45.639105,45.485490,45.534000,1574800
2015-06-25,45.792713,45.792713,45.307622,45.339962,2304100
2015-06-26,45.145911,45.153995,44.992300,45.097401,1606600
2015-06-29,44.652747,44.652747,44.143399,44.353607,2413300
2015-06-30,44.790187,44.903375,44.555725,44.555725,2502100
2015-07-01,45.533999,45.533999,44.959974,45.040821,2076500
2015-07-02,45.210600,45.348044,45.056989,45.089329,1152800
2015-07-06,43.836176,43.925110,43.520866,43.731071,3216900
2015-07-07,43.286405,43.431933,42.898332,43.383423,3646200
2015-07-08,42.777058,42.793228,42.348561,42.364731,5894200
2015-07-09,43.326832,43.367256,42.906418,42.914505,2583600
2015-07-10,43.343002,43.440020,43.254068,43.318748,3211300
2015-07-13,43.512781,43.561291,43.351083,43.383423,1782500
2015-07-14,43.003434,43.043861,42.785142,43.011520,2314900
2015-07-15,42.857904,42.865991,42.607275,42.720463,1710200
2015-07-16,43.140878,43.415764,43.140878,43.213642,1922200
2015-07-17,42.874076,42.874076,42.712381,42.809399,2468700
2015-07-20,42.437496,42.477920,42.162610,42.437496,1952400
2015-07-21,42.599190,42.680040,42.542596,42.599190,2005000
2015-07-22,42.186865,42.251542,41.984743,42.081760,2064600
2015-07-23,41.928148,41.984742,41.612839,41.637093,2022400
2015-07-24,41.224756,41.224756,40.772002,40.893276,2234500
2015-07-27,41.152000,41.321782,41.135830,41.160084,2187100
2015-07-28,41.564331,41.879640,41.491567,41.774536,1729500
2015-07-29,42.041332,42.300048,41.911974,42.041332,3209900
2015-07-30,41.103485,41.184332,40.909447,41.111568,2204700
2015-07-31,41.467314,41.588585,41.273276,41.378380,3134700
2015-08-03,40.974128,41.038806,40.658819,40.755836,2307800
2015-08-04,41.297531,41.410719,41.071153,41.127747,2010000
2015-08-05,41.240923,41.305603,40.893276,40.893276,1637200
2015-08-06,40.642643,40.755831,40.416267,40.448605,1640600
2015-08-07,40.343507,40.513289,40.319251,40.440525,1461500
2015-08-10,40.586054,40.949874,40.497120,40.901363,1368200
2015-08-11,39.696718,39.696718,39.397578,39.543106,2910000
2015-08-12,39.349065,39.632038,39.260134,39.591614,4989700
2015-08-13,39.704803,39.826074,39.583529,39.680550,1656400
2015-08-14,39.720974,39.939266,39.672464,39.769482,1287600
2015-08-17,39.187378,39.332906,39.066103,39.195461,2004000
2015-08-18,38.985247,39.041841,38.912483,38.944820,2678600
2015-08-19,38.791208,39.074180,38.589086,38.686104,5250200
2015-08-20,37.990818,38.039325,37.732099,37.804863,3664900
2015-08-21,37.618914,37.699765,36.907447,36.923615,5439000
2015-08-24,35.136848,37.117642,34.716435,36.139374,10250700
2015-08-25,38.015069,38.192938,36.834679,36.858932,6133100
2015-08-26,37.594656,37.966560,37.327854,37.926136,5400300
2015-08-27,38.492073,38.960994,38.362715,38.920570,6680900
2015-08-28,38.799301,38.912489,38.613346,38.799301,3472400
2015-08-31,38.653774,38.815469,38.483990,38.678028,3496100
2015-09-01,37.998899,38.241445,37.796777,37.869541,5010400
2015-09-02,38.540593,38.540593,38.281877,38.524426,3175200
2015-09-03,38.378882,38.694191,38.273778,38.314201,2547800
2015-09-04,37.934220,37.934220,37.263177,37.335941,3083500
2015-09-08,38.104003,38.273785,37.918052,38.265701,3128900
2015-09-09,39.179287,39.292474,38.734619,38.758873,3942700
2015-09-10,38.815472,39.268226,38.807388,39.211632,3994800
2015-09-11,38.985254,39.276310,38.944827,39.276310,1919200
2015-09-14,38.969077,39.130775,38.855889,38.944820,1578200
2015-09-15,39.155037,39.510771,39.130784,39.397583,3032100
2015-09-16,40.642649,41.022638,40.561798,40.933704,4382800
2015-09-17,40.852853,41.750274,40.804346,40.877110,5304900
2015-09-18,40.780096,40.949880,40.359682,40.416279,3593700
2015-09-21,39.979692,40.028200,39.737147,39.866505,2640700
2015-09-22,39.332901,39.389495,39.187373,39.340984,2525600
2015-09-23,39.260134,39.316728,38.969078,38.993332,2777400
2015-09-24,38.524411,38.912485,38.419307,38.783127,3444500
2015-09-25,39.138872,39.211636,38.766969,38.823563,1982800
2015-09-28,38.564840,38.686111,37.934218,38.039322,4328200
2015-09-29,38.063577,38.160594,37.740181,37.918049,2832100
2015-09-30,39.389492,39.518850,39.276305,39.438000,3759500
2015-10-01,40.028196,40.133300,39.817991,40.084793,2844200
2015-10-02,39.583532,40.505207,39.543108,40.480953,4542700
2015-10-05,40.796262,41.289440,40.747755,41.289440,4682200
2015-10-06,41.063063,41.346032,40.998383,41.192421,2369700
2015-10-07,42.372816,42.631531,42.291968,42.437496,3884500
2015-10-08,42.324300,42.825564,42.300046,42.777054,3265400
2015-10-09,43.496610,43.884684,43.019603,43.165131,4714800
2015-10-12,43.205555,43.205555,42.963009,43.003433,2157800
2015-10-13,42.550681,42.817480,42.437493,42.477917,3628400
2015-10-14,42.882164,43.068116,42.801314,42.930672,1997700
2015-10-15,43.973617,44.199992,43.900853,44.135315,4657600
2015-10-16,43.739155,43.965533,43.722988,43.908939,2785200
2015-10-19,43.820008,43.900855,43.545122,43.658310,2290700
2015-10-20,43.844258,43.965532,43.747240,43.868511,1584600
2015-10-21,43.690648,43.739155,43.448102,43.537033,2667200
2015-10-22,43.642135,44.232330,43.642135,44.183823,3040000
2015-10-23,44.353605,44.450623,44.143397,44.264671,2225500
2015-10-26,44.288924,44.297011,44.127229,44.224247,1229700
2015-10-27,44.054471,44.054471,43.844262,43.900856,1538200
2015-10-28,44.224249,44.321267,43.294488,43.537033,5225500
2015-10-29,43.278318,43.585544,43.229811,43.520866,2643500
2015-10-30,44.102972,44.183822,43.925107,43.965530,2116800
2015-11-02,44.232336,44.765937,44.232336,44.725513,3874500
2015-11-03,44.806357,45.453150,44.806357,45.348045,3118800
2015-11-04,45.000395,45.024649,44.563811,44.701256,2620100
2015-11-05,44.547644,44.693172,44.385949,44.668919,1912000
2015-11-06,43.609798,43.820007,43.407677,43.811920,3154400
2015-11-09,43.326832,43.326832,42.809401,42.914505,3642000
2015-11-10,42.510258,42.599189,42.372814,42.534512,2411300
2015-11-11,42.890241,42.914498,42.696206,42.752800,1886800
2015-11-12,42.388978,42.583013,42.178770,42.267704,1940000
2015-11-13,41.750280,41.750280,41.370290,41.443054,2655500
2015-11-16,41.289435,41.871547,41.289435,41.839207,2762600
2015-11-17,41.709852,41.758362,41.499647,41.596664,2549900
2015-11-18,41.701773,42.154524,41.637093,42.065590,2665000
2015-11-19,42.574932,42.849818,42.566848,42.752800,4103100
2015-11-20,43.043856,43.213638,42.938752,42.971092,3197900
2015-11-23,42.882163,43.003435,42.809399,42.874077,2613100
2015-11-24,43.165132,43.537035,43.043861,43.440018,3031800
2015-11-25,43.472358,43.528952,43.367254,43.440018,1624200
2015-11-27,43.375336,43.415759,43.157044,43.181297,992600
2015-11-30,42.518337,42.728542,42.494083,42.704288,5739900
2015-12-01,43.140875,43.496608,43.108535,43.448101,3031700
2015-12-02,42.696208,42.768972,42.494086,42.639614,3037200
2015-12-03,42.259626,42.348560,41.879636,42.178776,3039100
2015-12-04,41.774531,42.380896,41.669429,42.283878,2663700
2015-12-07,41.588580,41.620920,41.176253,41.313694,2808500
2015-12-08,40.683075,40.901366,40.602227,40.869026,3267900
2015-12-09,40.812437,41.063069,40.626486,40.723503,3083800
2015-12-10,41.079231,41.168162,40.852853,40.909447,2967100
2015-12-11,40.359677,40.416274,40.068624,40.141388,3789000
2015-12-14,40.432440,40.618395,40.133301,40.529461,3874000
2015-12-15,40.982219,41.273275,40.941795,41.127747,2793100
2015-12-16,41.790703,42.405155,41.669432,42.211117,4781100
2015-12-17,41.426886,41.507733,41.135830,41.143913,4693600
2015-12-18,41.620924,41.685604,41.281361,41.305614,3502100
2015-12-21,41.853720,42.002755,41.597053,41.953075,2518800
2015-12-22,42.126950,42.375340,42.011035,42.342220,3610700
2015-12-23,42.524378,42.756208,42.474699,42.689972,1768200
2015-12-24,42.300822,42.400178,42.234584,42.358780,867100
2015-12-28,41.795768,41.895123,41.671575,41.870285,2196600
2015-12-29,42.226306,42.408460,41.961357,41.961357,5127000
2015-12-30,41.472859,41.630171,41.398342,41.464581,1990600
2015-12-31,41.265867,41.431461,41.116832,41.125111,1903800
2016-01-04,40.007353,40.172947,39.767242,40.164665,4194900
2016-01-05,40.471014,40.578647,40.297138,40.338539,2445900
2016-01-06,39.684446,39.709284,39.386378,39.535412,3941700
2016-01-07,39.022073,39.386378,38.873039,38.906158,4479600
2016-01-08,39.137990,39.212507,38.657768,38.690887,7636300
2016-01-11,38.988959,39.245630,38.748848,39.121433,3583600
2016-01-12,39.046914,39.154550,38.757127,39.005516,4304700
2016-01-13,39.601658,39.734133,38.806808,38.897884,3757500
2016-01-14,39.038640,39.402944,38.815088,39.320148,4657200
2016-01-15,37.639374,37.945724,37.291629,37.664215,4847100
2016-01-19,39.080036,39.104874,38.550138,38.740570,3266900
2016-01-20,37.540009,37.804958,36.778278,37.540009,5323900
2016-01-21,37.962276,38.425938,37.722168,38.045074,4076200
2016-01-22,39.129707,39.270463,38.939275,39.179386,3500500
2016-01-25,39.187674,39.320148,38.632934,38.649494,2827800
2016-01-26,38.748845,39.030354,38.591532,39.013794,2330800
2016-01-27,39.071751,39.253905,38.500455,38.724007,3236200
2016-01-28,39.204229,39.262186,38.873044,39.121433,3432900
2016-01-29,39.013800,39.560258,38.997240,39.527142,3875300
2016-02-01,39.187665,39.543688,39.121426,39.419495,2684400
2016-02-02,39.419500,39.419500,38.194109,38.301743,3744300
2016-02-03,38.475613,39.121426,37.937433,39.104866,5069500
2016-02-04,39.908002,40.280587,39.709288,39.850044,3758900
2016-02-05,39.767240,39.767240,39.204222,39.361538,2517600
2016-02-08,38.657771,39.237348,38.483899,39.088314,3709200
2016-02-09,38.517015,39.104871,38.285186,38.674328,4035300
2016-02-10,39.104872,39.651330,38.831645,38.864761,3845600
2016-02-11,38.036796,38.334865,37.912603,38.086475,5012400
2016-02-12,38.094757,38.492184,37.995402,38.475624,3702900
2016-02-16,38.500459,38.773689,38.417663,38.773689,2905900
2016-02-17,38.798529,39.328428,38.757132,39.229073,2580900
2016-02-18,38.914441,38.964120,38.624654,38.806805,2629500
2016-02-19,38.583248,38.831641,38.574970,38.608089,2415300
2016-02-22,39.204222,39.419495,39.195943,39.419495,1910000
2016-02-23,39.071751,39.137990,38.732285,38.757126,2171800
2016-02-24,38.384540,38.922716,38.252065,38.798523,2467400
2016-02-25,38.558414,38.947559,38.450777,38.931000,2779400
2016-02-26,38.839926,38.931003,38.285190,38.334866,2003000
2016-02-29,38.649487,38.773684,38.558411,38.574970,2421600
2016-03-01,39.344986,39.758970,39.121435,39.659615,4033900
2016-03-02,39.568534,39.990795,39.502295,39.974236,3062800
2016-03-03,40.264023,40.545532,40.230904,40.520691,2120600
2016-03-04,40.644895,41.216191,40.644895,41.183075,4166600
2016-03-07,40.611774,41.133394,40.611774,41.050598,3287200
2016-03-08,40.255743,40.338541,40.081871,40.106709,2878400
2016-03-09,40.288867,40.537256,40.264029,40.371662,2985200
2016-03-10,41.009189,41.207903,40.661445,41.042309,2986500
2016-03-11,41.613614,42.027597,41.613614,41.936523,2838500
2016-03-14,41.779200,41.779200,41.547371,41.597050,1540900
2016-03-15,41.323825,41.406621,41.216189,41.373505,2387000
2016-03-16,41.340390,42.309109,41.315552,42.251152,3178000
2016-03-17,42.830721,43.344060,42.781042,43.269543,3408400
2016-03-18,43.120513,43.277825,42.913521,43.170189,1798000
2016-03-21,43.046000,43.203313,42.971483,43.128796,1224400
2016-03-22,43.153630,43.526216,43.103954,43.393742,1645000
2016-03-23,42.979759,43.004597,42.689972,42.689972,1916000
2016-03-24,42.574054,42.723088,42.499540,42.689972,1666500
2016-03-28,42.681687,42.822443,42.681687,42.706528,960400
2016-03-29,42.863844,43.633854,42.855563,43.633854,1893000
2016-03-30,44.246546,44.345904,44.072673,44.122353,2405200
2016-03-31,44.047832,44.138909,43.683525,43.733204,2635600
2016-04-01,42.540933,43.195024,42.441575,43.103951,2125400
2016-04-04,43.079109,43.203305,42.789322,42.797600,1828800
2016-04-05,42.135237,42.242873,41.977924,41.994484,2292300
2016-04-06,42.383617,42.756203,42.284262,42.747925,2358800
2016-04-07,42.391899,42.416737,42.044151,42.085552,2963700
2016-04-08,42.872120,42.872120,42.482977,42.598892,2324700
2016-04-11,42.930080,43.228148,42.930080,43.029438,3101600
2016-04-12,43.153634,43.526219,43.004599,43.435143,2772500
2016-04-13,43.973317,44.155471,43.766325,43.931919,5638700
2016-04-14,44.006437,44.014715,43.774604,43.832561,2499600
2016-04-15,43.915362,43.965038,43.708370,43.724930,5019900
2016-04-18,43.832555,44.080948,43.691802,44.056107,3432800
2016-04-19,44.710216,44.933768,44.619140,44.726776,3235300
2016-04-20,44.436985,44.635698,44.354189,44.503223,1518300
2016-04-21,44.635693,44.643972,44.180312,44.254829,2396000
2016-04-22,44.006438,44.072674,43.749767,43.782887,1887400
2016-04-25,43.816008,43.816008,43.584178,43.642136,2206100
2016-04-26,43.998154,44.072671,43.832560,43.981594,3286700
2016-04-27,43.791161,44.089230,43.633849,44.022991,2037800
2016-04-28,43.567617,43.915365,43.509660,43.758049,4224200
2016-04-29,43.758044,43.758044,42.988034,43.261265,3920400
2016-05-02,43.451698,43.567613,43.286104,43.534496,2416500
2016-05-03,42.921798,43.087392,42.557494,42.648567,4678600
2016-05-04,42.234586,42.242867,41.845444,41.845444,5354200
2016-05-05,42.102112,42.226308,41.630171,41.746086,3438700
2016-05-06,41.663291,41.903402,41.456299,41.787487,3531000
2016-05-09,41.762649,41.911683,41.497700,41.530819,2833100
2016-05-10,42.002755,42.226307,42.002755,42.226307,2564000
2016-05-11,42.118672,42.259428,41.961360,42.027596,1715800
2016-05-12,42.168346,42.218025,41.828880,41.878559,2830800
2016-05-13,41.373505,41.406621,41.042317,41.050598,2971300
2016-05-16,41.323821,41.423177,41.274142,41.365219,1895100
2016-05-17,41.332099,41.373500,41.017474,41.108551,2540700
2016-05-18,40.611765,40.835317,40.280580,40.437893,3209600
2016-05-19,40.396499,40.528973,40.313700,40.454456,2692300
2016-05-20,40.586936,40.694573,40.545539,40.628334,2320100
2016-05-23,40.719409,40.893281,40.694571,40.777367,3899900
2016-05-24,40.512419,40.694573,40.487581,40.611774,3666400
2016-05-25,41.265861,41.398335,41.207903,41.323818,1967300
2016-05-26,41.456300,41.539095,41.274146,41.348663,2097500
2016-05-27,41.481144,41.505985,41.191356,41.224476,1555100
2016-05-31,41.257588,41.390062,41.183070,41.199627,2624800
2016-06-01,41.216189,41.423180,41.183072,41.348663,1800500
2016-06-02,41.481140,41.820607,41.481140,41.812328,3306200
2016-06-03,42.317383,42.607170,42.218028,42.607170,2894400
2016-06-06,42.781041,43.269541,42.772763,43.103951,3627200
2016-06-07,43.344060,43.617291,43.344060,43.592453,2223400
2016-06-08,43.890518,44.022992,43.791163,43.940197,2029800
2016-06-09,43.567615,43.741491,43.476538,43.600735,2025000
2016-06-10,43.037714,43.145351,42.681688,42.847282,2266100
2016-06-13,41.944805,42.333950,41.944805,41.994484,1708500
2016-06-14,41.671574,41.770929,41.423181,41.655014,2569900
2016-06-15,42.151787,42.482975,42.044151,42.110390,2922500
2016-06-16,41.522540,41.953080,41.274148,41.903404,2142700
2016-06-17,41.953077,41.953077,41.638452,41.862003,1817600
2016-06-20,42.905243,43.120516,42.830726,42.872124,2842800
2016-06-21,42.996318,43.186750,42.880403,43.120514,1558100
2016-06-22,43.592458,43.683531,43.418582,43.476540,3302300
2016-06-23,43.774607,44.238270,43.666974,44.221710,2031600
2016-06-24,41.853727,42.342228,41.381786,41.381786,5832000
2016-06-27,41.042315,41.050596,40.313703,40.528976,4910100
2016-06-28,41.679847,41.845441,41.522534,41.804043,3188700
2016-06-29,42.532655,42.805885,42.532655,42.781044,3394200
2016-06-30,43.012873,43.170186,42.855558,43.112228,3241800
2016-07-01,43.700085,43.857400,43.600730,43.741486,2344200
2016-07-05,43.368904,43.377182,43.045998,43.045998,2153000
2016-07-06,41.994482,42.474701,41.870286,42.458141,3282700
2016-07-07,42.863843,43.004596,42.648570,42.789326,2302200
2016-07-08,43.054279,43.443424,43.029441,43.435143,1925700
2016-07-11,43.724923,43.832557,43.600727,43.617287,2087100
2016-07-12,43.940202,44.312787,43.873966,44.213432,3835200
2016-07-13,44.395582,44.420423,44.097514,44.254829,1907200
2016-07-14,44.950315,45.256662,44.942034,45.107628,1815600
2016-07-15,45.008274,45.107629,44.875800,44.991714,1486300
2016-07-18,44.875802,45.173870,44.875802,45.173870,1230000
2016-07-19,44.743329,44.793005,44.619133,44.668812,1187500
2016-07-20,44.759889,44.809565,44.610854,44.668812,1674800
2016-07-21,44.586011,44.718485,44.494937,44.544613,1667000
2016-07-22,44.826125,44.966881,44.735048,44.966881,967100
2016-07-25,44.743328,44.801285,44.453537,44.461819,742400
2016-07-26,45.082792,45.240104,44.917198,44.950317,2134800
2016-07-27,45.198708,45.322904,44.900639,45.198708,1805700
2016-07-28,45.182150,45.356022,45.132470,45.356022,929600
2016-07-29,45.910757,46.117748,45.827958,46.084629,3229200
2016-08-01,46.440655,46.540010,46.299899,46.415817,2667500
2016-08-02,46.175717,46.175717,45.645819,45.753452,2292500
2016-08-03,45.182153,45.430542,45.115917,45.430542,1927400
2016-08-04,45.496779,45.745168,45.463659,45.645813,1682700
2016-08-05,46.183989,46.333023,46.101194,46.324745,1663300
2016-08-08,46.672486,46.730444,46.589691,46.639370,1177200
2016-08-09,47.136157,47.425944,47.053361,47.218952,1462000
2016-08-10,47.442502,47.508740,47.252070,47.417664,3011900
2016-08-11,47.459057,47.839921,47.343142,47.806805,3345400
2016-08-12,47.450780,47.541853,47.276904,47.367981,1151200
2016-08-15,47.798526,48.096594,47.748847,47.889603,1626400
2016-08-16,47.773690,47.773690,47.616375,47.682613,1616100
2016-08-17,46.953994,47.144426,46.622809,47.053352,1907000
2016-08-18,47.401104,47.748849,47.359706,47.732292,1771900
2016-08-19,47.235506,47.450779,47.045074,47.401100,1330300
2016-08-22,47.020240,47.020240,46.689052,46.796688,1400400
2016-08-23,47.318308,47.434223,47.061637,47.086475,1446400
2016-08-24,46.995395,47.045075,46.854643,47.028515,1835600
2016-08-25,46.995398,47.144432,46.987120,47.136154,1639300
2016-08-26,47.011957,47.566696,46.382704,46.540016,3827100
2016-08-29,46.722162,46.995389,46.672483,46.929153,1275300
2016-08-30,47.202388,47.276906,46.904323,46.945721,1232500
2016-08-31,46.896041,46.904322,46.639373,46.655930,2475500
2016-09-01,46.556572,46.871201,46.490337,46.871201,2460500
2016-09-02,47.326580,47.475614,47.136148,47.359699,3364500
2016-09-06,48.195950,48.866604,48.113155,48.825207,4708600
2016-09-07,48.825202,48.965955,48.742404,48.866600,2897400
2016-09-08,48.659615,48.667893,48.262191,48.303589,2257400
2016-09-09,47.550136,47.550136,46.655930,46.664211,3313400
2016-09-12,45.869363,46.912600,45.836243,46.771847,3266400
2016-09-13,45.811403,45.811403,45.190428,45.264942,4731500
2016-09-14,45.364302,46.010115,45.364302,45.463657,4134200
2016-09-15,45.645813,46.051515,45.413980,45.985279,4885900
2016-09-16,45.538176,45.770005,45.165590,45.703770,2962800
2016-09-19,46.333025,46.482060,46.134315,46.142593,2717000
2016-09-20,46.606251,46.689047,46.457217,46.548294,1592700
2016-09-21,46.995397,47.964120,46.937440,47.889603,3474500
2016-09-22,48.344983,48.535415,48.104872,48.270466,2435600
2016-09-23,47.939284,48.030358,47.715732,47.732292,1637300
2016-09-26,47.533580,47.583260,47.210674,47.218952,1796200
2016-09-27,47.947559,48.278747,47.848204,48.270466,1845700
2016-09-28,48.171108,48.543694,47.881321,48.543694,2341700
2016-09-29,48.452617,48.518853,47.724005,47.864761,2504700
2016-09-30,47.988955,48.262186,47.806805,48.129711,2105700
2016-10-03,48.022075,48.187669,47.773686,48.055195,2523000
2016-10-04,47.773693,47.831650,47.069919,47.127876,3291100
2016-10-05,47.574972,47.790245,47.492177,47.740566,1935200
2016-10-06,47.583258,48.013801,47.500460,47.988960,3067800
2016-10-07,48.096597,48.096597,47.467343,47.699173,2017600
2016-10-10,47.988951,48.336698,47.988951,48.187664,1299500
2016-10-11,46.780125,46.780125,46.258505,46.390980,3483800
2016-10-12,46.308184,46.622812,46.241945,46.440659,2282200
2016-10-13,45.703770,46.109472,45.471937,45.985279,2682000
2016-10-14,46.299906,46.407542,45.836246,45.836246,2970200
2016-10-17,46.026675,46.167428,45.993556,46.092911,1165400
2016-10-18,46.862923,47.020238,46.796687,46.862923,1841700
2016-10-19,47.086478,47.301751,46.987123,47.227234,1214900
2016-10-20,46.862925,47.003681,46.597976,46.705612,2008200
2016-10-21,46.341306,46.606255,46.258507,46.523457,3135900
2016-10-24,47.086468,47.086468,46.689044,46.755283,1432900
2016-10-25,46.771847,46.813244,46.606253,46.771847,1579600
2016-10-26,46.175707,46.250224,45.976994,46.018394,2126700
2016-10-27,46.217104,46.217104,45.703765,45.712044,1932500
2016-10-28,45.885923,46.076359,45.563017,45.745171,2912300
2016-10-31,45.745166,45.902478,45.654089,45.827961,1927100
2016-11-01,45.976996,45.976996,45.264944,45.455379,3164300
2016-11-02,45.306341,45.364299,44.966875,45.107628,2586400
2016-11-03,45.298060,45.447094,45.099349,45.157307,2219800
2016-11-04,44.999993,45.322902,44.975155,45.024834,2490800
2016-11-07,45.645814,46.217110,45.645814,46.167431,3613900
2016-11-08,46.150869,46.829801,46.068070,46.672485,3864200
2016-11-09,44.826122,45.140751,44.461818,44.486656,8951500
2016-11-10,44.652253,44.735048,43.716649,43.973320,8901400
2016-11-11,43.741492,43.965041,43.327509,43.758049,4813700
2016-11-14,43.402025,43.526221,43.244712,43.327511,4024400
2016-11-15,43.402019,43.882241,43.352343,43.807724,3007100
2016-11-16,43.385463,43.567614,43.195028,43.393742,2317900
2016-11-17,43.567618,43.642135,43.352348,43.377186,2363300
2016-11-18,43.443425,43.493101,43.004601,43.012882,3635900
2016-11-21,43.286104,43.368902,43.128791,43.186749,1550300
2016-11-22,43.700083,44.246540,43.700083,44.238262,3108400
2016-11-23,43.865686,43.890524,43.600737,43.716652,2454100
2016-11-25,43.758047,43.907082,43.758047,43.907082,561800
2016-11-28,43.998158,44.122355,43.890522,43.907082,1519900
2016-11-29,43.948483,44.312787,43.931923,44.213432,2034300
2016-11-30,44.395584,44.395584,44.039558,44.097515,2671800
2016-12-01,44.229984,44.329342,44.089231,44.263103,2716100
2016-12-02,44.022994,44.196870,43.965037,44.122353,1819000
2016-12-05,44.188586,44.362461,44.122350,44.329342,2002900
2016-12-06,44.668810,44.668810,44.379019,44.536335,2628100
2016-12-07,44.908921,45.579572,44.859242,45.496777,4090700
2016-12-08,45.604412,45.968717,45.546452,45.877640,2807200
2016-12-09,45.620973,45.728609,45.505058,45.538177,1706800
2016-12-12,45.587852,45.728605,45.521614,45.587852,2123500
2016-12-13,45.753446,46.026677,45.712049,45.968719,1347100
2016-12-14,45.687210,45.919039,44.718487,44.759888,3215600
2016-12-15,45.008279,45.033117,44.817847,44.867523,3286800
2016-12-16,44.942036,44.958596,44.759886,44.900639,1786100
2016-12-19,44.908916,45.074507,44.892356,44.925472,1842600
2016-12-20,44.842677,44.975151,44.809557,44.925472,1990200
2016-12-21,44.862638,44.896156,44.686674,44.703430,1668600
2016-12-22,44.242567,44.309603,44.074981,44.217430,2387400
2016-12-23,44.234191,44.493947,44.200674,44.485569,1688200
2016-12-27,44.401775,44.527462,44.393393,44.477188,1184900
2016-12-28,44.443667,44.510700,44.309599,44.401772,1811000
2016-12-29,44.594496,44.879392,44.435288,44.862633,2221900
2016-12-30,45.005088,45.005088,44.493952,44.594505,1868300
2017-01-03,45.214565,45.281601,45.080497,45.273220,3059900
2017-01-04,45.482702,45.675425,45.457565,45.583256,2253100
2017-01-05,45.859768,46.144664,45.801114,46.035732,2837600
2017-01-06,45.717319,45.717319,45.524596,45.532974,1696000
2017-01-09,45.289976,45.549735,45.289976,45.449184,1467500
2017-01-10,45.625152,45.834633,45.583256,45.641911,1408600
2017-01-11,46.488209,46.957450,46.278727,46.915554,3974800
2017-01-12,47.125040,47.552381,47.116659,47.527245,3969100
2017-01-13,47.116664,47.527250,47.116664,47.502110,1499300
2017-01-17,47.736723,47.828896,47.678068,47.828896,2400000
2017-01-18,47.418310,47.518860,47.066379,47.141792,2014000
2017-01-19,47.192075,47.192075,46.873661,47.058006,2098700
2017-01-20,47.074765,47.225592,46.949075,47.058006,2296400
2017-01-23,47.284247,47.761866,47.284247,47.728348,1497500
2017-01-24,47.761870,47.845662,47.694835,47.711594,1653900
2017-01-25,47.812138,48.298135,47.770239,48.231102,2456700
2017-01-26,48.231101,48.289756,48.046756,48.055134,2234600
2017-01-27,47.929447,48.122170,47.745102,47.929447,1868800
2017-01-30,47.736728,47.862415,47.552383,47.862415,1680300
2017-01-31,48.323274,48.616550,48.314896,48.499241,2098700
2017-02-01,48.541136,48.599790,48.340032,48.515999,2415200
2017-02-02,48.993615,49.127684,48.859547,48.968475,2131800
2017-02-03,49.253369,49.513128,49.169578,49.362301,1677300
2017-02-06,49.244993,49.320407,49.144443,49.278511,1417200
2017-02-07,48.733860,48.826033,48.658447,48.792515,1487200
2017-02-08,48.507615,48.683579,48.482479,48.608166,1925700
2017-02-09,48.608163,48.758990,48.574648,48.658440,2017700
2017-02-10,48.465722,48.717099,48.407067,48.700340,2746700
2017-02-13,48.532753,48.691961,48.390307,48.666824,1791000
2017-02-14,48.708724,48.750620,48.373552,48.717102,2282100
2017-02-15,48.733857,49.295270,48.666825,49.270130,1856000
2017-02-16,48.926580,48.960098,48.700339,48.725479,2336900
2017-02-17,48.356795,48.591416,48.331658,48.574657,1312600
2017-02-21,49.270131,49.521509,49.194718,49.496372,1576400
2017-02-22,49.395823,49.630442,49.303650,49.605305,1311900
2017-02-23,49.898577,50.082922,49.839922,49.873440,2118900
2017-02-24,49.370682,49.513131,49.370682,49.496372,1007400
2017-02-27,49.261755,49.337169,49.027133,49.161201,1259700
2017-02-28,49.462858,49.479617,49.010380,49.069035,2437700
2017-03-01,49.077415,49.446102,49.027138,49.395828,2549100
2017-03-02,49.169583,49.194719,48.666827,48.733860,2146200
2017-03-03,48.331651,48.415442,48.080273,48.373547,2703400
2017-03-06,48.214340,48.390304,48.205959,48.340027,1776900
2017-03-07,48.591407,48.750612,48.532749,48.658440,2077600
2017-03-08,48.708725,48.775758,48.423830,48.457348,1428900
2017-03-09,48.340025,48.340025,47.937820,48.130543,1833300
2017-03-10,48.666825,48.968476,48.557893,48.901443,1812800
2017-03-13,49.395821,49.714234,49.395821,49.697475,3310100
2017-03-14,49.890200,49.890200,49.697477,49.730991,1484500
2017-03-15,50.074547,51.448750,50.041032,51.373337,5350900
2017-03-16,51.373325,51.457117,51.088430,51.247635,3796600
2017-03-17,51.331431,51.457122,51.281158,51.356571,2442600
2017-03-20,51.934739,52.311807,51.934739,52.160980,2963900
2017-03-21,52.471012,52.605080,51.809052,51.809052,3419700
2017-03-22,51.867709,52.311810,51.834191,52.244774,2092000
2017-03-23,52.144227,52.278295,51.909608,52.018539,2284200
2017-03-24,52.093948,52.412362,52.035294,52.345329,1957700
2017-03-27,52.169363,52.353708,52.052054,52.320190,1414500
2017-03-28,52.068808,52.353703,52.068808,52.286671,3105400
2017-03-29,52.303428,52.403981,52.177741,52.378841,2279700
2017-03-30,52.018532,52.211255,51.993392,52.077187,1344500
2017-03-31,51.917981,52.052049,51.842567,51.842567,1920400
2017-04-03,51.834195,52.043676,51.725263,52.010159,1781200
2017-04-04,51.356575,51.624711,51.356575,51.540916,1697700
2017-04-05,51.314669,51.457115,51.105188,51.147083,2164500
2017-04-06,50.971125,51.021399,50.895711,50.987881,1771400
2017-04-07,50.744887,50.820301,50.535405,50.568920,2142600
2017-04-10,50.133198,50.133198,49.772889,49.873440,3495900
2017-04-11,49.655579,49.714237,49.353928,49.529892,3646400
2017-04-12,49.798032,50.066169,49.689101,50.024273,3796900
2017-04-13,50.384574,50.527020,50.208607,50.208607,2988400
2017-04-17,50.392959,50.711372,50.325926,50.711372,1957000
2017-04-18,50.082924,50.108060,49.730992,49.906960,2311700
2017-04-19,50.066165,50.116442,49.689097,49.714237,2267800
2017-04-20,50.384572,50.686226,50.384572,50.686226,2213700
2017-04-21,50.987883,51.121951,50.845437,51.080055,2811300
2017-04-24,51.616326,51.691739,51.230880,51.431984,2094100
2017-04-25,52.135847,52.353707,52.119088,52.228020,2448600
2017-04-26,52.135854,52.295059,51.985027,52.119095,1788400
2017-04-27,52.169361,52.228019,51.985019,52.052052,3491000
2017-04-28,51.951498,52.077189,51.850948,52.035290,2039100
2017-05-01,52.018531,52.445873,51.993391,52.328564,2023400
2017-05-02,52.898360,53.065947,52.772670,53.032429,1592700
2017-05-03,52.781048,52.822943,52.445876,52.655357,1445800
2017-05-04,53.074323,53.107841,52.789428,52.797806,3522600
2017-05-05,52.797804,53.149735,52.655358,53.132977,2370500
2017-05-08,54.624489,54.783691,54.381489,54.490417,4979000
2017-05-09,54.616111,55.319967,54.607729,55.001556,6251300
2017-05-10,54.071459,54.423387,53.996049,54.415012,3790300
2017-05-11,55.135632,55.395388,54.766942,55.294834,3288500
2017-05-12,55.110483,55.244555,54.984799,55.202656,2554700
2017-05-15,55.655140,55.789211,55.562967,55.730556,1972700
2017-05-16,55.604862,55.797582,55.571345,55.789207,1605300
2017-05-17,55.378626,55.420525,54.758562,54.808842,4044500
2017-05-18,54.599349,55.018312,54.356349,54.859104,2981100
2017-05-19,55.412137,55.981928,55.412137,55.948410,2374600
2017-05-22,56.057349,56.342241,56.057349,56.199795,2094000
2017-05-23,56.023822,56.124376,55.822722,55.973549,2029600
2017-05-24,56.115996,56.350614,55.998686,56.325478,1659600
2017-05-25,56.727680,56.953924,56.727680,56.912025,3580400
2017-05-26,57.163414,57.389652,57.062861,57.347759,2976100
2017-05-30,56.434408,56.744443,56.342235,56.543343,2853100
2017-05-31,57.146644,57.171787,56.610371,56.744442,1912500
2017-06-01,56.610377,56.870138,56.476312,56.761204,2741400
2017-06-02,57.439928,57.632648,57.322619,57.532101,3279100
2017-06-05,57.448307,57.506961,57.305861,57.398033,2124500
2017-06-06,57.196932,57.490206,57.196932,57.398033,1504300
2017-06-07,56.937168,57.012585,56.610377,56.828239,2922200
2017-06-08,57.163406,57.255579,57.046097,57.222061,1982000
2017-06-09,57.490201,57.599129,56.811482,56.928791,5377400
2017-06-12,56.350626,56.392525,56.149525,56.333870,4520100
2017-06-13,56.719302,57.129885,56.719302,57.096367,2239700
2017-06-14,57.624261,57.825368,57.213679,57.423161,3705600
2017-06-15,56.434412,56.534965,56.191412,56.476311,3134700
2017-06-16,56.350619,56.442791,56.124381,56.367374,2957100
2017-06-19,56.777966,56.836620,56.534966,56.702549,2545000
2017-06-20,56.476314,56.518207,55.998696,56.040588,1888900
2017-06-21,56.023831,56.174658,55.889759,56.007069,2237500
2017-06-22,56.350621,56.643894,56.325484,56.518204,1961900
2017-06-23,56.685790,57.113134,56.685790,57.012581,2072200
2017-06-26,57.456678,57.481815,57.213679,57.297470,1210200
2017-06-27,57.163412,57.171793,56.719311,56.761204,1678400
2017-06-28,56.727684,57.121511,56.710928,57.113136,1684400
2017-06-29,56.886896,56.945550,56.132760,56.426033,2802600
2017-06-30,56.920412,56.987448,56.610377,56.819859,1502100
2017-07-03,56.769579,56.979061,56.710924,56.811478,836800
2017-07-05,56.342239,56.434412,56.099240,56.400894,1929300
2017-07-06,55.981925,56.082479,55.755688,55.764069,2756400
2017-07-07,56.032210,56.166275,55.822728,56.099239,1999500
2017-07-10,56.157891,56.493063,56.157891,56.467926,1148500
2017-07-11,56.576856,56.710928,56.434410,56.568481,2263200
2017-07-12,57.046094,57.641022,57.046094,57.565605,2062500
2017-07-13,57.833748,57.992956,57.708064,57.909164,1362600
2017-07-14,58.579513,59.090642,58.495715,59.015232,3434900
2017-07-17,58.730335,58.755478,58.587889,58.671680,1385600
2017-07-18,58.839266,59.107403,58.772231,59.040367,2635100
2017-07-19,59.291750,59.417441,59.124161,59.249851,1540700
2017-07-20,59.501227,59.501227,59.274983,59.450947,1678000
2017-07-21,59.802889,59.911818,59.677199,59.878300,1722100
2017-07-24,60.054258,60.146431,59.953711,60.037502,1014900
2017-07-25,59.836403,59.920194,59.643677,59.643677,2531700
2017-07-26,59.492848,60.003984,59.492848,59.970467,1587100
2017-07-27,59.911807,59.978843,59.224707,59.484463,2585000
2017-07-28,58.093512,58.378404,58.093512,58.353268,5463800
2017-07-31,58.554361,58.554361,58.277850,58.403534,2022000
2017-08-01,58.788989,58.973327,58.788989,58.864399,1649400
2017-08-02,58.822507,58.956579,58.596270,58.755478,1844900
2017-08-03,57.708071,57.867273,57.356136,57.548862,1962600
2017-08-04,57.909168,58.118650,57.758341,57.967823,1429200
2017-08-07,57.884036,58.152172,57.884036,58.152172,1183200
2017-08-08,58.059984,58.210811,57.582365,57.657776,3174800
2017-08-09,56.224926,56.652271,56.157891,56.534962,4273600
2017-08-10,55.889756,55.940036,55.102108,55.144001,5281600
2017-08-11,55.303210,55.521073,55.185900,55.319965,2776700
2017-08-14,56.057341,56.534959,56.023823,56.392513,4247000
2017-08-15,56.576854,56.861753,56.493063,56.660652,2069800
2017-08-16,56.476307,56.744444,56.476307,56.710926,2757400
2017-08-17,56.618755,56.677409,55.923273,55.948410,3630100
2017-08-18,56.467930,56.811483,56.283585,56.518204,3219600
2017-08-21,56.551727,56.643899,56.417662,56.509834,2247500
2017-08-22,56.995817,57.465061,56.995817,57.406406,1814000
2017-08-23,57.071242,57.356134,57.062860,57.289104,1875200
2017-08-24,57.691303,57.900785,57.532101,57.691303,2634600
2017-08-25,57.909170,58.202444,57.892408,58.068378,2214700
2017-08-28,57.959431,58.009711,57.800229,57.900776,1095200
2017-08-29,57.163405,57.540470,56.995816,57.423161,2013100
2017-08-30,57.481814,57.607504,57.431540,57.506950,2432700
2017-08-31,57.146646,57.465063,57.113135,57.372890,1630000
2017-09-01,57.431547,57.548856,57.289101,57.532101,3288600
2017-09-05,56.233312,56.283585,55.688658,55.914902,4686300
2017-09-06,56.116001,56.317102,55.940037,56.099239,5450500
2017-09-07,56.836621,56.953930,56.736067,56.828239,2145900
2017-09-08,56.593622,56.618759,56.283587,56.434414,2435600
2017-09-11,57.004204,57.414787,56.912032,57.364513,2038700
2017-09-12,57.238815,57.356125,57.163405,57.238815,1676700
2017-09-13,57.121515,57.155033,56.836623,56.920414,1302200
2017-09-14,57.046096,57.238815,56.920405,57.238815,2709000
2017-09-15,57.716443,57.716443,57.498587,57.590759,2272700
2017-09-18,58.638159,58.864397,58.512469,58.520844,2177400
2017-09-19,58.688444,58.755480,58.529236,58.713581,1477200
2017-09-20,58.671670,58.822498,58.043225,58.403534,2574300
2017-09-21,58.470575,58.604646,58.319748,58.395164,1923300
2017-09-22,58.118650,58.152168,57.959442,58.093513,1484600
2017-09-25,58.068377,58.160549,57.465068,57.716442,2807200
2017-09-26,57.557230,57.657778,57.372885,57.565605,2023800
2017-09-27,57.188547,57.196928,56.811482,57.104755,5131000
2017-09-28,56.819865,57.071245,56.811490,57.029346,2342000
2017-09-29,57.573998,57.984581,57.465070,57.867271,3404400
2017-10-02,57.934299,58.361644,57.925918,58.001335,2452700
2017-10-03,58.386784,58.654921,58.244338,58.554367,1781200
2017-10-04,58.537615,58.671680,58.395169,58.629787,2770100
2017-10-05,58.696826,59.216337,58.696826,59.073891,3388500
2017-10-06,58.663296,59.073879,58.453814,58.847641,3405900
2017-10-09,58.730339,58.872791,58.638173,58.805756,1859400
2017-10-10,59.442570,59.668808,59.434189,59.551498,3903000
2017-10-11,59.970459,60.213459,59.886668,60.146423,2306600
2017-10-12,60.523507,60.640816,60.456471,60.506744,2580000
2017-10-13,60.850291,61.126802,60.850291,61.034630,3200600
2017-10-16,60.800010,60.892183,60.540255,60.632427,3458900
2017-10-17,60.657564,60.699463,60.464844,60.624046,1974900
2017-10-18,60.766495,60.867048,60.607293,60.766495,1743000
2017-10-19,60.079390,60.381044,59.978843,60.355907,2228400
2017-10-20,60.800007,60.892179,60.665941,60.816769,1893000
2017-10-23,61.001117,61.001117,60.624046,60.632427,1552800
2017-10-24,61.034637,61.177089,60.908953,60.934090,1234800
2017-10-25,61.210605,61.235742,60.582160,60.908951,2212400
2017-10-26,60.883808,61.009492,60.590528,60.624046,1690500
2017-10-27,61.043002,61.704966,60.992729,61.604412,2535300
2017-10-30,61.394935,61.537388,61.210597,61.277626,1515100
2017-10-31,62.542902,62.693729,62.492628,62.643456,2095500
2017-11-01,63.841700,64.067937,63.741146,63.875217,4141900
2017-11-02,63.472994,63.632202,63.313786,63.573547,1986400
2017-11-03,63.657343,63.732753,63.196480,63.506516,1660800
2017-11-06,63.405966,63.615448,63.355693,63.615448,1183400
2017-11-07,63.146219,63.204873,62.702118,62.827808,3060600
2017-11-08,63.255135,63.523271,63.255135,63.498135,1344500
2017-11-09,62.433976,62.635077,62.031768,62.601559,3052900
2017-11-10,62.526149,62.526149,62.149078,62.350185,2204900
2017-11-13,61.989867,62.283140,61.931212,62.199348,1986200
2017-11-14,62.333426,62.450735,62.123944,62.299908,2175100
2017-11-15,62.509382,62.727245,62.350180,62.676971,2513500
2017-11-16,63.816558,64.327688,63.816558,64.243896,3244600
2017-11-17,63.850074,64.017664,63.749527,63.866837,2139100
2017-11-20,63.732756,63.975755,63.648964,63.959000,2524500
2017-11-21,64.512037,64.780174,64.436627,64.604210,2390500
2017-11-22,64.721515,64.897479,64.579069,64.863968,2758400
2017-11-24,64.930986,65.023158,64.855576,64.855576,840200
2017-11-27,63.732756,63.841691,63.255138,63.271900,3026000
2017-11-28,64.294174,64.361204,63.967377,64.218758,2899600
2017-11-29,64.302550,64.344449,63.724384,63.783039,2227100
2017-11-30,63.070800,63.179735,62.836182,62.970253,4200700
2017-12-01,62.626688,62.961861,62.542897,62.903206,2419800
2017-12-04,63.397591,63.489757,63.079174,63.129448,2221600
2017-12-05,63.405968,63.648967,63.322176,63.347313,1916100
2017-12-06,62.308293,62.392084,62.040156,62.291531,2641200
2017-12-07,61.914454,62.299900,61.797145,62.241245,1886500
2017-12-08,62.333423,62.425596,62.123942,62.408840,1362600
2017-12-11,62.459112,62.593177,62.408839,62.551285,1555600
2017-12-12,62.140698,62.358555,62.073662,62.308281,1690600
2017-12-13,62.911595,63.531660,62.911595,63.313797,2247100
2017-12-14,63.087551,63.204860,62.894825,62.903206,1868300
2017-12-15,62.953482,63.095934,62.794280,62.919964,2029900
2017-12-18,63.146214,63.405969,63.137833,63.255142,2169000
2017-12-19,63.337968,63.337968,62.742636,62.854797,1938500
2017-12-20,63.320711,63.320711,63.027363,63.070499,1683000
2017-12-21,62.216332,62.311240,61.983373,62.078281,2039200
2017-12-22,62.423404,62.647733,62.371638,62.613220,1334300
2017-12-26,62.397514,62.501052,62.311235,62.380260,821100
2017-12-27,63.320714,63.424252,63.165410,63.312084,1367600
2017-12-28,64.494113,64.597651,64.364692,64.528625,1572000
2017-12-29,64.960022,65.158461,64.623531,64.649414,1526000
2018-01-02,65.261995,65.477695,65.158457,65.460442,2409900
2018-01-03,65.658888,66.116169,65.650258,66.038521,2176700
2018-01-04,65.382793,65.589863,65.305145,65.563980,2258000
2018-01-05,66.098912,66.504428,66.098912,66.426773,2149900
2018-01-08,66.599350,66.616603,66.435416,66.495811,2519400
2018-01-09,66.435410,66.487175,66.107549,66.228340,2403200
2018-01-10,65.745177,66.021272,65.589874,65.909111,1968300
2018-01-11,66.055770,66.547565,66.029887,66.530312,2679700
2018-01-12,66.564831,67.306838,66.478553,67.211929,2341600
2018-01-16,67.349977,67.479398,66.815047,66.875443,3988300
2018-01-17,66.659743,67.220563,66.538952,67.186050,3433900
2018-01-18,66.685631,66.763279,66.392276,66.685631,3818300
2018-01-19,66.806418,67.022118,66.625232,67.022118,2757100
2018-01-22,65.848696,66.314608,65.753788,66.297348,3035700
2018-01-23,66.478552,66.685622,66.418157,66.538948,2556800
2018-01-24,67.203300,67.462141,66.771901,67.211929,3894000
2018-01-25,67.910794,68.178259,67.427630,67.565674,2906200
2018-01-26,67.997080,68.221409,67.884918,68.195526,1623800
2018-01-29,68.091994,68.109253,67.790016,67.841782,2009400
2018-01-30,67.160165,67.341358,66.711513,67.004868,1999500
2018-01-31,67.824517,67.893542,67.056628,67.505280,3109400
2018-02-01,66.875450,67.073890,66.513070,66.564842,2578000
2018-02-02,64.649428,64.727076,63.795260,63.881538,3900400
2018-02-05,63.950551,64.200763,61.862576,61.991997,6623800
2018-02-06,62.535567,64.718444,62.535567,64.416466,6892700
2018-02-07,62.173195,62.725385,61.344910,61.422565,7225600
2018-02-08,62.069652,62.069652,59.455376,59.472630,5628900
2018-02-09,60.706444,61.431191,59.058497,60.887630,6376400
2018-02-12,61.517468,62.112794,61.094693,61.690025,3323500
2018-02-13,61.690023,62.086909,61.612375,61.914352,3141600
2018-02-14,62.009262,64.019576,61.966120,63.743481,4172100
2018-02-15,64.994550,65.434572,64.278426,65.167107,3788300
2018-02-16,65.106700,65.986757,65.037674,65.348282,4539000
2018-02-20,62.966973,63.217179,62.716761,62.932461,5113600
2018-02-21,63.493271,63.924670,62.716758,62.768524,3194500
2018-02-22,62.880685,63.337973,62.587337,62.751270,2089400
2018-02-23,63.700344,64.148996,63.501898,64.088600,1703500
2018-02-26,64.338813,64.839237,64.200769,64.813354,1926400
2018-02-27,64.252536,64.295672,63.001475,63.035988,6154700
2018-02-28,63.122281,63.208560,62.199081,62.199081,2344000
2018-03-01,62.380261,62.949704,61.163714,61.879837,4160000
2018-03-02,61.422555,62.483792,61.293134,62.380260,3861600
2018-03-05,61.457073,62.138677,61.353535,62.078281,2815800
2018-03-06,64.468229,64.623533,64.157622,64.269783,5627700
2018-03-07,63.501904,64.131749,63.174043,64.097237,3899100
2018-03-08,63.976438,64.062716,63.570922,63.890160,2573900
2018-03-09,64.968666,65.762438,64.847874,65.745178,3111700
2018-03-12,65.598504,65.840086,65.443200,65.745178,2764600
2018-03-13,66.254224,66.254224,65.210239,65.391426,3190600
2018-03-14,66.193842,66.262867,65.598509,65.926376,3671500
2018-03-15,66.116173,66.236964,65.538100,65.702034,2184000
2018-03-16,65.727908,65.952237,65.658882,65.814186,3179800
2018-03-19,65.020419,65.175723,64.321556,64.580391,2618400
2018-03-20,65.408679,65.589866,65.296518,65.443192,2427800
2018-03-21,65.529465,66.167940,65.443187,65.995377,2220800
2018-03-22,64.770211,64.942768,64.054087,64.088600,4066200
2018-03-23,63.665829,63.821133,61.957487,61.974747,4777200
2018-03-26,63.786626,64.218025,63.148158,64.218025,3722300
2018-03-27,64.079973,64.226653,62.872061,62.958340,4026600
2018-03-28,63.665837,64.036840,63.191296,63.708973,3363300
2018-03-29,64.606274,65.382793,64.519995,65.098068,3433000
2018-04-02,64.942758,65.054926,63.536400,64.002312,3098000
2018-04-03,64.770209,65.210238,64.433718,65.192978,3018600
2018-04-04,62.742644,64.390584,62.664989,64.356071,3203800
2018-04-05,64.433718,64.709812,64.252531,64.476860,2406100
2018-04-06,63.708974,64.097237,62.699503,63.130901,3355300
2018-04-09,63.847019,64.209392,63.648572,63.743481,2291000
2018-04-10,64.295677,64.520007,64.010959,64.450981,2261600
2018-04-11,63.769359,64.131733,63.734847,64.002312,1839900
2018-04-12,63.847025,64.174885,63.760746,64.097237,2441000
2018-04-13,64.520006,64.563149,63.924674,64.140373,2375500
2018-04-16,64.148991,64.459599,64.002317,64.381950,1687100
2018-04-17,64.364694,64.796093,64.312928,64.666672,1774900
2018-04-18,65.244755,65.572615,65.175729,65.425941,1949700
2018-04-19,65.451826,65.581247,64.968662,65.046310,2524300
2018-04-20,64.727068,64.727068,64.036834,64.295670,2998900
2018-04-23,64.373327,64.425092,63.864273,63.950558,2027300
2018-04-24,64.149003,64.166263,63.096389,63.208557,5449800
2018-04-25,63.096377,63.251680,62.742633,63.243057,3500300
2018-04-26,64.468238,64.925520,64.269792,64.882378,3955200
2018-04-27,65.633008,65.745169,65.391426,65.650261,1807000
2018-04-30,65.805566,65.891851,65.175728,65.227493,2304200
2018-05-01,65.167102,65.201615,63.890166,64.882378,3001400
2018-05-02,64.735709,64.856500,64.054098,64.123123,2073500
2018-05-03,64.295669,64.390577,63.501897,64.252533,2969700
2018-05-04,63.415629,64.347452,63.415629,64.123123,2696800
2018-05-07,63.286202,63.691718,63.001477,63.389740,3525300
2018-05-08,63.061868,63.320710,62.820286,63.286198,1983900
2018-05-09,63.381101,63.484639,63.044610,63.320705,1470700
2018-05-10,64.278425,64.796102,64.192146,64.709824,3131000
2018-05-11,64.761586,64.925519,64.485491,64.683937,2086300
2018-05-14,64.399218,64.459614,64.174889,64.278427,1831800
2018-05-15,63.277576,63.415626,62.656367,62.923832,4280100
2018-05-16,63.484652,63.786630,63.424257,63.545048,2780100
2018-05-17,63.035993,63.130902,62.734016,63.079136,2604500
2018-05-18,62.958341,63.053249,62.708128,62.975594,3197100
2018-05-21,63.337969,63.493266,63.174035,63.346592,2442900
2018-05-22,63.734853,64.002318,63.510523,63.596802,1856700
2018-05-23,63.450135,64.278420,63.398369,64.226654,3938700
2018-05-24,63.941929,64.028207,62.483799,63.398369,4336400
2018-05-25,63.855649,64.183510,63.855649,63.950558,3775300
2018-05-29,63.234434,63.312083,62.354377,62.699497,3889200
2018-05-30,61.888464,62.570068,61.750413,62.570068,3278100
2018-05-31,62.207705,62.526943,62.061031,62.242218,3874700
2018-06-01,63.035989,63.398369,63.035989,63.398369,3467400
2018-06-04,63.648581,63.743490,63.536420,63.657211,2104300
2018-06-05,63.614056,63.674451,63.217163,63.217163,4482600
2018-06-06,63.769380,64.278427,63.605446,64.278427,3141100
2018-06-07,64.312918,64.330171,63.631307,63.855637,3322500
2018-06-08,63.234436,63.510531,63.010107,63.389740,2484800
2018-06-11,63.708960,63.803868,63.605428,63.674454,1835600
2018-06-12,63.398367,63.406990,62.897943,63.070499,2315200
2018-06-13,63.148156,63.432874,62.155937,62.699497,4355700
2018-06-14,62.259473,62.285356,61.733166,61.888470,3130600
2018-06-15,60.430338,60.749576,60.326800,60.568382,3269800
2018-06-18,59.671085,59.938550,59.446756,59.852272,3114200
2018-06-19,58.281976,58.635720,58.109413,58.558071,3404700
2018-06-20,59.248311,59.558918,58.946333,58.989475,3990100
2018-06-21,58.376889,58.445908,57.841952,57.876465,3575000
2018-06-22,59.075752,59.136148,58.687489,58.739262,2479600
2018-06-25,58.670235,58.713377,58.031766,58.514931,3226500
2018-06-26,58.445903,58.609836,58.212950,58.299229,2206000
2018-06-27,58.480415,58.618466,57.531339,57.626247,3271300
2018-06-28,57.332896,57.729789,57.212105,57.703899,2685400
2018-06-29,58.316479,58.514925,58.212948,58.420017,2514400
2018-07-02,56.806592,57.203485,56.659918,57.143089,2638300
2018-07-03,57.177588,57.289756,56.642658,56.720306,1945500
2018-07-05,56.772078,56.806585,56.426958,56.590885,2392500
2018-07-06,56.927384,57.401918,56.841099,57.082687,2420700
2018-07-09,57.678014,57.910973,57.626248,57.910973,1983000
2018-07-10,57.617618,57.859201,57.505457,57.824688,2173100
2018-07-11,56.953273,57.099947,56.487361,56.651295,2509100
2018-07-12,56.979154,57.082692,56.754825,56.866993,2161000
2018-07-13,56.927389,57.177595,56.866993,57.117199,2499000
2018-07-16,57.143089,57.194854,56.944642,57.091316,1339500
2018-07-17,56.970525,57.436436,56.936012,57.384670,2260700
2018-07-18,56.763454,57.117197,56.608150,57.108574,1860000
2018-07-19,56.219893,56.565007,56.055959,56.306171,2792300
2018-07-20,56.953268,57.229362,56.892872,57.229362,2129600
2018-07-23,56.116352,56.228514,55.986931,56.064587,3144700
2018-07-24,56.797968,57.013668,56.694430,56.910130,4461300
2018-07-25,56.996400,57.565849,56.720305,57.565849,3044700
2018-07-26,57.307010,57.419178,57.108571,57.177589,2031100
2018-07-27,57.678013,57.781551,57.298387,57.445061,2500700
2018-07-30,57.626249,57.678015,57.367407,57.427803,2042400
2018-07-31,57.565854,58.092161,57.565854,58.031765,3057200
2018-08-01,57.738416,57.910980,57.652138,57.652138,2491900
2018-08-02,56.047328,56.495987,55.961050,56.392448,2675500
2018-08-03,56.746196,56.927389,56.659917,56.910130,1513700
2018-08-06,56.608146,56.746191,56.504608,56.659912,1701300
2018-08-07,56.608145,57.703895,56.608145,57.634876,1973200
2018-08-08,57.367408,57.626250,57.229364,57.531342,1828100
2018-08-09,57.496834,57.643508,57.229369,57.289764,1610900
2018-08-10,56.055960,56.124985,55.745352,55.831631,3433300
2018-08-13,55.391598,55.529649,54.977459,54.977459,2223900
2018-08-14,55.676327,55.874773,55.633191,55.857513,1794300
2018-08-15,54.735873,55.029224,54.261335,54.615082,5135600
2018-08-16,55.089624,55.374349,55.003346,55.158649,3664100
2018-08-17,55.236293,55.848885,55.029223,55.762600,2223500
2018-08-20,55.650444,55.831631,55.529653,55.779865,1728400
2018-08-21,56.478727,56.996405,56.444215,56.832478,2104500
2018-08-22,56.728946,57.091320,56.728946,56.961899,1541700
2018-08-23,56.616772,56.659908,56.288905,56.297535,1824000
2018-08-24,57.350154,57.652132,57.281129,57.608990,2416500
2018-08-27,57.807437,58.402769,57.755671,58.204323,3380300
2018-08-28,58.368250,58.411386,58.023130,58.143921,2350800
2018-08-29,57.893715,58.264719,57.798807,58.178440,1809200
2018-08-30,57.876463,57.928229,57.445065,57.600368,2471300
2018-08-31,57.764297,58.135300,57.721161,58.083534,2249100
2018-09-04,57.600368,57.721160,57.462318,57.600368,3067100
2018-09-05,56.823841,56.970515,56.616772,56.823841,2480400
2018-09-06,56.841100,57.005034,56.418331,56.599518,2471200
2018-09-07,56.219897,56.487362,55.926542,55.995567,2775300
2018-09-10,56.426957,56.426957,56.030071,56.081837,4254400
2018-09-11,55.788492,56.444213,55.676324,56.426960,2231800
2018-09-12,56.090469,56.754821,55.943789,56.608147,3639100
2018-09-13,57.048175,57.220732,56.728938,57.151707,4892900
2018-09-14,57.574481,57.703895,57.194848,57.479572,3201500
2018-09-17,56.884242,56.927385,56.565005,56.625401,2413200
2018-09-18,57.125825,57.634879,57.099942,57.427803,2020800
2018-09-19,57.410553,57.505461,57.324274,57.462318,2984400
2018-09-20,58.212948,58.445900,58.126670,58.368252,3183500
2018-09-21,58.368256,58.799655,58.325114,58.566696,2694000
2018-09-24,58.023135,58.299230,57.807436,58.212952,2599500
2018-09-25,58.437278,58.635718,58.290598,58.540810,2701500
2018-09-26,58.661603,59.325961,58.506299,58.601208,6639500
2018-09-27,59.187914,59.412243,59.075753,59.118889,2668900
2018-09-28,58.747883,58.972212,58.696117,58.903187,2677800
2018-10-01,58.911819,58.937702,58.471790,58.627094,1618000
2018-10-02,57.695279,57.910978,57.634883,57.712532,2249000
2018-10-03,57.824688,57.885084,57.005033,57.074059,2911800
2018-10-04,56.211261,56.228514,55.357093,55.512390,4182800
2018-10-05,55.762607,55.814379,55.219047,55.538284,2582700
2018-10-08,54.986096,55.469263,54.908444,55.400238,3715200
2018-10-09,55.072373,55.443377,54.753136,55.141396,3903400
2018-10-10,54.675476,54.675476,53.467561,53.510700,5232700
2018-10-11,52.716926,53.113816,52.164737,52.380436,7991400
2018-10-12,53.640127,53.691896,52.898123,53.579731,4554000
2018-10-15,53.398539,53.536586,52.993023,52.993023,2827700
2018-10-16,53.614240,54.088778,53.562475,54.045639,2450100
2018-10-17,53.916217,53.924844,53.527958,53.709145,2051900
2018-10-18,52.924002,53.027537,52.138856,52.285530,3188300
2018-10-19,53.295003,53.553841,52.854974,53.027534,2188800
2018-10-22,53.320887,53.467565,52.898118,53.096561,2725200
2018-10-23,51.586665,52.458089,51.396849,52.138855,4425000
2018-10-24,51.957672,51.983555,50.387381,50.396008,3825500
2018-10-25,50.792894,51.552157,50.723872,51.198410,3393400
2018-10-26,49.636740,50.214816,49.188085,49.774788,5720600
2018-10-29,50.007747,50.085399,48.610016,49.050041,5024900
2018-10-30,49.619488,50.085400,49.507327,50.059517,4886000
2018-10-31,50.223442,50.490911,50.128534,50.275211,3630800
2018-11-01,50.767012,51.405484,50.577196,51.345085,4162200
2018-11-02,52.794585,52.984401,52.164743,52.440838,5594200
2018-11-05,52.087091,52.501233,52.009439,52.207882,3751500
2018-11-06,52.345922,52.673786,52.233761,52.673786,4092400
2018-11-07,52.794586,53.519336,52.751446,53.450314,4066400
2018-11-08,52.682419,52.941257,52.216507,52.371811,4660700
2018-11-09,51.707458,51.707458,51.086243,51.241547,4203200
2018-11-12,51.198411,51.267433,50.456405,50.490917,3440000
2018-11-13,51.181148,51.621177,50.930936,51.207031,4404900
2018-11-14,51.301942,51.396850,50.603078,51.008591,5147800
2018-11-15,51.552159,52.544377,51.414111,52.302792,6845500
2018-11-16,51.854135,52.665167,51.750601,52.492607,4134600
2018-11-19,52.130229,52.164742,51.629808,51.724716,4219200
2018-11-20,50.982706,51.189778,50.568563,50.818775,5482500
2018-11-21,51.336456,51.629808,51.336456,51.491760,2903700
2018-11-23,50.697983,50.810148,50.559936,50.568565,1504700
2018-11-26,51.802367,52.018066,51.767854,51.966297,4888300
2018-11-27,51.923162,52.251026,51.802371,52.251026,3941600
2018-11-28,52.363190,53.398548,52.138864,53.372665,4685900
2018-11-29,52.829097,53.148331,52.518489,52.837727,3685000
2018-11-30,52.225140,52.423583,52.061209,52.302792,3211700
2018-12-03,53.743662,53.847197,53.398542,53.752289,4273100
2018-12-04,53.571103,53.614242,52.354558,52.423580,7002600
2018-12-06,51.336456,52.052579,50.887800,52.018066,7185300
2018-12-07,51.767852,52.190624,50.784264,50.887798,6849300
2018-12-10,50.879172,51.103498,50.301096,50.939568,6795700
2018-12-11,51.068989,51.120758,50.559938,50.861919,4573400
2018-12-12,51.819622,52.207878,51.672945,51.741970,5044400
2018-12-13,51.940412,52.225133,51.612548,51.621178,6595700
2018-12-14,50.672098,50.999962,50.559933,50.663471,5054400
2018-12-17,50.818775,51.034474,50.206186,50.378746,5497300
2018-12-18,50.903528,51.244634,50.851049,51.087200,4178800
2018-12-19,51.489528,52.014309,50.020148,50.501198,8924500
2018-12-20,50.982244,51.262126,50.658628,50.947258,8252200
2018-12-21,50.947261,51.270874,50.448722,50.676125,6380700
2018-12-24,50.859803,50.947265,50.247561,50.282547,2682600
2018-12-26,50.326271,51.218395,50.168837,51.218395,4147600
2018-12-27,50.737348,51.349591,50.606156,51.323353,5201900
2018-12-28,51.576991,51.935590,51.480782,51.751915,3923600
2018-12-31,52.058042,52.136759,51.288365,51.480785,2951100
2019-01-02,50.501199,51.025976,50.474958,50.789825,4478000
2019-01-03,50.098870,50.107619,49.556600,49.696541,3527200
2019-01-04,50.501201,51.367084,50.413736,51.270874,4372000
2019-01-07,51.262123,51.725676,51.122182,51.463287,3919800
2019-01-08,50.824812,50.990991,50.562423,50.886036,3414600
2019-01-09,51.970579,52.442881,51.918104,52.180492,4315500
2019-01-10,51.918102,52.451628,51.900609,52.390404,2450300
2019-01-11,52.232972,52.434137,52.136762,52.346672,2512000
2019-01-14,51.559498,51.900604,51.533257,51.751915,1598700
2019-01-15,52.460373,52.757747,52.399149,52.486610,2887600
2019-01-16,53.090106,53.492435,53.028882,53.369987,4696000
2019-01-17,52.950162,53.702345,52.897683,53.466194,4258500
2019-01-18,53.763575,53.947247,53.702351,53.746082,2504900
2019-01-22,52.714020,52.818974,52.425390,52.591572,3273600
2019-01-23,53.273782,53.422471,52.880197,53.317513,1991900
2019-01-24,53.649867,54.034703,53.649867,53.955986,2578500
2019-01-25,55.259198,55.591558,55.259198,55.504093,5945100
2019-01-28,54.786892,55.049281,54.681937,55.031788,4510600
2019-01-29,55.477848,55.521579,55.154235,55.329159,2740000
2019-01-30,56.212535,57.192124,55.967643,56.990963,6068100
2019-01-31,56.369971,56.702335,56.334991,56.606125,3530000
2019-02-01,56.046361,56.081348,55.810211,56.011375,2015500
2019-02-04,55.950150,56.518661,55.801461,56.195045,2564000
2019-02-05,56.457437,57.209621,56.404955,57.060928,3610000
2019-02-06,56.842271,57.008453,56.378718,56.536152,4122900
2019-02-07,55.530334,55.670275,54.988061,55.504093,3727800
2019-02-08,54.769391,54.865601,54.480764,54.813122,2172600
2019-02-11,54.979309,55.031784,54.769396,54.883099,3493000
2019-02-12,55.390382,55.722739,55.381634,55.556561,3516800
2019-02-13,55.407878,55.521581,55.119251,55.241699,3983200
2019-02-14,55.442861,55.766474,55.329158,55.582802,2616100
2019-02-15,55.346655,55.477851,55.259193,55.460358,1849100
2019-02-19,55.180474,55.845193,55.180474,55.670269,2124300
2019-02-20,56.072601,56.361230,55.976391,56.125076,4214000
2019-02-21,55.888927,55.923910,55.652777,55.862686,1776000
2019-02-22,56.125070,56.413699,56.090084,56.396210,2155200
2019-02-25,56.597373,56.929731,56.509911,56.579884,3825700
2019-02-26,56.247526,56.597379,56.230036,56.413708,2823600
2019-02-27,56.361225,56.413701,55.993875,56.282505,2200600
2019-02-28,55.241698,55.276684,55.031785,55.075520,4278000
2019-03-01,55.390388,55.504087,54.944324,55.145489,4578400
2019-03-04,54.883099,54.935578,54.244618,54.708172,3087000
2019-03-05,54.437036,54.699425,54.358319,54.576977,2120300
2019-03-06,54.550745,54.550745,54.253370,54.340836,7172300
2019-03-07,54.043456,54.052201,53.378734,53.431213,3717900
2019-03-08,52.818975,53.098857,52.714020,53.081364,4134600
2019-03-11,53.081356,53.614881,53.081356,53.606136,1715100
2019-03-12,53.851030,54.043450,53.807300,53.912254,3613000
2019-03-13,53.553656,53.702345,53.387478,53.562405,5025700
2019-03-14,53.308763,53.343749,53.151329,53.221298,1602000
2019-03-15,53.851038,54.270860,53.851038,54.235874,2967700
2019-03-18,54.174649,54.410800,54.130918,54.393307,2399000
2019-03-19,54.349572,54.480768,54.174645,54.270855,2318700
2019-03-20,54.340828,54.883098,54.069691,54.515755,4172200
2019-03-21,54.594470,55.040534,54.594470,54.996803,3470800
2019-03-22,54.262111,54.375811,53.544914,53.544914,5444700
2019-03-25,53.509928,53.746079,53.387480,53.571152,4112400
2019-03-26,53.597392,53.693602,53.203811,53.378735,2585100
2019-03-27,53.168824,53.212555,52.626550,52.792732,4709700
2019-03-28,52.950165,53.081358,52.757745,53.072613,3221400
2019-03-29,53.308762,53.387479,53.151328,53.308762,2589700
2019-04-01,54.095926,54.367063,54.043451,54.358318,2523700
2019-04-02,54.332082,54.340830,54.078441,54.227127,1490600
2019-04-03,55.285430,55.469102,55.154237,55.241699,5516400
2019-04-04,55.171733,55.442867,55.171733,55.346657,2370000
2019-04-05,55.346652,55.530327,55.311669,55.477848,2664000
2019-04-08,54.839368,55.162981,54.813127,55.127995,2013400
2019-04-09,55.241695,55.241695,55.023037,55.119247,2991600
2019-04-10,55.469100,55.722743,55.469100,55.530327,8567700
2019-04-11,55.285427,55.346651,55.075517,55.162979,3358000
2019-04-12,56.020120,56.072596,55.810208,55.932655,4620500
2019-04-15,55.993876,56.063848,55.766474,55.880177,2017100
2019-04-16,56.212532,56.265015,56.028861,56.116329,2888500
2019-04-17,56.378722,56.439946,56.168813,56.238785,5729300
2019-04-18,55.259190,55.434117,55.162980,55.355400,4300900
2019-04-22,55.014298,55.127998,54.883102,55.084267,2311000
2019-04-23,55.084265,55.416626,55.014296,55.294178,2502800
2019-04-24,54.052198,54.069691,53.667362,53.868526,3650800
2019-04-25,53.457451,53.606140,53.326258,53.579899,3454300
2019-04-26,53.387477,53.544911,53.238788,53.466194,2455300
2019-04-29,54.227129,54.358325,54.157157,54.288353,3158500
2019-04-30,53.658613,53.877271,53.457448,53.772316,3588900
2019-05-01,53.964736,54.340827,53.300014,53.352493,6090300
2019-05-02,53.877275,53.929754,53.492438,53.719841,5279300
2019-05-03,53.474943,53.746080,53.439957,53.737331,2354300
2019-05-06,52.267954,52.976406,52.189237,52.801479,6774000
2019-05-07,52.477862,52.539086,51.760665,51.865620,7290600
2019-05-08,52.259208,52.355418,51.944341,51.988071,5881400
2019-05-09,49.897705,50.492455,49.609079,50.343769,6479100
2019-05-10,50.238804,50.676120,49.652803,50.509941,6253900
2019-05-13,48.856891,48.953101,48.507037,48.638233,7622300
2019-05-14,49.337940,49.521612,49.267971,49.390419,4831800
2019-05-15,49.241729,49.722775,49.197998,49.644058,4923700
2019-05-16,49.005582,49.294212,48.839403,48.953106,3684000
2019-05-17,48.227155,48.498292,48.192169,48.340858,4600600
2019-05-20,48.122205,48.358355,47.999757,48.165936,4213600
2019-05-21,48.655726,48.848143,48.577009,48.786919,3366800
2019-05-22,48.865636,48.944353,48.795667,48.883129,2618300
2019-05-23,48.419579,48.629488,48.279638,48.419579,3762400
2019-05-24,48.638241,48.716958,48.393345,48.463314,2663300
2019-05-28,48.769423,48.891874,48.489541,48.507034,2877800
2019-05-29,47.693631,48.060978,47.632407,48.034737,6888800
2019-05-30,48.515784,48.778173,48.480798,48.620739,2610800
2019-05-31,48.209664,48.620742,48.174681,48.603249,3030600
2019-06-03,49.521610,49.705285,49.407911,49.521610,4486200
2019-06-04,49.469134,49.906450,49.329193,49.871464,3706800
2019-06-05,49.731527,49.810244,49.267974,49.372929,3031400
2019-06-06,49.425404,49.574093,49.224240,49.372929,3581700
2019-06-07,49.434156,49.880217,49.434156,49.818993,5915100
2019-06-10,50.081376,50.378751,50.028900,50.273796,9527600
2019-06-11,50.789825,50.824811,50.536181,50.693615,3547800
2019-06-12,50.326275,50.370006,50.125110,50.177586,1920700
2019-06-13,50.028900,50.063886,49.731525,49.906452,2973500
2019-06-14,49.644054,49.705282,49.521607,49.547848,2520400
2019-06-17,49.626566,49.845224,49.609073,49.757759,1419600
2019-06-18,50.282538,51.069704,50.265045,50.982243,4508300
2019-06-19,51.069710,51.550757,50.982248,51.340847,4618700
2019-06-20,52.390402,52.469119,52.023055,52.154251,4134600
2019-06-21,51.874368,52.049291,51.786902,51.918098,4324400
2019-06-24,52.005563,52.119266,51.918101,52.023056,2605600
2019-06-25,52.136757,52.162995,51.778159,51.786903,3220200
2019-06-26,52.259203,52.495354,52.197979,52.267948,2730800
2019-06-27,52.652791,52.731508,52.539088,52.574074,2310400
2019-06-28,52.407897,52.486614,52.276704,52.364166,3784600
2019-07-01,52.259212,52.276705,51.821896,52.163002,2852800
2019-07-02,51.804398,51.883115,51.673205,51.778160,3887900
2019-07-03,50.956005,50.982246,50.842305,50.886036,3906200
2019-07-05,50.833558,50.833558,50.457467,50.553677,8970700
2019-07-08,49.652808,49.722777,49.530360,49.582836,5191300
2019-07-09,49.224235,49.495372,49.215491,49.399162,3102700
2019-07-10,49.993913,50.177584,49.906451,50.037643,3659400
2019-07-11,50.439974,50.457467,50.177585,50.256302,4032300
2019-07-12,50.273794,50.404990,50.142601,50.387497,2309100
2019-07-15,50.247555,50.343765,50.177583,50.221313,2042800
2019-07-16,50.361261,50.483709,50.247558,50.273796,1972900
2019-07-17,49.915198,49.976422,49.722778,49.827736,1939900
2019-07-18,49.923943,50.492451,49.906450,50.466213,3053000
2019-07-19,50.833558,50.842306,50.466214,50.483707,3638900
2019-07-22,50.851048,50.903527,50.754838,50.798573,2220600
2019-07-23,50.886034,50.886034,50.693614,50.798573,2007400
2019-07-24,50.501204,50.632396,50.474962,50.536186,2355900
2019-07-25,50.125100,50.203817,49.749009,49.845219,3001600
2019-07-26,50.002657,50.046391,49.880209,49.967674,1604300
2019-07-29,49.276710,49.381665,49.171755,49.355427,2354600
2019-07-30,49.311702,49.329195,49.163013,49.267971,3034600
2019-07-31,49.058054,49.075547,48.043482,48.454559,6085100
2019-08-01,48.515787,48.909368,47.711125,47.833572,7058600
2019-08-02,47.265065,47.405006,46.714046,47.011421,8704400
2019-08-05,45.472069,45.480814,44.676155,44.999767,6407300
2019-08-06,45.410844,45.480816,45.078487,45.332130,4106500
2019-08-07,44.562455,45.410844,44.361290,45.402100,5352800
2019-08-08,45.463324,45.874402,45.340877,45.769447,5289900
2019-08-09,45.725712,45.734460,45.349620,45.603264,3206300
2019-08-12,45.270902,45.340874,45.034755,45.087231,3377900
2019-08-13,44.719886,45.970608,44.676155,45.865650,4324700
2019-08-14,45.130962,45.270903,44.702395,44.763618,5835800
2019-08-15,44.956042,45.069742,44.676161,45.008518,3758600
2019-08-16,45.550792,45.856911,45.515806,45.655746,3473700
2019-08-19,45.944368,45.988102,45.585770,45.585770,2804600
2019-08-20,46.250488,46.320456,46.128040,46.154278,2351600
2019-08-21,46.635327,46.871478,46.609089,46.731537,3672800
2019-08-22,45.865651,45.926875,45.603262,45.786934,2359900
2019-08-23,45.646997,46.110554,45.069740,45.192188,5617700
2019-08-26,45.340874,45.428336,45.192185,45.288395,2793200
2019-08-27,45.568276,45.699472,45.367111,45.393353,4347600
2019-08-28,45.655744,45.839415,45.542041,45.821922,1860600
2019-08-29,45.918126,46.180514,45.821916,46.136784,2094900
2019-08-30,46.845243,46.888974,46.539121,46.582851,3179600
2019-09-03,46.145535,46.434165,46.119297,46.416672,1776700
2019-09-04,47.300047,47.457478,47.230075,47.457478,2544800
2019-09-05,48.095963,48.314620,48.069721,48.218410,3075900
2019-09-06,48.524538,48.620748,48.393345,48.463314,2245600
2019-09-09,48.699460,48.848145,48.646981,48.795670,3503000
2019-09-10,48.988087,49.224237,48.891880,49.189255,2430000
2019-09-11,49.337941,49.679047,49.259224,49.679047,7074700
2019-09-12,50.177580,50.649882,50.063880,50.238804,5958400
2019-09-13,50.597399,50.833550,50.466207,50.754833,3434100
2019-09-16,49.923940,50.011402,49.792744,49.836475,2250100
2019-09-17,49.617821,49.906451,49.565342,49.888958,1965500
2019-09-18,49.915196,49.941434,49.416657,49.810242,1680400
2019-09-19,49.993916,50.142605,49.740273,49.740273,2497800
2019-09-20,50.466214,50.509945,49.862716,49.967674,2519000
2019-09-23,49.853966,50.177578,49.801487,50.151340,1859200
2019-09-24,50.378748,50.396241,49.792746,49.897701,3281500
2019-09-25,49.294209,49.539104,49.119282,49.416656,3029400
2019-09-26,49.486623,49.486623,49.215486,49.425396,2408400
2019-09-27,49.101788,49.128026,48.332112,48.480801,4284700
2019-09-30,49.259221,49.451641,49.180504,49.276714,2947500
2019-10-01,49.381671,49.504119,48.961849,49.014328,4374600
2019-10-02,47.999756,48.165935,47.859815,48.122204,5339600
2019-10-03,48.244646,48.778172,48.157185,48.751934,3452900
2019-10-04,48.577009,49.119279,48.577009,49.084293,3557600
2019-10-07,48.821905,49.023069,48.734443,48.786919,2252500
2019-10-08,49.128028,49.189255,48.918118,49.014328,5615400
2019-10-09,49.302950,49.556593,49.232981,49.294205,2525000
2019-10-10,49.329192,49.862714,49.311699,49.853970,5346600
2019-10-11,50.404984,50.973493,50.361254,50.571163,5758200
2019-10-14,50.387499,50.527440,50.256303,50.273796,1760100
2019-10-15,50.361255,50.921019,50.361255,50.859795,5156800
2019-10-16,50.693613,50.868539,50.597403,50.859795,2047800
2019-10-17,51.113438,51.183410,50.999738,51.087200,1758900
2019-10-18,50.483710,50.536185,50.256304,50.370007,2375000
2019-10-21,51.218398,51.288367,51.148426,51.270874,2386300
2019-10-22,51.699444,51.848130,51.603234,51.673206,4283100
2019-10-23,51.559504,51.655714,51.454549,51.620728,2127300
2019-10-24,51.848130,51.874371,51.559503,51.646965,2052500
2019-10-25,51.445795,51.813142,51.437050,51.734425,2291800
2019-10-28,51.848133,52.128014,51.786909,52.075539,1910900
2019-10-29,51.813144,51.953085,51.751917,51.865620,1583000
2019-10-30,51.629472,51.944340,51.402069,51.944340,2107100
2019-10-31,51.734427,51.734427,51.279619,51.542007,2647400
2019-11-01,52.259205,52.591566,52.224219,52.556580,3486900
2019-11-04,53.361240,53.422467,53.011389,53.046375,5028500
2019-11-05,53.693605,53.763577,53.448709,53.684860,4129800
2019-11-06,53.588646,53.597390,53.081358,53.142582,6154800
2019-11-07,53.964739,54.095932,53.763575,53.798557,2962900
2019-11-08,53.404978,53.466202,53.221303,53.439960,3465200
2019-11-11,52.504101,52.766493,52.477864,52.722759,1978500
2019-11-12,53.020134,53.098851,52.714014,52.722759,2481300
2019-11-13,52.224218,52.416638,52.093025,52.241711,3034600
2019-11-14,52.661539,52.792735,52.495360,52.775242,3528000
2019-11-15,53.789813,53.903516,53.728589,53.824799,2420000
2019-11-18,53.492432,53.579894,53.282519,53.466194,2620700
2019-11-19,53.369984,53.413715,53.020131,53.116341,2885500
2019-11-20,52.521594,52.670283,52.180488,52.504101,4300600
2019-11-21,51.585743,51.638222,51.402072,51.559505,2978800
2019-11-22,51.760662,51.813141,51.524511,51.611973,1734500
2019-11-25,52.276703,52.521598,52.259210,52.451630,3645900
2019-11-26,52.232970,52.582820,52.162998,52.486610,2439200
2019-11-27,52.215472,52.381651,52.145500,52.320427,2189900
2019-11-29,51.244638,51.244638,51.087204,51.139683,1995600
2019-12-02,50.912273,50.947259,50.623646,50.816063,3093200
2019-12-03,49.976421,50.230064,49.818987,50.230064,3718900
2019-12-04,50.335020,50.474961,50.282544,50.326275,3487300
2019-12-05,50.055137,50.247557,49.932689,50.160091,2412800
2019-12-06,50.684870,50.947259,50.658629,50.842304,2405300
2019-12-09,50.614899,50.711109,50.431227,50.466213,1993400
2019-12-10,50.807324,50.990995,50.711114,50.929771,2264200
2019-12-11,51.008484,51.673206,50.973498,51.550755,5552200
2019-12-12,52.119267,53.544917,52.058043,53.378735,7467400
2019-12-13,53.396230,53.929756,53.098856,53.509933,4894200
2019-12-16,53.856693,54.098003,53.838821,53.901382,2955200
2019-12-17,54.544876,54.929184,54.473379,54.848747,5511100
2019-12-18,54.670001,54.839813,54.589567,54.839813,4910900
2019-12-19,54.661063,55.036435,54.607437,54.991745,2622200
2019-12-20,55.376056,55.420742,55.259872,55.340305,2343800
2019-12-23,55.063247,55.143684,54.973871,55.125809,3538600
2019-12-24,54.741500,54.741500,54.571691,54.705750,1264300
2019-12-26,54.991741,55.098992,54.973866,55.054302,999500
2019-12-27,55.903357,56.019544,55.644172,55.849735,2352900
2019-12-30,55.912301,55.974862,55.268808,55.322433,2547300
2019-12-31,55.492243,55.697802,55.340306,55.581615,1292500
2020-01-02,55.224121,55.563740,55.134746,55.563740,3203100
2020-01-03,54.571688,54.786183,54.428690,54.437626,2362600
2020-01-06,53.901387,54.348256,53.865636,54.241005,2142500
2020-01-07,54.687872,54.821934,54.580624,54.821934,3211500
2020-01-08,54.428695,55.215182,54.401880,54.857689,3505400
2020-01-09,55.545865,55.599488,55.268805,55.376053,4220200
2020-01-10,55.974862,56.153611,55.849739,56.028484,3902200
2020-01-13,56.654102,57.288656,56.591541,57.279716,4237200
2020-01-14,56.949035,57.109909,56.770287,57.092033,3809100
2020-01-15,56.707727,56.823914,56.368105,56.457478,4634700
2020-01-16,57.118846,57.351216,57.047348,57.145657,2344200
2020-01-17,57.217156,57.270785,57.038411,57.235035,1496700
2020-01-21,56.341291,56.412788,55.983794,55.992733,3159500
2020-01-22,57.145654,57.217151,56.922219,57.100967,3977500
2020-01-23,56.332357,56.716665,55.992738,56.528980,3648900
2020-01-24,56.716659,56.725598,55.894421,56.216167,3378500
2020-01-27,53.901387,54.446565,53.490265,54.258881,7166600
2020-01-28,53.928199,54.375069,53.829887,54.214195,5564500
2020-01-29,54.339315,54.419752,54.115881,54.249943,2273600
2020-01-30,52.668031,53.150651,52.355224,53.043400,4622300
2020-01-31,51.818980,51.836855,51.175487,51.524048,4950400
2020-02-03,51.988781,52.426714,51.970909,52.355217,3284600
2020-02-04,53.865636,54.089071,53.722638,53.838825,2837600
2020-02-05,54.491259,54.500194,53.999699,54.339321,6382800
2020-02-06,55.376050,55.402865,55.090054,55.107929,5181900
2020-02-07,54.178442,54.249943,53.892446,54.026508,2713200
2020-02-10,54.214196,54.580628,54.214196,54.535942,1708700
2020-02-11,55.411806,55.697802,55.206247,55.340305,2790800
2020-02-12,56.019544,56.216167,56.010605,56.216167,3106300
2020-02-13,55.349245,55.617366,55.206247,55.259872,2546000
2020-02-14,55.840795,55.849734,55.447551,55.492237,2875500
2020-02-18,54.455511,54.768318,54.455511,54.589573,3525900
2020-02-19,54.705750,54.839813,54.527002,54.580627,2741600
2020-02-20,53.105954,53.275767,52.569713,52.918270,4167900
2020-02-21,52.498220,52.560781,52.024536,52.167534,6010000
2020-02-24,49.262887,49.817007,49.200325,49.441635,9289900
2020-02-25,50.791180,50.835867,49.414822,49.414822,8378700
2020-02-26,50.201303,50.594550,49.897435,50.013618,5631400
2020-02-27,49.825942,50.246000,49.048390,49.066265,8302400
2020-02-28,47.886527,49.128824,47.636278,49.119884,12284500
2020-03-02,49.414819,50.317493,49.030511,50.237057,9138700
2020-03-03,49.977872,50.666051,49.343318,49.629314,12651300
2020-03-04,51.103986,51.675978,50.907362,51.461483,12263600
2020-03-05,50.746488,51.005673,50.102999,50.335369,5705600
2020-03-06,49.495254,49.790186,49.253944,49.638252,5982800
2020-03-09,46.063299,47.341345,45.911361,46.903412,9003000
2020-03-10,48.485326,48.932195,47.421778,48.905384,10229600
2020-03-11,47.028537,47.278786,46.099051,46.510170,8070500
2020-03-12,42.354280,42.479403,40.218245,41.701851,12217000
2020-03-13,44.812062,45.080183,42.640276,44.445629,6567200
2020-03-16,38.654202,40.039496,37.385094,37.420841,22305100
2020-03-17,38.797205,40.182499,38.189462,40.119938,7463600
2020-03-18,36.205352,37.331465,35.436740,36.348351,5889900
2020-03-19,34.632377,35.213309,34.194444,34.855812,6639600
2020-03-20,37.134842,37.340401,36.080230,36.267918,6087000
2020-03-23,35.436745,35.481431,34.212320,34.829002,9019700
2020-03-24,39.110010,39.440696,38.627393,39.163635,10552300
2020-03-25,41.058359,42.050409,40.325493,41.272858,10220500
2020-03-26,41.183487,42.827963,40.915363,42.756466,6686600
2020-03-27,40.057367,41.353289,39.878618,40.495300,4160900
2020-03-30,40.897484,41.424790,40.539990,41.362228,4038600
2020-03-31,42.005728,42.533034,41.755482,41.934227,3649000
2020-04-01,39.699876,39.896500,38.975950,39.047447,4235800
2020-04-02,40.396991,41.263916,40.325491,41.004734,4695100
2020-04-03,40.951114,41.049425,40.128875,40.352310,3336600
2020-04-06,42.327465,43.176517,42.309589,43.158642,4605800
2020-04-07,44.597560,44.713743,43.578695,43.632320,7039100
2020-04-08,43.462521,44.016638,43.060338,43.864704,3843200
2020-04-09,44.222190,44.722685,43.650198,43.739571,5172700
2020-04-13,43.614455,43.685956,43.087149,43.498268,3138300
2020-04-14,44.463502,44.955057,44.222192,44.561813,5346300
2020-04-15,43.337397,43.364208,42.819027,43.203335,5228500
2020-04-16,43.891510,44.070259,43.373140,43.748512,4597100
2020-04-17,45.652182,45.759430,45.053376,45.375122,3864400
2020-04-20,44.767376,45.035497,44.302631,44.383068,2794300
2020-04-21,43.525080,43.605517,42.997774,43.087147,3795200
2020-04-22,44.445629,44.597566,44.266881,44.365192,2986500
2020-04-23,44.865686,45.321491,44.445628,44.472439,3621900
2020-04-24,44.427758,44.561820,44.052389,44.526070,3550500
2020-04-27,45.303617,45.866673,45.241056,45.741550,3167300
2020-04-28,46.322485,46.474419,45.786240,45.804115,2974600
2020-04-29,46.653159,47.180465,46.510161,47.082153,4491900
2020-04-30,46.840851,47.073221,45.795178,46.134796,3788100
2020-05-01,44.874628,44.999751,44.186448,44.543945,3965800
2020-05-04,44.409881,44.865689,44.257947,44.838875,3682100
2020-05-05,45.419801,45.544924,45.026558,45.089119,2876800
2020-05-06,45.312559,45.330434,44.749502,44.838875,2417900
2020-05-07,45.455558,45.786240,45.303620,45.643242,2131700
2020-05-08,45.902424,46.501227,45.884549,46.286732,3793000
2020-05-11,45.187434,45.607488,45.017621,45.437679,2929000
2020-05-12,45.535993,45.938176,44.964000,45.026562,5397700
2020-05-13,45.607490,45.875614,44.794188,45.106998,5186900
2020-05-14,44.418814,45.527048,44.284752,45.455551,6467200
2020-05-15,44.651187,44.874622,44.463503,44.597565,4078100
2020-05-18,45.804114,46.608481,45.804114,46.393982,5900300
2020-05-19,46.644225,46.876599,46.393979,46.429729,3943200
2020-05-20,46.974909,47.323467,46.849783,47.001720,3699000
2020-05-21,46.822978,47.010662,46.376109,46.465485,4502400
2020-05-22,45.804111,45.866672,45.419803,45.786236,3656500
2020-05-26,47.654153,47.877587,47.269845,47.368156,5701300
2020-05-27,47.448590,47.484340,46.805097,47.386028,8864200
2020-05-28,47.394963,47.654148,46.974908,47.028530,3870300
2020-05-29,47.296657,48.056337,47.108972,47.868652,5404500
2020-06-01,48.556827,49.137755,48.431701,49.102005,4367700
2020-06-02,49.951060,50.558803,49.852748,50.299618,4914200
2020-06-03,51.675977,52.480343,51.658101,52.399906,5316700
2020-06-04,51.425732,51.801101,51.175483,51.363171,4579600
2020-06-05,53.338334,53.901390,53.204272,53.597519,5563800
2020-06-08,53.347268,53.910324,52.945088,53.829887,3856500
2020-06-09,52.712712,53.177457,52.480342,53.052334,3291700
2020-06-10,53.499202,53.892446,53.079144,53.642200,5777000
2020-06-11,51.997729,52.212224,50.648181,50.692871,5989100
2020-06-12,51.541918,51.738541,50.567746,51.372108,5577600
2020-06-15,48.681951,49.834871,48.333394,49.602501,5469300
2020-06-16,51.613414,51.613414,50.156619,50.746487,6343200
2020-06-17,51.238041,51.506162,51.041417,51.318474,5218700
2020-06-18,51.023546,51.318478,50.952045,51.157608,3619600
2020-06-19,51.640227,51.774289,50.692866,50.719677,5796600
2020-06-22,50.969919,51.667038,50.844796,51.586601,3878500
2020-06-23,51.774287,52.006658,51.541913,51.577663,3097600
2020-06-24,51.997719,52.087092,51.139731,51.389977,4229600
2020-06-25,50.898423,51.345292,50.826922,51.300606,3575700
2020-06-26,51.524046,51.631294,50.862678,51.005676,3160200
2020-06-29,50.800110,51.130793,50.514114,51.121857,4066800
2020-06-30,51.086111,51.291670,50.737553,51.059299,4742200
2020-07-01,51.023550,51.550856,50.978864,51.354233,3681700
2020-07-02,52.176474,52.569718,52.051351,52.185410,4306100
2020-07-06,53.356209,53.803078,53.275772,53.740517,7238700
2020-07-07,52.703778,53.088086,52.551840,52.560780,4490000
2020-07-08,52.587589,52.909336,52.364154,52.891460,3782300
2020-07-09,52.962961,52.989776,52.087098,52.569717,5582100
2020-07-10,52.069220,52.265843,51.836849,52.221157,2654600
2020-07-13,52.775278,53.204272,52.203286,52.301598,4409600
2020-07-14,51.908348,52.846773,51.890473,52.775272,3646600
2020-07-15,53.338331,53.463454,52.971898,53.186394,3472200
2020-07-16,52.542906,52.855714,52.453530,52.650154,2711500
2020-07-17,53.141708,53.231084,52.855712,53.123833,3132100
2020-07-20,53.043397,53.472395,52.873588,53.400894,1995900
2020-07-21,53.910323,54.026510,53.651138,53.713699,3300100
2020-07-22,53.579645,53.686893,53.248963,53.508144,2301100
2020-07-23,52.936145,53.141704,52.435650,52.721649,4188900
2020-07-24,52.596529,52.766341,52.426719,52.650154,2883300
2020-07-27,53.409824,53.776257,53.213204,53.695824,3654000
2020-07-28,53.946074,54.124823,53.767326,53.829887,3000900
2020-07-29,54.580627,55.045371,54.535941,54.866623,4540300
2020-07-30,54.160570,54.401880,53.677954,54.392944,4697700
2020-07-31,54.258880,54.294631,53.311519,53.856697,6057000
2020-08-03,54.312508,54.491257,54.124824,54.491257,3314100
2020-08-04,54.562750,55.206243,54.562750,55.179432,2845800
2020-08-05,56.207228,56.743473,56.198292,56.520039,3734800
2020-08-06,56.913288,57.243974,56.734540,57.235035,3643600
2020-08-07,57.083095,57.315466,56.886475,57.065220,4272700
2020-08-10,58.066208,58.316453,57.887456,58.307514,2812300
2020-08-11,59.371072,59.469384,58.682896,58.816952,4628100
2020-08-12,59.639191,60.005621,59.558751,59.773247,3252900
2020-08-13,59.567693,59.773249,59.326379,59.460442,2727800
2020-08-14,58.548830,58.951010,58.423707,58.861637,3000300
2020-08-17,59.424691,59.880500,59.317447,59.523003,3353100
2020-08-18,57.744464,57.771275,57.172472,57.664024,4904200
2020-08-19,57.923209,58.030460,57.413778,57.503151,3614100
2020-08-20,55.018561,56.001672,54.929185,55.813988,5758600
2020-08-21,55.805051,56.082111,55.617366,56.064236,3401000
2020-08-24,57.029475,57.065222,56.609416,56.814976,2400100
2020-08-25,57.538901,57.681903,57.351217,57.664024,2623300
2020-08-26,57.762340,58.110897,57.699778,58.030464,3111400
2020-08-27,57.637211,57.637211,56.761348,57.011597,3895300
2020-08-28,57.610395,57.771268,57.449522,57.762329,2961100
2020-08-31,56.251920,56.636228,55.849740,56.368107,4569200
2020-09-01,56.966913,57.217155,56.868601,57.181408,3611900
2020-09-02,57.324406,57.386967,56.877537,57.181408,4506700
2020-09-03,57.735518,57.744457,56.466410,56.573658,5704500
2020-09-04,57.092034,57.404845,56.108919,56.966911,6076300
2020-09-08,57.118848,57.485280,56.913288,56.993725,4818500
2020-09-09,57.780215,57.896399,57.485280,57.744465,5187400
2020-09-10,57.932147,58.003648,57.002658,57.029472,5472400
2020-09-11,57.789154,57.905338,57.315467,57.646152,4348600
2020-09-14,58.709706,58.959952,58.647145,58.843761,3626900
2020-09-15,59.576632,59.674937,59.433630,59.523003,3956500
2020-09-16,59.782186,60.005621,59.487251,59.549812,4562300
2020-09-17,58.924201,59.371071,58.727578,59.371071,4024400
2020-09-18,59.576631,59.630253,58.924199,59.022511,3016600
2020-09-21,58.307510,58.539884,57.789147,58.513073,4267600
2020-09-22,57.842777,57.869588,57.190348,57.601463,3669300
2020-09-23,57.574649,57.637211,56.600477,56.689850,4439900
2020-09-24,55.644173,56.564726,55.510114,56.126793,4321000
2020-09-25,55.670988,56.368103,55.501176,56.305542,4355800
2020-09-28,57.413777,57.574650,57.145656,57.512089,3921500
2020-09-29,57.556782,57.869590,57.422720,57.672966,2515400
2020-09-30,58.021524,58.638206,57.976841,58.396893,6028600
2020-10-01,58.834828,59.022512,58.575643,58.995701,3088300
2020-10-02,57.896396,58.700763,57.735523,58.262833,3029800
2020-10-05,59.013570,59.585563,59.013570,59.549812,2919500
2020-10-06,59.192326,59.496194,58.709706,58.808018,4231100
2020-10-07,59.880496,60.318426,59.835806,60.211182,3649800
2020-10-08,60.300554,60.613361,60.148620,60.515049,3912500
2020-10-09,61.060230,61.212164,60.783174,61.078102,2661100
2020-10-12,60.658049,60.917234,60.523987,60.765293,4967500
2020-10-13,60.497176,60.532927,60.032429,60.255863,3320600
2020-10-14,59.907311,60.112874,59.648126,59.782188,3338000
2020-10-15,59.049323,59.576633,58.959951,59.478321,3157100
2020-10-16,59.674938,59.791128,59.415760,59.478321,2937600
2020-10-19,59.576630,59.764314,59.245944,59.388939,3741200
2020-10-20,59.952004,60.497185,59.889442,60.130749,4051800
2020-10-21,60.497179,60.854669,60.434617,60.506111,4356200
2020-10-22,60.273741,60.354174,59.987745,60.202240,4210300
2020-10-23,60.872546,61.042358,60.666983,61.042358,2934100
2020-10-26,60.175430,60.425676,59.612370,60.032429,4002900
2020-10-27,60.014556,60.059239,59.746432,59.916245,2769600
2020-10-28,59.406820,59.523004,58.924200,59.013573,4849900
2020-10-29,59.183387,59.442572,58.834829,59.308510,6824200
2020-10-30,58.352208,58.468392,57.610403,58.003651,5182900
2020-11-02,58.959952,59.031453,58.709706,59.004635,3519800
2020-11-03,60.184369,60.398871,60.077124,60.282681,4114900
2020-11-04,60.398869,61.802038,60.372058,61.507103,5879100
2020-11-05,62.686848,63.178408,62.481292,62.963905,4508100
2020-11-06,62.633208,62.963887,62.454457,62.758331,3874500
2020-11-09,64.733499,64.787121,63.348201,63.375019,5992000
2020-11-10,63.687834,64.152575,63.491210,63.955952,4170100
2020-11-11,64.769250,64.885434,64.456443,64.805000,3961300
2020-11-12,64.626244,64.778185,64.036380,64.179375,3006000
2020-11-13,65.502113,65.752359,65.296550,65.725548,3953100
2020-11-16,66.672914,66.994661,66.547791,66.967850,4969700
2020-11-17,66.610357,67.101916,66.494174,66.923164,4295100
2020-11-18,67.084037,67.289600,66.860602,66.887413,6181900
2020-11-19,66.145610,66.762285,66.083049,66.672913,4081700
2020-11-20,66.583538,66.932096,66.520977,66.726540,3343700
2020-11-23,68.085022,68.263767,67.647092,68.022461,4520400
2020-11-24,68.478272,69.184327,68.317399,69.157509,4242000
2020-11-25,68.549766,68.719579,68.219087,68.576584,3521300
2020-11-27,69.425629,69.774186,69.363067,69.586502,2332200
2020-11-30,68.433585,68.692770,68.102899,68.299522,6469700
2020-12-01,69.246887,69.756318,69.005574,69.631195,3615800
2020-12-02,70.730487,71.096924,70.587493,70.936050,4067300
2020-12-03,72.196224,72.562660,72.026412,72.178352,3628000
2020-12-04,73.644069,74.180311,73.626190,74.171371,3922400
2020-12-07,74.403749,74.591434,74.037313,74.314377,3351300
2020-12-08,72.750339,72.920144,72.598405,72.732460,4452700
2020-12-09,74.260751,74.260751,73.018455,73.465324,4555000
2020-12-10,73.340210,74.278639,73.250838,74.207138,4145700
2020-12-11,73.831764,74.037320,73.644080,73.670891,3667300
2020-12-14,73.905051,73.932068,73.229584,73.265610,4341800
2020-12-15,73.580821,74.355356,73.445733,74.328339,4092100
2020-12-16,73.851017,74.058163,73.490766,73.760956,4972300
2020-12-17,73.751948,73.778966,73.535801,73.589836,3608400
2020-12-18,73.436728,73.481755,72.986417,73.148529,4225800
2020-12-21,71.968710,72.707220,71.797590,72.455040,3776800
2020-12-22,71.923674,71.923674,71.293242,71.320259,3524900
2020-12-23,72.572131,73.004426,72.527098,72.797287,2251800
2020-12-24,73.896048,74.130205,73.715920,73.995117,1341400
2020-12-28,74.787652,74.904731,74.625540,74.688583,2706800
2020-12-29,75.913436,76.237661,75.778341,76.156601,3147600
2020-12-30,77.606602,77.921818,77.552567,77.588593,3409600
2020-12-31,77.831769,77.858786,77.102267,77.498543,2796000
2021-01-04,80.434560,80.785802,79.110644,79.542946,5059400
2021-01-05,80.884869,81.650403,80.812824,81.533318,4274900
2021-01-06,80.407538,81.857540,80.272443,81.416237,5960600
2021-01-07,82.136735,82.965312,81.983631,82.947296,4788700
2021-01-08,86.036436,86.729919,85.387987,86.657867,5838300
2021-01-11,85.288910,86.198540,85.243883,85.919350,4530500
2021-01-12,84.847607,85.424005,84.640468,85.216866,5025700
2021-01-13,85.216861,85.369965,85.009715,85.198845,3213400
2021-01-14,85.946370,86.333638,85.604136,85.793266,3797800
2021-01-15,83.163439,83.442636,82.704127,83.064377,3837400
2021-01-19,83.928982,84.280224,83.154447,83.424629,5228600
2021-01-20,84.055061,84.595433,83.820897,84.577423,3424700
2021-01-21,85.820291,86.495758,85.496067,86.495758,4654300
2021-01-22,84.208170,84.676490,84.163136,84.496368,3312900
2021-01-25,86.081456,86.297604,85.306921,86.243568,4198200
2021-01-26,84.946676,85.153822,84.460339,84.901642,2909400
2021-01-27,82.839229,82.920282,81.803513,81.803513,5118900
2021-01-28,82.127732,83.613753,81.974621,82.974312,4556100
2021-01-29,80.155372,80.524630,79.227732,79.344810,6508000
2021-02-01,81.578348,82.749152,81.353192,82.569031,4503400
2021-02-02,83.190471,83.415626,82.875247,83.028358,3969200
2021-02-03,83.748854,83.946992,83.244507,83.775871,2582300
2021-02-04,82.199782,82.695127,81.587358,82.505997,3090000
2021-02-05,83.235496,83.757858,82.821210,83.721832,2563100
2021-02-08,82.181770,82.866244,82.118726,82.704132,2399900
2021-02-09,82.370901,83.271524,82.253823,83.136429,4317200
2021-02-10,83.983014,84.226178,83.343573,83.721832,2409200
2021-02-11,84.379284,84.937665,84.280215,84.640465,2634000
2021-02-12,84.163122,84.928656,84.073061,84.748528,2383000
2021-02-16,84.775558,84.955687,84.181151,84.316246,2300600
2021-02-17,83.343571,83.847917,83.181459,83.748848,2134500
2021-02-18,82.289849,82.632083,81.479288,82.505997,2901600
2021-02-19,83.685803,84.334252,83.622760,83.847916,2524700
2021-02-22,81.830524,82.442947,81.614376,81.668411,3171300
2021-02-23,81.317176,82.118729,80.578666,81.947609,3239500
2021-02-24,80.155368,81.146051,79.786109,81.046982,4200700
2021-02-25,82.442956,82.785190,79.885185,80.164383,5470400
2021-02-26,79.560956,79.777110,78.489220,79.227730,6702100
2021-03-01,80.542632,81.731453,80.398529,81.344185,4044600
2021-03-02,80.560642,80.866858,79.858158,80.542633,3233200
2021-03-03,80.956921,81.254128,80.209403,80.308472,3602500
2021-03-04,80.497598,81.010952,78.336110,78.849464,4726800
2021-03-05,80.173384,80.272453,78.678355,80.164383,4633100
2021-03-08,78.354127,78.606300,77.651643,78.183006,8178900
2021-03-09,78.408152,79.326790,78.300082,78.768402,5123400
2021-03-10,78.011897,78.011897,77.120276,77.606613,4366200
2021-03-11,79.777102,80.083310,79.335792,79.930206,4650400
2021-03-12,79.642011,79.705055,78.948535,79.281761,3378600
2021-03-15,79.930211,80.470583,79.479900,80.407539,2674800
2021-03-16,80.758783,81.019964,80.326488,80.551643,3540500
2021-03-17,79.533937,81.128042,79.290772,80.731766,3995900
2021-03-18,79.912199,80.272442,78.903499,78.921509,4778400
2021-03-19,79.335802,80.146364,78.957543,80.047295,6128200
2021-03-22,79.786101,80.461568,79.344798,80.236412,3386200
2021-03-23,78.597281,78.696350,77.723683,77.885796,4770400
2021-03-24,78.390149,78.444184,77.435492,77.462509,3907200
2021-03-25,77.750707,78.777416,77.633622,78.651329,4986000
2021-03-26,79.209706,80.344492,79.047594,80.281448,4385800
2021-03-29,79.443880,79.750095,79.038603,79.452888,3896200
2021-03-30,79.957217,80.074302,79.569949,79.795105,3248400
2021-03-31,80.227423,81.083012,80.137363,80.785805,3130600
2021-04-01,81.434250,81.785492,81.362198,81.677422,3194800
2021-04-05,82.199777,82.857234,82.109716,82.731148,3623400
2021-04-06,82.659101,83.100403,82.478979,82.821213,2052400
2021-04-07,82.821210,82.821210,82.028665,82.316864,3778700
2021-04-08,82.839216,83.046356,82.596045,82.623062,3550200
2021-04-09,82.217800,82.307861,81.956619,82.235809,2508200
2021-04-12,82.010648,82.118725,81.605371,81.821518,2612000
2021-04-13,83.280527,83.505683,83.019346,83.289536,6086600
2021-04-14,84.208165,84.334251,83.829905,83.983009,3824000
2021-04-15,84.613440,84.784561,84.199155,84.640465,5017200
2021-04-16,84.550406,84.559414,84.100095,84.154137,4813400
2021-04-19,84.289217,84.388286,83.874931,84.118103,3092900
2021-04-20,84.388299,84.532402,83.649789,83.937988,3945800
2021-04-21,82.659100,83.766868,82.469970,83.730843,3470600
2021-04-22,83.253508,83.253508,82.154748,82.334869,4201000
2021-04-23,83.370597,83.820908,83.289544,83.613762,3791200
2021-04-26,84.298231,84.415316,84.091092,84.289223,4658100
2021-04-27,84.226173,84.253198,83.676800,83.874931,5767200
2021-04-28,83.181462,83.946989,83.046367,83.658791,3952100
2021-04-29,83.595748,83.730843,82.830221,83.487671,2666900
2021-04-30,82.307859,82.325875,81.380219,81.560341,3688600
2021-05-03,81.326179,81.722448,80.983939,81.398224,3172500
2021-05-04,81.416234,81.533313,80.848838,81.371201,4359400
2021-05-05,81.596359,81.695428,81.236109,81.596359,2359300
2021-05-06,82.551019,83.163435,82.325863,83.082382,3685400
2021-05-07,83.676808,84.676493,83.613758,84.298233,4502100
2021-05-10,85.351952,85.433012,83.965001,84.055061,4171500
2021-05-11,82.388915,83.145434,82.298847,82.983322,3671200
2021-05-12,80.551648,80.821831,79.353819,79.416862,5447300
2021-05-13,79.804128,80.470586,79.750093,80.353508,5319100
2021-05-14,81.110024,81.632387,81.010955,81.533318,3687200
2021-05-17,79.741078,80.164372,79.614992,80.011261,3126700
2021-05-18,81.317177,81.677428,81.200099,81.389229,2495300
2021-05-19,80.317475,81.758469,80.209398,81.128036,3542000
2021-05-20,81.146048,81.740462,81.110023,81.596359,3174900
2021-05-21,81.515313,81.515313,80.533631,80.605682,3257400
2021-05-24,81.028975,81.524313,80.812827,81.443260,1895000
2021-05-25,82.154752,82.262823,81.767485,82.145744,4095700
2021-05-26,82.118729,82.496988,82.055685,82.469971,3897400
2021-05-27,81.731453,82.082695,81.650401,81.767479,3228300
2021-05-28,82.478977,82.947298,82.478977,82.884254,3082900
2021-06-01,84.217176,84.316245,83.992020,84.172142,2966300
2021-06-02,83.649783,83.992024,83.505687,83.694817,2166800
2021-06-03,83.514700,83.703830,83.298545,83.505692,3387700
2021-06-04,84.415305,84.550392,84.109089,84.478348,3591600
2021-06-07,84.370279,84.370279,83.658787,84.064064,4663500
2021-06-08,83.649778,83.649778,83.226491,83.496674,1719000
2021-06-09,82.947303,82.974321,82.406931,82.451965,2177000
2021-06-10,82.992322,83.523685,82.857227,83.469650,3109700
2021-06-11,83.658787,83.730839,83.226493,83.433632,3660600
2021-06-14,83.622765,83.757860,83.451652,83.730843,2303600
2021-06-15,83.802897,83.802897,83.406622,83.640785,1786600
2021-06-16,84.163137,84.406309,82.379909,82.749161,4275900
2021-06-17,82.857237,83.082393,82.515004,82.605064,3756500
2021-06-18,82.442945,82.560023,81.857539,82.046669,4360900
2021-06-21,82.253827,82.938295,82.109725,82.911278,2496600
2021-06-22,82.451956,82.983320,82.172758,82.830215,2049500
2021-06-23,83.064385,83.577739,83.064385,83.172455,2715700
2021-06-24,83.983010,84.235183,83.892949,84.163132,2039300
2021-06-25,84.604437,84.721516,84.244187,84.667480,2197400
2021-06-28,84.109103,84.199164,83.937982,84.154137,1634700
2021-06-29,83.532697,83.865930,83.388594,83.838905,1993100
2021-06-30,83.992019,84.091088,83.685804,83.919968,2612400
2021-07-01,83.397606,83.505683,82.992329,83.397606,2732600
2021-07-02,83.559720,83.874937,83.208478,83.757858,1911800
2021-07-06,83.739853,83.739853,82.866248,83.145439,2883300
2021-07-07,83.046363,83.145432,82.307853,82.478973,2796500
2021-07-08,80.560649,80.785804,80.182389,80.641708,4283400
2021-07-09,80.866873,81.272150,80.803829,81.245132,3364600
2021-07-12,81.425244,81.965616,81.335176,81.866547,2356100
2021-07-13,81.875555,82.199773,81.560332,81.659401,2989900
2021-07-14,82.172760,82.361890,81.713448,82.208786,2308700
2021-07-15,82.560034,82.776189,82.370904,82.551033,2743900
2021-07-16,82.523998,82.551022,81.623376,81.695427,2660600
2021-07-19,80.191391,80.218408,79.596977,79.804123,4093200
2021-07-20,80.254443,81.209100,80.083322,81.001961,3211500
2021-07-21,79.804129,80.659717,79.705060,80.569656,4129400
2021-07-22,81.128044,81.299158,80.776802,81.236115,2729600
2021-07-23,81.028974,81.209095,80.677731,81.191086,3076000
2021-07-26,80.164384,81.110033,80.128358,81.083015,5143900
2021-07-27,80.398532,80.443566,79.660022,80.272446,4542400
2021-07-28,80.578656,81.055984,79.705051,81.019958,4792600
2021-07-29,81.290153,81.785491,81.272137,81.605370,4177800
2021-07-30,79.786103,80.119336,79.632999,79.930206,2781300
2021-08-02,80.155374,80.290468,79.867175,79.912209,4575700
2021-08-03,80.785798,81.182074,80.407538,81.101021,2531100
2021-08-04,82.271824,82.569031,82.001641,82.217789,2851900
2021-08-05,82.388922,82.469974,82.226809,82.415939,3040900
2021-08-06,81.677431,81.767492,81.353207,81.407242,2277100
2021-08-09,81.416248,81.605378,81.290161,81.326187,2181300
2021-08-10,80.326495,80.335496,80.020280,80.164383,3106900
2021-08-11,79.750098,79.750098,79.335806,79.605995,2925700
2021-08-12,78.723380,78.777416,78.318096,78.651329,3296600
2021-08-13,77.732697,77.822765,77.408472,77.768723,5014000
2021-08-16,76.904116,77.435487,76.832065,77.408463,3008400
2021-08-17,75.697293,75.886423,75.373069,75.616234,3609600
2021-08-18,76.498837,76.723992,75.940449,75.994484,4007400
2021-08-19,74.193252,74.994805,74.076174,74.751640,3629700
2021-08-20,73.544805,74.535487,73.517780,74.409401,3143000
2021-08-23,75.156912,75.796360,75.138903,75.607224,4023900
2021-08-24,76.696986,77.084247,76.696986,76.994186,3512800
2021-08-25,76.805059,77.129284,76.660963,77.039223,2887900
2021-08-26,76.264676,76.264676,75.868400,76.075546,2993700
2021-08-27,76.093560,77.237353,76.039524,77.183311,2937100
2021-08-30,76.705989,76.949161,76.543877,76.543877,1904900
2021-08-31,78.345118,78.390152,78.047918,78.074936,3739600
2021-09-01,78.507234,79.002578,78.498232,78.966553,3355000
2021-09-02,78.101951,78.318098,77.912821,77.993874,2873400
2021-09-03,78.741393,79.047601,78.624315,78.984558,1512600
2021-09-07,77.759707,78.038905,77.696664,77.840767,3315600
2021-09-08,76.886116,76.931143,76.345737,76.534874,3536100
2021-09-09,75.607216,75.625233,75.264983,75.328026,3140000
2021-09-10,75.976477,75.976477,75.210949,75.301010,3179800
2021-09-13,75.733314,76.012511,75.607227,75.868408,4362300
2021-09-14,76.615927,76.615927,75.832383,75.976486,3875600
2021-09-15,76.507841,76.742004,76.282685,76.742004,2552900
2021-09-16,75.328030,75.454116,75.084865,75.310020,2516500
2021-09-17,75.337039,75.427100,74.769643,74.823685,2560100
2021-09-20,72.887353,73.499776,72.464059,72.995430,4791300
2021-09-21,73.490770,73.517787,72.968407,73.040459,3822400
2021-09-22,73.733933,74.409399,73.589830,73.842003,3505300
2021-09-23,75.391078,75.823380,75.274000,75.616234,3374800
2021-09-24,74.661575,74.751636,74.265299,74.310333,2704900
2021-09-27,74.562510,74.976796,74.490459,74.751640,2711200
2021-09-28,73.319644,73.328646,72.806283,72.950386,4310000
2021-09-29,72.626160,72.680195,72.058771,72.103798,3352500
2021-09-30,73.157535,73.364674,72.590138,72.644180,5065800
2021-10-01,72.238901,72.608159,71.770580,72.491074,3354400
2021-10-04,72.121815,72.148832,71.068089,71.473366,4263300
2021-10-05,70.779890,71.311261,70.671820,71.050079,4341600
2021-10-06,68.861568,69.555051,68.681447,69.510017,4962500
2021-10-07,70.410635,70.941999,70.365601,70.680824,3245800
2021-10-08,70.392620,70.446655,70.059388,70.203484,3591300
2021-10-11,70.293551,70.707836,70.059387,70.059387,2339400
2021-10-12,69.257835,69.266843,68.816532,68.870567,4787600
2021-10-13,70.113427,70.572746,69.825228,70.500694,3722000
2021-10-14,71.338278,71.617468,71.176165,71.608467,5031300
2021-10-15,72.049771,72.527099,71.995735,72.383003,3465100
2021-10-18,71.590445,71.914670,71.491377,71.725540,2854100
2021-10-19,72.617165,73.166545,72.545121,73.040459,3662700
2021-10-20,72.851317,72.905352,72.581128,72.635170,2497000
2021-10-21,72.364988,72.419030,72.085797,72.247910,3994100
2021-10-22,72.536105,72.842313,72.121820,72.373993,3350500
2021-10-25,73.184552,73.517778,73.112501,73.346664,3032700
2021-10-26,74.211269,74.256296,73.796984,73.878036,3119200
2021-10-27,73.076470,73.328643,72.914358,72.941376,2635300
2021-10-28,72.824309,73.148534,72.707231,73.031448,7000300
2021-10-29,71.419333,71.716533,71.122126,71.590446,5394300
2021-11-01,71.671506,71.914671,71.608462,71.905663,3339300
2021-11-02,72.608151,72.725229,72.419021,72.455040,2482400
2021-11-03,71.122128,71.716535,70.770886,71.599457,4940100
2021-11-04,71.581453,71.716541,71.239213,71.662506,3513900
2021-11-05,71.536415,71.689520,71.383311,71.572441,2786600
2021-11-08,71.572438,71.761568,71.437344,71.734550,3034000
2021-11-09,71.770575,71.860636,71.122126,71.239204,2517000
2021-11-10,70.770896,70.924001,69.834249,69.996361,4704600
2021-11-11,70.770888,71.122130,70.725854,70.833931,3323000
2021-11-12,71.491385,71.887661,71.428341,71.797600,3335500
2021-11-15,72.355978,72.446046,71.824614,71.923683,2364700
2021-11-16,71.896664,72.004735,71.653493,71.779579,4688600
2021-11-17,71.185179,71.221205,70.734868,70.860954,5047100
2021-11-18,70.446665,70.554735,70.059397,70.455673,3665800
2021-11-19,70.698839,70.869959,70.536727,70.635796,2640700
2021-11-22,72.364981,72.689206,72.040757,72.076782,3977400
2021-11-23,71.599455,71.815602,71.320264,71.518402,4252300
2021-11-24,71.293242,71.446346,71.095104,71.320259,3897400
2021-11-26,68.906599,68.924609,67.951935,68.231133,4813400
2021-11-29,68.906596,69.059701,68.393242,68.780510,5305200
2021-11-30,67.888894,68.492316,67.438583,68.204117,9311500
2021-12-01,70.248526,70.951010,69.627095,69.645111,7110100
2021-12-02,70.978023,71.599454,70.923988,71.203178,6669900
2021-12-03,71.293258,71.419345,70.518722,70.869965,5559300
2021-12-06,71.482380,71.869647,71.266225,71.851631,4970100
2021-12-07,72.653185,73.112504,72.608158,72.977409,4008800
2021-12-08,72.788279,73.292625,72.635175,73.184555,3705600
2021-12-09,72.923375,72.986418,72.698220,72.734245,3666600
2021-12-10,72.716225,72.914363,72.608154,72.716225,4238600
2021-12-13,72.301423,72.301423,71.657602,71.767967,3604400
2021-12-14,71.473652,71.795562,71.160940,71.446060,3523000
2021-12-15,71.556441,72.457790,71.170141,72.384209,5765400
2021-12-16,72.283023,72.614133,71.786365,71.951920,4298400
2021-12-17,72.292225,72.457780,72.089879,72.264633,4504800
2021-12-20,70.894209,71.096555,70.618282,70.839020,3280600
2021-12-21,71.206920,71.694386,71.013774,71.620811,2979300
2021-12-22,71.482856,72.191060,71.390883,72.117485,2280000
2021-12-23,72.135874,72.485376,72.016310,72.448586,2364800
2021-12-27,72.430193,72.816485,72.301428,72.733711,3043300
2021-12-28,72.991239,73.009631,72.466983,72.485374,4639300
2021-12-29,72.595742,72.761297,72.420987,72.549751,5136500
2021-12-30,72.043897,72.218644,71.878342,71.878342,5148400
2021-12-31,71.850749,72.181859,71.464449,71.620811,1940800
2022-01-03,71.804757,71.988704,71.446055,71.611610,6967900
2022-01-04,71.657607,71.823155,71.381680,71.455261,2625700
2022-01-05,70.894212,71.096558,70.038845,70.066437,4276700
2022-01-06,69.790516,70.103235,69.459406,69.523788,4969000
2022-01-07,70.618279,71.326489,70.314760,71.308090,4279500
2022-01-10,70.296371,70.425135,69.597360,70.195198,3983400
2022-01-11,71.096559,72.062291,70.894213,71.942726,4487500
2022-01-12,72.890066,73.432714,72.890066,73.368332,4059100
2022-01-13,72.991237,72.991237,72.080688,72.080688,3893100
2022-01-14,71.151745,71.455263,70.829834,71.078163,4121800
2022-01-18,69.615752,69.615752,68.944333,68.971924,5030500
2022-01-19,70.112431,70.112431,69.661749,69.744530,3649400
2022-01-20,70.287172,70.765445,69.266251,69.413414,4311400
2022-01-21,69.247860,69.413415,68.484467,68.539650,5066100
2022-01-24,67.086456,67.343984,65.357324,67.233612,8418400
2022-01-25,65.936762,66.617374,65.651636,66.249474,6430600
2022-01-26,66.534605,66.792141,65.182581,65.394119,7553700
2022-01-27,64.014490,64.455972,63.591406,63.655788,6342300
2022-01-28,64.575541,64.989432,64.253630,64.934242,4599900
2022-01-31,65.780406,66.672563,65.762014,66.580589,4154500
2022-02-01,66.847318,67.132438,66.194297,67.123245,3689300
2022-02-02,67.389964,67.647499,67.040462,67.601509,3388200
2022-02-03,66.083919,66.433428,66.028737,66.203491,4325400
2022-02-04,66.507009,67.123246,66.295471,66.884109,4382100
2022-02-07,66.497820,67.454353,66.286275,67.104851,11963100
2022-02-08,66.470216,67.362373,66.470216,67.307190,8012500
2022-02-09,68.061389,68.530463,68.024598,68.521263,5753200
2022-02-10,67.730270,68.668418,67.601506,67.730270,5501800
2022-02-11,68.098172,68.438482,66.966879,67.049660,6190100
2022-02-14,66.690963,66.727754,66.111517,66.442627,4240400
2022-02-15,66.681752,67.012862,66.552988,66.957680,3388300
2022-02-16,67.261195,68.024588,67.215212,67.767059,4395400
2022-02-17,67.886633,67.997005,67.169230,67.233612,3613400
2022-02-18,67.445156,67.491139,66.920899,67.123245,4427300
2022-02-22,67.003673,67.316392,66.516208,66.930092,4580000
2022-02-23,67.233606,67.233606,65.964356,66.065529,3473100
2022-02-24,63.214321,65.053818,63.094749,64.961838,7428300
2022-02-25,65.504486,66.874909,65.375722,66.828926,4717600
2022-02-28,65.660844,66.755347,65.476897,66.598991,4397900
2022-03-01,66.424235,66.902501,65.357323,65.752815,3960500
2022-03-02,65.467694,66.037940,65.237757,65.789604,4196400
2022-03-03,66.635772,66.644972,65.872386,66.240280,6060200
2022-03-04,64.593929,64.759484,64.005283,64.373184,3325700
2022-03-07,63.223511,63.306292,61.678333,61.724323,5006700
2022-03-08,62.138202,62.809621,61.623145,62.156601,5831200
2022-03-09,63.214306,64.777875,62.965970,64.612320,5768500
2022-03-10,63.168321,63.269494,62.358945,62.662457,8852200
2022-03-11,63.002773,63.122338,61.724323,61.724323,5444800
2022-03-14,62.083021,62.386540,61.374818,61.457592,8717800
2022-03-15,61.439203,62.138206,61.255249,62.138206,5357800
2022-03-16,63.425844,64.888247,63.260289,64.860649,7770400
2022-03-17,65.007831,65.578077,64.823884,65.421715,4226800
2022-03-18,64.768679,65.909172,64.722696,65.762009,4515500
2022-03-21,64.676699,64.731882,64.299606,64.400772,3456600
2022-03-22,65.173376,65.541277,65.108994,65.504486,2911700
2022-03-23,65.145777,65.348123,64.869850,64.869850,3993700
2022-03-24,64.814676,65.357324,64.722702,65.265350,2925400
2022-03-25,64.777879,64.842261,64.336396,64.538742,2823200
2022-03-28,65.007818,65.200964,64.603126,65.191765,2430500
2022-03-29,66.405828,66.690955,66.129907,66.681755,3395500
2022-03-30,65.945955,66.277065,65.633244,65.807999,2405000
2022-03-31,65.927563,66.074720,65.458490,65.513680,3840600
2022-04-01,65.642444,65.642444,65.090589,65.320526,2389100
2022-04-04,65.973553,66.295464,65.771208,66.249474,2010100
2022-04-05,65.955163,65.982754,65.044614,65.173378,3716400
2022-04-06,64.925032,65.035404,64.207629,64.373184,4214700
2022-04-07,64.042080,64.216835,63.646588,63.968506,3615000
2022-04-08,63.646587,63.830541,63.343075,63.370667,2981200
2022-04-11,63.389060,63.471841,62.800422,62.892395,2155200
2022-04-12,63.573015,63.591407,62.910795,63.021160,2604000
2022-04-13,63.977691,64.630712,63.977691,64.612320,2546500
2022-04-14,63.802956,63.867338,63.214317,63.214317,2159500
2022-04-18,63.140728,63.554612,63.002765,63.168320,1819600
2022-04-19,63.067144,63.637391,62.910789,63.618992,1750300
2022-04-20,63.839740,64.078870,63.609803,63.986897,2122700
2022-04-21,63.894924,64.097269,62.736039,62.837212,2268500
2022-04-22,62.772828,62.818819,62.046226,62.092216,2586300
2022-04-25,61.292033,61.751907,60.960923,61.650734,3324600
2022-04-26,61.126481,61.200062,59.848031,59.903214,3411800
2022-04-27,59.848033,60.317107,59.627296,59.967598,4029700
2022-04-28,60.675805,61.255244,60.225130,61.025307,2938000
2022-04-29,61.862285,62.312959,61.218456,61.292038,4966300
2022-05-02,61.347218,61.567963,60.740188,61.494381,3881200
2022-05-03,61.540371,61.853082,61.411599,61.687527,2381300
2022-05-04,61.669141,62.901601,61.098894,62.782036,4488900
2022-05-05,61.862275,61.862275,59.848024,60.593018,4649800
2022-05-06,60.427468,60.905741,60.179139,60.822960,8165800
2022-05-09,59.590503,59.700875,58.827110,58.873100,4959200
2022-05-10,59.664084,59.728466,58.725937,59.139828,5457400
2022-05-11,59.185810,59.737657,58.477607,58.495998,5222300
2022-05-12,57.787797,58.256868,57.180760,57.649834,5651000
2022-05-13,59.526118,60.252720,59.489328,60.234322,2784600
2022-05-16,59.498530,59.746859,59.342168,59.544514,2445300
2022-05-17,60.933335,61.209262,60.694198,61.108089,2891200
2022-05-18,60.547039,60.602222,58.974270,59.075443,4441300
2022-05-19,59.470933,60.464256,59.443335,60.215927,3652800
2022-05-20,61.016105,61.144876,60.041174,60.813766,3717800
2022-05-23,61.402408,61.945056,61.338026,61.742710,2671000
2022-05-24,60.501048,60.942531,60.151547,60.813766,2934600
2022-05-25,60.169940,60.850559,60.142349,60.703396,2680200
2022-05-26,60.583831,61.338024,60.473458,61.218452,2392500
2022-05-27,61.991045,62.285364,61.899071,62.174992,2091700
2022-05-31,63.205111,63.287885,62.533691,62.579681,4882400
2022-06-01,63.076350,63.214313,61.945056,62.184193,3372200
2022-06-02,62.202585,63.149931,62.119811,63.094742,2527500
2022-06-03,62.202588,62.202588,61.549567,61.641541,2461100
2022-06-06,62.423325,62.745236,61.402404,61.521969,2208900
2022-06-07,60.666604,61.200060,60.574631,61.163269,2409100
2022-06-08,61.016107,61.264443,60.648214,60.730988,2349100
2022-06-09,60.648214,60.822962,59.535319,59.581303,2796000
2022-06-10,58.725933,58.762724,57.999335,58.063717,4945200
2022-06-13,56.187431,56.380577,55.258486,55.424038,6444600
2022-06-14,55.975894,56.150645,55.589598,56.067867,3781800
2022-06-15,55.332064,56.573723,55.056140,56.104652,4080700
2022-06-16,54.485897,54.798612,54.026023,54.485897,6135000
2022-06-17,54.688240,55.138918,54.467503,54.908981,4425600
2022-06-21,54.605463,54.973364,54.577872,54.789413,3220700
2022-06-22,52.922329,53.464981,52.839552,53.170662,3794400
2022-06-23,52.471647,52.756770,52.177328,52.628006,3253200
2022-06-24,53.704111,54.798614,53.639729,54.725033,4242900
2022-06-27,54.982561,55.074538,54.596269,54.725033,2886100
2022-06-28,55.092932,55.221696,54.301948,54.320343,2283400
2022-06-29,53.777691,53.842073,53.354604,53.483372,2592700
2022-06-30,52.701585,53.740902,52.480847,53.520161,4018900
2022-07-01,52.370477,52.830351,52.020975,52.793564,4148200
2022-07-05,51.745044,52.462450,51.588688,52.425659,5183800
2022-07-06,51.928994,52.168131,51.607084,51.984180,3157700
2022-07-07,52.830347,53.391394,52.830347,53.235039,4253700
2022-07-08,53.143064,53.777693,53.023500,53.621334,2733300
2022-07-11,52.324491,52.379677,51.791038,52.085358,3305000
2022-07-12,52.103746,52.407261,51.901400,52.039364,2976500
2022-07-13,51.818625,52.618806,51.699057,52.425659,3105000
2022-07-14,51.248386,51.561101,50.604562,51.469124,4120600
2022-07-15,51.873813,52.306092,51.588690,52.287697,2430900
2022-07-18,53.216649,53.382204,52.563628,52.683193,3179000
2022-07-19,53.547751,54.053612,53.529355,53.980030,4085400
2022-07-20,53.520159,53.823678,53.345408,53.584541,2674800
2022-07-21,54.072014,54.522689,53.851273,54.467506,2638800
2022-07-22,54.053619,54.246765,53.575349,53.777695,2988100
2022-07-25,54.265155,54.403118,53.943244,54.062809,2987200
2022-07-26,54.265156,54.430711,53.878864,53.924850,2983200
2022-07-27,54.265158,55.175710,54.127194,55.037746,2607000
2022-07-28,55.175712,55.773546,54.908984,55.663177,3013800
2022-07-29,55.065344,55.727564,54.789420,55.690773,4935800
2022-08-01,54.973363,55.644779,54.706636,55.056141,3267100
2022-08-02,54.679044,55.203300,54.430711,54.660648,8176000
2022-08-03,55.322874,55.709167,55.065342,55.607994,2493400
2022-08-04,55.580396,55.985084,55.516014,55.856319,2219300
2022-08-05,55.782741,56.169034,55.699964,55.856319,1514600
2022-08-08,56.095454,56.546128,56.049463,56.159836,2121500
2022-08-09,56.215024,56.215024,55.874718,55.902309,1512800
2022-08-10,56.316193,56.674895,56.169034,56.638107,2585000
2022-08-11,56.987606,57.355507,56.334586,56.398968,2348000
2022-08-12,56.776074,57.217553,56.647310,57.199158,1899800
2022-08-15,56.619713,56.950819,56.573723,56.619713,1625200
2022-08-16,56.546135,56.840454,56.472556,56.665703,1752700
2022-08-17,55.810335,56.086259,55.534412,55.801136,1686900
2022-08-18,55.506819,55.552809,55.148117,55.221699,2729700
2022-08-19,54.476697,54.485897,54.035219,54.191574,2280900
2022-08-22,53.391402,53.538561,53.078687,53.161465,2333900
2022-08-23,53.143064,53.777692,53.078682,53.418991,4559300
2022-08-24,53.327013,53.897256,53.244235,53.731701,4527100
2022-08-25,54.246761,54.835400,54.191575,54.835400,4719700
2022-08-26,54.826208,54.918182,53.225844,53.244240,4107500
2022-08-29,52.609615,52.857948,52.471651,52.683193,2334100
2022-08-30,53.281028,53.336214,52.352080,52.637203,3886000
2022-08-31,53.722501,53.796082,53.235035,53.262627,2607300
2022-09-01,52.204918,52.241709,51.717453,52.131340,3068200
2022-09-02,52.177326,52.296895,51.331159,51.441528,2947400
2022-09-06,50.944866,51.018447,50.475796,50.549374,2222500
2022-09-07,49.859564,50.880485,49.841168,50.852894,2862400
2022-09-08,49.923945,50.319437,49.813576,50.282646,2243300
2022-09-09,50.880485,51.404741,50.825299,51.367950,4920700
2022-09-12,51.653070,52.112944,51.588688,51.809429,3393900
2022-09-13,50.908070,51.165602,50.052704,50.126286,3232900
2022-09-14,50.512580,50.843690,50.273447,50.678135,4317300
2022-09-15,49.923941,50.181473,49.546845,49.620426,2486500
2022-09-16,49.657224,50.199876,49.565247,50.034321,2755500
2022-09-19,49.482468,50.006725,49.427286,49.951542,2127500
2022-09-20,49.473269,49.482465,49.086973,49.270924,2231900
2022-09-21,49.243331,49.804378,48.608703,48.774258,3428700
2022-09-22,48.424758,48.544322,48.038461,48.194820,2556900
2022-09-23,47.035933,47.072724,46.198962,46.511677,4129600
2022-09-26,45.840260,46.097788,45.380385,45.545940,3074700
2022-09-27,45.849457,45.996617,45.003290,45.260818,3888700
2022-09-28,44.469833,45.509150,44.377860,45.398781,3891100
2022-09-29,44.644593,44.699775,44.028359,44.377865,4114000
2022-09-30,44.055949,44.331873,43.522493,43.559284,3447600
2022-10-03,43.835214,44.653790,43.734041,44.534222,3848500
2022-10-04,45.858656,46.631245,45.812669,46.631245,4960500
2022-10-05,45.702302,46.125389,45.242428,45.831070,3765500
2022-10-06,46.392110,46.686430,46.116187,46.180569,3865500
2022-10-07,46.125383,46.198961,45.334399,45.398781,2783900
2022-10-10,45.205636,45.214831,44.635389,44.791748,3937000
2022-10-11,44.837735,45.224027,44.515824,44.718166,4711600
2022-10-12,45.178040,45.306804,44.966498,45.178040,3033200
2022-10-13,43.715643,45.389585,43.402928,45.150452,7037700
2022-10-14,45.637913,45.674704,44.589401,44.708969,3665100
2022-10-17,45.867852,46.208161,45.812669,46.116184,3353000
2022-10-18,46.704824,46.769206,45.803471,46.171371,4380500
2022-10-19,45.610327,45.886251,45.297612,45.573536,2228500
2022-10-20,45.748289,46.281741,45.490757,45.564339,3502200
2022-10-21,45.389588,46.327732,45.205641,46.300140,3923300
2022-10-24,45.518353,45.877054,45.361994,45.766682,6651500
2022-10-25,45.987421,46.695628,45.987421,46.539268,3376200
2022-10-26,46.778404,47.753336,46.741614,47.394634,6001800
2022-10-27,47.578584,48.010867,47.348647,47.367043,3190300
2022-10-28,47.137105,47.734943,47.054328,47.661362,3958000
2022-10-31,47.449822,47.734946,47.367045,47.652168,2391700
2022-11-01,48.801853,48.903022,48.250001,48.479939,3480600
2022-11-02,48.525928,49.040988,47.550997,47.587788,5182300
2022-11-03,47.587783,48.047657,47.413029,47.854507,3403100
2022-11-04,49.252530,49.638826,48.866237,49.602036,4473700
2022-11-07,50.402216,50.549376,49.969937,50.319439,2222400
2022-11-08,51.377145,51.791032,51.055231,51.432327,5085100
2022-11-09,52.011774,52.177329,51.321962,51.358753,4048400
2022-11-10,53.005104,53.740902,52.729181,53.694916,5850000
2022-11-11,55.194099,55.893110,55.138917,55.856319,5158600
2022-11-14,54.642254,55.221696,54.568676,54.789413,3494000
2022-11-15,56.003480,56.058666,54.982558,55.516014,3999700
2022-11-16,54.577870,54.679043,53.851268,53.869663,3605800
2022-11-17,52.370475,53.097077,52.370475,53.051090,4173900
2022-11-18,53.501764,53.501764,53.051090,53.391396,3052700
2022-11-21,51.947389,52.085352,51.699056,51.928993,2917200
2022-11-22,51.928993,52.324485,51.910598,52.296894,3118700
2022-11-23,52.398074,53.317822,52.398074,53.299427,3526200
2022-11-25,53.115473,53.299423,53.041891,53.225842,1231200
2022-11-28,52.738374,53.014298,52.278500,52.278500,2159300
2022-11-29,53.437385,53.750099,53.400597,53.676521,3667600
2022-11-30,54.835402,56.012682,54.283554,55.828732,7911900
2022-12-01,55.736752,55.819530,55.138918,55.470028,4235800
2022-12-02,54.099603,54.807809,54.035220,54.669846,2847200
2022-12-05,54.200781,54.237571,53.373006,53.400600,5087000
2022-12-06,53.041889,53.060284,52.398068,52.499241,3026500
2022-12-07,52.572817,52.903927,52.379671,52.784359,3838900
2022-12-08,52.940720,53.115471,52.765966,52.995903,3156300
2022-12-09,53.446580,53.851268,53.345408,53.382198,2358300
2022-12-12,53.317820,53.575348,53.189056,53.529362,1931300
2022-12-13,54.615710,54.671565,53.926849,54.224735,7042000
2022-12-14,54.113030,54.392298,53.386928,54.001320,3906600
2022-12-15,52.400177,52.465340,51.608913,51.664768,5243000
2022-12-16,52.400186,52.623599,52.269861,52.418804,3406100
2022-12-19,53.005263,53.116973,52.604977,52.735306,1977100
2022-12-20,53.219368,53.545184,53.144898,53.470711,4004400
2022-12-21,53.079733,53.442782,52.930790,53.359001,2698300
2022-12-22,53.396245,53.461407,52.642217,52.968033,3310600
2022-12-23,52.772538,53.116973,52.604977,53.098354,2094700
2022-12-27,53.619659,53.824457,53.545189,53.666206,2665900
2022-12-28,53.405547,53.498639,52.604975,52.698067,2829200
2022-12-29,52.772540,53.210062,52.632907,53.182137,2483000
2022-12-30,53.089046,53.331081,52.251241,52.577053,4703800
2023-01-03,52.037132,52.400181,51.404122,51.599609,5379800
2023-01-04,53.191445,53.722056,52.902869,53.638275,5008800
2023-01-05,52.940098,53.163515,52.772536,53.070423,2256700
2023-01-06,54.680882,55.807267,54.289904,55.751411,4759600
2023-01-09,57.054664,57.603894,56.868484,56.924339,3833000
2023-01-10,56.738159,57.119827,56.561286,57.110516,2104800
2023-01-11,56.896415,57.268775,56.766090,57.259464,2534800
2023-01-12,57.389792,57.901784,56.803326,57.678368,3731500
2023-01-13,57.538731,58.218285,57.538731,58.106575,2342600
2023-01-17,57.976248,58.022796,57.780761,57.948322,3123700
2023-01-18,58.292753,58.385845,57.082588,57.082588,3102100
2023-01-19,57.734219,57.966944,57.473569,57.873852,2458600
2023-01-20,58.320686,58.888530,58.153124,58.869915,2403300
2023-01-23,59.084020,59.754267,58.981621,59.484306,3415500
2023-01-24,59.056095,59.502925,58.935081,59.307438,3068900
2023-01-25,59.028167,59.447071,58.814061,59.447071,3197600
2023-01-26,60.508290,60.592068,60.108005,60.592068,4094200
2023-01-27,60.554842,61.085453,60.508294,60.889965,3447100
2023-01-30,59.754267,59.968370,59.540158,59.549469,2636400
2023-01-31,58.683733,59.093326,58.534789,59.084019,2154600
2023-02-01,59.810123,60.889967,59.465692,60.610695,4154700
2023-02-02,60.796871,60.824796,60.210408,60.601383,3281800
2023-02-03,59.493616,59.912520,58.925768,59.018860,3588200
2023-02-06,57.520115,57.771457,57.166373,57.333935,3713300
2023-02-07,57.855240,58.581338,57.622516,58.413776,3731600
2023-02-08,59.037473,59.056092,58.451011,58.562717,2461200
2023-02-09,59.288816,59.372597,58.227595,58.385849,3230100
2023-02-10,58.320684,58.451009,58.013486,58.162430,2558700
2023-02-13,57.724911,58.283451,57.603897,58.283451,3013000
2023-02-14,58.097270,58.683736,57.799384,58.274139,4276200
2023-02-15,56.412345,56.635762,56.170314,56.589218,2817100
2023-02-16,56.877797,57.585281,56.831253,57.203613,2751900
2023-02-17,56.505435,56.747467,56.179619,56.682304,2000900
2023-02-21,56.496126,56.626454,55.863115,55.956207,2411500
2023-02-22,55.649010,55.807265,55.258035,55.406979,4846200
2023-02-23,56.579907,56.682306,55.891045,56.337875,5879100
2023-02-24,54.746044,54.867058,54.327140,54.559864,6601000
2023-02-27,54.727424,54.932219,54.587789,54.662262,5584300
2023-02-28,54.634331,54.857748,54.373681,54.457462,4519700
2023-03-01,55.723482,55.937587,55.267341,55.500065,7552600
2023-03-02,54.792585,55.295270,54.718112,55.258034,6722400
2023-03-03,55.770028,56.468201,55.621085,56.412346,4393200
2023-03-06,56.691614,56.849865,56.449579,56.533360,5455100
2023-03-07,56.142386,56.151694,54.932218,54.950836,6383400
2023-03-08,54.988074,55.239417,54.764661,55.099781,4029900
2023-03-09,54.569168,54.764659,53.675507,53.749981,4216100
2023-03-10,54.289901,54.708805,53.731364,53.777908,6017800
2023-03-13,54.382988,55.174253,54.382988,54.941528,9957100
2023-03-14,54.075795,54.382989,53.898926,54.215431,5901400
2023-03-15,52.986647,53.507951,52.856322,53.340389,5837900
2023-03-16,53.777909,54.997385,53.656891,54.969456,4799400
2023-03-17,54.587789,54.783277,54.271284,54.299213,4051000
2023-03-20,54.457465,54.773970,54.401610,54.746044,3445900
2023-03-21,54.876368,55.090474,54.615715,55.043930,2967800
2023-03-22,55.416284,56.561287,55.313885,55.379051,5584700
2023-03-23,56.524056,57.036049,55.937590,56.291332,4697900
2023-03-24,55.062550,55.639705,54.885677,55.565231,3021900
2023-03-27,55.332504,55.500065,55.146327,55.379051,2738600
2023-03-28,55.760723,55.956210,55.695560,55.881737,2321100
2023-03-29,56.012060,56.105152,55.630393,55.853809,2756400
2023-03-30,56.403039,56.551983,56.291333,56.486820,2634200
2023-03-31,56.849870,57.268774,56.682308,56.989506,3563500
2023-04-03,56.133077,56.691618,56.039989,56.654381,3320700
2023-04-04,56.365803,56.579909,56.198241,56.365803,2870400
2023-04-05,56.821944,56.924343,56.300640,56.430965,3170800
2023-04-06,55.611775,55.974825,55.388359,55.816570,2641800
2023-04-10,56.617140,57.063970,56.551978,57.026733,3375700
2023-04-11,57.845929,57.883166,57.650442,57.734222,3108800
2023-04-12,58.339304,58.423084,57.780767,57.864548,4454600
2023-04-13,59.223652,59.614630,59.186418,59.586704,3664500
2023-04-14,59.139875,59.363291,58.646500,58.972313,2562000
2023-04-17,58.497554,58.581335,58.246212,58.488247,2451300
2023-04-18,58.739586,58.795441,58.441700,58.618572,1932600
2023-04-19,57.911092,58.134509,57.827311,58.050728,1804000
2023-04-20,58.069346,58.311378,57.771459,57.864548,3163000
2023-04-21,57.417714,57.427021,56.970884,57.306007,3255500
2023-04-24,56.942955,57.036046,56.728849,56.933647,1984800
2023-04-25,55.760719,55.797952,55.304578,55.323196,2554400
2023-04-26,55.742100,55.909662,55.490758,55.630390,1807100
2023-04-27,55.667629,56.440275,55.667629,56.347183,1961500
2023-04-28,56.133074,56.477505,56.086530,56.477505,3187000
2023-05-01,56.282017,56.635759,56.021367,56.105148,2247100
2023-05-02,56.403039,56.524056,56.133078,56.226170,2906500
2023-05-03,56.263400,56.598523,55.900351,55.928280,3012400
2023-05-04,56.393729,56.496125,56.207549,56.375111,2580900
2023-05-05,56.700925,57.454952,56.645070,57.333935,2267900
2023-05-08,57.296700,57.361862,57.203611,57.296700,2675200
2023-05-09,56.821938,56.877789,56.700920,56.766083,3066100
2023-05-10,56.998808,57.026734,56.458890,56.840557,3639400
2023-05-11,55.825883,55.946897,55.490760,55.909664,5277800
2023-05-12,55.527993,55.574537,55.053234,55.174252,2862000
2023-05-15,55.611779,56.105153,55.593161,56.058609,3369900
2023-05-16,55.667629,55.797954,55.425597,55.472141,2381800
2023-05-17,56.282017,56.598522,56.105148,56.533360,2780600
2023-05-18,56.663689,57.008123,56.449583,56.970886,3852400
2023-05-19,57.715602,57.855238,57.529422,57.762146,3780500
2023-05-22,58.627880,58.832678,58.599954,58.748898,2102600
2023-05-23,58.441702,58.637193,58.004183,58.041416,3130800
2023-05-24,58.413776,58.432395,58.013490,58.041416,2826900
2023-05-25,58.032107,58.032107,57.622514,57.762146,3058400
2023-05-26,58.013488,58.795441,58.013488,58.739586,3131400
2023-05-30,59.400526,59.400526,58.953696,59.056091,3506200
2023-05-31,58.376541,58.506866,57.966948,58.441704,3613600
2023-06-01,58.581335,59.381907,58.544098,59.353977,3279200
2023-06-02,60.377966,60.787563,60.377966,60.657238,4695100
2023-06-05,60.405894,60.741017,60.405894,60.629307,2721100
2023-06-06,60.666542,61.355410,60.554839,61.159916,3245700
2023-06-07,60.759634,60.917892,60.219719,60.284882,3741200
2023-06-08,60.582766,61.150614,60.517604,61.122688,2246500
2023-06-09,61.895324,62.314232,61.886020,62.072197,3362800
2023-06-12,61.643991,62.072202,61.513666,62.034966,2172400
2023-06-13,62.770368,62.984477,62.528332,62.844841,4553000
2023-06-14,62.146674,62.565575,61.839476,62.258377,3448700
2023-06-15,61.653298,62.444559,61.653298,62.407322,3473900
2023-06-16,62.258374,62.286307,61.792925,61.886021,3030300
2023-06-20,60.936504,61.048214,60.573455,60.675854,3317900
2023-06-21,59.959069,60.350044,59.819433,60.154556,3539900
2023-06-22,59.959066,60.210405,59.912518,60.173168,2554900
2023-06-23,59.121254,59.130565,58.823367,58.935078,3514600
2023-06-26,59.540158,59.661172,59.456377,59.484306,2084500
2023-06-27,59.921829,60.173168,59.819430,60.108006,2705000
2023-06-28,58.702355,59.009549,58.665119,58.907150,2875500
2023-06-29,58.302068,58.497556,58.162432,58.385849,4289400
2023-06-30,58.990929,59.158491,58.832679,59.000240,3602700
2023-07-03,60.154554,60.508293,60.154554,60.312805,2258100
2023-07-05,59.772883,59.819431,59.558777,59.633247,4168400
2023-07-06,58.683737,58.730281,58.162434,58.469631,3508200
2023-07-07,58.395154,59.167800,58.376535,58.776821,3412300
2023-07-10,58.357918,58.879221,58.357918,58.851295,1902800
2023-07-11,59.754266,59.940443,59.549468,59.903206,2610000
2023-07-12,61.076143,61.569517,61.076143,61.532280,4337900
2023-07-13,61.979106,62.500406,61.979106,62.342155,4754000
2023-07-14,62.695894,62.779679,62.472481,62.537643,3802900
2023-07-17,62.509719,62.965857,62.407320,62.872768,2565400
2023-07-18,62.686584,62.891383,62.528334,62.686584,2874800
2023-07-19,62.537644,62.667969,62.304920,62.481792,2513500
2023-07-20,62.034959,62.034959,61.411260,61.439186,4177900
2023-07-21,61.792926,61.839474,61.383336,61.467113,2093800
2023-07-24,62.500410,62.919311,62.435247,62.649357,3794000
2023-07-25,62.965858,63.254434,62.928621,63.207893,2735600
2023-07-26,62.137362,63.124111,62.118747,62.863461,5602900
2023-07-27,62.593495,62.621421,61.662599,61.737072,3650900
2023-07-28,62.593497,62.928621,62.453861,62.826221,2634700
2023-07-31,62.807608,63.012406,62.742445,62.900696,1923100
2023-08-01,63.058950,63.207897,62.761063,62.891388,3499900
2023-08-02,61.299555,61.299555,60.824796,60.955128,3994500
2023-08-03,60.703783,61.131995,60.620006,60.927197,2600000
2023-08-04,60.582765,61.048213,60.303493,60.350040,3964900
2023-08-07,60.173169,60.219717,59.903208,60.182480,3096400
2023-08-08,59.130568,59.409837,58.814063,59.363293,4313700
2023-08-09,60.154556,60.154556,59.586708,59.838047,4725700
2023-08-10,59.931134,60.340731,59.344672,59.447071,4979800
2023-08-11,58.804753,59.046789,58.609266,58.758209,3646700
2023-08-14,58.013487,58.329992,57.845926,58.236904,3175000
2023-08-15,58.162433,58.171744,57.575967,57.724911,2872900
2023-08-16,56.989502,57.166371,56.514743,56.561287,3849200
2023-08-17,57.259459,57.259459,56.524053,56.617142,3672900
2023-08-18,56.123767,56.617141,56.077222,56.477505,3258700
2023-08-21,56.710234,56.896414,56.393732,56.859180,2238600
2023-08-22,56.933648,57.017429,56.524055,56.579906,2664700
2023-08-23,56.654382,57.352555,56.598527,57.296700,3027500
2023-08-24,58.050729,58.115891,57.231538,57.259464,2639400
2023-08-25,57.585278,58.004183,57.110519,57.724911,4471900
2023-08-28,58.153124,58.274138,58.032106,58.190357,2498100
2023-08-29,57.883165,59.000242,57.845929,58.972313,3821100
2023-08-30,58.451012,58.720973,58.348613,58.590645,2247300
2023-08-31,58.302068,58.432393,58.069344,58.134506,3582100
2023-09-01,59.102641,59.270199,58.581338,58.841988,3185500
2023-09-05,58.525480,58.665116,58.404466,58.423080,2900600
2023-09-06,58.106579,58.292759,57.650442,57.734222,3068000
2023-09-07,57.333932,57.594582,57.306006,57.473568,1918900
2023-09-08,57.631825,57.883168,57.473575,57.520119,2297500
2023-09-11,58.311379,58.497559,58.078655,58.441704,3339600
2023-09-12,57.473572,57.873854,57.473572,57.724911,3469400
2023-09-13,57.790074,58.004180,57.650438,57.743526,2222700
2023-09-14,58.525484,58.665120,58.227598,58.497559,3040300
2023-09-15,59.037478,59.335368,58.646503,58.758209,3542200
2023-09-18,58.711661,58.963004,58.674424,58.879223,3971300
2023-09-19,58.227594,58.339301,58.041414,58.255524,2983000
2023-09-20,58.525479,58.739584,57.827306,57.845924,3980300
2023-09-21,56.468199,56.645068,56.272712,56.319256,3516500
2023-09-22,56.924346,57.129141,56.496131,56.598530,3217400
2023-09-25,56.226171,56.514746,56.170315,56.430965,2366000
2023-09-26,55.174257,55.258038,54.569173,54.643646,3735200
2023-09-27,55.071855,55.109092,54.448156,54.662262,3465700
2023-09-28,54.587786,55.351121,54.289899,55.174252,3875900
2023-09-29,55.751410,55.751410,54.755351,54.867058,3608700
2023-10-02,54.587788,54.755350,54.131651,54.410919,4489700
2023-10-03,53.861691,54.280595,53.684818,53.861691,4903000
2023-10-04,53.917540,53.917540,53.433476,53.759289,5464600
2023-10-05,53.628965,54.066488,53.293842,53.973396,2738500
2023-10-06,53.666204,54.755352,53.489331,54.559864,4327800
2023-10-09,53.824454,54.504009,53.480024,54.429539,2729900
2023-10-10,54.010635,54.718115,54.001324,54.504009,4431300
2023-10-11,55.444214,55.472140,55.062546,55.444214,3205700
2023-10-12,55.714171,55.742101,54.801893,54.950836,3826700
2023-10-13,54.913603,55.099779,54.559861,54.699493,2900900
2023-10-16,54.652949,55.043928,54.504006,55.006691,2929500
2023-10-17,54.634336,55.248727,54.606410,54.960152,4798900
2023-10-18,55.006694,55.062549,54.345758,54.429539,4125700
2023-10-19,53.992014,54.336445,53.591729,53.722054,4123100
2023-10-20,53.237989,53.452095,52.940102,52.949413,3312100
2023-10-23,52.791157,53.526566,52.474652,53.163517,4255900
2023-10-24,53.787217,53.954779,53.554493,53.861691,3307600
2023-10-25,52.958719,53.070426,52.362946,52.493271,3185700
2023-10-26,51.478592,51.683390,51.050380,51.357574,4803600
2023-10-27,51.376197,51.459978,50.724572,50.864204,3459500
2023-10-30,52.009206,52.176767,51.636849,52.083679,3890100
2023-10-31,51.087620,51.236563,50.836277,51.152782,5454200
2023-11-01,51.469285,52.381564,51.404123,52.362946,5463800
2023-11-02,53.731365,54.057177,53.582422,54.038559,6900400
2023-11-03,55.369739,55.742099,55.267340,55.546608,4603800
2023-11-06,58.869913,59.009546,58.153122,58.348610,6672400
2023-11-07,56.970885,57.603895,56.700924,57.389790,4084900
2023-11-08,56.272714,56.505438,55.872428,56.291332,4219800
2023-11-09,56.356495,56.579908,55.602467,55.732792,3749100
2023-11-10,55.555921,56.198238,55.332504,56.133076,2457400
2023-11-13,55.323200,55.779337,55.155638,55.565231,2075500
2023-11-14,56.970884,57.752837,56.905721,57.613201,3827900
2023-11-15,58.004179,58.432390,57.883161,58.032104,3816300
2023-11-16,58.423085,58.702357,58.181054,58.441704,3018700
2023-11-17,58.004177,58.115884,57.817997,57.948322,3077700
2023-11-20,58.553410,59.270197,58.553410,59.121254,2486400
2023-11-21,58.953698,59.046786,58.451013,58.534794,2048400
2023-11-22,58.618573,58.823367,58.329993,58.562717,2336800
2023-11-24,57.799383,58.097270,57.790076,58.013489,1215100
2023-11-27,57.920399,58.302067,57.864544,58.236904,3574800
2023-11-28,58.841989,59.307437,58.767519,59.102642,3722500
2023-11-29,59.214346,59.419145,58.879223,59.000240,4689400
2023-11-30,58.879226,58.916463,58.432396,58.683739,4353800
2023-12-01,57.985563,59.018859,57.818001,58.944386,5116100
2023-12-04,58.022800,58.255524,57.557351,57.762146,3128900
2023-12-05,57.157067,57.417717,56.924342,57.287392,3223300
2023-12-06,57.529423,57.529423,56.905724,56.915031,2921100
2023-12-07,57.166374,57.622515,57.017430,57.529423,2767800
2023-12-08,57.827311,58.199671,57.473573,57.864548,2245500
2023-12-11,57.883163,58.460318,57.864545,58.376537,1918600
2023-12-12,58.404463,58.720968,58.060029,58.693039,2603800
2023-12-13,57.771455,59.596008,57.529420,59.400524,3452000
2023-12-14,59.726342,60.396582,59.679795,60.182480,4700900
2023-12-15,59.744958,60.014919,59.437761,59.521542,3331000
2023-12-18,59.810120,59.949756,59.577396,59.754269,2963100
2023-12-19,59.949755,60.471055,59.949755,60.424515,2279800
2023-12-20,61.113203,61.246933,60.196219,60.291737,4834500
2023-12-21,61.084548,61.256480,60.740679,61.246933,2925900
2023-12-22,61.074999,61.285146,60.893513,61.103657,1898400
2023-12-26,61.361551,61.514385,61.074994,61.390205,1926800
2023-12-27,61.829599,62.068397,61.772283,61.944218,2629900
2023-12-28,62.947181,63.329259,62.947181,63.023598,3135200
2023-12-29,62.393160,62.966274,62.393160,62.593750,2268500
2024-01-02,62.077948,62.163919,61.629006,61.839149,2965200
2024-01-03,60.387260,60.778889,60.205771,60.511433,4219500
2024-01-04,59.938319,60.224876,59.795038,59.909664,2893000
2024-01-05,59.900112,60.702473,59.852353,60.062496,2672400
2024-01-08,59.632656,60.406363,59.565793,60.377705,2027600
2024-01-09,59.193269,59.307891,58.849399,59.011780,5722400
2024-01-10,58.601048,58.830296,58.362250,58.667912,4208300
2024-01-11,58.897160,59.011782,58.113902,58.772984,3780200
2024-01-12,58.620150,59.011779,58.448215,58.610600,1421100
2024-01-16,56.690664,56.824394,56.241726,56.346798,3547500
2024-01-17,54.637001,54.914008,54.484170,54.885349,4157900
2024-01-18,55.458468,55.936064,55.401155,55.907406,5263200
2024-01-19,56.222620,56.652457,55.955167,56.604694,4058100
2024-01-22,55.878751,56.041132,55.745025,55.907406,2629200
2024-01-23,56.289484,56.318139,55.945614,56.279930,2620400
2024-01-24,56.700218,57.005879,56.470970,56.470970,4671700
2024-01-25,56.451862,56.451862,56.079337,56.260826,2970800
2024-01-26,56.853047,57.024982,56.662008,56.833942,2571900
2024-01-29,57.368853,57.569442,57.082292,57.464371,3818000
2024-01-30,57.235121,57.349747,56.996323,57.225571,3851700
2024-01-31,57.244674,57.550335,56.623798,56.805286,5137800
2024-02-01,58.133004,58.581946,57.970620,58.553288,4518900
2024-02-02,59.881006,59.919214,59.498931,59.804592,6471500
2024-02-05,59.250578,59.575344,59.002230,59.346100,3185200
2024-02-06,59.403406,59.556237,59.260130,59.393856,3883700
2024-02-07,60.549640,60.597399,60.253533,60.444569,2740300
2024-02-08,60.444569,60.549640,60.234429,60.444569,2802700
2024-02-09,60.540090,60.864855,60.158012,60.817093,2329700
2024-02-12,60.912618,62.135266,60.874409,61.562145,5135100
2024-02-13,60.387258,60.473226,59.604001,59.900108,5663400
2024-02-14,60.549641,61.036791,60.454123,61.008133,2641300
2024-02-15,60.740678,60.979476,60.501880,60.931717,3214600
2024-02-16,61.160963,61.600350,61.055891,61.313797,2395600
2024-02-20,61.495279,61.676768,61.237380,61.418869,2592400
2024-02-21,61.352006,61.437970,61.027237,61.418869,2171100
2024-02-22,61.991984,62.230782,61.886912,62.211674,2127400
2024-02-23,61.906010,62.297643,61.886910,62.240334,5291300
2024-02-26,61.342449,61.543039,61.246932,61.323341,2279100
2024-02-27,60.874405,60.912613,60.702470,60.769333,3637400
2024-02-28,61.352006,61.437970,61.227826,61.275589,2631000
2024-02-29,61.686323,61.686323,61.046342,61.237381,3145100
2024-03-01,61.352006,62.211673,61.218272,62.020638,3928800
2024-03-04,62.641517,62.784798,62.526891,62.660618,4045400
2024-03-05,61.934668,62.020639,61.208727,61.428417,3485700
2024-03-06,61.896465,62.345399,61.886911,62.163918,3002300
2024-03-07,62.383611,62.937624,62.354956,62.928070,2205600
2024-03-08,63.835507,63.988334,63.195530,63.300594,3129500
2024-03-11,63.300595,63.367458,63.042696,63.262394,2503700
2024-03-12,63.969225,64.255778,63.577593,64.208023,4120900
2024-03-13,64.064754,64.169826,63.902373,64.083855,4188000
2024-03-14,64.399063,64.551897,63.816395,64.045647,5296300
2024-03-15,62.803892,62.956727,62.536440,62.651058,4508900
2024-03-18,63.147766,63.205075,62.784795,62.813450,2891100
2024-03-19,61.972875,62.469579,61.839149,62.354954,3755300
2024-03-20,62.822994,63.835503,62.756131,63.835503,2795400
2024-03-21,65.019940,65.144112,64.504135,64.504135,4593000
2024-03-22,64.122057,64.236682,63.902366,64.045647,2202200
2024-03-25,64.093404,64.580554,64.093404,64.494583,1428400
2024-03-26,64.809800,64.809800,64.341758,64.379967,2107300
2024-03-27,64.236684,64.303547,64.007440,64.284447,2239100
2024-03-28,64.265340,64.265340,64.007441,64.102959,2846300
2024-04-01,63.950119,64.408614,63.377005,63.615803,3070800
2024-04-02,63.797296,63.797296,63.462980,63.682671,3025200
2024-04-03,62.803892,63.625358,62.746583,63.520287,3966800
2024-04-04,64.360853,64.523242,63.109554,63.147762,3739700
2024-04-05,62.899412,63.338800,62.622406,63.138210,2478600
2024-04-08,63.090457,63.424773,63.080903,63.271938,2764000
2024-04-09,62.698821,63.004482,62.288088,62.918518,4802900
2024-04-10,61.017687,61.094101,59.871456,60.511433,8212500
2024-04-11,62.068398,62.249880,61.533486,62.011082,8115900
2024-04-12,60.320397,60.320397,59.537139,59.804592,7149300
2024-04-15,60.501882,60.501882,59.326995,59.470272,3742100
2024-04-16,58.400459,58.820746,58.228524,58.543739,5448900
2024-04-17,58.467323,58.524635,57.884655,58.152111,5964500
2024-04-18,59.441617,59.604001,58.858949,59.030884,4497800
2024-04-19,58.935369,59.021337,58.419565,58.572395,4030300
2024-04-22,59.508478,60.062492,59.317439,59.871452,3082600
2024-04-23,59.718623,60.224874,59.565792,60.167564,2812100
2024-04-24,60.654710,60.740678,60.129355,60.329945,2061600
2024-04-25,59.212372,60.253531,59.212372,60.081596,3201700
2024-04-26,60.272637,60.568748,60.272637,60.501884,1785200
2024-04-29,60.960374,61.218272,60.778888,61.151409,2066800
2024-04-30,60.578297,60.864857,60.196222,60.224876,2932400
2024-05-01,60.310843,61.266036,59.995632,60.263084,3456800
2024-05-02,60.759785,61.743632,60.520987,61.571697,3681600
2024-05-03,62.154366,62.364509,61.800942,62.259438,2545200
2024-05-06,62.526891,62.889862,62.421819,62.803898,1847400
2024-05-07,62.870762,62.966280,62.603309,62.746590,2898300
2024-05-08,62.622404,62.956727,62.622404,62.880310,1926000
2024-05-09,62.030195,62.297647,61.848706,62.183022,2161100
2024-05-10,62.393164,62.498236,61.867806,61.972878,1779000
2024-05-13,62.001539,62.278538,61.972877,62.116158,2039700
2024-05-14,62.125707,62.660613,62.125707,62.631958,2240900
2024-05-15,63.510734,63.950121,63.138209,63.921467,4190700
2024-05-16,63.701779,63.835506,63.396118,63.396118,1761700
2024-05-17,62.240336,62.727479,62.183020,62.526890,3581300
2024-05-20,62.259433,62.498231,62.173462,62.316742,1611800
2024-05-21,62.020635,62.077944,61.820045,61.944218,2185200
2024-05-22,61.743631,61.944221,61.437970,61.648113,4664400
2024-05-23,62.135262,62.173463,60.855300,61.017685,3102300
2024-05-24,60.931718,61.361552,60.912614,61.227825,2075700
2024-05-28,62.192572,62.335852,61.629004,61.829601,1760800
2024-05-29,60.654712,60.654712,60.301292,60.320396,2524900
2024-05-30,59.804590,59.995629,59.575342,59.689968,3278500
2024-05-31,59.498928,59.613550,58.658358,59.393856,3092100
2024-06-03,60.291737,60.482776,59.938317,60.377705,2449500
2024-06-04,60.081597,60.329945,59.756831,60.167564,2970700
2024-06-05,60.845749,61.323342,60.568743,61.304241,2923100
2024-06-06,61.600350,61.848702,61.380660,61.791393,2582900
2024-06-07,61.323346,61.332900,60.788440,60.807545,2625300
2024-06-10,60.855300,61.361550,60.740678,61.304241,1217600
2024-06-11,60.826647,60.998582,60.540090,60.922165,2631700
2024-06-12,62.622407,62.918522,62.230782,62.440926,2870600
2024-06-13,62.288089,62.402715,61.533487,61.934666,1782900
2024-06-14,61.371107,61.676768,61.199172,61.629005,2411800
2024-06-17,61.648113,62.354954,61.543042,62.125710,2395100
2024-06-18,62.221224,62.803892,62.144807,62.689266,2139700
2024-06-20,62.794340,62.908966,62.183018,62.431370,2922500
2024-06-21,62.354953,62.440924,62.116154,62.202126,1908100
2024-06-24,62.106603,62.584199,62.030193,62.068401,1174100
2024-06-25,62.173467,62.202129,61.896467,62.116158,1877900
2024-06-26,62.230778,62.526885,62.211670,62.316742,1583100
2024-06-27,62.908969,63.109559,62.746588,62.842106,1673500
2024-06-28,63.424773,63.596708,62.918522,63.128658,1445200
2024-07-01,63.453422,63.529839,63.014034,63.157314,1605100
2024-07-02,62.593750,63.224181,62.565096,63.195526,1740900
2024-07-03,63.424773,63.988333,63.357910,63.854607,2113700
2024-07-05,65.612157,65.917819,65.125007,65.870056,3252700
2024-07-08,65.382915,65.535750,65.125017,65.153671,2415200
2024-07-09,65.182319,65.287391,65.000838,65.077248,1526900
2024-07-10,65.325599,65.736332,65.287391,65.717232,1995000
2024-07-11,66.395422,66.404969,65.545302,65.764992,2438600
2024-07-12,65.440225,65.879613,65.392463,65.573952,4171700
2024-07-15,65.077248,65.210974,64.485033,64.580551,1903400
2024-07-16,64.905315,65.249185,64.714280,65.172775,1716100
2024-07-17,64.265338,64.437273,63.950123,64.074303,2025100
2024-07-18,63.873709,63.940572,62.794337,63.014034,2938500
2024-07-19,62.985383,63.071347,62.249881,62.307198,2212700
2024-07-22,62.842106,62.947178,62.507790,62.842106,1560500
2024-07-23,62.746581,62.832545,62.545992,62.555538,1544500
2024-07-24,62.565096,62.584196,61.590803,61.619457,2919400
2024-07-25,61.428419,61.772289,60.979481,61.189621,3969400
2024-07-26,62.030194,62.297646,61.886913,62.135265,2576800
2024-07-29,62.374063,62.374063,61.934669,62.135265,1663500
2024-07-30,62.163918,62.221227,61.390207,61.629005,1779000
2024-07-31,63.548942,63.931021,63.214627,63.568050,4636100
2024-08-01,63.271937,63.501188,62.058846,62.393162,2516300
2024-08-02,61.084547,61.266032,60.501879,60.702469,6062700
2024-08-05,55.840542,57.875103,55.745024,57.416611,8859500
2024-08-06,56.337243,57.397507,56.022031,56.776630,6844200
2024-08-07,59.021334,59.059543,57.254226,57.273331,5604900
2024-08-08,57.999277,58.897157,57.636303,58.715672,3452900
2024-08-09,59.030885,59.565794,58.878055,59.432068,3725700
2024-08-12,59.412963,59.785487,59.269683,59.470272,2765500
2024-08-13,59.795039,60.759785,59.775938,60.740681,2489500
2024-08-14,60.731129,60.922164,60.454122,60.855301,3430500
2024-08-15,61.180070,61.877356,61.141861,61.457069,3353100
2024-08-16,61.858253,62.641511,61.858253,62.603302,3982200
2024-08-19,62.526889,63.405664,62.526889,63.310146,3028100
2024-08-20,63.300596,63.453430,63.014042,63.348358,2500700
2024-08-21,63.128658,63.730434,63.052248,63.415218,2241200
2024-08-22,63.224183,63.310146,62.144811,62.211674,2885600
2024-08-23,63.262387,64.227126,63.109552,64.198471,3794800
2024-08-26,63.558499,63.673125,63.071349,63.128658,1898200
2024-08-27,62.822998,63.415220,62.756135,63.214630,2328100
2024-08-28,62.956732,63.128660,62.316748,62.574654,2895000
2024-08-29,62.660611,63.109553,62.460022,62.479130,3156300
2024-08-30,62.622411,62.775245,62.030196,62.565102,2301300
2024-09-03,61.781836,61.839145,60.320393,60.406361,3237100
2024-09-04,59.842800,60.931719,59.842800,60.425465,3361600
2024-09-05,60.349050,60.492330,59.804591,60.024284,2865800
2024-09-06,59.451171,59.623102,57.664959,57.789135,4245800
2024-09-09,58.753881,59.126409,58.562846,58.887611,2233500
2024-09-10,58.667910,58.667910,57.961070,58.534184,3078600
2024-09-11,58.228524,58.954472,57.282886,58.897160,2827400
2024-09-12,59.241026,59.737727,58.916261,59.709068,2996400
2024-09-13,60.301292,60.664262,60.291738,60.463673,1999500
2024-09-16,60.874406,60.874406,60.272634,60.673817,4353900
2024-09-17,61.017687,61.017687,60.234430,60.387260,2158800
2024-09-18,60.587849,61.600351,60.100699,60.425465,4499800
2024-09-19,60.702471,61.218272,60.263084,61.046341,4225200
2024-09-20,60.291737,60.559194,59.919213,60.482777,1873300
2024-09-23,60.645161,60.989028,60.520985,60.836197,1946400
2024-09-24,61.867804,62.154364,61.504833,62.125710,5483700
2024-09-25,61.103653,61.180070,60.492330,60.520985,3429300
2024-09-26,63.854605,64.169820,63.214628,64.074303,6563300
2024-09-27,63.539389,63.759087,63.214628,63.367455,4236300
2024-09-30,61.657664,61.781837,60.807540,61.094097,5333900
2024-10-01,61.686319,61.686319,60.091146,60.635605,4364800
2024-10-02,60.587847,60.864854,60.158010,60.559193,2852200
2024-10-03,59.766384,60.243980,59.556241,59.890560,3988100
2024-10-04,59.947869,59.966974,59.537140,59.890560,2590600
2024-10-07,60.482777,60.645162,60.062494,60.196220,2579600
2024-10-08,60.540090,60.597400,60.291738,60.549641,2693500
2024-10-09,60.425464,60.950823,60.263083,60.712025,1805600
2024-10-10,60.377703,60.559192,59.995628,60.473225,1957000
2024-10-11,60.158012,60.597400,60.091149,60.549641,2807600
2024-10-14,60.559196,60.797994,60.263085,60.721577,1953700
2024-10-15,60.626056,60.626056,59.250577,59.317440,4177600
2024-10-16,60.024286,60.186667,59.919214,60.052940,1759600
2024-10-17,59.709070,59.814142,59.489376,59.594448,2348700
2024-10-18,59.422514,59.518036,59.241029,59.288788,2411700
2024-10-21,58.992677,59.126406,58.524634,58.830296,2807800
2024-10-22,58.152111,58.257183,57.989726,58.152111,3211600
2024-10-23,58.572393,58.677465,58.075693,58.476875,2021200
2024-10-24,58.591497,58.610601,58.075692,58.495979,2171900
2024-10-25,58.572390,58.648808,58.066140,58.400455,2948200
2024-10-28,58.925813,59.049989,58.792087,58.954472,2544600
2024-10-29,58.687016,59.135957,58.553289,58.916264,2323900
2024-10-30,58.257180,58.581946,58.047037,58.075691,2163900
2024-10-31,57.397506,57.521682,56.814838,57.225571,2422100
2024-11-01,57.588545,57.722271,57.254226,57.330643,2092300
2024-11-04,58.324042,58.543736,58.047035,58.171211,2459900
2024-11-05,58.324046,58.581948,58.066144,58.381355,3421800
2024-11-06,57.024982,57.034532,56.222620,56.709766,5553000
2024-11-07,57.626755,58.037484,57.521683,57.999279,3395700
2024-11-08,57.120500,57.139604,56.270380,56.547386,3419300
2024-11-11,56.107998,56.165307,55.611297,55.754574,3466000
2024-11-12,54.608342,54.732518,53.977915,54.302681,4149400
2024-11-13,53.872849,53.920608,53.299731,53.376148,4957400
2024-11-14,53.796434,53.901506,53.194662,53.223320,4175800
2024-11-15,53.968365,54.025678,53.500320,53.681808,6802100
2024-11-18,54.885350,55.229220,54.742073,55.200565,3773100
2024-11-19,54.713415,55.133702,54.675210,54.952213,2152400
2024-11-20,54.904457,54.933111,54.474619,54.818489,2468600
2024-11-21,55.515777,55.563536,55.105044,55.410706,2262900
2024-11-22,55.114597,55.573088,55.085938,55.525330,2645600
2024-11-25,56.442314,56.442314,55.888300,56.107998,2555700
2024-11-26,56.155759,56.213068,55.897856,55.974270,2757500
2024-11-27,55.783234,55.897856,55.372501,55.534882,1708100
2024-11-29,54.054332,54.923556,54.054332,54.856693,4213500
2024-12-02,54.178511,54.398205,53.997022,54.168957,5716600
2024-12-03,52.134398,53.538528,50.319531,53.309284,43627300
2024-12-04,53.404804,53.720019,53.013175,53.691360,6900900
2024-12-05,53.166002,53.251970,52.898550,53.032276,3655200
2024-12-06,52.755270,52.831687,52.354091,52.497368,5103600
2024-12-09,51.332034,51.695004,51.198304,51.265167,7313100
2024-12-10,52.163054,52.210813,51.503969,51.513523,3085900
2024-12-11,53.080035,53.099140,52.860342,53.013172,5578000
2024-12-12,53.271079,53.433460,52.984522,52.994072,2079600
2024-12-13,53.643601,53.643601,53.251972,53.481220,2642800
2024-12-16,53.070488,53.280628,52.965416,53.089592,3792400
2024-12-17,52.344326,52.481250,52.109596,52.393227,3410900
2024-12-18,53.126754,53.156093,50.857717,50.965302,4670500
2024-12-19,51.835751,51.884652,51.356513,51.434757,3218900
2024-12-20,50.847937,51.581461,50.769692,51.190247,3401900
2024-12-23,51.307610,51.649924,51.151125,51.610802,2484800
2024-12-24,51.424979,51.601021,51.219589,51.552120,1563000
2024-12-26,50.740354,50.926179,50.622987,50.828377,2212800
2024-12-27,50.290456,50.437163,50.055730,50.329578,2595000
2024-12-30,49.967708,50.300239,49.791662,50.065510,2556600
2024-12-31,50.055729,50.182874,49.625396,49.772099,1647600
2025-01-02,50.300239,50.407823,49.762322,49.997047,2567400
2025-01-03,51.395634,51.679264,51.307610,51.679264,3661100
2025-01-06,53.253899,53.566869,53.116975,53.204998,4912300
2025-01-07,53.459286,53.478847,52.403012,52.539936,3341500
2025-01-08,53.322358,53.322358,52.901804,53.126751,5101800
2025-01-10,52.647518,52.764881,52.256303,52.344326,4427400
2025-01-13,52.080258,52.344327,51.953112,52.314987,2671800
2025-01-14,52.901805,52.980046,52.520373,52.813782,3510300
2025-01-15,53.351700,53.684231,53.322360,53.586430,3538900
2025-01-16,53.605992,53.703794,53.312579,53.341923,2884200
2025-01-17,53.664672,53.967863,53.449507,53.625553,3437700
2025-01-21,54.124347,54.554680,53.958080,54.456879,4194800
2025-01-22,55.043698,55.092602,54.789411,54.877434,3612200
2025-01-23,54.319952,54.564461,54.124345,54.447094,2012400
2025-01-24,54.691604,54.936112,54.584024,54.672047,2037700
2025-01-27,53.498406,53.801594,52.980046,53.351700,6111400
2025-01-28,53.273461,53.341923,52.852906,53.107193,3133900
2025-01-29,53.400602,53.645110,53.028952,53.224556,2844300
2025-01-30,53.703793,54.300394,53.625552,54.055885,3698200
2025-01-31,53.517968,53.752693,52.784443,52.784443,5369000
2025-02-03,51.601018,52.393226,51.512995,52.207401,4539700
2025-02-04,52.804005,53.332140,52.794222,53.156094,2551600
2025-02-05,53.517967,53.899400,53.498406,53.752693,2384000
2025-02-06,53.889618,54.036325,53.830938,54.006985,2376600
2025-02-07,53.762476,53.889617,52.823561,52.950706,3677900
2025-02-10,53.703791,53.938520,53.654890,53.928738,2080800
2025-02-11,53.723355,54.046104,53.664672,53.860279,3242800
2025-02-12,53.351699,54.114567,53.302798,53.948299,4528600
2025-02-13,54.231932,55.190404,54.183031,55.112160,3844400
2025-02-14,55.454471,55.640296,55.288203,55.434910,2635700
2025-02-18,55.943489,56.364044,55.884806,56.178215,4156800
2025-02-19,56.872622,57.107348,56.794377,56.999763,2271600
2025-02-20,56.989983,57.254052,56.892177,57.175808,1825000
2025-02-21,57.146469,57.166030,56.207558,56.324921,3109800
2025-02-24,56.833498,56.833498,56.178214,56.207558,3628000
2025-02-25,56.442282,56.452065,55.963048,56.285797,2125100
2025-02-26,56.569428,57.058445,56.403161,56.540089,2171700
2025-02-27,55.865244,55.865244,54.711165,54.720947,4575900
2025-02-28,53.204997,53.498406,52.901806,53.469063,5138500
2025-03-03,54.231929,54.398193,52.892025,53.126751,4533900
2025-03-04,53.028952,53.948301,52.598615,53.371262,3621900
2025-03-05,54.134125,54.896993,54.065663,54.818748,3346600
2025-03-06,54.183029,54.486217,53.713570,53.733131,4849700
2025-03-07,54.192809,54.505780,53.752694,54.456879,3166600
2025-03-10,53.791816,53.830938,52.559496,52.901806,3808300
2025-03-11,53.400601,53.772255,53.009390,53.488625,3706100
2025-03-12,54.760069,54.828531,54.339515,54.720947,4983000
2025-03-13,54.036325,54.349295,53.918962,54.006985,4062100
2025-03-14,54.544901,54.936112,54.437317,54.906773,2073600
2025-03-17,55.855465,56.657451,55.855465,56.588989,3471400
2025-03-18,55.640296,55.845682,55.405570,55.718540,2871000
2025-03-19,55.875028,56.227121,55.483814,55.982613,2751900
2025-03-20,55.249085,55.620734,55.121939,55.483810,1720100
2025-03-21,55.914146,55.914146,55.483813,55.610958,3722600
2025-03-24,55.875025,56.099972,55.787002,56.051071,1579900
2025-03-25,55.747883,55.914147,55.708761,55.816345,2309700
2025-03-26,56.207559,56.207559,55.444691,55.562057,1794900
2025-03-27,55.170840,55.513150,55.141500,55.249084,2369900
2025-03-28,54.192809,54.271053,53.469063,53.586430,3205400
2025-03-31,52.334545,52.940928,52.060697,52.852905,4189400
2025-04-01,53.371259,53.762474,53.077850,53.645107,2932500
2025-04-02,53.126752,53.733131,53.087629,53.429943,2237800
2025-04-03,52.588833,52.735536,51.933549,51.972672,3935200
2025-04-04,51.297832,51.464095,49.928584,50.124191,6914100
2025-04-07,48.960335,51.248933,48.754945,49.664516,7441000
2025-04-08,50.094850,50.290454,47.424821,47.845371,9307900
2025-04-09,48.080101,52.500811,47.688887,52.109596,9295900
2025-04-10,51.131565,51.268489,49.821001,50.681671,5704000
2025-04-11,51.992234,53.165875,51.835749,53.116974,4797700
2025-04-14,53.019170,53.439724,52.804005,53.156094,3473700
2025-04-15,53.615769,53.615769,53.165875,53.185436,2366300
2025-04-16,52.862685,53.332140,52.461691,52.872467,2059700
2025-04-17,53.478845,53.527746,53.097413,53.116974,2558800
2025-04-21,53.694012,53.694012,52.852903,53.195213,2644500
2025-04-22,53.615770,53.928740,53.439724,53.605991,3041500
2025-04-23,54.662266,55.004580,54.261272,54.378635,3853600
2025-04-24,53.997201,54.740508,53.948300,54.720947,2849600
2025-04-25,54.261270,54.593801,54.036323,54.584023,3422900
2025-04-28,54.114570,54.544903,54.114570,54.427540,2014800
2025-04-29,54.760069,54.975233,54.662263,54.867649,1849900
2025-04-30,54.769848,55.082819,54.476439,54.955673,2478800
2025-05-01,55.024137,55.121943,54.359078,54.378635,2933800
2025-05-02,56.725914,56.823716,56.305360,56.442284,4272100
2025-05-05,57.195370,57.371417,56.931301,57.097569,3256100
2025-05-06,56.383605,57.322516,56.383605,57.214931,3430100
2025-05-07,56.765035,56.784596,56.256458,56.520527,3569000
2025-05-08,56.520529,56.706354,55.933707,55.943489,3337100
2025-05-09,56.334699,56.471626,56.187996,56.422722,2223900
2025-05-12,56.774816,56.813938,56.491186,56.765038,3013900
2025-05-13,56.217336,57.068224,56.187997,56.843277,3024300
2025-05-14,57.850652,57.889771,57.175807,57.322514,4423000
2025-05-15,57.557240,57.635484,57.195369,57.508339,1819100
2025-05-16,57.469218,57.557241,57.254054,57.498562,1250800
2025-05-19,56.960643,57.596363,56.960643,57.527901,1420600
2025-05-20,57.058447,57.195371,56.980203,57.117130,2088400
2025-05-21,58.290767,58.603737,57.752849,57.801750,4021100
2025-05-22,56.980201,57.234492,56.911739,57.009544,2981600
2025-05-23,57.361638,57.870211,57.244271,57.664825,3421700
2025-05-27,58.633079,58.662418,58.457032,58.662418,2938600
2025-05-28,59.288359,59.571990,59.268798,59.415504,4630600
2025-05-29,60.598925,60.598925,60.070786,60.442440,4841500
2025-05-30,59.454627,59.552428,58.946049,59.298141,4386800
2025-06-02,59.953422,60.383759,59.796937,60.383759,3278500
2025-06-03,60.481559,60.745629,60.325074,60.530460,3878400
2025-06-04,62.193118,62.672356,62.095317,62.574551,8720000
2025-06-05,63.894897,64.217649,63.689510,63.924236,8426200
2025-06-06,63.865558,64.139406,63.845993,64.129623,3355700
2025-06-09,64.716443,65.215242,64.706668,65.019638,5771800
2025-06-10,64.520836,64.765345,64.374130,64.706665,3962600
2025-06-11,65.557555,65.802063,65.313047,65.518433,6496500
2025-06-12,65.978105,66.232396,65.909643,66.203056,4375300
2025-06-13,64.657765,65.479309,64.657765,64.960953,5023500
2025-06-16,66.692070,67.190861,66.604043,66.692070,6176500
2025-06-17,66.085689,66.203056,65.146779,65.166336,6376500
2025-06-18,66.408444,66.692075,66.124814,66.379105,7474000
2025-06-20,68.090657,68.159119,66.809429,67.024597,7209500
2025-06-23,66.633387,67.963512,66.486688,67.895050,5724600
2025-06-24,70.301010,71.083440,70.222773,71.054100,7190600
2025-06-25,70.359696,70.809590,70.076066,70.780251,5222000
2025-06-26,70.144527,70.623761,70.027160,70.359695,4206100
2025-06-27,69.381661,69.645727,68.892645,69.186050,6292100
2025-06-30,70.027163,70.222774,69.841341,70.203209,4720400
2025-07-01,70.105406,70.379254,69.772871,70.066284,5401700
2025-07-02,69.528360,70.369469,69.518585,70.369469,3776900
2025-07-03,70.721565,71.200806,70.662885,71.102997,3214600
2025-07-07,69.381661,69.587047,68.315601,68.530769,7992500
2025-07-08,70.418376,70.516178,70.105405,70.496620,4639700
2025-07-09,70.477055,70.672666,70.242330,70.496620,4751200
2025-07-10,71.406191,71.562673,71.151901,71.533333,3463900
2025-07-11,71.112779,71.191023,70.956297,70.966072,2573800
2025-07-14,71.523548,71.621358,71.308388,71.592010,3410800
2025-07-15,72.237521,72.276643,71.406195,71.464874,3476000
2025-07-16,71.024761,71.503995,70.613981,71.474655,4071800
2025-07-17,70.887832,71.455086,70.829145,71.455086,2862800
2025-07-18,71.318169,71.386631,70.770473,70.799812,2764700
2025-07-21,71.904982,72.472243,71.875642,72.247299,4534700
2025-07-22,70.936734,71.357288,70.633546,71.288826,5417200
2025-07-23,71.826748,72.276642,71.650702,72.227737,4610100
2025-07-24,71.846307,72.071258,71.660478,71.699600,3892600
2025-07-25,71.513780,71.631139,71.367073,71.601799,2295600
2025-07-28,71.455088,71.523550,71.054098,71.112778,2591600
2025-07-29,71.738717,72.149489,71.689820,71.875641,3397200
2025-07-30,72.433120,72.726533,71.758282,72.061470,4322700
2025-07-31,71.513774,71.533332,70.946513,71.210579,4396600
2025-08-01,69.704406,69.704406,68.814400,69.098030,11792100
2025-08-04,70.790024,70.829146,70.516176,70.741127,3415600
2025-08-05,71.191024,71.396410,70.868271,71.288826,3881800
2025-08-06,71.083440,71.572456,71.073657,71.572456,2540800
2025-08-07,71.993008,72.120149,71.503991,71.826744,2208500
2025-08-08,71.503997,71.973449,71.484432,71.885429,3098300
2025-08-11,71.592015,71.680041,71.337731,71.425751,1917200
2025-08-12,71.689822,72.491809,71.650700,72.472244,2456400
2025-08-13,73.059064,73.313354,72.922140,73.078629,3856000
2025-08-14,71.993011,72.198397,71.846305,72.041916,1983700
2025-08-15,72.217952,72.384223,71.758282,71.777840,3400000
2025-08-18,71.122561,71.249703,71.054099,71.200806,2995200
2025-08-19,70.584642,70.604207,69.851117,69.870682,5414800
2025-08-20,69.831557,69.929359,69.371880,69.792435,2444800
2025-08-21,69.645728,69.714190,69.371879,69.655510,2338600
2025-08-22,70.966074,72.110379,70.858490,71.895210,6844500
2025-08-25,71.484432,71.572459,71.112782,71.132347,3106000
2025-08-26,70.829152,70.956301,70.721568,70.799812,3674100
2025-08-27,70.418375,70.907392,70.301008,70.878052,1870000
2025-08-28,71.640914,72.041911,71.611574,72.022346,3087900
2025-08-29,70.653099,70.741126,70.389033,70.653099,3359000
2025-09-02,69.929362,70.525962,69.821777,70.340134,2553200
2025-09-03,71.318163,71.562671,71.122559,71.308388,2250300
2025-09-04,71.181244,71.513779,70.985640,71.464874,1886100
2025-09-05,72.081028,72.286421,71.513774,72.012566,3308700
2025-09-08,72.227737,72.579830,72.227737,72.560272,2178800
2025-09-09,73.215551,73.479617,73.078627,73.274231,3469200
2025-09-10,74.682602,75.171618,74.653262,74.966232,4426900
2025-09-11,75.689974,76.746251,75.689974,76.149651,6894400
2025-09-12,76.756037,77.020103,76.668010,76.932083,2951100
2025-09-15,77.264611,77.538459,77.196149,77.450439,3823700
2025-09-16,78.604518,78.976168,78.369785,78.917488,5797800
2025-09-17,78.076378,78.907704,77.626484,78.076378,6110200
2025-09-18,78.614291,79.064185,78.350225,78.976166,3802100
2025-09-19,78.027469,78.311099,77.968789,78.291542,3940200
2025-09-22,79.132656,79.787936,78.976167,79.768372,5374700
2025-09-23,79.885733,80.130241,79.602102,79.660782,4023000
2025-09-24,78.800117,78.849022,78.154620,78.281761,3554100
2025-09-25,78.154620,78.369781,77.802528,78.135056,3374500
2025-09-26,76.707130,77.186364,76.550641,77.137466,5278900
2025-09-29,78.408902,78.692532,78.379562,78.477364,3738400
2025-09-30,77.939449,78.418683,77.939449,78.340439,3066200
2025-10-01,79.386941,80.149805,79.386941,80.091125,3909700
2025-10-02,81.910267,81.939607,81.059376,81.695099,6535100
2025-10-03,81.998282,82.409061,81.607075,82.008064,4225100
2025-10-06,82.878518,83.191489,82.722037,82.917641,3658100
2025-10-07,83.044787,83.044787,81.470153,81.519051,5040600
2025-10-08,81.372341,82.399279,81.235417,82.340599,2981900
2025-10-09,82.575331,82.624235,81.225648,81.597298,5477200
2025-10-10,82.399278,82.545985,78.858796,78.946823,9591900
2025-10-13,81.548386,82.086307,81.225641,81.783119,5622000
2025-10-14,80.081339,81.519048,79.797708,80.873550,4381200
2025-10-15,82.937205,83.318637,82.536208,83.299072,4072100
2025-10-16,85.978886,86.595045,85.450748,85.949539,8139400
2025-10-17,86.135366,86.692844,85.793056,86.575478,3725300
2025-10-20,87.895831,88.580451,87.886049,88.443527,5327000
2025-10-21,87.357911,87.436155,86.673291,86.692848,5103800
2025-10-22,88.022968,88.580446,86.859106,87.485046,6469200
2025-10-23,87.035153,88.316382,87.005813,88.091431,4919200
2025-10-24,89.675846,90.076836,89.421556,90.027939,6017600
2025-10-27,92.512137,92.590381,91.749272,92.238289,7519400
2025-10-28,91.338501,92.463240,91.260257,92.375214,6182300
2025-10-29,94.957222,95.377776,94.106338,94.771400,11103800
2025-10-30,93.196767,93.715123,92.932694,93.167427,7413200
2025-10-31,94.957221,95.006126,94.213921,94.869202,6141100
2025-11-03,98.370558,98.575945,97.431648,98.566162,7028000
2025-11-04,94.194354,95.211510,93.568414,93.656441,9065500
2025-11-05,92.238290,94.634475,92.208950,94.497551,7539500
2025-11-06,92.238294,92.580611,90.781026,91.455872,9740600
2025-11-07,89.216171,89.802989,87.827366,89.783432,15219400
2025-11-10,92.874010,93.695562,92.443673,93.568413,8460800
2025-11-11,93.216327,93.646664,92.688188,93.196770,5259800
2025-11-12,93.812927,93.920511,93.323911,93.812927,7121500
2025-11-13,93.979186,94.135675,91.612348,92.003563,11543000
2025-11-14,90.380030,92.922914,90.076835,92.062241,10710900
2025-11-17,91.641686,92.756643,90.741898,90.976624,6955000
2025-11-18,89.323758,90.194207,88.746714,89.578041,11789600
2025-11-19,88.228353,89.460677,87.807799,88.570663,8606300
2025-11-20,90.370249,90.516955,86.487457,86.585258,10483100
2025-11-21,86.106030,87.778465,84.991073,87.260109,12129500
2025-11-24,86.076687,88.453307,86.057122,88.316383,7612000
2025-11-25,86.937350,87.827364,85.959317,87.817581,5330400
2025-11-26,88.785836,89.646509,88.394621,89.538925,4266700
2025-11-28,88.541328,89.010787,88.511988,88.873863,2704900
2025-12-01,88.423970,88.991224,88.365283,88.629356,3567800
2025-12-02,90.409376,90.634319,89.705191,90.047501,5273200
2025-12-03,90.331129,90.976627,90.008376,90.957069,4936000
2025-12-04,90.194208,90.262670,89.578043,89.851898,5304100
2025-12-05,91.788396,92.727307,91.671037,92.228516,7104200
2025-12-08,93.812924,93.852047,92.795769,92.981598,4546400
2025-12-09,93.108737,93.499951,92.844671,93.470612,6039300
2025-12-10,93.059843,94.693157,92.903355,94.624695,6052700
2025-12-11,92.942478,93.040280,92.169831,92.874016,8052800
2025-12-12,92.531702,92.668626,90.477834,90.634315,10846800
2025-12-15,92.130703,92.189390,90.663654,90.693001,5976400
2025-12-16,89.349998,89.930000,88.980003,89.519997,7742000
2025-12-17,90.559998,90.709999,88.400002,88.580002,6435100
2025-12-18,90.599998,91.120003,90.070000,90.070000,6517100
2025-12-19,90.260002,91.419998,90.139999,91.339996,5738600
2025-12-22,91.779999,91.949997,91.459999,91.750000,3610100
2025-12-23,91.790001,92.730003,91.709999,92.699997,3815900
2025-12-24,94.080002,94.650002,94.000000,94.599998,3461500
2025-12-26,95.230003,96.010002,95.050003,95.839996,5307900
2025-12-29,97.949997,98.790001,97.699997,98.720001,7582200
2025-12-30,98.180000,98.910004,98.150002,98.620003,4291400
2025-12-31,98.389999,98.580002,97.220001,97.220001,4480900
2026-01-02,101.000000,102.339996,100.849998,102.220001,8772400
2026-01-05,104.980003,105.250000,104.019997,104.830002,9523400
2026-01-06,105.580002,107.650002,105.510002,107.610001,9754800
2026-01-07,107.370003,107.639999,106.820000,107.029999,8365000
2026-01-08,107.830002,107.940002,105.930000,106.589996,7974600
2026-01-09,107.860001,109.010002,107.589996,108.889999,6512400
2026-01-12,107.510002,108.980003,107.489998,108.930000,8059700
2026-01-13,108.900002,108.910004,107.379997,107.540001,7995300
2026-01-14,109.050003,109.660004,108.570000,109.639999,7408600
2026-01-15,111.610001,112.000000,110.949997,111.050003,9862200
2026-01-16,111.779999,112.260002,110.839996,112.220001,7804100
2026-01-20,110.470001,112.400002,110.360001,110.970001,8252000
2026-01-21,114.000000,116.260002,113.820000,115.660004,10876700
2026-01-22,115.760002,116.349998,114.739998,115.989998,6094100
2026-01-23,115.290001,118.410004,115.050003,117.970001,8550200
2026-01-26,117.269997,117.940002,117.199997,117.320000,5085800
2026-01-27,121.290001,122.820000,121.050003,122.699997,11017000
2026-01-28,125.400002,125.599998,123.489998,125.559998,14622700
2026-01-29,125.919998,125.919998,121.639999,124.500000,13187000
2026-01-30,125.220001,126.320000,122.129997,122.410004,15376500
2026-02-02,118.760002,121.419998,118.610001,120.930000,15395900
2026-02-03,126.110001,126.150002,122.570000,124.320000,12727800
2026-02-04,126.459999,126.639999,119.379997,120.260002,21545500
2026-02-05,118.900002,121.699997,118.120003,120.209999,16250400
2026-02-06,121.349998,124.870003,121.349998,124.709999,11990100
2026-02-09,123.980003,126.410004,123.500000,126.050003,10426600
2026-02-10,125.459999,125.559998,123.809998,124.449997,7838600
2026-02-11,127.680000,130.729996,126.330002,130.600006,12884200
2026-02-12,133.330002,134.300003,129.610001,130.800003,16591800
2026-02-13,131.690002,134.320007,128.330002,133.970001,16584300
2026-02-17,132.320007,132.990005,129.649994,130.679993,16472200
2026-02-18,131.380005,134.139999,130.610001,132.929993,12057700
2026-02-19,134.179993,135.360001,133.429993,135.210007,13191900
2026-02-20,137.699997,141.979996,137.440002,141.880005,19435400
2026-02-23,140.619995,141.380005,138.960007,139.300003,15725300
2026-02-24,143.649994,145.619995,142.779999,144.550003,20212900
2026-02-25,149.050003,149.740005,148.179993,148.889999,16893200
2026-02-26,153.309998,154.220001,146.580002,150.410004,42546300
2026-02-27,148.169998,151.550003,147.970001,151.369995,17173000
2026-03-02,144.119995,149.369995,143.630005,147.539993,33984800
2026-03-03,130.039993,135.270004,125.540001,132.339996,65699600
2026-03-04,129.300003,140.669998,128.630005,134.369995,65494500
2026-03-05,129.570007,132.369995,122.720001,125.739998,61265800
2026-03-06,122.820000,128.440002,121.550003,126.730003,43780300
2026-03-09,123.699997,134.070007,122.099998,133.889999,46248500
2026-03-10,132.300003,137.690002,130.039993,130.300003,35090800
2026-03-11,131.220001,133.990005,130.339996,132.850006,25279400
2026-03-12,128.699997,128.820007,123.180000,123.500000,32466900
2026-03-13,127.750000,129.389999,123.510002,124.150002,23355500
2026-03-16,130.869995,133.940002,130.800003,133.100006,24762800
2026-03-17,134.759995,135.990005,133.169998,134.429993,15549900
2026-03-18,133.990005,135.350006,131.779999,131.880005,19764500
2026-03-19,128.419998,135.539993,126.720001,134.820007,21186400
2026-03-20,132.570007,132.919998,125.489998,125.779999,32030700
2026-03-23,131.710007,134.699997,129.580002,133.809998,32748800
2026-03-24,127.309998,130.850006,127.250000,128.750000,24789200
2026-03-25,129.550003,130.589996,127.029999,127.739998,25453200
2026-03-26,124.589996,125.279999,119.279999,119.989998,26420500
2026-03-27,121.739998,123.150002,119.760002,120.980003,16113100
2026-03-30,121.260002,121.430000,115.070000,116.430000,24644400
2026-03-31,115.150002,123.349998,114.919998,123.010002,40381800
2026-04-01,125.680000,128.649994,124.570000,126.220001,27872200
2026-04-02,117.519997,124.910004,116.889999,122.870003,17840300
2026-04-06,125.849998,126.769997,124.309998,125.940002,10830100
2026-04-07,126.449997,127.680000,122.510002,127.190002,14720300
2026-04-08,140.279999,140.960007,136.039993,140.070007,31700400
2026-04-09,136.199997,140.199997,134.949997,139.289993,19370200
2026-04-10,138.330002,139.479996,137.500000,138.729996,11230800
2026-04-13,136.100006,141.839996,135.970001,141.229996,13632300
2026-04-14,142.369995,147.389999,142.119995,146.679993,17301300
2026-04-15,144.669998,145.300003,143.110001,144.919998,16187500
2026-04-16,146.729996,148.529999,145.399994,147.470001,10133000
2026-04-17,151.149994,154.990005,150.089996,152.330002,20083600
2026-04-20,150.259995,151.000000,148.770004,150.089996,11825200
2026-04-21,152.199997,152.649994,146.399994,146.789993,12940200
2026-04-22,151.960007,155.979996,151.449997,155.800003,17034400
2026-04-23,153.289993,154.860001,148.059998,150.589996,18088500
2026-04-24,153.360001,155.580002,152.410004,154.570007,14966800
2026-04-27,157.020004,158.100006,155.809998,156.729996,11361200
2026-04-28,153.929993,155.729996,152.410004,154.369995,11492800
2026-04-29,156.250000,156.630005,152.860001,153.960007,12415900
2026-04-30,157.850006,161.550003,155.389999,160.759995,16803300
2026-05-01,159.910004,164.179993,159.660004,162.000000,9840000
2026-05-04,165.229996,167.830002,162.240005,163.589996,14601600
2026-05-05,168.339996,175.289993,168.259995,173.470001,21110400
2026-05-06,180.520004,182.210007,176.860001,181.979996,21163400
2026-05-07,181.300003,181.889999,176.139999,176.750000,17754700
2026-05-08,183.729996,190.410004,183.429993,190.199997,21526200
2026-05-11,190.869995,194.580002,189.990005,192.850006,17208300
2026-05-12,181.990005,185.309998,173.600006,178.500000,39313500
2026-05-13,187.509995,189.330002,183.860001,188.630005,18868400
2026-05-14,189.000000,191.229996,188.080002,190.520004,10027400
2026-05-15,178.960007,181.350006,176.699997,178.860001,21737600
2026-05-18,182.449997,182.789993,173.149994,176.100006,17191400
2026-05-19,168.270004,178.320007,167.169998,174.020004,17827400
2026-05-20,173.990005,180.300003,173.589996,180.110001,16532500
2026-05-21,183.050003,187.289993,181.809998,186.419998,20545000
2026-05-22,185.820007,186.220001,181.479996,182.029999,11829300
2026-05-26,194.380005,201.500000,194.160004,200.649994,21215900
2026-05-27,201.809998,202.580002,194.690002,198.289993,16780900
2026-05-28,197.699997,208.250000,196.279999,206.410004,17578300
2026-05-29,206.110001,208.119995,204.479996,205.830002,10494400
2026-06-01,211.470001,217.759995,209.100006,216.699997,19082200
2026-06-02,211.169998,214.649994,209.669998,214.529999,16543800
2026-06-03,214.139999,214.339996,208.600006,212.960007,13981600
2026-06-04,199.880005,205.929993,196.570007,203.970001,17900400
2026-06-05,189.149994,190.779999,175.179993,175.190002,49401200
2026-06-08,186.880005,188.800003,183.309998,185.639999,30723400
2026-06-09,193.300003,193.570007,175.050003,184.050003,32951600
2026-06-10,183.029999,189.020004,178.199997,178.449997,19822900
2026-06-11,185.220001,199.309998,184.190002,198.940002,29533900
2026-06-12,195.149994,199.979996,192.699997,197.449997,17164800
2026-06-15,207.860001,211.669998,206.570007,211.449997,19500100
2026-06-16,210.220001,213.779999,204.490005,205.910004,19036100
2026-06-17,210.669998,213.279999,204.869995,205.080002,16255300
2026-06-18,215.000000,220.889999,214.350006,219.199997,18398500
2026-06-22,218.279999,220.690002,217.100006,219.020004,10772900
2026-06-23,193.600006,201.050003,191.330002,192.199997,43444500
2026-06-24,199.350006,200.000000,191.809998,197.259995,21161600
2026-06-25,209.360001,210.479996,199.149994,205.000000,20944900
2026-06-26,195.210007,202.000000,194.089996,197.279999,17108200
2026-06-29,195.960007,197.539993,188.759995,197.500000,13495700
2026-06-30,197.190002,202.899994,196.940002,201.899994,16575600
2026-07-01,189.699997,192.160004,184.809998,185.500000,28567200
2026-07-02,184.660004,188.679993,174.449997,180.139999,31638400
2026-07-06,189.990005,192.250000,188.639999,189.850006,16759200
2026-07-07,181.850006,183.919998,177.369995,181.289993,23664100
2026-07-08,174.750000,183.110001,174.419998,182.720001,23158900
2026-07-09,183.649994,185.429993,181.899994,184.750000,20468800
2026-07-10,181.460007,184.919998,179.240005,183.520004,20040000
2026-07-13,170.309998,172.199997,167.440002,168.020004,35909600
2026-07-14,173.669998,177.520004,171.610001,176.979996,29670300
2026-07-15,175.759995,176.149994,165.750000,171.639999,28751000
2026-07-16,166.679993,167.679993,161.850006,163.360001,23259000
2026-07-17,156.610001,169.000000,154.199997,162.539993,38339300
2026-07-20,165.199997,167.559998,162.570007,162.860001,19112200
2026-07-21,169.770004,174.190002,168.899994,172.899994,21114700
2026-07-22,167.899994,172.080002,167.899994,170.429993,12918200
2026-07-23,171.000000,175.080002,169.289993,173.860001,18576300
2026-07-24,168.399994,168.789993,162.809998,162.960007,21010800
2026-07-27,166.529999,166.910004,156.880005,161.199997,19210100
2026-07-28,152.089996,155.139999,148.539993,151.449997,31679500
2026-07-29,148.830002,154.059998,142.639999,144.210007,48118900
