Date,Open,High,Low,Close,Volume
1992-01-22,0.369968,0.466482,0.369968,0.434311,168022400
1992-01-23,0.450396,0.487929,0.434311,0.471843,38368000
1992-01-24,0.477206,0.498653,0.461120,0.477206,12044800
1992-01-27,0.498653,0.514738,0.477205,0.514738,10716800
1992-01-28,0.509377,0.520100,0.487929,0.504014,19913600
1992-01-29,0.487929,0.504014,0.466482,0.466482,13238400
1992-01-30,0.471843,0.477205,0.418225,0.418225,10848000
1992-01-31,0.428948,0.445034,0.418225,0.445034,2496000
1992-02-03,0.450396,0.450396,0.434311,0.439672,2320000
1992-02-04,0.445034,0.466482,0.445034,0.466482,2499200
1992-02-05,0.466482,0.466482,0.455758,0.455758,1148800
1992-02-06,0.466482,0.471843,0.455758,0.471843,5504000
1992-02-07,0.461120,0.471843,0.445034,0.445034,4560000
1992-02-10,0.445034,0.461120,0.418225,0.423587,14140800
1992-02-11,0.423587,0.423587,0.386054,0.386054,9868800
1992-02-12,0.391416,0.391416,0.375330,0.391416,3942400
1992-02-13,0.391416,0.391416,0.369968,0.380692,3241600
1992-02-14,0.386054,0.386054,0.364606,0.367287,13753600
1992-02-18,0.375330,0.375330,0.327074,0.337797,3046400
1992-02-19,0.327074,0.359245,0.327074,0.348521,4284800
1992-02-20,0.386054,0.412863,0.375330,0.391416,4784000
1992-02-21,0.391416,0.407501,0.380692,0.407501,1865600
1992-02-24,0.407501,0.439672,0.402140,0.412863,3129600
1992-02-25,0.423587,0.423587,0.375330,0.375330,3129600
1992-02-26,0.369968,0.386054,0.369968,0.375330,1657600
1992-02-27,0.386054,0.386054,0.369968,0.380692,204800
1992-02-28,0.375330,0.386054,0.369968,0.380692,227200
1992-03-02,0.386054,0.386054,0.343159,0.348521,5177600
1992-03-03,0.353882,0.369968,0.343159,0.369968,531200
1992-03-04,0.369968,0.386054,0.353882,0.375330,464000
1992-03-05,0.369968,0.386054,0.364606,0.364606,454400
1992-03-06,0.359245,0.375330,0.343159,0.353882,1744000
1992-03-09,0.353882,0.380692,0.343159,0.375330,1078400
1992-03-10,0.364606,0.418225,0.364606,0.402140,1542400
1992-03-11,0.412863,0.412863,0.380692,0.380692,1020800
1992-03-12,0.372649,0.372649,0.353882,0.369968,5561600
1992-03-13,0.359245,0.369968,0.359245,0.364606,1744000
1992-03-16,0.375330,0.375330,0.359245,0.359245,835200
1992-03-17,0.359245,0.375330,0.359245,0.359245,396800
1992-03-18,0.375330,0.375330,0.356563,0.361925,630400
1992-03-19,0.391416,0.412863,0.369968,0.412863,3443200
1992-03-20,0.412863,0.412863,0.361925,0.364606,2876800
1992-03-23,0.375330,0.375330,0.359245,0.369968,608000
1992-03-24,0.386054,0.396777,0.353883,0.364606,2704000
1992-03-25,0.369968,0.369968,0.348521,0.364606,960000
1992-03-26,0.364606,0.364606,0.348521,0.364606,150400
1992-03-27,0.348521,0.359245,0.310988,0.327074,3897600
1992-03-30,0.321711,0.348521,0.321711,0.348521,3225600
1992-03-31,0.348521,0.380692,0.337797,0.353882,9430400
1992-04-01,0.343159,0.353882,0.332435,0.335116,3820800
1992-04-02,0.332435,0.348521,0.321711,0.321711,3200000
1992-04-03,0.310988,0.327074,0.310988,0.327074,6723200
1992-04-06,0.327074,0.332435,0.316350,0.332435,3872000
1992-04-07,0.321711,0.332435,0.278816,0.278816,2460800
1992-04-08,0.278817,0.284179,0.241284,0.284179,4124800
1992-04-09,0.294902,0.300264,0.273455,0.294902,1187200
1992-04-10,0.300264,0.300264,0.278817,0.289540,3033600
1992-04-13,0.289540,0.289540,0.268093,0.268093,483200
1992-04-14,0.289540,0.289540,0.268093,0.268093,534400
1992-04-15,0.289540,0.289540,0.268093,0.268093,1961600
1992-04-16,0.289540,0.289540,0.235922,0.252008,2217600
1992-04-20,0.252008,0.252008,0.225198,0.235922,3571200
1992-04-21,0.225198,0.241284,0.222517,0.241284,19568000
1992-04-22,0.235922,0.257369,0.230560,0.235922,3036800
1992-04-23,0.257369,0.257369,0.235922,0.252008,2550400
1992-04-24,0.235922,0.252008,0.235922,0.252008,790400
1992-04-27,0.252008,0.257369,0.235922,0.241284,4931200
1992-04-28,0.262731,0.262731,0.241284,0.254688,2198400
1992-04-29,0.260050,0.262731,0.246645,0.246645,1875200
1992-04-30,0.246645,0.284179,0.246645,0.278816,1107200
1992-05-01,0.284179,0.289540,0.268093,0.268093,1324800
1992-05-04,0.289540,0.289540,0.268093,0.286859,64000
1992-05-05,0.289540,0.305626,0.278817,0.300264,2246400
1992-05-06,0.305626,0.327074,0.305626,0.310988,4201600
1992-05-07,0.321711,0.321711,0.294902,0.310988,643200
1992-05-08,0.310988,0.310988,0.273455,0.289540,2067200
1992-05-11,0.294902,0.294902,0.294902,0.294902,44800
1992-05-12,0.284179,0.284179,0.257369,0.273455,896000
1992-05-13,0.278816,0.278816,0.257369,0.257369,256000
1992-05-14,0.257369,0.260050,0.235922,0.235922,1110400
1992-05-15,0.225198,0.246645,0.225198,0.246645,931200
1992-05-18,0.246645,0.257369,0.238602,0.241284,3686400
1992-05-19,0.252008,0.252008,0.241284,0.241284,972800
1992-05-20,0.252008,0.260050,0.241284,0.257369,2460800
1992-05-21,0.262731,0.284179,0.257369,0.278816,1446400
1992-05-22,0.268093,0.284179,0.262731,0.278816,278400
1992-05-26,0.257369,0.262731,0.246645,0.262731,646400
1992-05-27,0.246645,0.262731,0.246645,0.257369,457600
1992-05-28,0.246645,0.262731,0.246645,0.257369,1276800
1992-05-29,0.262731,0.262731,0.246645,0.262731,560000
1992-06-01,0.246645,0.246645,0.246645,0.246645,3200
1992-06-02,0.246645,0.260050,0.246645,0.257369,2166400
1992-06-03,0.246645,0.262731,0.246645,0.262731,76800
1992-06-04,0.262731,0.262731,0.262731,0.262731,3200
1992-06-05,0.257369,0.257369,0.257369,0.257369,3200
1992-06-08,0.246645,0.257369,0.246645,0.257369,2156800
1992-06-09,0.262731,0.262731,0.246645,0.246645,76800
1992-06-10,0.257369,0.257369,0.246645,0.246645,118400
1992-06-11,0.246645,0.252008,0.235922,0.252008,316800
1992-06-12,0.252008,0.252008,0.214474,0.214474,6361600
1992-06-15,0.214474,0.235922,0.214474,0.230560,2012800
1992-06-16,0.230560,0.235922,0.219836,0.222517,604800
1992-06-17,0.230560,0.230560,0.219837,0.219837,1196800
1992-06-18,0.230560,0.230560,0.219836,0.230560,1094400
1992-06-19,0.230560,0.230560,0.219836,0.230560,256000
1992-06-22,0.219836,0.219836,0.203751,0.214474,2060800
1992-06-23,0.219837,0.219837,0.203751,0.219837,115200
1992-06-24,0.203751,0.219836,0.203751,0.214474,672000
1992-06-25,0.214474,0.230560,0.214474,0.230560,1609600
1992-06-26,0.230560,0.235922,0.219837,0.235922,396800
1992-06-29,0.235922,0.235922,0.219837,0.219837,412800
1992-06-30,0.235922,0.268093,0.219836,0.262731,1926400
1992-07-01,0.262731,0.300264,0.246645,0.257369,2486400
1992-07-02,0.268093,0.268093,0.246645,0.257369,774400
1992-07-06,0.252008,0.252008,0.249326,0.252008,3392000
1992-07-07,0.254688,0.278817,0.252008,0.268093,2416000
1992-07-08,0.262731,0.262731,0.262731,0.262731,182400
1992-07-09,0.278816,0.278816,0.268093,0.278816,156800
1992-07-10,0.273455,0.278816,0.273455,0.278816,1980800
1992-07-13,0.278817,0.278817,0.268093,0.268093,112000
1992-07-14,0.278817,0.278817,0.268093,0.268093,51200
1992-07-15,0.278817,0.278817,0.268093,0.273455,64000
1992-07-16,0.278817,0.278817,0.268093,0.268093,102400
1992-07-17,0.268093,0.278816,0.268093,0.278816,83200
1992-07-20,0.268093,0.278816,0.268093,0.278816,556800
1992-07-21,0.278816,0.278816,0.268093,0.278816,57600
1992-07-22,0.268093,0.273455,0.268093,0.273455,166400
1992-07-23,0.262731,0.262731,0.262731,0.262731,12800
1992-07-24,0.262731,0.278817,0.262731,0.268093,188800
1992-07-27,0.278816,0.278816,0.257369,0.257369,22400
1992-07-28,0.257369,0.260050,0.257369,0.257369,643200
1992-07-29,0.278816,0.278816,0.257369,0.257369,38400
1992-07-30,0.257369,0.278816,0.257369,0.257369,3142400
1992-07-31,0.257369,0.268093,0.257369,0.257369,134400
1992-08-03,0.278817,0.278817,0.257369,0.265412,620800
1992-08-04,0.265412,0.273455,0.257369,0.257369,2240000
1992-08-05,0.262731,0.268093,0.235922,0.246645,2313600
1992-08-06,0.241284,0.243965,0.230560,0.238602,4748800
1992-08-07,0.241284,0.241284,0.235922,0.238602,1497600
1992-08-10,0.241284,0.241284,0.219837,0.219837,2764800
1992-08-11,0.230560,0.230560,0.219837,0.219837,9344000
1992-08-12,0.235922,0.235922,0.219837,0.219837,2896000
1992-08-13,0.230560,0.230560,0.219836,0.230560,860800
1992-08-14,0.230560,0.230560,0.219836,0.230560,163200
1992-08-17,0.230560,0.230560,0.219836,0.230560,300800
1992-08-18,0.219836,0.230560,0.219836,0.230560,2224000
1992-08-19,0.219837,0.230560,0.219837,0.219837,348800
1992-08-20,0.230560,0.230560,0.219836,0.222517,3353600
1992-08-21,0.230560,0.230560,0.219836,0.225198,2649600
1992-08-24,0.230560,0.230560,0.219836,0.230560,16000
1992-08-25,0.230560,0.230560,0.219837,0.219837,1254400
1992-08-26,0.230560,0.230560,0.209113,0.214474,1417600
1992-08-27,0.209113,0.225198,0.209113,0.214474,1619200
1992-08-28,0.225198,0.225198,0.209113,0.214474,4230400
1992-08-31,0.209113,0.219836,0.209113,0.214474,3750400
1992-09-01,0.219836,0.219836,0.214474,0.217155,3494400
1992-09-02,0.219836,0.225198,0.217155,0.225198,4768000
1992-09-03,0.225198,0.225198,0.214474,0.225198,51200
1992-09-04,0.219837,0.225198,0.214474,0.219837,1491200
1992-09-08,0.225198,0.225198,0.214474,0.222517,608000
1992-09-09,0.225198,0.225198,0.214474,0.222517,1852800
1992-09-10,0.225198,0.225198,0.214474,0.222517,3068800
1992-09-11,0.219836,0.225198,0.214474,0.225198,294400
1992-09-14,0.225198,0.225198,0.214474,0.225198,160000
1992-09-15,0.214474,0.225198,0.214474,0.225198,105600
1992-09-16,0.214474,0.227879,0.214474,0.227879,5753600
1992-09-17,0.235922,0.235922,0.219837,0.235922,121600
1992-09-18,0.219836,0.225198,0.219836,0.225198,48000
1992-09-21,0.235922,0.235922,0.225198,0.225198,940800
1992-09-22,0.235922,0.235922,0.225198,0.225198,1686400
1992-09-23,0.235922,0.235922,0.230560,0.230560,457600
1992-09-24,0.225198,0.241284,0.225198,0.235922,227200
1992-09-25,0.241284,0.241284,0.230560,0.241284,1334400
1992-09-28,0.241284,0.241284,0.230560,0.241284,332800
1992-09-29,0.241284,0.241284,0.230560,0.230560,19200
1992-09-30,0.241284,0.241284,0.230560,0.241284,841600
1992-10-01,0.230560,0.241284,0.230560,0.235922,937600
1992-10-02,0.241284,0.241284,0.230560,0.235922,825600
1992-10-05,0.225198,0.241284,0.225198,0.235922,153600
1992-10-06,0.241284,0.241284,0.225198,0.225198,28800
1992-10-07,0.241284,0.241284,0.225198,0.241284,9472000
1992-10-08,0.225198,0.241284,0.225198,0.241284,6633600
1992-10-09,0.230560,0.246645,0.230560,0.241284,1011200
1992-10-12,0.241284,0.246645,0.241284,0.241284,160000
1992-10-13,0.241284,0.252008,0.241284,0.246645,6048000
1992-10-14,0.241284,0.241284,0.241284,0.241284,19200
1992-10-15,0.257369,0.257369,0.241284,0.241284,115200
1992-10-16,0.241284,0.257369,0.241284,0.241284,406400
1992-10-19,0.257369,0.257369,0.241284,0.257369,4793600
1992-10-20,0.246645,0.257369,0.246645,0.252008,1056000
1992-10-21,0.262731,0.262731,0.252008,0.260050,1830400
1992-10-22,0.257369,0.268093,0.257369,0.268093,688000
1992-10-23,0.262731,0.268093,0.257369,0.268093,1190400
1992-10-26,0.265412,0.292221,0.265412,0.286859,627200
1992-10-27,0.294902,0.310988,0.289540,0.297583,1724800
1992-10-28,0.300264,0.300264,0.289540,0.300264,486400
1992-10-29,0.300264,0.305626,0.294902,0.300264,579200
1992-10-30,0.305626,0.305626,0.294902,0.294902,486400
1992-11-02,0.310988,0.310988,0.294902,0.294902,105600
1992-11-03,0.294902,0.305626,0.294902,0.305626,22400
1992-11-04,0.305626,0.305626,0.294902,0.294902,150400
1992-11-05,0.294902,0.305626,0.281497,0.284179,822400
1992-11-06,0.294902,0.294902,0.273455,0.278816,944000
1992-11-09,0.294902,0.294902,0.278816,0.294902,1222400
1992-11-10,0.278817,0.300264,0.278817,0.300264,2892800
1992-11-11,0.300264,0.316350,0.294902,0.305626,3548800
1992-11-12,0.310988,0.321711,0.305626,0.316350,1113600
1992-11-13,0.316350,0.316350,0.305626,0.310988,1619200
1992-11-16,0.316350,0.316350,0.310988,0.310988,2252800
1992-11-17,0.316350,0.321711,0.294902,0.310988,1212800
1992-11-18,0.302945,0.310988,0.289540,0.294902,54400
1992-11-19,0.297583,0.310988,0.294902,0.294902,1558400
1992-11-20,0.310988,0.310988,0.289540,0.289540,1072000
1992-11-23,0.305626,0.305626,0.289540,0.289540,1238400
1992-11-24,0.300264,0.300264,0.278816,0.278816,1033600
1992-11-25,0.294902,0.305626,0.284179,0.300264,931200
1992-11-27,0.305626,0.305626,0.289540,0.300264,220800
1992-11-30,0.300264,0.337797,0.300264,0.337797,4704000
1992-12-01,0.337797,0.337797,0.327074,0.337797,598400
1992-12-02,0.337797,0.337797,0.319031,0.321711,380800
1992-12-03,0.327074,0.343159,0.316350,0.332435,2499200
1992-12-04,0.348521,0.348521,0.332435,0.332435,2179200
1992-12-07,0.343159,0.343159,0.327074,0.337797,336000
1992-12-08,0.337797,0.353882,0.316350,0.348521,3392000
1992-12-09,0.353882,0.353882,0.332435,0.337797,1113600
1992-12-10,0.332435,0.343159,0.316350,0.316350,2444800
1992-12-11,0.316350,0.332435,0.294902,0.300264,4787200
1992-12-14,0.305626,0.305626,0.278816,0.294902,4601600
1992-12-15,0.300264,0.300264,0.294902,0.300264,208000
1992-12-16,0.300264,0.300264,0.292221,0.300264,1424000
1992-12-17,0.337797,0.359245,0.316350,0.353882,12448000
1992-12-18,0.348521,0.359245,0.327074,0.332435,3401600
1992-12-21,0.332435,0.337797,0.310988,0.321711,1296000
1992-12-22,0.327074,0.327074,0.305626,0.319031,2864000
1992-12-23,0.319031,0.348521,0.310988,0.337797,61984000
1992-12-24,0.343159,0.343159,0.337797,0.337797,2070400
1992-12-28,0.340478,0.353882,0.337797,0.353882,6832000
1992-12-29,0.348521,0.375330,0.348521,0.359245,8032000
1992-12-30,0.359245,0.396777,0.359245,0.386054,11667200
1992-12-31,0.394097,0.423587,0.394097,0.412863,15856000
1993-01-04,0.418225,0.418225,0.375330,0.391416,5718400
1993-01-05,0.391416,0.402140,0.391416,0.391416,1436800
1993-01-06,0.386054,0.418225,0.386054,0.407501,7225600
1993-01-07,0.418225,0.418225,0.386054,0.386054,4953600
1993-01-08,0.391416,0.396777,0.380692,0.396777,5004800
1993-01-11,0.396777,0.402140,0.391416,0.396777,4656000
1993-01-12,0.402140,0.412863,0.391416,0.391416,4694400
1993-01-13,0.391416,0.402140,0.391416,0.396777,2428800
1993-01-14,0.396777,0.412863,0.396777,0.410182,4956800
1993-01-15,0.407501,0.418225,0.396777,0.402140,6451200
1993-01-18,0.396777,0.407501,0.396777,0.407501,579200
1993-01-19,0.396777,0.407501,0.391416,0.396777,822400
1993-01-20,0.391416,0.396777,0.380692,0.396777,3184000
1993-01-21,0.391416,0.402139,0.391416,0.399458,2243200
1993-01-22,0.396777,0.396777,0.391416,0.396777,1024000
1993-01-25,0.391416,0.391416,0.380692,0.386054,3939200
1993-01-26,0.380692,0.402140,0.380692,0.391416,3721600
1993-01-27,0.391416,0.396777,0.369968,0.380692,6969600
1993-01-28,0.369968,0.380692,0.359245,0.359245,1401600
1993-01-29,0.359245,0.375330,0.359245,0.369968,8624000
1993-02-01,0.364606,0.375330,0.359245,0.369968,1184000
1993-02-02,0.359245,0.369968,0.353882,0.353882,2601600
1993-02-03,0.364606,0.364606,0.332435,0.337797,3452800
1993-02-04,0.332435,0.343159,0.300264,0.300264,3510400
1993-02-05,0.310988,0.321711,0.305626,0.321711,12182400
1993-02-08,0.327074,0.332435,0.310988,0.327074,3072000
1993-02-09,0.337797,0.343159,0.327074,0.343159,1347200
1993-02-10,0.327074,0.332435,0.313668,0.316350,6505600
1993-02-11,0.321711,0.327074,0.310988,0.321711,5260800
1993-02-12,0.327074,0.327074,0.316350,0.316350,979200
1993-02-16,0.316350,0.321711,0.268093,0.276136,6598400
1993-02-17,0.278817,0.278817,0.252008,0.262731,9299200
1993-02-18,0.252008,0.262731,0.252008,0.257369,10620800
1993-02-19,0.262731,0.262731,0.252008,0.252008,7283200
1993-02-22,0.262731,0.262731,0.241284,0.241284,1507200
1993-02-23,0.252008,0.252008,0.230560,0.230560,3536000
1993-02-24,0.241284,0.262731,0.235922,0.262731,17545600
1993-02-25,0.262731,0.284179,0.246645,0.278816,12076800
1993-02-26,0.289540,0.300264,0.278817,0.300264,4185600
1993-03-01,0.300264,0.300264,0.284179,0.292221,1939200
1993-03-02,0.300264,0.300264,0.284179,0.292221,1897600
1993-03-03,0.305626,0.305626,0.289540,0.300264,6147200
1993-03-04,0.289540,0.300264,0.289540,0.294902,5302400
1993-03-05,0.300264,0.300264,0.289540,0.300264,2617600
1993-03-08,0.300264,0.300264,0.289540,0.289540,2480000
1993-03-09,0.289540,0.300264,0.278816,0.286859,5027200
1993-03-10,0.294902,0.294902,0.278816,0.278816,1939200
1993-03-11,0.294902,0.294902,0.278816,0.278816,553600
1993-03-12,0.278817,0.289540,0.278817,0.281497,1260800
1993-03-15,0.289540,0.289540,0.289540,0.289540,304000
1993-03-16,0.294902,0.316350,0.284179,0.310988,1129600
1993-03-17,0.316350,0.316350,0.294902,0.294902,918400
1993-03-18,0.289540,0.305626,0.284179,0.289540,409600
1993-03-19,0.284179,0.294902,0.284179,0.284179,960000
1993-03-22,0.284179,0.284179,0.278817,0.284179,403200
1993-03-23,0.278817,0.284179,0.273455,0.284179,1750400
1993-03-24,0.273455,0.278817,0.246645,0.262731,3558400
1993-03-25,0.268093,0.268093,0.246645,0.246645,905600
1993-03-26,0.257369,0.257369,0.246645,0.246645,1632000
1993-03-29,0.246645,0.257369,0.246645,0.246645,1171200
1993-03-30,0.246645,0.257369,0.241284,0.241284,1360000
1993-03-31,0.241284,0.278817,0.241284,0.262731,14428800
1993-04-01,0.262731,0.273455,0.257369,0.268093,966400
1993-04-02,0.262731,0.273455,0.257369,0.260050,1753600
1993-04-05,0.257369,0.262731,0.257369,0.257369,288000
1993-04-06,0.257369,0.262731,0.252008,0.257369,1219200
1993-04-07,0.262731,0.273455,0.257369,0.257369,1299200
1993-04-08,0.260050,0.268093,0.257369,0.257369,2566400
1993-04-12,0.268093,0.273455,0.257369,0.268093,1692800
1993-04-13,0.262731,0.284179,0.262731,0.273455,643200
1993-04-14,0.273455,0.289540,0.268093,0.273455,2864000
1993-04-15,0.268093,0.278816,0.262731,0.278816,2262400
1993-04-16,0.268093,0.278817,0.268093,0.273455,1910400
1993-04-19,0.273455,0.278816,0.268093,0.278816,5366400
1993-04-20,0.268093,0.289540,0.268093,0.278816,1699200
1993-04-21,0.284179,0.310988,0.278816,0.305626,1548800
1993-04-22,0.316350,0.316350,0.294902,0.305626,320000
1993-04-23,0.294902,0.305626,0.294902,0.305626,5056000
1993-04-26,0.294902,0.305626,0.284179,0.284179,2016000
1993-04-27,0.294902,0.305626,0.284179,0.305626,3344000
1993-04-28,0.310988,0.321711,0.294902,0.321711,1532800
1993-04-29,0.310988,0.327074,0.310988,0.316350,1878400
1993-04-30,0.327074,0.327074,0.310988,0.316350,3865600
1993-05-03,0.327074,0.359245,0.316350,0.353882,4329600
1993-05-04,0.348521,0.359245,0.337797,0.343159,1331200
1993-05-05,0.337797,0.345840,0.332435,0.345840,1590400
1993-05-06,0.348521,0.348521,0.337797,0.343159,585600
1993-05-07,0.348521,0.348521,0.337797,0.343159,454400
1993-05-10,0.348521,0.348521,0.327074,0.327074,448000
1993-05-11,0.343159,0.343159,0.327074,0.332435,672000
1993-05-12,0.343159,0.343159,0.332435,0.340478,876800
1993-05-13,0.340478,0.343159,0.327074,0.327074,1052800
1993-05-14,0.327074,0.337797,0.327074,0.337797,1392000
1993-05-17,0.337797,0.337797,0.327074,0.332435,1059200
1993-05-18,0.327074,0.351202,0.327074,0.348521,3465600
1993-05-19,0.343159,0.369968,0.343159,0.361925,5737600
1993-05-20,0.359245,0.369968,0.359245,0.369968,1808000
1993-05-21,0.359245,0.375330,0.359245,0.369968,1715200
1993-05-24,0.369968,0.380692,0.353882,0.353882,838400
1993-05-25,0.348521,0.364606,0.343159,0.343159,726400
1993-05-26,0.345840,0.353882,0.343159,0.343159,924800
1993-05-27,0.348521,0.348521,0.337797,0.345840,2467200
1993-05-28,0.337797,0.348521,0.335116,0.348521,182400
1993-06-01,0.345840,0.356563,0.343159,0.353882,3091200
1993-06-02,0.348521,0.364606,0.343159,0.348521,1715200
1993-06-03,0.348521,0.369968,0.348521,0.369968,752000
1993-06-04,0.359245,0.396777,0.359245,0.391416,11494400
1993-06-07,0.391416,0.391416,0.369968,0.369968,4736000
1993-06-08,0.380692,0.380692,0.369968,0.372649,4035200
1993-06-09,0.369968,0.380692,0.348521,0.364606,17740800
1993-06-10,0.369968,0.375330,0.359245,0.364606,6483200
1993-06-11,0.375330,0.375330,0.359245,0.375330,1126400
1993-06-14,0.359245,0.375330,0.359245,0.364606,1443200
1993-06-15,0.364606,0.375330,0.359245,0.359245,2451200
1993-06-16,0.359245,0.364606,0.353882,0.353882,1388800
1993-06-17,0.364606,0.380692,0.353882,0.375330,4137600
1993-06-18,0.380692,0.380692,0.369968,0.369968,1737600
1993-06-21,0.375330,0.380692,0.369968,0.369968,1072000
1993-06-22,0.372649,0.380692,0.369968,0.369968,1356800
1993-06-23,0.369968,0.372649,0.359245,0.364606,1324800
1993-06-24,0.364606,0.369968,0.356563,0.356563,153600
1993-06-25,0.364606,0.369968,0.343159,0.343159,1308800
1993-06-28,0.343159,0.359245,0.343159,0.353882,723200
1993-06-29,0.359245,0.364606,0.353882,0.353882,3164800
1993-06-30,0.353883,0.359245,0.348521,0.351202,2995200
1993-07-01,0.359245,0.359245,0.348521,0.359245,2291200
1993-07-02,0.359245,0.364606,0.348521,0.351202,2416000
1993-07-06,0.364606,0.364606,0.348521,0.348521,784000
1993-07-07,0.348521,0.353882,0.343159,0.348521,1456000
1993-07-08,0.343159,0.353882,0.343159,0.353882,4710400
1993-07-09,0.343159,0.353882,0.343159,0.343159,1235200
1993-07-12,0.353883,0.353883,0.343159,0.345840,182400
1993-07-13,0.343159,0.353882,0.343159,0.343159,156800
1993-07-14,0.343159,0.353882,0.343159,0.353882,195200
1993-07-15,0.343159,0.348521,0.337797,0.337797,323200
1993-07-16,0.337797,0.343159,0.321711,0.324392,1337600
1993-07-19,0.310988,0.321711,0.284179,0.289540,2707200
1993-07-20,0.300264,0.319031,0.294902,0.319031,3072000
1993-07-21,0.310988,0.316350,0.294902,0.294902,3465600
1993-07-22,0.305626,0.305626,0.284179,0.284179,460800
1993-07-23,0.284179,0.294902,0.284179,0.294902,1635200
1993-07-26,0.294902,0.300264,0.289540,0.289540,1024000
1993-07-27,0.294902,0.300264,0.289540,0.294902,4281600
1993-07-28,0.300264,0.300264,0.297583,0.300264,179200
1993-07-29,0.305626,0.305626,0.289540,0.305626,1660800
1993-07-30,0.305626,0.305626,0.289540,0.294902,76800
1993-08-02,0.289540,0.305626,0.289540,0.305626,758400
1993-08-03,0.300264,0.332435,0.300264,0.329754,1398400
1993-08-04,0.337797,0.359245,0.337797,0.353882,2809600
1993-08-05,0.348521,0.348521,0.327074,0.335116,3001600
1993-08-06,0.337797,0.337797,0.327074,0.327074,1091200
1993-08-09,0.327074,0.343159,0.324392,0.327074,1171200
1993-08-10,0.327074,0.332435,0.321711,0.327074,988800
1993-08-11,0.327074,0.332435,0.321711,0.321711,2118400
1993-08-12,0.332435,0.332435,0.321711,0.332435,188800
1993-08-13,0.332435,0.332435,0.321711,0.324392,1299200
1993-08-16,0.321711,0.332435,0.321711,0.332435,1376000
1993-08-17,0.332435,0.332435,0.321711,0.321711,2515200
1993-08-18,0.332435,0.332435,0.316350,0.332435,233600
1993-08-19,0.316350,0.332435,0.316350,0.316350,192000
1993-08-20,0.332435,0.332435,0.316350,0.316350,2214400
1993-08-23,0.316350,0.332435,0.316350,0.316350,112000
1993-08-24,0.321711,0.332435,0.305626,0.305626,582400
1993-08-25,0.305626,0.310988,0.294902,0.294902,1379200
1993-08-26,0.294902,0.305626,0.294902,0.300264,211200
1993-08-27,0.297583,0.310988,0.294902,0.300264,745600
1993-08-30,0.300264,0.316350,0.300264,0.305626,492800
1993-08-31,0.305626,0.316350,0.305626,0.316350,4560000
1993-09-01,0.313668,0.316350,0.305626,0.316350,1696000
1993-09-02,0.321711,0.343159,0.310988,0.337797,3875200
1993-09-03,0.343159,0.375330,0.332435,0.369968,3830400
1993-09-07,0.364606,0.369968,0.353882,0.353882,3904000
1993-09-08,0.364606,0.364606,0.353883,0.356563,806400
1993-09-09,0.353882,0.359245,0.348521,0.353882,1395200
1993-09-10,0.348521,0.353883,0.332435,0.332435,3616000
1993-09-13,0.332435,0.337797,0.332435,0.332435,1113600
1993-09-14,0.332435,0.332435,0.316350,0.321711,1056000
1993-09-15,0.316350,0.321711,0.310988,0.321711,1062400
1993-09-16,0.321711,0.321711,0.310988,0.310988,144000
1993-09-17,0.310988,0.321711,0.305626,0.305626,2076800
1993-09-20,0.305626,0.316350,0.305626,0.316350,211200
1993-09-21,0.316350,0.316350,0.305626,0.313668,11616000
1993-09-22,0.316350,0.321711,0.310988,0.310988,2387200
1993-09-23,0.310988,0.321711,0.310988,0.321711,3456000
1993-09-24,0.321711,0.324392,0.310988,0.310988,3392000
1993-09-27,0.321711,0.321711,0.305626,0.310988,1593600
1993-09-28,0.308307,0.316350,0.305626,0.310988,5980800
1993-09-29,0.310988,0.310988,0.305626,0.310988,1635200
1993-09-30,0.305626,0.316350,0.305626,0.310988,2508800
1993-10-01,0.310988,0.316350,0.305626,0.310988,14438400
1993-10-04,0.316350,0.327074,0.310988,0.316350,969600
1993-10-05,0.321711,0.327074,0.310988,0.313668,854400
1993-10-06,0.327074,0.337797,0.313668,0.337797,4035200
1993-10-07,0.335116,0.343159,0.327074,0.343159,3548800
1993-10-08,0.332435,0.359245,0.332435,0.348521,5161600
1993-10-11,0.348521,0.353883,0.343159,0.345840,8060800
1993-10-12,0.343159,0.364606,0.343159,0.353882,10931200
1993-10-13,0.359245,0.380692,0.359245,0.375330,11484800
1993-10-14,0.375330,0.391416,0.375330,0.386054,14492800
1993-10-15,0.386054,0.407501,0.386054,0.402140,7417600
1993-10-18,0.407501,0.407501,0.380692,0.380692,10476800
1993-10-19,0.391416,0.391416,0.337797,0.340478,7881600
1993-10-20,0.343159,0.348521,0.321711,0.321711,36438400
1993-10-21,0.327074,0.332435,0.316350,0.319031,5692800
1993-10-22,0.316350,0.332435,0.316350,0.321711,19632000
1993-10-25,0.332435,0.332435,0.321711,0.327074,4281600
1993-10-26,0.321711,0.332435,0.321711,0.332435,1033600
1993-10-27,0.332435,0.332435,0.321711,0.321711,1651200
1993-10-28,0.321711,0.332435,0.321711,0.327074,1862400
1993-10-29,0.332435,0.332435,0.305626,0.305626,7331200
1993-11-01,0.316350,0.321711,0.305626,0.321711,3907200
1993-11-02,0.305626,0.321711,0.305626,0.321711,4422400
1993-11-03,0.327074,0.327074,0.316350,0.316350,3820800
1993-11-04,0.327074,0.327074,0.310988,0.316350,1081600
1993-11-05,0.313668,0.321711,0.294902,0.297583,3763200
1993-11-08,0.302945,0.305626,0.294902,0.300264,1849600
1993-11-09,0.294902,0.310988,0.284179,0.286859,2598400
1993-11-10,0.278817,0.284179,0.257369,0.262731,8019200
1993-11-11,0.268093,0.289540,0.257369,0.286859,22028800
1993-11-12,0.289540,0.289540,0.273455,0.281497,4409600
1993-11-15,0.289540,0.289540,0.273455,0.284179,1129600
1993-11-16,0.284179,0.284179,0.273455,0.278816,3577600
1993-11-17,0.284179,0.284179,0.249326,0.252008,5884800
1993-11-18,0.257369,0.262731,0.252008,0.262731,8201600
1993-11-19,0.262731,0.262731,0.252008,0.260050,2659200
1993-11-22,0.262731,0.262731,0.252008,0.262731,4275200
1993-11-23,0.262731,0.268093,0.252008,0.262731,460800
1993-11-24,0.262731,0.262731,0.252008,0.262731,505600
1993-11-26,0.262731,0.262731,0.252008,0.262731,729600
1993-11-29,0.262731,0.268093,0.257369,0.262731,5161600
1993-11-30,0.268093,0.297583,0.257369,0.294902,7705600
1993-12-01,0.300264,0.300264,0.289540,0.294902,1180800
1993-12-02,0.294902,0.300264,0.289540,0.292221,1132800
1993-12-03,0.294902,0.300264,0.284179,0.289540,8892800
1993-12-06,0.289540,0.294902,0.273455,0.273455,2844800
1993-12-07,0.294902,0.294902,0.273455,0.281497,2582400
1993-12-08,0.273455,0.289540,0.273455,0.284179,1724800
1993-12-09,0.278817,0.284179,0.273455,0.284179,3984000
1993-12-10,0.273455,0.284179,0.268093,0.268093,582400
1993-12-13,0.278817,0.278817,0.225198,0.230560,23590400
1993-12-14,0.235922,0.241284,0.219836,0.230560,17779200
1993-12-15,0.252008,0.252008,0.243965,0.249326,3827200
1993-12-16,0.252008,0.252008,0.241284,0.241284,10806400
1993-12-17,0.241284,0.252008,0.235922,0.246645,3932800
1993-12-20,0.252008,0.252008,0.241284,0.241284,9193600
1993-12-21,0.252008,0.252008,0.241284,0.249326,9072000
1993-12-22,0.252008,0.252008,0.246645,0.246645,3142400
1993-12-23,0.241284,0.252008,0.241284,0.241284,4560000
1993-12-27,0.241284,0.252008,0.241284,0.252008,6835200
1993-12-28,0.252008,0.262731,0.252008,0.262731,5747200
1993-12-29,0.262731,0.262731,0.252008,0.262731,6659200
1993-12-30,0.257369,0.257369,0.235922,0.246645,11737600
1993-12-31,0.252008,0.257369,0.246645,0.257369,5763200
1994-01-03,0.257369,0.257369,0.252008,0.257369,873600
1994-01-04,0.257369,0.281497,0.257369,0.278816,9120000
1994-01-05,0.284179,0.300264,0.278816,0.278816,9004800
1994-01-06,0.289540,0.289540,0.273455,0.284179,3225600
1994-01-07,0.273455,0.289540,0.273455,0.284179,2339200
1994-01-10,0.289540,0.289540,0.278816,0.286859,2876800
1994-01-11,0.300264,0.305626,0.284179,0.300264,5356800
1994-01-12,0.300264,0.300264,0.286859,0.294902,2480000
1994-01-13,0.294902,0.294902,0.284179,0.294902,1062400
1994-01-14,0.294902,0.294902,0.289540,0.289540,2105600
1994-01-17,0.294902,0.294902,0.270774,0.270774,2121600
1994-01-18,0.278816,0.278816,0.268093,0.278816,3212800
1994-01-19,0.278816,0.284179,0.273455,0.278816,4732800
1994-01-20,0.278817,0.284179,0.268093,0.268093,598400
1994-01-21,0.270774,0.284179,0.268093,0.278816,4038400
1994-01-24,0.273455,0.284179,0.273455,0.281497,1072000
1994-01-25,0.278817,0.284179,0.260050,0.262731,3564800
1994-01-26,0.257369,0.273455,0.257369,0.260050,2310400
1994-01-27,0.273455,0.278816,0.257369,0.276136,5808000
1994-01-28,0.278817,0.278817,0.268093,0.268093,1382400
1994-01-31,0.278817,0.278817,0.265412,0.273455,2265600
1994-02-01,0.273455,0.273455,0.257369,0.268093,2729600
1994-02-02,0.268093,0.268093,0.252008,0.257369,1961600
1994-02-03,0.262731,0.262731,0.252008,0.262731,2732800
1994-02-04,0.262731,0.262731,0.257369,0.262731,3731200
1994-02-07,0.257369,0.262731,0.257369,0.257369,3052800
1994-02-08,0.262731,0.262731,0.257369,0.260050,886400
1994-02-09,0.257369,0.262731,0.246645,0.246645,1760000
1994-02-10,0.246645,0.257369,0.246645,0.257369,3641600
1994-02-11,0.257369,0.262731,0.246645,0.246645,844800
1994-02-14,0.257369,0.257369,0.241284,0.246645,1779200
1994-02-15,0.241284,0.252008,0.241284,0.252008,1024000
1994-02-16,0.241284,0.262731,0.241284,0.262731,694400
1994-02-17,0.268093,0.268093,0.252008,0.254688,3920000
1994-02-18,0.262731,0.262731,0.246645,0.246645,611200
1994-02-22,0.246645,0.257369,0.246645,0.252008,2912000
1994-02-23,0.252008,0.257369,0.252008,0.257369,208000
1994-02-24,0.252008,0.257369,0.241284,0.246645,339200
1994-02-25,0.257369,0.257369,0.241284,0.241284,387200
1994-02-28,0.243965,0.257369,0.243965,0.257369,396800
1994-03-01,0.252008,0.257369,0.241284,0.257369,4140800
1994-03-02,0.246645,0.257369,0.246645,0.252008,1472000
1994-03-03,0.252008,0.252008,0.235922,0.238602,2662400
1994-03-04,0.252008,0.252008,0.235922,0.246645,384000
1994-03-07,0.235922,0.252008,0.235922,0.235922,80000
1994-03-08,0.252008,0.252008,0.235922,0.235922,281600
1994-03-09,0.252008,0.252008,0.214474,0.230560,4134400
1994-03-10,0.230560,0.230560,0.219836,0.230560,2390400
1994-03-11,0.230560,0.235922,0.219836,0.230560,1996800
1994-03-14,0.235922,0.235922,0.225198,0.235922,1750400
1994-03-15,0.235922,0.246645,0.235922,0.246645,1100800
1994-03-16,0.235922,0.246645,0.230560,0.241284,3696000
1994-03-17,0.241284,0.246645,0.238602,0.246645,208000
1994-03-18,0.246645,0.246645,0.230560,0.238602,1526400
1994-03-21,0.230560,0.246645,0.230560,0.230560,569600
1994-03-22,0.246645,0.246645,0.230560,0.246645,624000
1994-03-23,0.246645,0.246645,0.225198,0.230560,1526400
1994-03-24,0.235922,0.235922,0.219836,0.227879,736000
1994-03-25,0.219836,0.235922,0.219836,0.230560,1667200
1994-03-28,0.235922,0.235922,0.219836,0.230560,646400
1994-03-29,0.230560,0.230560,0.203751,0.214474,3273600
1994-03-30,0.214474,0.219836,0.203751,0.211793,985600
1994-03-31,0.209113,0.230560,0.209113,0.230560,8585600
1994-04-04,0.225198,0.225198,0.214474,0.219837,2214400
1994-04-05,0.230560,0.230560,0.219837,0.219837,3228800
1994-04-06,0.230560,0.230560,0.219836,0.230560,950400
1994-04-07,0.230560,0.230560,0.219836,0.230560,553600
1994-04-08,0.219837,0.230560,0.219837,0.219837,1852800
1994-04-11,0.219836,0.230560,0.219836,0.225198,7510400
1994-04-12,0.230560,0.230560,0.219837,0.219837,633600
1994-04-13,0.219836,0.230560,0.219836,0.222517,163200
1994-04-14,0.230560,0.230560,0.209113,0.209113,569600
1994-04-15,0.209113,0.219837,0.209113,0.219837,1382400
1994-04-18,0.209113,0.219836,0.209113,0.211793,505600
1994-04-19,0.209113,0.219837,0.198389,0.209113,553600
1994-04-20,0.209113,0.209113,0.182303,0.190346,3584000
1994-04-21,0.193027,0.198389,0.187665,0.198389,1174400
1994-04-22,0.198389,0.198389,0.187665,0.193027,256000
1994-04-25,0.187665,0.198389,0.187665,0.193027,6867200
1994-04-26,0.198389,0.198389,0.187665,0.193027,3692800
1994-04-28,0.198389,0.203751,0.187665,0.198389,268800
1994-04-29,0.187665,0.198389,0.187665,0.193027,281600
1994-05-02,0.198389,0.198389,0.187665,0.187665,377600
1994-05-03,0.198389,0.198389,0.187665,0.193027,780800
1994-05-04,0.198389,0.198389,0.187665,0.198389,723200
1994-05-05,0.198389,0.198389,0.193027,0.198389,2006400
1994-05-06,0.198389,0.198389,0.187665,0.190346,604800
1994-05-09,0.198389,0.198389,0.187665,0.187665,89600
1994-05-10,0.187665,0.198389,0.187665,0.198389,240000
1994-05-11,0.187665,0.198389,0.187665,0.198389,512000
1994-05-12,0.198389,0.198389,0.182303,0.184984,4748800
1994-05-13,0.198389,0.198389,0.184984,0.190346,1241600
1994-05-16,0.198389,0.198389,0.182303,0.187665,819200
1994-05-17,0.187665,0.198389,0.182303,0.182303,822400
1994-05-18,0.198389,0.198389,0.182303,0.182303,988800
1994-05-19,0.182303,0.198389,0.182303,0.198389,563200
1994-05-20,0.198389,0.198389,0.182303,0.198389,6876800
1994-05-23,0.198389,0.198389,0.182303,0.182303,96000
1994-05-24,0.198389,0.198389,0.176942,0.187665,777600
1994-05-25,0.187665,0.187665,0.176942,0.187665,739200
1994-05-26,0.187665,0.187665,0.176942,0.176942,1728000
1994-05-27,0.182303,0.187665,0.176942,0.187665,467200
1994-05-31,0.176942,0.184984,0.150132,0.166218,6131200
1994-06-01,0.166218,0.171579,0.155494,0.168899,85180800
1994-06-02,0.171579,0.171579,0.155494,0.166218,4265600
1994-06-03,0.166218,0.166218,0.155494,0.160856,1555200
1994-06-06,0.166218,0.166218,0.150132,0.150132,2739200
1994-06-07,0.150132,0.155494,0.144770,0.150132,3001600
1994-06-08,0.155494,0.155494,0.142089,0.155494,14614400
1994-06-09,0.155494,0.171579,0.155494,0.171579,9881600
1994-06-10,0.171579,0.171579,0.155494,0.160856,889600
1994-06-13,0.171579,0.187665,0.166218,0.176942,4022400
1994-06-14,0.187665,0.193027,0.171579,0.182303,2636800
1994-06-15,0.187665,0.193027,0.176942,0.179622,1801600
1994-06-16,0.187665,0.187665,0.176942,0.176942,1616000
1994-06-17,0.187665,0.187665,0.174260,0.174260,2256000
1994-06-20,0.182303,0.182303,0.166218,0.166218,1638400
1994-06-21,0.166218,0.176942,0.166218,0.171579,8099200
1994-06-22,0.176942,0.182303,0.171579,0.171579,265600
1994-06-23,0.187665,0.187665,0.171579,0.171579,7148800
1994-06-24,0.171579,0.182303,0.166218,0.174260,3942400
1994-06-27,0.166218,0.182303,0.166218,0.182303,291200
1994-06-28,0.182303,0.182303,0.166218,0.171579,528000
1994-06-29,0.176942,0.176942,0.166218,0.176942,409600
1994-06-30,0.171579,0.182303,0.171579,0.182303,1238400
1994-07-01,0.176942,0.182303,0.176942,0.182303,96000
1994-07-05,0.182303,0.182303,0.176942,0.179622,704000
1994-07-06,0.182303,0.187665,0.176942,0.182303,3235200
1994-07-07,0.182303,0.187665,0.171579,0.174260,1225600
1994-07-08,0.171579,0.187665,0.171579,0.187665,1331200
1994-07-11,0.171579,0.187665,0.171579,0.176942,2611200
1994-07-12,0.171579,0.176942,0.166218,0.171579,1846400
1994-07-13,0.166218,0.176942,0.166218,0.166218,371200
1994-07-14,0.168899,0.176942,0.166218,0.171579,1164800
1994-07-15,0.171579,0.176942,0.171579,0.176942,611200
1994-07-18,0.174260,0.187665,0.171579,0.187665,3974400
1994-07-19,0.187665,0.193027,0.176942,0.190346,3843200
1994-07-20,0.193027,0.203751,0.187665,0.193027,3216000
1994-07-21,0.198389,0.203751,0.187665,0.203751,1366400
1994-07-22,0.203751,0.203751,0.182303,0.190346,3308800
1994-07-25,0.182303,0.193027,0.182303,0.193027,2352000
1994-07-26,0.193027,0.193027,0.182303,0.190346,131200
1994-07-27,0.193027,0.193027,0.182303,0.193027,5033600
1994-07-28,0.187665,0.203751,0.187665,0.199729,742400
1994-07-29,0.193027,0.209113,0.193027,0.201070,3078400
1994-08-01,0.209113,0.209113,0.198389,0.201070,848000
1994-08-02,0.203751,0.209113,0.198389,0.201070,1900800
1994-08-03,0.209113,0.209113,0.203751,0.203751,1196800
1994-08-04,0.203751,0.209113,0.198389,0.198389,1046400
1994-08-05,0.209113,0.209113,0.198389,0.203751,1561600
1994-08-08,0.209113,0.209113,0.193027,0.195708,1443200
1994-08-09,0.193027,0.203750,0.182303,0.195708,2812800
1994-08-10,0.187665,0.214474,0.187665,0.209113,3846400
1994-08-11,0.219837,0.219837,0.203751,0.209113,1094400
1994-08-12,0.219837,0.225198,0.214474,0.219837,2403200
1994-08-15,0.225198,0.225198,0.214474,0.218495,1024000
1994-08-16,0.214474,0.225198,0.201070,0.217155,2566400
1994-08-17,0.214474,0.214474,0.193027,0.198389,3465600
1994-08-18,0.198389,0.219837,0.198389,0.219837,2051200
1994-08-19,0.225198,0.230560,0.219836,0.227879,3740800
1994-08-22,0.230560,0.235922,0.225198,0.227879,1446400
1994-08-23,0.235922,0.241284,0.225198,0.227879,2960000
1994-08-24,0.235922,0.235922,0.219836,0.225198,1753600
1994-08-25,0.230560,0.230560,0.219837,0.219837,582400
1994-08-26,0.219837,0.235922,0.219837,0.235922,480000
1994-08-29,0.219837,0.235922,0.219837,0.235922,982400
1994-08-30,0.235922,0.235922,0.225198,0.225198,540800
1994-08-31,0.225198,0.235922,0.219837,0.219837,800000
1994-09-01,0.219836,0.230560,0.203751,0.214474,1801600
1994-09-02,0.219837,0.219837,0.209113,0.209113,2259200
1994-09-06,0.198389,0.214474,0.198389,0.211793,582400
1994-09-07,0.203750,0.219836,0.203750,0.210453,1241600
1994-09-08,0.219836,0.219836,0.209113,0.215815,864000
1994-09-09,0.219837,0.235922,0.209113,0.235922,10745600
1994-09-12,0.225198,0.241284,0.225198,0.237262,3657600
1994-09-13,0.241284,0.241284,0.235922,0.235922,5632000
1994-09-14,0.235922,0.238603,0.233241,0.235922,3232000
1994-09-15,0.235922,0.243965,0.230560,0.233241,4028800
1994-09-16,0.238602,0.238602,0.225198,0.230560,1136000
1994-09-19,0.238602,0.238602,0.227879,0.227879,1196800
1994-09-20,0.238603,0.243965,0.225198,0.235922,7161600
1994-09-21,0.241284,0.262731,0.230560,0.252008,3328000
1994-09-22,0.252008,0.262731,0.252008,0.252008,1059200
1994-09-23,0.262731,0.262731,0.246645,0.252008,3398400
1994-09-26,0.246645,0.257369,0.241284,0.246645,2665600
1994-09-27,0.246645,0.257369,0.246645,0.252008,2630400
1994-09-28,0.257369,0.257369,0.252008,0.257369,2828800
1994-09-29,0.252008,0.257369,0.252008,0.257369,1328000
1994-09-30,0.252008,0.257369,0.252008,0.252008,1804800
1994-10-03,0.257369,0.257369,0.241284,0.241284,995200
1994-10-04,0.241284,0.246645,0.225198,0.230560,1763200
1994-10-05,0.225198,0.241284,0.225198,0.241284,316800
1994-10-06,0.241284,0.241284,0.230560,0.238602,1401600
1994-10-07,0.235922,0.241284,0.230560,0.238602,2566400
1994-10-10,0.235922,0.246645,0.235922,0.237262,880000
1994-10-11,0.235922,0.249326,0.230560,0.237262,4233600
1994-10-12,0.230560,0.241284,0.230560,0.241284,515200
1994-10-13,0.230560,0.241284,0.230560,0.241284,41600
1994-10-14,0.230560,0.241284,0.219836,0.230560,1590400
1994-10-17,0.219837,0.230560,0.219837,0.219837,860800
1994-10-18,0.225198,0.225198,0.217155,0.222517,13084800
1994-10-19,0.225198,0.225198,0.219837,0.219837,563200
1994-10-20,0.225198,0.225198,0.219837,0.219837,2121600
1994-10-21,0.219836,0.225198,0.211793,0.217155,3900800
1994-10-24,0.214474,0.219836,0.214474,0.217155,4809600
1994-10-25,0.219837,0.219837,0.214474,0.219837,323200
1994-10-26,0.219837,0.219837,0.209113,0.219837,118400
1994-10-27,0.214474,0.219836,0.209113,0.211793,1907200
1994-10-28,0.209113,0.214474,0.203751,0.206431,3584000
1994-10-31,0.203751,0.209113,0.182303,0.182303,6528000
1994-11-01,0.182303,0.198389,0.182303,0.195708,2592000
1994-11-02,0.198389,0.198389,0.187665,0.187665,3232000
1994-11-03,0.187665,0.193027,0.187665,0.187665,2096000
1994-11-04,0.198389,0.198389,0.182303,0.190346,137600
1994-11-07,0.193027,0.193027,0.182303,0.182303,1088000
1994-11-08,0.182303,0.193027,0.182303,0.182303,1875200
1994-11-09,0.193027,0.193027,0.176942,0.182303,5068800
1994-11-10,0.187665,0.187665,0.176942,0.176942,598400
1994-11-11,0.176942,0.182303,0.168899,0.168899,1161600
1994-11-14,0.166218,0.176942,0.166218,0.166218,1132800
1994-11-15,0.176942,0.176942,0.160856,0.171579,3168000
1994-11-16,0.171579,0.198389,0.166218,0.193027,2208000
1994-11-17,0.193027,0.203751,0.191686,0.193027,1363200
1994-11-18,0.198389,0.230560,0.198389,0.214474,4080000
1994-11-21,0.219836,0.219836,0.209113,0.214474,2537600
1994-11-22,0.209113,0.217155,0.203750,0.217155,1059200
1994-11-23,0.203751,0.209113,0.193027,0.206431,467200
1994-11-25,0.201070,0.209113,0.201070,0.209113,57600
1994-11-28,0.209113,0.219837,0.201070,0.219837,774400
1994-11-29,0.219836,0.241284,0.219836,0.225198,9171200
1994-11-30,0.241284,0.241284,0.214474,0.219837,3088000
1994-12-01,0.214474,0.225198,0.214474,0.219837,880000
1994-12-02,0.214474,0.219836,0.203751,0.206431,1616000
1994-12-05,0.203751,0.219836,0.193027,0.194367,2489600
1994-12-06,0.203751,0.203751,0.193027,0.193027,969600
1994-12-07,0.198389,0.198389,0.182303,0.193027,4016000
1994-12-08,0.198389,0.198389,0.182303,0.187665,1158400
1994-12-09,0.184984,0.198389,0.179622,0.182303,3331200
1994-12-12,0.182303,0.203751,0.182303,0.203751,16758400
1994-12-13,0.193027,0.203751,0.193027,0.198389,790400
1994-12-14,0.193027,0.203751,0.193027,0.193027,1283200
1994-12-15,0.190346,0.203751,0.182303,0.187665,1379200
1994-12-16,0.193027,0.193027,0.182303,0.190346,432000
1994-12-19,0.187665,0.193027,0.187665,0.193027,889600
1994-12-20,0.193027,0.195708,0.187665,0.187665,1200000
1994-12-21,0.193027,0.198389,0.187665,0.198389,3580800
1994-12-22,0.193027,0.198389,0.193027,0.197048,4947200
1994-12-23,0.198389,0.198389,0.187665,0.190346,1804800
1994-12-27,0.193027,0.203751,0.187665,0.193027,1843200
1994-12-28,0.193027,0.203751,0.193027,0.197048,1072000
1994-12-29,0.195708,0.203751,0.195708,0.198389,1187200
1994-12-30,0.198389,0.225198,0.198389,0.203751,3897600
1995-01-03,0.203751,0.203751,0.198389,0.201070,2972800
1995-01-04,0.199729,0.201070,0.198389,0.201070,313600
1995-01-05,0.209113,0.219836,0.201070,0.218495,15376000
1995-01-06,0.230560,0.252008,0.225198,0.235922,7910400
1995-01-09,0.235922,0.241284,0.219837,0.235922,15923200
1995-01-10,0.246645,0.257369,0.235922,0.246645,22483200
1995-01-11,0.252008,0.262731,0.241284,0.247986,9904000
1995-01-12,0.257369,0.257369,0.241284,0.241284,10080000
1995-01-13,0.252008,0.252008,0.235922,0.235922,6230400
1995-01-16,0.241284,0.241284,0.230560,0.235922,6454400
1995-01-17,0.241284,0.241284,0.230560,0.235922,6918400
1995-01-18,0.233241,0.246645,0.233241,0.246645,2067200
1995-01-19,0.235922,0.262731,0.235922,0.257369,9753600
1995-01-20,0.262731,0.262731,0.252008,0.260050,3059200
1995-01-23,0.262731,0.268093,0.252008,0.265412,9692800
1995-01-24,0.265412,0.294902,0.265412,0.278816,6675200
1995-01-25,0.268093,0.278817,0.257369,0.273455,5206400
1995-01-26,0.273455,0.300264,0.262731,0.289540,10940800
1995-01-27,0.305626,0.327074,0.289540,0.305626,21952000
1995-01-30,0.310988,0.310988,0.289540,0.290881,9011200
1995-01-31,0.321711,0.327074,0.241284,0.278816,61465600
1995-02-01,0.273455,0.284179,0.257369,0.268093,21958400
1995-02-02,0.273455,0.292221,0.268093,0.278816,13308800
1995-02-03,0.289540,0.289540,0.273455,0.278816,3369600
1995-02-06,0.278816,0.284179,0.268093,0.276136,2297600
1995-02-07,0.284179,0.284179,0.273455,0.273455,3129600
1995-02-08,0.273455,0.284179,0.268093,0.268093,5100800
1995-02-09,0.281497,0.289540,0.268093,0.278816,4736000
1995-02-10,0.284179,0.289540,0.273455,0.286859,2947200
1995-02-13,0.289540,0.294902,0.284179,0.284179,5497600
1995-02-14,0.289540,0.294902,0.284179,0.294902,3331200
1995-02-15,0.294902,0.305626,0.289540,0.300264,17286400
1995-02-16,0.300264,0.300264,0.289540,0.300264,2796800
1995-02-17,0.289540,0.300264,0.289540,0.294902,3366400
1995-02-21,0.289540,0.300264,0.289540,0.294902,4588800
1995-02-22,0.294902,0.294902,0.289540,0.294902,556800
1995-02-23,0.289540,0.310988,0.289540,0.300264,5590400
1995-02-24,0.300264,0.321711,0.300264,0.321711,7232000
1995-02-27,0.321711,0.321711,0.305626,0.310988,10278400
1995-02-28,0.310988,0.321711,0.305626,0.305626,8160000
1995-03-01,0.305626,0.321711,0.305626,0.316350,1427200
1995-03-02,0.321711,0.321711,0.300264,0.310988,5254400
1995-03-03,0.310988,0.327074,0.305626,0.324392,9321600
1995-03-06,0.316350,0.321711,0.305626,0.316350,2880000
1995-03-07,0.321711,0.321711,0.305626,0.313668,1347200
1995-03-08,0.305626,0.321711,0.305626,0.305626,777600
1995-03-09,0.305626,0.316350,0.305626,0.310988,937600
1995-03-10,0.316350,0.327074,0.305626,0.321711,2544000
1995-03-13,0.310988,0.321711,0.310988,0.313668,3356800
1995-03-14,0.321711,0.321711,0.294902,0.305626,7958400
1995-03-15,0.300264,0.309647,0.300264,0.300264,627200
1995-03-16,0.300264,0.310988,0.300264,0.310988,838400
1995-03-17,0.302945,0.310988,0.289540,0.289540,4784000
1995-03-20,0.289540,0.305626,0.289540,0.289540,1116800
1995-03-21,0.300264,0.300264,0.289540,0.289540,1369600
1995-03-22,0.289540,0.300264,0.289540,0.300264,643200
1995-03-23,0.289540,0.294902,0.286859,0.294902,441600
1995-03-24,0.284179,0.300264,0.284179,0.289540,1392000
1995-03-27,0.289540,0.300264,0.278817,0.284179,976000
1995-03-28,0.281497,0.289540,0.268093,0.273455,9644800
1995-03-29,0.268093,0.278817,0.268093,0.273455,2185600
1995-03-30,0.268093,0.273455,0.252008,0.273455,4774400
1995-03-31,0.265412,0.278816,0.262731,0.278816,1897600
1995-04-03,0.278816,0.300264,0.268093,0.294902,2640000
1995-04-04,0.300264,0.307301,0.294902,0.305626,3475200
1995-04-05,0.300264,0.302945,0.289540,0.294902,2787200
1995-04-06,0.305626,0.310988,0.289540,0.290881,2643200
1995-04-07,0.289540,0.300264,0.289540,0.289540,828800
1995-04-10,0.300264,0.300264,0.289540,0.300264,697600
1995-04-11,0.300264,0.327074,0.300264,0.327074,6854400
1995-04-12,0.321711,0.332435,0.310988,0.321711,6150400
1995-04-13,0.310988,0.321711,0.310988,0.312328,937600
1995-04-17,0.310988,0.327074,0.308307,0.321711,4192000
1995-04-18,0.321711,0.327074,0.316350,0.316350,5817600
1995-04-19,0.316350,0.327074,0.305626,0.308307,595200
1995-04-20,0.310988,0.310988,0.289540,0.305626,1232000
1995-04-21,0.302945,0.321711,0.289540,0.294902,5062400
1995-04-24,0.310988,0.321711,0.305626,0.305626,2560000
1995-04-25,0.316350,0.316350,0.300264,0.300264,5654400
1995-04-26,0.305626,0.305626,0.289540,0.305626,1369600
1995-04-27,0.289540,0.319031,0.289540,0.319031,8275200
1995-04-28,0.305626,0.321711,0.305626,0.321711,4806400
1995-05-01,0.316350,0.321711,0.310988,0.321711,2003200
1995-05-02,0.316350,0.327074,0.310988,0.324392,9894400
1995-05-03,0.327074,0.353882,0.316350,0.353882,26825600
1995-05-04,0.353883,0.359245,0.343159,0.349861,15811200
1995-05-05,0.343159,0.369968,0.343159,0.365947,17014400
1995-05-08,0.369968,0.369968,0.353883,0.364606,7296000
1995-05-09,0.369968,0.369968,0.353882,0.359245,2988800
1995-05-10,0.359245,0.369968,0.359245,0.359245,2729600
1995-05-11,0.359245,0.364606,0.353883,0.356563,1532800
1995-05-12,0.359245,0.364606,0.353883,0.355223,2035200
1995-05-15,0.364606,0.364606,0.353882,0.359245,10083200
1995-05-16,0.360585,0.361925,0.353882,0.353882,1446400
1995-05-17,0.353883,0.364606,0.351202,0.356563,3990400
1995-05-18,0.353883,0.364606,0.353883,0.364606,2675200
1995-05-19,0.359245,0.359245,0.348521,0.351202,947200
1995-05-22,0.359245,0.359245,0.348521,0.353882,1078400
1995-05-23,0.353882,0.359245,0.348521,0.348521,4665600
1995-05-24,0.348521,0.359245,0.348521,0.356563,1504000
1995-05-25,0.348521,0.359245,0.348521,0.348521,5273600
1995-05-26,0.348521,0.353882,0.337797,0.337797,1020800
1995-05-30,0.343159,0.343159,0.313668,0.343159,6051200
1995-05-31,0.343159,0.357904,0.343159,0.348521,1792000
1995-06-01,0.348521,0.359245,0.343159,0.351202,1484800
1995-06-02,0.348521,0.348521,0.340478,0.343159,2556800
1995-06-05,0.345840,0.345840,0.337797,0.345840,1574400
1995-06-06,0.337797,0.345840,0.337797,0.345840,211200
1995-06-07,0.337797,0.345840,0.337797,0.343159,1769600
1995-06-08,0.337797,0.407501,0.337797,0.391416,25574400
1995-06-09,0.407501,0.423587,0.364606,0.369968,8310400
1995-06-12,0.375330,0.382032,0.364606,0.375330,1411200
1995-06-13,0.375330,0.386054,0.375330,0.380692,2256000
1995-06-14,0.375330,0.386054,0.369968,0.375330,3177600
1995-06-15,0.369968,0.380692,0.356563,0.361925,3609600
1995-06-16,0.356563,0.364606,0.353882,0.359245,1328000
1995-06-19,0.364606,0.364606,0.353883,0.364606,3705600
1995-06-20,0.359245,0.369968,0.353882,0.359245,4832000
1995-06-21,0.353882,0.369968,0.353882,0.360585,771200
1995-06-22,0.364606,0.364606,0.343159,0.345840,5001600
1995-06-23,0.348521,0.348521,0.332435,0.343159,1548800
1995-06-26,0.348521,0.348521,0.337797,0.343159,2560000
1995-06-27,0.337797,0.348521,0.337797,0.340478,2576000
1995-06-28,0.337797,0.359245,0.337797,0.351202,7350400
1995-06-29,0.353882,0.353882,0.348521,0.353882,3881600
1995-06-30,0.359245,0.380692,0.348521,0.378011,10393600
1995-07-03,0.378011,0.378011,0.359245,0.359245,841600
1995-07-05,0.369968,0.380692,0.361925,0.364606,3136000
1995-07-06,0.359245,0.375330,0.359245,0.369968,1920000
1995-07-07,0.359245,0.391416,0.359245,0.388734,5769600
1995-07-10,0.386054,0.407501,0.386054,0.386054,5209600
1995-07-11,0.386054,0.434311,0.386054,0.418225,9846400
1995-07-12,0.423587,0.455758,0.423587,0.428949,20451200
1995-07-13,0.423587,0.445034,0.423587,0.439672,7827200
1995-07-14,0.412863,0.423587,0.380692,0.410182,12780800
1995-07-17,0.407501,0.412863,0.391416,0.402140,6432000
1995-07-18,0.404820,0.404820,0.386054,0.386054,4464000
1995-07-19,0.380692,0.391416,0.364606,0.375330,1776000
1995-07-20,0.386054,0.396777,0.375330,0.387394,2704000
1995-07-21,0.391416,0.418225,0.375330,0.402140,5846400
1995-07-24,0.391416,0.402140,0.391416,0.402140,1516800
1995-07-25,0.396777,0.402140,0.396777,0.402140,3126400
1995-07-26,0.402140,0.402140,0.391416,0.396777,348800
1995-07-27,0.396777,0.402140,0.391416,0.402140,652800
1995-07-28,0.402139,0.412863,0.391416,0.404820,4796800
1995-07-31,0.402140,0.423587,0.402140,0.407501,8668800
1995-08-01,0.412863,0.412863,0.396777,0.398118,7414400
1995-08-02,0.407501,0.445034,0.407501,0.428949,30793600
1995-08-03,0.434311,0.439672,0.423587,0.423587,17462400
1995-08-04,0.418225,0.434311,0.418225,0.434311,3040000
1995-08-07,0.423587,0.445034,0.423587,0.428949,5353600
1995-08-08,0.445034,0.466482,0.428948,0.466482,12428800
1995-08-09,0.466482,0.498653,0.455758,0.482567,25577600
1995-08-10,0.487929,0.525462,0.482567,0.506695,12870400
1995-08-11,0.509377,0.546909,0.498653,0.536186,9708800
1995-08-14,0.530824,0.541548,0.509377,0.514738,7606400
1995-08-15,0.509377,0.525462,0.506695,0.506695,2419200
1995-08-16,0.498653,0.514738,0.487929,0.512057,3817600
1995-08-17,0.509377,0.525462,0.498653,0.504014,51868800
1995-08-18,0.498653,0.514738,0.498653,0.498653,7840000
1995-08-21,0.498653,0.509377,0.498653,0.501334,15628800
1995-08-22,0.498653,0.509377,0.469162,0.493291,15132800
1995-08-23,0.493291,0.493291,0.477206,0.487929,6617600
1995-08-24,0.477206,0.487929,0.434311,0.471843,14323200
1995-08-25,0.477206,0.477206,0.463801,0.471843,7910400
1995-08-28,0.461120,0.477206,0.450396,0.461120,9097600
1995-08-29,0.455758,0.466482,0.445034,0.453077,9856000
1995-08-30,0.445034,0.466482,0.445034,0.455758,4182400
1995-08-31,0.455758,0.466482,0.450396,0.466482,7472000
1995-09-01,0.450396,0.504015,0.450396,0.487929,6185600
1995-09-05,0.504014,0.541548,0.490610,0.533505,16598400
1995-09-06,0.530824,0.541548,0.525462,0.525462,13932800
1995-09-07,0.525462,0.541548,0.525462,0.536186,10681600
1995-09-08,0.541548,0.546909,0.536186,0.536186,24595200
1995-09-11,0.541548,0.541548,0.509377,0.509377,20060800
1995-09-12,0.514738,0.514738,0.493291,0.501334,4438400
1995-09-13,0.498653,0.514738,0.498653,0.504014,12448000
1995-09-14,0.504015,0.504015,0.487929,0.498653,4201600
1995-09-15,0.493291,0.517419,0.487929,0.517419,21776000
1995-09-18,0.520100,0.530824,0.482567,0.487929,4419200
1995-09-19,0.487929,0.504014,0.487929,0.495971,6384000
1995-09-20,0.504014,0.504014,0.482567,0.493291,5539200
1995-09-21,0.493291,0.493291,0.463800,0.463800,7744000
1995-09-22,0.471843,0.471843,0.423587,0.450396,21673600
1995-09-25,0.455758,0.471843,0.445034,0.463800,4854400
1995-09-26,0.466482,0.477206,0.461120,0.471843,8697600
1995-09-27,0.471843,0.477206,0.461120,0.477206,4064000
1995-09-28,0.471843,0.482567,0.461120,0.477206,6864000
1995-09-29,0.455758,0.477206,0.445035,0.471843,11062400
1995-10-02,0.471843,0.477206,0.445034,0.461120,12998400
1995-10-03,0.461120,0.466482,0.445034,0.445034,7996800
1995-10-04,0.445034,0.455758,0.439672,0.453077,1299200
1995-10-05,0.439672,0.466482,0.439672,0.455758,5692800
1995-10-06,0.466482,0.487929,0.466482,0.477206,8342400
1995-10-09,0.482567,0.482567,0.461120,0.469162,9046400
1995-10-10,0.450396,0.461120,0.445034,0.450396,14051200
1995-10-11,0.445035,0.471843,0.445035,0.471843,20931200
1995-10-12,0.466482,0.482567,0.466482,0.474524,10105600
1995-10-13,0.466482,0.477206,0.466482,0.477206,1587200
1995-10-16,0.466482,0.482567,0.466482,0.482567,3344000
1995-10-17,0.477206,0.477206,0.461120,0.463800,3430400
1995-10-18,0.466482,0.482567,0.461120,0.482567,5833600
1995-10-19,0.482567,0.482567,0.461120,0.466482,2400000
1995-10-20,0.461120,0.477206,0.445034,0.461120,5859200
1995-10-23,0.461120,0.461120,0.434311,0.439672,7942400
1995-10-24,0.442353,0.450396,0.412863,0.418225,5766400
1995-10-25,0.407501,0.415544,0.394097,0.415544,22457600
1995-10-26,0.415544,0.418225,0.386054,0.402140,12044800
1995-10-27,0.391416,0.407501,0.386054,0.404820,3001600
1995-10-30,0.396777,0.412863,0.396777,0.407501,9200000
1995-10-31,0.412863,0.418225,0.407501,0.418225,9654400
1995-11-01,0.418225,0.439672,0.407501,0.439672,11328000
1995-11-02,0.439672,0.445034,0.418225,0.423587,9456000
1995-11-03,0.428949,0.428949,0.412863,0.415544,4169600
1995-11-06,0.412863,0.423587,0.412863,0.412863,2515200
1995-11-07,0.412863,0.418225,0.407501,0.408841,931200
1995-11-08,0.407501,0.418225,0.402139,0.404820,7632000
1995-11-09,0.402140,0.415544,0.402140,0.402140,1283200
1995-11-10,0.402140,0.418225,0.402140,0.418225,6297600
1995-11-13,0.418225,0.445034,0.407501,0.431629,13436800
1995-11-14,0.439672,0.482567,0.428948,0.469162,22224000
1995-11-15,0.477206,0.477206,0.455758,0.458439,1734400
1995-11-16,0.466482,0.541548,0.445034,0.536186,42675200
1995-11-17,0.595166,0.600528,0.530824,0.546909,67907200
1995-11-20,0.546909,0.546909,0.498653,0.520100,24947200
1995-11-21,0.520100,0.525462,0.482567,0.493291,9392000
1995-11-22,0.498653,0.544229,0.487929,0.540207,14816000
1995-11-24,0.552272,0.557633,0.528143,0.536186,7126400
1995-11-27,0.541548,0.557633,0.514738,0.530824,7996800
1995-11-28,0.520100,0.541548,0.520100,0.530824,5507200
1995-11-29,0.530824,0.557633,0.530824,0.541548,10828800
1995-11-30,0.568357,0.589804,0.552271,0.562995,20489600
1995-12-01,0.552271,0.562995,0.552271,0.552271,4006400
1995-12-04,0.562995,0.562995,0.546909,0.557633,3808000
1995-12-05,0.546909,0.557633,0.546909,0.557633,4784000
1995-12-06,0.557633,0.557633,0.530824,0.530824,4636800
1995-12-07,0.536186,0.536186,0.525462,0.525462,2048000
1995-12-08,0.525462,0.536186,0.466482,0.498653,15017600
1995-12-11,0.504015,0.509377,0.493291,0.498653,5625600
1995-12-12,0.498653,0.514738,0.498653,0.509377,1497600
1995-12-13,0.501334,0.514738,0.498653,0.509377,892800
1995-12-14,0.509377,0.573719,0.498653,0.568357,18377600
1995-12-15,0.573719,0.648785,0.541548,0.632699,28048000
1995-12-18,0.627337,0.638061,0.568357,0.616614,15990400
1995-12-19,0.616614,0.616614,0.589804,0.589804,5718400
1995-12-20,0.605890,0.616614,0.589804,0.600528,7702400
1995-12-21,0.616614,0.659509,0.605890,0.659509,12822400
1995-12-22,0.664870,0.734575,0.656827,0.691680,29849600
1995-12-26,0.691680,0.702403,0.670232,0.670232,3024000
1995-12-27,0.670232,0.691680,0.670232,0.675594,9536000
1995-12-28,0.680956,0.686318,0.659509,0.683637,3193600
1995-12-29,0.691680,0.702403,0.680956,0.686318,11200000
1996-01-02,0.680956,0.707765,0.670232,0.699722,12182400
1996-01-03,0.707765,0.734575,0.702404,0.729213,13097600
1996-01-04,0.734575,0.734575,0.713127,0.734575,13593600
1996-01-05,0.723851,0.745298,0.723851,0.745298,7916800
1996-01-08,0.745298,0.750660,0.734575,0.737255,1852800
1996-01-09,0.737255,0.815002,0.737255,0.750660,34160000
1996-01-10,0.734575,0.782831,0.729212,0.731893,26000000
1996-01-11,0.745298,0.750660,0.723851,0.723851,10086400
1996-01-12,0.723851,0.734575,0.707765,0.718489,6112000
1996-01-15,0.718489,0.723851,0.697041,0.715808,7968000
1996-01-16,0.718489,0.772107,0.713127,0.761383,13024000
1996-01-17,0.766746,0.820364,0.756022,0.793555,35488000
1996-01-18,0.804278,0.841812,0.798917,0.836450,16409600
1996-01-19,0.793555,0.839130,0.782831,0.815002,43993600
1996-01-22,0.820364,0.825726,0.804279,0.825726,9177600
1996-01-23,0.823045,0.825726,0.777469,0.809641,35168000
1996-01-24,0.820364,0.852535,0.815002,0.844492,22128000
1996-01-25,0.841812,0.911516,0.841812,0.898111,24761600
1996-01-26,0.906154,0.906154,0.868621,0.898111,20067200
1996-01-29,0.900792,0.911516,0.873983,0.873983,15129600
1996-01-30,0.815002,0.831088,0.761383,0.782831,37753600
1996-01-31,0.788193,0.798917,0.745298,0.766746,23756800
1996-02-01,0.777470,0.804278,0.766746,0.793555,18259200
1996-02-02,0.793555,0.793555,0.766746,0.777469,5827200
1996-02-05,0.772108,0.782831,0.745299,0.756022,5328000
1996-02-06,0.756022,0.769426,0.750660,0.766746,4489600
1996-02-07,0.766746,0.769426,0.745298,0.761383,3910400
1996-02-08,0.756022,0.756022,0.718489,0.734575,24121600
1996-02-09,0.729212,0.825726,0.729212,0.782831,26483200
1996-02-12,0.793555,0.793555,0.766746,0.766746,7356800
1996-02-13,0.761383,0.809641,0.761383,0.809641,14998400
1996-02-14,0.801598,0.820364,0.766746,0.788193,10649600
1996-02-15,0.798917,0.820364,0.788193,0.812321,5987200
1996-02-16,0.831088,0.836449,0.798917,0.809641,76787200
1996-02-20,0.809641,0.823045,0.804278,0.808300,13212800
1996-02-21,0.815002,0.815002,0.798917,0.804278,6038400
1996-02-22,0.809641,0.809641,0.804278,0.809641,6140800
1996-02-23,0.804278,0.836450,0.804278,0.817683,10172800
1996-02-26,0.825726,0.825726,0.804278,0.809641,5001600
1996-02-27,0.809641,0.809641,0.793555,0.806959,3587200
1996-02-28,0.804279,0.809641,0.788193,0.788193,4518400
1996-02-29,0.788193,0.798917,0.761383,0.761383,6787200
1996-03-01,0.766746,0.766746,0.739936,0.750660,2793600
1996-03-04,0.739936,0.804278,0.739936,0.780150,8336000
1996-03-05,0.793555,0.804278,0.780150,0.790874,8243200
1996-03-06,0.804278,0.825726,0.793555,0.798917,18531200
1996-03-07,0.809641,0.809641,0.788193,0.788193,1753600
1996-03-08,0.788193,0.790874,0.702403,0.745298,48038400
1996-03-11,0.756022,0.777469,0.745298,0.766746,23561600
1996-03-12,0.772107,0.772107,0.734575,0.737255,14041600
1996-03-13,0.739936,0.750660,0.723851,0.745298,7705600
1996-03-14,0.750660,0.788193,0.739936,0.745298,20204800
1996-03-15,0.745298,0.756022,0.557633,0.573719,7539200
1996-03-18,0.750325,0.761384,0.600528,0.643423,154393600
1996-03-19,0.675594,0.686318,0.632699,0.639402,41465600
1996-03-20,0.627338,0.648785,0.589804,0.608571,25657600
1996-03-21,0.616614,0.643423,0.600528,0.640742,20076800
1996-03-22,0.638061,0.648785,0.627337,0.635380,10140800
1996-03-25,0.632699,0.648785,0.589804,0.591145,18825600
1996-03-26,0.600528,0.632699,0.562995,0.630018,23814400
1996-03-27,0.632699,0.638061,0.595166,0.613932,20483200
1996-03-28,0.611252,0.632699,0.611252,0.621975,3132800
1996-03-29,0.611252,0.654146,0.605890,0.616614,13484800
1996-04-01,0.608571,0.638061,0.600528,0.621975,7516800
1996-04-02,0.621975,0.621975,0.605890,0.619295,4646400
1996-04-03,0.621975,0.656827,0.621975,0.646103,34966400
1996-04-04,0.659509,0.664870,0.632699,0.638061,12745600
1996-04-08,0.627337,0.632699,0.611252,0.616614,10988800
1996-04-09,0.616614,0.643423,0.611252,0.627337,7561600
1996-04-10,0.616614,0.632699,0.611252,0.621975,10672000
1996-04-11,0.627337,0.627337,0.595166,0.611252,7449600
1996-04-12,0.621975,0.638061,0.611252,0.634039,7347200
1996-04-15,0.638061,0.648785,0.616614,0.632699,4553600
1996-04-16,0.616614,0.662189,0.616614,0.654146,17200000
1996-04-17,0.651466,0.707765,0.643423,0.699722,19689600
1996-04-18,0.713127,0.723851,0.702403,0.707765,10268800
1996-04-19,0.713127,0.723851,0.697041,0.697041,7590400
1996-04-22,0.697041,0.739936,0.697041,0.734575,9763200
1996-04-23,0.734575,0.750660,0.697041,0.702404,14896000
1996-04-24,0.702404,0.713127,0.691680,0.702404,7657600
1996-04-25,0.702404,0.729213,0.702404,0.729213,3843200
1996-04-26,0.718489,0.729212,0.680956,0.686318,2464000
1996-04-29,0.680956,0.697041,0.648785,0.654146,8048000
1996-04-30,0.648785,0.670232,0.627337,0.654146,5356800
1996-05-01,0.664870,0.699722,0.654146,0.670232,9740800
1996-05-02,0.659509,0.702403,0.659509,0.694360,4675200
1996-05-03,0.691680,0.705084,0.675594,0.686318,5996800
1996-05-06,0.676934,0.686317,0.654146,0.654146,4752000
1996-05-07,0.654146,0.664870,0.621975,0.627337,11001600
1996-05-08,0.632699,0.659509,0.621975,0.656827,11056000
1996-05-09,0.656827,0.670232,0.646103,0.654146,9398400
1996-05-10,0.664870,0.670232,0.648785,0.654146,25705600
1996-05-13,0.659509,0.659509,0.648785,0.659509,1180800
1996-05-14,0.654146,0.718489,0.654146,0.699722,12019200
1996-05-15,0.691680,0.707765,0.680956,0.680956,4153600
1996-05-16,0.686318,0.713127,0.680956,0.697041,5212800
1996-05-17,0.697041,0.718489,0.697041,0.707765,5820800
1996-05-20,0.729212,0.855216,0.718489,0.836450,41292800
1996-05-21,0.836449,0.836449,0.756022,0.796235,16486400
1996-05-22,0.798917,0.828407,0.788193,0.798917,9593600
1996-05-23,0.798917,0.836449,0.793555,0.804278,9516800
1996-05-24,0.825726,0.825726,0.691680,0.726532,52992000
1996-05-28,0.734575,0.739936,0.710446,0.723851,6566400
1996-05-29,0.718489,0.750660,0.718489,0.742617,9305600
1996-05-30,0.739936,0.777469,0.734575,0.750660,15132800
1996-05-31,0.750660,0.756022,0.702403,0.745298,8982400
1996-06-03,0.745298,0.750660,0.723851,0.731893,5644800
1996-06-04,0.729212,0.756022,0.723851,0.734575,4844800
1996-06-05,0.734574,0.745298,0.707765,0.721169,4803200
1996-06-06,0.729213,0.729213,0.664870,0.702404,9353600
1996-06-07,0.675594,0.707765,0.659509,0.675594,8016000
1996-06-10,0.675594,0.680956,0.654146,0.654146,6332800
1996-06-11,0.654147,0.675594,0.638061,0.648785,8144000
1996-06-12,0.659508,0.659508,0.627337,0.630018,4560000
1996-06-13,0.627337,0.659509,0.621975,0.638061,7161600
1996-06-14,0.643423,0.648785,0.589804,0.600528,21654400
1996-06-17,0.595166,0.605890,0.509377,0.509377,39056000
1996-06-18,0.520100,0.525462,0.450396,0.466482,55881600
1996-06-19,0.501334,0.546909,0.450396,0.544229,53724800
1996-06-20,0.546909,0.552272,0.498653,0.509377,28064000
1996-06-21,0.504015,0.514738,0.471843,0.471843,17468800
1996-06-24,0.493291,0.520100,0.493291,0.520100,16736000
1996-06-25,0.520100,0.520100,0.498653,0.509377,4915200
1996-06-26,0.504014,0.504014,0.485248,0.493291,3593600
1996-06-27,0.530824,0.536186,0.504015,0.509377,19152000
1996-06-28,0.546909,0.546909,0.525462,0.541548,21216000
1996-07-01,0.538866,0.552272,0.536186,0.546909,5929600
1996-07-02,0.549590,0.573719,0.541548,0.557633,8163200
1996-07-03,0.554952,0.589804,0.546909,0.587123,12819200
1996-07-05,0.571037,0.584442,0.557633,0.562995,5276800
1996-07-08,0.571038,0.573719,0.536186,0.536186,7123200
1996-07-09,0.541548,0.552272,0.525462,0.530824,17910400
1996-07-10,0.533505,0.533505,0.493291,0.504014,8572800
1996-07-11,0.498653,0.509377,0.487929,0.498653,1014400
1996-07-12,0.493291,0.509377,0.428949,0.436991,16128000
1996-07-15,0.445034,0.445034,0.348521,0.369968,31273600
1996-07-16,0.369968,0.380692,0.353883,0.372649,32182400
1996-07-17,0.380692,0.407501,0.375330,0.402140,24307200
1996-07-18,0.434311,0.445034,0.407501,0.442353,21417600
1996-07-19,0.447715,0.455758,0.423587,0.434311,14432000
1996-07-22,0.434311,0.434311,0.399458,0.412863,6451200
1996-07-23,0.402140,0.428948,0.380692,0.391416,9056000
1996-07-24,0.375330,0.412863,0.359245,0.398118,9449600
1996-07-25,0.418225,0.428948,0.402139,0.420905,5526400
1996-07-26,0.434311,0.439672,0.418225,0.431629,5680000
1996-07-29,0.428949,0.428949,0.402140,0.402140,2054400
1996-07-30,0.399458,0.412863,0.399458,0.402140,1625600
1996-07-31,0.412863,0.423587,0.388734,0.407501,6688000
1996-08-01,0.410182,0.412863,0.383373,0.384713,4227200
1996-08-02,0.394097,0.402140,0.386054,0.396777,14156800
1996-08-05,0.402140,0.402140,0.383373,0.386054,6742400
1996-08-06,0.383373,0.396777,0.372649,0.372649,6332800
1996-08-07,0.369968,0.380692,0.364606,0.378011,37216000
1996-08-08,0.434311,0.439672,0.402139,0.410182,38108800
1996-08-09,0.412863,0.455758,0.402140,0.450396,25536000
1996-08-12,0.439672,0.450396,0.423587,0.439672,10246400
1996-08-13,0.434311,0.434311,0.412863,0.418225,9324800
1996-08-14,0.428949,0.439672,0.418225,0.436991,4032000
1996-08-15,0.439672,0.461120,0.434311,0.458439,7526400
1996-08-16,0.461120,0.466482,0.453077,0.461120,7433600
1996-08-19,0.455758,0.466482,0.428949,0.432970,5776000
1996-08-20,0.434311,0.450396,0.431629,0.439672,3955200
1996-08-21,0.439672,0.450396,0.415544,0.434311,7206400
1996-08-22,0.439672,0.453077,0.423587,0.450396,22019200
1996-08-23,0.450396,0.498653,0.450396,0.493291,21568000
1996-08-26,0.493291,0.536186,0.493291,0.536186,19152000
1996-08-27,0.520101,0.552272,0.498653,0.542888,20838400
1996-08-28,0.549590,0.557633,0.536185,0.541548,7059200
1996-08-29,0.536186,0.552272,0.528143,0.536186,8784000
1996-08-30,0.525462,0.536186,0.520100,0.520100,6278400
1996-09-03,0.509376,0.541548,0.493291,0.541548,8160000
1996-09-04,0.530824,0.557633,0.530824,0.554282,8380800
1996-09-05,0.530824,0.573719,0.528143,0.533505,18515200
1996-09-06,0.536186,0.595166,0.536186,0.589804,10067200
1996-09-09,0.597847,0.597847,0.557633,0.584443,7881600
1996-09-10,0.589804,0.595166,0.562995,0.584443,6176000
1996-09-11,0.579080,0.611252,0.579080,0.589804,13408000
1996-09-12,0.605890,0.605890,0.600528,0.600528,7865600
1996-09-13,0.616614,0.638061,0.605890,0.638061,18201600
1996-09-16,0.659509,0.667551,0.616614,0.616614,22675200
1996-09-17,0.621975,0.624656,0.536185,0.541548,54684800
1996-09-18,0.568357,0.568357,0.541548,0.544229,17273600
1996-09-19,0.552271,0.568357,0.541548,0.557633,9942400
1996-09-20,0.557633,0.562995,0.549590,0.557633,5872000
1996-09-23,0.562995,0.579080,0.557633,0.579080,4092800
1996-09-24,0.573719,0.600528,0.565676,0.589804,12860800
1996-09-25,0.589804,0.611252,0.584443,0.597847,5977600
1996-09-26,0.613932,0.619294,0.595166,0.605890,9363200
1996-09-27,0.589804,0.597847,0.576400,0.584443,4537600
1996-09-30,0.605890,0.608571,0.595166,0.605890,7100800
1996-10-01,0.608571,0.608571,0.584443,0.595166,4310400
1996-10-02,0.600528,0.600528,0.576400,0.576400,12038400
1996-10-03,0.576400,0.581761,0.552271,0.562995,10630400
1996-10-04,0.573719,0.584443,0.571038,0.576400,1436800
1996-10-07,0.573719,0.581761,0.562995,0.562995,2857600
1996-10-08,0.562995,0.579080,0.562995,0.562995,3008000
1996-10-09,0.562995,0.568357,0.557633,0.562995,3424000
1996-10-10,0.552271,0.568357,0.546909,0.557633,5942400
1996-10-11,0.557633,0.579080,0.546909,0.573719,3292800
1996-10-14,0.562995,0.579080,0.552271,0.557633,2438400
1996-10-15,0.568357,0.568357,0.546909,0.552271,1718400
1996-10-16,0.546909,0.557633,0.530824,0.533505,3152000
1996-10-17,0.530824,0.552271,0.530824,0.533505,6662400
1996-10-18,0.541548,0.541548,0.525462,0.530824,5094400
1996-10-21,0.536186,0.546909,0.530824,0.536186,2374400
1996-10-22,0.530824,0.541548,0.530824,0.533505,3318400
1996-10-23,0.530824,0.538866,0.530824,0.533505,8176000
1996-10-24,0.536186,0.536186,0.530824,0.536186,2412800
1996-10-25,0.536186,0.538866,0.514738,0.514738,10492800
1996-10-28,0.514738,0.522781,0.477206,0.482567,8841600
1996-10-29,0.477206,0.482567,0.445034,0.461120,11212800
1996-10-30,0.466482,0.509377,0.461120,0.509377,7708800
1996-10-31,0.498653,0.520100,0.498653,0.501334,3641600
1996-11-01,0.501334,0.501334,0.482567,0.490610,2028800
1996-11-04,0.490610,0.493291,0.461120,0.461120,8505600
1996-11-05,0.461120,0.477206,0.461120,0.471843,5043200
1996-11-06,0.487929,0.525462,0.477205,0.525462,4179200
1996-11-07,0.509377,0.530824,0.504015,0.530824,4486400
1996-11-08,0.514738,0.530824,0.512057,0.520100,3654400
1996-11-11,0.514738,0.536186,0.514738,0.528143,2569600
1996-11-12,0.525462,0.530824,0.487929,0.490610,5974400
1996-11-13,0.498653,0.530824,0.487929,0.525462,6425600
1996-11-14,0.520100,0.520100,0.504014,0.504014,2934400
1996-11-15,0.504015,0.514738,0.487929,0.498653,21254400
1996-11-18,0.498653,0.504014,0.487929,0.493291,5257600
1996-11-19,0.493291,0.504015,0.487929,0.498653,1510400
1996-11-20,0.498653,0.504015,0.479886,0.487929,7782400
1996-11-21,0.482567,0.493291,0.482567,0.487929,20755200
1996-11-22,0.493291,0.498653,0.487929,0.490610,1840000
1996-11-25,0.487929,0.544229,0.487929,0.528143,13446400
1996-11-26,0.533505,0.546909,0.530824,0.536186,10688000
1996-11-27,0.544229,0.549590,0.533505,0.544229,3900800
1996-11-29,0.552271,0.557633,0.541548,0.550930,1795200
1996-12-02,0.546909,0.549590,0.530824,0.536186,3561600
1996-12-03,0.546909,0.589804,0.546909,0.573719,11395200
1996-12-04,0.579080,0.595166,0.568357,0.584443,3260800
1996-12-05,0.584443,0.621975,0.584443,0.616614,13814400
1996-12-06,0.579080,0.595166,0.562995,0.589804,7046400
1996-12-09,0.600528,0.600528,0.584443,0.600528,2227200
1996-12-10,0.589804,0.605890,0.584443,0.589804,3388800
1996-12-11,0.573719,0.584443,0.554952,0.568357,3552000
1996-12-12,0.573719,0.584443,0.552271,0.552271,3904000
1996-12-13,0.541548,0.560314,0.525462,0.530824,3872000
1996-12-16,0.536186,0.579081,0.536186,0.549590,8108800
1996-12-17,0.536186,0.557633,0.536186,0.552271,1308800
1996-12-18,0.562995,0.587123,0.557633,0.568357,3750400
1996-12-19,0.568357,0.587123,0.568357,0.576400,6377600
1996-12-20,0.581761,0.581761,0.546909,0.554952,5289600
1996-12-23,0.557633,0.557633,0.546909,0.549590,5747200
1996-12-24,0.549590,0.549590,0.546909,0.546909,454400
1996-12-26,0.546909,0.557633,0.546909,0.552271,1238400
1996-12-27,0.552272,0.557633,0.546909,0.549590,3392000
1996-12-30,0.549590,0.562995,0.536185,0.541548,3126400
1996-12-31,0.536186,0.546909,0.528143,0.536186,6336000
1997-01-02,0.530824,0.536186,0.520100,0.525462,2828800
1997-01-03,0.538866,0.541548,0.528143,0.538866,5516800
1997-01-06,0.533505,0.557633,0.530824,0.530824,5750400
1997-01-07,0.568357,0.611252,0.562995,0.579080,48118400
1997-01-08,0.584443,0.587123,0.562995,0.571037,12192000
1997-01-09,0.573719,0.576400,0.562995,0.576400,10729600
1997-01-10,0.571038,0.597847,0.568357,0.597847,7219200
1997-01-13,0.587123,0.600528,0.587123,0.589804,3264000
1997-01-14,0.595166,0.600528,0.584443,0.600528,20374400
1997-01-15,0.600528,0.611251,0.595166,0.605890,14921600
1997-01-16,0.611251,0.648785,0.608571,0.640742,36166400
1997-01-17,0.643423,0.678274,0.638061,0.654146,19996800
1997-01-20,0.672913,0.678275,0.648785,0.664870,12800000
1997-01-21,0.667551,0.680956,0.654146,0.670232,12134400
1997-01-22,0.664870,0.672913,0.648785,0.654146,2038400
1997-01-23,0.656827,0.659509,0.616614,0.616614,6019200
1997-01-24,0.611252,0.651466,0.603209,0.643423,9286400
1997-01-27,0.643423,0.659508,0.621975,0.630018,3462400
1997-01-28,0.643423,0.691680,0.632699,0.675594,19987200
1997-01-29,0.723851,0.737255,0.680956,0.680956,56617600
1997-01-30,0.702403,0.707765,0.675594,0.683637,7116800
1997-01-31,0.675594,0.715808,0.667551,0.699722,15753600
1997-02-03,0.713127,0.726532,0.694361,0.702404,9798400
1997-02-04,0.697041,0.718489,0.686318,0.707765,8371200
1997-02-05,0.710446,0.723851,0.707765,0.707765,12739200
1997-02-06,0.707765,0.742617,0.707765,0.729213,24716800
1997-02-07,0.731893,0.747979,0.726532,0.726532,11014400
1997-02-10,0.726532,0.745298,0.723851,0.726532,7004800
1997-02-11,0.726532,0.737255,0.726532,0.734575,6742400
1997-02-12,0.734575,0.734575,0.699722,0.699722,7155200
1997-02-13,0.699722,0.707765,0.686318,0.688998,7897600
1997-02-14,0.686318,0.697041,0.670232,0.694360,11142400
1997-02-18,0.697041,0.697041,0.670232,0.678275,3542400
1997-02-19,0.678275,0.697041,0.678275,0.680956,5660800
1997-02-20,0.680956,0.680956,0.656827,0.664870,7344000
1997-02-21,0.659509,0.667551,0.656827,0.664870,6288000
1997-02-24,0.664870,0.675594,0.648785,0.648785,6940800
1997-02-25,0.651466,0.656827,0.635380,0.646103,7180800
1997-02-26,0.643423,0.691680,0.643423,0.686318,8531200
1997-02-27,0.683637,0.686318,0.648785,0.648785,6160000
1997-02-28,0.651466,0.664870,0.648785,0.654146,4345600
1997-03-03,0.646104,0.654147,0.646104,0.647444,2835200
1997-03-04,0.646103,0.646103,0.595166,0.611252,16518400
1997-03-05,0.613932,0.630018,0.611251,0.630018,6249600
1997-03-06,0.630018,0.632699,0.611252,0.621975,2953600
1997-03-07,0.624656,0.643423,0.619295,0.643423,4656000
1997-03-10,0.638061,0.654146,0.638061,0.638061,2460800
1997-03-11,0.654146,0.672913,0.638061,0.646103,6963200
1997-03-12,0.638061,0.646103,0.627337,0.630018,5158400
1997-03-13,0.632699,0.632699,0.587123,0.600528,7369600
1997-03-14,0.603208,0.638061,0.597847,0.630018,7193600
1997-03-17,0.638061,0.638061,0.605890,0.613932,7769600
1997-03-18,0.611251,0.619294,0.595166,0.605890,4531200
1997-03-19,0.603209,0.608571,0.544229,0.557633,18134400
1997-03-20,0.557633,0.565676,0.552271,0.557633,17132800
1997-03-21,0.565676,0.568357,0.522781,0.536186,10236800
1997-03-24,0.541548,0.552272,0.536186,0.544229,5859200
1997-03-25,0.544229,0.557633,0.530824,0.538866,5654400
1997-03-26,0.541548,0.541548,0.528143,0.538866,5564800
1997-03-27,0.536186,0.560314,0.528143,0.533505,8585600
1997-03-31,0.536186,0.536186,0.490610,0.490610,6547200
1997-04-01,0.495971,0.506695,0.487929,0.493291,8118400
1997-04-02,0.501334,0.501334,0.482567,0.493291,3321600
1997-04-03,0.493291,0.509377,0.487929,0.509377,3811200
1997-04-04,0.509377,0.554952,0.501334,0.554952,12179200
1997-04-07,0.568357,0.595166,0.565676,0.571037,5171200
1997-04-08,0.568357,0.592485,0.568357,0.589804,3830400
1997-04-09,0.592485,0.595166,0.565676,0.571037,1916800
1997-04-10,0.562995,0.579081,0.554952,0.576400,3129600
1997-04-11,0.581761,0.584443,0.536186,0.549590,7731200
1997-04-14,0.552271,0.568357,0.541548,0.562995,4163200
1997-04-15,0.573719,0.579080,0.562995,0.565676,1219200
1997-04-16,0.565676,0.565676,0.509377,0.510717,8556800
1997-04-17,0.514738,0.525462,0.498653,0.498653,6787200
1997-04-18,0.501334,0.514738,0.493291,0.509377,6809600
1997-04-21,0.514738,0.522781,0.458439,0.463800,8912000
1997-04-22,0.463800,0.487929,0.453077,0.485248,15568000
1997-04-23,0.490610,0.493291,0.474524,0.487929,6934400
1997-04-24,0.495972,0.495972,0.477540,0.477540,1734400
1997-04-25,0.471843,0.490610,0.455758,0.474524,4304000
1997-04-28,0.471843,0.479886,0.466482,0.466482,1155200
1997-04-29,0.482567,0.482567,0.469163,0.473184,1846400
1997-04-30,0.474524,0.479886,0.463800,0.474524,5609600
1997-05-01,0.471843,0.509377,0.469163,0.504014,6870400
1997-05-02,0.514738,0.544229,0.514738,0.538866,8979200
1997-05-05,0.541548,0.592485,0.536186,0.587123,14876800
1997-05-06,0.584443,0.600528,0.581761,0.600528,6825600
1997-05-07,0.589804,0.589804,0.546909,0.552271,11427200
1997-05-08,0.557633,0.562995,0.541548,0.541548,6956800
1997-05-09,0.538866,0.546909,0.512057,0.512057,4835200
1997-05-12,0.514738,0.528143,0.506695,0.509377,6118400
1997-05-13,0.509377,0.541548,0.498653,0.530824,7798400
1997-05-14,0.530824,0.541548,0.525462,0.530824,4022400
1997-05-15,0.525462,0.530824,0.509377,0.517419,6912000
1997-05-16,0.520100,0.528143,0.509377,0.525462,1107200
1997-05-19,0.525462,0.549590,0.514738,0.544229,3440000
1997-05-20,0.549590,0.549590,0.530824,0.538866,3488000
1997-05-21,0.536186,0.562995,0.536186,0.546909,9644800
1997-05-22,0.546909,0.557633,0.544229,0.549590,6457600
1997-05-23,0.557633,0.568357,0.552272,0.568357,4768000
1997-05-27,0.557633,0.587123,0.557633,0.565676,9993600
1997-05-28,0.565676,0.573719,0.557633,0.562995,3779200
1997-05-29,0.579081,0.589804,0.576400,0.576400,3734400
1997-05-30,0.571038,0.587123,0.571038,0.581761,3932800
1997-06-02,0.581761,0.595166,0.576400,0.595166,5132800
1997-06-03,0.595166,0.619294,0.595166,0.605890,6294400
1997-06-04,0.603208,0.619294,0.603208,0.605890,2620800
1997-06-05,0.608571,0.621975,0.605890,0.616614,4304000
1997-06-06,0.605890,0.621975,0.605890,0.616614,5481600
1997-06-09,0.611252,0.624656,0.608571,0.616614,4758400
1997-06-10,0.621975,0.635380,0.616614,0.616614,4771200
1997-06-11,0.621975,0.621975,0.613932,0.613932,924800
1997-06-12,0.613932,0.632699,0.613932,0.632699,2838400
1997-06-13,0.632699,0.646103,0.627337,0.640742,4217600
1997-06-16,0.646103,0.646103,0.632699,0.638061,4323200
1997-06-17,0.638061,0.646103,0.624656,0.646103,5123200
1997-06-18,0.646103,0.646103,0.632699,0.636720,5894400
1997-06-19,0.643423,0.686317,0.640742,0.656827,16435200
1997-06-20,0.651466,0.691680,0.648785,0.688998,23929600
1997-06-23,0.680956,0.686318,0.672913,0.672913,8534400
1997-06-24,0.672913,0.678275,0.664870,0.675594,8150400
1997-06-25,0.667551,0.670232,0.632699,0.635380,6096000
1997-06-26,0.630018,0.632699,0.576400,0.597847,15987200
1997-06-27,0.597847,0.608571,0.597847,0.600528,5734400
1997-06-30,0.600528,0.603209,0.571038,0.592485,16224000
1997-07-01,0.584443,0.587123,0.573719,0.581761,3702400
1997-07-02,0.579080,0.581761,0.573719,0.579080,3600000
1997-07-03,0.579080,0.581761,0.571037,0.573719,3833600
1997-07-07,0.573719,0.592485,0.545569,0.546909,7187200
1997-07-08,0.552271,0.568357,0.536185,0.541548,17766400
1997-07-09,0.546909,0.560314,0.528143,0.530824,8041600
1997-07-10,0.530824,0.549590,0.530824,0.549590,4697600
1997-07-11,0.549590,0.549590,0.514738,0.520100,10864000
1997-07-14,0.525462,0.536186,0.514738,0.528143,16969600
1997-07-15,0.530824,0.560314,0.530824,0.560314,12643200
1997-07-16,0.571037,0.573719,0.552271,0.560314,4681600
1997-07-17,0.552271,0.562995,0.541548,0.557633,3670400
1997-07-18,0.554952,0.568357,0.552271,0.552271,5238400
1997-07-21,0.554952,0.595166,0.544228,0.595166,10950400
1997-07-22,0.600528,0.613932,0.579080,0.581761,10064000
1997-07-23,0.581761,0.595166,0.576400,0.576400,6585600
1997-07-24,0.576400,0.595166,0.560314,0.591145,10028800
1997-07-25,0.605890,0.623316,0.595166,0.611252,13932800
1997-07-28,0.616614,0.621975,0.597847,0.603209,8012800
1997-07-29,0.595166,0.616614,0.589804,0.613932,7232000
1997-07-30,0.615273,0.620635,0.600528,0.611252,7168000
1997-07-31,0.613932,0.616614,0.600528,0.605890,3712000
1997-08-01,0.600528,0.616614,0.589804,0.611252,8025600
1997-08-04,0.611252,0.619295,0.605890,0.611252,4742400
1997-08-05,0.611252,0.630018,0.611252,0.627337,8547200
1997-08-06,0.627337,0.627337,0.613932,0.619295,2835200
1997-08-07,0.619295,0.621975,0.603209,0.608571,6249600
1997-08-08,0.600528,0.603209,0.589804,0.600528,8009600
1997-08-11,0.589804,0.600528,0.589804,0.600528,2060800
1997-08-12,0.595166,0.605890,0.589804,0.598517,4969600
1997-08-13,0.608571,0.608571,0.589804,0.595166,5571200
1997-08-14,0.589804,0.603208,0.589804,0.599187,2710400
1997-08-15,0.597847,0.605890,0.597847,0.605890,4016000
1997-08-18,0.600528,0.608571,0.595166,0.600528,3328000
1997-08-19,0.600528,0.619295,0.600528,0.619295,2041600
1997-08-20,0.621975,0.662190,0.616614,0.648785,24915200
1997-08-21,0.654146,0.656827,0.643423,0.646103,5024000
1997-08-22,0.643423,0.643423,0.632699,0.632699,5184000
1997-08-25,0.632699,0.686317,0.632699,0.682296,24540800
1997-08-26,0.683637,0.691680,0.670232,0.686318,11081600
1997-08-27,0.686318,0.688998,0.680956,0.686318,3920000
1997-08-28,0.680956,0.686318,0.672913,0.680956,4070400
1997-08-29,0.680956,0.706425,0.680956,0.694360,6166400
1997-09-02,0.697041,0.726532,0.694361,0.718489,10377600
1997-09-03,0.715808,0.739936,0.715808,0.731893,13756800
1997-09-04,0.734574,0.772107,0.729212,0.766746,16713600
1997-09-05,0.772107,0.782831,0.766746,0.781491,14233600
1997-09-08,0.777469,0.831088,0.761384,0.817683,28195200
1997-09-09,0.809641,0.844492,0.804278,0.833769,18825600
1997-09-10,0.831088,0.836450,0.793555,0.798917,15964800
1997-09-11,0.793555,0.798917,0.756022,0.780150,19900800
1997-09-12,0.785512,0.841812,0.778810,0.833769,20764800
1997-09-15,0.833769,0.855216,0.823045,0.839130,24672000
1997-09-16,0.833769,0.852535,0.825726,0.847173,15795200
1997-09-17,0.857897,1.013391,0.855216,0.971837,108956800
1997-09-18,0.959772,0.991944,0.943687,0.959772,31785600
1997-09-19,0.965134,0.975858,0.943687,0.965134,13004800
1997-09-22,0.965134,0.991944,0.959772,0.986581,11750400
1997-09-23,0.997305,0.997305,0.938325,0.949049,17091200
1997-09-24,0.954410,0.965134,0.938325,0.953740,5977600
1997-09-25,0.938325,0.997305,0.938325,0.989262,18905600
1997-09-26,0.989263,0.994625,0.965134,0.965134,14227200
1997-09-29,0.989263,0.997305,0.954411,0.965134,25779200
1997-09-30,0.967815,0.967815,0.932963,0.951729,14316800
1997-10-01,0.949049,0.967815,0.938325,0.942346,6723200
1997-10-02,0.943687,0.954410,0.873983,0.903473,18620800
1997-10-03,0.908835,0.975858,0.904813,0.951729,21824000
1997-10-06,0.962453,0.967815,0.943687,0.962453,4582400
1997-10-07,0.959772,0.965134,0.949049,0.953070,2918400
1997-10-08,0.957091,0.962454,0.949049,0.954411,14611200
1997-10-09,0.943687,0.962454,0.935644,0.957091,7148800
1997-10-10,0.949049,0.954410,0.916878,0.923580,15350400
1997-10-13,0.922239,0.932963,0.911515,0.919558,5849600
1997-10-14,0.914196,0.924920,0.911515,0.919558,3836800
1997-10-15,0.914196,0.922239,0.895430,0.900792,6400000
1997-10-16,0.895430,0.903472,0.825726,0.841811,17590400
1997-10-17,0.836450,0.841812,0.780150,0.817683,16566400
1997-10-20,0.812322,0.836450,0.809641,0.831088,7616000
1997-10-21,0.839130,0.879345,0.833769,0.865940,12416000
1997-10-22,0.876663,0.876663,0.852535,0.868620,9433600
1997-10-23,0.841812,0.860578,0.828407,0.857897,5750400
1997-10-24,0.868621,0.884707,0.863259,0.873983,8374400
1997-10-27,0.863259,0.873983,0.793554,0.796235,9286400
1997-10-28,0.769427,0.780150,0.718489,0.745298,28076800
1997-10-29,0.761384,0.796235,0.742617,0.747979,26524800
1997-10-30,0.723851,0.745298,0.697041,0.702404,15008000
1997-10-31,0.718489,0.734575,0.713127,0.731893,14464000
1997-11-03,0.737255,0.761384,0.731893,0.758703,10192000
1997-11-04,0.761384,0.777469,0.750660,0.769427,9235200
1997-11-05,0.772107,0.793555,0.772107,0.785512,10921600
1997-11-06,0.790874,0.836450,0.782831,0.825726,21782400
1997-11-07,0.809641,0.833769,0.793555,0.806959,10009600
1997-11-10,0.798917,0.815002,0.788193,0.793555,7369600
1997-11-11,0.804278,0.804278,0.793554,0.796235,7046400
1997-11-12,0.793555,0.796235,0.778810,0.782831,12563200
1997-11-13,0.782831,0.793555,0.702403,0.723851,21580800
1997-11-14,0.731893,0.774788,0.721170,0.762724,11520000
1997-11-17,0.782831,0.801597,0.772107,0.796235,11065600
1997-11-18,0.785512,0.798917,0.766746,0.770767,1334400
1997-11-19,0.766746,0.772107,0.742617,0.750660,3500800
1997-11-20,0.764064,0.769426,0.750660,0.750660,7734400
1997-11-21,0.753341,0.769426,0.753341,0.764064,4720000
1997-11-24,0.761384,0.761384,0.718489,0.731893,3875200
1997-11-25,0.729212,0.734574,0.718489,0.721169,15804800
1997-11-26,0.726532,0.745299,0.721170,0.733234,3456000
1997-11-28,0.734575,0.747979,0.729212,0.739936,1772800
1997-12-01,0.750660,0.750660,0.734575,0.738596,2531200
1997-12-02,0.747979,0.750660,0.723851,0.723851,1619200
1997-12-03,0.721169,0.726532,0.697041,0.723851,3657600
1997-12-04,0.729212,0.769427,0.723851,0.747979,15280000
1997-12-05,0.750660,0.764065,0.742617,0.756022,7420800
1997-12-08,0.758703,0.790874,0.750660,0.790874,13891200
1997-12-09,0.790874,0.790874,0.774788,0.777469,6652800
1997-12-10,0.772107,0.782831,0.764064,0.769427,2118400
1997-12-11,0.756022,0.769426,0.734575,0.739936,2108800
1997-12-12,0.737255,0.747979,0.718489,0.722510,3123200
1997-12-15,0.723851,0.737255,0.715808,0.725191,5881600
1997-12-16,0.750660,0.798917,0.734575,0.793555,20396800
1997-12-17,0.820364,0.820364,0.788193,0.801598,11104000
1997-12-18,0.801597,0.806959,0.756022,0.761383,10249600
1997-12-19,0.745298,0.761383,0.745298,0.753340,5283200
1997-12-22,0.761383,0.766746,0.756022,0.761383,12006400
1997-12-23,0.766746,0.766746,0.750660,0.750660,2108800
1997-12-24,0.761384,0.766746,0.745299,0.760043,2150400
1997-12-26,0.756022,0.766746,0.756022,0.766746,518400
1997-12-29,0.772107,0.793555,0.762724,0.793555,3033600
1997-12-30,0.790874,0.796236,0.774788,0.790874,5577600
1997-12-31,0.798917,0.825726,0.793555,0.820364,8409600
1998-01-02,0.820364,0.828407,0.804278,0.817683,3241600
1998-01-05,0.823045,0.841812,0.815002,0.836450,7436800
1998-01-06,0.825726,0.841812,0.812321,0.839130,10630400
1998-01-07,0.841812,0.844492,0.823045,0.833769,4131200
1998-01-08,0.828406,0.865940,0.828406,0.847173,15168000
1998-01-09,0.852535,0.852535,0.817683,0.823045,12316800
1998-01-12,0.815002,0.815002,0.782831,0.793555,5100800
1998-01-13,0.793555,0.836450,0.793555,0.825726,9766400
1998-01-14,0.823045,0.831088,0.804278,0.809641,6368000
1998-01-15,0.804278,0.823045,0.804278,0.823045,4176000
1998-01-16,0.839130,0.839130,0.820364,0.839130,3513600
1998-01-20,0.839130,0.859237,0.833769,0.856557,4384000
1998-01-21,0.849854,0.857897,0.815002,0.815002,15433600
1998-01-22,0.815002,0.833769,0.815002,0.820364,8851200
1998-01-23,0.836450,0.836450,0.806959,0.824386,6406400
1998-01-26,0.836449,0.852535,0.816342,0.821705,17808000
1998-01-27,0.825726,0.840471,0.798917,0.840471,6166400
1998-01-28,0.841812,0.898111,0.841812,0.898111,12422400
1998-01-29,0.887387,0.906154,0.882025,0.900792,5193600
1998-01-30,0.879344,0.890068,0.860577,0.868620,21100800
1998-02-02,0.884707,0.890068,0.820364,0.831088,24544000
1998-02-03,0.828406,0.855216,0.806959,0.847173,17932800
1998-02-04,0.847173,0.868621,0.839130,0.847173,8908800
1998-02-05,0.855216,0.860578,0.780150,0.790874,19091200
1998-02-06,0.798917,0.860578,0.798917,0.849854,27888000
1998-02-09,0.849854,0.857897,0.809641,0.815002,8585600
1998-02-10,0.817683,0.817683,0.790874,0.796235,17401600
1998-02-11,0.804278,0.817683,0.785512,0.798917,8444800
1998-02-12,0.801598,0.806959,0.793555,0.801598,1331200
1998-02-13,0.798917,0.806959,0.782831,0.793555,8323200
1998-02-17,0.798917,0.804278,0.772107,0.775458,9926400
1998-02-18,0.777469,0.793555,0.758703,0.770767,17190400
1998-02-19,0.772107,0.772107,0.761383,0.764064,3721600
1998-02-20,0.772107,0.793555,0.762724,0.792214,5395200
1998-02-23,0.793555,0.817683,0.788193,0.800257,4467200
1998-02-24,0.809641,0.809641,0.772107,0.773448,4265600
1998-02-25,0.782831,0.796236,0.774788,0.793555,11401600
1998-02-26,0.790874,0.796236,0.750660,0.774788,12464000
1998-02-27,0.769426,0.774788,0.758703,0.768086,35731200
1998-03-02,0.769427,0.785512,0.761384,0.772107,6304000
1998-03-03,0.772107,0.774788,0.758703,0.774788,12889600
1998-03-04,0.769427,0.780150,0.769427,0.772107,8512000
1998-03-05,0.761384,0.780150,0.756022,0.774788,4924800
1998-03-06,0.774788,0.812321,0.774788,0.806959,15017600
1998-03-09,0.796235,0.820364,0.796235,0.810981,2649600
1998-03-10,0.815002,0.825726,0.809640,0.812321,6723200
1998-03-11,0.817683,0.831088,0.815002,0.823045,13510400
1998-03-12,0.820364,0.847173,0.820364,0.843152,12336000
1998-03-13,0.841812,0.844493,0.828407,0.829747,4697600
1998-03-16,0.833769,0.836450,0.820364,0.823045,3084800
1998-03-17,0.831088,0.857897,0.823045,0.857897,6816000
1998-03-18,0.857897,0.860578,0.844493,0.849854,12032000
1998-03-19,0.860578,0.865940,0.847173,0.855216,9107200
1998-03-20,0.855216,0.855216,0.841812,0.849854,3961600
1998-03-23,0.849854,0.855216,0.844492,0.848513,5238400
1998-03-24,0.849854,0.855216,0.841812,0.849854,16246400
1998-03-25,0.844492,0.865940,0.844492,0.847173,3968000
1998-03-26,0.847173,0.860578,0.844492,0.852535,2358400
1998-03-27,0.849854,0.856556,0.844492,0.848513,2009600
1998-03-30,0.855216,0.855216,0.833769,0.833769,12080000
1998-03-31,0.831088,0.833769,0.723851,0.772107,54803200
1998-04-01,0.782831,0.790874,0.734575,0.734575,33875200
1998-04-02,0.780150,0.798917,0.758703,0.768086,26841600
1998-04-03,0.772107,0.778810,0.739936,0.774788,30588800
1998-04-06,0.922239,0.949049,0.908835,0.927601,69024000
1998-04-07,0.922239,0.924920,0.900792,0.922239,26227200
1998-04-08,0.927601,0.938325,0.906154,0.914196,19443200
1998-04-09,0.916878,0.927602,0.895431,0.895431,6486400
1998-04-13,0.895430,0.906154,0.873983,0.900792,11673600
1998-04-14,0.900792,0.927601,0.890068,0.919558,7171200
1998-04-15,0.919559,0.922239,0.908164,0.908835,4928000
1998-04-16,0.895430,0.906154,0.890068,0.900792,5177600
1998-04-17,0.890068,0.895430,0.873983,0.892749,19603200
1998-04-20,0.890068,0.906154,0.890068,0.904813,5161600
1998-04-21,0.900792,0.904813,0.879344,0.887387,3305600
1998-04-22,0.882025,0.895430,0.882025,0.890068,1763200
1998-04-23,0.890068,0.892749,0.882025,0.882025,1296000
1998-04-24,0.882025,0.884706,0.843152,0.844492,7731200
1998-04-27,0.823045,0.836449,0.793555,0.812321,16185600
1998-04-28,0.815002,0.823045,0.809641,0.820364,1129600
1998-04-29,0.825726,0.840471,0.804278,0.828407,5299200
1998-04-30,0.844492,0.844492,0.812321,0.815002,6572800
1998-05-01,0.815002,0.820364,0.815002,0.815002,3443200
1998-05-04,0.813662,0.828407,0.813662,0.828407,8384000
1998-05-05,0.825726,0.825726,0.812321,0.815002,3491200
1998-05-06,0.812321,0.817683,0.793555,0.801598,9744000
1998-05-07,0.804278,0.815002,0.804278,0.804278,3184000
1998-05-08,0.815002,0.815002,0.802938,0.806959,3696000
1998-05-11,0.808299,0.812321,0.768086,0.768086,8803200
1998-05-12,0.769427,0.774788,0.756022,0.772107,13942400
1998-05-13,0.772107,0.774788,0.766746,0.774788,6131200
1998-05-14,0.774788,0.774788,0.756022,0.761383,14864000
1998-05-15,0.761384,0.798917,0.761384,0.798917,15561600
1998-05-18,0.798917,0.804279,0.769427,0.772107,6764800
1998-05-19,0.772107,0.798917,0.769427,0.781491,2841600
1998-05-20,0.774788,0.782831,0.769426,0.770767,2838400
1998-05-21,0.774788,0.780150,0.766746,0.772107,5820800
1998-05-22,0.774788,0.774788,0.750660,0.752000,3318400
1998-05-26,0.758703,0.764064,0.729212,0.731893,9539200
1998-05-27,0.718489,0.739936,0.718489,0.721169,9744000
1998-05-28,0.731893,0.747979,0.721169,0.745298,7616000
1998-05-29,0.747979,0.756022,0.694360,0.694360,6009600
1998-06-01,0.699722,0.707765,0.683637,0.697041,8403200
1998-06-02,0.691680,0.721170,0.691680,0.715808,8227200
1998-06-03,0.723851,0.726532,0.691680,0.705084,4576000
1998-06-04,0.707765,0.721170,0.697041,0.715808,3820800
1998-06-05,0.718489,0.718489,0.705084,0.715808,3222400
1998-06-08,0.715808,0.734575,0.707765,0.726532,9638400
1998-06-09,0.729212,0.729212,0.710446,0.721169,4358400
1998-06-10,0.715808,0.723851,0.699722,0.699722,3244800
1998-06-11,0.707765,0.710446,0.683637,0.686318,3900800
1998-06-12,0.697041,0.702404,0.675594,0.678275,2694400
1998-06-15,0.670232,0.691680,0.670232,0.688998,2934400
1998-06-16,0.683637,0.747979,0.683637,0.742617,9452800
1998-06-17,0.747979,0.753341,0.707765,0.710446,5404800
1998-06-18,0.713127,0.739936,0.707765,0.734575,7286400
1998-06-19,0.731893,0.739936,0.726532,0.733234,3785600
1998-06-22,0.734575,0.745298,0.721169,0.741277,8000000
1998-06-23,0.747979,0.756022,0.739936,0.739936,30793600
1998-06-24,0.739936,0.753341,0.734575,0.739936,9654400
1998-06-25,0.782831,0.782831,0.702403,0.723851,32048000
1998-06-26,0.729213,0.750660,0.713127,0.742617,34864000
1998-06-29,0.739936,0.776128,0.734574,0.753340,15084800
1998-06-30,0.758703,0.758703,0.674253,0.687658,24048000
1998-07-01,0.734575,0.734575,0.651466,0.651466,43724800
1998-07-02,0.571038,0.608571,0.520100,0.544229,122841600
1998-07-06,0.557633,0.557633,0.520100,0.537526,30310400
1998-07-07,0.536186,0.538866,0.506695,0.516079,25273600
1998-07-08,0.528143,0.549590,0.520100,0.546909,16406400
1998-07-09,0.571038,0.573719,0.520100,0.530824,28995200
1998-07-10,0.530824,0.538866,0.506695,0.516079,19721600
1998-07-13,0.528143,0.528143,0.493291,0.504014,15081600
1998-07-14,0.512058,0.517419,0.504015,0.509377,24544000
1998-07-15,0.520100,0.525462,0.506695,0.517419,17433600
1998-07-16,0.525462,0.525462,0.498653,0.509377,23859200
1998-07-17,0.506695,0.512058,0.490610,0.498653,12377600
1998-07-20,0.498653,0.512057,0.479886,0.510717,13900800
1998-07-21,0.504014,0.509377,0.487929,0.490610,11731200
1998-07-22,0.487929,0.495972,0.482567,0.490610,18880000
1998-07-23,0.490610,0.530824,0.490610,0.493291,53868800
1998-07-24,0.504014,0.506695,0.487929,0.493291,27884800
1998-07-27,0.490610,0.490610,0.461120,0.482567,17254400
1998-07-28,0.479886,0.482567,0.458439,0.463800,7126400
1998-07-29,0.474524,0.479886,0.455758,0.471843,6800000
1998-07-30,0.485248,0.506695,0.479886,0.498653,14272000
1998-07-31,0.514738,0.530824,0.501334,0.504014,25305600
1998-08-03,0.509377,0.517419,0.485918,0.508036,11462400
1998-08-04,0.504015,0.522781,0.477206,0.482567,10464000
1998-08-05,0.479886,0.493291,0.469162,0.493291,6364800
1998-08-06,0.487929,0.509377,0.487929,0.508036,13014400
1998-08-07,0.504014,0.530824,0.501334,0.522781,12528000
1998-08-10,0.512058,0.530824,0.512058,0.530824,8656000
1998-08-11,0.512057,0.512057,0.498653,0.501334,21539200
1998-08-12,0.506695,0.520100,0.495971,0.514738,8400000
1998-08-13,0.520100,0.528143,0.504014,0.512057,14025600
1998-08-14,0.509377,0.517419,0.491950,0.498653,9424000
1998-08-17,0.498653,0.504015,0.490610,0.496642,11228800
1998-08-18,0.504015,0.504015,0.486588,0.487929,8880000
1998-08-19,0.493291,0.493291,0.487929,0.490610,16889600
1998-08-20,0.493291,0.493291,0.466482,0.473184,7014400
1998-08-21,0.475865,0.482567,0.458439,0.482567,3840000
1998-08-24,0.490610,0.493291,0.463800,0.463800,5180800
1998-08-25,0.477206,0.477206,0.446375,0.447715,6358400
1998-08-26,0.445034,0.450396,0.436991,0.439672,9795200
1998-08-27,0.426268,0.426268,0.396777,0.418225,12787200
1998-08-28,0.420906,0.420906,0.402140,0.402140,4544000
1998-08-31,0.402140,0.410182,0.388734,0.391416,10560000
1998-09-01,0.402140,0.432970,0.386054,0.428949,15398400
1998-09-02,0.426268,0.442353,0.420906,0.428949,9865600
1998-09-03,0.418225,0.426268,0.386054,0.391416,9657600
1998-09-04,0.402139,0.407501,0.394097,0.404820,9772800
1998-09-08,0.418225,0.447715,0.412863,0.445034,8080000
1998-09-09,0.450396,0.477206,0.447715,0.447715,15913600
1998-09-10,0.447715,0.447715,0.426268,0.434311,8259200
1998-09-11,0.434311,0.506695,0.431629,0.501334,14272000
1998-09-14,0.509377,0.541548,0.504014,0.517419,12947200
1998-09-15,0.514738,0.541548,0.501334,0.541548,21875200
1998-09-16,0.544229,0.554952,0.525462,0.530824,9731200
1998-09-17,0.522781,0.577740,0.509377,0.530824,17833600
1998-09-18,0.538866,0.541548,0.509377,0.520100,5116800
1998-09-21,0.514738,0.544229,0.506695,0.534845,7836800
1998-09-22,0.533505,0.588464,0.533505,0.565676,30355200
1998-09-23,0.571037,0.603208,0.568357,0.599187,17577600
1998-09-24,0.600528,0.605890,0.546909,0.546909,28480000
1998-09-25,0.560314,0.571038,0.530824,0.549590,27187200
1998-09-28,0.557633,0.557633,0.506695,0.526802,33859200
1998-09-29,0.514738,0.522781,0.482567,0.493291,23680000
1998-09-30,0.487929,0.493291,0.458439,0.463800,9334400
1998-10-01,0.458439,0.479886,0.439672,0.441013,10550400
1998-10-02,0.434311,0.445034,0.412863,0.441013,10819200
1998-10-05,0.431629,0.442353,0.418225,0.431629,9820800
1998-10-06,0.439672,0.471843,0.431629,0.443693,15468800
1998-10-07,0.447715,0.447715,0.420906,0.426268,6643200
1998-10-08,0.414204,0.420906,0.394097,0.402140,9203200
1998-10-09,0.407501,0.442353,0.407501,0.439672,5971200
1998-10-12,0.453077,0.461120,0.445034,0.450396,4073600
1998-10-13,0.458439,0.458439,0.442353,0.442353,3529600
1998-10-14,0.445034,0.475864,0.439672,0.470503,5376000
1998-10-15,0.477206,0.546909,0.466482,0.531494,22361600
1998-10-16,0.530824,0.552271,0.514738,0.533505,6361600
1998-10-19,0.525462,0.576400,0.520100,0.560314,15555200
1998-10-20,0.572378,0.640742,0.560314,0.613932,33968000
1998-10-21,0.608571,0.611252,0.584443,0.584443,13484800
1998-10-22,0.584443,0.627337,0.584443,0.616614,11376000
1998-10-23,0.613932,0.613932,0.600528,0.611252,2841600
1998-10-26,0.597847,0.640742,0.592485,0.640742,5705600
1998-10-27,0.638061,0.648785,0.584443,0.584443,10156800
1998-10-28,0.573719,0.581761,0.558973,0.562995,3865600
1998-10-29,0.568357,0.603209,0.557633,0.600528,24444800
1998-10-30,0.611252,0.611252,0.600528,0.608571,14172800
1998-11-02,0.613932,0.688998,0.611252,0.688998,19692800
1998-11-03,0.672913,0.688998,0.648785,0.683637,10457600
1998-11-04,0.683637,0.688998,0.654147,0.672913,7190400
1998-11-05,0.670233,0.671573,0.646104,0.664870,2809600
1998-11-06,0.667551,0.694361,0.664870,0.678275,12867200
1998-11-09,0.703744,0.705084,0.640742,0.661519,21350400
1998-11-10,0.651466,0.659509,0.635380,0.638061,3472000
1998-11-11,0.646103,0.646103,0.616614,0.634039,6742400
1998-11-12,0.632699,0.632699,0.608571,0.619295,3459200
1998-11-13,0.627337,0.632699,0.616614,0.616614,7785600
1998-11-16,0.619295,0.651466,0.616614,0.638061,6268800
1998-11-17,0.635380,0.638061,0.615273,0.631359,9974400
1998-11-18,0.631359,0.659509,0.627338,0.659509,3328000
1998-11-19,0.662189,0.690339,0.656827,0.684977,7145600
1998-11-20,0.684977,0.686318,0.672913,0.676934,8496000
1998-11-23,0.678275,0.691680,0.675594,0.684977,4758400
1998-11-24,0.684977,0.691680,0.670232,0.675594,6384000
1998-11-25,0.675594,0.691680,0.670232,0.684977,3977600
1998-11-27,0.691680,0.691680,0.675594,0.683637,1193600
1998-11-30,0.683637,0.691680,0.664870,0.667551,3171200
1998-12-01,0.664870,0.686318,0.659509,0.683637,4556800
1998-12-02,0.678275,0.727872,0.678275,0.719829,9116800
1998-12-03,0.718489,0.723851,0.697041,0.699722,6582400
1998-12-04,0.697041,0.718489,0.667551,0.690339,7894400
1998-12-07,0.688998,0.691680,0.675594,0.690339,2556800
1998-12-08,0.691680,0.691680,0.680956,0.688998,3088000
1998-12-09,0.678275,0.715808,0.678275,0.715808,6668800
1998-12-10,0.717148,0.737255,0.702404,0.702404,6432000
1998-12-11,0.699722,0.713127,0.691680,0.706425,2048000
1998-12-14,0.688998,0.699722,0.686318,0.686318,2697600
1998-12-15,0.686317,0.697041,0.680956,0.682296,3177600
1998-12-16,0.683637,0.796235,0.680956,0.785512,17660800
1998-12-17,0.785512,0.793555,0.747979,0.758703,18873600
1998-12-18,0.756022,0.772108,0.750660,0.756022,14000000
1998-12-21,0.761384,0.780150,0.761384,0.774788,11939200
1998-12-22,0.766746,0.780150,0.758703,0.769427,3916800
1998-12-23,0.769427,0.793555,0.769427,0.788193,3187200
1998-12-24,0.785512,0.831088,0.785512,0.798917,5440000
1998-12-28,0.804279,0.833769,0.796236,0.829747,2924800
1998-12-29,0.828406,0.855216,0.809640,0.844492,5686400
1998-12-30,0.836450,0.847173,0.823045,0.828407,5152000
1998-12-31,0.836449,0.898111,0.829747,0.880685,10348800
1999-01-04,0.879344,0.908835,0.849854,0.852535,13932800
1999-01-05,0.857897,0.860578,0.825726,0.836450,10604800
1999-01-06,0.836450,0.836450,0.825726,0.834439,6883200
1999-01-07,0.828407,0.831088,0.815002,0.831088,9552000
1999-01-08,0.816342,0.892749,0.816342,0.887387,12032000
1999-01-11,0.879345,0.882025,0.849854,0.857897,6614400
1999-01-12,0.849854,0.868621,0.844493,0.860578,7097600
1999-01-13,0.844493,0.852536,0.823045,0.825726,8067200
1999-01-14,0.833768,0.836449,0.823045,0.827066,13491200
1999-01-15,0.823045,0.890068,0.823045,0.890068,11552000
1999-01-19,0.882025,0.906154,0.868621,0.878004,12185600
1999-01-20,0.868621,0.879344,0.855216,0.855216,7593600
1999-01-21,0.857897,0.857897,0.806959,0.809641,8099200
1999-01-22,0.806959,0.808299,0.788193,0.804278,3500800
1999-01-25,0.804278,0.804278,0.756022,0.766746,2691200
1999-01-26,0.766746,0.884707,0.766746,0.884707,17430400
1999-01-27,0.882025,0.906154,0.847173,0.849854,12252800
1999-01-28,0.863259,0.903473,0.860578,0.898111,14329600
1999-01-29,0.906154,0.932963,0.898111,0.922239,8086400
1999-02-01,0.890068,0.951730,0.884707,0.935644,15420800
1999-02-02,0.927602,0.946368,0.915537,0.943687,7372800
1999-02-03,0.927601,0.951730,0.920899,0.932963,6585600
1999-02-04,0.924920,0.938325,0.919559,0.930282,2265600
1999-02-05,0.928942,0.932963,0.898111,0.898111,8288000
1999-02-08,0.898111,0.918888,0.896771,0.902132,2576000
1999-02-09,0.895430,0.900792,0.836450,0.837790,4931200
1999-02-10,0.836450,0.882025,0.828407,0.857897,8451200
1999-02-11,0.879344,0.900792,0.861918,0.898111,3625600
1999-02-12,0.898111,0.898111,0.844492,0.844492,4396800
1999-02-16,0.852535,0.882025,0.844492,0.878004,6262400
1999-02-17,0.857897,0.879344,0.804278,0.817683,5702400
1999-02-18,0.823045,0.839130,0.798917,0.836450,3545600
1999-02-19,0.823045,0.844493,0.785512,0.793555,4896000
1999-02-22,0.793555,0.823045,0.785512,0.813662,12710400
1999-02-23,0.817683,0.911515,0.801598,0.906154,12489600
1999-02-24,0.898111,0.927602,0.836450,0.900792,34793600
1999-02-25,0.906154,0.927601,0.855216,0.906154,21948800
1999-02-26,0.911516,0.911516,0.868621,0.884707,4105600
1999-03-01,0.894089,0.903473,0.823045,0.873983,26684800
1999-03-02,0.884707,0.907495,0.865940,0.865940,14745600
1999-03-03,0.906154,0.927601,0.879344,0.899451,25219200
1999-03-04,0.908835,1.061647,0.900792,1.034838,90041600
1999-03-05,1.034839,1.096500,1.002668,1.095159,37792000
1999-03-08,1.081754,1.081754,1.061647,1.067010,34979200
1999-03-09,1.064328,1.064328,1.042881,1.061648,15772800
1999-03-10,1.067010,1.113926,1.064328,1.105883,27142400
1999-03-11,1.113926,1.113926,1.080414,1.098511,10720000
1999-03-12,1.093819,1.093819,1.053605,1.064329,8886400
1999-03-15,1.072371,1.072371,1.040200,1.046903,8432000
1999-03-16,1.050924,1.096499,1.045562,1.067010,10889600
1999-03-17,1.069690,1.136713,1.067009,1.112585,16630400
1999-03-18,1.115266,1.214460,1.112585,1.201056,39571200
1999-03-19,1.190332,1.233227,1.184971,1.217142,43408000
1999-03-22,1.115266,1.115266,0.983901,1.032157,82348800
1999-03-23,1.018752,1.018752,0.962453,0.986581,50912000
1999-03-24,0.981220,1.005348,0.978538,0.998645,26057600
1999-03-25,1.002667,1.021433,0.995965,1.010710,13753600
1999-03-26,1.010710,1.022774,0.983901,0.991944,16038400
1999-03-29,0.990603,0.991944,0.957091,0.962453,11110400
1999-03-30,0.959773,0.975858,0.957091,0.963794,21852800
1999-03-31,0.973177,0.986582,0.962453,0.975858,12483200
1999-04-01,0.973177,0.978539,0.955751,0.963794,3993600
1999-04-05,0.962454,0.974518,0.951730,0.954411,2582400
1999-04-06,0.959772,0.965134,0.919558,0.919558,7177600
1999-04-07,0.919559,0.936984,0.898111,0.930282,15430400
1999-04-08,0.927601,0.938325,0.908835,0.916878,9897600
1999-04-09,0.920899,0.927601,0.914196,0.927601,3833600
1999-04-12,0.916878,0.916878,0.906154,0.915537,3465600
1999-04-13,0.915537,0.938325,0.908835,0.918888,9110400
1999-04-14,0.918218,0.919558,0.903473,0.903473,6259200
1999-04-15,0.903472,0.912856,0.887387,0.887387,11756800
1999-04-16,0.886047,0.887387,0.860578,0.873983,9136000
1999-04-19,0.873983,0.879344,0.769427,0.773448,12358400
1999-04-20,0.777469,0.900792,0.769426,0.890068,28176000
1999-04-21,0.908835,0.908835,0.884707,0.892749,3891200
1999-04-22,0.903472,0.927601,0.895430,0.912856,6217600
1999-04-23,0.903473,0.922239,0.860578,0.869961,2582400
1999-04-26,0.865940,0.879344,0.863259,0.873983,1260800
1999-04-27,0.914196,0.970496,0.903472,0.951729,19510400
1999-04-28,0.957091,0.959772,0.932963,0.938325,10883200
1999-04-29,0.943687,0.943687,0.903473,0.927601,9977600
1999-04-30,0.941006,0.999986,0.918218,0.987922,66259200
1999-05-03,0.985241,0.989263,0.962454,0.965134,14377600
1999-05-04,0.963794,0.975858,0.949049,0.951729,34150400
1999-05-05,0.954410,0.970496,0.949049,0.962453,7529600
1999-05-06,0.973177,0.983900,0.965134,0.967814,4604800
1999-05-07,0.970496,0.975857,0.959772,0.970496,4796800
1999-05-10,0.973177,0.974517,0.953070,0.953070,14128000
1999-05-11,0.957762,1.026796,0.943687,1.024115,16470400
1999-05-12,1.028136,1.028136,1.002667,1.009369,4627200
1999-05-13,1.010710,1.021433,1.002667,1.008029,3824000
1999-05-14,1.002668,1.005348,0.983901,0.989262,5292800
1999-05-17,0.986581,1.002667,0.986581,0.997305,1926400
1999-05-18,1.002668,1.002668,0.986582,0.994625,3174400
1999-05-19,0.999986,1.024115,0.991944,1.022774,2563200
1999-05-20,1.022774,1.037519,1.008029,1.034838,3267200
1999-05-21,1.018753,1.029476,0.973177,0.974517,4112000
1999-05-24,0.975858,0.991943,0.938325,0.938325,14819200
1999-05-25,0.938325,0.949049,0.929612,0.930282,5728000
1999-05-26,0.930282,0.932963,0.898111,0.918218,7817600
1999-05-27,0.922239,0.922239,0.878004,0.898111,4579200
1999-05-28,0.895430,0.949049,0.890068,0.935644,10396800
1999-06-01,0.930282,0.943687,0.930282,0.932963,9196800
1999-06-02,0.934303,0.938325,0.894089,0.903473,7312000
1999-06-03,0.911515,0.911515,0.879344,0.892749,8345600
1999-06-04,0.890068,0.908835,0.886047,0.904813,5686400
1999-06-07,0.908835,0.958432,0.892749,0.947708,5846400
1999-06-08,0.951730,0.991944,0.938325,0.969155,9110400
1999-06-09,0.970496,0.970496,0.932963,0.935644,8524800
1999-06-10,0.932963,0.932963,0.924920,0.926260,2748800
1999-06-11,0.932963,0.947708,0.918218,0.919558,4345600
1999-06-14,0.916878,0.965134,0.916878,0.965134,4438400
1999-06-15,0.965134,1.022774,0.957091,1.004008,8326400
1999-06-16,1.024115,1.058967,1.021433,1.056286,16774400
1999-06-17,1.045562,1.077733,1.024115,1.075052,13372800
1999-06-18,1.072371,1.104542,1.071031,1.093819,13206400
1999-06-21,1.093818,1.093818,1.071031,1.075052,5718400
1999-06-22,1.072371,1.075052,1.050924,1.073042,4716800
1999-06-23,1.061648,1.075052,1.052264,1.069690,4764800
1999-06-24,1.072371,1.077733,1.029476,1.050924,5737600
1999-06-25,1.050924,1.056286,1.034839,1.048243,1440000
1999-06-28,1.037519,1.053604,1.034838,1.045562,1657600
1999-06-29,1.034839,1.058967,1.034839,1.054945,6140800
1999-06-30,1.069691,1.160842,1.069691,1.120628,36012800
1999-07-01,1.120628,1.134033,1.085776,1.117947,5619200
1999-07-02,1.120628,1.168885,1.109905,1.152799,9174400
1999-07-06,1.152799,1.168885,1.139394,1.159501,5948800
1999-07-07,1.156821,1.159501,1.142076,1.146097,3926400
1999-07-08,1.136714,1.163523,1.136714,1.152799,6982400
1999-07-09,1.152799,1.168884,1.152799,1.164863,5692800
1999-07-12,1.174247,1.174247,1.146097,1.154140,6656000
1999-07-13,1.151458,1.222503,1.151458,1.218482,35523200
1999-07-14,1.219823,1.246632,1.201056,1.242610,14931200
1999-07-15,1.247972,1.302931,1.245291,1.300250,19174400
1999-07-16,1.289526,1.321698,1.289526,1.304272,8540800
1999-07-19,1.308293,1.308293,1.235908,1.243951,14771200
1999-07-20,1.247971,1.254674,1.238589,1.251993,6588800
1999-07-21,1.243950,1.262717,1.238589,1.251993,8585600
1999-07-22,1.238589,1.243951,1.201056,1.214461,12230400
1999-07-23,1.214460,1.222503,1.187651,1.193013,4416000
1999-07-26,1.190332,1.193013,1.142075,1.150118,23801600
1999-07-27,1.155480,1.265398,1.136713,1.260036,26902400
1999-07-28,1.273441,1.423573,1.264058,1.369955,80128000
1999-07-29,1.361912,1.494617,1.329741,1.465128,52688000
1999-07-30,1.445021,1.664857,1.415530,1.662176,124396800
1999-08-02,1.640728,1.675580,1.589790,1.612578,50784000
1999-08-03,1.608557,1.627323,1.517406,1.560300,43820800
1999-08-04,1.536172,1.607217,1.528130,1.589790,29452800
1999-08-05,1.584429,1.589790,1.498639,1.544215,38320000
1999-08-06,1.501320,1.548236,1.501320,1.530810,38355200
1999-08-09,1.512043,1.522767,1.430275,1.474511,34566400
1999-08-10,1.453063,1.497299,1.412849,1.471829,20105600
1999-08-11,1.461105,1.544214,1.461105,1.540193,31849600
1999-08-12,1.546895,1.581748,1.544215,1.553598,23955200
1999-08-13,1.579067,1.646091,1.579067,1.644749,29155200
1999-08-16,1.643408,1.753327,1.638047,1.742603,30441600
1999-08-17,1.750646,1.772093,1.640728,1.640728,31942400
1999-08-18,1.648771,1.688985,1.609897,1.646090,15020800
1999-08-19,1.640728,1.701049,1.608556,1.697027,9731200
1999-08-20,1.702389,1.785498,1.699709,1.750646,23996800
1999-08-23,1.758689,1.796222,1.756008,1.793541,19417600
1999-08-24,1.780137,1.790861,1.758689,1.775445,23548800
1999-08-25,1.780136,1.782817,1.733220,1.765391,27155200
1999-08-26,1.769413,1.782817,1.731880,1.751986,13952000
1999-08-27,1.753327,1.758689,1.718475,1.733220,14937600
1999-08-30,1.739923,1.750646,1.726518,1.726518,11404800
1999-08-31,1.727858,1.731880,1.670218,1.671558,26003200
1999-09-01,1.672899,1.723837,1.672899,1.686304,23235200
1999-09-02,1.683623,1.705070,1.664856,1.667538,8841600
1999-09-03,1.697028,1.844479,1.697028,1.790860,19011200
1999-09-07,1.782817,2.002653,1.780136,1.981206,56480000
1999-09-08,1.939652,1.962440,1.883353,1.908821,29155200
1999-09-09,1.928928,2.048229,1.820351,1.836436,55398400
1999-09-10,1.855202,1.871288,1.764051,1.801584,33011200
1999-09-13,1.796221,1.906139,1.796221,1.882011,15084800
1999-09-14,1.884693,1.949035,1.877990,1.924236,23974400
1999-09-15,1.930268,1.951716,1.707751,1.715794,35740800
1999-09-16,1.729199,1.750646,1.624643,1.691666,30937600
1999-09-17,1.705070,1.715794,1.660835,1.699709,21017600
1999-09-20,1.705071,1.706411,1.662176,1.662176,18243200
1999-09-21,1.656814,1.666196,1.608557,1.620621,23888000
1999-09-22,1.654133,1.715794,1.646090,1.713113,22035200
1999-09-23,1.717134,1.750646,1.640728,1.647431,23120000
1999-09-24,1.659495,1.707751,1.605876,1.658154,19376000
1999-09-27,1.683622,1.721156,1.402125,1.491936,86950400
1999-09-28,1.506682,1.534831,1.436977,1.491936,44896000
1999-09-29,1.501320,1.538853,1.454404,1.465128,13251200
1999-09-30,1.506682,1.517406,1.372635,1.376656,38768000
1999-10-01,1.383359,1.439658,1.373976,1.403466,22912000
1999-10-04,1.396764,1.418211,1.364592,1.387380,15337600
1999-10-05,1.392742,1.396763,1.368614,1.395423,19619200
1999-10-06,1.414190,1.453063,1.394083,1.431616,12518400
1999-10-07,1.442340,1.624643,1.439658,1.582418,20476800
1999-10-08,1.589790,1.608556,1.544214,1.546225,8291200
1999-10-11,1.554938,1.587110,1.493277,1.573705,6224000
1999-10-12,1.575045,1.576386,1.498639,1.501320,5744000
1999-10-13,1.499980,1.549577,1.463787,1.512044,14531200
1999-10-14,1.521427,1.544215,1.493277,1.504001,5398400
1999-10-15,1.497299,1.498639,1.391402,1.404806,10672000
1999-10-18,1.418211,1.431616,1.372635,1.384699,12444800
1999-10-19,1.415530,1.490596,1.408828,1.465128,10163200
1999-10-20,1.490596,1.506682,1.415530,1.430274,11654400
1999-10-21,1.422232,1.422232,1.364592,1.410168,8940800
1999-10-22,1.410168,1.504000,1.408827,1.493277,11081600
1999-10-25,1.479872,1.490596,1.455744,1.463787,13033600
1999-10-26,1.469149,1.469149,1.340464,1.382019,20083200
1999-10-27,1.386039,1.434296,1.343144,1.402125,26009600
1999-10-28,1.504000,1.506682,1.310974,1.367274,66233600
1999-10-29,1.359231,1.399445,1.276122,1.355209,43856000
1999-11-01,1.355209,1.355209,1.355209,1.355209,0
1999-11-02,0.863259,1.096499,0.857897,1.050924,455376000
1999-11-03,1.072371,1.120628,1.061648,1.069690,51324800
1999-11-04,1.068350,1.088457,0.991944,1.005348,34598400
1999-11-05,1.010710,1.024115,0.983901,1.001327,21513600
1999-11-08,1.005348,1.042881,1.001326,1.032157,21443200
1999-11-09,1.034839,1.050924,0.999986,0.999986,11097600
1999-11-10,1.001326,1.010710,0.986582,0.999986,22982400
1999-11-11,0.998646,1.024115,0.993284,1.024115,14723200
1999-11-12,1.024115,1.024115,0.999986,1.004008,22326400
1999-11-15,0.999986,1.018753,0.994625,1.010710,12320000
1999-11-16,1.013391,1.018752,0.999986,1.016072,20345600
1999-11-17,1.018753,1.163858,1.016072,1.104542,38652800
1999-11-18,1.115266,1.116607,0.997305,1.009369,45670400
1999-11-19,1.016072,1.029476,0.986582,0.991944,17958400
1999-11-22,0.999986,1.010710,0.965134,0.983901,22163200
1999-11-23,0.982561,0.983901,0.922239,0.958432,24092800
1999-11-24,0.941006,1.067009,0.938325,1.041540,13257600
1999-11-26,1.058967,1.067010,1.040200,1.050924,6198400
1999-11-29,1.060307,1.073711,1.040200,1.057626,13926400
1999-11-30,1.056286,1.064328,1.013391,1.029476,15708800
1999-12-01,1.010710,1.029476,0.966474,0.997305,17926400
1999-12-02,0.989262,0.989262,0.946367,0.970496,11955200
1999-12-03,0.985911,1.037519,0.965134,0.977198,16905600
1999-12-06,0.962453,0.989262,0.946367,0.952399,14444800
1999-12-07,0.953070,0.967815,0.914196,0.949049,10179200
1999-12-08,0.946368,0.986582,0.911516,0.922239,10550400
1999-12-09,0.922239,0.922239,0.857897,0.878004,32272000
1999-12-10,0.883365,0.883365,0.825726,0.836450,35507200
1999-12-13,0.828407,0.884707,0.825726,0.857897,35974400
1999-12-14,0.860578,0.863259,0.829747,0.829747,13910400
1999-12-15,0.820364,0.865604,0.804278,0.847173,18972800
1999-12-16,0.857897,0.860578,0.832428,0.837790,17795200
1999-12-17,0.839130,0.841812,0.815002,0.817683,11593600
1999-12-20,0.820364,0.825726,0.793555,0.798917,10048000
1999-12-21,0.798917,0.879344,0.793555,0.871301,40432000
1999-12-22,0.879344,1.013391,0.876664,0.974517,35033600
1999-12-23,1.005348,1.056286,0.991944,0.994625,30243200
1999-12-27,1.029477,1.042881,0.983901,1.022774,16048000
1999-12-28,1.037519,1.136713,1.034838,1.115266,66025600
1999-12-29,1.127330,1.198375,1.115266,1.160842,40252800
1999-12-30,1.168885,1.187651,1.160842,1.168885,12704000
1999-12-31,1.164864,1.190332,1.138054,1.160842,8720000
2000-01-03,1.225184,1.235907,1.178268,1.207758,54070400
2000-01-04,1.168885,1.179608,1.142076,1.152799,38960000
2000-01-05,1.152799,1.155480,1.128670,1.143416,24038400
2000-01-06,1.136714,1.227865,1.136714,1.221163,35760000
2000-01-07,1.233227,1.442340,1.231887,1.407487,67779200
2000-01-10,1.412849,1.682282,1.407487,1.591130,61219200
2000-01-11,1.593812,1.595152,1.420892,1.445690,46502400
2000-01-12,1.466468,1.479873,1.396764,1.432957,21923200
2000-01-13,1.479873,1.514724,1.436978,1.512044,23811200
2000-01-14,1.522097,1.550582,1.458425,1.477192,38908800
2000-01-18,1.474510,1.475851,1.348507,1.467808,38672000
2000-01-19,1.455744,1.455744,1.284165,1.348507,81686400
2000-01-20,1.403466,1.404806,1.260036,1.341804,39651200
2000-01-21,1.344485,1.387380,1.329741,1.337784,25081600
2000-01-24,1.373975,1.373975,1.187651,1.188992,51062400
2000-01-25,1.201056,1.221163,1.125990,1.214461,38486400
2000-01-26,1.218482,1.218482,1.120628,1.157490,29126400
2000-01-27,1.172906,1.180949,1.061648,1.064329,23321600
2000-01-28,1.072371,1.096499,0.990603,1.050253,44937600
2000-01-31,1.054945,1.120628,0.962453,1.004008,23894400
2000-02-01,0.994624,1.045562,0.983901,0.990603,31091200
2000-02-02,0.999986,1.050924,0.973177,0.985241,40953600
2000-02-03,1.008029,1.010710,0.959773,0.965134,39974400
2000-02-04,0.986581,1.008029,0.967815,1.002667,34313600
2000-02-07,1.018753,1.199715,0.997305,1.164863,55174400
2000-02-08,1.188992,1.281484,1.147437,1.272101,42739200
2000-02-09,1.296229,1.308293,1.163523,1.178268,36944000
2000-02-10,1.204407,1.257355,1.147437,1.187316,31875200
2000-02-11,1.188992,1.214460,1.144756,1.199715,35638400
2000-02-14,1.204407,1.297569,1.203736,1.288186,34112000
2000-02-15,1.297569,1.372635,1.276122,1.361912,52416000
2000-02-16,1.372635,1.458425,1.367273,1.372635,65075200
2000-02-17,1.439658,1.627323,1.439658,1.597833,72723200
2000-02-18,1.565662,1.726518,1.516065,1.652792,75715200
2000-02-22,1.621962,1.640728,1.463787,1.606546,44249600
2000-02-23,1.639387,1.656814,1.587109,1.624642,25321600
2000-02-24,1.643409,1.670218,1.549577,1.573705,22582400
2000-02-25,1.630004,1.640727,1.436977,1.551586,35862400
2000-02-28,1.516064,1.571024,1.477191,1.521426,28585600
2000-02-29,1.525448,1.646090,1.522767,1.640728,23766400
2000-03-01,1.625983,1.743944,1.625983,1.715123,36835200
2000-03-02,1.731880,1.758689,1.643409,1.672899,16652800
2000-03-03,1.694347,1.777456,1.672899,1.713113,16841600
2000-03-06,1.721156,1.812307,1.691665,1.766731,22163200
2000-03-07,1.793541,1.823031,1.571025,1.644749,19222400
2000-03-08,1.732215,1.737241,1.533491,1.585769,15993600
2000-03-09,1.608557,1.630004,1.522767,1.536171,14304000
2000-03-10,1.565662,1.589791,1.487916,1.537512,18297600
2000-03-13,1.475851,1.520086,1.430275,1.453063,18227200
2000-03-14,1.478531,1.581747,1.372635,1.455743,43184000
2000-03-15,1.471830,1.504001,1.369955,1.371295,23276800
2000-03-16,1.501319,1.505340,1.383358,1.418210,17696000
2000-03-17,1.388721,1.495958,1.329740,1.367274,18880000
2000-03-20,1.364592,1.479872,1.190332,1.231886,29299200
2000-03-21,1.230546,1.310974,1.142076,1.221163,48233600
2000-03-22,1.277462,1.383359,1.270760,1.373975,17088000
2000-03-23,1.447701,1.536172,1.415530,1.493277,43878400
2000-03-24,1.498639,1.560300,1.487915,1.509363,18467200
2000-03-27,1.542874,1.546896,1.453064,1.497299,17868800
2000-03-28,1.536172,1.603196,1.493277,1.510703,13974400
2000-03-29,1.544215,1.608557,1.394083,1.428934,21843200
2000-03-30,1.390062,1.390062,1.265398,1.265398,29782400
2000-03-31,1.321697,1.377997,1.308293,1.359231,32233600
2000-04-03,1.319016,1.361911,1.286845,1.288186,19635200
2000-04-04,1.302931,1.317676,1.176927,1.270760,23440000
2000-04-05,1.270760,1.394083,1.230546,1.335103,35942400
2000-04-06,1.408828,1.442340,1.340464,1.414525,28924800
2000-04-07,1.447701,1.447701,1.351188,1.357890,24265600
2000-04-10,1.367274,1.399445,1.319017,1.329741,15536000
2000-04-11,1.345826,1.349847,1.249313,1.340464,18240000
2000-04-12,1.316335,1.319016,1.203736,1.247971,20832000
2000-04-13,1.261377,1.332421,1.174247,1.305612,24284800
2000-04-14,1.306952,1.308293,1.174247,1.186311,18460800
2000-04-17,1.170225,1.179608,1.083095,1.091138,32432000
2000-04-18,1.099181,1.190332,1.076392,1.172906,31932800
2000-04-19,1.206418,1.206418,1.115266,1.115601,14256000
2000-04-20,1.155480,1.155480,1.044221,1.099181,20832000
2000-04-24,1.115265,1.115265,0.999985,1.053604,8732800
2000-04-25,1.073712,1.083095,1.026796,1.028136,17948800
2000-04-26,1.049583,1.050924,0.959772,0.986581,23382400
2000-04-27,0.973177,0.973177,0.927601,0.931623,20278400
2000-04-28,0.971837,1.166204,0.954410,1.162182,31238400
2000-05-01,1.159501,1.214460,1.045562,1.195694,24006400
2000-05-02,1.221163,1.286845,1.120628,1.227865,22195200
2000-05-03,1.231886,1.233227,1.142075,1.150118,12617600
2000-05-04,1.172906,1.388721,1.167545,1.355209,32393600
2000-05-05,1.298909,1.517070,1.260036,1.479872,41792000
2000-05-08,1.458425,1.469149,1.377998,1.439658,22076800
2000-05-09,1.451722,1.474511,1.391402,1.395423,28553600
2000-05-10,1.380678,1.383359,1.278803,1.329741,14000000
2000-05-11,1.340464,1.408828,1.319017,1.330746,7113600
2000-05-12,1.328400,1.345826,1.304272,1.333762,11344000
2000-05-15,1.336443,1.383359,1.265398,1.382019,7756800
2000-05-16,1.380678,1.479872,1.380678,1.461106,15056000
2000-05-17,1.457085,1.458425,1.384699,1.407487,22387200
2000-05-18,1.415530,1.415530,1.345826,1.348507,16163200
2000-05-19,1.356550,1.356550,1.260037,1.282489,10886400
2000-05-22,1.286845,1.313655,1.225184,1.281484,10668800
2000-05-23,1.272101,1.313655,1.260037,1.298910,17440000
2000-05-24,1.289526,1.428599,1.262717,1.392742,19913600
2000-05-25,1.390061,1.446361,1.319016,1.327059,12307200
2000-05-26,1.211444,1.213120,1.104542,1.139394,31942400
2000-05-30,1.163523,1.203737,1.058967,1.203737,29011200
2000-05-31,1.198375,1.203736,1.166204,1.172906,6003200
2000-06-01,1.201056,1.225184,1.179609,1.214461,5356800
2000-06-02,1.242611,1.341805,1.219823,1.337784,9289600
2000-06-05,1.313655,1.327060,1.250653,1.286846,8361600
2000-06-06,1.300250,1.404806,1.284164,1.332421,10672000
2000-06-07,1.351188,1.420892,1.297569,1.415530,13897600
2000-06-08,1.422233,1.422233,1.286846,1.293548,12883200
2000-06-09,1.316336,1.466468,1.314996,1.426254,18563200
2000-06-12,1.434296,1.436977,1.276121,1.276121,12643200
2000-06-13,1.266738,1.353868,1.243950,1.352528,12819200
2000-06-14,1.340464,1.404806,1.337783,1.344485,4963200
2000-06-15,1.321697,1.388721,1.260037,1.380678,14387200
2000-06-16,1.363922,1.482553,1.351187,1.410168,20144000
2000-06-19,1.415530,1.506682,1.327059,1.506682,11052800
2000-06-20,1.502660,1.640728,1.490596,1.607216,25004800
2000-06-21,1.479872,1.597833,1.423573,1.546895,29312000
2000-06-22,1.546895,1.557619,1.361912,1.363252,32425600
2000-06-23,1.420892,1.591131,1.390062,1.489256,29561600
2000-06-26,1.493277,1.509363,1.380678,1.463787,16083200
2000-06-27,1.463787,1.469148,1.443680,1.447701,14188800
2000-06-28,1.462446,1.546895,1.450382,1.545555,19318400
2000-06-29,1.469149,1.571024,1.429270,1.514724,32009600
2000-06-30,1.517406,1.536172,1.418211,1.525448,51056000
2000-07-03,1.508023,1.526788,1.482553,1.498639,2057600
2000-07-05,1.522767,1.556949,1.506681,1.521426,13731200
2000-07-06,1.524108,1.576386,1.520087,1.568343,15804800
2000-07-07,1.587110,1.753327,1.587110,1.722497,39459200
2000-07-10,1.715794,1.746625,1.608557,1.702390,17740800
2000-07-11,1.717134,1.798903,1.698367,1.780136,17724800
2000-07-12,1.777456,1.934289,1.766732,1.916864,31772800
2000-07-13,1.898096,1.924906,1.686303,1.762709,30131200
2000-07-14,1.762710,1.780136,1.723837,1.729198,9350400
2000-07-17,1.756008,1.812307,1.705070,1.769412,12636800
2000-07-18,1.772094,1.772094,1.672899,1.719815,9056000
2000-07-19,1.714454,1.731880,1.603195,1.603195,9075200
2000-07-20,1.608557,1.668878,1.554938,1.554938,11465600
2000-07-21,1.576386,1.646090,1.546895,1.609897,6131200
2000-07-24,1.597833,1.705070,1.494617,1.498639,10451200
2000-07-25,1.522767,1.528129,1.415530,1.473169,8566400
2000-07-26,1.470489,1.512043,1.434296,1.491936,13824000
2000-07-27,1.495959,1.504001,1.418211,1.443680,8627200
2000-07-28,1.477861,1.567002,1.474511,1.504001,14857600
2000-07-31,1.517406,1.624643,1.501320,1.589790,15580800
2000-08-01,1.613919,1.922226,1.605876,1.864586,56102400
2000-08-02,1.810967,1.836436,1.772093,1.806946,30928000
2000-08-03,1.774774,1.957077,1.713113,1.950375,23772800
2000-08-04,1.899437,1.900778,1.821691,1.865926,21721600
2000-08-07,1.875309,1.922225,1.839117,1.915523,15142400
2000-08-08,1.910161,1.999973,1.883017,1.939651,24345600
2000-08-09,1.951715,1.953056,1.874304,1.906140,16160000
2000-08-10,1.903460,1.904800,1.770753,1.857883,12329600
2000-08-11,1.847158,1.863244,1.801582,1.852520,12326400
2000-08-14,1.873969,1.892736,1.853862,1.863245,6140800
2000-08-15,1.865926,1.908821,1.772093,1.812307,7648000
2000-08-16,1.847159,1.916863,1.762040,1.840457,11248000
2000-08-17,1.823031,1.973163,1.820350,1.936971,11849600
2000-08-18,1.938312,1.951716,1.872629,1.930269,10924800
2000-08-21,1.939651,2.057612,1.902118,2.038845,14457600
2000-08-22,2.038846,2.254661,1.993271,2.250640,25312000
2000-08-23,2.210425,2.217128,2.123295,2.152785,24604800
2000-08-24,2.143402,2.251980,2.142062,2.193000,17635200
2000-08-25,2.210425,2.305598,2.190318,2.209085,24163200
2000-08-28,2.203722,2.221148,2.095144,2.099166,11600000
2000-08-29,2.139381,2.187302,2.101848,2.129998,19139200
2000-08-30,2.115252,2.260022,2.115252,2.239915,10979200
2000-08-31,2.249299,2.392728,2.239916,2.316322,18451200
2000-09-01,2.343131,2.348493,2.222489,2.251979,7875200
2000-09-05,2.213105,2.302916,2.107209,2.108549,20345600
2000-09-06,2.144742,2.144742,1.930268,1.949035,30144000
2000-09-07,1.943672,2.217127,1.942332,2.143402,37484800
2000-09-08,2.163509,2.262703,2.091124,2.187637,13718400
2000-09-11,2.209085,2.230532,2.104529,2.104529,17043200
2000-09-12,2.123965,2.144742,2.022760,2.038845,6902400
2000-09-13,2.022761,2.088443,1.967802,2.080400,11356800
2000-09-14,2.104528,2.210425,2.101847,2.182276,20076800
2000-09-15,2.155466,2.227851,2.099166,2.218468,23244800
2000-09-18,2.140721,2.144742,1.993270,1.999972,19308800
2000-09-19,1.998631,2.134019,1.977184,2.101847,21801600
2000-09-20,2.112571,2.112571,2.044208,2.091124,10793600
2000-09-21,2.107209,2.282810,2.079059,2.206403,17235200
2000-09-22,2.190318,2.373961,2.152785,2.345812,31980800
2000-09-25,2.337769,2.533476,2.332407,2.491587,36144000
2000-09-26,2.485220,2.528115,2.158147,2.282810,45699200
2000-09-27,2.284150,2.359216,2.230532,2.292528,20022400
2000-09-28,2.292193,2.487901,2.280129,2.486560,32915200
2000-09-29,2.461092,2.487901,2.323024,2.352514,29782400
2000-10-02,2.368600,2.371281,2.230532,2.233213,16102400
2000-10-03,2.280130,2.375303,2.179594,2.213106,19843200
2000-10-04,2.229192,2.230532,2.071017,2.101847,22128000
2000-10-05,2.084421,2.221149,2.080735,2.124635,16761600
2000-10-06,2.123295,2.190318,1.940992,1.986567,30726400
2000-10-09,1.991930,2.003994,1.853862,1.930269,19664000
2000-10-10,1.925577,2.085763,1.845819,2.033484,18073600
2000-10-11,2.026782,2.131339,1.914183,2.009356,12457600
2000-10-12,2.121955,2.182276,1.914183,1.930269,19350400
2000-10-13,1.892735,2.058952,1.880670,2.057612,22137600
2000-10-16,2.088443,2.168871,2.058953,2.117934,21558400
2000-10-17,2.163509,2.206404,2.099167,2.140721,25523200
2000-10-18,2.123296,2.134019,1.930269,1.969142,17840000
2000-10-19,1.995951,2.005334,1.896757,1.961099,16675200
2000-10-20,1.946354,1.973163,1.849840,1.898097,20092800
2000-10-23,1.934289,2.123295,1.916864,2.079060,20505600
2000-10-24,2.107210,2.152786,1.817670,1.837776,52003200
2000-10-25,1.833755,1.973163,1.833755,1.970483,78112000
2000-10-26,2.006675,2.037506,1.914183,1.951716,34444800
2000-10-27,1.769412,1.923565,1.747965,1.766731,93625600
2000-10-30,1.844479,1.855203,1.769413,1.817670,66624000
2000-10-31,1.798903,1.876650,1.758689,1.844479,27894400
2000-11-01,1.823030,1.924906,1.769412,1.820350,26128000
2000-11-02,1.831074,1.906140,1.809627,1.888714,27420800
2000-11-03,1.887373,1.973163,1.857883,1.890054,19875200
2000-11-06,1.877990,2.021084,1.864586,2.008015,27027200
2000-11-07,1.971823,2.030803,1.950375,2.017398,27872000
2000-11-08,1.990589,2.022761,1.928928,1.934289,31107200
2000-11-09,1.935631,2.009356,1.871288,1.920885,24889600
2000-11-10,1.908821,1.990589,1.903459,1.934289,12857600
2000-11-13,1.919544,1.920215,1.613919,1.687644,43756800
2000-11-14,1.713113,1.718475,1.609897,1.663516,24265600
2000-11-15,1.684963,1.713113,1.605876,1.672899,25318400
2000-11-16,1.658154,1.707751,1.628664,1.630004,9996800
2000-11-17,1.667537,1.670218,1.478532,1.506682,31888000
2000-11-20,1.538853,1.538853,1.306952,1.386040,42656000
2000-11-21,1.487916,1.517406,1.395423,1.466468,51577600
2000-11-22,1.471829,1.589790,1.447701,1.554938,48723200
2000-11-24,1.575715,1.576386,1.474511,1.501655,22761600
2000-11-27,1.545555,1.627324,1.529470,1.581748,31872000
2000-11-28,1.583758,1.699709,1.565662,1.617940,31696000
2000-11-29,1.621961,1.796222,1.611237,1.742603,35798400
2000-11-30,1.747965,1.785499,1.688985,1.746625,35968000
2000-12-01,1.742604,1.890055,1.739923,1.887374,33673600
2000-12-04,1.879330,1.888714,1.694347,1.758689,20041600
2000-12-05,1.774774,1.886033,1.758689,1.883352,13408000
2000-12-06,1.894076,1.962439,1.840457,1.861905,14995200
2000-12-07,1.868607,1.924907,1.822026,1.857883,8963200
2000-12-08,1.884692,2.088442,1.883352,2.083080,30003200
2000-12-11,2.016058,2.069677,1.907481,1.966460,45852800
2000-12-12,1.989249,1.994611,1.810967,1.810967,32009600
2000-12-13,1.848500,1.849841,1.707751,1.713113,64384000
2000-12-14,1.675580,1.693006,1.591130,1.668878,52441600
2000-12-15,1.664856,1.702390,1.616600,1.655473,36892800
2000-12-18,1.697698,1.774775,1.678262,1.746625,45308800
2000-12-19,1.745285,1.782817,1.679602,1.715794,40960000
2000-12-20,1.715794,1.737241,1.513384,1.663516,43113600
2000-12-21,1.630004,1.662176,1.479872,1.510703,27472000
2000-12-22,1.533491,1.651452,1.532151,1.573705,21859200
2000-12-26,1.567002,1.766731,1.565662,1.766731,19049600
2000-12-27,1.741262,1.780136,1.616599,1.711773,19776000
2000-12-28,1.717134,1.801584,1.715794,1.739922,14044800
2000-12-29,1.729198,1.852521,1.729198,1.778796,15110400
2001-01-02,1.790860,1.790860,1.571024,1.589790,38233600
2001-01-03,1.588450,1.715794,1.431616,1.655473,42412800
2001-01-04,1.670218,1.734560,1.407822,1.410168,40121600
2001-01-05,1.416870,1.419551,1.193013,1.254674,107948800
2001-01-08,1.256015,1.276122,1.067010,1.166204,104924800
2001-01-09,1.179608,1.214460,1.125990,1.159501,77571200
2001-01-10,1.138724,1.220157,1.138054,1.202396,53305600
2001-01-11,1.241270,1.247972,1.179608,1.221163,38502400
2001-01-12,1.201056,1.345826,1.168884,1.279138,33148800
2001-01-16,1.302932,1.470154,1.289527,1.398104,47542400
2001-01-17,1.428265,1.431616,1.227865,1.269419,33747200
2001-01-18,1.270760,1.294888,1.211779,1.270760,45702400
2001-01-19,1.347167,1.357891,1.254675,1.277462,31382400
2001-01-22,1.290866,1.391402,1.286845,1.325719,27097600
2001-01-23,1.353199,1.487915,1.312314,1.476856,41769600
2001-01-24,1.477192,1.485235,1.383359,1.403466,33664000
2001-01-25,1.419551,1.426254,1.372635,1.407487,19331200
2001-01-26,1.365933,1.426254,1.351188,1.380678,27078400
2001-01-29,1.382018,1.502660,1.369954,1.479872,32451200
2001-01-30,1.482553,1.501320,1.432956,1.445020,16272000
2001-01-31,1.463787,1.478532,1.443680,1.451722,19267200
2001-02-01,1.457085,1.458425,1.369955,1.384699,23692800
2001-02-02,1.384700,1.399445,1.327060,1.355209,22012800
2001-02-05,1.345826,1.375316,1.270760,1.321698,25974400
2001-02-06,1.309633,1.431616,1.308628,1.412849,27116800
2001-02-07,1.414189,1.416870,1.324379,1.392742,30108800
2001-02-08,1.402125,1.461105,1.292207,1.309633,66944000
2001-02-09,1.306952,1.364592,1.306952,1.351858,33257600
2001-02-12,1.348507,1.516065,1.341804,1.495958,54300800
2001-02-13,1.499979,1.568342,1.449041,1.450382,57667200
2001-02-14,1.450382,1.485235,1.390062,1.427594,29980800
2001-02-15,1.477191,1.477191,1.407487,1.428934,21059200
2001-02-16,1.390062,1.509363,1.390062,1.495958,23808000
2001-02-20,1.567002,1.587109,1.420892,1.504001,86531200
2001-02-21,1.479872,1.504000,1.404806,1.418210,33913600
2001-02-22,1.426254,1.426254,1.313655,1.359231,16435200
2001-02-23,1.364592,1.495958,1.351188,1.482553,31908800
2001-02-26,1.493277,1.571024,1.490596,1.565662,35779200
2001-02-27,1.565662,1.587109,1.509363,1.541534,25470400
2001-02-28,1.554938,1.605876,1.525448,1.603195,18251200
2001-03-01,1.584429,1.603195,1.407487,1.506682,31913600
2001-03-02,1.490596,1.573705,1.485234,1.538853,20952000
2001-03-05,1.549577,1.565662,1.439658,1.439658,14086400
2001-03-06,1.478532,1.538853,1.461105,1.501320,17443200
2001-03-07,1.533491,1.533491,1.426254,1.431616,11878400
2001-03-08,1.455744,1.469148,1.428934,1.450382,14043200
2001-03-09,1.469149,1.501320,1.412849,1.439658,20886400
2001-03-12,1.402125,1.402125,1.241270,1.270760,55155200
2001-03-13,1.270760,1.351187,1.268079,1.332421,23748800
2001-03-14,1.302931,1.434297,1.297569,1.423573,35952000
2001-03-15,1.423573,1.485234,1.386040,1.399445,24556800
2001-03-16,1.399445,1.420892,1.276122,1.294889,33147200
2001-03-19,1.308293,1.485234,1.297569,1.469148,23337600
2001-03-20,1.471830,1.485235,1.399445,1.407487,19283200
2001-03-21,1.410168,1.410168,1.227865,1.238589,27972800
2001-03-22,1.233227,1.278802,1.152799,1.249313,49011200
2001-03-23,1.284164,1.364592,1.270760,1.273440,35204800
2001-03-26,1.268079,1.391402,1.265398,1.377998,29200000
2001-03-27,1.375316,1.393412,1.310974,1.369955,15516800
2001-03-28,1.351188,1.399445,1.345826,1.372635,17827200
2001-03-29,1.372635,1.474511,1.324379,1.377998,22908800
2001-03-30,1.380678,1.415530,1.367273,1.394082,14294400
2001-04-02,1.395423,1.412849,1.260037,1.310974,25326400
2001-04-03,1.286846,1.305612,1.235908,1.262717,17044800
2001-04-04,1.262717,1.327059,1.241270,1.251993,12929600
2001-04-05,1.297569,1.367273,1.270760,1.364592,20753600
2001-04-06,1.356550,1.450382,1.310974,1.380678,19417600
2001-04-09,1.383359,1.464001,1.375638,1.450275,13137600
2001-04-10,1.454564,1.571667,1.451132,1.556654,43772800
2001-04-11,1.578531,1.581104,1.500891,1.533062,25352000
2001-04-12,1.540783,1.667323,1.520622,1.654025,23422400
2001-04-16,1.639012,1.681049,1.591827,1.621425,22400000
2001-04-17,1.623570,1.685768,1.595688,1.683194,15897600
2001-04-18,1.695204,1.769413,1.690486,1.758689,32326400
2001-04-19,1.762978,1.808876,1.715794,1.804586,19140800
2001-04-20,1.780565,1.797723,1.724801,1.733809,18073600
2001-04-23,1.715794,1.744962,1.640299,1.644588,13305600
2001-04-24,1.643302,1.654025,1.572096,1.581533,16043200
2001-04-25,1.593973,1.709360,1.593973,1.683194,22035200
2001-04-26,1.683623,1.872360,1.683623,1.788286,35606400
2001-04-27,1.833755,1.958579,1.827320,1.955147,46368000
2001-04-30,1.934557,2.139165,1.929839,2.100989,54358400
2001-05-01,2.104851,2.159756,2.041795,2.148603,36360000
2001-05-02,2.152892,2.198360,2.084689,2.119863,61388800
2001-05-03,2.068389,2.078684,2.008337,2.050802,32820800
2001-05-04,2.043510,2.171766,2.011339,2.167906,14632000
2001-05-07,2.168334,2.324471,2.146887,2.194071,31049600
2001-05-08,2.213374,2.249835,2.101848,2.148174,19702400
2001-05-09,2.114716,2.236966,2.112142,2.127584,18868800
2001-05-10,2.151177,2.206940,2.065387,2.080829,19566400
2001-05-11,2.088550,2.150747,2.059810,2.091124,10113600
2001-05-14,2.095413,2.111284,2.037505,2.059381,8953600
2001-05-15,2.059381,2.140453,1.991178,1.995468,19926400
2001-05-16,1.989034,2.297019,1.965441,2.263132,49984000
2001-05-17,2.269996,2.487044,2.263991,2.485328,61409600
2001-05-18,2.481467,2.481896,2.262703,2.314177,68102400
2001-05-21,2.308172,2.573691,2.303882,2.568114,44356800
2001-05-22,2.559107,2.568115,2.466454,2.482325,24835200
2001-05-23,2.477606,2.481467,2.271282,2.273427,35392000
2001-05-24,2.194072,2.331335,2.161901,2.331335,58017600
2001-05-25,2.320612,2.380664,2.307743,2.335625,24172800
2001-05-29,2.312032,2.316322,2.244258,2.262274,25536000
2001-05-30,2.231390,2.303024,2.179916,2.180345,25492800
2001-05-31,2.188066,2.278145,2.166190,2.219808,33379200
2001-06-01,2.241255,2.391387,2.202650,2.388385,30720000
2001-06-04,2.391388,2.483612,2.378090,2.475033,28544000
2001-06-05,2.475461,2.551814,2.445006,2.457875,28766400
2001-06-06,2.460449,2.476320,2.319754,2.337769,27240000
2001-06-07,2.323185,2.408117,2.291443,2.306885,20030400
2001-06-08,2.318466,2.318466,2.218950,2.228387,23390400
2001-06-11,2.229245,2.234393,2.101848,2.128871,22374400
2001-06-12,2.110855,2.182919,2.026782,2.151177,26771200
2001-06-13,2.190211,2.227529,2.152892,2.161471,22227200
2001-06-14,2.155466,2.156752,2.059381,2.104421,13544000
2001-06-15,2.144742,2.219808,2.086834,2.212516,43027200
2001-06-18,2.230533,2.302596,2.187638,2.198362,33056000
2001-06-19,2.230533,2.275572,2.168335,2.228817,24766400
2001-06-20,2.236967,2.464738,2.236538,2.463881,52390400
2001-06-21,2.434283,2.498196,2.412835,2.470743,48112000
2001-06-22,2.485756,2.633743,2.410690,2.622162,48728000
2001-06-25,2.601573,2.614441,2.434283,2.467312,40249600
2001-06-26,2.445006,2.520072,2.399966,2.485756,24339200
2001-06-27,2.481896,2.580554,2.476319,2.552672,23411200
2001-06-28,2.573691,2.657764,2.541519,2.571975,50544000
2001-06-29,2.590849,2.613154,2.394391,2.496052,13601600
2001-07-02,2.509348,2.573690,2.434282,2.473316,26808000
2001-07-03,2.463880,2.531224,2.442861,2.494764,22038400
2001-07-05,2.498625,2.527793,2.432996,2.442432,16915200
2001-07-06,2.434283,2.453156,2.363506,2.390101,21524800
2001-07-09,2.382809,2.477178,2.382809,2.411978,27235200
2001-07-10,2.410691,2.421414,2.321040,2.337769,40697600
2001-07-11,2.313747,2.316321,2.161900,2.269995,21601600
2001-07-12,2.238681,2.302595,2.179058,2.294874,14872000
2001-07-13,2.281577,2.470743,2.275572,2.429135,21432000
2001-07-16,2.429565,2.440288,2.123295,2.123295,47587200
2001-07-17,2.155895,2.251980,2.155466,2.239969,25587200
2001-07-18,2.235250,2.388814,2.231819,2.333480,34240000
2001-07-19,2.372085,2.380664,2.269138,2.274714,18673600
2001-07-20,2.291443,2.344204,2.265277,2.317609,12840000
2001-07-23,2.320183,2.386670,2.260559,2.269138,13001600
2001-07-24,2.268709,2.286296,2.125011,2.143885,33152000
2001-07-25,2.147316,2.269995,2.114716,2.180345,18169600
2001-07-26,2.179487,2.361790,2.179058,2.348064,19180800
2001-07-27,2.224097,2.322755,2.207368,2.318895,41784000
2001-07-30,2.294874,2.312032,2.149032,2.192355,26702400
2001-07-31,2.194071,2.217663,2.115573,2.200076,19769600
2001-08-01,2.196216,2.206511,2.158040,2.183348,16008000
2001-08-02,2.185921,2.234821,2.029355,2.136163,22876800
2001-08-03,2.149461,2.262274,2.129729,2.255840,16446400
2001-08-06,2.260559,2.270853,2.198361,2.212945,10548800
2001-08-07,2.213375,2.216806,2.127585,2.181203,15892800
2001-08-08,2.186351,2.206082,2.065387,2.073537,17894400
2001-08-09,2.061098,2.079114,1.960295,2.061098,36788800
2001-08-10,2.054664,2.084690,2.016058,2.058095,14108800
2001-08-13,2.065387,2.181203,2.054663,2.174340,13208000
2001-08-14,2.176913,2.218521,2.162758,2.186779,20406400
2001-08-15,2.185492,2.258843,2.159327,2.230961,29171200
2001-08-16,2.220238,2.230104,2.149032,2.227959,13700800
2001-08-17,2.181632,2.193214,2.101419,2.123295,22878400
2001-08-20,2.123295,2.193643,2.073966,2.190211,13158400
2001-08-21,2.197503,2.294874,2.196216,2.219808,17484800
2001-08-22,2.239969,2.359216,2.180774,2.357500,21414400
2001-08-23,2.354927,2.566399,2.354498,2.523933,61936000
2001-08-24,2.523074,2.620874,2.498624,2.595567,41798400
2001-08-27,2.584415,2.723394,2.574549,2.649186,38153600
2001-08-28,2.668060,2.676639,2.588704,2.618731,23424000
2001-08-29,2.625164,2.678783,2.568543,2.640177,31905600
2001-08-30,2.617444,2.672349,2.580983,2.648757,25155200
2001-08-31,2.640606,2.649614,2.515782,2.604146,19608000
2001-09-04,2.583985,2.698086,2.582270,2.603288,21150400
2001-09-05,2.612296,2.612296,2.540233,2.561251,24249600
2001-09-06,2.577980,2.627309,2.517927,2.586130,29342400
2001-09-07,2.571546,2.580125,2.470743,2.524362,27328000
2001-09-10,2.509348,2.580125,2.431709,2.483612,28556800
2001-09-17,2.411977,2.439430,2.241685,2.272140,37313600
2001-09-18,2.276001,2.312033,2.084690,2.103993,29814400
2001-09-19,2.147317,2.179059,1.981742,2.155467,74510400
2001-09-20,2.106137,2.227959,2.083832,2.190211,36105600
2001-09-21,2.108282,2.153321,1.968873,2.044368,52030400
2001-09-24,2.094555,2.134018,2.001473,2.078684,36628800
2001-09-25,2.119434,2.262703,2.118147,2.246832,66969600
2001-09-26,2.269567,2.351925,2.249835,2.327046,54180800
2001-09-27,2.327046,2.472459,2.295732,2.437285,53083200
2001-09-28,2.517928,2.526507,2.372515,2.409404,74700800
2001-10-01,2.390101,2.470743,2.339914,2.428706,58582400
2001-10-02,2.428706,2.428706,2.428706,2.428706,0
2001-10-03,2.428706,2.428706,2.428706,2.428706,0
2001-10-04,2.614870,2.616586,2.421843,2.508920,264190400
2001-10-05,2.490045,2.518356,2.441574,2.443719,66057600
2001-10-08,2.449725,2.475033,2.411119,2.445006,25304000
2001-10-09,2.447580,2.557391,2.447151,2.524791,45464000
2001-10-10,2.543664,2.713099,2.526507,2.693796,67321600
2001-10-11,2.740123,2.800605,2.643181,2.704949,61715200
2001-10-12,2.655191,2.690365,2.584415,2.665915,26948800
2001-10-15,2.661626,2.776584,2.657336,2.753850,24689600
2001-10-16,2.775296,2.795886,2.659480,2.699373,22945600
2001-10-17,2.724252,2.725967,2.562538,2.568543,29340800
2001-10-18,2.580125,2.728112,2.573691,2.693796,53764800
2001-10-19,2.678784,2.798031,2.653904,2.789881,34440000
2001-10-22,2.792884,2.946877,2.766718,2.901408,52608000
2001-10-23,2.918995,2.940442,2.790310,2.835350,46595200
2001-10-24,2.836207,2.946876,2.768862,2.944731,48755200
2001-10-25,2.931863,2.966179,2.852508,2.951166,41472000
2001-10-26,2.852508,3.010790,2.835779,2.903124,86025600
2001-10-29,2.955026,3.006929,2.804894,2.811758,88803200
2001-10-30,2.721679,2.828487,2.680928,2.771866,56276800
2001-10-31,2.783447,2.805323,2.686075,2.698086,39950400
2001-11-01,2.698515,2.744841,2.656049,2.712241,43395200
2001-11-02,2.712241,2.770578,2.670633,2.684788,33817600
2001-11-05,2.708381,2.820337,2.707094,2.806181,25080000
2001-11-06,2.804894,2.816905,2.726397,2.807468,36272000
2001-11-07,2.805752,2.924142,2.805323,2.863660,58030400
2001-11-08,2.880389,2.901407,2.826341,2.840497,35985600
2001-11-09,2.842213,2.844786,2.711383,2.754278,24452800
2001-11-12,2.749559,2.760283,2.671920,2.731972,27673600
2001-11-13,2.764145,2.912561,2.764145,2.903124,29620800
2001-11-14,2.918995,2.946018,2.834063,2.891113,27617600
2001-11-15,2.878244,2.949021,2.841354,2.888968,26569600
2001-11-16,2.895402,2.947305,2.884678,2.928002,18560000
2001-11-19,2.943873,3.018939,2.928002,3.003926,41169600
2001-11-20,2.995348,3.002640,2.899692,2.915134,20438400
2001-11-21,2.908271,2.966179,2.903982,2.954169,19144000
2001-11-23,2.959744,2.979046,2.927144,2.968323,4876800
2001-11-26,2.979047,3.094434,2.968323,3.057974,43017600
2001-11-27,3.042961,3.160064,3.017653,3.088429,35038400
2001-11-28,3.075561,3.090145,2.957600,2.970469,27323200
2001-11-29,2.953310,3.063121,2.919852,3.060118,34976000
2001-11-30,3.057545,3.105158,3.048108,3.097437,15769600
2001-12-03,3.000494,3.047678,2.989770,2.990628,24224000
2001-12-04,2.988057,3.012507,2.931435,2.963606,22852800
2001-12-05,2.970898,2.985482,2.891113,2.904840,39849600
2001-12-06,2.916849,2.977331,2.901836,2.940013,30240000
2001-12-07,2.925428,2.955455,2.841783,2.938297,44913600
2001-12-10,2.899263,2.914705,2.796744,2.798031,25428800
2001-12-11,2.817763,2.860658,2.752991,2.761999,28816000
2001-12-12,2.748273,2.808326,2.643181,2.774868,29809600
2001-12-13,2.762428,2.893258,2.752134,2.850792,29755200
2001-12-14,2.837494,2.888539,2.771436,2.840497,24131200
2001-12-17,2.847789,2.964034,2.842213,2.951166,17112000
2001-12-18,2.950307,2.988913,2.889397,2.937868,14518400
2001-12-19,2.936152,2.955455,2.856797,2.880818,17012800
2001-12-20,2.876528,2.914705,2.777441,2.779586,23936000
2001-12-21,2.749131,2.856797,2.713099,2.804036,30259200
2001-12-24,2.839638,2.926285,2.837493,2.858941,10609600
2001-12-26,2.871381,2.914276,2.848647,2.866234,10777600
2001-12-27,2.872669,2.891113,2.760284,2.793313,16764800
2001-12-28,2.800176,2.908700,2.793313,2.863231,12961600
2001-12-31,2.869665,2.923284,2.812186,2.819049,28388800
2002-01-02,2.789452,2.791597,2.599427,2.635030,83772800
2002-01-03,2.637605,2.696370,2.506346,2.514925,74672000
2002-01-04,2.511065,2.642323,2.484041,2.633744,64939200
2002-01-07,2.746987,2.753850,2.623021,2.638892,57992000
2002-01-08,2.649186,2.738836,2.635888,2.738407,38624000
2002-01-09,2.794599,2.871810,2.788165,2.822910,59460800
2002-01-10,2.839640,2.951166,2.829345,2.907413,52988800
2002-01-11,2.946876,2.988484,2.946447,2.964892,35526400
2002-01-14,2.969182,2.997492,2.918995,2.946876,47707200
2002-01-15,2.945589,2.970468,2.884249,2.957599,46972800
2002-01-16,2.957600,3.009074,2.940871,2.964463,48488000
2002-01-17,2.909987,3.051969,2.873098,3.012077,69851200
2002-01-18,3.015508,3.045535,2.799747,2.819908,61004800
2002-01-22,2.816476,2.891113,2.764573,2.878673,48814400
2002-01-23,2.882534,2.953310,2.816047,2.944731,29366400
2002-01-24,2.953739,3.002639,2.846502,2.891970,32852800
2002-01-25,2.885965,2.916850,2.838781,2.902266,22369600
2002-01-28,2.918136,2.952881,2.868378,2.906983,28776000
2002-01-29,2.908270,2.937010,2.795886,2.820336,21587200
2002-01-30,2.821623,2.889397,2.758568,2.873955,36268800
2002-01-31,2.893258,2.975616,2.801463,2.806181,41329600
2002-02-01,2.831918,3.021942,2.831489,2.994489,73140800
2002-02-04,2.976473,2.979047,2.788165,2.820336,39176000
2002-02-05,2.832776,2.949021,2.803608,2.847789,40156800
2002-02-06,2.853366,2.878674,2.651760,2.679213,39780800
2002-02-07,2.687791,2.792025,2.649614,2.717388,56168000
2002-02-08,2.704949,2.873955,2.704520,2.868807,42244800
2002-02-11,2.873097,2.937440,2.863231,2.900550,32396800
2002-02-12,2.883392,2.976902,2.868807,2.928431,35689600
2002-02-13,2.942587,2.967466,2.880389,2.886824,26356800
2002-02-14,2.899691,2.949450,2.803178,2.807039,24196800
2002-02-15,2.828916,2.845216,2.777442,2.819908,18996800
2002-02-19,2.783876,2.788165,2.702375,2.767147,31628800
2002-02-20,2.826770,2.901836,2.751275,2.873097,42590400
2002-02-21,2.869666,2.940442,2.831060,2.876529,57291200
2002-02-22,2.876100,2.901408,2.798890,2.852079,27334400
2002-02-25,2.880389,2.914705,2.843929,2.894545,41276800
2002-02-26,2.906126,2.983336,2.895402,2.956742,28574400
2002-02-27,2.994061,3.072987,2.970897,2.977332,48984000
2002-02-28,2.985481,3.069984,2.966608,3.022371,39945600
2002-03-01,3.004784,3.193522,2.932292,3.163495,43006400
2002-03-04,3.174219,3.235987,3.160921,3.191377,49518400
2002-03-05,3.181083,3.251430,3.126606,3.130896,47147200
2002-03-06,3.045963,3.150626,3.041244,3.139902,62980800
2002-03-07,3.135613,3.153629,3.046392,3.076418,44761600
2002-03-08,3.112450,3.182798,3.008645,3.098724,20608800
2002-03-11,3.084139,3.139903,3.045534,3.097008,14531200
2002-03-12,3.070414,3.107303,3.030951,3.066124,10546400
2002-03-13,3.089287,3.178508,3.045534,3.129608,13940800
2002-03-14,3.139045,3.193092,3.066981,3.066981,14566400
2002-03-15,3.127035,3.127035,3.054113,3.087571,18648800
2002-03-18,3.143336,3.223978,3.114167,3.208536,25471200
2002-03-19,3.264297,3.345798,3.223118,3.306334,28681600
2002-03-20,3.277166,3.300329,3.200813,3.202529,18408800
2002-03-21,3.127035,3.315772,3.078992,3.298614,28693600
2002-03-22,3.289176,3.324350,3.196523,3.200813,17740800
2002-03-25,3.196523,3.204244,3.090144,3.106444,20594400
2002-03-26,3.109019,3.170787,3.030950,3.133040,21471200
2002-03-27,3.139904,3.225694,3.118456,3.208536,18168800
2002-03-28,3.217114,3.217971,3.064408,3.087571,15685600
2002-04-01,3.066981,3.162208,3.042102,3.131324,15008800
2002-04-02,3.110734,3.178508,3.091002,3.094434,14102400
2002-04-03,3.164782,3.164782,3.003498,3.036098,17757600
2002-04-04,2.998349,3.123602,2.947733,2.994060,24841600
2002-04-05,2.996633,3.034381,2.916849,2.953738,19705600
2002-04-08,2.947734,2.988055,2.861086,2.984624,18256000
2002-04-09,3.004355,3.028376,2.862802,2.891113,19488800
2002-04-10,2.925428,3.078133,2.924570,3.070412,19844800
2002-04-11,3.075560,3.144192,3.031807,3.044676,16122400
2002-04-12,3.045534,3.084997,2.967465,3.060118,15109600
2002-04-15,3.071271,3.125319,2.976045,3.091003,10322400
2002-04-16,3.123602,3.172503,3.078992,3.131324,18048000
2002-04-17,3.157061,3.180224,2.947734,3.036956,16562400
2002-04-18,3.079851,3.085856,2.904839,3.043819,25990400
2002-04-19,3.054971,3.114166,2.981192,3.024944,14176800
2002-04-22,3.012934,3.013792,2.819050,2.927145,26055200
2002-04-23,2.900550,2.954597,2.843929,2.891113,22449600
2002-04-24,2.907413,2.959745,2.859371,2.939155,19804000
2002-04-25,2.939155,2.994061,2.698086,2.744412,39519200
2002-04-26,2.753850,2.779587,2.472459,2.491333,65795200
2002-04-29,2.505059,2.539375,2.406401,2.499054,35923200
2002-04-30,2.478464,2.722965,2.415838,2.669775,53964800
2002-05-01,2.793313,2.922855,2.793313,2.839639,70383200
2002-05-02,2.814760,2.889397,2.803607,2.822481,28734400
2002-05-03,2.804466,2.805324,2.670634,2.741839,33371200
2002-05-06,2.740981,2.745270,2.543665,2.559965,31269600
2002-05-07,2.602002,2.680928,2.602002,2.640607,25175200
2002-05-08,2.796744,2.995776,2.766717,2.987197,40427200
2002-05-09,2.976903,3.035240,2.895403,2.916850,28360000
2002-05-10,2.924571,2.934007,2.740123,2.795886,20476000
2002-05-13,2.801034,3.001782,2.795886,2.964034,27251200
2002-05-14,3.087572,3.225693,3.060977,3.223978,51308000
2002-05-15,3.182798,3.268588,3.118456,3.190519,42401600
2002-05-16,3.187087,3.187945,3.036097,3.103871,31129600
2002-05-17,3.138187,3.184514,3.084140,3.169930,18528000
2002-05-20,3.157062,3.182799,3.067841,3.118457,18822400
2002-05-21,3.146766,3.195666,3.009503,3.041245,22634400
2002-05-22,3.030950,3.071270,2.961460,3.028376,20817600
2002-05-23,3.036097,3.272877,2.976902,3.260008,24555200
2002-05-24,3.242851,3.259151,3.132182,3.178508,24968800
2002-05-28,3.191376,3.259150,3.072129,3.255719,23564800
2002-05-29,3.235988,3.276308,2.877387,3.032666,65180800
2002-05-30,3.102156,3.165641,3.005214,3.157920,29335200
2002-05-31,3.138188,3.181083,3.049824,3.059261,19960000
2002-06-03,3.075561,3.139046,2.930577,2.941729,17789600
2002-06-04,2.933150,3.038671,2.853365,2.946876,30029600
2002-06-05,2.958029,3.041245,2.879102,2.937439,21641600
2002-06-06,2.927144,2.934008,2.722965,2.748702,24182400
2002-06-07,2.659481,2.757281,2.567686,2.744412,38385600
2002-06-10,2.745271,2.908271,2.736692,2.823339,24237600
2002-06-11,2.837065,2.869665,2.583985,2.616585,31561600
2002-06-12,2.609722,2.680070,2.514495,2.610580,35413600
2002-06-13,2.616587,2.740982,2.598571,2.688650,24829600
2002-06-14,2.674923,2.894545,2.608007,2.825055,32278400
2002-06-17,2.843928,3.079850,2.836207,3.076418,43168800
2002-06-18,3.037812,3.097007,2.994060,3.045533,33316000
2002-06-19,3.024945,3.115882,2.991487,2.993202,31474400
2002-06-20,2.970897,2.974329,2.800176,2.813044,29532000
2002-06-21,2.792454,2.845644,2.668059,2.674922,37153600
2002-06-24,2.668917,2.926286,2.665486,2.841354,35714400
2002-06-25,2.843929,2.945161,2.744413,2.758139,27877600
2002-06-26,2.668060,2.873097,2.611438,2.805323,38527200
2002-06-27,2.843928,2.873954,2.707522,2.786449,31277600
2002-06-28,2.807040,2.903982,2.799319,2.820766,28886400
2002-07-01,2.813903,2.822482,2.583986,2.599428,41768000
2002-07-02,2.500770,2.575407,2.367796,2.395249,57622400
2002-07-03,2.407259,2.509348,2.307743,2.508491,35209600
2002-07-05,2.550528,2.656907,2.547954,2.650044,12375200
2002-07-08,2.653476,2.762429,2.603718,2.612297,26322400
2002-07-09,2.627738,2.671491,2.517927,2.538517,20784000
2002-07-10,2.527365,2.553102,2.264848,2.277717,46590400
2002-07-11,2.282006,2.471601,2.237395,2.449296,45236000
2002-07-12,2.492190,2.542806,2.321469,2.486185,37720800
2002-07-15,2.487902,2.525649,2.306885,2.525649,28074400
2002-07-16,2.487043,2.722107,2.486185,2.704091,35560800
2002-07-17,2.767575,2.972612,2.766717,2.957170,56557600
2002-07-18,2.946876,2.959745,2.798460,2.822481,42335200
2002-07-19,2.801034,2.801892,2.677497,2.724681,32723200
2002-07-22,2.716960,2.831060,2.522217,2.629454,37229600
2002-07-23,2.647470,2.650901,2.487901,2.492190,42470400
2002-07-24,2.447580,2.653475,2.351496,2.608007,58984800
2002-07-25,2.701517,2.703233,2.347206,2.492190,100245600
2002-07-26,2.465595,2.475032,2.361790,2.414121,45924000
2002-07-29,2.436427,2.511064,2.393532,2.487043,48996800
2002-07-30,2.461306,2.624307,2.403827,2.529938,56983200
2002-07-31,2.487901,2.616586,2.449296,2.614012,39022400
2002-08-01,2.611439,2.633744,2.539375,2.556533,34048800
2002-08-02,2.480180,2.541948,2.414980,2.480180,63669600
2002-08-05,2.608865,2.749560,2.537659,2.647470,63880800
2002-08-06,2.647470,2.647470,2.647470,2.647470,0
2002-08-07,2.881676,2.900550,2.651759,2.728112,100901600
2002-08-08,2.745270,2.973471,2.684359,2.948591,57801600
2002-08-09,2.915134,2.981192,2.861086,2.917708,34506400
2002-08-12,2.897118,2.994060,2.879960,2.971755,22600000
2002-08-13,2.938297,2.987197,2.783018,2.818191,33809600
2002-08-14,2.834492,3.045535,2.760713,3.038672,35903200
2002-08-15,3.028376,3.088429,2.886823,2.984624,37748800
2002-08-16,2.952024,3.021514,2.895403,2.977761,24712000
2002-08-19,2.980334,2.994060,2.873955,2.964892,21939200
2002-08-20,2.943444,3.045534,2.918565,3.006070,34628800
2002-08-21,3.036955,3.104728,3.017223,3.096149,32555200
2002-08-22,3.103870,3.195665,3.043817,3.177649,29474400
2002-08-23,3.169071,3.194808,3.092719,3.133898,29847200
2002-08-26,3.134756,3.150198,3.011219,3.109019,34756800
2002-08-27,3.125319,3.127035,2.848219,2.848219,42241600
2002-08-28,2.715244,2.846502,2.704091,2.798460,38296800
2002-08-29,2.813045,2.916850,2.734976,2.913419,24636800
2002-08-30,2.873954,2.878244,2.736691,2.752133,24457600
2002-09-03,2.692080,2.699801,2.612296,2.616585,33864800
2002-09-04,2.614869,2.712670,2.587417,2.680928,26491200
2002-09-05,2.654332,2.655190,2.554816,2.576264,26188000
2002-09-06,2.621733,2.793313,2.620875,2.766718,26996800
2002-09-09,2.742697,2.829345,2.649187,2.800177,29288800
2002-09-10,2.722965,2.845644,2.705807,2.842213,23420800
2002-09-11,2.877386,2.915991,2.801033,2.802748,13495200
2002-09-12,2.792455,2.792455,2.631170,2.642323,23378400
2002-09-13,2.613154,2.783018,2.575407,2.748702,26143200
2002-09-16,2.715244,2.777871,2.688649,2.758139,13741600
2002-09-17,2.803607,2.871381,2.730686,2.745270,26654400
2002-09-18,2.710955,2.951166,2.710097,2.916850,39977600
2002-09-19,2.870523,2.937439,2.809613,2.822481,40565600
2002-09-20,2.868807,2.915134,2.786449,2.879102,37915200
2002-09-23,2.976903,2.976903,2.758139,2.831918,52649600
2002-09-24,2.831061,2.904840,2.776155,2.838782,33999200
2002-09-25,2.865376,2.959744,2.861086,2.942586,30603200
2002-09-26,2.939155,2.999208,2.814760,2.900550,33584800
2002-09-27,2.899692,2.986340,2.861086,2.879102,37198400
2002-09-30,2.843071,2.916850,2.805323,2.876529,27027200
2002-10-01,2.846502,2.988055,2.805323,2.982908,23951200
2002-10-02,2.968324,3.015508,2.788165,2.826771,31014400
2002-10-03,2.827628,2.856797,2.746986,2.747844,32450400
2002-10-04,2.770149,2.818191,2.626022,2.646612,27719200
2002-10-07,2.643180,2.801034,2.642323,2.742697,35788000
2002-10-08,2.758997,2.843071,2.702376,2.733260,26071200
2002-10-09,2.734118,2.895402,2.693797,2.813044,31351200
2002-10-10,2.779586,2.967466,2.759854,2.945160,33471200
2002-10-11,2.992345,3.000066,2.849934,2.879102,29812000
2002-10-14,2.865376,3.030092,2.835349,3.027519,22844000
2002-10-15,3.059261,3.131324,2.893687,2.916850,43162400
2002-10-16,2.891113,2.988055,2.852508,2.925429,35995200
2002-10-17,2.957171,3.002640,2.934008,2.983766,27501600
2002-10-18,2.938297,2.988055,2.882533,2.938297,18321600
2002-10-21,2.940870,2.979476,2.877386,2.967465,19167200
2002-10-22,2.947734,3.027519,2.925429,3.010361,30715200
2002-10-23,3.022371,3.039529,2.891970,2.959744,24035200
2002-10-24,2.972614,2.986340,2.783876,2.787308,26832000
2002-10-25,2.805323,2.945160,2.805323,2.940870,19121600
2002-10-28,2.938298,2.981193,2.888540,2.908272,22755200
2002-10-29,2.929719,2.955456,2.836208,2.905698,22209600
2002-10-30,2.910844,3.030091,2.910844,2.968323,27218400
2002-10-31,2.971755,3.019797,2.948592,2.980334,23195200
2002-11-01,3.079850,3.133897,2.981192,3.131324,44453600
2002-11-04,3.157060,3.181082,3.098723,3.135613,21634400
2002-11-05,3.121887,3.156203,3.019798,3.136472,24318400
2002-11-06,3.154487,3.288319,3.141618,3.284887,33641600
2002-11-07,3.262583,3.324352,3.181083,3.208536,24134400
2002-11-08,3.209392,3.210250,3.018939,3.058403,33768800
2002-11-11,3.060118,3.140761,3.026660,3.057545,19010400
2002-11-12,3.071271,3.109876,3.008644,3.076418,18331200
2002-11-13,3.062693,3.087572,2.982908,3.059261,26050400
2002-11-14,3.078135,3.225693,3.055830,3.223978,22625600
2002-11-15,3.120170,3.190518,3.060118,3.101297,27590400
2002-11-18,3.115881,3.138186,3.033523,3.068696,19007200
2002-11-19,3.019797,3.088429,3.004355,3.049824,18188000
2002-11-20,3.042103,3.122746,3.036956,3.111593,19789600
2002-11-21,3.110734,3.272019,3.110734,3.249714,24431200
2002-11-22,3.245425,3.387836,3.219688,3.386120,32173600
2002-11-25,3.380115,3.431588,3.363814,3.406709,23698400
2002-11-26,3.378398,3.380114,3.128750,3.154487,27869600
2002-11-27,3.179367,3.398130,3.175935,3.343225,23883200
2002-11-29,3.354377,3.386977,3.290034,3.381829,9527200
2002-12-02,3.362098,3.423009,3.225692,3.276308,26440000
2002-12-03,3.255719,3.267729,3.152771,3.163924,18724800
2002-12-04,3.070414,3.237704,3.045535,3.226551,40196000
2002-12-05,3.238561,3.410140,3.229124,3.323493,37589600
2002-12-06,3.308050,3.386977,3.284887,3.358666,18875200
2002-12-09,3.344941,3.390410,3.283173,3.285746,21385600
2002-12-10,3.311483,3.324352,3.185372,3.223978,30695200
2002-12-11,3.195665,3.217113,3.159634,3.210249,21178400
2002-12-12,3.215399,3.248857,3.138188,3.206820,42668000
2002-12-13,3.053255,3.119314,3.027519,3.060977,135316800
2002-12-16,3.066981,3.161350,3.015508,3.122745,51323200
2002-12-17,3.120171,3.131324,3.060976,3.098724,28709600
2002-12-18,3.131323,3.133897,3.040386,3.084139,27693600
2002-12-19,3.077276,3.139903,3.043818,3.058403,38816800
2002-12-20,3.071270,3.112449,3.038670,3.065265,27512800
2002-12-23,3.085856,3.148482,3.072987,3.129608,17853600
2002-12-24,3.122746,3.148483,3.081566,3.092719,6088800
2002-12-26,3.097009,3.133898,3.036956,3.038672,14108000
2002-12-27,3.038671,3.048108,2.954597,2.965750,16193600
2002-12-30,2.956313,2.963176,2.890255,2.917708,27474400
2002-12-31,2.934008,3.003498,2.890255,2.916850,16780000
2003-01-02,2.916850,3.002639,2.914276,2.993202,21183200
2003-01-03,2.989770,3.066123,2.982049,3.046391,19688800
2003-01-06,3.044676,3.152771,3.031808,3.131324,26212800
2003-01-07,3.123604,3.148483,3.050683,3.119314,22567200
2003-01-08,3.148481,3.149339,2.979476,2.982049,22393600
2003-01-09,3.004355,3.104729,3.002639,3.073845,18644000
2003-01-10,3.060976,3.178508,3.008644,3.175934,19313600
2003-01-13,3.194808,3.240276,3.172502,3.233413,16394400
2003-01-14,3.224835,3.260866,3.158776,3.249714,16760000
2003-01-15,3.248856,3.272877,3.118455,3.178508,16696000
2003-01-16,3.187945,3.292609,3.186229,3.260008,25699200
2003-01-17,3.167357,3.236847,3.117599,3.118457,27116800
2003-01-21,3.125318,3.147623,3.072987,3.078134,19090400
2003-01-22,3.067838,3.129607,3.039528,3.070412,22470400
2003-01-23,3.089287,3.116740,3.007787,3.082424,17024800
2003-01-24,3.103014,3.115024,2.964034,2.997492,20812000
2003-01-27,2.995775,3.042102,2.954596,2.994060,19677600
2003-01-28,2.999207,3.076418,2.942586,3.068696,14251200
2003-01-29,3.066125,3.159636,3.008646,3.111593,29707200
2003-01-30,3.115882,3.204245,3.115882,3.143335,33582400
2003-01-31,3.084139,3.134755,2.985481,2.994060,48307200
2003-02-03,3.010361,3.011219,2.904840,2.962319,35530400
2003-02-04,2.953740,2.953740,2.831061,2.870524,27248800
2003-02-05,2.889398,2.947735,2.849076,2.870524,23584000
2003-02-06,2.865376,2.944303,2.849934,2.886824,19242400
2003-02-07,2.896261,2.938298,2.847361,2.901408,19376000
2003-02-10,2.905697,2.964034,2.876528,2.939155,21386400
2003-02-11,2.998350,3.027519,2.943445,3.004356,35326400
2003-02-12,2.966608,3.002639,2.918566,2.920281,17904800
2003-02-13,2.934007,2.934007,2.752991,2.802748,60876000
2003-02-14,2.819049,2.835349,2.762428,2.831060,18796000
2003-02-18,2.778728,2.811328,2.717817,2.771007,41393600
2003-02-19,2.776155,2.825913,2.749560,2.776155,18345600
2003-02-20,2.788165,2.796743,2.680070,2.777870,34747200
2003-02-21,2.783876,2.880818,2.772723,2.880818,37500800
2003-02-24,2.880818,2.885965,2.789881,2.801033,15033600
2003-02-25,2.791597,2.819907,2.719533,2.812186,33140000
2003-02-26,2.796744,2.869665,2.783875,2.815618,22680800
2003-02-27,2.855939,2.908271,2.821623,2.880818,21226400
2003-02-28,2.884250,2.925429,2.852508,2.916850,19213600
2003-03-03,2.934008,2.982050,2.894545,2.917708,17308000
2003-03-04,2.909986,2.946018,2.894544,2.897118,16124000
2003-03-05,2.895402,2.938297,2.849076,2.891113,17616000
2003-03-06,2.904838,2.946875,2.868807,2.928859,18944000
2003-03-07,2.989771,3.183656,2.968323,3.157061,77480800
2003-03-10,3.164782,3.302903,3.163066,3.241992,61536000
2003-03-11,3.251429,3.263440,3.167355,3.199955,27512000
2003-03-12,3.179366,3.257435,3.154487,3.247998,27400000
2003-03-13,3.247997,3.427298,3.247997,3.423008,45447200
2003-03-14,3.404992,3.414429,3.326066,3.367245,31100800
2003-03-17,3.358667,3.512230,3.345799,3.509657,51152000
2003-03-18,3.489925,3.573999,3.454752,3.512231,38759200
2003-03-19,3.517378,3.560272,3.455609,3.501078,27080800
2003-03-20,3.484777,3.539683,3.393841,3.504509,24973600
2003-03-21,3.515661,3.603167,3.507940,3.562846,27302400
2003-03-24,3.516519,3.517377,3.410998,3.429014,29276800
2003-03-25,3.451320,3.571426,3.448746,3.532820,25531200
2003-03-26,3.532820,3.573141,3.457325,3.476198,25337600
2003-03-27,3.514805,3.706116,3.510515,3.688958,51692800
2003-03-28,3.670942,3.672658,3.598878,3.603168,51131200
2003-03-31,3.573140,3.670940,3.543114,3.602309,30146400
2003-04-01,3.603167,3.658072,3.591156,3.658072,28619200
2003-04-02,3.731852,3.757588,3.689814,3.746436,27303200
2003-04-03,3.764452,3.920589,3.722415,3.824505,53831200
2003-04-04,3.848525,3.861393,3.773888,3.787614,26552800
2003-04-07,3.860537,3.946327,3.575715,3.682952,41120800
2003-04-08,3.688957,3.726704,3.641773,3.686383,39795200
2003-04-09,3.685526,3.730995,3.542258,3.546547,27255200
2003-04-10,3.549979,3.671801,3.481348,3.662364,38297600
2003-04-11,3.668369,3.726706,3.560274,3.586010,23489600
2003-04-14,3.597162,3.633194,3.562846,3.610888,19980800
2003-04-15,3.612604,3.718125,3.581720,3.680378,24416800
2003-04-16,3.671798,3.747293,3.628903,3.654640,27103200
2003-04-17,3.673515,3.800484,3.672658,3.778179,21518400
2003-04-21,3.780751,3.813351,3.712977,3.744720,21675200
2003-04-22,3.773889,3.817641,3.713836,3.815068,16436800
2003-04-23,3.821931,3.946326,3.809062,3.916300,32264800
2003-04-24,3.803058,4.083590,3.767026,4.008953,59239200
2003-04-25,3.996942,4.050132,3.937747,3.958337,27359200
2003-04-28,3.955763,4.014958,3.934316,3.977211,24059200
2003-04-29,3.986647,4.021821,3.946326,3.974637,19619200
2003-04-30,3.951474,4.032974,3.946326,3.958337,17889600
2003-05-01,3.959195,3.982358,3.855389,3.951474,26698400
2003-05-02,3.965200,4.117905,3.954905,4.053563,29995200
2003-05-05,4.097316,4.106753,3.966058,4.006379,26413600
2003-05-06,4.003805,4.043269,3.860536,3.911152,30092000
2003-05-07,3.890563,3.962626,3.872547,3.899142,19590400
2003-05-08,3.876836,3.971204,3.844236,3.921446,29244000
2003-05-09,3.928310,4.027826,3.903431,4.005521,22740800
2003-05-12,3.990938,4.101607,3.956622,4.069007,22144000
2003-05-13,4.067290,4.092169,4.019247,4.020105,23038400
2003-05-14,4.014101,4.094743,4.006380,4.073296,14128000
2003-05-15,4.075011,4.191685,4.066432,4.171953,25495200
2003-05-16,4.183964,4.203695,4.060426,4.070721,27463200
2003-05-19,4.100749,4.205412,4.006380,4.030401,38146400
2003-05-20,4.067289,4.083589,3.899141,3.946325,21255200
2003-05-21,3.912010,3.989221,3.881984,3.916300,25628800
2003-05-22,3.915443,4.087881,3.911154,4.069007,23192800
2003-05-23,4.056995,4.126484,3.997799,4.117905,24133600
2003-05-27,4.169379,4.439617,4.141927,4.430180,51430400
2003-05-28,4.419028,4.473934,4.284338,4.310933,41199200
2003-05-29,4.327232,4.397579,4.278332,4.333237,24846400
2003-05-30,4.365837,4.526264,4.301495,4.483369,37945600
2003-06-02,4.565728,4.611196,4.262032,4.324658,43196800
2003-06-03,4.328090,4.365837,4.227716,4.324658,27894400
2003-06-04,4.326374,4.437042,4.276615,4.383852,28734400
2003-06-05,4.418170,4.606049,4.362407,4.576881,23932800
2003-06-06,4.638649,4.765617,4.461064,4.478222,53762400
2003-06-09,4.478223,4.484228,4.238869,4.261175,35608800
2003-06-10,4.310075,4.350396,4.216565,4.339244,26852800
2003-06-11,4.481654,4.526264,4.418169,4.482512,35044000
2003-06-12,4.506533,4.514254,4.344391,4.498812,27116800
2003-06-13,4.503959,4.644654,4.467069,4.616343,40880800
2003-06-16,4.703850,4.853124,4.635218,4.837682,38910400
2003-06-17,4.913177,4.913177,4.727013,4.831677,32820800
2003-06-18,4.799934,4.800792,4.582886,4.630070,33280800
2003-06-19,4.643796,4.654091,4.352969,4.401011,45424800
2003-06-20,4.438759,4.612054,4.401011,4.611196,46688800
2003-06-23,4.618917,4.658380,4.429322,4.500527,27157600
2003-06-24,4.427607,4.596613,4.425891,4.529696,26618400
2003-06-25,4.505674,4.716716,4.499668,4.589747,33360800
2003-06-26,4.540848,4.715859,4.540848,4.641222,24585600
2003-06-27,4.808513,4.921755,4.774197,4.830818,54411200
2003-06-30,4.853124,4.887440,4.712429,4.765618,27168800
2003-07-01,4.702991,4.746744,4.596612,4.718433,29217600
2003-07-02,4.717575,4.932907,4.717575,4.835106,49141600
2003-07-03,4.826527,5.040144,4.823954,4.980949,27492000
2003-07-07,5.034141,5.124220,5.010120,5.071888,24982400
2003-07-08,5.060734,5.123360,4.992102,5.059876,20909600
2003-07-09,5.068454,5.124217,5.011832,5.087327,14100800
2003-07-10,5.041861,5.060734,4.954355,4.998966,18610400
2003-07-11,5.014408,5.125934,5.011834,5.085613,17257600
2003-07-14,5.403892,5.846567,5.396171,5.769356,103513600
2003-07-15,5.812252,6.057611,5.749626,5.928926,87631200
2003-07-16,5.913484,5.919490,5.705015,5.773647,46595200
2003-07-17,5.704158,5.839705,5.555742,5.601210,37294400
2003-07-18,5.671558,5.781369,5.620084,5.706731,26017600
2003-07-21,5.696436,5.737614,5.560030,5.636383,22230400
2003-07-22,5.601209,5.762493,5.496545,5.691288,33538400
2003-07-23,5.735041,5.806247,5.581478,5.670699,32279200
2003-07-24,5.725603,5.801098,5.658687,5.672414,23491200
2003-07-25,5.686141,5.856863,5.651825,5.850857,18410400
2003-07-28,5.874020,5.966673,5.840562,5.915199,17036800
2003-07-29,5.962384,6.005278,5.768499,6.004420,25471200
2003-07-30,6.005278,6.035305,5.881741,5.901473,22784800
2003-07-31,5.898043,5.978686,5.795096,5.853433,28963200
2003-08-01,5.855147,5.935790,5.507699,5.537725,46683200
2003-08-04,5.552311,5.662121,5.415047,5.594347,27491200
2003-08-05,5.602067,5.638956,5.273492,5.312097,33460000
2003-08-06,5.322393,5.397887,5.177408,5.266629,48446400
2003-08-07,5.261482,5.494830,5.261482,5.373008,33686400
2003-08-08,5.318962,5.469094,5.287220,5.340409,26881600
2003-08-11,5.356708,5.479387,5.331829,5.423624,16808800
2003-08-12,5.441640,5.499119,5.314671,5.476814,25164000
2003-08-13,5.489681,5.532576,5.342123,5.373865,21588800
2003-08-14,5.367862,5.389309,5.270919,5.326683,23293600
2003-08-15,5.385020,5.391025,5.301803,5.346414,8675200
2003-08-18,5.343840,5.481962,5.324109,5.451077,27134400
2003-08-19,5.490541,5.614078,5.456225,5.603783,24716000
2003-08-20,5.589200,5.597779,5.498262,5.545447,18991200
2003-08-21,5.554883,5.718742,5.546304,5.690431,30630400
2003-08-22,5.735040,5.751340,5.490540,5.504266,20991200
2003-08-25,5.490542,5.567753,5.460515,5.526573,12404000
2003-08-26,5.451935,5.530003,5.370434,5.492256,17932800
2003-08-27,5.507698,5.542872,5.434777,5.487967,13534400
2003-08-28,5.546304,5.680994,5.420194,5.680136,19432000
2003-08-29,5.668984,5.742763,5.667268,5.720458,14307200
2003-09-02,5.722171,5.807104,5.607214,5.807104,21571200
2003-09-03,5.819971,5.860293,5.557455,5.630376,29165600
2003-09-04,5.640672,5.789088,5.619224,5.776219,20659200
2003-09-05,5.752200,5.804532,5.655257,5.735900,22352800
2003-09-08,5.739330,5.962383,5.711878,5.939220,26692800
2003-09-09,5.908337,5.982116,5.833699,5.886031,21758400
2003-09-10,5.876593,5.979541,5.619224,5.673272,24966400
2003-09-11,5.707588,5.779652,5.682709,5.734183,18819200
2003-09-12,5.724746,5.763351,5.590914,5.760777,21088800
2003-09-15,5.747909,5.820830,5.644103,5.662977,18560000
2003-09-16,5.460514,5.473382,5.208292,5.306950,113671200
2003-09-17,5.325825,5.404751,5.236603,5.310382,34799200
2003-09-18,5.301804,5.352420,5.245183,5.340409,25715200
2003-09-19,5.379013,5.383303,5.134513,5.143950,44823200
2003-09-22,5.095909,5.104488,4.932909,4.950924,53113600
2003-09-23,4.966366,5.074461,4.875429,4.979235,51375200
2003-09-24,4.963790,4.982664,4.752747,4.819663,54874400
2003-09-25,4.819665,4.894302,4.739023,4.782776,31338400
2003-09-26,4.758754,4.835965,4.725296,4.754465,30916800
2003-09-29,4.754465,4.841113,4.578596,4.804223,47344800
2003-09-30,4.779343,4.906312,4.770764,4.807654,45667200
2003-10-01,4.785349,4.921755,4.769907,4.871139,36520000
2003-10-02,5.001540,5.103630,4.975803,5.052155,43018400
2003-10-03,5.104488,5.181699,5.021272,5.043577,29373600
2003-10-06,5.070171,5.121645,4.979234,5.067597,14660800
2003-10-07,5.018697,5.084755,4.940628,5.016981,29208000
2003-10-08,5.147382,5.159392,5.001539,5.098482,37806400
2003-10-09,5.146524,5.252903,5.104487,5.168829,38610400
2003-10-10,5.160250,5.246040,5.125076,5.167971,21484000
2003-10-13,5.185988,5.276067,5.168830,5.252046,24521600
2003-10-14,5.259767,5.284646,5.171403,5.267488,22392800
2003-10-15,5.288935,5.288935,5.099339,5.111350,25347200
2003-10-16,5.102770,5.161107,5.045291,5.105344,16930400
2003-10-17,5.110492,5.138803,4.912318,4.925186,26649600
2003-10-20,4.934624,5.046150,4.899450,5.010119,29625600
2003-10-21,5.029850,5.151672,4.997250,5.147382,23089600
2003-10-22,5.108777,5.117357,4.916609,5.004114,21013600
2003-10-23,4.997248,5.007543,4.864274,4.971511,20261600
2003-10-24,4.932906,5.018696,4.873712,5.010975,18042400
2003-10-27,5.024702,5.053013,4.851407,4.926044,26068800
2003-10-28,4.968082,5.101056,4.958645,5.101056,52516800
2003-10-29,4.348679,4.495380,4.312648,4.461064,267593600
2003-10-30,4.658381,4.727012,4.598328,4.661812,88027200
2003-10-31,4.659238,4.728728,4.630070,4.679828,31782400
2003-11-03,4.694411,4.749317,4.624064,4.715001,28042400
2003-11-04,4.712428,4.768191,4.578596,4.603475,40796800
2003-11-05,4.590607,4.614628,4.482512,4.512538,43832000
2003-11-06,4.515112,4.654091,4.480796,4.624065,34453600
2003-11-07,4.638650,4.684118,4.562297,4.582028,28276800
2003-11-10,4.586317,4.594039,4.443049,4.467928,23117600
2003-11-11,4.488516,4.516827,4.431895,4.473932,31698400
2003-11-12,4.508249,4.674681,4.495381,4.649802,28892000
2003-11-13,4.600044,4.787924,4.598328,4.721866,32003200
2003-11-14,4.709853,4.769048,4.606906,4.654948,30624000
2003-11-17,4.608622,4.715859,4.572590,4.693554,18611200
2003-11-18,4.703849,4.788781,4.624922,4.629212,21864800
2003-11-19,4.643796,4.757039,4.624065,4.694412,28867200
2003-11-20,4.688407,4.875429,4.645512,4.772481,35271200
2003-11-21,4.774196,4.894301,4.757038,4.872854,27913600
2003-11-24,4.890013,5.095050,4.872855,5.090761,33482400
2003-11-25,5.094192,5.097624,4.966366,4.998966,29531200
2003-11-26,5.023844,5.062449,4.920896,5.040143,22632000
2003-11-28,5.049581,5.059876,4.998965,5.034139,6151200
2003-12-01,5.034998,5.165398,5.034998,5.161967,25524000
2003-12-02,5.153386,5.264055,5.131939,5.132797,28136000
2003-12-03,5.104487,5.224593,5.003256,5.029850,26695200
2003-12-04,5.057304,5.095909,4.900308,5.032424,34937600
2003-12-05,5.014408,5.054729,4.932908,4.941487,31360800
2003-12-08,4.931191,4.997249,4.834249,4.912317,21760000
2003-12-09,4.921756,4.963793,4.834250,4.865135,19571200
2003-12-10,4.824813,4.868566,4.742455,4.802508,23814400
2003-12-11,4.761328,4.835107,4.754464,4.805938,28594400
2003-12-12,4.846260,4.846260,4.735591,4.805938,14957600
2003-12-15,4.852265,4.962076,4.799933,4.811086,23284800
2003-12-16,4.813659,4.884864,4.739880,4.835106,25436800
2003-12-17,4.803366,4.950066,4.769907,4.895161,20715200
2003-12-18,4.938054,5.075317,4.932906,5.040143,34846400
2003-12-19,5.083040,5.117356,5.021271,5.095908,30156800
2003-12-22,5.076175,5.137086,5.060734,5.114781,15980000
2003-12-23,5.123361,5.188561,5.022987,5.101913,27247200
2003-12-24,5.087329,5.121646,5.059877,5.073603,5391200
2003-12-26,5.060736,5.101057,5.034998,5.057304,5572000
2003-12-29,5.036713,5.070171,5.010976,5.027276,21731200
2003-12-30,5.028133,5.061591,4.954354,4.987812,16163200
2003-12-31,5.006685,5.045291,4.960359,4.999822,14915200
2004-01-02,5.009261,5.082182,4.974945,4.977519,21652000
2004-01-05,4.983522,5.045291,4.975801,4.989528,20797600
2004-01-06,4.958645,5.028135,4.946635,4.970656,16619200
2004-01-07,5.016124,5.355851,4.963792,5.348130,47675200
2004-01-08,5.376440,5.378156,5.183413,5.262340,38496800
2004-01-09,5.214299,5.481963,5.214299,5.351562,36123200
2004-01-12,5.360142,5.446790,5.243468,5.391884,26701600
2004-01-13,5.358423,5.392739,5.200570,5.269202,27485600
2004-01-14,5.306093,5.355852,5.201430,5.235746,20321600
2004-01-15,5.210867,5.340409,5.198856,5.314672,26248000
2004-01-16,5.313813,5.479387,5.301802,5.438208,27462400
2004-01-20,5.433062,5.469093,5.355851,5.451935,22071200
2004-01-21,5.451077,5.694720,5.439067,5.608073,42915200
2004-01-22,5.692147,5.705015,5.542015,5.593488,26167200
2004-01-23,5.615793,5.676703,5.588340,5.640672,24613600
2004-01-26,5.589199,5.619225,5.493972,5.536009,37554400
2004-01-27,5.517136,5.526573,5.238320,5.238320,58260800
2004-01-28,5.263199,5.403894,5.141377,5.234888,45594400
2004-01-29,5.267487,5.306950,5.175692,5.206576,28642400
2004-01-30,4.681542,4.787063,4.555431,4.702132,165120000
2004-02-02,4.731302,4.890013,4.707281,4.827386,48381600
2004-02-03,4.866849,4.891728,4.808512,4.822238,28170400
2004-02-04,4.814518,4.863418,4.770765,4.821381,31140000
2004-02-05,4.864276,4.865992,4.749318,4.804223,28603200
2004-02-06,4.804223,4.864275,4.799075,4.852265,15778400
2004-02-09,4.849691,5.061592,4.829960,4.951781,26508000
2004-02-10,4.971512,4.971512,4.898591,4.921754,21717600
2004-02-11,4.932908,5.034997,4.848834,5.027276,21550400
2004-02-12,5.011833,5.119929,4.990386,5.075318,26534400
2004-02-13,5.119070,5.121643,4.976659,5.001538,19723200
2004-02-17,5.035855,5.044434,4.922613,4.993818,16120800
2004-02-18,4.999823,5.061592,4.914892,4.939771,19287200
2004-02-19,4.954354,4.983523,4.761327,4.781917,21285600
2004-02-20,4.795644,4.847117,4.700417,4.775054,22808000
2004-02-23,4.756182,4.782777,4.641224,4.659240,23409600
2004-02-24,4.647229,4.676397,4.569160,4.642082,21400000
2004-02-25,4.636075,4.759612,4.618059,4.697844,19503200
2004-02-26,4.688407,4.733017,4.648943,4.683259,22852800
2004-02-27,4.696128,4.743313,4.636933,4.655807,26895200
2004-03-01,4.679829,4.730445,4.574307,4.702992,23615200
2004-03-02,4.711570,4.819665,4.666959,4.669533,26623200
2004-03-03,4.666959,4.831675,4.648085,4.766475,21140800
2004-03-04,4.745028,4.845402,4.711570,4.769907,14947200
2004-03-05,4.740738,4.948349,4.735591,4.918323,24085600
2004-03-08,4.907170,4.935480,4.761327,4.798217,17308000
2004-03-09,4.850551,4.911461,4.775913,4.845403,26347200
2004-03-10,4.843686,4.930334,4.788781,4.822238,28984000
2004-03-11,4.797359,4.915749,4.765617,4.795644,24724800
2004-03-12,4.830818,4.957787,4.795644,4.932908,18574400
2004-03-15,4.918323,4.941486,4.823096,4.832533,18637600
2004-03-16,4.859988,4.893446,4.659240,4.756182,29364000
2004-03-17,4.805080,4.854838,4.761328,4.829959,17858400
2004-03-18,4.814519,4.906314,4.751035,4.865135,13215200
2004-03-19,4.872855,4.902882,4.737308,4.744171,17388800
2004-03-22,4.693554,4.696986,4.564870,4.586317,23295200
2004-03-23,4.631786,4.631786,4.431896,4.452486,29471200
2004-03-24,4.470502,4.533128,4.418170,4.440475,32775200
2004-03-25,4.475649,4.612913,4.443907,4.576024,19144000
2004-03-26,4.568302,4.684118,4.562297,4.614628,22843200
2004-03-29,4.633502,4.759613,4.621491,4.744171,19482400
2004-03-30,4.729586,4.776770,4.693554,4.757039,12538400
2004-03-31,4.761328,4.822239,4.675538,4.757039,19128800
2004-04-01,4.766474,4.863416,4.751032,4.787921,15368800
2004-04-02,4.880575,4.950065,4.836822,4.921754,18067200
2004-04-05,4.912316,4.996390,4.883147,4.968937,12958400
2004-04-06,4.904598,4.934625,4.790498,4.831677,19260800
2004-04-07,4.831674,4.913175,4.824811,4.888296,16128800
2004-04-08,4.941487,4.962076,4.842829,4.930334,16741600
2004-04-12,4.916608,4.998966,4.855697,4.894303,11870400
2004-04-13,4.935481,4.942344,4.752749,4.766475,17198400
2004-04-14,4.760471,4.868566,4.744171,4.854839,25814400
2004-04-15,4.867708,4.894303,4.817950,4.879719,15978400
2004-04-16,4.857414,4.932909,4.843687,4.917467,13829600
2004-04-19,4.919181,5.017839,4.904597,5.017839,14676000
2004-04-20,5.024703,5.070171,4.877144,4.890013,14097600
2004-04-21,4.877143,4.999823,4.872854,4.962075,20096000
2004-04-22,4.965507,5.083897,4.938912,5.080465,22852800
2004-04-23,5.472525,5.477672,5.071029,5.157676,86910400
2004-04-26,5.161107,5.336118,5.157676,5.280355,30736800
2004-04-27,5.306952,5.403036,5.228025,5.351562,21693600
2004-04-28,5.305234,5.403034,5.207434,5.259766,22191200
2004-04-29,5.207433,5.310380,5.176548,5.271775,20777600
2004-04-30,5.233172,5.314672,5.202287,5.228024,19482400
2004-05-03,5.233172,5.276067,5.104487,5.184272,19542400
2004-05-04,5.095908,5.130224,4.950066,5.005829,35239200
2004-05-05,5.034998,5.074461,4.979235,5.004972,21067200
2004-05-06,4.995533,4.996391,4.843685,4.866848,23300000
2004-05-07,4.864277,4.945777,4.765618,4.765618,22827200
2004-05-10,4.744170,4.761328,4.645512,4.695270,22914400
2004-05-11,4.722722,4.839396,4.718433,4.752749,15387200
2004-05-12,4.723581,4.879718,4.660096,4.833392,23418400
2004-05-13,4.825670,4.902881,4.800791,4.860844,16972000
2004-05-14,4.866849,4.882291,4.729586,4.781059,18331200
2004-05-17,4.942345,4.952640,4.797360,4.941487,32547200
2004-05-18,5.169688,5.392741,5.147382,5.365288,82911200
2004-05-19,5.413328,5.479387,5.339550,5.394455,35078400
2004-05-20,5.407324,5.507698,5.385019,5.417619,18751200
2004-05-21,5.490540,5.505124,5.372150,5.433061,17343200
2004-05-24,5.410756,5.477672,5.364430,5.387593,16334400
2004-05-25,5.383304,5.477673,5.346415,5.471668,18752000
2004-05-26,5.457084,5.667268,5.451078,5.655258,27163200
2004-05-27,5.644104,5.740189,5.568610,5.637241,21041600
2004-05-28,5.642388,5.676704,5.571183,5.604641,14172800
2004-06-01,5.587482,5.747909,5.582335,5.742762,16683200
2004-06-02,5.763350,5.816540,5.712734,5.712734,19536000
2004-06-03,5.721315,5.772789,5.517135,5.517135,16721600
2004-06-04,5.570325,5.583193,5.497403,5.536867,21123200
2004-06-07,5.533436,5.570325,5.494831,5.570325,12400800
2004-06-08,5.555741,5.589199,5.499978,5.530862,13222400
2004-06-09,5.562604,5.584910,5.390167,5.402178,21515200
2004-06-10,5.422766,5.501692,5.247755,5.295797,26593600
2004-06-14,5.279499,5.400463,5.240036,5.301805,15803200
2004-06-15,5.339552,5.490541,5.330115,5.479389,17004800
2004-06-16,5.481104,5.554883,5.469094,5.524857,12346400
2004-06-17,5.497404,5.518852,5.397030,5.441641,13227200
2004-06-18,5.448504,5.544588,5.427915,5.524857,15283200
2004-06-21,5.523999,5.523999,5.402178,5.402178,11554400
2004-06-22,5.402177,5.435635,5.311240,5.387593,15867200
2004-06-23,5.375583,5.602925,5.368720,5.589199,13816800
2004-06-24,5.699868,5.713594,5.517994,5.547163,30621600
2004-06-25,5.548878,5.693862,5.497404,5.572041,19424800
2004-06-28,5.601209,5.601209,5.457083,5.485393,18450400
2004-06-29,5.493973,5.678421,5.481962,5.620941,25576800
2004-06-30,5.628662,5.813110,5.620941,5.747910,216925600
2004-07-01,5.743620,5.815684,5.709305,5.743620,34616800
2004-07-02,5.729893,5.837988,5.723888,5.783940,18849600
2004-07-06,5.779652,5.862010,5.730752,5.742762,22831200
2004-07-07,5.764209,5.782225,5.698151,5.757346,16202400
2004-07-08,5.723029,5.774503,5.619224,5.642387,22766400
2004-07-09,5.667267,5.705015,5.567751,5.604641,23610400
2004-07-12,5.649250,5.670698,5.558313,5.630376,18757600
2004-07-13,5.625230,5.704157,5.609788,5.636383,9492000
2004-07-14,5.595204,5.673272,5.504267,5.517135,23268800
2004-07-15,5.513704,5.517994,5.417620,5.478531,19065600
2004-07-16,5.517135,5.518851,5.328398,5.356709,20965600
2004-07-19,5.403891,5.485391,5.276922,5.414186,22445600
2004-07-20,5.409040,5.445930,5.325824,5.352419,22089600
2004-07-21,5.330972,5.340409,5.036713,5.095908,36919200
2004-07-22,5.102772,5.211724,5.013550,5.135372,29343200
2004-07-23,5.113067,5.169688,4.902882,4.992103,26967200
2004-07-26,5.009261,5.035856,4.767334,4.830818,34977600
2004-07-27,4.852266,5.029850,4.838539,4.995534,23524800
2004-07-28,4.979234,5.072745,4.821381,4.997250,23775200
2004-07-29,5.051296,5.192849,5.047865,5.104486,36103200
2004-07-30,5.511989,5.730753,5.469952,5.545447,115459200
2004-08-02,5.508557,5.662121,5.389310,5.447647,58605600
2004-08-03,5.434777,5.574615,5.429630,5.436493,30322400
2004-08-04,5.431345,5.489682,5.332686,5.394455,22387200
2004-08-05,5.457939,5.595203,5.426197,5.461371,27393600
2004-08-06,5.399603,5.456224,5.276066,5.287219,26698400
2004-08-09,5.312956,5.397030,5.276066,5.290650,12380800
2004-08-10,5.326683,5.504268,5.318104,5.496546,20793600
2004-08-11,5.441641,5.731609,5.439067,5.643246,42724000
2004-08-12,5.596062,5.654399,5.460514,5.463088,23959200
2004-08-13,5.472525,5.546304,5.358424,5.403893,20966400
2004-08-16,5.421908,5.606356,5.418477,5.553167,21993600
2004-08-17,5.555741,5.601210,5.496546,5.496546,20888800
2004-08-18,5.488824,5.674988,5.469093,5.674988,26777600
2004-08-19,5.636383,5.699010,5.548878,5.559173,29796000
2004-08-20,5.582336,5.693005,5.559173,5.680136,35295200
2004-08-23,5.696436,5.708447,5.545446,5.572041,22258400
2004-08-24,5.593488,5.640673,5.523141,5.558315,20219200
2004-08-25,5.566035,5.755631,5.549736,5.732468,24271200
2004-08-26,5.984689,6.056752,5.876594,5.940078,74471200
2004-08-27,5.914343,6.070480,5.910053,5.952948,20860800
2004-08-30,5.976111,5.988122,5.847427,5.849142,15714400
2004-08-31,5.870589,5.930641,5.779652,5.930641,16686400
2004-09-01,5.946082,6.092782,5.940077,6.091067,33032800
2004-09-02,6.067047,6.157984,6.055037,6.116806,24769600
2004-09-03,6.114230,6.163988,6.022435,6.032730,13428800
2004-09-07,6.145975,6.197448,5.828553,5.933217,17928000
2004-09-08,5.928068,6.034447,5.813110,5.845710,12214000
2004-09-09,5.917773,6.000131,5.823404,5.979541,14236400
2004-09-10,5.996699,6.096215,5.929783,6.089352,12446800
2004-09-13,6.092782,6.183720,6.039593,6.130530,14950800
2004-09-14,6.130529,6.194013,6.111655,6.123666,9310400
2004-09-15,6.116805,6.169994,5.977825,6.084204,11826400
2004-09-16,6.080773,6.214605,6.080773,6.149405,10184800
2004-09-17,6.194015,6.348437,6.166563,6.329563,23932400
2004-09-20,6.315836,6.399909,6.211172,6.293530,12178000
2004-09-21,6.393049,6.430797,6.231765,6.410208,14903600
2004-09-22,6.305541,6.355299,6.226615,6.226615,16202800
2004-09-23,6.238629,6.322703,6.199166,6.236913,11582000
2004-09-24,6.231763,6.348437,6.224899,6.262647,13069600
2004-09-27,6.182004,6.211173,6.039593,6.091067,12485600
2004-09-28,6.161414,6.185435,6.049887,6.135677,10638400
2004-09-29,6.161417,6.336428,6.091069,6.204311,13073600
2004-09-30,6.235197,6.420502,6.194017,6.413640,23804400
2004-10-01,6.468542,6.528594,6.382752,6.466825,17945600
2004-10-04,6.494280,6.653848,6.485701,6.595511,20963200
2004-10-05,6.471975,6.708754,6.418785,6.588649,23346800
2004-10-06,6.590366,6.698461,6.547471,6.698461,17358000
2004-10-07,6.631545,6.674440,6.483987,6.523450,18036000
2004-10-08,6.502858,6.566342,6.449668,6.485699,16513200
2004-10-11,6.465111,6.597228,6.447954,6.499427,8024800
2004-10-12,6.451387,6.598945,6.331282,6.557766,14128000
2004-10-13,6.506291,6.592081,6.329564,6.442807,13311200
2004-10-14,6.435944,6.528597,6.331281,6.418786,13242400
2004-10-15,6.501141,6.504573,6.262646,6.432510,17262400
2004-10-18,6.417070,6.597228,6.374175,6.574923,14054800
2004-10-19,6.573206,6.638406,6.346721,6.393047,18365600
2004-10-20,6.405059,6.530312,6.307258,6.487417,13825200
2004-10-21,6.441089,6.520015,6.195730,6.293530,26732800
2004-10-22,5.936648,5.960670,5.595205,5.705016,70198800
2004-10-25,5.691289,5.717026,5.502552,5.651825,25498000
2004-10-26,5.701583,5.890321,5.653541,5.837131,23179600
2004-10-27,5.830269,6.060185,5.807963,5.994985,19815200
2004-10-28,6.001846,6.089352,5.907478,6.010425,14875600
2004-10-29,6.008710,6.111658,5.862867,5.941794,13318800
2004-11-01,6.024153,6.073911,5.922921,6.065331,16576000
2004-11-02,6.073912,6.230050,6.000133,6.053322,17556000
2004-11-03,6.221467,6.381036,6.194015,6.264362,25764400
2004-11-04,6.228332,6.411922,6.194016,6.382753,12548000
2004-11-05,6.399910,6.523447,6.327846,6.420499,15089600
2004-11-08,6.374176,6.466828,6.257501,6.317554,11576000
2004-11-09,6.331279,6.415353,6.288384,6.308974,8460400
2004-11-10,6.178573,6.369026,6.175142,6.262647,13914000
2004-11-11,6.346723,6.422218,6.269512,6.381038,9088800
2004-11-12,6.413639,6.497712,6.274659,6.338143,10345200
2004-11-15,6.324417,6.348438,6.123669,6.163132,13124400
2004-11-16,6.173425,6.194014,6.015572,6.032730,13662800
2004-11-17,6.061899,6.075625,5.880024,5.914340,17778000
2004-11-18,5.953804,6.151120,5.892035,6.085920,13249600
2004-11-19,6.073911,6.108227,5.842279,5.893753,16910000
2004-11-22,5.933214,5.991551,5.747908,5.936646,12484800
2004-11-23,5.945225,5.965815,5.859436,5.916057,8798400
2004-11-24,5.964098,6.082488,5.890320,5.936646,10698000
2004-11-26,6.013858,6.029300,5.919490,5.921205,3002800
2004-11-29,5.929784,5.996700,5.816542,5.861152,14254000
2004-11-30,5.861152,5.921205,5.794236,5.912626,13984000
2004-12-01,5.907478,6.032731,5.893751,5.943510,14995200
2004-12-02,5.928068,6.029300,5.892036,5.986405,23735600
2004-12-03,5.970963,6.157985,5.941795,6.087637,21271200
2004-12-06,6.125384,6.190584,5.984689,6.151120,10011200
2004-12-07,6.159700,6.327848,6.087637,6.116806,17777600
2004-12-08,6.079058,6.254069,6.056752,6.233479,13406800
2004-12-09,6.209456,6.365593,6.142540,6.320983,12914400
2004-12-10,6.266079,6.341574,6.223184,6.242058,7166800
2004-12-13,6.346721,6.379321,6.128815,6.369026,13162800
2004-12-14,6.336428,6.398197,6.308975,6.372459,16055200
2004-12-15,6.362164,6.394764,6.169995,6.206026,11328000
2004-12-16,6.245491,6.245491,6.065332,6.109943,11532800
2004-12-17,6.168279,6.211174,5.974394,5.979541,16640400
2004-12-20,6.085921,6.236910,5.996699,6.006994,16261200
2004-12-21,6.027583,6.091068,5.856004,6.010425,21237600
2004-12-22,5.888606,6.027585,5.807963,5.933217,15150800
2004-12-23,5.926350,5.960666,5.840561,5.886887,10582400
2004-12-27,5.933216,5.950373,5.749625,5.878310,10377600
2004-12-28,5.926352,6.094500,5.881741,6.044742,13438800
2004-12-29,6.046457,6.127099,6.000131,6.084204,11450000
2004-12-30,6.116805,6.116805,6.010426,6.034447,5485200
2004-12-31,6.031017,6.075627,5.953806,6.003564,8166400
2005-01-03,6.097930,6.097930,5.833697,5.958950,12315600
2005-01-04,6.043027,6.063617,5.741047,5.813111,19958000
2005-01-05,5.746194,5.794236,5.481962,5.732468,43298000
2005-01-06,5.782225,5.862866,5.761635,5.768498,15681600
2005-01-07,5.814825,5.816542,5.722172,5.756488,14579200
2005-01-10,5.754773,5.869731,5.715310,5.758205,14951200
2005-01-11,5.720457,5.747910,5.610646,5.627804,17223600
2005-01-12,5.634669,5.693006,5.579763,5.686142,18006000
2005-01-13,5.646677,5.668983,5.552309,5.578045,15112800
2005-01-14,5.576329,5.655255,5.569465,5.605497,8282400
2005-01-18,5.620941,5.816542,5.542014,5.749625,11107600
2005-01-19,5.778793,5.856004,5.706729,5.713593,14772400
2005-01-20,5.773646,5.845709,5.713593,5.739330,17016800
2005-01-21,5.751341,5.856005,5.627804,5.643246,15322800
2005-01-24,5.778795,5.833700,5.497404,5.535151,21232800
2005-01-25,5.550593,5.639814,5.380729,5.493972,21525200
2005-01-26,5.516277,5.708446,5.490540,5.691288,14523200
2005-01-27,5.650109,5.744478,5.517993,5.591772,19046800
2005-01-28,5.749625,5.765067,5.507698,5.578045,30746400
2005-01-31,5.662120,5.725604,5.627804,5.679278,14724000
2005-02-01,5.665553,5.753058,5.548879,5.741047,22528000
2005-02-02,5.741046,5.789089,5.581477,5.602067,16770000
2005-02-03,5.636382,5.650108,5.493971,5.538581,16800000
2005-02-04,5.555742,5.722173,5.540300,5.706731,17881600
2005-02-07,5.729036,5.751342,5.572899,5.579762,16333200
2005-02-08,5.586624,5.608929,5.475097,5.519708,17780000
2005-02-09,5.521427,5.593490,5.334405,5.377300,21143200
2005-02-10,5.421909,5.421909,5.214298,5.325825,23363200
2005-02-11,5.358424,5.680994,5.231456,5.627804,25598400
2005-02-14,5.564319,5.684425,5.562603,5.665551,12540000
2005-02-15,5.670698,5.809677,5.639813,5.672414,16645200
2005-02-16,5.699867,5.792519,5.675846,5.768498,15546000
2005-02-17,5.790804,5.854288,5.732467,5.787373,16227600
2005-02-18,5.785657,5.825120,5.658688,5.756488,14345200
2005-02-22,5.670700,5.753058,5.629521,5.687858,18806000
2005-02-23,5.744479,5.840564,5.711879,5.825121,15311200
2005-02-24,5.840563,6.029300,5.804532,6.000132,22993200
2005-02-25,5.984689,6.103079,5.921204,6.101363,21480000
2005-02-28,6.087637,6.116806,5.902332,5.928068,28222800
2005-03-01,5.953805,6.005278,5.862867,5.874878,12757600
2005-03-02,5.852573,6.219752,5.813109,6.036162,24910400
2005-03-03,6.058468,6.111657,5.919489,6.029299,15343200
2005-03-04,6.101362,6.123667,5.950372,5.981256,13477200
2005-03-07,6.013858,6.133964,5.981258,6.020721,9410800
2005-03-08,6.044741,6.187152,5.988120,6.037878,15034800
2005-03-09,6.039595,6.087637,5.974394,6.034447,12867200
2005-03-10,6.039594,6.072194,5.914341,6.017288,14498800
2005-03-11,5.994983,6.048173,5.833699,5.931499,14103200
2005-03-14,5.953806,6.139111,5.910911,6.125385,14868000
2005-03-15,6.154552,6.163131,5.962383,6.010425,15457200
2005-03-16,5.936646,6.073910,5.936646,6.006994,12655200
2005-03-17,5.991553,6.106512,5.970964,6.048175,12244000
2005-03-18,6.087638,6.097933,5.996701,6.073912,15103600
2005-03-21,6.092785,6.094501,5.941796,6.024154,11403600
2005-03-22,6.020721,6.108226,5.976111,5.986405,15932000
2005-03-23,5.996701,6.188870,5.970964,6.169996,16967200
2005-03-24,6.194018,6.242060,6.061902,6.068765,10765600
2005-03-28,6.094500,6.188868,6.032731,6.034447,10827200
2005-03-29,6.020721,6.072195,5.967531,6.001847,13447600
2005-03-30,6.031015,6.176857,6.031015,6.152836,11964000
2005-03-31,6.159700,6.216321,6.077341,6.142541,12446800
2005-04-01,6.169995,6.238627,5.989837,6.061901,14364400
2005-04-04,6.053320,6.097931,5.962383,6.041310,10839600
2005-04-05,6.092784,6.194016,6.065331,6.173427,9584400
2005-04-06,6.228333,6.387901,6.211175,6.284954,14086000
2005-04-07,6.283237,6.520017,6.266079,6.495996,14442800
2005-04-08,6.509721,6.571489,6.310689,6.369026,12291600
2005-04-11,6.410208,6.437660,6.315839,6.341576,7858000
2005-04-12,6.310690,6.458248,6.231764,6.456533,13349200
2005-04-13,6.465111,6.514869,6.338142,6.343290,11340000
2005-04-14,6.387903,6.389619,6.197450,6.238629,17825600
2005-04-15,6.159701,6.260933,6.034447,6.061901,22945600
2005-04-18,6.067046,6.175141,5.970961,6.039593,15558800
2005-04-19,6.108228,6.279807,6.058470,6.209460,20165600
2005-04-20,6.339858,6.568058,6.339858,6.369026,40360800
2005-04-21,6.444521,6.645269,6.432511,6.643553,20950400
2005-04-22,6.537175,6.878618,6.537175,6.785965,25210400
2005-04-25,6.791113,6.846019,6.667576,6.744787,17416400
2005-04-26,6.767093,6.813420,6.691598,6.743072,15874400
2005-04-27,6.442806,6.470259,6.209458,6.327848,44363200
2005-04-28,6.279805,6.394764,6.259216,6.303827,19306000
2005-04-29,6.334711,6.415354,6.194016,6.367312,15020400
2005-05-02,6.393046,6.485699,6.365594,6.485699,12420000
2005-05-03,6.420502,6.696745,6.420502,6.664145,23311600
2005-05-04,6.614386,6.792828,6.600660,6.703607,18214800
2005-05-05,6.669293,6.710472,6.573209,6.624682,17246400
2005-05-06,6.676153,6.676153,6.537174,6.643553,18666800
2005-05-09,6.628112,6.671007,6.497711,6.669291,15073600
2005-05-10,6.593796,6.708754,6.593796,6.631544,9050400
2005-05-11,6.621249,6.760228,6.581785,6.758512,9711200
2005-05-12,6.763660,6.815134,6.556049,6.653849,11588000
2005-05-13,6.640124,6.712187,6.607524,6.657282,11920400
2005-05-16,6.648699,6.674436,6.583499,6.667573,8096400
2005-05-17,6.616101,6.677869,6.564626,6.674438,10969600
2005-05-18,6.691598,6.834010,6.669293,6.809988,12256800
2005-05-19,6.828859,6.931807,6.777385,6.931807,12550000
2005-05-20,6.966124,6.983282,6.820282,6.894061,10251600
2005-05-23,6.892344,7.009018,6.859744,6.991860,8791600
2005-05-24,6.918079,6.983280,6.849447,6.916364,18483600
2005-05-25,6.916364,6.942101,6.880332,6.931807,12471600
2005-05-26,6.954111,7.091375,6.931806,7.062206,12261200
2005-05-27,6.964409,7.086231,6.962694,7.036472,7700400
2005-05-31,7.060491,7.063922,6.978133,7.000438,11874800
2005-06-01,7.033041,7.194325,7.010735,7.170304,12401200
2005-06-02,7.153144,7.403650,7.146281,7.389924,16286000
2005-06-03,7.353893,7.389925,7.103388,7.108535,15214000
2005-06-06,7.103387,7.180598,7.053629,7.158293,13436400
2005-06-07,7.216629,7.388208,7.201187,7.225208,16986000
2005-06-08,7.285264,7.312717,7.187464,7.226927,11937600
2005-06-09,7.245797,7.532335,7.232071,7.484292,11692000
2005-06-10,7.486008,7.527186,7.391639,7.432818,8352800
2005-06-13,7.451691,7.585523,7.408796,7.547776,8456400
2005-06-14,7.544344,7.599249,7.432817,7.547776,9757200
2005-06-15,7.592388,7.607830,7.395071,7.463703,11524400
2005-06-16,7.501450,7.612977,7.403650,7.592387,11492000
2005-06-17,7.659303,7.806862,7.643861,7.805146,30952000
2005-06-20,7.770827,7.920101,7.722785,7.739943,17796800
2005-06-21,7.755389,7.763967,7.381345,7.448261,20936400
2005-06-22,7.544347,7.549494,7.295556,7.312714,13614800
2005-06-23,7.300702,7.449976,7.012449,7.106817,23684400
2005-06-24,7.360758,7.377916,7.134273,7.163442,32784000
2005-06-27,7.156575,7.280112,7.147996,7.209765,13910800
2005-06-28,7.286976,7.425955,7.214912,7.417376,17577200
2005-06-29,7.395070,7.448260,7.350460,7.437965,13466400
2005-06-30,7.482575,7.635281,7.443112,7.547776,19276000
2005-07-01,7.585523,7.607829,7.487723,7.571797,9630800
2005-07-05,7.570086,7.691908,7.525475,7.685044,10934800
2005-07-06,7.688473,7.765683,7.635283,7.662735,13681600
2005-07-07,7.600966,7.812009,7.592387,7.805146,15778400
2005-07-08,7.789704,8.023052,7.703914,8.000747,16774400
2005-07-11,7.825738,7.971580,7.763969,7.899517,11516800
2005-07-12,7.892652,7.901231,7.710777,7.714209,15527600
2005-07-13,7.758823,7.824023,7.717644,7.808580,10971200
2005-07-14,7.897798,7.918388,7.789704,7.872062,7865600
2005-07-15,7.892653,7.990453,7.743379,7.801716,20043600
2005-07-18,7.813726,7.899515,7.721073,7.815441,16072400
2005-07-19,7.896088,8.098552,7.892656,7.995604,26858800
2005-07-20,8.127720,8.234100,7.968151,7.995604,36544800
2005-07-21,7.962999,8.023052,7.738230,7.921820,16747200
2005-07-22,7.710777,7.719357,7.443114,7.630136,30632000
2005-07-25,7.624986,7.643860,7.226922,7.352175,24210400
2005-07-26,7.391639,7.600965,7.359038,7.544344,20296000
2005-07-27,7.587243,7.798285,7.554642,7.794854,17192000
2005-07-28,7.815442,7.827452,7.678179,7.748526,10768800
2005-07-29,7.758822,7.820590,7.643863,7.688474,11656400
2005-08-01,7.822304,7.938978,7.763967,7.872062,17255200
2005-08-02,7.853189,7.954421,7.793136,7.812010,12412800
2005-08-03,7.772545,7.818872,7.705629,7.782840,10410400
2005-08-04,7.688474,7.772548,7.575232,7.587243,12335600
2005-08-05,7.559786,7.604397,7.307565,7.314428,16923200
2005-08-08,7.357324,7.393356,7.214913,7.225208,13891600
2005-08-09,7.278395,7.372764,7.256090,7.323006,11657200
2005-08-10,7.178882,7.286977,7.031323,7.129124,38799600
2005-08-11,7.151428,7.376198,7.142850,7.316144,11484400
2005-08-12,7.274966,7.310998,7.187461,7.276682,10376000
2005-08-15,7.244082,7.434535,7.232071,7.357324,7693600
2005-08-16,7.345315,7.410515,7.161726,7.161726,9691600
2005-08-17,7.184027,7.292122,7.130838,7.196037,8735200
2005-08-18,7.173733,7.372765,7.173733,7.317860,9807200
2005-08-19,7.257809,7.350462,7.250945,7.292125,10776400
2005-08-22,7.314431,7.388210,7.120546,7.206336,11573200
2005-08-23,7.223492,7.300703,7.172018,7.177166,9515200
2005-08-24,7.168587,7.245798,7.043334,7.057061,9146000
2005-08-25,7.077654,7.096528,6.997012,7.033044,11530400
2005-08-26,7.027894,7.075936,6.907788,7.043336,10642400
2005-08-29,7.022746,7.237220,7.005588,7.206336,9999200
2005-08-30,7.154863,7.189179,7.017600,7.075937,12225600
2005-08-31,7.093094,7.377915,7.074220,7.377915,18236400
2005-09-01,7.388209,7.420809,7.281829,7.372767,12722000
2005-09-02,7.377914,7.412230,7.262956,7.307567,5693600
2005-09-06,7.310998,7.518609,7.286977,7.448261,13902800
2005-09-07,7.386494,7.494589,7.360757,7.425957,6787600
2005-09-08,7.393358,7.468852,7.326442,7.400221,9391600
2005-09-09,7.446546,7.628419,7.444830,7.597535,11104000
2005-09-12,7.748525,7.841178,7.724504,7.784557,13524400
2005-09-13,7.705631,7.827453,7.703916,7.772547,10429600
2005-09-14,7.781127,7.805149,7.719359,7.743380,6801600
2005-09-15,7.748528,7.868633,7.743380,7.846328,12415600
2005-09-16,7.769113,7.947556,7.769113,7.947556,19089600
2005-09-19,7.978444,8.050507,7.861770,7.920107,9349600
2005-09-20,7.899516,8.107127,7.794852,7.849758,16147200
2005-09-21,7.849759,7.926970,7.721075,7.721075,12359200
2005-09-22,7.727936,7.894368,7.673031,7.856621,10826800
2005-09-23,7.878924,7.944125,7.763966,7.897798,7527600
2005-09-26,7.968147,8.232379,7.954421,8.107126,19986000
2005-09-27,8.107127,8.184338,7.968148,8.091685,11402000
2005-09-28,8.107126,8.113989,7.959568,8.031631,8342000
2005-09-29,8.050506,8.192917,7.944127,8.150023,8739200
2005-09-30,8.184336,8.439989,8.160315,8.366210,17872000
2005-10-03,8.393663,8.484601,8.151737,8.215221,15059600
2005-10-04,8.199779,8.409105,8.095116,8.112273,14626800
2005-10-05,8.146589,8.146589,7.884072,7.918388,15222400
2005-10-06,7.923537,7.987021,7.674746,7.810294,24876000
2005-10-07,7.968145,8.206641,7.935546,8.151735,24239200
2005-10-10,8.278705,8.321600,8.148305,8.240957,14456400
2005-10-11,8.252968,8.321600,8.148305,8.177473,23242800
2005-10-12,8.216936,8.278705,7.866914,7.921820,19772400
2005-10-13,7.875497,8.108844,7.873780,8.029918,16694000
2005-10-14,8.081390,8.144875,7.901232,8.136295,14996000
2005-10-17,8.182623,8.227234,8.057370,8.189487,12294800
2005-10-18,8.235811,8.316454,8.165464,8.275274,14015600
2005-10-19,7.975010,8.009326,7.686756,7.894367,46747200
2005-10-20,7.937262,7.957852,7.703914,7.757103,21967600
2005-10-21,7.870346,7.882357,7.721072,7.827451,16543200
2005-10-24,7.822304,8.198063,7.822304,8.198063,17094400
2005-10-25,8.192914,8.270125,8.107124,8.230661,14164000
2005-10-26,8.234098,8.338760,8.028202,8.028202,12894800
2005-10-27,8.047073,8.057367,7.758819,7.820588,12470400
2005-10-28,7.926967,8.103694,7.860051,8.084820,13308000
2005-10-31,8.139726,8.285569,8.024768,8.107126,14897600
2005-11-01,8.107124,8.158598,7.985303,8.089967,8801600
2005-11-02,8.167177,8.402242,8.153451,8.390231,14589600
2005-11-03,8.477738,8.850065,8.433127,8.714518,20060400
2005-11-04,8.740255,8.772855,8.443422,8.524065,14386800
2005-11-07,8.663043,8.669906,8.460579,8.556664,11835200
2005-11-08,8.695646,8.863793,8.664761,8.841488,17316400
2005-11-09,8.891248,8.954732,8.795163,8.855216,14212800
2005-11-10,8.898107,8.975318,8.748833,8.975318,12388400
2005-11-11,8.983900,9.280732,8.975321,9.279016,18118800
2005-11-14,9.229258,9.284163,8.899825,8.920415,20056400
2005-11-15,9.042235,9.064540,8.838055,8.860360,18120400
2005-11-16,9.424856,9.570698,9.189793,9.544962,59630400
2005-11-17,9.527804,9.695952,8.867224,9.393972,89778800
2005-11-18,9.471180,9.539811,9.299600,9.327053,26414400
2005-11-21,9.320194,9.333920,9.230972,9.299604,16220000
2005-11-22,9.279013,9.363087,9.234402,9.282444,12310400
2005-11-23,9.311615,9.316762,9.134888,9.229257,11051200
2005-11-25,9.256707,9.304749,9.116012,9.304749,3806400
2005-11-28,9.279011,9.299600,8.899820,8.942715,13660800
2005-11-29,9.025074,9.064538,8.851779,8.853495,12336000
2005-11-30,8.827761,8.903255,8.697360,8.697360,18918000
2005-12-01,8.774570,9.160624,8.704223,9.091992,19862000
2005-12-02,9.073115,9.201800,9.047378,9.193221,13016800
2005-12-05,9.239550,9.373382,9.236119,9.332203,16517200
2005-12-06,9.347642,9.436864,9.145179,9.155474,11234400
2005-12-07,9.140032,9.224106,8.875800,9.006201,13488400
2005-12-08,9.030222,9.085128,8.879232,9.028506,11675200
2005-12-09,9.067970,9.122876,8.904970,8.918696,8262400
2005-12-12,8.913547,9.013063,8.765989,8.867221,11342400
2005-12-13,8.807169,9.308181,8.807169,9.256707,27391600
2005-12-14,9.265290,9.282448,8.908405,8.939289,17979200
2005-12-15,9.110866,9.134887,8.853497,9.025076,14249200
2005-12-16,9.047382,9.052529,8.675055,8.697360,24677600
2005-12-19,8.803741,8.870657,8.601277,8.678488,13956000
2005-12-20,8.699074,8.867222,8.661327,8.856927,12770000
2005-12-21,8.904972,9.284162,8.884382,9.277299,18915600
2005-12-22,9.126307,9.505498,9.114297,9.505498,14570400
2005-12-23,9.522658,9.565553,9.291026,9.361374,7218000
2005-12-27,9.436866,9.505498,9.251560,9.296171,7159200
2005-12-28,9.357941,9.357941,9.093708,9.169203,8431600
2005-12-29,9.145183,9.188078,9.019930,9.066257,6620400
2005-12-30,9.007919,9.179499,8.944435,9.019930,8325600
2006-01-03,9.093706,9.493486,9.004485,9.385391,17228400
2006-01-04,9.407698,9.603299,9.369950,9.514077,17344400
2006-01-05,9.683939,9.824634,9.608445,9.714824,17982800
2006-01-06,9.797184,9.891553,9.718258,9.785173,14891600
2006-01-09,10.111176,10.111176,9.876112,9.936165,16164000
2006-01-10,9.943025,9.960182,9.659919,9.795466,16017200
2006-01-11,9.822918,9.882971,9.735413,9.768013,12005200
2006-01-12,9.841793,10.030530,9.694235,10.027099,17164000
2006-01-13,10.066563,10.251869,10.045973,10.191816,12998400
2006-01-17,10.075141,10.171225,10.003077,10.133478,11813200
2006-01-18,10.094017,10.099165,9.869248,10.057985,14625600
2006-01-19,10.135194,10.188383,9.870961,10.150636,12306400
2006-01-20,10.155784,10.318785,9.822920,9.876110,19589200
2006-01-23,9.822922,9.834932,9.556974,9.675364,15457200
2006-01-24,9.900134,10.076861,9.745712,9.953323,19703200
2006-01-25,9.999647,10.063132,9.781741,9.841794,11868000
2006-01-26,9.951605,10.123184,9.857237,10.107742,12820400
2006-01-27,10.123186,10.294766,9.960186,10.250155,16158400
2006-01-30,10.294763,10.298194,9.848657,9.934446,28006800
2006-01-31,9.934448,10.516102,9.882974,10.444038,45982800
2006-02-01,10.438891,10.581302,10.219270,10.553849,32670800
2006-02-02,10.341088,10.478352,10.286183,10.416583,22282000
2006-02-03,10.318785,10.552133,10.277606,10.414869,17762400
2006-02-06,10.444038,10.447470,10.200396,10.298196,13940800
2006-02-07,10.327364,10.420017,10.229563,10.353101,13623600
2006-02-08,10.371975,10.421733,10.124900,10.188385,15772000
2006-02-09,10.181523,10.255302,9.845228,10.008228,28204800
2006-02-10,10.003076,10.183235,9.896697,10.140340,19358000
2006-02-13,10.140341,10.227847,10.037394,10.154068,11656400
2006-02-14,10.186666,10.368541,10.071708,10.344520,15864800
2006-02-15,10.365111,10.498942,10.287900,10.498942,12890400
2006-02-16,10.500660,10.615618,10.464628,10.552134,15665200
2006-02-17,10.552133,10.677386,10.468059,10.545270,11718400
2006-02-21,10.631057,10.631057,10.188383,10.291330,16558400
2006-02-22,10.320502,10.649934,10.279322,10.615618,15095200
2006-02-23,10.620764,10.740869,10.457763,10.514384,11530000
2006-02-24,10.536691,10.636208,10.330796,10.579586,8867600
2006-02-27,10.646501,10.975934,10.612185,10.924459,14999200
2006-02-28,10.857546,10.907304,10.620767,10.684251,13686000
2006-03-01,10.697975,10.721997,10.444038,10.474922,18236000
2006-03-02,10.432028,10.576154,10.416585,10.516102,10337600
2006-03-03,10.428594,10.514384,10.310205,10.310205,12629200
2006-03-06,10.329078,10.358246,10.097445,10.208972,11070000
2006-03-07,10.174657,10.255299,10.052835,10.138625,9912400
2006-03-08,10.152353,10.517817,10.020237,10.428596,15060000
2006-03-09,10.492080,10.557280,10.363396,10.392564,12267200
2006-03-10,10.123186,10.552134,10.123186,10.481787,9663600
2006-03-13,10.552131,10.624194,10.438888,10.550415,9586800
2006-03-14,10.534975,10.800923,10.483501,10.787196,14435600
2006-03-15,10.787199,10.938189,10.723715,10.936474,11902400
2006-03-16,11.018827,11.094323,10.771753,10.790627,22255200
2006-03-17,10.754594,10.931320,10.754594,10.862689,15814800
2006-03-20,10.981080,10.981080,10.651648,10.812932,10807200
2006-03-21,10.689394,10.989659,10.646499,10.689394,12724800
2006-03-22,10.651648,10.790627,10.555563,10.758027,12373200
2006-03-23,10.744302,10.761460,10.521249,10.641355,8482400
2006-03-24,10.732291,10.776902,10.595028,10.696259,6632000
2006-03-27,10.651649,10.718565,10.546985,10.713417,9000000
2006-03-28,10.843820,10.847251,10.497229,10.576156,11443200
2006-03-29,10.631060,10.720281,10.524681,10.641355,9392800
2006-03-30,10.656796,10.766607,10.552133,10.581301,8343600
2006-03-31,10.625914,10.800925,10.588167,10.675673,10704800
2006-04-03,10.766607,10.951913,10.675670,10.893576,13425600
2006-04-04,10.955344,11.152660,10.866123,11.072018,17660400
2006-04-05,11.025692,11.108050,10.933039,10.965639,12061600
2006-04-06,10.926173,10.958773,10.526393,10.588161,19279600
2006-04-07,10.704839,10.766608,10.528113,10.552134,11493600
2006-04-10,10.534976,10.723713,10.414870,10.615618,11110800
2006-04-11,10.691111,10.691111,10.308490,10.365110,12218800
2006-04-12,10.371976,10.605324,10.265597,10.481787,15498800
2006-04-13,10.481784,10.620764,10.392563,10.540121,8954800
2006-04-17,10.555564,10.629343,10.306774,10.498942,10529200
2006-04-18,10.519536,10.720283,10.425167,10.610473,22391200
2006-04-19,10.809499,11.212711,10.799204,11.174963,35390800
2006-04-20,11.259044,11.358559,11.101190,11.180118,85579200
2006-04-21,11.245315,11.300220,11.006819,11.070303,23817200
2006-04-24,11.102903,11.102903,10.692828,10.902155,18588000
2006-04-25,10.903868,10.958773,10.468056,10.538404,21888400
2006-04-26,10.504089,10.510952,9.646192,9.833214,59128800
2006-04-27,9.874394,9.920721,9.591289,9.742278,46131200
2006-04-28,9.951605,9.968763,9.737131,9.865815,17856800
2006-05-01,9.924153,10.078575,9.821205,9.932732,20896400
2006-05-02,9.970480,9.985922,9.217246,9.402552,62120800
2006-05-03,9.430004,9.647910,9.371667,9.627320,33714000
2006-05-04,9.689090,9.737132,9.440299,9.471184,21512400
2006-05-05,9.551825,9.670215,9.311614,9.651341,28068000
2006-05-08,9.651340,9.788603,9.651340,9.697666,18044000
2006-05-09,9.719973,9.888121,9.699383,9.840078,16369600
2006-05-10,9.819487,10.015088,9.735414,9.743993,22051200
2006-05-11,9.771447,9.822920,9.649625,9.711393,17734800
2006-05-12,9.658207,9.687375,9.397406,9.529522,15861600
2006-05-15,9.673650,9.891556,9.625607,9.793756,24167600
2006-05-16,9.747425,9.893267,9.589572,9.735415,15444400
2006-05-17,9.661634,9.737129,9.472896,9.574128,18948800
2006-05-18,9.617025,9.647909,9.097139,9.222392,24780400
2006-05-19,9.213813,9.436866,9.016496,9.426571,28104000
2006-05-22,9.320195,9.438585,9.158911,9.381964,15877600
2006-05-23,9.479761,9.565550,9.194939,9.225823,17406400
2006-05-24,9.371665,9.695949,9.291023,9.522655,47514800
2006-05-25,9.529518,9.608444,9.443728,9.574128,15621600
2006-05-26,9.651343,9.879544,9.479763,9.807480,17447200
2006-05-30,9.810911,9.810911,9.565552,9.568984,14099200
2006-05-31,9.610161,9.840077,9.565550,9.836646,16526400
2006-06-01,9.973912,10.102597,9.903564,10.064849,23402000
2006-06-02,10.121470,10.191817,9.922438,10.020238,18830000
2006-06-05,9.941311,10.040827,9.666784,9.692521,11781600
2006-06-06,9.689089,9.879543,9.617026,9.709679,17065600
2006-06-07,9.709679,9.948175,9.709679,9.747427,20245600
2006-06-08,9.675363,9.745711,9.471184,9.706247,25942800
2006-06-09,9.747424,9.994498,9.719971,9.833214,16822400
2006-06-12,9.865815,9.908710,9.611878,9.635899,14520000
2006-06-13,9.639330,9.908710,9.539814,9.783457,20730000
2006-06-14,9.745709,9.838362,9.587856,9.769730,15861200
2006-06-15,9.752571,10.092298,9.730265,10.052835,23163600
2006-06-16,10.004795,10.080289,9.876110,9.927584,18366800
2006-06-19,9.917289,9.946458,9.565552,9.627320,16876400
2006-06-20,9.651341,9.651341,9.356225,9.478046,17348800
2006-06-21,9.520942,9.721690,9.488342,9.610163,15347200
2006-06-22,9.558687,9.721687,9.393971,9.428287,11219600
2006-06-23,9.380243,9.644476,9.380243,9.534665,8946400
2006-06-26,9.522658,9.580995,9.454026,9.572416,8453600
2006-06-27,9.582709,9.665068,9.397404,9.467752,12466400
2006-06-28,9.512364,9.646196,9.412848,9.623891,10408800
2006-06-29,9.694238,10.128334,9.665070,10.114608,28572800
2006-06-30,10.131762,10.239857,10.044257,10.150636,16653600
2006-07-03,10.147209,10.190104,10.080293,10.167798,4117200
2006-07-05,10.061413,10.159214,9.968760,10.121467,13080400
2006-07-06,10.112890,10.335944,10.112890,10.311922,11522000
2006-07-07,10.270743,10.512670,10.212406,10.425164,18028000
2006-07-10,10.486934,10.620766,10.432029,10.569292,16923200
2006-07-11,10.607039,10.734008,10.408007,10.596744,24326800
2006-07-12,10.596743,10.723712,10.450901,10.601891,30699600
2006-07-13,10.517816,10.620765,10.418301,10.483500,17027200
2006-07-14,10.509236,10.521247,10.148920,10.279320,14344400
2006-07-17,10.245006,10.380553,10.166079,10.191816,14564800
2006-07-18,10.253584,10.411437,10.169510,10.337658,22531200
2006-07-19,10.363395,10.619048,10.306774,10.505806,21082400
2006-07-20,10.471488,10.571004,10.006508,10.183234,32546000
2006-07-21,9.980773,10.337659,9.955037,10.245006,27097600
2006-07-24,10.298195,10.399426,10.184952,10.365110,15555200
2006-07-25,10.329079,10.653364,10.318784,10.619048,15265200
2006-07-26,10.567574,10.802637,10.567574,10.699690,13962400
2006-07-27,10.718568,10.782052,10.389135,10.502378,9837200
2006-07-28,10.591597,10.720282,10.432028,10.720282,11661600
2006-07-31,10.720283,10.721999,10.442324,10.555567,14984000
2006-08-01,10.543552,10.553846,10.354814,10.416583,14242400
2006-08-02,10.423450,10.655082,10.423450,10.569292,12760000
2006-08-03,10.553849,10.701408,10.402860,10.649934,11886800
2006-08-04,10.775185,10.809501,10.450900,10.522964,8459600
2006-08-07,10.545267,10.656794,10.476636,10.625910,7203600
2006-08-08,10.620763,10.625910,10.416583,10.565858,10657600
2006-08-09,10.631062,10.806073,10.540125,10.583020,11370400
2006-08-10,10.586448,10.746016,10.519532,10.613900,12730000
2006-08-11,10.564143,10.696259,10.560711,10.646501,9469600
2006-08-14,10.790627,10.855827,10.557279,10.557279,17937200
2006-08-15,10.708272,10.773473,10.521251,10.675673,15664800
2006-08-16,10.746016,10.991374,10.732290,10.981080,19494000
2006-08-17,11.008535,11.150945,10.960492,10.977650,14520800
2006-08-18,10.989659,11.060006,10.850680,10.921027,14202400
2006-08-21,10.921027,10.979364,10.792342,10.917595,11676400
2006-08-22,10.895290,10.998237,10.824943,10.888427,10673600
2006-08-23,10.927892,10.936472,10.732292,10.833524,9382400
2006-08-24,10.838670,11.003386,10.836954,10.929607,8454800
2006-08-25,10.869555,10.946766,10.821513,10.843819,9745200
2006-08-28,10.855828,11.097755,10.809502,11.061724,10368800
2006-08-29,11.001670,11.092607,10.845532,10.987944,11306000
2006-08-30,10.993090,11.015395,10.864406,10.888427,9262000
2006-08-31,10.965638,10.965638,10.814648,10.878133,9751200
2006-09-01,10.919310,10.996521,10.824942,10.866121,7863600
2006-09-05,10.912451,10.912451,10.730577,10.785482,10045200
2006-09-06,10.734004,10.785478,10.456045,10.558993,18121600
2006-09-07,10.591596,10.706555,10.540123,10.607038,14937200
2006-09-08,10.613900,10.998237,10.600173,10.927890,15478800
2006-09-11,10.860975,10.915880,10.746017,10.886712,15020000
2006-09-12,10.898722,10.979365,10.723711,10.953628,12870000
2006-09-13,10.924460,10.955344,10.835239,10.929607,9522400
2006-09-14,10.914165,10.970786,10.847249,10.893576,8567200
2006-09-15,10.953628,11.137218,10.943333,11.109765,23421600
2006-09-18,11.114915,11.221295,11.017115,11.121778,13006800
2006-09-19,11.126922,11.168101,11.054859,11.145796,12384000
2006-09-20,11.126923,11.265904,11.075450,11.144081,18344400
2006-09-21,11.152661,11.173251,11.017113,11.022261,14354000
2006-09-22,11.032556,11.169818,10.998239,11.114913,15688400
2006-09-25,11.195555,11.353408,11.066871,11.353408,14205600
2006-09-26,11.312229,11.468365,11.272765,11.458071,16566400
2006-09-27,11.476943,11.562733,11.351691,11.552439,18659600
2006-09-28,11.573029,11.775493,11.567882,11.775493,17240800
2006-09-29,11.756620,11.885304,11.667399,11.799515,16541200
2006-10-02,11.140648,11.267617,10.945048,11.029121,60339200
2006-10-03,11.032556,11.075451,10.555565,10.643070,46614800
2006-10-04,10.625912,11.140650,10.620765,10.977650,36583200
2006-10-05,11.025694,11.253894,10.987946,11.205852,20601200
2006-10-06,11.223010,11.265905,11.118346,11.212714,12168400
2006-10-09,11.212712,11.241881,11.084028,11.183544,9860400
2006-10-10,11.264186,11.264186,10.993090,11.147511,11680800
2006-10-11,11.080599,11.228158,10.998241,11.205852,13802400
2006-10-12,11.238450,11.512977,11.144081,11.470082,19231200
2006-10-13,11.411745,11.531850,11.387724,11.476945,13654000
2006-10-16,11.447778,11.609063,11.392872,11.583325,12228800
2006-10-17,11.679411,11.777211,11.509548,11.667400,14333200
2006-10-18,11.729170,11.847560,11.617643,11.619359,23216000
2006-10-19,11.660537,11.796085,11.598769,11.718875,22601200
2006-10-20,11.773780,11.838979,11.626221,11.837263,19693200
2006-10-23,11.782355,11.947071,11.708575,11.904176,12431200
2006-10-24,11.881875,11.899032,11.674264,11.777211,11304400
2006-10-25,11.734315,11.796083,11.516409,11.658819,15327600
2006-10-26,11.627933,11.909324,11.564450,11.899029,9901200
2006-10-27,11.830400,11.888737,11.672547,11.698284,9563600
2006-10-30,11.667400,11.852706,11.624505,11.833832,12896800
2006-10-31,11.873290,11.984817,11.754902,11.821817,11517600
2006-11-01,11.856135,11.917904,11.499250,11.595335,14220400
2006-11-02,11.595333,11.696564,11.439195,11.669112,14150400
2006-11-03,11.643378,11.710294,11.521557,11.643378,9480800
2006-11-06,11.665680,11.899028,11.665680,11.808091,11286400
2006-11-07,11.768631,11.993401,11.696568,11.967664,13219200
2006-11-08,11.888738,11.924769,11.689705,11.835548,11434000
2006-11-09,11.911042,11.911042,11.452926,11.506115,14309600
2006-11-10,11.507829,11.557587,11.384291,11.554154,12113600
2006-11-13,11.533570,11.597053,11.391158,11.507833,9296400
2006-11-14,11.427187,11.621072,11.410029,11.598766,11048000
2006-11-15,11.588473,11.796084,11.566169,11.645095,15305600
2006-11-16,11.701711,11.825249,11.686270,11.715438,10360400
2006-11-17,11.674263,11.914474,11.674263,11.912758,17662800
2006-11-20,11.899028,12.010554,11.710291,11.821817,15781200
2006-11-21,11.905894,11.905894,11.547294,11.583325,12465600
2006-11-22,11.586759,11.598769,11.301937,11.418612,15165600
2006-11-24,11.332819,11.461503,11.305366,11.349977,4490400
2006-11-27,11.325957,11.349978,11.118346,11.186976,14337200
2006-11-28,11.186974,11.372280,11.137218,11.346543,14147600
2006-11-29,11.317378,11.458073,11.259041,11.452926,12729200
2006-11-30,11.473514,11.473514,11.276197,11.317376,9493200
2006-12-01,11.372283,11.410031,10.999956,11.190410,19147200
2006-12-04,11.264189,11.679411,11.226441,11.602201,19098000
2006-12-05,11.598767,11.667399,11.495820,11.615925,17634000
2006-12-06,11.653674,11.691421,11.526705,11.684558,11864000
2006-12-07,11.701714,11.706862,11.418609,11.475229,13051600
2006-12-08,11.324238,11.571312,11.252175,11.344828,12613200
2006-12-11,11.253890,11.349975,11.190407,11.281343,8524400
2006-12-12,11.257326,11.343115,11.188694,11.197273,13942000
2006-12-13,11.178398,11.219576,10.938186,10.975934,19809200
2006-12-14,10.975931,11.144078,10.830088,10.869552,21914000
2006-12-15,10.991377,11.099473,10.828377,11.065156,27668800
2006-12-18,11.054861,11.128640,10.900439,10.945050,10866000
2006-12-19,10.933041,11.140652,10.845535,11.090894,13602800
2006-12-20,11.195553,11.320807,11.102900,11.111480,20335600
2006-12-21,11.147513,11.298503,11.108050,11.216146,20901600
2006-12-22,11.216146,11.264188,10.967355,11.066872,10743200
2006-12-26,11.104621,11.186978,11.003388,11.171536,5977200
2006-12-27,11.271048,11.361984,11.212710,11.329384,10388800
2006-12-28,11.295073,11.339683,11.101187,11.212714,8839200
2006-12-29,11.192125,11.296787,11.109766,11.140651,7876800
2007-01-03,11.200701,11.348259,10.624194,10.835238,33461200
2007-01-04,10.830092,11.089176,10.718566,11.013682,18666400
2007-01-05,11.018828,11.121775,10.955343,11.017112,14022000
2007-01-08,10.977650,11.039418,10.897007,11.020545,12984000
2007-01-09,11.144083,11.240169,11.070304,11.154379,20593600
2007-01-10,11.092610,11.147515,10.989662,11.099473,12706800
2007-01-11,11.150943,11.367134,11.102901,11.365417,17697600
2007-01-12,11.289924,11.408313,11.288208,11.351693,15242800
2007-01-16,11.353412,11.406603,11.298507,11.384296,14289600
2007-01-17,11.365420,11.425473,11.264189,11.391157,18442800
2007-01-18,11.444345,11.492388,11.198986,11.351693,14631200
2007-01-19,11.301935,11.446061,11.217861,11.252177,12762000
2007-01-22,11.238451,11.269335,11.001671,11.023976,15188000
2007-01-23,11.025691,11.090891,10.886712,10.953628,13597200
2007-01-24,10.917597,11.068587,10.917597,11.023976,12464800
2007-01-25,10.999956,11.023977,10.842103,10.879850,15518800
2007-01-26,10.886712,10.927891,10.706554,10.763175,23048000
2007-01-29,10.749449,10.974217,10.711701,10.842101,15867600
2007-01-30,10.852396,10.917596,10.795774,10.890143,12757600
2007-01-31,10.998239,11.207566,10.828376,11.035987,24699600
2007-02-01,11.984821,12.339990,11.926484,12.273074,74481200
2007-02-02,12.182141,12.336563,12.051741,12.125520,28588000
2007-02-05,12.122083,12.154683,12.001977,12.013988,18828800
2007-02-06,12.008839,12.087766,11.953934,12.067177,18983200
2007-02-07,12.202727,12.568190,12.170126,12.394895,31304000
2007-02-08,12.364008,12.444651,12.281651,12.381167,13833600
2007-02-09,12.262779,12.400042,12.149536,12.209590,19386800
2007-02-12,12.190717,12.261064,12.051737,12.149537,10948000
2007-02-13,12.176989,12.262779,12.084336,12.108357,14736800
2007-02-14,12.171841,12.309104,12.098062,12.305673,16182000
2007-02-15,12.271358,12.400043,12.231896,12.386317,14607200
2007-02-16,12.382886,12.439507,12.281654,12.364012,13825200
2007-02-20,12.478968,12.518431,12.281652,12.472105,14271600
2007-02-21,12.497845,12.758646,12.497845,12.736341,21812000
2007-02-22,12.731191,12.825560,12.542453,12.707170,13809200
2007-02-23,12.731190,12.775801,12.508137,12.633389,9770800
2007-02-26,12.772370,12.863307,12.525295,12.705454,12863600
2007-02-27,12.593928,12.593928,12.010558,12.110074,30714000
2007-02-28,11.933345,12.365724,11.933345,12.278218,27783600
2007-03-01,12.053450,12.283366,11.856134,12.111787,30936800
2007-03-02,12.070612,12.267929,11.969381,12.086055,18421600
2007-03-05,11.967662,12.252484,11.895599,12.008841,17417200
2007-03-06,12.070610,12.219885,11.940210,12.134095,17934400
2007-03-07,12.070610,12.128947,12.003694,12.022568,15337200
2007-03-08,12.116936,12.176988,11.976240,12.020850,12599200
2007-03-09,12.142673,12.173557,11.967662,12.055168,11760800
2007-03-12,11.984821,12.180421,11.943642,12.151253,12385600
2007-03-13,12.025999,12.142673,11.809810,11.809810,16384800
2007-03-14,11.818389,11.964233,11.717158,11.935063,17505200
2007-03-15,11.952220,12.050020,11.900745,12.031146,14900000
2007-03-16,11.986535,12.058599,11.856135,11.931630,22675200
2007-03-19,12.007126,12.228462,11.919620,12.142673,13022800
2007-03-20,12.396613,12.624814,12.396613,12.492697,27260800
2007-03-21,12.499556,12.767220,12.364008,12.767220,25686400
2007-03-22,12.840999,12.851295,12.719178,12.822126,20185600
2007-03-23,12.851295,12.952526,12.760358,12.796390,20673200
2007-03-26,12.770658,12.945668,12.595647,12.919932,15195200
2007-03-27,12.870169,12.919927,12.784379,12.868453,11868400
2007-03-28,12.818697,12.976550,12.746634,12.875319,14098000
2007-03-29,12.981698,13.089793,12.923361,13.082930,18065200
2007-03-30,13.053758,13.225337,12.959389,13.125821,16267600
2007-04-02,13.196170,13.227053,12.995421,13.127538,10138800
2007-04-03,13.216756,13.383188,13.108662,13.366031,11279600
2007-04-04,13.379763,13.426089,13.280247,13.372900,12250000
2007-04-05,13.302551,13.470699,13.302551,13.438099,10428000
2007-04-09,13.340297,13.417507,13.263087,13.331717,15048400
2007-04-10,13.288824,13.468983,13.215045,13.259656,16879200
2007-04-11,13.247644,13.304265,13.014296,13.160138,16884800
2007-04-12,13.204746,13.609673,13.160135,13.553052,19768800
2007-04-13,13.599382,13.614823,13.355738,13.455255,13474400
2007-04-16,13.506727,13.685170,13.455253,13.674874,15571600
2007-04-17,13.637133,13.719490,13.573648,13.616543,15038400
2007-04-18,13.595952,13.662868,13.383194,13.456973,22090400
2007-04-19,13.657721,14.177606,13.498152,14.019753,39368400
2007-04-20,14.177608,14.241092,14.043776,14.136429,21096800
2007-04-23,14.157013,14.434971,14.157013,14.273687,26818000
2007-04-24,14.266824,14.380066,14.182751,14.304572,18571600
2007-04-25,14.297710,14.458994,14.139857,14.450416,21923200
2007-04-26,14.400656,14.450414,14.316582,14.409235,14198800
2007-04-27,14.393795,14.421249,13.968279,14.045489,24223600
2007-04-30,14.048917,14.151866,13.855033,14.021465,21806800
2007-05-01,14.067796,14.181039,13.997449,14.169028,18251200
2007-05-02,14.193049,14.421250,14.108976,14.311440,23016000
2007-05-03,14.347470,14.402375,14.220500,14.277122,11734800
2007-05-04,14.309720,14.429825,14.146719,14.261678,10452800
2007-05-07,14.242802,14.397224,14.210201,14.234222,7425600
2007-05-08,14.223933,14.261680,14.040343,14.210206,13862800
2007-05-09,14.295991,14.440119,14.205055,14.253097,14957200
2007-05-10,14.184465,14.208486,13.837876,13.903075,14438000
2007-05-11,13.915085,14.196475,13.911654,14.093528,15459200
2007-05-14,14.105542,14.222216,13.933962,14.018036,12825200
2007-05-15,14.084953,14.271975,13.992301,14.042058,16963600
2007-05-16,14.126131,14.410952,14.054068,14.410952,18181200
2007-05-17,14.409234,14.489875,14.211918,14.229075,13160800
2007-05-18,14.235938,14.388644,14.064359,14.244516,13230000
2007-05-21,14.210205,14.299426,14.115836,14.189615,11449600
2007-05-22,14.253105,14.489884,14.143294,14.364632,12098400
2007-05-23,14.345755,14.493314,14.157018,14.167313,17005200
2007-05-24,14.199910,14.249668,13.940825,14.126131,15988400
2007-05-25,14.150156,14.203345,14.002597,14.024902,10074800
2007-05-29,13.971708,14.086666,13.908223,14.062645,8858000
2007-05-30,14.040342,14.189615,13.860183,14.114121,16941200
2007-05-31,14.096964,14.338890,14.079805,14.201626,15461200
2007-06-01,14.201625,14.335458,14.174173,14.241089,9448400
2007-06-04,14.169028,14.414387,14.129564,14.374923,13974400
2007-06-05,14.383499,14.409236,14.112403,14.290846,13372000
2007-06-06,14.014604,14.120983,13.966562,13.968278,20388000
2007-06-07,13.906507,13.956264,13.420937,13.482706,27385600
2007-06-08,13.424369,13.631980,13.376327,13.554770,18299600
2007-06-11,13.491287,13.770962,13.470699,13.592520,13803200
2007-06-12,13.681739,13.769245,13.501582,13.541044,15662000
2007-06-13,13.563350,13.784686,13.529033,13.784686,16784400
2007-06-14,13.760671,13.930536,13.734935,13.836166,13992000
2007-06-15,13.939113,14.098682,13.808713,13.868766,26931200
2007-06-18,14.057500,14.069511,13.743510,13.813858,17433200
2007-06-19,13.772675,13.879055,13.647423,13.863613,13902400
2007-06-20,13.846457,13.872194,13.558203,13.571930,15165600
2007-06-21,13.573645,13.680024,13.517023,13.614823,10457200
2007-06-22,13.558203,13.638846,13.290540,13.465551,18750000
2007-06-25,13.537612,13.630265,13.218475,13.287107,14433600
2007-06-26,13.390059,13.486143,13.211616,13.314564,14594000
2007-06-27,13.328287,13.678310,13.245929,13.657720,17103000
2007-06-28,13.674877,13.722920,13.547908,13.585656,12012200
2007-06-29,13.589091,13.637134,13.170438,13.314564,13077600
2007-07-02,13.379759,13.616538,13.369463,13.499864,10252800
2007-07-03,13.537611,13.571926,13.342010,13.400347,4730000
2007-07-05,13.297400,13.407211,13.228768,13.376327,9348400
2007-07-06,13.379759,13.455253,13.249358,13.424369,7689600
2007-07-09,13.726348,13.729779,13.506727,13.510158,15772200
2007-07-10,13.554773,13.757237,13.513594,13.678310,14950600
2007-07-11,13.640562,13.726352,13.523888,13.630268,15784400
2007-07-12,13.650858,13.705763,13.444963,13.705763,14977000
2007-07-13,13.623408,13.726355,13.513597,13.712628,8161400
2007-07-16,13.640564,13.668017,13.352311,13.595953,16875000
2007-07-17,13.626833,13.650854,13.393485,13.462117,16191200
2007-07-18,13.427801,13.578790,13.359169,13.499864,18993600
2007-07-19,13.726349,13.949402,13.554769,13.870475,19784400
2007-07-20,13.733218,13.746945,13.026310,13.297406,36433400
2007-07-23,13.448392,13.510160,12.906202,13.040033,25818600
2007-07-24,12.851296,13.221907,12.851296,12.991991,31844800
2007-07-25,13.043467,13.067489,12.779236,13.012583,23935600
2007-07-26,12.816984,12.998859,12.566478,12.789532,29911000
2007-07-27,12.834142,13.060627,12.683151,12.683151,18471000
2007-07-30,12.782661,12.889041,12.593924,12.840998,16352800
2007-07-31,12.978268,13.211616,12.768941,12.775805,19867600
2007-08-01,12.700305,13.005718,12.511568,12.731190,16272200
2007-08-02,12.738053,12.991991,12.542452,12.940516,15988600
2007-08-03,13.009152,13.029742,12.672856,12.672856,12866400
2007-08-06,12.731191,13.105234,12.645401,13.091509,16636600
2007-08-07,12.937086,13.125823,12.775801,12.991991,15077800
2007-08-08,13.026308,13.204751,12.851298,13.184161,14469200
2007-08-09,13.139546,13.245924,12.786091,12.803250,18033000
2007-08-10,12.655694,12.971399,12.521862,12.717463,16336200
2007-08-13,12.563045,12.961109,12.525298,12.837572,11473800
2007-08-14,12.902767,13.115527,12.834137,12.926788,11976400
2007-08-15,12.916496,13.366034,12.916496,12.974833,15608600
2007-08-16,12.834139,13.331719,12.710602,12.902770,20718200
2007-08-17,12.906202,13.149844,12.748349,13.040033,17190400
2007-08-20,12.991992,13.040034,12.731191,12.978266,9521400
2007-08-21,12.895910,13.043467,12.834141,12.947383,6661800
2007-08-22,13.070914,13.084641,12.744913,12.865020,12436800
2007-08-23,13.019443,13.019443,12.696874,12.758643,11692600
2007-08-24,12.768936,12.899337,12.569905,12.796390,11202200
2007-08-27,12.727760,12.834139,12.593928,12.604222,8567000
2007-08-28,12.539021,12.604221,12.240472,12.240472,14815000
2007-08-29,12.295382,12.384603,12.086055,12.370876,21349400
2007-08-30,12.216449,12.514998,12.216449,12.401755,11622400
2007-08-31,12.532159,12.587064,12.322832,12.480684,12115600
2007-09-04,12.521864,12.913065,12.487548,12.741486,18354400
2007-09-05,12.720893,12.840998,12.405188,12.514998,16816000
2007-09-06,12.583631,13.067486,12.535589,12.899338,14630200
2007-09-07,12.748348,13.324854,12.734621,12.923358,16744800
2007-09-10,12.998858,13.125826,12.782667,12.851299,11019400
2007-09-11,12.899341,13.142983,12.858162,13.077784,14733800
2007-09-12,13.022874,13.290537,12.985126,13.125821,11777400
2007-09-13,13.273384,13.335153,13.118963,13.211616,12985400
2007-09-14,13.194458,13.204753,12.995425,13.046900,11857200
2007-09-17,12.971405,12.991995,12.714036,12.775805,10422400
2007-09-18,12.806688,13.221910,12.755213,13.221910,15291600
2007-09-19,13.194456,13.273383,13.050329,13.259656,13976800
2007-09-20,13.249360,13.671445,13.201318,13.541044,15240600
2007-09-21,13.609678,13.853320,13.479277,13.770963,22357400
2007-09-24,13.716063,13.767536,13.455262,13.647431,10154000
2007-09-25,13.733214,14.107257,13.719487,13.973425,15339600
2007-09-26,14.072939,14.196477,13.884202,14.000876,12791400
2007-09-27,14.131276,14.148434,13.987149,14.110686,11336400
2007-09-28,14.103829,14.148440,13.921955,14.024902,10559600
2007-10-01,14.151870,14.381786,14.045490,14.368059,15589800
2007-10-02,14.412668,14.440121,14.072940,14.206773,10653000
2007-10-03,14.210205,14.309722,14.090100,14.175890,8448600
2007-10-04,14.244519,14.471004,14.048919,14.247952,9138800
2007-10-05,14.326878,14.515615,14.069509,14.450416,12638400
2007-10-08,14.378354,14.443554,14.000879,14.141574,12561800
2007-10-09,14.241090,14.453848,14.217069,14.443554,9652400
2007-10-10,14.446984,14.779849,14.323448,14.748964,13648200
2007-10-11,14.841616,14.937700,14.460709,14.522478,15719400
2007-10-12,14.659744,14.879365,14.594543,14.858775,11815600
2007-10-15,14.947999,15.064673,14.333744,14.416101,14976800
2007-10-16,14.443554,14.628860,14.114122,14.549933,16620200
2007-10-17,14.642582,14.755825,14.244518,14.659741,15034400
2007-10-18,14.618563,15.095555,14.608269,14.930838,28330800
2007-10-19,14.920546,14.927409,14.357766,14.412671,26702400
2007-10-22,14.402378,14.707789,14.261683,14.608273,14480800
2007-10-23,14.621996,14.862208,14.512186,14.762691,13206200
2007-10-24,14.711216,15.126439,14.584248,15.085259,16435000
2007-10-25,15.098991,15.682362,15.085265,15.617161,28674200
2007-10-26,15.895115,16.018652,15.599998,15.912272,17721800
2007-10-29,15.943156,15.998062,15.692651,15.771577,13898400
2007-10-30,15.785301,15.785301,15.500479,15.606858,11472200
2007-10-31,15.781875,15.850506,15.346063,15.850506,14472200
2007-11-01,15.785305,16.083852,15.582841,15.709809,14578000
2007-11-02,15.901981,16.128466,15.709812,16.097582,18860400
2007-11-05,16.004925,16.351516,15.785303,16.197094,16470800
2007-11-06,16.179937,16.217683,15.905409,16.166210,13269800
2007-11-07,15.960314,16.011788,15.284292,15.311744,15647200
2007-11-08,15.277427,15.613722,15.219089,15.466164,20163200
2007-11-09,15.339204,15.483330,14.944571,14.951434,14372400
2007-11-12,15.016633,15.074970,14.594547,14.604843,17763600
2007-11-13,14.594543,14.793575,14.333742,14.793575,16585400
2007-11-14,14.917112,15.308313,14.851911,15.068102,16038000
2007-11-15,15.153889,15.270563,14.913678,14.978879,14064800
2007-11-16,14.996042,15.424991,14.917116,15.318611,19064000
2007-11-19,15.298022,15.298022,14.673472,14.851914,14694000
2007-11-20,14.965155,15.195071,14.694059,15.013197,15531200
2007-11-21,14.896520,15.112710,14.745531,14.776415,10899600
2007-11-23,14.793573,14.913678,14.697489,14.865636,3105600
2007-11-26,14.776415,15.006330,14.364624,14.381782,13726000
2007-11-27,14.639152,15.315175,14.536204,15.267133,21969200
2007-11-28,15.469593,15.747551,15.284287,15.726962,15948000
2007-11-29,15.524501,15.936291,15.510775,15.702943,12064400
2007-11-30,15.956882,16.101008,15.754418,15.970609,15787000
2007-12-03,15.950021,16.046105,15.613726,15.764715,11964800
2007-12-04,15.627450,15.733828,15.445575,15.514207,12674400
2007-12-05,15.709810,16.145622,15.634316,16.052969,15051600
2007-12-06,16.032377,16.402987,15.871092,16.337788,14186200
2007-12-07,16.282884,16.433873,15.967177,16.152483,10992600
2007-12-10,16.351520,16.437310,16.162782,16.382404,13028200
2007-12-11,16.303477,16.437310,15.613728,15.730402,16660800
2007-12-12,16.056401,16.334359,15.802463,16.076990,17783200
2007-12-13,15.864235,16.011793,15.709813,15.857371,13248600
2007-12-14,15.757851,16.135326,15.696083,15.733829,9932400
2007-12-17,15.613724,15.850503,15.551955,15.593134,11004400
2007-12-18,15.562250,15.840209,15.442145,15.630882,10214200
2007-12-19,15.716673,15.781874,15.469599,15.709809,8489400
2007-12-20,15.853941,15.867667,15.503919,15.757855,13967800
2007-12-21,15.950019,15.967176,15.723534,15.943155,25971200
2007-12-24,15.788738,16.142193,15.630886,16.097582,4249000
2007-12-26,15.898548,16.272590,15.895116,16.176506,6696600
2007-12-27,16.083852,16.214252,15.877957,15.891684,5010600
2007-12-28,16.231409,16.231409,15.836778,15.898546,5636600
2007-12-31,15.788734,16.073557,15.665198,15.788734,6341400
2008-01-02,15.771578,16.011789,15.459303,15.558820,13117800
2008-01-03,15.617152,16.128459,15.558816,16.090712,11630000
2008-01-04,16.107874,16.248569,15.733831,15.750990,15413200
2008-01-07,16.008357,16.402989,15.888251,16.372105,18028600
2008-01-08,16.499077,16.626045,16.070128,16.076990,19202200
2008-01-09,16.128465,16.663794,16.063266,16.643204,17632800
2008-01-10,16.560843,16.787327,16.303473,16.547117,19160000
2008-01-11,16.581434,16.814782,16.519665,16.704971,17491800
2008-01-14,16.602021,16.831937,16.255430,16.526525,16052600
2008-01-15,16.193659,16.427007,16.101006,16.203955,16480000
2008-01-16,16.258862,16.718694,16.251998,16.341219,21975400
2008-01-17,16.550543,16.636332,15.970605,16.207384,21521800
2008-01-18,16.046103,16.519663,15.486755,15.843639,27386400
2008-01-22,14.615132,15.442145,14.560227,15.236250,29237000
2008-01-23,14.917115,15.442148,14.467577,15.376948,35946800
2008-01-24,15.757854,16.197099,15.562254,15.648044,27393400
2008-01-25,15.785302,15.922566,14.694057,14.779847,35228400
2008-01-28,14.652883,14.951431,14.573957,14.755831,23082000
2008-01-29,14.882798,14.934273,14.639156,14.807304,27035400
2008-01-30,14.769559,15.507350,14.711221,15.098991,31165400
2008-01-31,15.400965,15.750987,15.253407,15.678923,27618600
2008-02-01,15.771575,16.039240,15.445574,15.761281,18107400
2008-02-04,15.754416,15.956880,15.702942,15.884817,11456000
2008-02-05,15.579412,15.812761,15.263706,15.294590,22260600
2008-02-06,15.370086,15.771581,15.308317,15.397538,18992200
2008-02-07,15.339193,15.507340,15.040645,15.246540,19635200
2008-02-08,15.147024,15.325467,14.992603,15.280856,14100400
2008-02-11,15.133305,15.376948,15.071536,15.304884,17082400
2008-02-12,15.280860,15.658335,15.280860,15.473029,15674000
2008-02-13,15.648040,15.785304,15.418124,15.596567,15214400
2008-02-14,15.599996,15.599996,15.328900,15.352922,12599400
2008-02-15,15.260271,15.366649,15.105849,15.311744,17852400
2008-02-19,15.527937,15.747558,15.442147,15.503916,13921000
2008-02-20,15.366653,15.672065,15.318611,15.648044,15031400
2008-02-21,15.534801,15.648043,14.985746,15.074968,21500800
2008-02-22,14.893086,14.934265,14.539632,14.728369,22390000
2008-02-25,14.906815,15.098985,14.786710,14.968584,19180000
2008-02-26,14.927409,15.352926,14.893094,15.119578,15107200
2008-02-27,15.133303,15.160756,14.941134,15.026924,13620800
2008-02-28,14.810736,15.819623,14.790146,15.600001,28296000
2008-02-29,15.668626,16.557408,15.613721,16.238270,39990400
2008-03-03,16.402989,16.814779,16.076988,16.667221,25103400
2008-03-04,16.512795,17.096165,16.385826,16.924585,27164000
2008-03-05,17.051558,17.127053,16.711831,16.801052,18917800
2008-03-06,16.876547,16.876547,16.396124,16.406420,18195800
2008-03-07,16.279449,16.711830,16.251997,16.711830,20806200
2008-03-10,16.663792,16.663792,15.747557,15.829916,30167200
2008-03-11,16.049540,16.224551,15.785308,16.217688,18323000
2008-03-12,16.413285,16.735853,16.300041,16.475052,16333200
2008-03-13,16.581435,16.838804,16.269160,16.639772,21978600
2008-03-14,16.529962,16.797626,15.956887,16.317204,20032200
2008-03-17,16.279449,16.639766,16.022080,16.046101,16471600
2008-03-18,16.365240,16.505935,15.977472,16.502504,15586800
2008-03-19,16.427007,16.794187,16.320629,16.320629,16767400
2008-03-20,16.567710,16.629479,16.145625,16.619184,20027000
2008-03-24,16.471627,17.137354,16.471627,17.024113,17605800
2008-03-25,17.229998,17.655515,17.058418,17.504524,22340000
2008-03-26,17.346674,17.470211,17.133916,17.240295,15392600
2008-03-27,17.336383,17.446194,17.103035,17.151077,13734800
2008-03-28,17.398156,17.435904,16.965775,17.024113,12998800
2008-03-31,17.195691,17.724156,17.195691,17.682976,18103400
2008-04-01,17.796222,18.187423,17.748180,18.146244,21228800
2008-04-02,18.225164,18.256048,17.741310,17.809942,16946000
2008-04-03,17.895727,18.015832,17.652084,17.727579,12268600
2008-04-04,17.916319,18.197709,17.734445,17.964361,10599000
2008-04-07,17.971222,18.050148,17.682968,17.864843,12681800
2008-04-08,17.724149,18.098193,17.706990,17.803076,10524400
2008-04-09,17.906030,17.971229,17.374134,17.511396,15714600
2008-04-10,17.566298,18.022700,17.511392,17.875141,12763200
2008-04-11,17.875134,17.923176,17.315785,17.377554,15213000
2008-04-14,17.446196,17.658954,17.192258,17.425606,15107800
2008-04-15,17.576594,17.638363,17.367267,17.525120,14110000
2008-04-16,17.658947,17.895728,17.501095,17.775621,15762800
2008-04-17,17.497669,17.501100,17.013815,17.144215,27733000
2008-04-18,17.501100,17.809943,17.192256,17.761900,20474200
2008-04-21,17.847694,18.132516,17.676114,17.878578,13815600
2008-04-22,17.758465,17.871708,17.429033,17.463348,11243400
2008-04-23,17.604042,17.672674,17.260883,17.329515,17004600
2008-04-24,17.339815,17.648658,17.171668,17.507963,13442800
2008-04-25,17.569735,18.008978,17.569735,17.638367,11633400
2008-04-28,17.607476,18.125645,17.604044,18.026129,13317600
2008-04-29,17.878575,18.026133,17.710428,17.744743,11528600
2008-04-30,17.847690,18.026132,17.669248,17.761900,11873000
2008-05-01,17.792783,18.187416,17.724152,18.187416,13072800
2008-05-02,18.190851,18.458516,18.166830,18.403610,12129000
2008-05-05,18.389878,18.575184,18.259477,18.417330,12612200
2008-05-06,18.417332,18.630091,18.252616,18.578617,11005400
2008-05-07,18.623228,18.674701,18.242321,18.266342,12796800
2008-05-08,18.468811,18.733043,18.348705,18.568327,12140600
2008-05-09,18.362427,18.578617,18.273206,18.407038,8105200
2008-05-12,18.328114,18.705588,18.273208,18.695293,10956800
2008-05-13,18.568319,18.702151,18.266339,18.348698,12710600
2008-05-14,18.516850,18.527146,17.981523,18.036428,11182400
2008-05-15,17.981521,18.314384,17.888867,18.170258,11145200
2008-05-16,18.218296,18.341833,17.960927,18.218296,11146200
2008-05-19,18.300660,18.537440,18.108491,18.262913,10270600
2008-05-20,18.310953,18.558028,18.201143,18.485964,9196800
2008-05-21,18.564887,18.582046,17.964359,18.008970,11374800
2008-05-22,18.115350,18.527141,18.094760,18.424192,10870000
2008-05-23,18.297222,18.431053,18.108485,18.180548,8896400
2008-05-27,18.280070,18.434492,18.149670,18.410471,9731400
2008-05-28,18.427624,18.465371,18.228591,18.383013,9405200
2008-05-29,18.506554,19.045314,18.427628,18.993839,13688400
2008-05-30,18.945794,19.069331,18.805099,18.983541,11622200
2008-06-02,18.787943,18.901186,18.513416,18.729607,12861000
2008-06-03,18.835988,19.148262,18.791377,18.976683,16221000
2008-06-04,18.908049,19.508577,18.897755,19.299252,16870600
2008-06-05,19.470829,19.542892,19.230617,19.436512,11013800
2008-06-06,19.429650,19.429650,18.787943,18.791374,13432800
2008-06-09,18.805098,18.839414,18.437918,18.633518,14083400
2008-06-10,18.506557,18.784516,18.396746,18.595778,9170800
2008-06-11,18.475673,18.592347,18.218304,18.238894,11584200
2008-06-12,18.362426,18.362426,17.971225,18.094763,12209800
2008-06-13,18.256048,18.643818,18.170259,18.578617,14212800
2008-06-16,18.348699,18.774215,18.177120,18.643816,13716400
2008-06-17,18.691861,18.695292,18.290364,18.376154,10111400
2008-06-18,18.235455,18.636952,18.159960,18.341835,11462600
2008-06-19,18.245754,19.038452,18.245754,19.035021,17114600
2008-06-20,19.017859,19.017859,18.516848,18.777649,20303800
2008-06-23,18.832554,18.959523,18.619795,18.791374,10814400
2008-06-24,18.660978,18.866872,18.516850,18.705587,11253200
2008-06-25,18.660978,18.918347,18.485966,18.695293,12893800
2008-06-26,18.530573,18.626657,18.166824,18.166824,14550400
2008-06-27,18.238886,18.369286,18.125643,18.139370,16102800
2008-06-30,18.135941,18.379585,17.981521,18.170258,14754200
2008-07-01,18.118784,18.132511,17.569730,17.902594,27212400
2008-07-02,18.135936,18.135936,17.487366,17.600609,22640600
2008-07-03,17.593751,17.912889,17.514825,17.531982,8688600
2008-07-07,17.621205,17.967797,17.507964,17.731016,19215400
2008-07-08,17.600618,18.379589,17.600618,18.369293,23419400
2008-07-09,18.369289,18.928638,18.256047,18.468805,21255600
2008-07-10,18.468806,19.035018,18.468806,18.733038,20841000
2008-07-11,18.595773,18.873732,18.204572,18.427626,19446400
2008-07-14,18.527145,18.702155,18.310954,18.376154,12577600
2008-07-15,18.238888,19.179143,18.214867,18.873732,20789800
2008-07-16,18.969811,19.175707,18.757053,18.808527,20439400
2008-07-17,19.110511,19.189437,18.709016,19.010996,22244000
2008-07-18,17.638364,17.710427,16.883415,16.996656,71193000
2008-07-21,17.209409,17.459914,17.013808,17.034397,35619400
2008-07-22,16.962335,17.593748,16.879977,17.535410,26136400
2008-07-23,17.648653,18.341834,17.590316,18.084465,25854600
2008-07-24,17.895731,18.242320,17.813372,18.077604,16253000
2008-07-25,18.235460,18.784515,18.060450,18.705587,18770000
2008-07-28,18.705581,18.767350,18.012402,18.074169,18443600
2008-07-29,18.252616,18.547733,18.245753,18.523712,15220000
2008-07-30,18.506558,18.733043,18.187420,18.499695,16192600
2008-07-31,18.479101,18.952661,18.269775,18.523712,16704800
2008-08-01,18.715878,18.863437,18.177119,18.424192,12077800
2008-08-04,18.578619,18.616367,18.273208,18.475672,12352200
2008-08-05,18.588908,19.038447,18.547730,18.983541,22677200
2008-08-06,18.794809,19.474263,18.736471,19.227188,17819800
2008-08-07,19.361021,19.560054,18.887463,18.887463,21395000
2008-08-08,19.110518,19.577215,19.035024,19.481131,14817200
2008-08-11,19.422789,19.512011,19.230621,19.364452,12877800
2008-08-12,19.350724,19.662998,19.336997,19.594366,12216000
2008-08-13,19.549759,19.776244,19.220326,19.494854,11901800
2008-08-14,19.409063,19.501716,19.216893,19.453672,12627400
2008-08-15,19.481120,19.529162,19.103645,19.306108,10969600
2008-08-18,19.371317,19.487991,18.880600,19.144833,12370200
2008-08-19,18.901186,19.161986,18.616363,18.719311,14276200
2008-08-20,18.897754,19.062470,18.575185,18.743332,11937800
2008-08-21,18.582047,18.681562,18.286930,18.582047,12951200
2008-08-22,18.674705,18.849717,18.472243,18.636959,9865200
2008-08-25,18.602640,18.602640,18.108492,18.259481,11940200
2008-08-26,18.204575,18.657544,18.204575,18.492828,12522400
2008-08-27,18.506553,18.599206,18.290362,18.444784,9546800
2008-08-28,18.122219,18.317819,18.036429,18.259481,11644800
2008-08-29,18.262910,18.379584,17.960930,18.077604,10461800
2008-09-02,17.672677,18.002109,17.106464,17.254023,28640800
2008-09-03,17.353539,17.676108,17.230002,17.631498,17941600
2008-09-04,17.466784,17.590320,17.151077,17.151077,16922600
2008-09-05,16.979494,16.989788,16.416714,16.420145,25601200
2008-09-08,16.557410,16.588295,15.867662,16.152483,27599600
2008-09-09,16.145621,16.413285,16.001495,16.022083,21424200
2008-09-10,15.998062,16.241706,15.864231,16.066694,17275600
2008-09-11,15.877958,16.831939,15.809326,16.828508,27601600
2008-09-12,16.958908,17.054994,16.457897,16.512802,26805600
2008-09-15,16.341222,16.825076,16.272590,16.413286,19326400
2008-09-16,16.159348,17.477078,16.159348,17.099604,28301200
2008-09-17,16.485345,16.989788,16.104439,16.104439,24535800
2008-09-18,16.509374,16.708405,14.869075,16.186804,35838400
2008-09-19,16.684378,16.814779,13.657718,15.943155,36342200
2008-09-22,15.853939,15.980907,15.339200,15.342631,13879800
2008-09-23,15.493622,15.685790,15.267137,15.335768,17758800
2008-09-24,15.500482,16.049537,15.373513,16.022083,19138200
2008-09-25,15.816186,16.845663,15.816186,16.145618,17316600
2008-09-26,15.843640,16.773601,15.726967,16.691242,19709400
2008-09-29,16.392703,16.804494,13.726358,14.563665,33929400
2008-09-30,15.545095,15.785306,15.153894,15.658338,25970200
2008-10-01,15.699516,15.744127,15.308315,15.545094,13240200
2008-10-02,15.630885,15.963749,15.311747,15.335768,15544400
2008-10-03,15.648041,16.389264,15.335767,15.699515,21429400
2008-10-06,15.404396,16.004924,14.007740,14.371489,36117200
2008-10-07,14.388652,15.033791,13.928819,13.928819,25868200
2008-10-08,13.561632,14.567087,13.465548,14.093528,28661000
2008-10-09,14.368060,14.666609,13.650858,13.740080,27712400
2008-10-10,13.239065,14.134708,12.216450,12.858158,50204200
2008-10-13,13.647423,14.700920,13.338579,14.635720,26735600
2008-10-14,14.745532,14.875931,13.925383,14.179319,27175400
2008-10-15,14.172460,14.604841,13.074351,13.136120,25519200
2008-10-16,13.448394,14.295996,12.696876,14.203343,34100200
2008-10-17,14.584254,15.661773,14.446990,14.766128,41084800
2008-10-20,14.766120,15.980902,14.735236,15.953450,21568600
2008-10-21,15.932868,16.159352,15.689225,15.792172,21525600
2008-10-22,15.466171,16.224552,15.219096,15.946594,24260800
2008-10-23,15.922570,16.214254,14.762692,15.603432,37808200
2008-10-24,14.690625,15.287721,14.670036,14.865636,25293800
2008-10-27,14.532774,15.054376,14.405806,14.549933,21546000
2008-10-28,14.903386,15.418124,14.515616,15.363218,25725400
2008-10-29,15.349492,15.936293,15.064671,15.661766,26928200
2008-10-30,15.926002,16.131897,15.555391,16.028950,25603200
2008-10-31,15.960314,16.231410,15.459303,15.733829,21199400
2008-11-03,15.699518,16.468194,15.648043,16.234846,21534400
2008-11-04,16.389262,16.615747,15.898546,16.152483,19987000
2008-11-05,15.984337,16.399559,15.442146,15.449009,18687400
2008-11-06,15.246544,15.569113,15.044080,15.219090,21369800
2008-11-07,15.246547,15.627454,15.164189,15.455874,19119800
2008-11-10,15.685787,15.699514,15.160755,15.387239,11653600
2008-11-11,15.277429,15.493619,14.996039,15.147028,17033600
2008-11-12,14.951425,15.394100,14.810730,15.253405,20565800
2008-11-13,15.177915,16.282887,15.030357,16.231413,29975600
2008-11-14,16.052965,16.759873,15.867661,16.101007,30148000
2008-11-17,15.819625,16.138763,15.747562,15.754425,16335600
2008-11-18,15.720108,15.785307,14.968589,15.517644,28251800
2008-11-19,15.150464,15.610297,14.779852,14.824463,20358600
2008-11-20,14.632289,15.095554,14.169025,14.251383,21918600
2008-11-21,14.323452,14.872505,13.510164,14.227366,31399000
2008-11-24,14.508755,14.745535,14.134712,14.663177,21498600
2008-11-25,14.958291,15.356355,14.587679,15.147028,27106600
2008-11-26,15.098984,15.527932,14.913678,15.459300,20480000
2008-11-28,15.356362,15.442152,15.112719,15.370089,5009400
2008-12-01,15.002906,15.164190,14.567094,14.570525,15233600
2008-12-02,14.707786,15.215661,14.670039,15.129871,17188200
2008-12-03,14.985742,15.919135,14.906816,15.843639,22621400
2008-12-04,15.575977,16.087284,15.445576,15.630882,16502800
2008-12-05,15.503912,16.296610,15.147027,16.262293,23150800
2008-12-08,16.423584,16.475057,15.754424,16.015224,20750000
2008-12-09,15.905412,16.162781,15.236254,15.383812,20420800
2008-12-10,15.507349,15.819623,15.304885,15.648044,14163000
2008-12-11,15.541665,15.781876,15.061242,15.123011,14964200
2008-12-12,14.951431,15.517643,14.772988,15.452442,12710000
2008-12-15,15.424987,15.630881,15.150460,15.219090,11386600
2008-12-16,15.517641,16.454465,15.517641,16.427011,28325800
2008-12-17,16.310341,16.770173,16.224551,16.351521,15181200
2008-12-18,16.348086,17.079014,16.313770,16.739286,20594800
2008-12-19,16.842232,17.254021,16.660357,17.037832,33040200
2008-12-22,17.147649,17.278049,16.838806,17.260891,17024000
2008-12-23,17.202551,17.566298,17.089308,17.157940,18417600
2008-12-24,17.254023,17.490804,17.092740,17.315792,6005000
2008-12-26,17.281474,17.332947,17.065283,17.161367,5257000
2008-12-29,17.398151,17.398151,16.873117,17.120192,8565600
2008-12-30,17.257449,17.645217,17.243722,17.614334,13377800
2008-12-31,17.665811,17.933475,17.511389,17.549137,12030600
2009-01-02,17.466780,17.964359,17.384422,17.906023,11256400
2009-01-05,17.761899,17.837394,17.298635,17.501099,15666000
2009-01-06,17.573162,17.586888,16.814781,17.030972,17652600
2009-01-07,16.811352,17.157941,16.523098,16.718699,15564800
2009-01-08,16.701536,16.770168,16.337789,16.770168,15022400
2009-01-09,16.845662,16.849093,16.251998,16.392693,13731000
2009-01-12,16.389267,16.560846,16.094151,16.351521,12793200
2009-01-13,16.396126,16.948612,16.351516,16.612316,16262600
2009-01-14,16.389261,16.615746,16.262293,16.341219,14689600
2009-01-15,16.262293,16.650063,16.210820,16.481915,16829400
2009-01-16,16.481921,16.694681,16.310342,16.567711,17154800
2009-01-20,16.509368,16.835369,16.197094,16.197094,18141000
2009-01-21,16.454467,17.010384,16.320635,16.952047,20986200
2009-01-22,16.502503,16.869683,16.471619,16.711830,14829200
2009-01-23,16.543681,16.711829,16.402986,16.557407,12970000
2009-01-26,16.742719,16.952047,16.437308,16.605455,15351800
2009-01-27,16.814781,16.814781,16.409853,16.550549,15283600
2009-01-28,16.958906,17.631498,16.883412,17.343245,30507800
2009-01-29,17.195680,17.590312,17.099596,17.377554,16224600
2009-01-30,17.391288,17.779058,17.370698,17.422173,17628800
2009-02-02,17.346677,17.847688,17.254024,17.799646,16475400
2009-02-03,17.857986,18.225166,17.562869,18.118786,16591400
2009-02-04,18.228598,18.283504,17.706997,17.830534,17838000
2009-02-05,17.652091,18.002114,17.343249,17.923187,18308000
2009-02-06,17.875141,18.197710,17.803078,17.998678,20649400
2009-02-09,17.909461,17.943778,17.470218,17.676113,13950200
2009-02-10,17.652081,17.792776,16.879974,17.079006,23053200
2009-02-11,17.329521,17.329521,16.873119,17.144215,14574400
2009-02-12,17.006947,17.329515,16.849093,17.329515,14046800
2009-02-13,17.343249,17.501102,17.120195,17.243732,11086600
2009-02-17,16.989793,17.013815,16.653497,16.718699,16252800
2009-02-18,16.801054,17.109897,16.602023,17.017244,16678800
2009-02-19,17.103035,17.209415,16.828508,16.828508,12473200
2009-02-20,16.862823,17.240299,16.643202,17.157940,22627200
2009-02-23,17.195691,17.329522,16.797626,16.797626,16633200
2009-02-24,16.797620,17.353537,16.728988,17.274611,18863400
2009-02-25,17.092739,17.398150,16.893706,17.000086,16422000
2009-02-26,16.989790,17.130485,16.128462,16.152483,24678000
2009-02-27,15.778437,16.152480,15.366646,15.373509,32016800
2009-03-02,15.109282,15.411262,14.978883,15.191641,30901000
2009-03-03,15.280861,15.589704,15.201934,15.449009,24540400
2009-03-04,15.548525,15.785304,15.304881,15.569114,17410000
2009-03-05,15.339199,15.551957,14.996040,15.023492,23159000
2009-03-06,15.081824,15.308309,14.913676,15.102413,24313400
2009-03-09,15.092119,15.342625,14.961718,14.999466,16422000
2009-03-10,15.164181,15.277424,14.982307,15.273992,21678200
2009-03-11,15.308316,15.527938,15.037220,15.112716,22299800
2009-03-12,14.103821,15.311740,13.939105,15.246540,39388000
2009-03-13,15.298023,15.603434,15.188211,15.589707,20398000
2009-03-16,15.596564,15.720102,15.013194,15.164184,19101400
2009-03-17,15.335771,15.857373,15.184781,15.819625,17355400
2009-03-18,15.819620,15.850504,15.291156,15.490188,18901400
2009-03-19,15.661767,15.661767,15.040650,15.201934,15390600
2009-03-20,15.455872,15.572546,15.098986,15.205366,26965600
2009-03-23,15.363220,15.819620,15.304882,15.675494,18725400
2009-03-24,15.682360,15.726971,15.092126,15.291159,22756000
2009-03-25,15.105847,15.497048,14.831320,15.057805,20071800
2009-03-26,15.174474,15.311737,14.814157,15.078389,20103800
2009-03-27,15.167617,15.582839,15.133300,15.225953,14909000
2009-03-30,15.068101,15.661766,14.968585,15.654902,23079800
2009-03-31,15.699511,16.094144,15.603427,15.895111,19736000
2009-04-01,15.476462,15.613727,15.208799,15.503916,26787000
2009-04-02,15.785309,15.816194,15.222529,15.339203,21809600
2009-04-03,16.578007,16.598596,15.795604,16.121605,30236600
2009-04-06,16.083851,16.626042,16.008357,16.598589,23090800
2009-04-07,16.361817,16.557418,16.149059,16.276028,16538200
2009-04-08,16.303472,16.464757,16.011787,16.262293,12093800
2009-04-09,16.334364,16.543691,16.121606,16.344660,13021000
2009-04-13,16.269164,16.543691,16.248574,16.310343,9484800
2009-04-14,16.214249,16.402986,15.792164,16.008354,16937600
2009-04-15,15.799037,15.871100,14.978888,15.284299,28958200
2009-04-16,15.277431,15.565684,15.095557,15.390673,22158600
2009-04-17,15.373515,15.527937,15.044083,15.335768,20879600
2009-04-20,15.153895,15.479896,14.923979,15.020063,15580600
2009-04-21,15.006332,15.232817,14.944564,15.006332,14222400
2009-04-22,15.864232,16.378970,15.775011,15.860801,29239000
2009-04-23,15.819621,15.943158,15.414693,15.750990,18046400
2009-04-24,15.699514,15.826483,15.586271,15.716672,12592400
2009-04-27,16.358385,16.437313,16.025522,16.310343,24713200
2009-04-28,16.440742,16.550552,16.306910,16.334362,14974000
2009-04-29,16.475049,16.540250,16.022080,16.114733,13863000
2009-04-30,16.255431,16.293179,15.476461,15.716672,23699800
2009-05-01,15.768149,15.768149,15.260274,15.376948,11638400
2009-05-04,15.476460,15.593134,15.253408,15.407829,13826200
2009-05-05,15.438715,15.438715,15.167619,15.277430,13457800
2009-05-06,15.298023,15.315181,14.903390,15.109284,16888600
2009-05-07,15.171053,15.658339,15.074969,15.589707,24887800
2009-05-08,15.328898,15.524500,14.992603,15.102413,24929200
2009-05-11,15.088691,15.418123,14.999469,15.322039,14807800
2009-05-12,15.397541,15.466173,15.136740,15.284299,13142600
2009-05-13,15.123007,15.442145,15.098986,15.236250,12885800
2009-05-14,15.184777,15.507346,15.105851,15.167620,12404000
2009-05-15,15.105850,15.160755,14.875933,15.013197,13385400
2009-05-18,14.978884,14.996042,14.759261,14.879368,17299000
2009-05-19,14.807309,14.817604,14.446991,14.649455,20013000
2009-05-20,14.759257,14.821026,14.436688,14.522478,18052000
2009-05-21,14.618569,14.783286,14.498463,14.604843,19695400
2009-05-22,14.594548,14.738675,14.474443,14.525917,10906000
2009-05-26,14.412664,14.738665,14.230790,14.573949,15754000
2009-05-27,14.656311,14.663174,14.175889,14.220499,17053400
2009-05-28,14.254814,14.573952,14.182751,14.419530,14688200
2009-05-29,14.412671,14.817598,14.217070,14.790145,18547400
2009-06-01,14.807298,14.975445,14.553360,14.676897,14789600
2009-06-02,14.549935,14.903389,14.508755,14.786715,15986600
2009-06-03,14.790147,15.490191,14.704357,15.349496,23853600
2009-06-04,15.335765,15.613724,15.335765,15.414691,14810800
2009-06-05,15.473030,15.579410,15.198503,15.298019,13303600
2009-06-08,15.123005,15.473027,15.123005,15.267133,11461000
2009-06-09,15.236251,15.366650,15.184776,15.298019,12062800
2009-06-10,15.222524,15.376945,14.944565,15.195070,14655600
2009-06-11,15.105847,15.400964,15.105847,15.164184,16879200
2009-06-12,15.098984,15.517638,15.074963,15.421553,19583800
2009-06-15,15.442148,15.442148,15.002905,15.074968,15110600
2009-06-16,15.123007,15.346061,15.074965,15.153892,13666200
2009-06-17,15.219092,15.781874,15.153892,15.624020,18863400
2009-06-18,15.702943,16.111303,15.555386,15.956882,18400800
2009-06-19,16.128463,16.406422,16.001495,16.135326,21652400
2009-06-22,15.974037,16.032375,15.737258,15.895111,14520600
2009-06-23,15.915703,16.155915,15.860798,16.011787,13971000
2009-06-24,15.987769,16.094149,15.771579,15.967179,14614800
2009-06-25,15.829915,16.464758,15.764714,16.430443,17494600
2009-06-26,16.152478,16.378963,16.152478,16.306900,14399800
2009-06-29,16.286320,16.354952,15.963751,16.255436,9716000
2009-06-30,16.173079,16.300047,16.008363,16.073563,17196600
2009-07-01,16.076988,16.330926,16.039241,16.070126,12284600
2009-07-02,15.960316,16.025517,15.750990,15.750990,13800000
2009-07-06,15.778442,15.871095,15.527936,15.699515,13701600
2009-07-07,15.672059,15.713239,15.503912,15.507343,14383400
2009-07-08,15.696082,15.726967,15.359786,15.414691,17053200
2009-07-09,15.397537,15.424990,15.236253,15.342631,12122000
2009-07-10,15.315184,15.431858,15.222531,15.249983,12000800
2009-07-13,15.260271,15.551956,15.147028,15.541661,13291600
2009-07-14,15.562246,15.658331,15.356351,15.411257,11818600
2009-07-15,15.575974,15.799028,15.411258,15.723533,16626400
2009-07-16,15.750991,16.203961,15.720107,16.083855,17973400
2009-07-17,16.471623,16.643202,16.354949,16.413286,24741600
2009-07-20,16.413281,16.523091,16.193658,16.461323,14780600
2009-07-21,16.437306,16.674085,16.337790,16.660358,18786000
2009-07-22,15.925998,16.471620,15.922567,16.423578,25395400
2009-07-23,16.389266,16.787330,16.334361,16.588299,22720600
2009-07-24,16.488784,16.667227,16.365246,16.619184,12666000
2009-07-27,16.667226,16.814784,16.598594,16.797626,11362800
2009-07-28,16.814785,17.096175,16.746153,17.065290,15495400
2009-07-29,16.952046,17.144214,16.948614,17.092741,10812200
2009-07-30,17.092734,17.157933,16.945175,17.013807,14443000
2009-07-31,17.123626,17.123626,16.773604,16.790762,9645200
2009-08-03,16.869691,17.006955,16.684385,16.910870,9856800
2009-08-04,16.783897,16.855960,16.258864,16.413286,17985800
2009-08-05,16.406427,16.440743,16.018657,16.073563,18380400
2009-08-06,16.090715,16.159347,15.586272,15.596567,20570600
2009-08-07,15.901976,15.956881,15.648038,15.702943,15886200
2009-08-10,15.761280,15.877954,15.627449,15.785301,12255800
2009-08-11,15.648039,15.864230,15.521071,15.665198,12465200
2009-08-12,15.747556,15.956883,15.630882,15.733829,15619200
2009-08-13,15.781871,15.781871,15.435280,15.507343,12510800
2009-08-14,15.449008,15.459302,15.136733,15.424987,15439600
2009-08-17,15.150462,15.366651,15.126441,15.181346,13408000
2009-08-18,15.311744,15.322040,15.109280,15.208797,12250200
2009-08-19,15.105853,15.548528,15.033790,15.517644,13706600
2009-08-20,15.589705,15.895116,15.479894,15.775011,19089400
2009-08-21,15.919131,16.083847,15.768142,15.816184,15992000
2009-08-24,15.836776,15.847070,15.634312,15.785301,11931200
2009-08-25,15.726967,16.049536,15.689219,15.871093,11591600
2009-08-26,15.864230,15.977473,15.805894,15.864230,10018800
2009-08-27,15.788732,15.840207,15.527932,15.723533,11176800
2009-08-28,15.792163,15.871089,15.390666,15.527930,11889200
2009-08-31,15.438718,15.579413,15.342633,15.462739,12868600
2009-09-01,15.400964,15.802459,15.332332,15.483321,15039400
2009-09-02,15.507345,15.699514,15.418124,15.541661,12831800
2009-09-03,15.678928,15.699518,15.442149,15.600001,9687800
2009-09-04,15.582841,15.884821,15.582841,15.829916,9445200
2009-09-08,15.922567,16.090714,15.768146,16.070126,13122200
2009-09-09,16.073555,16.310334,16.032376,16.200523,15506400
2009-09-10,16.406420,16.413284,15.799029,15.901977,19429800
2009-09-11,15.943162,15.984342,15.699520,15.819625,14806400
2009-09-14,15.792169,16.028948,15.750990,15.967179,10939600
2009-09-15,15.963750,16.087287,15.812760,15.812760,12892600
2009-09-16,15.905409,15.998062,15.754420,15.891684,11154800
2009-09-17,15.925993,15.980899,15.606856,15.726962,17634000
2009-09-18,15.853934,15.867660,15.545090,15.702943,18124000
2009-09-21,15.737261,16.042672,15.726967,16.001493,10566600
2009-09-22,15.915706,16.018653,15.781874,15.829916,13609000
2009-09-23,15.871092,15.956882,15.699512,15.744123,10897000
2009-09-24,15.706375,15.898544,15.613722,15.785301,11423600
2009-09-25,15.747560,16.046108,15.699518,15.853940,13000400
2009-09-28,15.809327,16.296613,15.785306,16.155918,11882400
2009-09-29,16.131901,16.166218,15.833353,15.950027,10753200
2009-09-30,15.974039,16.018650,15.750987,15.956882,13156000
2009-10-01,15.901980,15.960316,15.545094,15.545094,16157000
2009-10-02,15.545087,15.617150,15.256834,15.273992,20574000
2009-10-05,15.411265,15.545097,15.260275,15.442149,14510400
2009-10-06,15.483322,15.716670,15.318606,15.689218,13891000
2009-10-07,15.630878,15.696079,15.466162,15.548521,9863600
2009-10-08,15.606865,15.627455,15.452443,15.517644,10748800
2009-10-09,15.527937,15.569116,15.445578,15.545094,9356800
2009-10-12,15.620590,15.665201,15.459305,15.503916,10038200
2009-10-13,15.521073,15.654904,15.490188,15.637747,12286800
2009-10-14,15.709808,15.877956,15.606860,15.802461,12807200
2009-10-15,15.799030,16.022082,15.799030,16.001493,19572400
2009-10-16,15.953451,15.960313,15.764713,15.843639,11598800
2009-10-19,15.888251,16.131894,15.809325,16.063263,15000200
2009-10-20,15.960313,16.011787,15.713239,15.826481,17391600
2009-10-21,15.534797,15.569113,15.030354,15.555387,47581200
2009-10-22,15.301453,15.473032,15.263705,15.304884,30685600
2009-10-23,15.153897,15.301455,15.006338,15.040655,29558600
2009-10-26,15.105851,15.184777,14.714650,14.903387,18314600
2009-10-27,14.903389,15.098990,14.721515,14.797009,14408600
2009-10-28,14.786710,14.927405,14.577383,14.611700,15707600
2009-10-29,14.635719,14.755824,14.519045,14.735234,16084000
2009-10-30,14.724943,14.855344,14.577385,14.601406,25506800
2009-11-02,14.742101,14.807302,14.549933,14.642585,14942800
2009-11-03,14.560229,15.109283,14.560229,15.030356,22102400
2009-11-04,15.140162,15.201931,14.951425,15.054373,14806600
2009-11-05,15.119578,15.641180,15.081831,15.613727,27356600
2009-11-06,15.610299,15.994636,15.579414,15.874530,17304600
2009-11-09,15.932864,15.984339,15.740695,15.984339,19425000
2009-11-10,15.860799,16.176505,15.816188,16.063263,15565000
2009-11-11,16.197096,16.286317,16.042674,16.176506,12273200
2009-11-12,16.234846,16.279456,16.039246,16.087288,10551800
2009-11-13,16.052965,16.221114,16.015218,16.145618,10389600
2009-11-16,16.217690,16.310343,16.104448,16.276028,13644000
2009-11-17,16.227982,16.300045,16.135329,16.296614,7468600
2009-11-18,16.221117,16.227981,15.898549,16.052969,12885200
2009-11-19,15.871091,16.011786,15.750986,15.963744,10877000
2009-11-20,15.884820,16.004925,15.799030,15.919135,9872600
2009-11-23,16.104441,16.173073,15.970609,16.131893,9696400
2009-11-24,16.173070,16.255428,15.980901,16.114733,8719800
2009-11-25,16.145626,16.169647,16.032384,16.121605,5275800
2009-11-27,15.785306,16.087286,15.706379,15.977475,4503400
2009-11-30,15.943156,15.974040,15.761282,15.823050,14544600
2009-12-01,15.713241,15.998062,15.661767,15.922568,18633800
2009-12-02,15.943155,16.063262,15.895113,15.970609,11494600
2009-12-03,15.926004,16.128468,15.847078,15.874530,14797200
2009-12-04,15.991197,16.131892,15.901977,15.987766,9625200
2009-12-07,15.956883,16.097578,15.929430,15.998062,7998000
2009-12-08,15.833344,15.950018,15.754418,15.826481,11028800
2009-12-09,15.840207,15.850501,15.572543,15.785301,9364400
2009-12-10,15.802458,16.022080,15.775006,15.884817,15105000
2009-12-11,15.840211,16.028948,15.840211,15.929432,7782200
2009-12-14,15.939722,16.190228,15.939722,16.114733,10289600
2009-12-15,15.750985,15.881384,15.383805,15.548521,29395800
2009-12-16,15.572544,15.599996,14.738668,14.834752,46600200
2009-12-17,14.776421,14.910253,14.659747,14.824463,21901600
2009-12-18,14.930841,14.948000,14.621999,14.697495,31328400
2009-12-21,14.766121,14.958290,14.755827,14.810732,15738600
2009-12-22,14.872501,15.013196,14.797005,14.838185,11745200
2009-12-23,14.851908,14.882793,14.735234,14.759255,10613400
2009-12-24,14.759262,14.783284,14.670041,14.755831,4028200
2009-12-28,14.807301,14.903385,14.721511,14.845047,8706600
2009-12-29,14.872500,14.978880,14.807301,14.917111,8677200
2009-12-30,14.917115,15.092125,14.872504,15.030356,10163400
2009-12-31,15.092124,15.092124,14.841618,14.848481,10998800
2010-01-04,14.889659,15.002903,14.786712,14.858775,16809000
2010-01-05,14.879364,14.896521,14.652879,14.845047,20788200
2010-01-06,15.098985,15.445575,14.965153,15.359785,32750400
2010-01-07,15.356359,15.493624,15.291160,15.397538,20892600
2010-01-08,15.428425,15.476467,15.184782,15.284299,17618400
2010-01-11,15.232816,15.452437,15.201931,15.404395,17399000
2010-01-12,15.442145,15.462735,15.280859,15.424987,13968600
2010-01-13,15.493625,15.740698,15.400972,15.617161,17846200
2010-01-14,15.750992,15.781876,15.510781,15.600001,16884800
2010-01-15,15.534799,15.781873,15.366650,15.620588,19067400
2010-01-19,15.702945,15.991198,15.692651,15.881388,20906400
2010-01-20,15.888250,15.905408,15.593134,15.802461,15961200
2010-01-21,15.867663,15.956884,15.507346,15.709809,24302200
2010-01-22,15.809328,15.929433,15.665202,15.812760,22095000
2010-01-25,15.908839,15.925997,15.675491,15.685785,20666200
2010-01-26,15.644613,15.648044,15.335769,15.397538,20806200
2010-01-27,16.155921,16.581438,16.083857,16.485353,56743600
2010-01-28,16.207387,16.454461,16.094145,16.303471,27932400
2010-01-29,16.330924,16.643198,16.300040,16.564272,25100600
2010-02-01,16.553978,16.591724,16.341219,16.406420,18501800
2010-02-02,16.351517,16.663792,16.296612,16.663792,20596800
2010-02-03,16.547113,16.574565,16.183364,16.313765,27632000
2010-02-04,16.272594,16.286321,15.912278,15.946594,23467600
2010-02-05,15.919133,16.080418,15.596564,15.915702,28918200
2010-02-08,15.888247,15.950016,15.672057,15.816184,15454800
2010-02-09,15.980903,16.128462,15.802461,15.888250,18992000
2010-02-10,15.936295,16.056401,15.678926,15.775011,22741600
2010-02-11,15.720101,16.155913,15.644606,16.046101,22954200
2010-02-12,15.925998,16.166210,15.857366,16.131893,19065200
2010-02-16,16.464761,16.485351,15.888254,16.083855,26284000
2010-02-17,16.114736,16.814780,16.107873,16.694675,35693800
2010-02-18,16.728989,16.986358,16.698104,16.969200,25876400
2010-02-19,16.849091,16.965765,16.739281,16.759871,23377800
2010-02-22,16.660359,16.746148,16.341221,16.430443,27884200
2010-02-23,16.471623,16.505939,16.227981,16.248569,20081400
2010-02-24,16.341218,16.464755,16.227976,16.320629,18946400
2010-02-25,16.128460,16.289745,15.991196,16.269156,23808400
2010-02-26,16.303471,16.361809,16.152482,16.337788,18997200
2010-03-01,16.468188,16.523093,16.262292,16.303471,18722400
2010-03-02,16.210817,16.320628,16.125028,16.313765,15558400
2010-03-03,16.234840,16.358376,16.214250,16.324060,17649400
2010-03-04,16.255432,16.269159,16.035811,16.149054,19900000
2010-03-05,16.104440,16.351514,16.101007,16.337788,16142200
2010-03-08,16.269157,16.313768,16.046103,16.131893,14617400
2010-03-09,16.059828,16.382398,16.059828,16.279449,14542000
2010-03-10,16.300042,16.385831,16.214252,16.224546,12711200
2010-03-11,16.166215,16.238278,16.001499,16.162783,18272600
2010-03-12,16.385834,16.385834,16.111307,16.272591,16998400
2010-03-15,16.289742,16.382395,16.193657,16.306900,12463000
2010-03-16,16.313772,16.334361,16.203961,16.289751,10754000
2010-03-17,16.330928,16.330928,16.094149,16.190233,15564400
2010-03-18,16.245139,16.300044,16.121601,16.272591,11149200
2010-03-19,16.365243,16.471623,16.094148,16.427011,38567800
2010-03-22,16.444161,16.694668,16.399551,16.523088,14699000
2010-03-23,16.615752,16.622615,16.276025,16.389267,17343600
2010-03-24,16.286310,16.392690,16.162773,16.227974,14502400
2010-03-25,16.255427,16.300038,15.702942,15.768143,40254200
2010-03-26,15.864231,15.905410,15.435282,15.558820,23744600
2010-03-29,15.558817,15.860797,15.555386,15.744123,14648600
2010-03-30,15.809333,15.833355,15.545101,15.651481,15933800
2010-03-31,15.668631,15.699516,15.555390,15.603432,14102400
2010-04-01,15.620587,15.792167,15.538229,15.661766,11188600
2010-04-05,15.795602,15.850507,15.582844,15.730402,12673800
2010-04-06,15.627456,15.709814,15.586276,15.617161,11472200
2010-04-07,15.675494,15.675494,15.514208,15.596567,11920000
2010-04-08,15.613722,15.775007,15.476458,15.723533,15041600
2010-04-09,15.720104,15.771577,15.617156,15.716672,14091600
2010-04-12,15.720102,15.823050,15.682355,15.740691,12800000
2010-04-13,15.764713,15.994630,15.702944,15.905408,24087200
2010-04-14,15.761285,15.998064,15.716674,15.805896,16827400
2010-04-15,15.764715,15.847074,15.510778,15.551957,17586200
2010-04-16,15.538231,15.744127,15.527937,15.682359,18808200
2010-04-19,15.696083,15.775009,15.510777,15.696083,14048800
2010-04-20,15.668627,15.778438,15.359784,15.466164,27776200
2010-04-21,14.405803,14.584246,13.692034,13.987149,146440000
2010-04-22,14.086671,14.282272,13.887640,13.928819,80492800
2010-04-23,14.062648,14.330311,14.021469,14.299427,41925200
2010-04-26,14.258247,14.275405,13.908225,13.918521,30009600
2010-04-27,14.052356,14.120988,13.794987,13.853323,35050800
2010-04-28,13.849886,14.024896,13.808707,13.959697,27811600
2010-04-29,13.987149,14.096961,13.836160,13.863613,33514600
2010-04-30,14.093533,14.103827,13.571931,13.626837,40693800
2010-05-03,13.613109,13.767531,13.571930,13.643993,25135400
2010-05-04,13.506732,13.558205,13.184162,13.221910,41827800
2010-05-05,13.204749,13.853319,13.132686,13.798413,50234200
2010-05-06,13.643997,13.812145,13.043469,13.444965,39024000
2010-05-07,13.386621,13.493001,13.067485,13.167000,38054400
2010-05-10,13.249361,13.654289,13.053761,13.170435,38259200
2010-05-11,13.359172,13.815573,13.290540,13.472414,30899800
2010-05-12,13.585654,13.801844,13.503295,13.777823,27321400
2010-05-13,13.791553,13.846458,13.530753,13.544479,19181200
2010-05-14,13.554770,13.630265,12.885610,12.964537,55320400
2010-05-17,12.937093,13.139557,12.854734,13.118967,27792600
2010-05-18,13.118962,13.338584,13.084647,13.136120,21212600
2010-05-19,13.177297,13.534181,13.074349,13.383192,34776800
2010-05-20,13.235633,13.259654,12.672853,12.686580,49437000
2010-05-21,12.484117,12.758643,12.384600,12.549316,38691400
2010-05-24,12.412058,12.652269,12.326268,12.473826,25030400
2010-05-25,12.408620,12.446368,12.223314,12.415483,28089600
2010-05-26,12.425778,12.593927,11.935061,11.948788,43798600
2010-05-27,12.182138,12.453234,12.096348,12.436076,32930600
2010-05-28,12.480685,12.515002,12.305675,12.326263,26511400
2010-06-01,12.291947,12.453232,12.151252,12.158115,18942400
2010-06-02,12.291949,12.357149,12.082622,12.353718,26167600
2010-06-03,12.302241,12.463526,12.213020,12.319400,22404000
2010-06-04,12.048307,12.175276,11.859570,11.911043,33902000
2010-06-07,11.945356,12.007124,11.790934,11.818386,26449600
2010-06-08,11.821823,11.842411,11.269337,11.482095,50593400
2010-06-09,11.523275,11.591906,11.283064,11.293358,32348400
2010-06-10,11.375713,11.633083,11.351692,11.571314,26437200
2010-06-11,11.564454,11.890456,11.495822,11.849276,23324800
2010-06-14,11.921336,12.099777,11.862998,11.887019,18547200
2010-06-15,11.921338,12.206159,11.904179,12.192432,21942400
2010-06-16,12.103211,12.398328,11.873294,12.288517,21575600
2010-06-17,12.360581,12.384602,12.189001,12.343423,19032600
2010-06-18,12.360579,12.525295,12.267926,12.360579,27190600
2010-06-21,12.408621,12.525295,12.336558,12.388031,15680200
2010-06-22,12.329696,12.624813,12.298812,12.322833,20666400
2010-06-23,12.254197,12.501272,12.233608,12.425776,14890400
2010-06-24,12.353715,12.477253,12.219884,12.257631,18453400
2010-06-25,12.237047,12.635112,12.237047,12.473826,26453000
2010-06-28,12.518428,12.521861,12.178702,12.274786,12980400
2010-06-29,12.147823,12.219886,11.921338,12.000264,18170800
2010-06-30,11.952219,12.055166,11.756617,11.763480,19945800
2010-07-01,11.749755,11.760049,11.427185,11.715438,23827000
2010-07-02,11.797798,12.065462,11.729166,11.965945,19527800
2010-07-06,12.048304,12.154683,11.811524,11.931630,21248000
2010-07-07,11.897316,12.013990,11.760053,11.989969,23426800
2010-07-08,12.007125,12.034577,11.784072,11.948788,25102600
2010-07-09,11.917904,11.983104,11.828683,11.921336,19020800
2010-07-12,11.907609,11.917903,11.770345,11.832113,18961200
2010-07-13,11.887017,12.164976,11.845838,12.079186,18014000
2010-07-14,12.123803,12.178708,11.907613,11.945360,21826200
2010-07-15,11.976239,12.092913,11.873291,11.976239,21450200
2010-07-16,11.832118,11.972813,10.922747,10.960495,62530600
2010-07-19,10.981083,11.379148,10.977652,11.293358,33461400
2010-07-20,11.207565,11.337965,11.162954,11.324239,25984800
2010-07-21,11.180116,11.475232,10.888430,11.293358,60230200
2010-07-22,11.334534,11.619356,11.331103,11.591903,29403000
2010-07-23,11.574747,11.602201,11.269336,11.471800,25155800
2010-07-26,11.396302,11.564450,11.015396,11.458071,34005400
2010-07-27,11.471797,11.509545,11.262470,11.458071,92023800
2010-07-28,11.495819,11.657104,11.379145,11.468366,29995600
2010-07-29,11.749758,11.818388,11.375715,11.464935,23583000
2010-07-30,11.365417,11.561017,11.355122,11.434049,21930200
2010-08-02,11.609062,11.866432,11.581609,11.825252,26386200
2010-08-03,11.801229,11.941924,11.749756,11.832113,15718600
2010-08-04,11.900749,12.116939,11.811527,12.086055,23428200
2010-08-05,12.031144,12.391460,11.986533,12.261060,29825400
2010-08-06,12.247334,12.309102,12.113502,12.291945,22606000
2010-08-09,12.360576,12.370870,12.216448,12.271354,17472400
2010-08-10,12.213018,12.398324,12.137522,12.281650,20018000
2010-08-11,12.096347,12.140958,11.825251,11.859568,23441200
2010-08-12,11.694851,11.945357,11.667398,11.893883,19354000
2010-08-13,11.838974,11.976238,11.770342,11.773774,16060400
2010-08-16,11.756622,11.784075,11.564454,11.619359,21429200
2010-08-17,11.677695,11.873295,11.588474,11.718875,20386000
2010-08-18,11.663967,11.718872,11.574745,11.588471,40228600
2010-08-19,11.540431,11.554156,11.313946,11.368852,27682600
2010-08-20,11.351697,11.365423,11.121780,11.200706,25738800
2010-08-23,11.307082,11.365418,11.252176,11.272765,19309600
2010-08-24,11.156091,11.210996,11.011965,11.011965,31742400
2010-08-25,11.025691,11.265903,10.991375,11.262470,25147000
2010-08-26,11.296786,11.300218,10.946764,11.005101,32904000
2010-08-27,11.053145,11.180115,10.912450,11.159525,29399200
2010-08-30,11.101186,11.221292,11.049713,11.125207,24914400
2010-08-31,11.087459,11.159522,10.898721,10.922742,38403800
2010-09-01,11.011965,11.341397,10.998238,11.331102,30595400
2010-09-02,11.289926,11.471800,11.231589,11.375716,16276800
2010-09-03,11.526704,11.684556,11.430620,11.674262,22362800
2010-09-07,11.663968,11.663968,11.368851,11.403167,15668600
2010-09-08,11.423756,11.657104,11.423756,11.636514,14912000
2010-09-09,11.708579,11.718875,11.591905,11.684558,10676200
2010-09-10,11.736032,11.863000,11.657105,11.801231,14902600
2010-09-13,11.887021,11.887021,11.712011,11.801231,14581400
2010-09-14,11.742895,11.876727,11.742895,11.842410,14648200
2010-09-15,11.866431,11.972809,11.763482,11.955651,11139600
2010-09-16,11.838979,12.010559,11.797800,12.000264,14681000
2010-09-17,12.010557,12.044872,11.821820,11.859568,28283000
2010-09-20,11.859566,12.247335,11.856134,12.213019,22333800
2010-09-21,12.178705,12.339989,12.068893,12.319400,19058600
2010-09-22,12.305680,12.525301,12.305680,12.357153,19668400
2010-09-23,12.315966,12.429209,12.250766,12.278218,17482000
2010-09-24,12.477252,12.614515,12.357146,12.542452,15356800
2010-09-27,12.494410,12.508136,12.295378,12.305673,10562000
2010-09-28,12.302239,12.542450,12.254197,12.401755,20016000
2010-09-29,12.339992,12.343424,12.213024,12.309108,15392200
2010-09-30,12.298812,12.460097,12.182138,12.219886,19965400
2010-10-01,12.281649,12.432639,12.202723,12.271354,13909000
2010-10-04,12.250769,12.319401,12.099779,12.134095,15809400
2010-10-05,12.271357,12.422347,12.206157,12.360579,18493800
2010-10-06,12.360578,12.388030,12.158115,12.267925,16924400
2010-10-07,12.302244,12.456665,12.257634,12.442939,11729600
2010-10-08,12.422348,12.521864,12.333126,12.466959,12711800
2010-10-11,12.453230,12.501272,12.381167,12.425776,11039600
2010-10-12,12.339989,12.453232,12.254199,12.391463,15559800
2010-10-13,12.453229,12.624809,12.422345,12.587061,13482400
2010-10-14,12.635106,12.758643,12.580200,12.624811,17538200
2010-10-15,12.765509,12.985131,12.696877,12.947383,27616000
2010-10-18,13.012581,13.036603,12.871886,12.882181,17064400
2010-10-19,12.868455,12.919929,12.521865,12.604222,23125800
2010-10-20,12.865024,13.468983,12.792960,13.173866,40286400
2010-10-21,13.211611,13.420939,13.211611,13.417506,25295000
2010-10-22,13.417508,13.424371,13.269950,13.420940,14623600
2010-10-25,13.506729,13.668014,13.479276,13.568498,20269200
2010-10-26,13.561635,13.595951,13.403783,13.592520,13541000
2010-10-27,13.462118,13.650855,13.383192,13.541044,15290400
2010-10-28,13.578794,13.719489,13.554773,13.678310,13348600
2010-10-29,13.592525,13.692041,13.578798,13.613113,10234600
2010-11-01,13.695468,13.976858,13.685174,13.808711,20092200
2010-11-02,13.921952,13.932247,13.753805,13.839595,15595000
2010-11-03,13.853321,13.853321,13.558204,13.661153,16858200
2010-11-04,13.736644,13.760665,13.547906,13.602812,17565000
2010-11-05,13.565062,13.585652,13.232199,13.366031,23031000
2010-11-08,13.307697,13.352308,13.105233,13.324856,22122400
2010-11-09,13.307696,13.342013,13.146412,13.215043,19457800
2010-11-10,13.300832,13.304264,13.108664,13.290538,17807600
2010-11-11,13.225337,13.386621,13.167000,13.376327,15549800
2010-11-12,13.211610,13.280242,12.916493,12.971398,24225600
2010-11-15,13.036602,13.184159,12.974834,13.040033,14754400
2010-11-16,13.005722,13.232207,12.943953,12.981701,19401400
2010-11-17,13.005718,13.036602,12.851296,12.937086,19755000
2010-11-18,13.046896,13.177297,12.950812,13.022875,15700200
2010-11-19,13.040031,13.098367,12.967968,13.067484,16926600
2010-11-22,12.995422,13.108665,12.865023,12.937086,14254000
2010-11-23,12.834143,12.902774,12.676289,12.690016,18199600
2010-11-24,12.868453,12.978263,12.847863,12.964537,19606600
2010-11-26,12.834138,12.878748,12.731190,12.731190,5508400
2010-11-29,12.734620,12.755209,12.576768,12.717463,19583400
2010-11-30,12.525294,12.604221,12.436074,12.525294,29356400
2010-12-01,12.741486,12.847864,12.683148,12.765507,30669400
2010-12-02,12.782664,12.947380,12.676285,12.937086,21945200
2010-12-03,12.854727,12.878748,12.717465,12.782664,12626400
2010-12-06,12.744916,12.768937,12.569906,12.597358,13883200
2010-12-07,12.748349,12.913066,12.714033,12.751781,17167600
2010-12-08,12.813552,12.899342,12.768941,12.820415,15583800
2010-12-09,12.820411,12.844432,12.662558,12.693442,15451600
2010-12-10,12.714036,12.933657,12.672857,12.906205,16727800
2010-12-13,12.889046,12.933656,12.614518,12.638540,20023600
2010-12-14,12.710602,12.816980,12.638539,12.768938,17327800
2010-12-15,12.693440,12.854723,12.690007,12.803250,15645400
2010-12-16,12.779236,13.005721,12.768940,12.988562,17937200
2010-12-17,12.961109,12.961109,12.744919,12.762076,34926000
2010-12-20,12.789530,12.902771,12.731192,12.762076,14602600
2010-12-21,12.823845,12.834140,12.518434,12.545887,19027200
2010-12-22,12.521864,12.545885,12.429211,12.470389,19145800
2010-12-23,12.415487,12.466961,12.312539,12.442939,17797400
2010-12-27,12.374305,12.539022,12.298810,12.494411,11024000
2010-12-28,12.490976,12.559607,12.418912,12.429208,7818200
2010-12-29,12.442936,12.556179,12.418915,12.490979,9024800
2010-12-30,12.460098,12.515003,12.367445,12.442939,8534200
2010-12-31,12.418917,12.473823,12.353717,12.436076,9501200
2011-01-03,12.573341,12.775805,12.542457,12.552752,18870600
2011-01-04,12.652262,12.741484,12.583630,12.693442,19948400
2011-01-05,12.600790,12.943949,12.600790,12.878748,22014200
2011-01-06,12.882183,12.964540,12.841003,12.871887,15898200
2011-01-07,12.844432,12.950812,12.782663,12.868453,12199600
2011-01-10,12.792960,12.889046,12.576771,12.580202,20786800
2011-01-11,12.607652,12.782662,12.501272,12.755209,21264400
2011-01-12,12.799823,12.981698,12.758644,12.978266,14259600
2011-01-13,12.998852,13.221904,12.978262,13.081209,19120000
2011-01-14,13.050332,13.204754,12.995426,13.115533,12146200
2011-01-18,13.211615,13.362604,13.163573,13.280247,17993400
2011-01-19,13.287109,13.287109,13.046898,13.091509,16129200
2011-01-20,13.084644,13.245928,13.046897,13.098370,19049600
2011-01-21,13.074348,13.194454,13.009148,13.105232,12530400
2011-01-24,13.029741,13.170436,13.005720,13.146415,12888200
2011-01-25,13.088077,13.167003,12.961108,13.094940,20770000
2011-01-26,13.036601,13.678307,12.991990,13.609675,42215000
2011-01-27,13.571926,13.613105,13.317990,13.362599,28124000
2011-01-28,13.287109,13.482710,13.091509,13.112098,19187800
2011-01-31,13.105234,13.245929,13.012581,13.170435,13298800
2011-02-01,13.293974,13.311132,13.136120,13.211616,17657800
2011-02-02,13.149843,13.640561,13.149843,13.541044,22605000
2011-02-03,13.513592,13.513592,13.266517,13.290538,17314200
2011-02-04,13.369466,13.372898,13.125824,13.311130,14666800
2011-02-07,13.311130,13.314561,13.112097,13.170435,14027600
2011-02-08,13.156708,13.345445,13.108666,13.311130,8482600
2011-02-09,13.338580,13.362601,13.033169,13.105232,12682200
2011-02-10,13.115528,13.204749,13.067486,13.160138,16430800
2011-02-11,13.067488,13.180730,13.040035,13.173866,13212600
2011-02-14,13.173865,13.235634,13.081212,13.232203,11690000
2011-02-15,13.232205,13.386626,13.091510,13.379764,13895200
2011-02-16,13.386623,13.623404,13.314560,13.517024,23224600
2011-02-17,13.455253,13.541042,13.407211,13.482706,11564800
2011-02-18,13.475850,13.654292,13.407218,13.486144,14620600
2011-02-22,13.348876,13.455254,13.132686,13.215043,16427200
2011-02-23,13.187595,13.249364,13.040036,13.046900,14828800
2011-02-24,13.036604,13.338583,12.981698,13.307698,15905200
2011-02-25,13.362603,13.468983,13.204751,13.386624,14156800
2011-02-28,13.462116,13.537612,13.317990,13.376327,13929200
2011-03-01,13.420940,13.479276,13.211613,13.232203,11560200
2011-03-02,13.215042,13.541043,13.194454,13.393485,13014600
2011-03-03,13.537614,13.743509,13.496436,13.722920,17245400
2011-03-04,13.760667,14.165595,13.722921,13.969995,29822200
2011-03-07,14.100398,14.213640,13.963134,14.090104,21245400
2011-03-08,14.069509,14.217068,13.994014,14.155299,15374000
2011-03-09,14.165596,14.347471,14.117554,14.292565,15992400
2011-03-10,14.096962,14.203340,14.048918,14.062645,14884400
2011-03-11,14.045488,14.162162,13.969992,14.011172,11309400
2011-03-14,13.897929,14.069508,13.884202,13.987149,12150400
2011-03-15,13.692038,13.819006,13.619974,13.654290,20811600
2011-03-16,13.554771,13.767529,13.403781,13.671445,23863200
2011-03-17,13.794980,13.904790,13.698894,13.832727,14955000
2011-03-18,13.897928,13.980287,13.777823,13.777823,22548800
2011-03-21,13.918524,14.048924,13.812145,13.815576,11712200
2011-03-22,13.836160,13.915086,13.695465,13.877338,13254200
2011-03-23,13.836161,14.320014,13.832730,14.179319,32306600
2011-03-24,14.251383,14.543068,14.217067,14.426394,24498400
2011-03-25,14.491595,14.601405,14.395511,14.440122,19410800
2011-03-28,14.440120,14.477867,14.309720,14.320014,14502600
2011-03-29,14.340606,14.436690,14.289132,14.429827,9620200
2011-03-30,14.560231,14.721516,14.546504,14.587683,14393600
2011-03-31,14.529338,14.714644,14.484727,14.573949,22282600
2011-04-01,14.464147,14.642588,14.453851,14.639157,13482400
2011-04-04,14.676901,14.731807,14.635723,14.690628,12073400
2011-04-05,14.625428,14.670039,14.309722,14.357764,18186200
2011-04-06,14.443551,14.508751,14.320014,14.320014,17174200
2011-04-07,14.285700,14.374921,14.213636,14.241089,14586600
2011-04-08,14.309721,14.330310,14.083236,14.155299,17598200
2011-04-11,14.189616,14.278838,14.090101,14.148438,11237200
2011-04-12,14.117553,14.158731,14.066080,14.117553,8784400
2011-04-13,14.193048,14.337174,14.103826,14.189615,17759400
2011-04-14,14.114118,14.368055,14.066076,14.361192,16097200
2011-04-15,14.344039,14.361197,14.172460,14.309724,16136000
2011-04-18,14.196483,14.206779,13.815576,13.836166,22427800
2011-04-19,13.846461,13.949409,13.788124,13.942546,15422000
2011-04-20,14.069506,14.072937,13.839591,13.994011,23121600
2011-04-21,13.571931,13.726353,13.369467,13.403784,44105000
2011-04-25,13.462122,13.517028,13.311133,13.451828,23387000
2011-04-26,13.541047,13.616542,13.438100,13.561637,18413400
2011-04-27,13.599384,13.733215,13.520457,13.688604,23431000
2011-04-28,13.668014,13.712624,13.359171,13.503297,26400000
2011-04-29,13.496439,13.510165,13.328291,13.328291,26627800
2011-05-02,13.407217,14.035198,13.383196,13.956270,28164800
2011-05-03,14.007743,14.320018,13.829300,14.295997,23400000
2011-05-04,14.268543,14.326880,14.038626,14.182754,20905400
2011-05-05,14.155299,14.196478,13.918520,13.939109,17000000
2011-05-06,14.042060,14.182757,14.018039,14.072945,15584400
2011-05-09,14.028336,14.251389,14.014610,14.151874,16262200
2011-05-10,14.162162,14.265109,13.966562,14.083236,15902200
2011-05-11,14.120985,14.131279,13.832732,13.990584,23016800
2011-05-12,13.990586,14.186186,13.973428,14.169028,18200000
2011-05-13,14.199910,14.385215,14.079804,14.138142,23727200
2011-05-16,14.055784,14.134710,13.870478,13.918521,17727000
2011-05-17,13.918517,13.918517,13.753801,13.887632,16102200
2011-05-18,13.849891,13.863618,13.719491,13.843028,15985200
2011-05-19,13.891062,13.928810,13.722915,13.791546,14056000
2011-05-20,13.949403,14.138140,13.911656,14.062645,21076600
2011-05-23,13.897932,13.921953,13.798416,13.873911,13000000
2011-05-24,13.901359,13.997444,13.767527,13.870475,12685000
2011-05-25,13.867046,13.915088,13.801846,13.891067,11666000
2011-05-26,13.863615,14.069510,13.805277,14.035194,13971600
2011-05-27,14.055788,14.179325,14.021472,14.134714,9929200
2011-05-31,14.148439,14.333745,14.141576,14.323451,13747200
2011-06-01,14.265114,14.357767,14.162167,14.165598,15302800
2011-06-02,14.110687,14.237657,14.096962,14.213634,11075200
2011-06-03,14.055787,14.210209,13.994019,14.086672,13982200
2011-06-06,14.035197,14.103827,13.966565,14.038628,10354600
2011-06-07,14.076373,14.155300,13.969994,14.079804,9846000
2011-06-08,14.083235,14.182751,13.987149,14.120982,10002600
2011-06-09,14.151866,14.306286,14.086665,14.124413,12480200
2011-06-10,14.103829,14.103829,13.798418,13.805282,11997800
2011-06-13,13.486144,13.801850,13.468986,13.712628,17699400
2011-06-14,13.805278,13.812141,13.630267,13.650856,15579000
2011-06-15,13.589089,13.784689,13.551343,13.606248,15163000
2011-06-16,13.647427,13.671448,13.530753,13.606248,18837600
2011-06-17,13.692035,13.695466,13.496435,13.568498,15756200
2011-06-20,13.537613,13.777824,13.537613,13.760665,10405600
2011-06-21,13.716055,13.746939,13.571927,13.692034,13684600
2011-06-22,13.692035,13.880772,13.606246,13.743508,10646800
2011-06-23,13.609678,13.798415,13.496436,13.770963,12026000
2011-06-24,13.760669,13.760669,13.582227,13.626837,12799600
2011-06-27,13.633700,13.825870,13.537616,13.788122,8347400
2011-06-28,13.791544,14.110682,13.736639,14.052345,11762000
2011-06-29,14.241091,14.302860,14.155301,14.203343,13510600
2011-06-30,14.265111,14.316586,14.179322,14.210206,11183400
2011-07-01,14.220500,14.402375,14.199911,14.395512,12459600
2011-07-05,14.371495,14.409242,14.217073,14.265115,8889400
2011-07-06,14.320014,14.498457,14.292562,14.498457,12234200
2011-07-07,14.573961,14.652887,14.529350,14.649455,10788400
2011-07-08,14.563665,14.670045,14.477876,14.563665,9525000
2011-07-11,14.440125,14.464146,14.114124,14.162166,13550600
2011-07-12,14.072941,14.364627,14.069510,14.258247,14635800
2011-07-13,14.320017,14.467575,14.241090,14.278838,9862400
2011-07-14,14.320018,14.409240,14.141576,14.162166,9524000
2011-07-15,14.162163,14.193048,13.969994,14.069510,12105400
2011-07-18,14.031763,14.096964,13.836162,14.004311,10437600
2011-07-19,14.103828,14.395514,14.031765,14.309724,16830800
2011-07-20,14.309724,14.498461,14.309724,14.340609,13231200
2011-07-21,14.429827,14.793575,14.429827,14.748964,16810200
2011-07-22,14.762690,14.923975,14.690627,14.827889,12567400
2011-07-25,14.769553,14.865637,14.625426,14.632289,10383600
2011-07-26,14.570519,14.680329,14.422960,14.467571,14831600
2011-07-27,14.364627,14.845049,14.320016,14.745534,24871800
2011-07-28,14.718085,14.920549,14.670043,14.814169,14195800
2011-07-29,14.628861,14.786714,14.522481,14.536208,19094000
2011-08-01,14.615131,14.738669,14.145004,14.247952,16189600
2011-08-02,14.103823,14.333740,13.849886,13.870475,20053800
2011-08-03,13.915084,13.915084,13.331714,13.633694,24300600
2011-08-04,13.482706,13.510158,12.823841,12.844431,28618800
2011-08-05,12.940514,13.139547,12.693441,12.957672,29249200
2011-08-08,12.710603,12.961109,12.432644,12.635108,35305200
2011-08-09,12.789530,13.105235,12.405192,13.088078,33614800
2011-08-10,13.005722,13.053764,12.106644,12.127234,31104800
2011-08-11,12.233611,12.782664,12.195863,12.652264,29225800
2011-08-12,12.717463,12.895905,12.542451,12.844431,16154400
2011-08-15,12.827279,12.854731,12.415488,12.789532,27790800
2011-08-16,12.789527,13.410645,12.772370,13.331717,25843200
2011-08-17,13.304268,13.417510,13.077783,13.194457,18721600
2011-08-18,12.830705,12.985127,12.679716,12.796390,19609400
2011-08-19,12.631675,12.971401,12.607654,12.765507,22590600
2011-08-22,13.012582,13.177300,12.889046,12.985130,17334000
2011-08-23,12.974837,13.400353,12.913068,13.396922,17680800
2011-08-24,13.324857,13.379762,12.950814,13.091509,18478400
2011-08-25,13.118962,13.187594,12.974836,13.060626,12799800
2011-08-26,13.019442,13.300832,12.834137,13.290538,15702200
2011-08-29,13.383194,13.657721,13.249363,13.654290,11040600
2011-08-30,13.623402,13.815570,13.541044,13.760665,11102800
2011-08-31,13.798409,13.825862,13.571924,13.685167,11439600
2011-09-01,13.671445,13.812140,13.561634,13.578792,11961000
2011-09-02,13.386623,13.554772,13.314560,13.321424,9992200
2011-09-06,12.971403,13.317994,12.971403,13.259656,14887400
2011-09-07,13.438098,13.661152,13.338582,13.657720,11709000
2011-09-08,13.523890,13.695470,13.465554,13.558206,10644200
2011-09-09,13.427803,13.479276,12.895907,12.974833,17076200
2011-09-12,12.796390,13.060622,12.772369,13.033169,13594600
2011-09-13,13.053761,13.149845,12.919930,13.112098,10261200
2011-09-14,13.129257,13.633701,13.112099,13.513596,17877400
2011-09-15,13.657719,13.698898,13.448392,13.664582,11014600
2011-09-16,13.815573,13.973427,13.674878,13.867047,26279400
2011-09-19,13.777825,13.815571,13.609677,13.743508,12230800
2011-09-20,13.829298,14.165593,13.729781,14.014604,16424400
2011-09-21,13.959705,14.031768,13.599388,13.613113,12344400
2011-09-22,13.369463,13.369463,13.012578,13.156705,25886000
2011-09-23,13.060622,13.252790,12.895906,13.187591,16245200
2011-09-26,13.221908,13.760667,13.167002,13.571930,21927400
2011-09-27,13.808709,13.829298,13.561635,13.743508,19858000
2011-09-28,13.743513,13.825872,13.444965,13.444965,12052600
2011-09-29,13.623402,13.716055,13.218474,13.468980,9873400
2011-09-30,13.307700,13.506733,13.235637,13.314564,14526600
2011-10-03,13.314560,13.424371,12.971401,12.974833,16178400
2011-10-04,12.789528,13.029739,12.600791,12.998855,18709600
2011-10-05,13.067486,13.438097,12.950812,13.434666,15439400
2011-10-06,13.390057,13.606248,13.307699,13.606248,11489400
2011-10-07,13.602815,13.619973,13.314562,13.489573,12859800
2011-10-10,13.722925,13.949409,13.674881,13.949409,11119600
2011-10-11,13.932250,14.042060,13.571933,13.623407,12394400
2011-10-12,13.788121,13.952837,13.633699,13.825869,12611000
2011-10-13,13.767527,13.973423,13.746938,13.945970,9313600
2011-10-14,14.014606,14.031764,13.760668,13.873911,9589400
2011-10-17,13.801848,13.939111,13.630268,13.678310,12556200
2011-10-18,13.688602,14.045487,13.630265,13.987149,13520400
2011-10-19,14.018034,14.179319,13.918519,14.000876,12573000
2011-10-20,14.000882,14.155303,13.863619,14.072945,11986000
2011-10-21,14.203340,14.344035,14.114119,14.230793,14004800
2011-10-24,14.206771,14.433256,14.206771,14.409235,10429600
2011-10-25,14.275409,14.440126,14.069514,14.090104,11393600
2011-10-26,14.230796,14.282269,13.860184,14.237659,12352400
2011-10-27,14.398941,14.477868,14.244520,14.450416,14598000
2011-10-28,14.419536,14.748968,14.385219,14.683768,15350200
2011-10-31,14.543071,14.567092,14.295997,14.295997,13119200
2011-11-01,14.066083,14.203346,13.904798,14.086672,14630400
2011-11-02,14.206774,14.241089,13.966563,14.079804,12345600
2011-11-03,14.011174,14.131279,13.918521,14.045489,14466000
2011-11-04,13.928814,14.083236,13.767529,13.973425,10119600
2011-11-07,14.038627,14.117554,13.884205,14.096965,8725600
2011-11-08,14.138143,14.179322,13.976858,14.145006,9874600
2011-11-09,13.877346,13.897936,13.619977,13.681746,15155000
2011-11-10,13.753807,13.819006,13.575364,13.781259,11035200
2011-11-11,13.911659,14.179322,13.911659,14.096965,11062000
2011-11-14,14.110688,14.114120,13.853319,13.884203,8632600
2011-11-15,13.894503,14.045492,13.839597,13.956270,8392200
2011-11-16,13.863618,13.990586,13.760669,13.788122,10645600
2011-11-17,13.729782,13.897931,13.534182,13.592520,12989000
2011-11-18,13.537609,13.774388,13.489567,13.685167,12111000
2011-11-21,12.714035,12.765509,11.821822,12.442939,86777600
2011-11-22,12.552751,13.372900,12.545887,13.300836,61453800
2011-11-23,13.184158,13.743507,13.084643,13.602812,51863400
2011-11-25,13.523888,13.753805,13.475846,13.479277,15299400
2011-11-28,13.513594,13.808710,13.503298,13.657720,28682400
2011-11-29,13.650854,13.729780,13.462117,13.475843,21105800
2011-11-30,13.599380,13.753802,13.530748,13.674874,27184200
2011-12-01,13.613113,13.757241,13.537619,13.613113,20919800
2011-12-02,13.716062,13.729787,13.451829,13.520461,19180600
2011-12-05,13.619969,13.788118,13.383190,13.777823,33945400
2011-12-06,13.740078,13.836162,13.613109,13.657720,18594400
2011-12-07,13.616539,13.654287,13.520455,13.527317,17398600
2011-12-08,13.520455,13.520455,13.273380,13.290538,14505200
2011-12-09,13.390057,13.558204,13.359172,13.386624,11385800
2011-12-12,13.300835,13.434668,13.245929,13.386624,14944200
2011-12-13,13.297402,13.462118,13.218475,13.242496,15859600
2011-12-14,13.256226,13.342016,13.208184,13.300836,14750800
2011-12-15,13.383190,13.424369,13.197884,13.208179,13798800
2011-12-16,13.098370,13.245929,12.710602,12.751781,46339600
2011-12-19,12.748347,13.029737,12.690010,12.858158,16252000
2011-12-20,13.070919,13.156709,12.957676,13.094940,17307200
2011-12-21,13.108665,13.338581,13.067486,13.331717,11437600
2011-12-22,13.324858,13.348879,13.184161,13.280247,9562200
2011-12-23,13.359169,13.496433,13.293969,13.482706,8778600
2011-12-27,13.517019,13.688598,13.396914,13.685167,6503200
2011-12-28,13.692037,13.794984,13.606247,13.688604,12766200
2011-12-29,13.674877,13.921952,13.637131,13.918521,12289600
2011-12-30,13.839595,14.090100,13.812141,14.045489,9839800
2012-01-03,14.227368,14.409243,14.189620,14.364632,19564000
2012-01-04,14.395509,14.433257,14.309719,14.419530,16236000
2012-01-05,14.426395,14.745533,14.412668,14.591111,18431800
2012-01-06,14.543071,14.790145,14.481303,14.680334,15542000
2012-01-09,14.580819,14.752399,14.532776,14.663177,16801200
2012-01-10,14.790141,15.455870,14.735236,15.184774,30110000
2012-01-11,15.119576,15.304881,15.023491,15.236250,15471000
2012-01-12,15.229387,15.431850,15.088692,15.407829,15342400
2012-01-13,15.294584,15.438712,15.098984,15.404395,18483000
2012-01-17,15.442150,15.956889,15.397539,15.874530,24215200
2012-01-18,15.895112,16.317197,15.819617,16.303471,26292400
2012-01-19,16.224544,16.293176,16.056397,16.200523,24058000
2012-01-20,16.176502,16.286313,16.070124,16.279449,14076000
2012-01-23,16.176510,16.279457,16.135331,16.255436,15997800
2012-01-24,16.238278,16.423584,16.152488,16.358383,15147400
2012-01-25,16.276018,16.636334,16.276018,16.571135,15804800
2012-01-26,16.667222,16.739285,16.420148,16.674086,18193200
2012-01-27,16.670656,16.811352,16.584867,16.718699,16363800
2012-01-30,16.636338,16.777033,16.471622,16.694675,14153400
2012-01-31,16.626042,16.773600,16.598589,16.766737,13315800
2012-02-01,16.831936,16.952043,16.770168,16.866253,19617600
2012-02-02,16.855959,17.030970,16.598590,16.921160,17363600
2012-02-03,18.328107,18.839414,18.187412,18.770782,75343200
2012-02-06,18.633524,19.388473,18.612935,19.227188,37824600
2012-02-07,18.942365,19.175713,18.757059,18.901186,27495600
2012-02-08,18.722744,18.839418,18.472239,18.623228,23592000
2012-02-09,18.664408,18.664408,18.372724,18.437923,15745800
2012-02-10,18.389879,18.516847,18.331541,18.444784,14493000
2012-02-13,18.455080,18.863439,18.434491,18.839418,14034800
2012-02-14,18.623231,18.839422,18.585484,18.722748,14643000
2012-02-15,18.839421,18.842852,18.554599,18.811968,12190800
2012-02-16,18.863432,18.959516,18.705578,18.808527,17269800
2012-02-17,15.785303,16.430442,15.648039,16.128462,124983800
2012-02-21,15.974043,16.042675,15.301452,15.335768,38854000
2012-02-22,15.171045,15.449004,15.033783,15.280856,36038400
2012-02-23,15.411258,15.551953,15.225952,15.493617,22631200
2012-02-24,15.579414,15.613730,15.325476,15.531371,13753400
2012-02-27,15.442144,15.548523,15.363217,15.507343,15203600
2012-02-28,15.545090,15.925996,15.486753,15.785301,17867800
2012-02-29,15.747556,15.860799,15.579409,15.627451,18379000
2012-03-01,15.750990,16.011790,15.702947,15.994633,16514800
2012-03-02,16.039241,16.224546,15.881387,16.125031,15709000
2012-03-05,16.114736,16.176505,15.768146,15.864230,13825600
2012-03-06,15.641176,15.843638,15.572544,15.744123,18648000
2012-03-07,15.740690,15.757848,15.373510,15.606858,15951600
2012-03-08,15.709810,16.118170,15.678926,15.967179,13422000
2012-03-09,15.987763,15.994627,15.757846,15.816184,11584000
2012-03-12,15.895119,15.974046,15.781877,15.840214,8289400
2012-03-13,15.901978,16.070126,15.658335,16.063263,14249800
2012-03-14,16.063262,16.097577,15.922567,16.011787,10575400
2012-03-15,16.104444,16.197097,16.004928,16.183371,12254600
2012-03-16,16.121600,16.255432,15.984337,16.035810,17104600
2012-03-19,15.974040,16.207388,15.898546,16.152483,7009200
2012-03-20,16.135324,16.149051,16.004923,16.101007,11708800
2012-03-21,16.142188,16.142188,15.847072,15.888250,8691600
2012-03-22,15.771576,16.032378,15.699513,16.001493,9333000
2012-03-23,16.073559,16.128464,15.809327,16.076990,10342600
2012-03-26,16.128459,16.217680,16.018649,16.203955,11661800
2012-03-27,16.272587,16.372104,16.169640,16.262293,9534800
2012-03-28,16.282888,16.389267,16.104446,16.258867,10210400
2012-03-29,16.197092,16.461325,16.155914,16.392693,11387200
2012-03-30,16.471620,16.807916,16.447599,16.766737,14474600
2012-04-02,16.715265,16.749582,16.413287,16.739286,14014200
2012-04-03,16.656930,16.766741,16.289750,16.505939,17569600
2012-04-04,16.433874,16.433874,15.630882,16.193663,35547200
2012-04-05,16.138761,16.430447,16.128467,16.389267,16543000
2012-04-09,16.025514,16.269156,15.980903,15.987766,11947400
2012-04-10,15.925997,15.998060,15.672059,15.706376,14541200
2012-04-11,15.833344,15.956881,15.555386,15.586269,13153200
2012-04-12,15.644607,15.799028,15.579407,15.689218,12839200
2012-04-13,15.709814,15.836784,15.603435,15.617161,12426000
2012-04-16,15.630882,15.785304,15.575977,15.737262,9391400
2012-04-17,15.857367,16.101009,15.823052,16.018652,9166200
2012-04-18,16.004927,16.173075,15.901980,15.994633,11502400
2012-04-19,18.684996,18.787943,17.706992,17.930046,72033400
2012-04-20,17.923184,18.026131,17.305498,17.501099,29794800
2012-04-23,17.332945,17.809937,17.295199,17.641788,16151800
2012-04-24,17.645224,17.967794,17.610909,17.967794,14329600
2012-04-25,18.005544,18.043292,17.731016,18.039860,12612800
2012-04-26,17.936915,18.115358,17.857989,18.091337,13356800
2012-04-27,18.015834,18.273203,17.744739,17.899160,11804600
2012-04-30,17.844255,18.008971,17.727581,17.851118,10283400
2012-05-01,17.827092,17.837387,17.600608,17.652081,12372600
2012-05-02,17.641791,17.864844,17.501096,17.803076,11708800
2012-05-03,17.830532,17.885437,17.545711,17.634932,9558400
2012-05-04,17.453057,17.531983,17.223140,17.250593,12764800
2012-05-07,17.202553,17.264322,17.082447,17.123627,11738400
2012-05-08,16.986358,17.127053,16.790758,16.972631,16516600
2012-05-09,17.157933,17.429028,16.917721,17.377554,17594000
2012-05-10,17.459925,17.624641,17.425608,17.586893,13056600
2012-05-11,17.926613,17.926613,17.566295,17.789349,19139800
2012-05-14,17.724150,18.208004,17.586886,18.002108,18509400
2012-05-15,17.950637,17.967795,17.731014,17.799646,12099400
2012-05-16,17.792776,17.881998,17.696692,17.700125,13440000
2012-05-17,17.689830,17.772188,17.192249,17.192249,16547400
2012-05-18,17.288333,17.288333,17.058416,17.137342,15807800
2012-05-21,17.168232,17.473643,17.157937,17.463348,11385800
2012-05-22,17.477076,17.480507,17.230001,17.319223,8592200
2012-05-23,17.233437,17.298637,17.072152,17.226574,9576000
2012-05-24,17.202548,17.401579,17.164800,17.370695,5950000
2012-05-25,17.411880,17.418742,17.219710,17.326090,5765200
2012-05-29,17.449626,17.542279,17.329521,17.487373,9108000
2012-05-30,17.377557,17.442758,17.219705,17.329515,11467600
2012-05-31,17.291771,17.332949,17.020675,17.140781,13342600
2012-06-01,16.952041,17.020672,16.595156,16.701534,11261000
2012-06-04,16.701539,16.952046,16.632908,16.886845,9012200
2012-06-05,16.814780,16.883412,16.553980,16.646631,13695600
2012-06-06,16.663791,16.948612,16.650065,16.890276,8403600
2012-06-07,17.072148,17.120190,16.814779,16.814779,7104400
2012-06-08,16.780460,17.096166,16.753007,17.034397,7522000
2012-06-11,17.034401,17.123623,16.965769,17.000086,8479400
2012-06-12,16.962333,17.027532,16.746142,16.958900,7200600
2012-06-13,16.982931,17.243731,16.845667,16.855961,9520400
2012-06-14,16.928027,17.212849,16.886847,17.188828,12478400
2012-06-15,17.181964,17.288344,17.133922,17.257460,14875000
2012-06-18,17.278045,17.322656,17.133919,17.230003,8566000
2012-06-19,17.284912,17.518260,17.243733,17.408449,8924400
2012-06-20,17.449627,17.573164,17.284911,17.425606,8195000
2012-06-21,17.487369,17.614339,17.103032,17.130484,10058800
2012-06-22,17.120192,17.387855,17.037834,17.336382,11571400
2012-06-25,17.250592,17.336381,17.096170,17.254023,9848800
2012-06-26,17.243726,17.370694,17.192251,17.284904,6064400
2012-06-27,17.281482,17.617777,17.281482,17.586893,6772800
2012-06-28,17.555999,17.569725,17.068714,17.171661,10368000
2012-06-29,17.549137,17.624633,17.305495,17.597179,10835600
2012-07-02,17.566298,17.731014,17.497668,17.717289,7177800
2012-07-03,17.682973,17.878574,17.624637,17.871712,3587200
2012-07-05,17.854547,17.895727,17.617768,17.658947,6372600
2012-07-06,17.662385,17.751606,17.418741,17.487373,6565800
2012-07-09,17.538846,17.679541,17.453057,17.672678,6679800
2012-07-10,17.813369,17.882001,17.645221,17.706989,9118400
2012-07-11,17.295198,17.449618,17.175092,17.387850,18216400
2012-07-12,17.209412,17.459918,17.020674,17.384422,9989600
2012-07-13,17.346675,17.590317,17.332948,17.559433,7181600
2012-07-16,17.566300,17.823669,17.463353,17.823669,7247600
2012-07-17,18.012408,18.180555,17.844259,18.129082,11474600
2012-07-18,18.139377,18.290367,18.012409,18.238894,8496600
2012-07-19,18.238886,18.537434,18.135937,18.448212,10491600
2012-07-20,18.420765,18.530576,18.197711,18.214870,12412400
2012-07-23,17.978086,17.978086,17.731012,17.806507,8093000
2012-07-24,17.827096,17.837390,17.480505,17.535410,13031000
2012-07-25,17.573163,17.652089,17.429037,17.566299,6873800
2012-07-26,17.823662,17.899158,17.514820,17.734442,10841200
2012-07-27,18.516844,19.076193,18.400170,19.045309,28110600
2012-07-30,19.045315,19.230622,19.021294,19.083063,14145800
2012-07-31,18.825690,19.107080,18.640384,18.643816,13024600
2012-08-01,18.685000,18.736473,18.358999,18.403610,13132600
2012-08-02,19.868898,20.191467,19.227190,19.659571,58864400
2012-08-03,19.862027,20.081649,19.484552,19.515436,17163400
2012-08-06,19.542897,19.810561,19.470834,19.779676,11487000
2012-08-07,19.687020,19.817421,19.525736,19.748789,8351200
2012-08-08,19.553189,19.652705,19.388473,19.498283,8649200
2012-08-09,19.415918,19.656128,19.391895,19.525728,7932200
2012-08-10,19.515446,19.536036,19.378183,19.481131,6476400
2012-08-13,19.361018,19.446808,19.323272,19.433083,6270600
2012-08-14,19.553186,19.841439,19.481123,19.755650,11102400
2012-08-15,19.786538,19.940960,19.663001,19.892918,8732200
2012-08-16,19.536031,19.903211,19.323273,19.453672,19966000
2012-08-17,19.536031,19.645842,19.271798,19.474262,13487200
2012-08-20,19.498284,19.515442,19.168852,19.385042,7036800
2012-08-21,19.388473,19.546325,19.316410,19.498283,8147200
2012-08-22,19.422791,19.594371,19.374749,19.381613,7431400
2012-08-23,19.395342,19.463974,19.227193,19.234056,7086600
2012-08-24,19.312980,19.765949,19.264937,19.659571,12176600
2012-08-27,19.687015,19.724762,19.333562,19.625246,6233600
2012-08-28,19.755647,19.988996,19.741921,19.776237,10713400
2012-08-29,19.783102,19.906638,19.683586,19.820848,8791400
2012-08-30,19.789973,19.872331,19.638983,19.735067,7308600
2012-08-31,19.793400,19.934095,19.656136,19.796831,6114600
2012-09-04,19.735067,19.992436,19.566920,19.906647,9283000
2012-09-05,19.862029,20.280682,19.800261,20.054197,16491600
2012-09-06,20.181172,20.428246,20.164013,20.414520,13525600
2012-09-07,20.452270,20.483155,20.153722,20.335596,8119600
2012-09-10,20.321861,20.555209,20.256660,20.472851,11183800
2012-09-11,20.417947,20.555211,20.304704,20.352747,7886800
2012-09-12,20.431670,20.555207,20.400785,20.503733,11742200
2012-09-13,20.483146,20.785126,20.424810,20.671885,11020200
2012-09-14,20.647865,21.502331,20.589528,21.282709,29969600
2012-09-17,21.248391,22.741132,21.244960,22.579849,42983200
2012-09-18,22.397963,23.180367,22.346491,22.912701,37150800
2012-09-19,23.060275,23.091161,22.871539,23.063707,25121800
2012-09-20,22.933305,23.128905,22.669071,23.101452,17487600
2012-09-21,23.111747,23.331368,23.073999,23.252443,17886200
2012-09-24,22.888692,23.159787,22.847514,23.046547,10118600
2012-09-25,23.060270,23.362252,23.053408,23.091156,15775400
2012-09-26,23.005366,23.290188,22.572985,22.669069,16877000
2012-09-27,22.689656,23.022518,22.600434,22.868097,16017800
2012-09-28,22.809766,22.857809,22.507785,22.761724,12538000
2012-10-01,23.159784,23.430880,22.943595,23.142628,15170200
2012-10-02,23.255868,23.846102,23.231847,23.739723,27254000
2012-10-03,23.887281,24.154944,23.804923,24.021112,24339800
2012-10-04,24.021112,24.137785,23.715701,23.907869,20828600
2012-10-05,23.993663,24.120633,23.763747,23.825516,14542800
2012-10-08,23.918166,24.127493,23.883851,23.955914,9106000
2012-10-09,23.856400,23.925033,23.588736,23.602463,11406000
2012-10-10,23.660796,23.760312,23.163217,23.207827,18745000
2012-10-11,23.279893,23.602463,23.252442,23.290190,10018000
2012-10-12,23.475488,23.575002,23.242140,23.314203,6930000
2012-10-15,23.451473,23.743160,22.778882,23.101452,27701200
2012-10-16,23.207828,23.506377,23.146059,23.465197,12432000
2012-10-17,23.472064,23.945622,23.386274,23.870127,10334000
2012-10-18,23.616188,23.722567,23.406861,23.434315,14188800
2012-10-19,23.430876,23.550981,22.772012,22.850937,13346200
2012-10-22,22.850948,22.953897,22.572990,22.778885,9963000
2012-10-23,22.603867,22.813194,22.099423,22.274435,16187000
2012-10-24,23.571577,23.883850,23.183806,23.451469,24662000
2012-10-25,23.506375,23.756882,23.104880,23.122036,11959600
2012-10-26,23.067139,23.448046,22.820065,23.015665,11624200
2012-10-31,23.224983,23.588731,22.878392,23.053404,10130400
2012-11-01,23.231846,23.454900,23.015657,23.163216,8702600
2012-11-02,23.231851,23.231851,22.806335,22.995073,11575600
2012-11-05,22.916143,23.091155,22.559258,23.005365,7289400
2012-11-06,23.049973,23.321069,22.854373,23.152922,6264800
2012-11-07,22.981344,23.067134,22.418564,22.459742,13579200
2012-11-08,22.367088,22.470037,22.010203,22.253845,18285600
2012-11-09,22.171494,22.768589,22.140608,22.308758,18081600
2012-11-12,24.813817,25.510429,24.563313,25.369736,61555000
2012-11-13,25.486399,25.901623,24.896168,24.944210,37446600
2012-11-14,24.903022,25.366286,24.707422,24.806938,23384000
2012-11-15,24.724588,25.074609,24.402018,25.012840,16891800
2012-11-16,25.060885,25.709455,24.988822,25.531013,26510400
2012-11-19,25.640829,25.819270,25.311397,25.675144,18330000
2012-11-20,25.695730,26.117816,25.609940,26.014868,15283400
2012-11-21,25.990848,26.076638,25.661416,25.925650,8267400
2012-11-23,25.949673,26.176156,25.942808,26.121252,4055600
2012-11-26,25.956526,26.028589,25.627094,25.898190,10464400
2012-11-27,25.603077,26.021732,25.431498,25.616804,11027400
2012-11-28,25.582486,25.719747,25.057451,25.695726,10486400
2012-11-29,25.822706,26.001147,25.582496,25.839865,7691600
2012-11-30,25.867305,25.932506,25.603074,25.736906,8630200
2012-12-03,25.726607,25.983976,25.548163,25.603069,9308600
2012-12-04,25.826130,26.028593,25.431497,25.448656,10630800
2012-12-05,25.774664,25.781526,25.307968,25.579063,9700400
2012-12-06,25.678568,25.702589,25.280503,25.328545,12606000
2012-12-07,25.290807,25.455525,25.160408,25.366302,7619400
2012-12-10,25.479530,25.637383,25.386879,25.479530,8242000
2012-12-11,25.640824,26.340868,25.575623,26.196739,18427200
2012-12-12,26.207042,26.464412,26.104094,26.159000,11670200
2012-12-13,26.073201,26.227621,25.558462,25.657976,11188000
2012-12-14,25.633956,25.633956,25.208439,25.476103,9999400
2012-12-17,25.561901,25.898198,25.218743,25.894766,10991000
2012-12-18,26.001138,26.292825,25.791813,26.028591,8140600
2012-12-19,26.110949,26.110949,25.616802,25.651117,7224400
2012-12-20,25.723185,25.754071,25.218742,25.277081,9788800
2012-12-21,25.005979,25.338841,24.752040,24.975094,15813200
2012-12-24,24.892738,25.043729,24.858423,24.933918,2914400
2012-12-26,24.964804,25.064320,24.707435,24.872152,3927200
2012-12-27,24.872151,25.170697,24.487812,24.913328,8359200
2012-12-28,24.731461,25.040304,24.631944,24.837839,6763800
2012-12-31,24.793229,25.297673,24.607923,25.205019,8548000
2013-01-02,25.500127,25.757496,25.349139,25.757496,7941800
2013-01-03,25.774656,26.028593,25.647686,25.719749,5965400
2013-01-04,25.805538,26.097225,25.685433,25.983982,7126200
2013-01-07,26.385478,26.450679,26.148698,26.382046,7948400
2013-01-08,26.361461,26.907085,26.358028,26.560493,13371400
2013-01-09,26.581081,26.725207,26.395775,26.721777,8257400
2013-01-10,26.797272,26.968851,26.409503,26.745800,8277000
2013-01-11,26.797274,26.927676,26.546769,26.793844,8262400
2013-01-14,26.917373,26.937961,26.591370,26.687454,9162200
2013-01-15,26.563925,26.886493,26.450682,26.546766,9326800
2013-01-16,26.526182,26.577653,26.282537,26.481569,10416000
2013-01-17,26.557064,26.800707,26.289401,26.605106,8848400
2013-01-18,26.611970,26.876201,26.560496,26.862474,9848400
2013-01-22,26.965416,26.999731,26.591372,26.735500,8020800
2013-01-23,26.721778,26.828157,26.265376,26.368322,8987600
2013-01-24,26.526182,27.023761,26.454116,26.903656,11185800
2013-01-25,26.903653,27.236518,26.893359,27.233086,18244800
2013-01-28,27.493884,27.583103,26.910512,27.068365,5978900
2013-01-29,26.999729,27.466425,26.965413,27.384068,8439600
2013-01-30,27.432109,27.720361,27.212487,27.349749,7279700
2013-01-31,27.281119,27.329161,26.931098,27.075224,7956200
2013-02-01,27.569376,28.235105,27.411523,27.837042,13030400
2013-02-04,27.939987,28.070389,27.116406,27.171312,12765200
2013-02-05,27.555651,28.372368,27.555651,27.823315,11527200
2013-02-06,27.871353,27.878215,27.143855,27.390930,11644000
2013-02-07,27.301712,27.768408,27.095817,27.699778,11699400
2013-02-08,27.672323,28.324326,27.555651,28.070389,8968800
2013-02-11,28.070385,28.145878,27.562509,27.727226,11061800
2013-02-12,27.768405,28.104702,27.658595,28.022345,9791000
2013-02-13,28.111564,28.489038,28.022345,28.413546,7962700
2013-02-14,28.262552,28.653753,28.214510,28.550804,8687400
2013-02-15,28.447858,28.626299,28.344909,28.550804,8020500
2013-02-19,28.996911,29.539103,28.866512,29.017500,11548300
2013-02-20,29.175355,29.401841,28.742977,28.742977,9391800
2013-02-21,28.701794,28.722383,28.262552,28.509626,9769500
2013-02-22,28.591987,29.161631,28.550807,29.134178,6138700
2013-02-25,29.353804,29.751867,28.866519,28.887108,9560900
2013-02-26,28.921419,29.113587,28.612575,28.996914,7196000
2013-02-27,29.093002,29.710689,28.880245,29.436161,7986000
2013-02-28,29.532240,29.635188,29.312618,29.319483,10104200
2013-03-01,29.257725,29.854821,29.086145,29.820505,11294500
2013-03-04,29.875398,30.115610,29.635187,30.108746,8814000
2013-03-05,30.438184,31.282357,30.438184,30.898018,15086800
2013-03-06,31.042157,31.193148,30.637229,31.158833,8542200
2013-03-07,30.952920,31.021553,30.547992,30.849974,9176500
2013-03-08,31.049015,31.261772,30.548001,31.179415,6885100
2013-03-11,31.220590,31.536295,31.007830,31.529430,7298000
2013-03-12,31.550023,31.824548,31.248042,31.694149,9915900
2013-03-13,31.673553,31.673553,31.302941,31.481382,6112100
2013-03-14,31.501974,31.666688,31.350983,31.488247,8979700
2013-03-15,31.440209,31.570608,30.856837,31.000963,14207400
2013-03-18,30.705841,30.891145,30.266596,30.747019,9084200
2013-03-19,30.753897,30.884297,30.046988,30.458780,9059300
2013-03-20,30.753892,30.760754,30.397006,30.554859,7041300
2013-03-21,30.506829,30.705862,30.376427,30.568598,12615200
2013-03-22,30.973523,31.268640,30.774490,31.234322,8290600
2013-03-25,31.577466,31.659826,30.719569,30.870560,12174000
2013-03-26,30.987234,31.495108,30.959781,31.405886,7122900
2013-03-27,31.707880,32.826579,31.515709,32.751083,18418400
2013-03-28,32.847165,33.958999,32.840300,33.588387,18502100
2013-04-01,33.636430,33.746241,32.881481,32.929523,14403100
2013-04-02,33.169724,33.204039,32.922649,33.080502,15536500
2013-04-03,33.114836,33.197193,32.469698,32.689320,9168000
2013-04-04,32.881481,33.183460,32.641271,32.764809,10050300
2013-04-05,32.188304,32.565779,31.934365,32.510872,10958000
2013-04-08,32.428503,32.675578,32.153975,32.394188,9538000
2013-04-09,33.005010,33.499159,32.936379,33.149136,13126300
2013-04-10,33.300137,34.212938,33.286410,34.130581,10084900
2013-04-11,34.453157,35.667940,34.439430,35.448318,15567100
2013-04-12,35.455166,35.983631,35.269860,35.640472,10697000
2013-04-15,35.860088,35.935583,34.741390,34.782570,13210200
2013-04-16,35.187500,35.722827,35.043374,35.695374,13561900
2013-04-17,35.482624,35.825783,34.816895,35.647339,12453000
2013-04-18,35.606165,35.729702,34.679634,34.906120,9391500
2013-04-19,34.768845,37.047419,34.768845,36.491501,20436500
2013-04-22,37.143493,37.225853,36.573851,37.095451,15188600
2013-04-23,37.335682,37.857282,36.086584,36.601322,13828200
2013-04-24,36.498370,36.731718,34.610997,34.707081,18388700
2013-04-25,35.208092,35.578704,34.940428,35.297314,10862700
2013-04-26,35.338492,35.860092,35.201228,35.262997,9678600
2013-04-29,35.249271,35.434577,34.844343,35.063965,10806000
2013-04-30,34.830603,34.926687,33.924665,34.755108,13550600
2013-05-01,34.624716,34.761980,34.219789,34.411957,9679100
2013-05-02,36.203247,36.518952,35.654193,35.812046,16602700
2013-05-03,37.438618,38.673989,37.418030,37.850410,17089300
2013-05-06,37.871000,38.227886,37.143503,37.356262,13330700
2013-05-07,37.315071,37.472923,36.251280,36.464039,14096100
2013-05-08,36.464045,36.656213,35.681643,35.949306,12612500
2013-05-09,36.086575,36.525818,35.860089,36.230701,9815900
2013-05-10,36.216993,36.477794,35.818927,36.292488,12752600
2013-05-13,36.457198,37.809244,36.326798,37.383728,14485400
2013-05-14,37.397448,38.619092,37.335679,38.605366,16929400
2013-05-15,38.667124,39.188724,37.809228,38.680851,16779100
2013-05-16,38.845565,38.873019,37.198405,37.720005,15554100
2013-05-17,38.076895,38.728897,37.507253,38.639675,13909500
2013-05-20,38.495547,38.969105,37.891587,38.255337,9493700
2013-05-21,38.529865,39.017150,38.269064,38.756351,10085900
2013-05-22,39.120094,39.847591,38.172975,38.385735,12765800
2013-05-23,37.671981,38.474974,37.170969,38.076908,10768700
2013-05-24,37.953348,38.673981,37.678823,38.303371,8745700
2013-05-28,38.900463,38.996547,38.166104,38.557304,8669400
2013-05-29,38.392604,38.564184,37.644518,38.179848,9677700
2013-05-30,38.262197,38.996557,38.056303,38.296513,9719000
2013-05-31,38.577916,38.577916,37.390587,37.390587,11526200
2013-06-03,37.445491,37.500395,35.242409,36.457191,15319800
2013-06-04,36.464049,36.848385,35.633603,35.908131,11367200
2013-06-05,35.413989,36.141487,33.808006,34.398239,18605900
2013-06-06,34.576679,35.468891,34.082529,35.242405,14267400
2013-06-07,35.606148,36.656213,35.558106,36.299328,12883500
2013-06-10,36.752311,36.759175,35.764014,35.990498,8744200
2013-06-11,35.619888,36.361110,35.269865,35.990498,7277900
2013-06-12,36.258156,36.416008,35.098277,35.118866,9707600
2013-06-13,35.173767,35.757136,34.782567,35.654190,9292700
2013-06-14,35.613026,36.230713,35.585573,35.846375,6216700
2013-06-17,36.216987,36.553281,34.878667,35.022793,10079200
2013-06-18,34.912979,35.722834,34.912979,35.647339,6873600
2013-06-19,35.564981,35.722834,34.707084,34.727673,6406800
2013-06-20,34.446277,34.624721,33.643287,33.869770,11510700
2013-06-21,34.061955,34.267850,32.998163,33.512901,20298000
2013-06-24,33.080512,34.116851,32.051036,33.581524,11453100
2013-06-25,33.910946,34.919833,33.842315,34.164883,12879000
2013-06-26,34.604133,35.434580,34.521776,35.214958,9904400
2013-06-27,35.482609,35.654188,34.796292,35.009048,8249000
2013-06-28,34.967882,35.420852,34.741396,35.187504,9086200
2013-07-01,35.667940,36.237582,35.365958,35.448318,9472900
2013-07-02,35.482627,36.148353,35.290456,35.846375,8566000
2013-07-03,35.695374,35.921860,35.434576,35.674786,2786800
2013-07-05,35.963034,36.711120,35.873812,36.594444,6126900
2013-07-08,36.786612,37.033687,36.518949,36.594444,10022700
2013-07-09,37.074874,37.610201,36.615040,37.321949,8202100
2013-07-10,37.328798,38.090611,37.191534,37.973938,8768300
2013-07-11,38.454371,38.605361,38.015128,38.330833,11373200
2013-07-12,38.433785,39.710336,38.269068,39.353451,13267800
2013-07-15,39.257358,39.614243,38.996556,39.573063,7637500
2013-07-16,39.497577,39.648567,38.969112,39.216187,8831400
2013-07-17,39.374037,39.648565,39.195595,39.634838,9123400
2013-07-18,39.703473,40.108401,39.504443,39.957413,8821500
2013-07-19,40.204488,41.529078,39.456401,41.247688,14574100
2013-07-22,40.980022,41.494761,40.225074,40.980022,12171600
2013-07-23,41.172206,41.282017,40.527066,40.575108,10997200
2013-07-24,40.980020,41.268274,40.527050,41.096695,9589400
2013-07-25,41.261403,41.961448,40.362329,41.769279,11325400
2013-07-26,43.800779,43.951770,42.263430,42.942883,14716300
2013-07-29,42.963481,43.114472,42.256575,42.565418,10264600
2013-07-30,42.551681,42.743849,42.181069,42.366375,11134400
2013-07-31,42.620324,42.688958,42.112451,42.139904,8423200
2013-08-01,42.586016,42.688965,41.844794,42.551701,7726300
2013-08-02,42.455607,42.517376,42.057542,42.380112,5614300
2013-08-05,42.380112,42.483061,41.474173,41.831059,6105100
2013-08-06,41.810459,41.810459,40.616268,41.165321,8579000
2013-08-07,41.268267,41.501616,40.629992,41.330036,9417900
2013-08-08,41.522201,41.714369,40.691758,40.698620,8283700
2013-08-09,40.369196,41.336904,40.197617,40.636860,5666200
2013-08-12,40.396653,40.588821,40.026041,40.424107,6263600
2013-08-13,40.561363,40.801576,39.957406,40.444691,4565900
2013-08-14,40.568236,40.877079,39.902507,39.923096,5155200
2013-08-15,39.374041,39.566212,38.406333,39.044609,7345200
2013-08-16,38.955389,39.621118,38.605369,39.058338,7598300
2013-08-19,39.010292,39.895642,38.948523,39.353451,5518000
2013-08-20,39.332861,40.183894,39.332861,39.806419,5349400
2013-08-21,39.600538,40.863363,39.415232,40.279991,10075700
2013-08-22,40.321142,41.165312,40.286827,41.130997,4750500
2013-08-23,41.172197,41.261416,40.815311,40.931984,6215500
2013-08-26,41.055515,41.858508,40.904524,41.467304,6619100
2013-08-27,41.041788,41.062379,40.197618,40.314293,6127400
2013-08-28,40.376072,41.892833,40.149586,41.481041,8862800
2013-08-29,41.268283,42.057547,41.117293,41.817337,5500100
2013-08-30,41.975187,41.975187,41.151605,41.364365,5545400
2013-09-03,41.796747,42.277167,41.350639,41.810471,7068700
2013-09-04,41.728105,42.181075,41.426126,41.940865,7264000
2013-09-05,41.995771,42.071267,41.529075,41.913414,4951900
2013-09-06,42.105588,42.194810,40.780994,41.947735,8284700
2013-09-09,41.920281,43.004662,41.920281,43.004662,5751200
2013-09-10,43.347824,43.622353,42.860539,43.141930,4835000
2013-09-11,43.320360,43.443897,42.675222,43.189960,5462000
2013-09-12,43.238005,43.574302,42.743856,43.368404,4853700
2013-09-13,43.601746,43.663514,43.045830,43.601746,3839800
2013-09-16,43.979226,44.068445,42.949749,43.251728,7037400
2013-09-17,43.169371,43.498803,42.798758,43.025242,5631400
2013-09-18,43.121327,44.281200,42.949748,44.116486,7916500
2013-09-19,44.349845,44.432200,43.677251,44.143948,5450300
2013-09-20,44.205724,44.253766,43.787067,43.828247,9073800
2013-09-23,43.533133,43.718439,42.778185,42.949764,5998800
2013-09-24,42.984067,43.347815,42.798761,43.059563,5175000
2013-09-25,42.984062,43.059557,42.352648,42.366375,5358300
2013-09-26,42.791899,43.375270,42.586004,43.100742,4672200
2013-09-27,42.798765,43.876283,42.654639,43.608620,5632700
2013-09-30,42.654638,43.718429,42.551689,43.148785,7887300
2013-10-01,43.251733,43.485081,42.757584,43.100742,6773000
2013-10-02,42.812495,43.025252,42.483063,42.826221,5045800
2013-10-03,42.750711,43.032101,42.119298,42.352646,6715000
2013-10-04,42.297753,43.279188,42.297753,43.265461,6351200
2013-10-07,42.654635,42.929160,42.318338,42.393833,8070600
2013-10-08,42.441881,42.469334,40.698633,40.753540,9671000
2013-10-09,41.048655,41.343772,40.362338,40.424107,15313300
2013-10-10,42.297750,43.100740,41.968318,43.059563,15240300
2013-10-11,43.196821,43.567433,42.812485,43.025242,8092400
2013-10-14,42.874267,43.841974,42.421297,43.835110,8669400
2013-10-15,43.546849,44.418473,43.533123,43.649796,8003800
2013-10-16,43.965507,45.118521,43.821381,45.056755,8336700
2013-10-17,45.091053,46.244067,44.789077,46.230343,7651400
2013-10-18,46.168573,46.978428,45.633246,46.813713,15446800
2013-10-21,46.745095,46.909810,45.729343,45.976418,9685200
2013-10-22,45.990139,46.841171,45.736199,46.731358,6873000
2013-10-23,46.985293,47.596116,46.690177,47.362770,9770300
2013-10-24,47.657881,48.138301,47.321582,47.925545,10476900
2013-10-25,48.124587,48.248124,46.806853,47.822605,9458300
2013-10-28,48.042226,48.316754,47.088245,47.170605,7013300
2013-10-29,47.211785,47.740247,46.827449,47.699070,6255900
2013-10-30,49.339376,50.238450,49.023670,49.874702,16630600
2013-10-31,49.936460,49.943320,48.707951,48.852077,12730300
2013-11-01,48.996210,49.064841,48.330481,48.707958,9395500
2013-11-04,48.817754,48.900114,47.575521,47.589245,9332700
2013-11-05,47.692203,48.069679,47.527488,47.726521,7102200
2013-11-06,47.808875,48.014767,46.127394,46.230343,11095700
2013-11-07,46.600954,46.971566,44.974380,45.043011,13750800
2013-11-08,45.640115,46.381339,45.468536,46.237213,12507100
2013-11-11,46.491152,46.724502,46.134269,46.333302,9444800
2013-11-12,46.106830,46.559797,46.093106,46.401947,8446100
2013-11-13,46.573502,47.019610,46.024446,47.012745,11909400
2013-11-14,47.204927,47.541221,47.067665,47.342194,9619800
2013-11-15,47.671611,47.973593,47.067654,47.966728,9383800
2013-11-18,48.405981,48.550107,47.184336,47.335327,8781100
2013-11-19,47.218646,47.946141,46.909800,47.808880,7336500
2013-11-20,48.172633,49.051118,47.939282,48.783455,10245300
2013-11-21,48.879547,49.325654,48.872682,49.160934,9155300
2013-11-22,50.005092,51.617938,49.998228,50.972797,18519700
2013-11-25,51.762064,51.768928,51.089476,51.199284,12257400
2013-11-26,51.357145,51.514995,50.862995,51.041439,9030800
2013-11-27,51.302235,51.679712,50.904170,51.219875,8228900
2013-11-29,51.473812,51.645392,51.315957,51.343410,4900300
2013-12-02,51.364000,51.453225,50.519832,51.144379,11734800
2013-12-03,50.732582,50.828666,49.661929,49.703106,12863900
2013-12-04,49.428596,50.025694,49.071713,49.737442,11241700
2013-12-05,49.840386,50.355124,49.476633,50.231586,9662700
2013-12-06,50.828678,50.876720,50.156090,50.780636,11554900
2013-12-09,52.208183,52.235636,50.945361,51.604225,17248700
2013-12-10,51.473824,51.542455,48.200091,49.970787,25872900
2013-12-11,50.073737,50.149233,48.371672,48.460892,16840400
2013-12-12,48.309895,48.872675,48.076550,48.227535,12064600
2013-12-13,48.872680,49.147208,48.138321,49.003082,11343000
2013-12-16,49.435458,49.661944,48.961897,49.016804,12025400
2013-12-17,49.222686,49.236410,47.390220,48.097126,12247500
2013-12-18,49.607029,50.567875,48.467745,50.506104,17907500
2013-12-19,50.121769,51.391456,50.101181,50.396297,10040500
2013-12-20,50.753173,51.528715,50.602188,51.240463,14893400
2013-12-23,51.714028,52.022874,51.254197,51.466953,7545000
2013-12-24,51.466969,51.494423,50.931642,51.446381,4530700
2013-12-26,51.453230,51.714029,51.247333,51.611080,4852200
2013-12-27,51.720892,51.720892,50.959079,51.096340,4913900
2013-12-30,51.247332,51.645397,50.938491,51.528725,5899800
2013-12-31,51.521865,51.645402,50.897319,51.542454,6679700
2014-01-02,51.617966,51.878765,51.055185,51.617966,8279300
2014-01-03,51.617944,51.645398,50.945356,51.007122,6561500
2014-01-06,51.185572,51.261067,49.915885,50.265903,8346000
2014-01-07,50.444337,50.698276,49.902146,49.950188,8513000
2014-01-08,50.217856,51.048300,49.778614,50.416889,11063200
2014-01-09,50.945343,51.514983,50.629633,50.993385,8825500
2014-01-10,51.473821,51.501274,50.458069,51.384602,8471300
2014-01-13,51.576765,51.665985,49.826654,50.197266,9130400
2014-01-14,50.478660,51.590491,49.977645,51.466953,11265200
2014-01-15,51.624811,51.755213,51.082620,51.631676,10223900
2014-01-16,51.741465,54.232795,51.679699,53.464123,20728500
2014-01-17,53.457288,54.260279,53.148448,53.807312,11843300
2014-01-21,54.733837,55.989799,54.507351,55.989799,13026200
2014-01-22,57.458495,57.925191,56.202533,56.401566,17385400
2014-01-23,56.140775,56.470205,55.529953,56.380985,10756500
2014-01-24,56.113311,56.744722,54.733812,55.330910,13269300
2014-01-27,55.427013,55.427013,53.251382,54.123009,13638100
2014-01-28,55.317200,55.708401,54.781873,55.365242,10284700
2014-01-29,54.912273,55.653492,54.191637,54.802460,10140000
2014-01-30,55.385817,56.415293,55.351504,55.948597,10162700
2014-01-31,54.884817,56.106461,54.459298,55.351513,10819500
2014-02-03,56.120199,56.181970,53.937708,54.102428,14336700
2014-02-04,55.028956,56.319232,54.802470,56.291779,15478300
2014-02-05,56.264329,56.278053,52.647432,53.635731,23469100
2014-02-06,53.875919,54.562237,52.338570,52.503284,17193800
2014-02-07,53.292549,54.088674,51.954227,54.047497,16074200
2014-02-10,54.452433,55.680943,54.081827,55.577999,10487600
2014-02-11,55.674081,56.305492,55.516226,56.140778,12608600
2014-02-12,56.449621,56.916317,56.010378,56.278042,9490300
2014-02-13,55.660358,56.703563,55.523096,56.655521,8964800
2014-02-14,56.833955,56.861408,55.337782,55.735847,10425700
2014-02-18,56.223139,57.636957,56.051560,57.520279,15019700
2014-02-19,57.410466,57.513415,56.483938,56.758461,9752400
2014-02-20,56.758470,57.101629,56.195690,56.833965,8962700
2014-02-21,57.334961,57.389868,56.676097,56.682957,11015000
2014-02-24,56.957506,57.691866,56.827109,57.355572,9098200
2014-02-25,57.746762,58.254635,57.012402,57.616360,8351300
2014-02-26,57.684999,57.993840,57.177120,57.520279,11908500
2014-02-27,57.410465,57.650675,56.621199,57.410465,11003900
2014-02-28,57.506550,57.787937,56.140779,56.820232,12503600
2014-03-03,56.820207,56.895703,55.591699,55.900539,12024000
2014-03-04,56.868265,57.211424,56.662368,56.923172,8220800
2014-03-05,56.978073,57.266330,56.779046,56.875130,6590400
2014-03-06,57.115364,57.252626,53.875944,54.850513,21950000
2014-03-07,55.735857,55.831941,53.402376,54.617161,20459900
2014-03-10,54.493618,55.111305,53.772983,55.063263,8661900
2014-03-11,55.145613,55.296604,54.438707,54.795589,10569900
2014-03-12,54.466167,55.111307,53.958293,54.713242,9671400
2014-03-13,55.083857,55.227983,53.230796,53.539642,10600700
2014-03-14,52.839585,52.915081,51.164974,51.508133,18775000
2014-03-17,52.132685,52.750372,51.528727,51.782661,14099000
2014-03-18,51.844423,53.573941,51.823835,53.374908,10327000
2014-03-19,53.670023,53.944551,52.166991,52.530739,11155700
2014-03-20,52.503311,52.606259,51.377750,51.837582,12148300
2014-03-21,51.933648,52.297395,48.625598,49.462906,36979700
2014-03-24,49.785501,50.025712,47.225533,49.504108,29285300
2014-03-25,49.826656,50.993399,49.346236,50.121773,19176900
2014-03-26,50.595328,51.480678,49.943323,49.950188,15708700
2014-03-27,49.675676,50.334541,48.447167,49.009953,17749700
2014-03-28,48.467743,48.804037,46.415650,47.047066,29246100
2014-03-31,47.472583,48.728546,47.472583,48.632462,18594900
2014-04-01,50.334535,50.705147,49.510955,50.540432,19497100
2014-04-02,51.583648,51.645414,50.334544,50.760063,15992800
2014-04-03,51.583637,51.597361,49.613904,50.787506,15989400
2014-04-04,51.412049,51.645395,49.085428,49.552124,19387500
2014-04-07,49.359961,50.602200,48.536382,49.572723,16037200
2014-04-08,49.215821,49.215821,47.548070,48.049084,25269000
2014-04-09,48.385382,48.927574,47.946139,48.488331,20688600
2014-04-10,48.591288,48.886405,44.480242,44.940079,43152600
2014-04-11,44.054714,47.314721,43.581153,45.317535,35988700
2014-04-14,46.525467,46.937257,45.118514,45.839149,17988000
2014-04-15,46.360749,47.451991,45.015562,46.786263,21802600
2014-04-16,47.575530,47.966731,46.902936,47.548077,17266400
2014-04-17,47.609847,48.481468,47.417673,48.042225,17546400
2014-04-21,48.303023,49.407995,47.630435,49.140331,17973500
2014-04-22,50.005096,50.279624,49.311914,50.005096,29207300
2014-04-23,51.974841,52.077785,50.622795,50.691425,35411800
2014-04-24,51.425761,51.473803,49.160911,50.842392,22098100
2014-04-25,50.801227,51.391460,50.396302,50.718872,22726800
2014-04-28,51.370854,52.709176,49.943313,50.842392,22497800
2014-04-29,51.247319,52.420921,50.787487,52.324837,15865700
2014-04-30,52.263087,53.992606,51.810115,53.869068,20165300
2014-05-01,53.958300,54.829921,53.416108,54.232822,15970200
2014-05-02,54.424976,54.562238,52.606234,53.333729,16772700
2014-05-05,52.661158,54.843649,52.592522,54.788742,14085700
2014-05-06,54.726965,54.850503,53.690630,53.752396,10990500
2014-05-07,54.219085,54.376940,52.709189,54.061230,14664700
2014-05-08,54.136726,55.097572,53.670030,54.033783,13777000
2014-05-09,54.088665,54.761258,53.532749,54.740669,9017400
2014-05-12,55.063275,55.406434,54.335775,55.145630,11254300
2014-05-13,55.241691,55.392681,54.912261,55.111294,8515500
2014-05-14,55.179932,56.010375,54.637740,55.571133,10735800
2014-05-15,55.605444,55.879972,54.534791,54.974033,12705000
2014-05-16,55.111294,55.481901,54.370070,55.454453,10525700
2014-05-19,55.392702,56.346683,55.248576,56.312370,10159200
2014-05-20,56.305492,56.600609,55.399553,55.687805,10553900
2014-05-21,55.770165,56.264314,55.372099,56.147636,9042000
2014-05-22,56.024095,57.444772,55.976053,56.895721,10879000
2014-05-23,56.573141,56.621183,55.420128,55.550529,13588000
2014-05-27,56.332953,56.930046,55.674088,56.387859,10994500
2014-05-28,56.291765,56.875139,56.106462,56.181957,8522900
2014-05-29,56.284901,56.724144,56.147634,56.332943,7904300
2014-05-30,56.120184,56.346670,55.227974,55.735847,11058500
2014-06-02,55.811341,56.140776,55.420140,55.969196,7598000
2014-06-03,55.777030,56.840825,55.735853,56.655521,8249600
2014-06-04,56.456468,57.163374,56.291748,56.978065,9055500
2014-06-05,57.280058,57.280058,56.586876,56.827091,8423500
2014-06-06,57.129084,57.129084,56.085884,56.545715,9104500
2014-06-09,55.859382,55.934877,53.875925,54.225948,23319200
2014-06-10,54.411281,54.864254,54.040669,54.589725,11293800
2014-06-11,54.466166,56.140783,54.431848,55.468189,11865400
2014-06-12,55.454465,55.982927,55.131895,55.303474,7080000
2014-06-13,55.372102,55.660354,54.816186,55.399555,7695100
2014-06-16,55.502516,55.859399,55.186810,55.433880,7356500
2014-06-17,55.406424,55.502508,54.603429,54.761284,11141300
2014-06-18,54.802455,54.898539,54.102414,54.541656,10436400
2014-06-19,54.541661,55.248567,54.136731,54.754417,10967200
2014-06-20,55.001490,55.969200,54.685784,55.728985,14042000
2014-06-23,55.777017,56.435887,55.303462,55.454453,7481800
2014-06-24,55.557411,56.312364,55.221116,55.461327,7274100
2014-06-25,55.495637,56.175090,55.317193,56.140778,8664300
2014-06-26,56.209398,56.422154,55.523080,56.401566,6920700
2014-06-27,56.429023,57.225148,56.037822,56.923172,10397800
2014-06-30,56.861424,57.959532,56.710434,56.902607,10882500
2014-07-01,57.218316,58.673307,57.183998,58.536045,11599400
2014-07-02,58.714451,60.313567,58.597774,59.778240,13949300
2014-07-03,60.190057,60.670483,59.743955,60.327324,9126100
2014-07-07,60.437133,60.807745,59.702773,59.853764,11474000
2014-07-08,59.599817,60.066513,59.043901,59.785126,11727100
2014-07-09,59.881210,61.054812,59.840032,60.862644,10397200
2014-07-10,59.833164,61.253841,59.236066,61.041084,9521200
2014-07-11,61.013630,61.754854,60.567523,60.896957,11268700
2014-07-14,61.171496,61.953898,60.972463,61.665646,10729000
2014-07-15,61.789186,62.276471,60.526364,61.082279,13756100
2014-07-16,61.356788,61.384242,58.899770,59.709625,14259700
2014-07-17,59.297817,60.512596,58.165392,58.385014,14942500
2014-07-18,58.838004,61.596998,58.542887,61.212662,13236100
2014-07-21,61.631300,62.441155,60.951842,60.986160,13822000
2014-07-22,61.301874,61.699939,60.794001,61.308739,12302900
2014-07-23,61.837212,62.269595,61.281296,62.001926,17694800
2014-07-24,62.839244,63.806954,61.693095,62.139202,23546700
2014-07-25,62.235273,62.303904,60.876362,61.658764,13059400
2014-07-28,61.837230,62.955931,61.720557,62.770622,14066500
2014-07-29,63.209841,63.999107,62.866683,63.820663,13989000
2014-07-30,64.719736,64.747184,64.211858,64.369713,10753800
2014-07-31,63.827537,64.081476,62.626481,62.832378,13429400
2014-08-01,62.454903,63.553010,62.242146,62.798061,11992900
2014-08-04,63.141199,63.752021,62.811764,63.264736,11030000
2014-08-05,63.312795,63.882440,62.866688,63.326519,10250800
2014-08-06,62.798075,63.841276,62.516683,63.683426,11016200
2014-08-07,64.205014,64.266780,62.907874,63.175537,8804600
2014-08-08,63.031381,63.511806,62.331340,63.450035,9820800
2014-08-11,63.923612,64.040285,63.498093,63.772621,8575000
2014-08-12,63.621636,64.088332,63.491239,64.074608,10587800
2014-08-13,64.170687,64.932500,64.060874,64.500122,13027400
2014-08-14,64.911946,66.140455,64.678595,66.133591,12344200
2014-08-15,67.547371,68.281731,66.586525,68.281731,19714200
2014-08-18,68.933717,69.661212,68.686642,69.125885,14755700
2014-08-19,69.613164,69.764155,68.171899,69.510216,16300900
2014-08-20,69.119044,70.395595,69.050413,69.173950,12590600
2014-08-21,69.318061,70.217135,69.221977,70.189682,9799500
2014-08-22,70.704431,72.173155,70.423044,71.349571,13255900
2014-08-25,72.138817,73.799703,72.138817,73.744797,19882000
2014-08-26,74.163461,74.616433,71.905476,72.934952,18799900
2014-08-27,73.127136,74.650756,72.584944,73.717369,16164800
2014-08-28,73.435995,74.197808,73.257551,73.786018,10301600
2014-08-29,74.053671,74.287016,73.284993,73.820320,11318200
2014-09-02,74.238990,75.151794,73.854654,75.055710,15275700
2014-09-03,75.494938,75.934181,74.355648,75.103737,14388400
2014-09-04,75.364548,75.494950,72.934982,73.339912,13757500
2014-09-05,73.024188,73.092819,66.943414,72.310417,36078400
2014-09-08,72.029013,73.333017,71.884887,73.113396,11930900
2014-09-09,73.367338,73.422245,71.596638,72.674156,14085700
2014-09-10,72.886943,74.280172,72.584967,74.273308,11246400
2014-09-11,74.122298,74.458592,72.612401,73.017326,10470000
2014-09-12,72.866338,73.367352,70.622082,71.143684,15843400
2014-09-15,69.935762,70.073024,68.171926,69.311211,18163900
2014-09-16,68.528792,72.042739,68.103279,71.898613,14933000
2014-09-17,71.768211,72.605519,69.935744,71.267197,18455700
2014-09-18,71.809430,73.092846,71.445682,72.701645,16347900
2014-09-19,73.950700,74.046784,72.413350,72.722191,22238400
2014-09-22,72.756537,73.827191,71.802556,72.385925,12319400
2014-09-23,71.864313,72.893789,71.754505,72.331009,10700400
2014-09-24,72.921218,74.678189,72.763363,74.609558,14781400
2014-09-25,74.753702,75.899851,73.031049,73.669319,15402400
2014-09-26,74.739998,74.815494,73.271279,74.383110,10856700
2014-09-29,73.840920,74.589009,73.058518,73.786018,8072100
2014-09-30,73.765429,74.122312,72.653593,73.058517,11622700
2014-10-01,73.429107,73.840897,72.193739,72.468262,11659400
2014-10-02,72.063342,72.687893,71.109361,71.761360,11527500
2014-10-03,72.440828,73.676197,71.864319,73.106552,10294700
2014-10-06,73.586979,73.744829,71.939816,72.152573,11278300
2014-10-07,71.960394,72.269240,70.375002,71.576057,9757300
2014-10-08,71.582935,74.788037,71.404491,74.719406,16545000
2014-10-09,74.410565,74.547832,72.557509,72.646729,13174600
2014-10-10,72.331011,73.779142,70.690713,71.191727,19704500
2014-10-13,71.713306,71.768213,69.565134,69.620041,14578900
2014-10-14,70.004393,70.608351,64.699156,66.696342,27245100
2014-10-15,65.200176,67.101274,62.955920,65.996307,23835100
2014-10-16,64.781519,68.631761,64.019706,66.490448,19881400
2014-10-17,67.684645,70.224018,67.684645,69.146500,17539000
2014-10-20,69.421026,71.095638,69.194540,70.148521,11887100
2014-10-21,71.411324,73.209473,71.006395,73.209473,12267900
2014-10-22,73.099682,73.435976,71.431930,72.811424,13763100
2014-10-23,73.188905,74.245834,72.406503,73.559517,13872600
2014-10-24,73.799733,76.503826,73.161458,75.982224,15125700
2014-10-27,76.023409,77.547035,74.719409,77.272507,11505500
2014-10-28,77.725471,78.329428,77.046018,77.862732,16128700
2014-10-29,75.391992,77.849010,74.122305,75.989090,21151500
2014-10-30,75.989078,78.480409,75.906718,78.391190,13796700
2014-10-31,79.544209,80.182484,76.016537,76.867569,22070000
2014-11-03,77.080309,77.416608,74.678198,75.481194,15356600
2014-11-04,75.234134,75.941040,74.788027,75.302765,10206800
2014-11-05,76.092040,76.119493,72.578092,72.783989,15459500
2014-11-06,73.394791,74.431126,72.818281,73.394791,13149400
2014-11-07,74.739999,74.774312,72.976163,73.058517,12663700
2014-11-10,74.856660,75.062558,73.202638,73.449707,21412900
2014-11-11,73.765411,74.616443,73.209490,74.129158,12206500
2014-11-12,73.957574,73.991886,72.543756,73.367340,12802200
2014-11-13,73.408551,73.470323,71.040757,71.514313,20880400
2014-11-14,71.033885,71.232918,68.631773,70.045586,23553400
2014-11-17,69.386713,70.114214,68.837662,68.933746,17100900
2014-11-18,69.791642,71.356445,69.194544,71.178001,20163300
2014-11-19,70.827965,70.910325,69.324934,70.237732,13864200
2014-11-20,69.970067,70.951501,68.837647,69.036674,20027500
2014-11-21,70.148535,70.354432,68.686680,69.029839,16765000
2014-11-24,69.393587,70.210307,68.247438,69.043564,17111100
2014-11-25,69.283741,69.578858,67.513046,69.393555,20640200
2014-11-26,69.489654,69.695551,68.515084,68.837654,11536500
2014-11-28,69.311219,69.544569,68.425868,68.851387,7552700
2014-12-01,68.631762,69.997533,68.473907,69.009239,14516100
2014-12-02,69.434749,70.539721,69.331801,70.134796,15568200
2014-12-03,70.718174,70.745627,68.535684,69.235725,17620800
2014-12-04,69.160239,70.025001,68.535692,69.880875,12052800
2014-12-05,70.203440,72.372201,70.107356,71.781967,18127600
2014-12-08,72.097652,73.834034,72.008427,72.447670,13754200
2014-12-09,71.246626,72.749663,70.155383,72.687897,11330900
2014-12-10,72.674180,73.271279,71.699610,71.953545,11903000
2014-12-11,72.221176,73.367324,71.377003,71.589760,10962200
2014-12-12,71.013296,73.024207,70.924071,71.466263,11245100
2014-12-15,72.228035,72.708460,70.258308,70.800499,16206000
2014-12-16,70.443629,70.628937,68.899414,68.947456,13047100
2014-12-17,68.954352,70.512291,68.329801,70.278946,13557600
2014-12-18,71.706488,72.550656,71.143707,72.433983,14285600
2014-12-19,72.674173,75.144916,71.816276,74.431145,21210300
2014-12-22,66.387493,67.307156,63.450050,63.758896,72464200
2014-12-23,64.108924,64.170690,58.988990,61.391102,61035200
2014-12-24,61.068550,63.601059,60.986190,62.653942,21196200
2014-12-26,63.662807,64.760914,63.353961,64.369713,17649600
2014-12-29,65.934529,66.861057,65.474697,66.778702,20634000
2014-12-30,67.080682,67.423841,65.248216,65.392342,18488400
2014-12-31,65.886482,66.401220,64.678562,64.692291,13879000
2015-01-02,65.296255,66.332596,64.870736,65.138405,12340200
2015-01-05,65.364894,67.760146,63.951081,66.428688,27530400
2015-01-06,67.581701,68.178794,65.948262,67.018921,22363800
2015-01-07,68.158194,68.563124,67.561101,68.274872,16373700
2015-01-08,69.180805,70.313225,68.830782,70.210281,18902300
2015-01-09,71.047596,71.260358,69.832816,70.148521,14738100
2015-01-12,70.580915,70.924074,69.153378,69.462219,12746000
2015-01-13,69.901432,69.922020,65.371737,66.716919,27030600
2015-01-14,65.886489,68.693526,65.687457,68.123886,16183700
2015-01-15,68.151325,68.899408,66.730648,66.847321,11442200
2015-01-16,66.861063,69.242586,66.620853,69.119049,14097700
2015-01-20,69.414151,71.411337,68.734698,71.226028,18838100
2015-01-21,70.718164,72.111387,70.395593,71.088776,12312500
2015-01-22,71.473121,72.186892,69.702421,72.159439,12963100
2015-01-23,71.651581,72.825184,71.239791,72.433983,9593500
2015-01-26,71.974147,73.964465,71.974147,73.511497,10307500
2015-01-27,72.708498,73.449717,71.967273,72.083946,10341100
2015-01-28,72.282981,72.406519,70.244617,70.313248,11554500
2015-01-29,70.347551,71.727051,69.366117,71.500565,8410500
2015-01-30,71.603535,72.934987,71.191745,71.946693,13608200
2015-02-02,72.818295,73.566384,71.672146,72.880066,13965600
2015-02-03,73.236947,73.648736,71.445658,73.559517,19849900
2015-02-04,67.897404,68.775890,65.756091,67.554245,59415800
2015-02-05,67.890532,69.263167,66.778701,68.563126,20641500
2015-02-06,68.446475,69.029844,66.675774,66.902260,21546300
2015-02-09,66.579676,67.718961,66.318872,66.504181,12668500
2015-02-10,67.087536,67.773854,66.655158,67.478737,11495100
2015-02-11,67.691516,69.496535,67.547390,68.618050,14529600
2015-02-12,69.057287,69.798506,68.357240,69.180824,10659900
2015-02-13,69.496518,69.935760,69.201401,69.935760,11084700
2015-02-17,70.045553,71.274061,69.942609,71.267197,10789900
2015-02-18,71.212316,71.473115,70.697578,71.335854,7459400
2015-02-19,70.965241,71.589787,70.381872,70.505409,9203800
2015-02-20,70.292656,70.683856,69.949497,70.423058,9965400
2015-02-23,70.663241,72.056465,70.656377,71.727036,8926900
2015-02-24,71.781949,72.351594,71.383889,71.857445,7830300
2015-02-25,71.953507,72.063320,71.308372,71.672119,7270200
2015-02-26,71.582919,71.960390,70.896601,71.507423,6698000
2015-02-27,71.569189,71.610366,70.491671,71.054451,7940000
2015-03-02,71.582923,71.582923,70.553447,71.260353,7672800
2015-03-03,71.267215,71.308398,70.107342,70.546585,8348500
2015-03-04,70.066174,71.431950,69.771062,70.731903,8884500
2015-03-05,70.985838,71.685880,70.498553,70.978973,8650700
2015-03-06,70.690697,71.205435,69.805347,69.873978,8658900
2015-03-09,69.688679,69.990660,68.762151,69.572006,9335900
2015-03-10,68.542560,69.009256,67.739564,67.828789,12728900
2015-03-11,68.034666,68.727848,67.780732,67.924858,9006400
2015-03-12,68.377828,69.009244,67.863089,68.583725,8356800
2015-03-13,68.350353,69.304339,67.863068,68.364082,7810200
2015-03-16,68.631749,69.729856,68.473894,69.523964,10524200
2015-03-17,69.180821,69.832821,68.364101,68.933746,9906300
2015-03-18,68.823914,69.036670,67.629723,68.823914,12992200
2015-03-19,68.830775,69.819074,68.659195,69.620041,9231100
2015-03-20,70.011247,70.491667,69.798485,70.203415,17162200
2015-03-23,68.480776,69.448487,68.117029,68.810211,17983700
2015-03-24,68.968041,70.587750,68.679789,69.599457,11784800
2015-03-25,69.997537,70.766215,68.480776,68.535683,15629300
2015-03-26,68.034656,69.880852,67.664044,69.372978,10928000
2015-03-27,69.318062,70.073010,69.249431,69.318062,8815900
2015-03-30,69.400433,69.771045,68.336639,69.105316,9968200
2015-03-31,68.638623,68.769020,67.307166,67.348343,13559900
2015-04-01,67.368929,67.368929,65.460962,67.066948,15134200
2015-04-02,67.252264,68.288605,66.579675,67.554245,10727300
2015-04-06,67.204210,67.766990,66.703201,67.114990,9697300
2015-04-07,67.451296,68.453319,67.265993,67.732689,8264700
2015-04-08,67.739531,69.249432,67.643447,68.542526,10967100
2015-04-09,68.748444,69.441626,68.576864,69.427902,9178100
2015-04-10,69.832803,70.313223,69.359242,69.846527,9257600
2015-04-13,70.011245,71.253478,70.004380,70.196548,10648400
2015-04-14,70.237741,70.457367,69.640648,70.148521,7224700
2015-04-15,70.272083,71.624130,70.230906,71.397644,12899700
2015-04-16,71.342719,71.871186,70.766215,70.924065,6670400
2015-04-17,70.244609,70.560315,69.050418,69.578880,9896500
2015-04-20,70.196563,70.196563,68.913153,69.084732,8752000
2015-04-21,69.606328,72.550631,69.242580,72.200607,19722700
2015-04-22,72.228060,72.351597,71.260354,71.500565,8267300
2015-04-23,71.816273,72.578086,71.383895,72.207474,8071800
2015-04-24,71.816275,72.530046,71.102504,71.171135,9734400
2015-04-27,71.500576,71.740786,70.011268,70.649544,10829200
2015-04-28,70.773071,71.260356,69.414160,71.184860,9793700
2015-04-29,70.773086,71.308413,69.743609,70.224030,8932200
2015-04-30,70.107357,70.484829,68.494511,68.981796,14009500
2015-05-01,70.827975,72.983012,70.347555,72.070213,22306500
2015-05-04,72.509462,73.779149,72.214345,72.516327,13215600
2015-05-05,72.269227,72.564344,70.505392,70.683830,15046500
2015-05-06,70.999537,71.260341,69.674944,70.189682,10065200
2015-05-07,70.121082,70.244619,68.398428,69.860283,13878300
2015-05-08,70.690687,71.349551,70.608327,71.274055,9651700
2015-05-11,71.507455,72.310445,71.377053,71.878067,9956100
2015-05-12,71.521142,72.852600,70.999540,72.447670,9552600
2015-05-13,72.729074,73.731097,72.715345,73.017326,10814500
2015-05-14,73.621278,74.705660,73.202629,74.630165,12761300
2015-05-15,74.842947,75.659661,74.321344,75.014526,13419600
2015-05-18,75.213526,76.407722,75.055676,76.181236,13716000
2015-05-19,76.263606,76.558723,75.529247,75.879265,8676900
2015-05-20,75.556704,76.119489,74.225251,75.611610,10335100
2015-05-21,75.426313,76.503832,75.364542,76.332253,8374000
2015-05-22,75.975359,77.320546,75.975359,76.668541,12079000
2015-05-26,76.517557,76.545010,75.179239,75.337090,16006900
2015-05-27,75.728286,77.279365,75.481216,77.183281,11722000
2015-05-28,76.874431,77.849001,76.744029,77.450935,8252400
2015-05-29,77.656827,77.807818,76.764612,77.052864,11343500
2015-06-01,77.670554,78.761801,77.313671,78.295105,11417600
2015-06-02,78.137241,78.377452,77.649957,78.199013,10189800
2015-06-03,78.425506,78.878478,78.150983,78.686310,7413400
2015-06-04,78.171573,78.638269,77.732330,78.192162,8637600
2015-06-05,78.116646,78.432352,77.224432,78.212730,8435700
2015-06-08,78.212753,78.768669,77.917637,78.034309,10742900
2015-06-09,77.704886,79.132428,77.656844,78.754951,9566700
2015-06-10,78.940230,80.937416,78.796104,80.758972,11986000
2015-06-11,81.040364,82.152195,80.916826,81.760994,14474700
2015-06-12,81.685237,81.795448,80.424730,81.044655,9266000
2015-06-15,80.397167,81.547468,80.176750,81.389046,9605800
2015-06-16,81.464832,82.277620,80.879349,82.015877,8447800
2015-06-17,82.029643,82.277612,81.182417,81.884995,12078300
2015-06-18,82.091628,83.882517,81.981417,83.489899,13653000
2015-06-19,82.980166,83.345231,82.346468,82.518669,21020000
2015-06-22,83.186838,83.944526,83.042190,83.682777,8040700
2015-06-23,83.910078,84.309585,83.414138,84.178711,8429200
2015-06-24,83.958311,84.977744,83.793000,84.040970,8354800
2015-06-25,84.364666,84.454208,82.525556,82.814857,8575000
2015-06-26,82.863087,83.076615,81.891872,82.312042,9730800
2015-06-29,81.196185,82.064080,79.419076,79.529282,12491100
2015-06-30,80.789797,81.485491,80.438506,80.645149,11345200
2015-07-01,81.354614,81.692126,79.487956,79.908127,10248500
2015-07-02,80.128532,80.238738,79.150432,79.239975,8832000
2015-07-06,78.840470,80.204304,78.606280,79.667038,13543300
2015-07-07,79.866775,80.190513,77.924349,79.301956,10183000
2015-07-08,78.695834,78.806045,77.428438,77.793503,9238800
2015-07-09,78.799158,79.040239,78.062139,78.082802,9007800
2015-07-10,79.129772,79.212430,77.972581,78.344536,9703400
2015-07-13,79.212448,79.288217,78.737172,78.902489,9632800
2015-07-14,79.363958,81.147957,79.122878,80.837997,11295900
2015-07-15,82.008990,82.463603,80.734703,80.858688,10479200
2015-07-16,81.506151,82.243171,81.320171,81.864326,7514600
2015-07-17,81.795452,81.864331,80.741583,81.457939,8170100
2015-07-20,81.829897,81.933214,81.168641,81.416611,7218700
2015-07-21,81.423498,81.953879,80.534940,81.127312,6489100
2015-07-22,80.466052,81.554363,80.286962,80.893112,6977100
2015-07-23,81.182413,81.692127,80.879338,81.044655,6110300
2015-07-24,79.997674,80.693368,77.600640,77.717735,15067600
2015-07-27,77.579971,77.752172,74.390811,76.140373,14883600
2015-07-28,77.504197,78.110348,76.278127,77.883041,16439700
2015-07-29,81.540597,82.284507,79.288211,79.701492,23144800
2015-07-30,79.977024,81.451064,79.040250,81.209984,11977200
2015-07-31,81.946999,81.967662,80.672713,81.182426,9217900
2015-08-03,81.623245,82.773546,81.402828,82.380928,11660000
2015-08-04,82.380944,82.911326,81.664588,81.878120,7876400
2015-08-05,82.449803,82.704662,81.540582,81.733452,8071000
2015-08-06,82.277630,82.305183,79.081580,79.419098,10755300
2015-08-07,79.405322,79.419101,77.924392,78.826729,9670200
2015-08-10,79.715261,80.672698,79.563723,80.300743,7776200
2015-08-11,79.295087,80.486714,78.992011,79.632599,6567700
2015-08-12,79.109099,80.218073,78.213658,80.073425,6999600
2015-08-13,80.073443,80.390292,79.336423,79.350197,6337400
2015-08-14,78.978253,79.811705,78.902484,79.625725,5533400
2015-08-17,79.267534,80.514267,79.219318,80.190529,7126700
2015-08-18,80.266313,81.072212,79.894358,80.631378,5934000
2015-08-19,80.348966,80.727805,79.487961,80.045891,7504800
2015-08-20,79.116004,79.963230,77.387105,77.414658,9200200
2015-08-21,76.140388,76.608774,72.551720,72.551720,22739400
2015-08-24,67.027480,69.569167,59.237112,69.334976,25731800
2015-08-25,72.620592,74.321938,70.643723,70.643723,18482500
2015-08-26,72.958097,73.770886,70.574837,73.674454,15627600
2015-08-27,74.686979,75.492878,72.785879,74.383904,14610300
2015-08-28,73.674454,74.934966,73.550469,74.239273,10755900
2015-08-31,73.991300,74.618114,72.069537,72.372612,11736900
2015-09-01,70.409514,72.076418,69.569173,69.906685,13548000
2015-09-02,71.249845,71.842217,69.582937,71.821548,11509300
2015-09-03,72.269295,72.324400,70.044461,70.195999,9928100
2015-09-04,69.589834,71.112090,69.259211,70.299301,10336500
2015-09-08,71.525380,72.289953,70.884798,72.255516,9992600
2015-09-09,73.150955,73.323156,71.318740,71.511604,7896500
2015-09-10,71.635587,74.735204,71.546044,73.874199,10368500
2015-09-11,73.605588,75.554905,73.185417,75.513573,9387600
2015-09-14,75.700278,75.810918,74.960356,75.617294,7505800
2015-09-15,75.693349,77.318410,75.271523,76.792862,7944100
2015-09-16,76.564677,77.276938,75.707198,76.779045,8116000
2015-09-17,76.675328,78.355713,75.893917,77.180138,9858400
2015-09-18,75.804004,76.668399,74.828963,74.988014,13156900
2015-09-21,75.458246,75.631125,72.325674,73.120918,15141600
2015-09-22,71.910758,74.019884,71.129347,73.653381,14843500
2015-09-23,73.625701,73.888475,72.401715,72.948013,7973100
2015-09-24,72.187378,72.712931,70.195813,70.887329,13464100
2015-09-25,71.938418,72.049063,68.591483,69.248421,15998900
2015-09-28,68.501588,68.639894,65.396682,65.555733,23907400
2015-09-29,65.749365,67.588796,64.442400,66.385559,18416500
2015-09-30,68.072827,68.957967,67.021720,67.899948,15811800
2015-10-01,68.142004,68.314883,66.627582,67.955292,13403600
2015-10-02,66.067451,67.982949,65.258379,67.962204,19143500
2015-10-05,69.144689,70.050578,67.533460,68.639885,14536000
2015-10-06,68.335610,68.390932,65.728597,67.450470,14842700
2015-10-07,67.761662,69.697909,67.422821,69.338318,12457700
2015-10-08,69.172342,69.953758,67.816971,69.711723,11833100
2015-10-09,70.029834,70.396342,68.771275,69.601097,8622200
2015-10-12,69.898416,69.995228,68.722836,68.812737,8863800
2015-10-13,68.397840,69.027117,67.768558,67.899948,9411200
2015-10-14,68.024449,69.110129,67.844653,68.038277,9575800
2015-10-15,67.830821,70.320283,67.491980,70.285706,9462400
2015-10-16,70.500067,71.482024,70.195803,71.108604,9975800
2015-10-19,70.977208,71.807025,70.423993,71.647980,7636900
2015-10-20,71.523511,71.883097,69.933022,70.299530,10164800
2015-10-21,71.080936,71.170831,68.715953,70.347931,9837500
2015-10-22,70.534646,75.665694,69.428221,74.407135,24746600
2015-10-23,75.001832,75.824738,72.954945,74.676819,15001300
2015-10-26,75.133249,76.315741,74.296514,75.119415,10906500
2015-10-27,75.644956,76.834365,75.160897,76.730637,15787000
2015-10-28,75.375234,75.520451,73.259197,74.773613,17795600
2015-10-29,74.808217,76.599241,74.469375,75.520477,10783300
2015-10-30,75.734820,75.969938,74.739040,74.773613,8545000
2015-11-02,75.209313,76.032214,74.905044,75.790184,8362000
2015-11-03,75.651877,75.748689,74.905038,75.444420,7458600
2015-11-04,75.790164,75.880064,74.199680,75.361427,8081800
2015-11-05,74.911943,74.953432,73.335287,74.566185,10182100
2015-11-06,73.992225,74.918854,73.549655,74.918854,8565900
2015-11-09,74.683744,75.050247,74.047551,74.759811,8142200
2015-11-10,74.752901,75.631129,74.642261,75.271538,8571300
2015-11-11,75.313012,75.534297,74.012959,74.123604,6056800
2015-11-12,73.950737,74.061377,72.028323,72.076729,8010900
2015-11-13,71.979920,72.042159,70.617638,70.928818,10848400
2015-11-16,71.157008,71.917675,70.285697,71.786285,7344200
2015-11-17,72.228842,72.533111,71.571904,72.284164,6921800
2015-11-18,72.256496,74.835852,72.228834,74.773613,8246800
2015-11-19,74.683739,74.718317,73.445924,73.653381,7019600
2015-11-20,74.227335,74.662994,73.591142,73.674126,7113200
2015-11-23,73.784765,74.441708,73.252300,73.549652,5481700
2015-11-24,73.127827,73.853921,72.954948,73.694870,6547100
2015-11-25,73.694875,74.732149,73.515079,74.531609,5720500
2015-11-27,74.780566,75.119407,74.420980,74.683754,2749200
2015-11-30,74.828960,74.898110,73.086341,73.273048,9837800
2015-12-01,73.542749,74.255010,72.367174,73.196991,10659500
2015-12-02,72.609186,73.003350,72.125127,72.221939,8850500
2015-12-03,72.138963,72.325670,69.497371,70.105904,13772400
2015-12-04,70.147394,72.028319,70.016005,71.966080,8738300
2015-12-07,71.993742,72.021404,70.707522,71.163925,5956100
2015-12-08,70.583046,71.966078,70.347933,71.592659,6675600
2015-12-09,71.399042,72.145880,70.188889,70.500069,7534900
2015-12-10,70.845825,71.267650,70.230376,70.963387,7653300
2015-12-11,70.085141,70.859641,68.923394,69.172340,9518900
2015-12-14,69.429320,70.096041,68.519525,69.790459,10251300
2015-12-15,70.658599,71.533672,70.450251,70.818336,11740300
2015-12-16,71.658681,71.873975,70.589148,71.769798,10950300
2015-12-17,72.401788,72.776819,71.068346,71.089180,7614400
2015-12-18,70.616917,70.832211,70.089094,70.561356,15768500
2015-12-21,70.984991,71.714219,70.582179,71.276680,8306500
2015-12-22,71.526723,71.908701,71.179472,71.436440,7151200
2015-12-23,71.943413,71.943413,71.318366,71.630890,7279900
2015-12-24,71.776755,72.158733,71.637857,71.936493,2656900
2015-12-28,71.533639,71.748933,70.498834,70.616898,5270900
2015-12-29,71.012779,71.915633,70.540518,71.783676,7647300
2015-12-30,71.422551,71.568401,70.860006,70.950294,4876300
2015-12-31,71.089185,71.130853,70.262726,70.276619,6245200
2016-01-04,69.290411,69.450149,67.373591,68.068092,14904400
2016-01-05,69.234869,69.345987,68.547309,68.936234,9260800
2016-01-06,67.762532,69.922432,67.727804,69.658524,12540700
2016-01-07,68.102833,68.755667,66.692996,66.845787,12944600
2016-01-08,67.297201,68.054206,66.956897,66.984673,11976000
2016-01-11,67.519428,67.519428,65.484539,67.019386,12322500
2016-01-12,67.297198,68.401453,66.123489,67.436096,9830100
2016-01-13,67.540274,68.081985,63.977483,64.269173,12135700
2016-01-14,64.394192,65.894313,63.053803,64.602539,16303200
2016-01-15,62.762103,64.435849,62.282896,63.783016,18108300
2016-01-19,64.685879,64.741441,61.706467,62.435696,14373700
2016-01-20,61.116146,63.776088,59.921602,62.887127,19676300
2016-01-21,62.762116,62.921849,61.609241,61.720364,12158300
2016-01-22,62.782944,63.942760,62.303736,63.776081,9160700
2016-01-25,63.567751,64.963701,62.803800,62.928810,10188400
2016-01-26,63.005180,64.470579,62.678763,64.039986,6889200
2016-01-27,63.783017,63.963589,61.810635,62.248169,12520300
2016-01-28,62.505162,62.657953,60.324427,60.789742,14168300
2016-01-29,58.532612,59.241006,57.178335,57.643650,37029000
2016-02-01,57.171362,58.699264,57.143582,58.372852,17943600
2016-02-02,58.463125,58.490906,56.872716,57.442207,16895600
2016-02-03,58.970157,60.414716,58.247874,59.998016,24497700
2016-02-04,59.741017,60.734154,59.456274,60.199390,14538700
2016-02-05,60.199405,61.130034,58.650664,59.129871,15732800
2016-02-08,58.470079,60.178552,58.240893,59.213196,19111300
2016-02-09,58.477025,61.449496,58.407576,60.595257,14322700
2016-02-10,61.595344,62.400963,60.796666,60.977238,13462300
2016-02-11,60.074397,61.428673,59.734093,60.671669,13013400
2016-02-12,61.574493,62.421780,60.199378,62.116203,11311700
2016-02-16,63.005163,63.394082,62.428725,63.303799,12278000
2016-02-17,63.262142,63.546890,61.574509,62.060658,22772800
2016-02-18,62.227331,63.164906,61.762016,61.803684,11427500
2016-02-19,61.255017,61.796732,60.504959,60.727200,12897800
2016-02-22,61.359201,62.157879,61.150854,61.880077,9749400
2016-02-23,61.880083,62.088436,61.046684,61.359207,8394500
2016-02-24,60.706382,62.185668,60.275789,62.060658,8338400
2016-02-25,62.505138,62.845442,62.192614,62.616261,9171500
2016-02-26,62.928793,63.144087,61.039748,61.185593,13349700
2016-02-29,61.025850,61.907864,60.595257,60.595257,12732500
2016-03-01,61.046690,62.310683,60.629990,62.289848,11746100
2016-03-02,62.227332,62.282893,61.088350,61.671734,10557200
2016-03-03,61.900934,62.025945,60.755010,60.998085,12374600
2016-03-04,61.324495,61.880093,60.317465,60.567486,21201900
2016-03-07,60.498046,62.532936,60.338308,62.262081,13100600
2016-03-08,62.262064,62.782940,61.359210,61.574509,11056800
2016-03-09,61.768982,61.984276,60.720283,60.998085,10428100
2016-03-10,61.324488,62.435689,60.991124,61.560616,10884500
2016-03-11,62.484321,62.491268,61.671756,62.262081,10581000
2016-03-14,62.806405,63.650801,62.345822,63.127415,11004900
2016-03-15,62.750537,62.855216,62.129453,62.415573,10265100
2016-03-16,62.080625,63.420493,62.045736,63.001785,8860200
2016-03-17,62.659843,63.064597,61.975949,62.478401,10549300
2016-03-18,62.820304,63.315781,62.485340,62.994766,16824300
2016-03-21,62.806363,64.906888,62.806363,64.669617,9816900
2016-03-22,64.299787,65.569872,64.236983,65.402390,9830800
2016-03-23,63.476322,64.355613,62.785453,62.862217,13891900
2016-03-24,62.534207,64.774300,62.415574,63.727528,14396500
2016-03-28,64.250926,65.814106,64.160208,64.523087,9606800
2016-03-29,64.334670,64.369559,63.232067,64.341644,8664500
2016-03-30,64.530046,65.297678,63.895001,64.181122,8125200
2016-03-31,64.132300,64.725470,63.881074,64.104385,13656300
2016-04-01,63.741502,65.862963,63.532151,65.681526,11423000
2016-04-04,65.842030,66.295633,65.423322,65.765266,8804800
2016-04-05,65.283753,67.474998,65.248858,66.693405,11808600
2016-04-06,66.637582,68.040259,66.630607,67.998390,11118800
2016-04-07,67.837877,68.130972,66.358435,66.693405,13333100
2016-04-08,67.140033,68.005364,66.700391,67.056290,9722900
2016-04-11,67.279586,67.726208,66.812023,66.874832,8796300
2016-04-12,66.993479,67.970469,66.644555,67.858810,9224800
2016-04-13,68.277534,68.368258,67.447097,67.823936,9299000
2016-04-14,67.698282,68.926492,67.621519,68.521744,8743400
2016-04-15,68.759043,69.073078,68.124003,68.591560,8910600
2016-04-18,68.507810,69.596457,68.465940,69.226593,8067800
2016-04-19,69.617377,70.294291,69.254493,69.394066,9811700
2016-04-20,69.331259,70.454796,69.331259,69.861626,8864100
2016-04-21,69.715099,71.068922,69.715099,70.999138,9038200
2016-04-22,70.873508,71.494593,70.133790,71.131714,10301900
2016-04-25,71.068922,71.445761,70.831656,71.382957,8292300
2016-04-26,71.194548,71.948226,70.489724,70.713036,9342600
2016-04-27,70.692061,71.027026,69.889534,70.287308,8585800
2016-04-28,70.070989,70.308255,67.551755,67.691322,15680300
2016-04-29,63.636831,64.571946,61.271124,61.557240,33629200
2016-05-02,61.899171,62.422558,60.538369,62.108528,13524000
2016-05-03,61.878247,62.192283,60.712841,60.831474,9881800
2016-05-04,60.475575,60.705861,59.603264,59.735851,12187800
2016-05-05,60.259238,60.294133,59.456711,59.917294,8035800
2016-05-06,59.784695,59.903328,58.647204,59.093826,9271300
2016-05-09,59.310161,60.336000,59.107784,59.784698,8469000
2016-05-10,60.301136,60.349986,59.240403,60.140629,6840000
2016-05-11,60.287149,60.294129,58.486698,58.549507,8445700
2016-05-12,58.689082,58.828655,57.014244,57.753967,12095700
2016-05-13,57.684176,58.528573,57.509714,57.712086,8332900
2016-05-16,57.712093,58.500665,57.572525,58.347137,6508100
2016-05-17,58.270374,58.437856,57.537631,57.753967,8379200
2016-05-18,57.740005,58.228503,57.453890,57.837704,7475100
2016-05-19,57.439922,57.635319,56.721139,57.321289,9272400
2016-05-20,57.342230,57.977275,57.272446,57.670219,7953000
2016-05-23,57.935393,58.640222,57.398052,58.151730,7782700
2016-05-24,58.465777,60.322057,58.416927,60.168530,13171300
2016-05-25,60.573268,60.712836,59.805631,60.370892,11621400
2016-05-26,60.322047,60.363916,59.352038,59.519520,8126000
2016-05-27,59.889378,60.028945,59.456709,59.889378,6125900
2016-05-31,60.294126,60.873342,60.049880,60.754704,12517800
2016-06-01,60.873353,60.922202,60.231328,60.419750,7451800
2016-06-02,60.496518,60.761698,59.917302,60.517452,7281100
2016-06-03,60.608163,60.698887,59.700963,60.119671,7443800
2016-06-06,60.133615,61.319961,60.084765,61.131538,8596700
2016-06-07,61.089678,61.578170,60.643056,61.061764,7923800
2016-06-08,61.075712,61.473485,60.587220,61.005928,7331600
2016-06-09,60.657004,60.887295,59.770738,59.854477,8083700
2016-06-10,59.303187,59.435775,58.675122,58.933323,8075200
2016-06-13,58.640236,59.184557,58.549517,58.605347,8194100
2016-06-14,58.598314,59.342195,58.086015,58.647438,7488700
2016-06-15,58.984297,59.257989,58.226377,58.275501,7416100
2016-06-16,58.093029,58.738661,57.707055,58.605328,6172200
2016-06-17,58.724660,59.068529,57.917616,58.001831,15951300
2016-06-20,58.429915,59.033444,58.177275,58.240433,6951800
2016-06-21,58.493058,58.556221,57.145649,57.398289,8412000
2016-06-22,57.236874,58.801837,57.236874,57.861454,10069600
2016-06-23,58.450941,58.654456,57.924608,58.507084,5844000
2016-06-24,56.963184,57.721104,56.296499,56.471943,12438000
2016-06-27,56.071949,56.471962,54.682429,54.914017,11724000
2016-06-28,55.910525,57.840410,55.756133,57.763214,14751000
2016-06-29,58.521114,58.570238,57.370201,57.735123,10452600
2016-06-30,57.735132,58.542175,57.215819,58.542175,9706500
2016-07-01,58.352713,59.861533,58.072001,59.552750,8336300
2016-07-05,59.426421,59.763276,58.605344,58.872017,7621700
2016-07-06,58.696573,60.289608,58.479024,60.163288,9683800
2016-07-07,60.282584,60.535224,59.489573,59.980820,6764500
2016-07-08,60.324703,61.012447,60.163298,60.738754,7628800
2016-07-11,60.745766,61.215961,60.415931,60.528217,7453900
2016-07-12,60.928231,61.272100,60.689629,60.794891,7857700
2016-07-13,60.851015,61.110675,60.156259,60.177311,8334400
2016-07-14,60.654507,60.710650,59.840444,60.029926,8104400
2016-07-15,60.121180,61.728248,60.029951,60.822956,11483300
2016-07-18,61.012436,61.293142,60.682600,61.005417,6788300
2016-07-19,60.703667,61.026483,59.847499,59.959785,9832800
2016-07-20,59.973772,61.138723,59.721132,60.815907,9055900
2016-07-21,61.166842,61.637031,60.563314,61.222980,9453400
2016-07-22,61.279120,61.363335,60.577343,60.738754,7374700
2016-07-25,60.752773,62.352822,60.549257,62.142292,15718500
2016-07-26,58.984304,59.054481,56.500015,56.878975,47371900
2016-07-27,57.082486,57.531628,56.885990,57.398289,14103800
2016-07-28,57.510559,57.531617,56.577201,57.012299,13011000
2016-07-29,56.563178,56.731602,55.699996,55.770172,19465700
2016-08-01,56.008761,56.991248,55.798231,56.464916,14758000
2016-08-02,56.829843,56.977215,55.756121,55.840336,13408200
2016-08-03,55.945600,56.261397,55.517516,56.205254,10868100
2016-08-04,56.289485,56.584230,55.826315,55.980701,9738300
2016-08-05,56.282474,56.605296,56.043872,56.429852,10692300
2016-08-08,56.464924,56.696512,55.447351,55.959644,9511600
2016-08-09,56.043861,56.071933,55.447353,55.671921,9578200
2016-08-10,55.742084,55.854366,55.054341,55.370144,12022200
2016-08-11,55.545591,56.128067,55.299970,55.840336,8454700
2016-08-12,55.678937,55.980702,55.349107,55.903511,8434000
2016-08-15,56.057894,56.205266,55.742097,55.896488,7464800
2016-08-16,55.840340,56.001751,55.608753,55.615772,7969900
2016-08-17,55.763138,56.752645,55.650857,56.633339,10583800
2016-08-18,56.752658,57.033364,56.268431,56.556156,8994400
2016-08-19,56.535085,56.970188,56.303503,56.843868,8227900
2016-08-22,56.766679,57.215815,56.563163,56.787731,7522000
2016-08-23,57.166683,57.293003,56.857900,57.173702,8279400
2016-08-24,57.173720,57.615837,56.268428,56.492996,9699600
2016-08-25,56.457900,56.843879,55.650861,56.198246,9220100
2016-08-26,56.219308,56.373700,55.629813,55.980701,8928000
2016-08-29,55.896484,55.931570,54.478893,54.857853,15383500
2016-08-30,54.773630,55.012232,54.499938,54.682396,9174200
2016-08-31,54.556078,55.159606,54.443797,55.005215,9758500
2016-09-01,55.040308,55.061360,53.994663,54.331512,12403900
2016-09-02,54.471894,54.570142,53.805203,53.959595,7956200
2016-09-06,54.584143,54.942051,54.212203,54.654320,11648400
2016-09-07,55.005222,55.306986,54.682405,54.892941,8232700
2016-09-08,54.970131,55.538568,54.457832,55.433300,8549600
2016-09-09,55.061369,55.440329,54.773643,54.773643,10415200
2016-09-12,54.521010,55.461388,54.521010,55.335068,8896100
2016-09-13,55.201710,55.201710,54.387647,54.780640,9389600
2016-09-14,55.027782,55.352554,54.674768,54.801853,8311200
2016-09-15,54.893614,55.917352,54.554719,55.663181,10112800
2016-09-16,55.670251,55.910303,55.359602,55.634953,10307900
2016-09-19,55.719678,56.136237,55.642015,55.769100,7234200
2016-09-20,56.228009,57.943655,56.220947,57.738907,17560700
2016-09-21,57.915428,57.929552,56.948174,57.682438,13628800
2016-09-22,57.873040,57.894220,57.117591,57.555325,8213800
2016-09-23,57.576529,57.894239,57.343539,57.449444,7534500
2016-09-26,57.188226,57.280007,56.425715,56.919937,9036000
2016-09-27,56.002081,56.411578,55.521983,55.952660,13214300
2016-09-28,55.860883,56.129172,55.430206,55.754978,6854100
2016-09-29,55.889152,56.016231,54.893650,54.971313,7618600
2016-09-30,55.112474,56.220936,55.105418,55.860867,11031500
2016-10-03,55.514932,55.754984,54.540616,55.091316,10626200
2016-10-04,54.787705,55.366647,54.448815,54.533535,8219400
2016-10-05,54.611210,55.070129,54.505305,54.766537,7910200
2016-10-06,54.632405,54.900699,53.714573,53.806355,10168200
2016-10-07,53.975791,53.996976,52.895570,53.121498,11149200
2016-10-10,53.305066,53.636900,53.135621,53.298004,7161100
2016-10-11,53.050875,53.149718,51.935351,52.118919,11910000
2016-10-12,52.373105,52.394285,51.483509,51.561172,10014500
2016-10-13,51.038709,52.196594,50.982226,51.582348,10586100
2016-10-14,51.730619,51.893008,51.349369,51.363487,7359100
2016-10-17,51.215218,51.864762,51.052830,51.285820,8181400
2016-10-18,51.822402,52.125994,51.476450,51.829464,6353500
2016-10-19,51.893023,52.189553,51.758876,51.780056,6326400
2016-10-20,51.638839,52.817903,51.610597,52.464890,10351400
2016-10-21,52.316624,52.909690,52.090696,52.450771,8256500
2016-10-24,52.606099,52.796724,52.062455,52.351929,7404000
2016-10-25,52.274256,52.726113,52.182475,52.535488,6140800
2016-10-26,52.606097,53.516872,52.429590,53.220337,8333000
2016-10-27,53.608638,53.912230,53.403889,53.538036,9596400
2016-10-28,52.775543,52.796723,51.702383,52.161297,13160000
2016-10-31,52.309567,52.556680,51.928317,51.984795,8457000
2016-11-01,51.984791,52.450771,51.582355,52.295444,10741600
2016-11-02,52.246018,52.493126,51.151673,51.194038,14620000
2016-11-03,51.066959,51.490575,50.608041,50.664524,9286200
2016-11-04,50.495074,51.744746,50.403293,51.137562,11779500
2016-11-07,51.878886,52.747296,51.575294,52.246017,9513500
2016-11-08,52.196590,52.711993,51.744733,52.274254,7449600
2016-11-09,54.222894,56.482179,54.187591,55.401958,26693700
2016-11-10,56.242132,56.482179,54.321737,54.957157,16651800
2016-11-11,54.703002,54.724182,53.156800,53.954609,12949600
2016-11-14,54.392348,54.455888,53.707500,54.187599,8832800
2016-11-15,54.385285,54.441768,52.952050,53.905186,8560100
2016-11-16,53.714549,54.279368,53.354474,53.658066,8415000
2016-11-17,53.460397,53.672202,52.846151,53.361553,9413500
2016-11-18,53.368588,53.474493,52.422514,52.683746,8194300
2016-11-21,52.712022,53.086215,52.563751,52.937950,6810600
2016-11-22,52.994420,53.262714,52.260151,52.570805,6019600
2016-11-23,52.140121,53.199162,52.076581,53.163864,6849200
2016-11-25,53.283891,53.340374,52.860275,53.262711,3068600
2016-11-28,53.163864,53.262707,52.401353,52.627281,9338900
2016-11-29,52.733190,53.234469,52.450778,52.860275,7160700
2016-11-30,52.952044,53.008527,51.956543,52.034206,10627300
2016-12-01,52.224831,52.267191,51.342297,51.427017,8270200
2016-12-02,51.568224,51.963598,50.946922,51.130486,9227900
2016-12-05,51.391715,51.518800,50.784531,51.088123,9985900
2016-12-06,51.306994,51.306994,50.798653,51.165791,8723900
2016-12-07,50.678632,51.469384,50.516248,51.384659,13061000
2016-12-08,51.158749,51.257592,50.007926,50.848095,12333500
2016-12-09,51.074012,51.631774,50.798662,51.328182,9936300
2016-12-12,51.229324,52.020076,50.925732,51.871811,9475900
2016-12-13,52.163150,53.911159,52.156043,53.179264,12693000
2016-12-14,53.193488,54.230924,53.193488,53.797474,11822800
2016-12-15,53.861447,53.996452,53.229037,53.683804,9448800
2016-12-16,52.887940,53.264543,52.539761,52.653450,14437500
2016-12-19,52.305273,53.506143,52.262641,52.866627,8212200
2016-12-20,52.944806,53.030071,52.177386,52.617943,8452000
2016-12-21,52.603714,53.172175,52.269744,52.553974,7018700
2016-12-22,52.355023,52.404762,51.814985,52.085007,8413800
2016-12-23,52.085003,52.504239,52.028156,52.326595,5307600
2016-12-27,52.241331,53.150869,52.234229,52.390556,6632900
2016-12-28,52.305269,52.369218,51.601804,51.708385,6387600
2016-12-29,51.708398,51.765245,51.118626,51.253632,7533600
2016-12-30,51.182568,51.346002,50.663853,50.884129,9220900
2017-01-03,51.402858,52.745846,51.289169,52.696106,10953700
2017-01-04,52.958993,54.699900,52.852406,54.273552,14914200
2017-01-05,54.600434,54.607541,53.698008,54.010662,9413100
2017-01-06,54.323293,54.358824,53.584302,53.641144,8980000
2017-01-09,53.953797,54.067486,53.484817,53.889843,10165300
2017-01-10,54.330408,54.358832,53.243232,53.300079,8869800
2017-01-11,53.662455,53.683777,51.878922,52.418953,14165700
2017-01-12,52.248428,52.355015,51.822086,52.127632,7057700
2017-01-13,52.319477,52.426064,51.871818,51.921558,8269100
2017-01-17,51.814972,51.814972,50.969394,51.097298,11706600
2017-01-18,51.331795,51.495229,50.805973,51.253632,9910000
2017-01-19,51.033341,51.338887,50.614105,50.855698,9810900
2017-01-20,51.139936,51.161252,50.152240,50.457787,10270300
2017-01-23,50.358311,50.656750,49.953285,50.230408,9657600
2017-01-24,50.166447,50.436468,49.583777,49.917747,10912800
2017-01-25,50.322770,51.402839,50.251714,51.097298,14001600
2017-01-26,51.004921,51.054661,50.557262,50.607002,8580100
2017-01-27,50.756229,51.282052,50.564377,50.635433,6939700
2017-01-30,50.450678,50.926761,50.273035,50.813072,7242500
2017-01-31,50.543043,51.573377,50.443563,51.480999,10365500
2017-02-01,51.672878,51.786567,51.203898,51.743935,7441800
2017-02-02,51.594712,51.751039,51.004935,51.338905,8814200
2017-02-03,51.687074,51.694181,50.997817,51.402843,8034300
2017-02-06,51.175467,51.637341,50.763339,51.438381,7635000
2017-02-07,51.559173,52.085001,51.452591,51.964199,13325400
2017-02-08,47.800235,47.800235,46.720167,47.487587,51547400
2017-02-09,47.139417,47.459178,46.457268,46.606487,23070600
2017-02-10,46.791228,47.452061,46.492789,47.153622,16208400
2017-02-13,47.473383,48.169747,47.253107,48.070267,15885100
2017-02-14,48.745301,48.795041,47.842876,47.999203,14972600
2017-02-15,48.105788,49.725899,48.077370,49.597996,16656600
2017-02-16,49.740101,50.216183,49.214278,49.960377,10965500
2017-02-17,49.868028,50.301478,49.534057,49.633537,11186900
2017-02-21,49.740110,49.740110,48.908740,49.235603,11190400
2017-02-22,49.107697,49.548254,48.787941,48.908737,10073400
2017-02-23,48.844786,49.406139,48.624510,49.292450,7529100
2017-02-24,49.256926,49.789856,49.065073,49.697483,7382400
2017-02-27,49.612208,50.123822,49.597999,50.095398,6354200
2017-02-28,50.003025,50.408051,49.747218,50.081188,8828800
2017-03-01,50.322785,50.443581,49.754324,49.875126,9629400
2017-03-02,49.740104,50.372514,49.740104,50.116707,8672900
2017-03-03,50.216202,50.315682,49.896446,50.265942,6620900
2017-03-06,50.138027,50.166450,49.526934,49.825378,7335900
2017-03-07,49.448773,49.711687,48.873211,49.043747,9044200
2017-03-08,49.043731,49.740094,48.944251,49.526920,7377200
2017-03-09,49.178758,49.207182,48.183955,48.596088,13597000
2017-03-10,48.723984,48.752407,47.928140,48.453968,14480500
2017-03-13,48.546342,48.567658,47.984988,48.390015,8493500
2017-03-14,48.268292,48.762357,48.261131,48.526062,6109500
2017-03-15,48.669278,49.249269,48.411503,49.027298,8312600
2017-03-16,49.220629,49.249271,48.841128,49.077423,6855000
2017-03-17,49.234948,50.036910,48.869766,49.449757,18241000
2017-03-20,49.363827,49.557155,49.149012,49.199135,6287400
2017-03-21,49.263584,49.464075,48.282607,48.504578,8691500
2017-03-22,48.547550,48.726561,48.339898,48.569031,5402800
2017-03-23,48.411511,48.633482,48.160898,48.325584,6174900
2017-03-24,48.382862,48.597676,48.117925,48.339901,6037800
2017-03-27,48.053485,48.561874,47.953240,48.332741,5455300
2017-03-28,48.296939,48.318425,47.831517,48.046326,8509100
2017-03-29,48.046331,48.382871,47.910287,48.160900,7224700
2017-03-30,48.232484,48.533220,48.046312,48.354210,5198700
2017-03-31,48.239650,48.927048,48.239650,48.633469,8876500
2017-04-03,48.583356,48.705082,47.795713,48.046326,8446700
2017-04-04,48.003353,48.074956,47.724097,47.960392,5895000
2017-04-05,47.960393,48.067795,47.545088,47.595211,7113600
2017-04-06,47.566578,47.831515,47.423373,47.602383,8716000
2017-04-07,47.559404,47.860140,47.451997,47.673973,7618900
2017-04-10,47.659655,48.146563,47.537930,47.559410,6549600
2017-04-11,47.566574,47.638177,47.136951,47.272995,7329400
2017-04-12,47.494983,47.523625,47.108320,47.416218,7819100
2017-04-13,47.387576,47.845842,47.323130,47.623871,6098400
2017-04-17,47.838668,48.082124,47.688300,47.759903,5684300
2017-04-18,47.681136,47.881632,47.043861,47.301636,7358100
2017-04-19,47.394726,47.545094,47.179912,47.459167,5343100
2017-04-20,47.516454,47.738425,47.373248,47.616699,6380400
2017-04-21,47.645342,47.745588,47.079670,47.208557,7241800
2017-04-24,47.609527,47.609527,47.051017,47.437679,9117100
2017-04-25,47.688302,48.354220,47.659660,48.060646,9007000
2017-04-26,48.268302,49.120387,48.168051,48.848293,15156300
2017-04-27,48.812485,49.234951,48.726563,49.106064,6734700
2017-04-28,49.285066,49.378149,48.862599,49.084576,6257500
2017-05-01,49.077421,49.270750,48.726563,48.769524,5372600
2017-05-02,48.898411,49.521369,48.805328,49.113220,12987200
2017-05-03,48.053477,48.390017,47.452000,48.125080,13591200
2017-05-04,48.275446,49.098894,48.211005,48.748035,8702900
2017-05-05,48.762351,49.012964,48.339890,48.547543,5788800
2017-05-08,48.533223,48.561865,48.031997,48.125080,7126900
2017-05-09,48.132247,48.511748,48.046321,48.411503,5557400
2017-05-10,48.468785,48.547550,47.767063,47.917431,7190500
2017-05-11,47.810024,47.860146,47.301636,47.767063,8055500
2017-05-12,47.881632,47.903113,47.072503,47.301636,8091200
2017-05-15,47.315959,47.380400,47.065346,47.222870,6202500
2017-05-16,47.072504,47.280156,46.886337,47.058186,5961000
2017-05-17,46.807568,46.986578,46.155968,46.191772,8976100
2017-05-18,46.148809,46.306339,45.740669,46.134491,7926000
2017-05-19,46.098693,46.399434,45.883884,45.991291,8429400
2017-05-22,45.998458,46.284875,45.912537,46.084385,7162900
2017-05-23,46.084365,46.399425,46.041404,46.320660,5094600
2017-05-24,46.349302,46.392263,45.991282,46.048561,5926700
2017-05-25,46.184613,46.420907,45.976960,46.227573,5659000
2017-05-26,46.091529,46.363622,46.048563,46.184612,4021900
2017-05-30,46.163130,46.377939,46.041404,46.177448,6979900
2017-05-31,46.163131,46.485348,45.955479,46.463867,9190200
2017-06-01,46.549805,47.051031,46.191785,46.270550,9316300
2017-06-02,46.471035,46.936463,46.370790,46.829056,6459300
2017-06-05,46.965097,47.108308,46.571278,46.886337,6184800
2017-06-06,46.678679,46.814723,46.284855,46.435223,7282800
2017-06-07,46.564121,46.664366,45.969806,46.055733,7790400
2017-06-08,45.941160,46.241896,45.869551,45.912518,8744900
2017-06-09,45.905359,46.499673,45.790792,46.327820,9338900
2017-06-12,46.256214,47.759898,46.220415,46.850529,10459200
2017-06-13,46.979429,47.008071,46.549806,46.650051,8185300
2017-06-14,46.859360,47.176954,46.585077,46.909885,6795700
2017-06-15,46.707789,47.032603,46.267490,46.779968,6858100
2017-06-16,46.765535,46.801622,46.022077,46.281929,10246600
2017-06-19,46.332455,46.895459,46.253056,46.779968,7900100
2017-06-20,46.837717,47.638917,46.209747,47.342976,13114600
2017-06-21,47.508988,48.858759,47.357410,48.721615,13981300
2017-06-22,49.313484,51.565507,49.291830,50.872578,28962900
2017-06-23,51.421157,51.514995,50.410633,50.901459,22911200
2017-06-26,51.428393,51.796513,51.045838,51.421173,14129100
2017-06-27,51.536625,51.897525,50.988054,50.995274,10768700
2017-06-28,51.226251,52.034666,51.125200,51.911961,10606200
2017-06-29,51.969727,52.092432,50.540557,51.146873,11437400
2017-06-30,51.652131,51.709877,50.757098,51.089127,6727100
2017-07-03,51.327313,51.680995,50.930320,51.031372,3453000
2017-07-05,51.125220,51.457248,50.641614,51.146873,7219600
2017-07-06,51.002521,51.060261,49.941472,50.150795,7989000
2017-07-07,50.302359,50.302359,49.472286,49.984764,6535800
2017-07-10,49.977549,50.338450,49.890936,50.013641,6485900
2017-07-11,49.797089,50.165210,49.522807,50.056938,6442700
2017-07-12,50.360105,50.619954,50.244619,50.381763,5585200
2017-07-13,50.518897,51.233485,50.179650,50.944763,7533900
2017-07-14,51.060239,51.269562,50.829263,50.937534,5234600
2017-07-17,50.944782,51.868688,50.814857,51.356209,7612400
2017-07-18,51.464462,51.774837,51.045816,51.745964,6096700
2017-07-19,51.969724,52.503855,51.803707,52.489422,8312400
2017-07-20,52.590464,53.225647,52.525499,52.994671,9271400
2017-07-21,52.922499,53.709265,52.893626,53.240093,8874000
2017-07-24,53.196794,53.716493,52.828679,53.694839,8943200
2017-07-25,53.933011,54.344438,53.139030,53.225643,9061200
2017-07-26,53.485492,53.608197,53.139030,53.550457,10695300
2017-07-27,54.445495,54.849702,53.738127,54.106247,13871000
2017-07-28,54.142350,54.878585,53.954680,54.813625,8954600
2017-07-31,54.856904,55.210585,54.734199,54.921864,7994100
2017-08-01,55.109545,55.116765,54.510449,54.640373,7296600
2017-08-02,54.524895,54.784744,54.257826,54.741432,7086200
2017-08-03,54.690923,54.856940,53.629879,53.680405,11161100
2017-08-04,53.218437,53.240091,52.388364,52.807011,14960900
2017-08-07,52.547164,53.052423,52.171825,53.009117,7556500
2017-08-08,52.994673,53.175124,52.554374,52.886402,7943900
2017-08-09,52.568817,53.904149,52.568817,53.341145,12054600
2017-08-10,53.066849,53.254519,52.352267,52.474972,8813000
2017-08-11,52.345058,52.460549,51.839799,52.258446,7029700
2017-08-14,52.597690,52.770921,52.373928,52.554379,4952800
2017-08-15,52.691523,52.965805,52.496639,52.778141,5212100
2017-08-16,52.828667,53.247308,52.778142,52.944153,5237300
2017-08-17,52.756477,52.987459,52.171820,52.215126,9065400
2017-08-18,52.200703,52.424460,51.847022,52.049126,6052600
2017-08-21,52.027456,52.662639,52.027456,52.402790,5531800
2017-08-22,52.446119,53.240100,52.438900,52.936939,4729300
2017-08-23,52.886396,53.557671,52.734818,53.225643,6499300
2017-08-24,53.276176,53.629863,53.160690,53.427753,4929300
2017-08-25,53.579344,53.723702,53.189570,53.261749,3729000
2017-08-28,54.062955,54.813629,53.557690,53.911377,18800000
2017-08-29,53.622663,54.712585,53.572137,54.669273,10688600
2017-08-30,54.727001,58.783528,54.669255,58.631950,35927100
2017-08-31,58.826835,60.725172,58.805182,60.422016,30895700
2017-09-01,60.169384,60.703515,59.368183,60.450886,14311600
2017-09-05,60.082779,60.357067,58.718574,59.591953,13491900
2017-09-06,59.801257,60.219903,59.555847,59.873436,10694600
2017-09-07,59.996172,61.800677,59.837375,61.692406,13147800
2017-09-08,61.562468,62.269830,61.280965,61.425323,11611100
2017-09-11,61.843972,62.074949,60.732397,61.006680,10125200
2017-09-12,60.739624,61.172704,60.486995,60.999474,8907900
2017-09-13,60.992245,60.999464,60.176611,60.400368,7594800
2017-09-14,60.385834,60.385834,59.245519,59.768467,9605400
2017-09-15,60.131617,60.647300,59.782984,59.819302,12401900
2017-09-18,59.942783,60.647310,59.223733,60.262363,7886500
2017-09-19,60.567412,60.567412,59.652254,59.768467,6310500
2017-09-20,59.819307,60.211518,59.441620,60.022675,6355100
2017-09-21,60.088062,60.581957,59.724905,60.008167,6194700
2017-09-22,59.899203,60.552887,59.565098,60.480251,5654700
2017-09-25,60.581950,61.213841,60.182475,60.727211,8473400
2017-09-26,60.770788,61.540685,60.683633,60.836159,7900000
2017-09-27,60.995939,61.409938,60.618252,60.908779,6818500
2017-09-28,60.654554,60.719919,57.531398,58.766136,17739900
2017-09-29,58.976776,59.528777,57.604041,58.846039,13301300
2017-10-02,58.984049,60.741730,58.962260,60.661835,9805400
2017-10-03,60.647309,61.177522,59.652256,60.422153,6513200
2017-10-04,60.451203,60.472992,59.608675,59.862885,6711400
2017-10-05,59.717636,60.669107,59.652264,60.654583,6717100
2017-10-06,60.240562,60.443929,59.521506,59.659508,5797000
2017-10-09,59.819302,60.109829,59.238248,59.543304,3959800
2017-10-10,59.485203,60.327726,59.456150,60.313202,5750100
2017-10-11,60.327729,60.494784,59.782993,59.971836,6770200
2017-10-12,59.971849,60.153428,58.846058,59.049431,6763600
2017-10-13,59.027636,59.252798,58.577324,58.955006,5682900
2017-10-16,58.925918,58.984025,57.778345,58.068867,7377600
2017-10-17,58.105204,58.620887,57.785624,58.279518,7041800
2017-10-18,58.294047,58.715306,57.930890,58.112469,7181900
2017-10-19,59.216471,59.899209,58.475632,59.260048,15565200
2017-10-20,59.521519,59.521519,58.432046,58.984047,9188300
2017-10-23,59.013109,59.063951,58.170581,58.228687,6803400
2017-10-24,58.235952,58.381212,57.233639,58.177845,7300300
2017-10-25,58.163308,58.163308,57.153731,58.025307,9571700
2017-10-26,56.863214,57.742055,55.926267,56.565422,12451300
2017-10-27,54.480897,56.071523,52.846688,55.977104,22760700
2017-10-30,55.272560,55.875403,54.655194,55.192665,11277000
2017-10-31,55.076469,55.483203,54.270258,54.444572,8796600
2017-11-01,54.248467,55.090990,53.907098,54.350151,8776400
2017-11-02,54.270271,54.328378,53.420484,53.609322,7464400
2017-11-03,53.449522,53.638365,52.897526,53.355103,7648600
2017-11-06,53.231628,53.384154,52.374576,52.570679,8268200
2017-11-07,52.592478,53.267946,52.527107,53.173527,7824400
2017-11-08,53.253418,53.289736,52.817630,53.093628,8095400
2017-11-09,53.050071,53.326069,52.745020,53.035542,5817800
2017-11-10,52.991948,53.805423,52.439947,53.580261,7698200
2017-11-13,53.202587,53.304271,52.665115,52.912060,8735300
2017-11-14,52.803111,52.817641,50.878381,51.677326,10925600
2017-11-15,51.299629,52.367313,51.226999,52.156681,8539300
2017-11-16,52.113105,52.730472,51.749948,52.592476,7535900
2017-11-17,52.490791,52.745006,52.381849,52.614269,5719100
2017-11-20,52.592472,52.737733,51.967841,52.389099,6452500
2017-11-21,52.345542,52.904803,52.163964,52.665123,6473500
2017-11-22,52.643314,53.086361,52.548890,52.890259,4369000
2017-11-24,52.846677,52.962885,52.461731,52.628780,2335900
2017-11-27,52.665113,52.730478,51.946057,52.076794,4907500
2017-11-28,52.410895,52.788577,51.858894,52.723206,5971200
2017-11-29,52.904783,53.892572,52.708680,53.507626,9913400
2017-11-30,54.103215,54.546267,53.565743,54.313847,11766900
2017-12-01,54.066894,54.916682,53.384156,54.720573,8425000
2017-12-04,54.807722,54.894881,52.955622,53.086353,8617600
2017-12-05,53.086362,53.769100,52.817629,53.231628,8389000
2017-12-06,53.543944,54.001521,52.904783,53.231628,6097900
2017-12-07,53.166270,53.202588,52.447220,52.817642,6172700
2017-12-08,53.311515,54.023301,52.665095,53.907093,7906900
2017-12-11,54.183099,55.396044,54.030574,55.112782,9179900
2017-12-12,55.236264,55.316160,53.928895,55.265312,9281600
2017-12-13,55.425111,56.035219,55.396058,55.621220,9968800
2017-12-14,55.577355,55.921058,54.165983,54.363426,9055400
2017-12-15,54.846049,55.379886,54.187895,55.262878,15367200
2017-12-18,55.599266,55.928346,54.853362,54.941113,9986600
2017-12-19,54.889921,55.094679,54.304900,54.370712,6737600
2017-12-20,53.771065,54.648605,53.690623,54.122082,7349500
2017-12-21,53.917343,54.385362,53.332316,53.398129,7196100
2017-12-22,53.237243,53.639444,52.922792,53.171425,6560200
2017-12-26,53.076351,53.427362,52.878902,53.164101,4471400
2017-12-27,53.186046,53.697940,53.061724,53.368866,3933900
2017-12-28,53.405428,53.507807,52.681462,53.003227,4624200
2017-12-29,52.878922,53.200688,52.367028,52.388966,7370700
2018-01-02,52.791142,54.312202,52.447440,54.187885,7905100
2018-01-03,54.151361,54.729068,53.624838,54.597443,6640000
2018-01-04,54.846057,54.897246,53.793011,54.041649,5074600
2018-01-05,54.239082,54.509658,53.405423,54.495029,7901100
2018-01-08,54.363392,54.641282,53.705244,54.407272,5858500
2018-01-09,54.560846,57.537158,54.531595,57.113014,14824100
2018-01-10,57.113016,57.676105,56.315922,57.559097,10150400
2018-01-11,57.551787,58.268444,56.944828,57.815048,7872900
2018-01-12,58.019818,58.063699,57.515238,57.785809,6366200
2018-01-16,58.319643,59.665197,58.151446,58.685284,11750200
2018-01-17,59.021669,60.016211,58.656028,59.774887,11162800
2018-01-18,59.577445,59.709076,59.065546,59.358059,8527500
2018-01-19,59.453111,59.621302,58.773019,59.219101,7920900
2018-01-22,59.460441,60.001592,59.270312,59.533573,7464500
2018-01-23,59.401949,60.096663,59.167939,59.197186,7198800
2018-01-24,59.445826,60.016224,58.926617,59.453140,4530500
2018-01-25,59.657887,59.848016,59.124050,59.372688,4708000
2018-01-26,59.935768,62.517188,59.877264,62.495251,14617200
2018-01-29,62.246616,65.478875,62.246616,64.937729,19411600
2018-01-30,64.367332,64.594033,63.087590,63.833500,14001200
2018-01-31,63.328905,63.694545,60.908368,61.281322,12790800
2018-02-01,60.842551,61.544585,59.365366,61.054623,7305100
2018-02-02,60.440359,60.944939,59.584762,59.767582,9356300
2018-02-05,59.526242,60.330650,57.288520,57.310463,10810400
2018-02-06,56.564570,58.948547,56.235496,58.780350,13287400
2018-02-07,58.261130,61.851721,58.027120,60.520790,20315600
2018-02-08,60.286785,60.586607,57.091086,57.200779,13853700
2018-02-09,57.698051,58.465893,55.591959,58.005188,13746400
2018-02-12,58.334252,59.540866,58.231873,58.604828,10030700
2018-02-13,58.188003,59.299547,57.515226,59.080166,6596800
2018-02-14,58.648735,60.177115,58.487858,59.833412,7063300
2018-02-15,60.125886,60.184390,59.592048,59.635929,7159700
2018-02-16,59.562788,60.206319,58.948515,59.014328,7548600
2018-02-20,58.656031,59.767581,58.656031,59.189869,7229300
2018-02-21,59.160614,59.913832,58.721847,59.007046,6956900
2018-02-22,59.036279,59.328787,57.902792,58.063675,8382200
2018-02-23,58.370820,59.189857,57.983243,59.167919,5626000
2018-02-26,59.423865,59.913822,58.648704,59.811443,6394400
2018-02-27,59.804149,59.994284,58.721857,58.765732,6748100
2018-02-28,58.860788,59.014357,57.544486,57.573738,7559500
2018-03-01,57.727283,58.370808,56.330534,56.696175,8267500
2018-03-02,56.191598,57.690726,55.869839,57.544472,6625500
2018-03-05,57.200778,57.537167,56.410994,56.981392,10483300
2018-03-06,57.478665,58.524397,57.383600,58.005188,7919400
2018-03-07,57.581043,58.612151,57.127652,58.495144,6715200
2018-03-08,58.473205,58.992413,58.005186,58.553646,5707800
2018-03-09,58.868086,59.270293,58.495132,59.028969,7024800
2018-03-12,59.182550,59.482372,58.809595,59.277615,7515700
2018-03-13,59.328807,60.491546,59.321498,59.760265,7608900
2018-03-14,60.001593,60.381857,59.153305,59.306873,6527300
2018-03-15,59.328971,59.564637,58.378941,58.555695,5946600
2018-03-16,58.857603,59.579333,58.474648,58.725040,9564900
2018-03-19,58.408384,58.548313,56.191653,56.839733,8917300
2018-03-20,56.987016,57.222682,56.493592,56.648247,5798300
2018-03-21,56.515688,57.031211,56.125367,56.331573,5826500
2018-03-22,55.860248,56.530427,55.263720,55.654041,7861000
2018-03-23,55.514094,55.690848,53.562489,53.643494,9268900
2018-03-26,54.623006,55.757151,54.181133,55.631954,7370900
2018-03-27,55.955980,56.081176,54.166390,54.578804,6370900
2018-03-28,54.637736,55.779241,54.424163,55.072243,6487900
2018-03-29,55.337382,56.110664,54.947060,55.521496,5694900
2018-04-02,55.182711,55.300541,52.929155,53.864452,8234600
2018-04-03,54.085383,54.468338,53.046976,54.313683,5987000
2018-04-04,53.724524,55.735054,53.621421,55.528847,7852600
2018-04-05,55.919160,55.955985,54.630360,55.101692,6183000
2018-04-06,54.704011,55.455200,53.547774,54.063297,6439500
2018-04-09,54.409430,55.462563,53.871819,54.350517,6383600
2018-04-10,54.917590,55.587768,54.343154,55.248993,5738900
2018-04-11,55.005958,55.388913,54.652456,54.740833,7850100
2018-04-12,55.109049,56.154816,55.109049,55.447819,4857700
2018-04-13,55.646663,55.852870,55.131146,55.396271,4432100
2018-04-16,55.874986,55.955996,54.674557,55.005966,4720500
2018-04-17,55.197426,55.926523,54.932302,55.580387,4351900
2018-04-18,55.705591,56.022268,55.418374,55.735050,3043700
2018-04-19,55.543567,55.911795,54.372603,54.821842,3958200
2018-04-20,54.792386,54.807113,53.893908,54.276863,5201700
2018-04-23,54.556717,54.733465,54.019101,54.505165,5014300
2018-04-24,54.556727,54.718748,53.216376,53.555145,5562500
2018-04-25,53.606688,54.173757,53.371022,53.945457,6335500
2018-04-26,53.967559,54.733474,53.091173,54.424164,6341200
2018-04-27,54.431520,54.637727,53.834987,54.394695,5030700
2018-04-30,54.541987,54.659822,53.150084,53.194275,8268200
2018-05-01,53.238457,53.636144,52.862862,53.437298,6180800
2018-05-02,50.270541,50.638769,48.620873,49.254227,25822600
2018-05-03,49.048018,49.224766,47.332072,48.009617,15060800
2018-05-04,47.928608,48.392574,47.656117,48.179001,9150500
2018-05-07,48.392575,48.561963,47.449912,47.781315,13201100
2018-05-08,47.862316,48.363107,47.530913,48.031704,8973300
2018-05-09,47.847588,48.672416,47.597190,48.377838,7861000
2018-05-10,48.613517,48.679796,48.024349,48.142185,6614200
2018-05-11,48.031720,49.158498,47.751863,48.723991,10014100
2018-05-14,48.871268,49.843391,48.746072,49.379425,6173700
2018-05-15,49.195324,49.755027,49.077488,49.335247,7483500
2018-05-16,49.342597,50.064327,49.342597,49.747650,6603000
2018-05-17,49.416249,50.174798,49.416249,49.784477,5946200
2018-05-18,49.777104,50.439916,49.592990,50.093781,6336400
2018-05-21,50.189529,50.498839,49.526717,49.806568,6006500
2018-05-22,50.056965,50.587214,49.718195,49.953861,6210200
2018-05-23,49.607730,50.358913,49.600364,50.204258,5093200
2018-05-24,50.108501,50.292615,49.401503,49.732906,4892300
2018-05-25,49.821306,50.027513,49.342608,49.622459,4864600
2018-05-29,49.342596,49.755010,49.129023,49.585629,7820200
2018-05-30,49.828676,49.924414,49.570912,49.850769,5931400
2018-05-31,50.152709,50.189534,49.497263,49.637192,12447300
2018-06-01,49.799212,50.395740,49.725562,50.300003,5128600
2018-06-04,50.218990,52.141143,50.042237,51.706631,11726900
2018-06-05,51.736086,52.089587,51.014356,51.596157,7821200
2018-06-06,51.677161,53.002785,51.323665,53.002785,12376600
2018-06-07,52.936501,52.988052,52.362065,52.951233,7604900
2018-06-08,52.619828,53.231088,52.546183,52.958603,5843100
2018-06-11,52.870237,53.024893,52.369447,52.899696,5425500
2018-06-12,52.848148,53.010170,52.281073,52.789230,6977500
2018-06-13,52.951246,53.010164,52.288433,52.502007,5077000
2018-06-14,52.709876,53.170161,52.346105,52.821236,5226300
2018-06-15,52.784115,53.014261,51.900672,52.138237,11518000
2018-06-18,51.796717,51.922928,51.165685,51.269619,6565300
2018-06-19,50.824204,52.702457,50.601490,52.665340,8634000
2018-06-20,52.680188,53.133048,52.227328,53.051384,6010600
2018-06-21,53.058801,53.222128,52.546548,53.095917,6548400
2018-06-22,53.222111,53.274078,52.583653,52.761826,6118900
2018-06-25,52.502012,53.185012,52.375807,52.813816,6019500
2018-06-26,52.902886,53.504223,51.752176,52.153069,6538300
2018-06-27,52.219886,52.546540,50.928125,50.957821,5818600
2018-06-28,51.856113,52.338669,51.284473,52.212463,7977100
2018-06-29,52.323843,53.081081,52.182786,52.591099,6215700
2018-07-02,52.487151,52.991978,52.190198,52.917740,4086700
2018-07-03,53.006824,53.407717,52.784104,52.954857,3147700
2018-07-05,52.962275,54.112985,52.925159,54.053593,5755400
2018-07-06,54.343136,56.006099,54.194659,55.835346,8859800
2018-07-09,56.013505,57.305272,55.835332,56.896954,8546500
2018-07-10,57.186499,57.490883,56.600008,56.978630,8380800
2018-07-11,56.793023,56.911809,56.191687,56.436672,6138800
2018-07-12,56.837572,58.032825,56.369867,57.609661,8955900
2018-07-13,57.461171,57.824941,57.193909,57.446320,4031200
2018-07-16,57.594831,57.795274,56.963798,57.357265,3093500
2018-07-17,57.245882,57.728438,57.112251,57.312695,4424700
2018-07-18,57.231042,57.743295,57.030599,57.253319,5186600
2018-07-19,57.156800,57.706175,56.481226,57.201347,6488400
2018-07-20,56.689090,57.683893,56.689090,57.438908,5656000
2018-07-23,57.231025,57.862063,57.134516,57.446320,5119800
2018-07-24,57.721016,58.344623,57.461180,57.646778,8686500
2018-07-25,57.513167,58.649027,57.379536,58.589634,7968400
2018-07-26,57.735856,58.678698,56.496062,58.025394,14492500
2018-07-27,58.003140,58.611902,56.889551,57.023182,9455900
2018-07-30,56.770757,57.134528,56.303046,56.659397,5720900
2018-07-31,56.859840,57.966009,56.562887,57.780411,6615100
2018-08-01,57.535416,58.166449,57.446327,57.832375,4246200
2018-08-02,57.676483,58.025408,57.060295,57.631935,5629200
2018-08-03,57.669058,57.869502,57.290436,57.854656,4628600
2018-08-06,57.787843,58.084801,57.357260,57.810120,3955100
2018-08-07,57.862079,58.314939,57.550270,58.188728,5759100
2018-08-08,58.047662,58.188713,57.038008,57.097401,4400600
2018-08-09,57.186507,58.366914,57.104843,57.936325,5835400
2018-08-10,57.550265,57.876919,56.644550,56.963779,5564100
2018-08-13,57.067706,57.520566,56.815290,57.290421,4903400
2018-08-14,57.245880,57.772977,57.245880,57.394356,4399800
2018-08-15,56.718778,56.770745,55.122633,55.560642,11810000
2018-08-16,55.798208,56.184250,55.441858,56.117432,8742100
2018-08-17,55.983819,56.087754,53.496800,54.135258,13337900
2018-08-20,54.150106,54.469335,53.378017,53.719517,9137800
2018-08-21,53.726961,54.551017,53.726961,54.432232,9139900
2018-08-22,54.528722,55.196877,54.350550,54.803410,5083500
2018-08-23,54.595545,54.758873,54.009055,54.447063,4737500
2018-08-24,54.580712,54.944488,54.350572,54.632679,4767100
2018-08-27,54.937049,55.612629,54.818264,55.545811,5355500
2018-08-28,55.530963,56.028365,55.389907,55.627472,4737600
2018-08-29,55.605201,56.280775,55.204309,56.139725,4570500
2018-08-30,56.228816,56.681676,56.050644,56.637135,4459100
2018-08-31,56.659395,56.859838,56.058059,56.221386,4311900
2018-09-04,55.946696,56.213958,54.677205,55.152336,4842300
2018-09-05,55.070669,55.427020,54.870226,55.330505,5069400
2018-09-06,55.211733,55.412177,53.905121,54.105564,5404900
2018-09-07,53.994222,54.046190,53.073651,53.615601,6891900
2018-09-10,53.882835,54.320844,53.712082,53.830868,5009600
2018-09-11,53.897702,53.964520,53.281515,53.623020,5265100
2018-09-12,55.723989,55.813078,54.491620,54.914783,9589000
2018-09-13,55.176621,55.550700,54.540688,55.453442,5607200
2018-09-14,55.520779,55.775156,54.772622,54.899807,4959800
2018-09-17,54.989583,55.012027,54.323723,54.450909,5757200
2018-09-18,54.450919,55.371156,54.002026,55.116779,7251800
2018-09-19,54.967135,55.603067,54.839949,55.273876,3662800
2018-09-20,55.333750,56.081908,55.243969,55.984650,5883700
2018-09-21,55.954715,56.807614,55.924788,56.493389,9578700
2018-09-24,56.328790,57.017094,56.291380,56.575684,4926300
2018-09-25,56.635542,56.852509,56.051980,56.104351,5926500
2018-09-26,56.194131,57.166738,55.999608,56.598137,7527500
2018-09-27,56.598120,57.682947,56.538266,57.293907,5451000
2018-09-28,57.293910,57.787691,56.957236,57.765247,7604800
2018-10-01,57.847538,58.797696,57.638055,58.326359,7820400
2018-10-02,58.378727,58.917402,58.124357,58.857548,7468700
2018-10-03,58.992244,59.560846,58.715430,59.104469,6560100
2018-10-04,58.865054,59.067054,56.732805,57.278957,7705500
2018-10-05,57.436047,58.027092,56.224035,57.039524,6083400
2018-10-08,57.084434,57.346288,56.493388,57.159248,4507100
2018-10-09,57.009612,57.899921,56.732797,57.263988,5367800
2018-10-10,57.024572,57.653022,55.924780,55.947224,6719900
2018-10-11,56.037016,56.253982,53.717728,54.241436,8486100
2018-10-12,54.765149,55.288863,54.061885,55.056931,5638400
2018-10-15,54.847431,55.191583,54.398538,54.450909,5198600
2018-10-16,54.839964,57.189179,54.645442,57.091915,7455100
2018-10-17,56.859981,57.076948,56.216565,56.575684,5455000
2018-10-18,56.530803,56.560730,54.854931,55.490864,6185300
2018-10-19,55.475887,55.962191,54.727730,54.817505,5036500
2018-10-22,54.959673,55.139230,54.002032,54.121735,5351400
2018-10-23,53.523194,54.099273,52.894739,53.620453,5738500
2018-10-24,53.291279,53.912245,50.784946,50.882210,8949100
2018-10-25,51.084212,52.386005,50.313611,51.338589,9388600
2018-10-26,49.969458,52.580527,49.752492,52.176521,11006100
2018-10-29,52.969569,53.859873,51.974518,53.044384,9183400
2018-10-30,53.298753,54.331214,53.149124,53.897282,6632500
2018-10-31,54.174093,54.241425,50.298637,51.009384,17316000
2018-11-01,51.024349,52.685260,50.874720,52.602962,8060600
2018-11-02,53.096768,53.545662,51.540598,51.952087,6061200
2018-11-05,52.281256,52.498223,51.592952,52.056812,6087800
2018-11-06,52.184003,52.670307,52.034374,52.632896,5699000
2018-11-07,53.126671,54.465874,52.640367,54.226463,8635900
2018-11-08,54.054393,54.361140,53.575573,53.777573,5007100
2018-11-09,53.470846,53.800037,52.879801,53.253880,4568000
2018-11-12,53.171581,53.470845,52.415940,52.737648,5300800
2018-11-13,52.819943,54.278854,52.602976,53.059353,4437600
2018-11-14,53.388530,53.650384,52.483260,52.782524,4397200
2018-11-15,52.535631,52.797485,51.203911,52.206440,9249300
2018-11-16,51.959558,52.146597,51.570518,51.772518,8059100
2018-11-19,51.675255,51.802441,50.612873,50.882210,8814700
2018-11-20,51.173985,51.967030,50.530569,50.553013,8511000
2018-11-21,50.553006,50.642787,49.789887,49.932034,8866000
2018-11-23,49.662708,50.156495,49.423298,49.819820,3072800
2018-11-26,50.403385,50.919609,49.423294,50.081676,9451000
2018-11-27,49.744996,50.463227,49.236249,50.455750,8001500
2018-11-28,50.493162,51.779994,50.059235,51.765034,6463100
2018-11-29,51.473247,52.580517,51.413393,52.139107,6468000
2018-11-30,52.169033,54.016977,51.959544,53.822460,8673300
2018-12-03,54.420992,54.540700,52.752604,53.014458,11239300
2018-12-04,52.969575,54.338700,51.862299,52.034378,9935000
2018-12-06,51.405915,52.528152,50.957022,52.513191,8099400
2018-12-07,52.206445,52.371041,50.792427,50.986950,5657500
2018-12-10,51.787479,52.273783,49.303596,50.493164,8927200
2018-12-11,50.971987,51.750072,50.276200,50.665245,5867000
2018-12-12,51.308664,51.862300,50.919619,50.979473,6447900
2018-12-13,51.379344,51.522695,50.330632,50.813492,6198200
2018-12-14,50.398531,50.677681,49.327181,49.470531,8253600
2018-12-17,49.327181,50.624869,48.708517,49.131023,11671600
2018-12-18,49.402623,50.353250,48.512350,48.919758,9325600
2018-12-19,49.123474,50.390983,47.893689,48.436905,9488300
2018-12-20,48.384080,49.304533,47.795596,48.512344,10462600
2018-12-21,48.851854,49.862840,46.965682,47.244835,17586200
2018-12-24,47.131682,47.403291,45.622744,45.675556,6162600
2018-12-26,45.758540,47.705068,45.509564,47.697525,8824400
2018-12-27,47.078860,47.546630,45.622735,47.486271,9548200
2018-12-28,47.388191,47.561719,46.528094,46.686535,6785400
2018-12-31,46.777075,47.584356,46.460199,47.192032,7584000
2019-01-02,46.596006,48.293564,46.399845,47.863514,7839400
2019-01-03,50.013744,50.738033,49.146103,49.229095,14631300
2019-01-04,49.983574,51.628316,49.825136,51.492512,9639500
2019-01-07,51.379340,52.005550,50.828580,51.726395,10504100
2019-01-08,51.945178,52.171521,50.617312,51.371780,7527400
2019-01-09,51.454779,51.801840,50.956832,51.258621,5770000
2019-01-10,51.107737,51.507604,50.617331,51.334080,5715900
2019-01-11,51.152993,51.605673,50.881384,51.424603,5663100
2019-01-14,51.130370,51.258634,50.632423,50.738049,9172500
2019-01-15,50.692758,51.839548,50.572041,51.696198,7199500
2019-01-16,51.507593,51.960279,50.964381,51.032280,6142300
2019-01-17,50.956843,52.028187,50.896484,51.794304,5224500
2019-01-18,52.239419,52.495942,51.688660,52.194153,8358800
2019-01-22,51.862187,51.922546,51.318968,51.718842,9827000
2019-01-23,51.696216,52.443144,51.168090,51.492512,6952600
2019-01-24,51.628301,51.650934,50.941731,51.198254,7750900
2019-01-25,51.432153,52.269614,51.379340,51.982918,8809600
2019-01-28,51.620775,52.058369,50.821040,51.236000,7120000
2019-01-29,51.356700,52.782646,51.334067,52.503490,6989300
2019-01-30,52.375243,53.039179,51.756578,52.684578,5113400
2019-01-31,52.669469,53.054249,52.118710,52.820366,8343700
2019-02-01,52.812833,53.190068,52.329974,52.850559,6502100
2019-02-04,52.707208,53.008997,52.224349,52.850559,6913800
2019-02-05,51.115267,52.073440,50.360798,51.062454,14500600
2019-02-06,50.987009,52.292236,50.753119,51.869736,7580200
2019-02-07,51.628322,51.884839,50.489072,50.760681,6643400
2019-02-08,50.489062,51.009647,50.051469,50.904022,5522200
2019-02-11,51.017185,51.281248,50.768209,51.017185,5505500
2019-02-12,48.874493,49.372446,48.255829,49.342266,15927900
2019-02-13,49.470528,50.300442,49.410169,49.749683,9047500
2019-02-14,49.893024,50.390976,49.553515,50.074100,5737100
2019-02-15,50.330622,51.070004,50.172184,50.994553,6214200
2019-02-19,50.805942,51.130364,50.285363,50.368355,6396200
2019-02-20,50.300447,50.768220,50.187275,50.534336,5679800
2019-02-21,50.496613,50.519247,49.221559,49.455448,5607900
2019-02-22,49.500710,49.764773,49.289460,49.598789,4925500
2019-02-25,49.840230,49.840230,49.214025,49.304558,7090500
2019-02-26,49.229103,49.659150,49.108385,49.251736,5957800
2019-02-27,49.123476,49.877945,49.048031,49.470531,7645100
2019-02-28,49.191381,49.538442,48.836785,49.055576,7227300
2019-03-01,49.508259,50.006206,49.342275,49.802502,6002500
2019-03-04,49.945841,50.149551,48.965035,49.379990,8409600
2019-03-05,49.214022,49.530898,48.550086,48.580265,7405400
2019-03-06,48.625524,48.731149,47.350473,47.471188,9442500
2019-03-07,47.478730,47.674890,46.746894,47.176941,7618500
2019-03-08,46.950602,47.840875,46.777074,47.705070,7639700
2019-03-11,47.810690,48.693420,47.584350,48.542522,5207900
2019-03-12,48.693431,49.251736,48.406735,48.912228,5235600
2019-03-13,49.183830,49.757222,48.949941,49.606331,6276300
2019-03-14,49.545400,49.743461,49.019778,49.354958,7958500
2019-03-15,49.309241,50.116713,49.309241,49.994827,11976800
2019-03-18,50.116724,50.200519,49.385427,49.530159,8066900
2019-03-19,49.514926,50.352870,49.438751,49.888191,6860800
2019-03-20,49.568256,49.705375,49.042634,49.210224,8408200
2019-03-21,48.859801,49.530155,47.991386,49.453979,9069500
2019-03-22,49.408273,49.591096,48.524622,48.577946,5911900
2019-03-25,48.600806,48.745543,47.938068,48.593189,7686800
2019-03-26,48.791246,49.476833,48.715067,48.935978,6332400
2019-03-27,48.859797,49.179738,48.341794,48.494148,5919600
2019-03-28,48.692208,48.707444,48.120882,48.517002,5256000
2019-03-29,49.438746,49.994834,49.248304,49.522541,9601400
2019-04-01,49.926281,50.459517,49.705368,50.185280,5757300
2019-04-02,50.040542,50.870866,50.040542,50.459511,6932100
2019-04-03,50.794694,50.870869,50.413810,50.779461,6687000
2019-04-04,50.756602,51.221281,50.680426,50.916573,5713800
2019-04-05,51.190798,51.853538,50.969891,51.449802,5401100
2019-04-08,51.335554,51.655495,50.962289,51.327934,5308400
2019-04-09,51.244136,51.510759,50.230989,50.345249,5908000
2019-04-10,51.213679,51.472677,50.870879,51.343178,7451400
2019-04-11,51.678352,51.800238,50.299554,50.512848,5994400
2019-04-12,50.855641,50.916578,49.575871,49.728222,6975400
2019-04-15,49.819628,50.246216,49.134035,49.842480,4766400
2019-04-16,50.162427,50.390960,49.019775,49.164513,5820700
2019-04-17,49.194988,49.286397,48.105660,48.181835,7888400
2019-04-18,48.456067,48.456067,46.894443,47.953300,11552900
2019-04-22,47.823797,48.242772,46.886823,47.130589,11480600
2019-04-23,47.282946,48.258008,47.145828,48.021862,10286600
2019-04-24,48.113257,48.136109,47.381960,47.839020,6130200
2019-04-25,47.587655,49.004544,47.267711,48.859806,7944700
2019-04-26,49.080715,49.758688,48.989300,49.629189,8144600
2019-04-29,49.560627,49.971982,49.370185,49.453979,5252500
2019-04-30,49.476837,49.712989,48.715071,49.545399,7164900
2019-05-01,49.377799,49.979596,49.103562,49.415890,5779700
2019-05-02,49.294015,49.812018,48.905512,49.743462,5735800
2019-05-03,50.253834,51.602161,50.200510,51.137482,8822500
2019-05-06,50.528074,51.647874,50.307161,51.564079,6304700
2019-05-07,51.076545,51.419338,50.223362,50.581394,7281300
2019-05-08,50.413812,50.611873,49.674896,50.330017,6509500
2019-05-09,49.949121,50.649946,49.332091,50.375710,6116700
2019-05-10,50.307163,50.489986,48.844570,49.949131,5953400
2019-05-13,49.073094,49.156889,48.113268,48.882652,8146000
2019-05-14,48.935975,49.979599,48.829328,49.575863,6810900
2019-05-15,49.263544,50.109107,49.050250,49.743462,5381500
2019-05-16,49.964355,50.817537,49.888179,50.109093,7535400
2019-05-17,50.101480,51.206047,49.971981,50.550926,6660900
2019-05-20,50.269068,50.451896,49.949127,50.170040,4473900
2019-05-21,50.444275,50.825159,50.131947,50.672802,5118200
2019-05-22,50.474759,50.886114,50.071022,50.657581,5764800
2019-05-23,50.848020,51.388875,50.558550,51.167961,6707200
2019-05-24,51.267002,51.396501,50.619494,50.954674,4197900
2019-05-28,49.751071,50.116722,48.715069,48.730305,9821600
2019-05-29,48.456072,48.547484,47.869511,48.273247,7193700
2019-05-30,48.341800,48.478919,47.846653,48.250389,4311900
2019-05-31,47.816179,48.037092,47.359116,47.420059,4871900
2019-06-03,47.610503,49.088335,47.366738,48.471302,9150900
2019-06-04,48.730308,49.301634,48.494159,48.996925,5647800
2019-06-05,49.362562,49.393028,48.448437,49.088326,5226500
2019-06-06,49.095953,49.362576,48.425599,48.547482,4982500
2019-06-07,48.859805,49.994838,48.349422,49.781544,6255100
2019-06-10,49.819633,50.482367,49.728219,50.368107,5942700
2019-06-11,50.375723,50.908964,50.238605,50.352871,5144600
2019-06-12,50.566157,51.388867,50.436657,50.870865,6406800
2019-06-13,50.993910,51.716793,50.986224,51.516846,4452900
2019-06-14,51.455333,51.509164,50.909321,51.032368,5333800
2019-06-17,51.116969,51.870609,50.809359,51.601452,5287300
2019-06-18,52.024417,52.985696,51.816778,52.447376,7385700
2019-06-19,52.316633,52.601174,52.024407,52.493511,4643100
2019-06-20,52.901097,53.308678,52.070550,52.731911,4968300
2019-06-21,52.701140,53.424024,52.501193,53.354809,8718500
2019-06-24,53.162562,53.431725,52.831882,52.939545,4013700
2019-06-25,52.870330,53.816231,52.393534,52.662697,6293200
2019-06-26,52.678079,52.708841,51.201557,51.278458,9479000
2019-06-27,51.247695,51.824462,50.955469,51.586067,5996900
2019-06-28,51.639896,52.308942,51.416879,51.955193,19742500
2019-07-01,52.293574,52.954935,51.739877,52.162842,6014500
2019-07-02,52.785742,53.016452,52.262806,52.939545,6010200
2019-07-03,53.116411,53.116411,52.539644,53.062580,2906000
2019-07-05,52.724203,53.331732,52.562709,52.701134,4118300
2019-07-08,52.501192,52.655000,51.032361,51.893669,7191900
2019-07-09,51.662956,52.431979,51.332276,52.101299,5201400
2019-07-10,52.293565,52.701146,51.447641,51.878292,4072300
2019-07-11,51.532229,51.824456,50.401764,50.901630,5833100
2019-07-12,50.886241,51.278444,50.670915,50.955456,4740700
2019-07-15,51.509161,52.485817,51.401492,52.347393,7495100
2019-07-16,52.347391,52.447362,51.147717,51.478397,5573200
2019-07-17,51.624518,51.847536,51.378431,51.463024,4858500
2019-07-18,51.239997,51.985950,50.986224,51.686031,4002500
2019-07-19,51.924431,51.932123,49.917287,50.017258,8876400
2019-07-22,50.217197,50.617086,49.794232,49.917278,6302600
2019-07-23,50.040316,51.093880,49.740398,51.063118,7854200
2019-07-24,51.124655,51.386120,50.624789,51.247696,4592400
2019-07-25,51.193862,51.578373,50.909321,51.001606,4061200
2019-07-26,51.024681,51.555309,50.694001,51.463024,4790600
2019-07-29,52.362772,52.601173,51.755249,52.193592,5571700
2019-07-30,52.139761,52.162831,51.263076,51.593750,6694500
2019-07-31,50.486360,51.309214,49.340517,50.386383,10366300
2019-08-01,50.494059,51.355361,50.048024,50.347942,8259800
2019-08-02,50.132606,50.340240,49.409722,49.948036,6753100
2019-08-05,49.448172,49.694259,48.348466,48.725288,7230000
2019-08-06,48.802199,49.332827,48.171600,49.202091,7052100
2019-08-07,48.709914,49.371271,48.094696,49.125187,5450400
2019-08-08,49.002152,49.909599,48.917559,49.848076,5188900
2019-08-09,49.755786,50.540192,49.494321,50.171059,5233000
2019-08-12,49.932664,50.347937,48.825272,49.202091,5703200
2019-08-13,49.002135,49.978791,49.002135,49.448170,4779600
2019-08-14,48.979076,49.063669,48.386928,48.540733,6382100
2019-08-15,48.663772,49.071356,48.325403,48.348473,4490800
2019-08-16,48.763747,48.840648,48.325404,48.556110,6967500
2019-08-19,48.979068,49.540454,48.979068,49.302059,6163200
2019-08-20,49.248235,49.455869,48.740680,48.786819,5286400
2019-08-21,49.248235,49.417421,48.963694,49.317444,4493700
2019-08-22,49.455871,49.755789,48.863726,49.386662,5084900
2019-08-23,49.271298,49.732710,47.825534,48.071621,7488300
2019-08-26,48.679151,48.702223,47.933200,48.448444,4053200
2019-08-27,48.840654,49.132883,48.402311,48.686852,5227000
2019-08-28,48.479215,49.363593,48.240817,48.940628,5441100
2019-08-29,49.425105,49.540459,48.671465,49.025215,4758500
2019-08-30,49.209785,49.225166,48.333096,48.863724,5301200
2019-09-03,48.563790,48.709903,47.887049,48.425365,4909200
2019-09-04,48.725298,48.963693,47.979345,48.656086,5898200
2019-09-05,48.786817,49.601983,48.702227,49.263611,6011100
2019-09-06,49.448186,49.986500,49.155954,49.848076,6833300
2019-09-09,49.717341,51.193864,49.701958,51.009300,8701000
2019-09-10,50.817044,51.662968,50.578643,51.586067,7419700
2019-09-11,51.516838,52.416599,51.516838,52.355076,8853300
2019-09-12,52.393900,52.424949,51.431406,51.509026,6495500
2019-09-13,51.811735,52.386126,51.198532,51.633205,4814700
2019-09-16,51.454688,51.563356,50.965680,51.136440,4644100
2019-09-17,51.151954,51.415861,50.670704,51.361526,4819800
2019-09-18,51.237346,51.346014,50.538759,51.012245,4295400
2019-09-19,51.113160,51.571125,50.950158,51.198544,4171100
2019-09-20,51.144200,52.021310,51.144200,51.555588,9700400
2019-09-23,51.423632,51.485730,50.360228,51.020008,5259100
2019-09-24,51.221825,51.252874,49.863465,50.111851,5823400
2019-09-25,50.065273,50.329180,49.692692,49.832409,4914500
2019-09-26,50.003177,50.003177,48.970825,49.133827,6398400
2019-09-27,49.343405,49.615076,48.567200,48.823349,7410900
2019-09-30,48.900971,49.529699,48.792303,49.195930,8291400
2019-10-01,49.366691,49.933324,48.869920,49.071735,4899200
2019-10-02,48.854403,48.854403,47.752192,47.829811,6409700
2019-10-03,47.922941,48.388663,47.263164,48.303280,6325200
2019-10-04,48.474057,48.683633,48.062666,48.559441,5138700
2019-10-07,48.551681,49.351175,48.342105,48.691399,5980700
2019-10-08,48.380907,48.505099,47.635747,47.884132,4559800
2019-10-09,48.349855,48.458523,47.938464,48.109230,3516200
2019-10-10,48.217898,49.219204,48.124754,49.102772,5718400
2019-10-11,49.638366,50.057514,49.421026,49.669415,5598100
2019-10-14,49.545212,50.468893,49.545212,50.073032,4354500
2019-10-15,50.321435,51.027779,50.150669,50.686253,5675700
2019-10-16,50.499951,51.136440,50.453381,50.725052,4854900
2019-10-17,50.686250,50.988970,50.282620,50.631916,4682600
2019-10-18,50.763857,50.802664,49.832407,50.383518,8805600
2019-10-21,50.406798,50.740567,50.298130,50.616371,3737000
2019-10-22,51.004482,51.687541,50.973433,51.120914,5881800
2019-10-23,51.012242,51.734113,50.864761,51.679779,6056100
2019-10-24,51.811730,51.811730,50.942378,51.229576,5555400
2019-10-25,48.900971,49.886750,48.528393,49.149357,12014700
2019-10-28,49.389990,49.638376,48.730213,49.467609,7854900
2019-10-29,49.677172,49.677172,49.095018,49.250259,5534200
2019-10-30,49.250256,49.366685,48.644814,49.017395,6289200
2019-10-31,48.831108,49.537455,48.699155,49.452072,6438100
2019-11-01,49.653896,50.445623,49.490890,50.189480,4956800
2019-11-04,50.577564,50.825950,49.700448,50.616371,7008700
2019-11-05,50.771623,51.439155,50.600857,50.756096,6599100
2019-11-06,50.942382,51.361534,50.507709,50.771622,6010500
2019-11-07,50.468898,50.585330,49.242495,49.646122,7746000
2019-11-08,49.312350,50.856997,49.304589,50.748329,4953100
2019-11-11,50.468906,50.569817,49.933328,50.173950,3696400
2019-11-12,50.111852,50.344716,49.793610,49.925564,4243200
2019-11-13,49.793604,49.793604,48.978586,49.157116,4482600
2019-11-14,49.079493,49.677172,48.419719,49.529694,7548200
2019-11-15,49.801365,50.624142,49.677170,50.507710,6908600
2019-11-18,50.360230,50.585330,49.459834,49.902271,6163600
2019-11-19,50.243815,50.492201,50.065285,50.453388,6135100
2019-11-20,50.282614,50.686244,50.049756,50.360233,7633900
2019-11-21,50.530995,51.074342,50.073036,51.020008,5392000
2019-11-22,51.066581,51.183014,50.600859,50.655193,4589300
2019-11-25,50.880301,52.223134,50.833724,52.176563,7492900
2019-11-26,51.982511,52.510331,51.757411,52.223133,6923500
2019-11-27,52.223135,52.386138,51.772935,52.098946,4980300
2019-11-29,52.036843,52.285228,51.858313,52.192081,2658800
2019-12-02,52.199841,52.409414,51.183014,51.322731,7642100
2019-12-03,51.066591,51.384833,50.585341,51.283928,5333300
2019-12-04,51.462447,52.176555,51.276153,51.811737,5093400
2019-12-05,51.928172,51.966978,50.763863,51.175251,5847800
2019-12-06,51.563359,52.432712,51.291688,52.067894,4140400
2019-12-09,52.145498,52.688840,51.873827,51.951447,5983700
2019-12-10,51.889364,52.145513,51.330495,52.067894,4272900
2019-12-11,52.285232,52.774239,52.091180,52.611237,5589800
2019-12-12,52.619066,53.402555,52.509373,52.987301,5732200
2019-12-13,51.906091,52.344842,51.287135,51.530014,8198900
2019-12-16,51.906092,52.329177,51.780732,51.804241,11647500
2019-12-17,51.851242,52.031447,51.545682,51.866909,7881300
2019-12-18,51.953102,52.101967,51.130443,51.459507,10105600
2019-12-19,51.639707,51.639707,51.052091,51.153942,9495300
2019-12-20,51.388990,52.493711,51.059926,52.376186,23440000
2019-12-23,52.258656,52.807101,52.133301,52.297832,7038200
2019-12-24,52.344845,52.446702,51.937434,52.274334,1965800
2019-12-26,52.266494,52.423195,51.827742,52.015778,3527400
2019-12-27,52.007951,52.094135,51.483016,51.671051,4463900
2019-12-30,51.498680,51.788567,50.777866,50.871887,5864300
2019-12-31,50.660352,50.973742,50.417467,50.911068,6984700
2020-01-02,51.341984,51.506516,50.958077,51.106941,5038200
2020-01-03,50.636835,51.216620,50.581991,50.981571,4689700
2020-01-06,50.668184,51.577033,50.660353,51.436005,8248700
2020-01-07,51.130447,51.153951,50.276442,51.020760,8082600
2020-01-08,51.012915,51.898255,50.777866,51.553524,6607300
2020-01-09,51.561354,51.765063,51.161780,51.584858,5942300
2020-01-10,51.710222,51.780733,50.911066,50.950237,5153900
2020-01-13,50.965917,51.130449,50.205932,50.386131,6868900
2020-01-14,50.464476,50.581994,50.072729,50.299938,9929700
2020-01-15,50.198088,50.871889,50.127574,50.221592,7080600
2020-01-16,50.370463,50.440974,49.453780,49.516460,10633900
2020-01-17,49.751500,49.751500,49.022856,49.344086,13457600
2020-01-21,49.289246,49.297079,48.756473,49.069870,12261100
2020-01-22,49.203051,49.696649,49.046352,49.673145,7906100
2020-01-23,49.555628,50.190251,49.156050,50.096233,14648700
2020-01-24,50.198091,50.299943,49.234401,49.477283,18685100
2020-01-27,49.359759,50.362623,49.203061,50.010056,10421600
2020-01-28,50.339113,50.832708,50.213752,50.425297,10241100
2020-01-29,50.472303,51.036415,50.315608,50.378288,7071000
2020-01-30,50.064885,50.221581,49.383249,50.166737,8771800
2020-01-31,49.986552,50.088407,49.046366,49.516460,11416800
2020-02-03,53.073487,53.809968,51.310638,51.992275,35527100
2020-02-04,53.277202,53.285038,52.399693,52.807110,15904100
2020-02-05,51.882584,52.141136,50.198083,51.608364,21184500
2020-02-06,52.720908,54.765812,51.749384,53.441715,28805500
2020-02-07,54.828508,55.776528,53.582759,53.958836,27320100
2020-02-10,54.311409,54.374090,52.971645,54.052856,24347800
2020-02-11,54.005837,54.052844,52.885449,53.089157,12858700
2020-02-12,52.885450,53.136166,51.960933,52.454529,13927100
2020-02-13,52.595560,53.096992,52.117632,52.337013,8031000
2020-02-14,52.814942,53.010814,52.525050,52.932461,9109100
2020-02-18,52.932452,53.120494,52.266489,52.501537,9904700
2020-02-19,52.650408,52.916798,52.352685,52.767933,7754000
2020-02-20,52.697414,52.775762,51.788565,52.493706,8697200
2020-02-21,52.634725,54.671792,52.344832,54.609112,22478200
2020-02-24,57.891939,58.385534,56.089914,57.116287,42905000
2020-02-25,57.766586,57.860600,54.076351,54.922520,39199200
2020-02-26,55.878381,59.129859,55.408290,58.526569,35000500
2020-02-27,61.354957,61.801545,56.614857,56.928253,51482500
2020-02-28,54.977363,55.690340,52.203814,54.342739,33786900
2020-03-02,55.094880,59.082837,54.906845,59.075001,31113000
2020-03-03,58.189662,58.620583,56.027239,58.142654,24482000
2020-03-04,58.683249,59.552921,56.873388,59.552921,23741700
2020-03-05,58.761610,60.720331,58.393370,59.646950,22727600
2020-03-06,59.012335,62.992457,58.839967,62.851429,31704700
2020-03-09,61.049392,61.260937,57.265143,57.602043,32839400
2020-03-10,59.161198,59.200369,53.888320,56.677536,27660000
2020-03-11,57.899785,59.059345,57.022276,57.743084,32018600
2020-03-12,55.702866,57.616563,53.678453,54.232006,26364600
2020-03-13,56.881143,56.936498,53.377967,55.948017,30116100
2020-03-16,53.172341,57.569107,50.934426,54.485046,26764600
2020-03-17,55.354917,60.162888,54.564132,58.929260,28823700
2020-03-18,58.209648,63.262760,57.703546,62.804104,34965900
2020-03-19,64.037730,67.983743,61.910518,62.116123,46268200
2020-03-20,62.867370,64.528017,57.070918,57.932877,35110200
2020-03-23,59.546066,59.546066,54.453412,57.418854,19875200
2020-03-24,59.411609,59.965161,57.023444,58.486393,20608100
2020-03-25,58.415242,58.905524,54.832984,55.086040,24138100
2020-03-26,55.275835,58.446883,55.157216,58.407341,18351900
2020-03-27,58.288722,59.617240,56.865313,57.608646,16521600
2020-03-30,59.585613,60.431752,58.431068,60.044270,15929400
2020-03-31,60.060067,60.360569,58.351976,59.119038,12111900
2020-04-01,58.771105,58.826459,56.936485,57.339787,12177600
2020-04-02,56.786221,61.269973,56.446183,60.874580,20482100
2020-04-03,61.214628,62.843642,60.384302,61.847252,19421800
2020-04-06,62.661739,62.985963,60.004703,61.467659,19101100
2020-04-07,61.127645,61.428141,57.331877,59.047878,19917900
2020-04-08,59.095319,59.411628,58.178006,59.300919,12215400
2020-04-09,58.810648,58.992526,57.687730,58.130573,12798600
2020-04-13,59.941462,60.099616,58.296629,59.530251,16255600
2020-04-14,60.083804,61.562567,59.577697,61.483490,14379300
2020-04-15,60.226152,60.566184,58.889724,59.016247,11397400
2020-04-16,59.182312,60.858778,58.873907,60.526649,20935400
2020-04-17,67.351102,67.841391,64.061442,66.417976,94348500
2020-04-20,65.627201,67.359021,63.776769,64.259148,31003600
2020-04-21,63.460450,65.034109,61.886791,62.100300,19989400
2020-04-22,62.930629,64.496379,62.321722,64.298683,13970300
2020-04-23,64.978749,66.425886,58.834357,61.507206,65439700
2020-04-24,60.969484,63.381379,60.297318,62.978077,24424200
2020-04-27,63.183685,63.579078,61.870980,63.183685,14640700
2020-04-28,63.175780,63.318121,61.744461,62.211021,9778200
2020-04-29,66.402156,67.224573,63.302283,65.745804,78230200
2020-04-30,67.588350,67.746504,64.314503,66.425896,39332600
2020-05-01,64.211686,64.369846,61.380683,63.223206,34498100
2020-05-04,64.543822,64.654531,62.622216,63.460445,19203000
2020-05-05,62.732931,63.128323,62.084488,62.582680,14925900
2020-05-06,62.392896,62.756656,61.096010,61.262074,12591900
2020-05-07,61.602123,62.021238,60.740165,61.372795,13491700
2020-05-08,61.491404,62.029138,60.787607,61.277889,10539200
2020-05-11,61.499326,63.990299,61.380713,63.895409,13340500
2020-05-12,63.428810,63.642325,61.610010,61.641636,12140800
2020-05-13,62.709201,62.748736,60.811317,60.937840,11166300
2020-05-14,60.534551,61.530935,59.965185,61.072285,10711900
2020-05-15,60.471293,60.771789,59.664690,60.305229,12350800
2020-05-18,60.463369,60.495001,58.407331,59.119038,16586800
2020-05-19,58.257082,59.190208,57.173711,57.205338,14152000
2020-05-20,57.577016,58.589219,57.497939,58.431065,13429500
2020-05-21,58.098935,58.462695,57.640279,58.122658,7193500
2020-05-22,57.798421,58.114735,57.497925,57.996117,6268500
2020-05-26,58.502244,58.755295,57.260712,57.869614,12308100
2020-05-27,57.236986,59.293031,57.236986,59.229767,11752300
2020-05-28,59.300922,60.234048,59.237664,59.561882,10511700
2020-05-29,59.917740,61.776089,59.000433,61.546761,24375100
2020-06-01,59.680486,60.811308,58.818528,59.435345,14665300
2020-06-02,58.810648,59.024157,57.695639,57.932877,16897900
2020-06-03,58.818535,58.952973,58.011938,58.834354,12654500
2020-06-04,58.612944,61.823526,58.470602,61.317425,14740900
2020-06-05,60.692711,61.309522,60.257777,60.692711,11047100
2020-06-08,62.709213,62.717117,60.676897,60.866684,17973400
2020-06-09,60.890404,61.783988,60.645263,61.356964,7804300
2020-06-10,61.523030,61.989590,60.795504,60.945755,7790800
2020-06-11,60.586734,60.802144,58.041675,58.113476,12098200
2020-06-12,58.504424,58.815575,57.371516,58.400703,8375600
2020-06-15,58.448572,59.413938,57.770423,59.015026,6411800
2020-06-16,59.509675,60.363353,58.799613,59.533615,9619700
2020-06-17,59.461799,59.685188,58.759716,58.847477,7534100
2020-06-18,58.552275,59.182557,58.249104,59.070862,5516100
2020-06-19,59.453820,62.230249,59.118735,61.807404,19322700
2020-06-22,61.017556,61.232966,59.868688,60.371315,8943000
2020-06-23,60.371329,60.690460,59.685200,59.876682,7117100
2020-06-24,59.756997,60.674495,59.621368,60.578754,7982000
2020-06-25,60.475036,60.538858,59.302235,60.227707,7172900
2020-06-26,59.916551,60.131967,58.823537,59.493706,10389200
2020-06-29,61.057462,61.081396,59.150664,59.485748,8775300
2020-06-30,59.310209,61.560078,58.967151,61.384556,9402600
2020-07-01,61.512202,61.615923,60.554816,60.682465,7786900
2020-07-02,60.881935,61.504237,60.355375,60.913849,6381000
2020-07-06,61.839327,61.959002,60.690459,61.240959,7056600
2020-07-07,61.025536,61.400514,60.881927,60.969688,5055700
2020-07-08,61.193081,61.432430,59.780935,60.323456,6293500
2020-07-09,59.924550,60.506958,58.999071,59.605419,5199800
2020-07-10,60.714401,61.312769,60.251662,60.889923,9553800
2020-07-13,61.049465,62.501504,60.594706,61.177120,9626600
2020-07-14,60.802145,61.711664,60.187823,61.584015,6904200
2020-07-15,61.424452,61.663801,60.826084,61.153194,6018800
2020-07-16,61.113293,61.232968,60.339403,61.145206,4862200
2020-07-17,61.057440,61.951005,60.802137,61.839310,6940100
2020-07-20,62.030815,62.980227,61.655836,62.294098,6974400
2020-07-21,61.711656,62.222263,61.113288,61.256897,5636600
2020-07-22,61.328710,61.631881,60.602687,60.834057,4734800
2020-07-23,60.977671,61.272868,60.131979,60.283562,5854400
2020-07-24,60.211758,60.355367,58.336874,58.751740,8149000
2020-07-27,58.951205,59.509679,58.496445,59.469791,7678500
2020-07-28,59.573486,59.868683,58.727795,58.823536,5484400
2020-07-29,58.919280,58.919280,57.866153,58.249111,8345200
2020-07-30,57.882119,57.922006,57.211943,57.706596,9274100
2020-07-31,55.632248,56.509852,54.666876,55.472679,20551100
2020-08-03,55.624278,57.562990,55.536517,57.227905,9671800
2020-08-04,57.459266,57.690636,56.222643,56.549747,9799700
2020-08-05,56.358266,56.493894,55.033881,55.049835,12271400
2020-08-06,55.065797,55.552470,54.746672,54.898254,8318000
2020-08-07,55.337051,55.632248,54.898246,55.329071,8069000
2020-08-10,55.169516,55.249297,54.220103,54.658909,10278000
2020-08-11,54.611039,55.193454,54.188194,54.331802,10236900
2020-08-12,54.802515,55.137600,54.555186,54.922184,9116600
2020-08-13,55.025908,55.201430,54.244038,54.395626,7468100
2020-08-14,54.323803,54.906217,54.252001,54.650913,9169200
2020-08-17,54.507315,55.329072,54.499335,55.169510,6848800
2020-08-18,55.233341,55.648206,55.033885,55.097706,6327500
2020-08-19,52.807953,53.829166,52.257453,52.417015,19680300
2020-08-20,52.528699,52.784008,52.297335,52.696247,8339300
2020-08-21,52.480848,53.350480,52.185658,53.055283,9898000
2020-08-24,52.943585,53.422278,52.297350,52.720196,8566200
2020-08-25,52.584552,52.847829,52.424984,52.696247,7456600
2020-08-26,52.560624,52.560624,51.986196,52.337234,7522600
2020-08-27,52.329256,52.536691,52.113846,52.297348,7919600
2020-08-28,52.034058,52.456903,51.842582,52.065971,6821000
2020-08-31,52.225537,53.366425,52.193623,53.254730,9083900
2020-09-01,52.919656,53.031351,51.786748,52.520744,8348000
2020-09-02,52.113838,53.422269,52.113838,53.286640,8334700
2020-09-03,53.302608,53.797261,52.241507,52.584572,10457400
2020-09-04,52.432979,53.406325,52.321284,52.664349,8762200
2020-09-08,51.954283,52.153739,51.020827,51.172413,10729400
2020-09-09,51.284111,51.922373,50.749571,51.467613,9309700
2020-09-10,51.611223,51.890461,50.701702,50.877224,8420600
2020-09-11,51.355919,52.584569,51.236244,52.321285,10213000
2020-09-14,51.950439,54.755952,51.845631,53.482182,18854200
2020-09-15,54.046509,54.119063,53.143582,53.369312,8327700
2020-09-16,53.466067,53.651492,52.893678,52.925926,7563600
2020-09-17,52.256786,52.837238,51.918190,52.434147,8498300
2020-09-18,52.361592,52.538953,51.636032,52.442215,14256900
2020-09-21,52.248723,52.377716,51.160377,51.765015,8575200
2020-09-22,51.660208,52.063300,51.023323,51.112003,7228200
2020-09-23,51.200686,51.660214,50.789534,50.862091,8520200
2020-09-24,50.547678,50.660543,49.701186,50.184895,9004600
2020-09-25,50.063966,50.394501,49.797927,50.184895,7142800
2020-09-28,50.741162,51.120069,50.402567,50.668606,7474700
2020-09-29,50.757283,50.813715,49.943039,50.063965,8657900
2020-09-30,50.265513,51.136192,50.072031,50.942707,10072600
2020-10-01,51.055564,51.361911,50.555729,51.047501,8356500
2020-10-02,51.031399,51.466739,50.104290,50.120411,7796600
2020-10-05,51.361924,51.668271,50.870151,51.273243,10193900
2020-10-06,51.426414,51.426414,50.265508,50.402561,8398100
2020-10-07,50.571869,50.926588,50.217149,50.660549,6351400
2020-10-08,51.055564,51.636017,50.805646,51.047501,6434900
2020-10-09,52.087490,52.151986,51.369987,51.466728,9364500
2020-10-12,51.652153,52.393840,51.232937,52.039124,7750200
2020-10-13,52.039117,52.393833,51.595714,51.990742,6450200
2020-10-14,51.926251,52.071358,51.144249,51.636024,7138900
2020-10-15,51.176494,51.232927,50.507364,50.757278,9630700
2020-10-16,50.305823,50.676667,49.846299,49.983349,12307200
2020-10-19,49.983347,50.063964,48.540279,48.830505,9643600
2020-10-20,48.846629,49.096547,48.258115,48.814381,9208000
2020-10-21,48.564456,48.774062,48.290353,48.540268,7493700
2020-10-22,48.306488,49.096550,48.088821,48.911125,17061800
2020-10-23,51.095884,51.305490,48.983682,49.007870,30965400
2020-10-26,48.661220,48.927258,47.887284,48.338745,10256300
2020-10-27,48.217806,48.540277,47.919516,48.379040,7699900
2020-10-28,47.814717,48.024324,46.806989,47.339069,12150800
2020-10-29,46.597385,47.476124,45.984687,47.185898,12529400
2020-10-30,46.589328,47.226214,46.097556,46.879555,11869100
2020-11-02,47.387444,47.685734,46.621572,47.185898,9352600
2020-11-03,47.419686,47.879210,47.081091,47.427750,6599700
2020-11-04,47.879211,49.330340,47.863087,48.266178,12935200
2020-11-05,48.645082,48.749887,47.726034,48.072693,7519800
2020-11-06,47.903398,47.967894,47.339072,47.621235,7209800
2020-11-09,47.887272,48.669268,47.556737,47.605106,10807100
2020-11-10,47.113332,49.539945,46.903726,48.870811,10524400
2020-11-11,49.120736,49.273910,48.016266,48.451603,7336400
2020-11-12,48.290365,48.362922,47.500303,48.354858,9226200
2020-11-13,48.338749,49.161056,48.185575,48.846645,6740800
2020-11-16,48.580584,49.419015,48.572524,49.249718,6969300
2020-11-17,49.015932,49.217478,48.669273,49.152985,5488400
2020-11-18,49.209419,49.693128,48.822451,49.096554,8884200
2020-11-19,48.774083,49.144926,48.290374,48.878887,7525100
2020-11-20,48.048512,48.580593,47.951771,48.459667,9440800
2020-11-23,48.427420,48.604781,47.863091,48.282307,8684000
2020-11-24,48.072696,49.161042,48.040448,48.572529,7827300
2020-11-25,48.516085,48.725691,47.943696,47.967880,8336100
2020-11-27,48.080757,48.419356,47.790531,48.395168,5040700
2020-11-30,48.177499,49.007869,48.080758,48.911125,16315700
2020-12-01,49.032056,49.967228,49.015932,49.273911,9620100
2020-12-02,49.233595,49.878541,49.144914,49.281967,6470300
2020-12-03,49.217474,49.604442,48.814383,49.064301,7368900
2020-12-04,49.032055,49.717309,48.935314,49.628632,7232300
2020-12-07,49.717302,49.741490,48.701513,49.040112,7405100
2020-12-08,48.822451,49.378717,48.798264,49.314220,6185000
2020-12-09,49.314210,49.499635,48.749884,49.032047,7231600
2020-12-10,48.903066,49.096551,48.475790,48.733768,7239500
2020-12-11,48.548352,49.024000,48.443547,48.983688,7845100
2020-12-14,49.236428,49.260886,48.714632,48.788010,12233000
2020-12-15,48.771697,48.975524,48.323279,48.453728,8073900
2020-12-16,48.355892,48.486341,47.850399,48.054226,8786400
2020-12-17,48.046079,48.331435,47.785180,48.160221,9469000
2020-12-18,48.249906,48.249906,47.719955,48.168377,22195800
2020-12-21,47.654730,47.785179,47.043249,47.728107,12141900
2020-12-22,47.467207,47.548736,46.317623,46.472530,14964000
2020-12-23,46.391001,46.978021,46.391001,46.782349,8495900
2020-12-24,46.741584,46.806807,46.439918,46.529602,3441300
2020-12-28,46.505133,46.994316,46.227928,46.382835,8215000
2020-12-29,46.439919,47.018786,46.236092,46.333931,7626000
2020-12-30,46.472536,46.668211,46.113802,46.187180,8848800
2020-12-31,46.146410,47.581353,46.113800,47.499821,10870500
2021-01-04,47.834099,49.048909,47.230773,49.008144,15520000
2021-01-05,49.105970,49.285338,48.608632,48.918449,13251100
2021-01-06,48.673855,50.614288,48.673855,50.508297,12222500
2021-01-07,50.467540,51.560053,50.157723,50.973030,10614700
2021-01-08,51.046413,51.698659,50.964880,51.396996,8389800
2021-01-11,51.975865,52.326447,50.769210,50.964882,11316700
2021-01-12,51.087177,51.193167,50.116962,50.614300,9115100
2021-01-13,50.402312,50.671365,50.092494,50.174026,6822600
2021-01-14,50.255555,51.470365,50.108800,50.875191,8694800
2021-01-15,50.793665,51.853565,50.655065,51.633434,9361900
2021-01-19,52.774876,55.571382,52.668882,54.682693,18395900
2021-01-20,54.625609,55.514292,54.381015,55.432762,10131300
2021-01-21,55.228932,55.228932,54.283178,54.609303,8141800
2021-01-22,54.242400,55.008791,54.005960,54.576679,4914400
2021-01-25,54.389166,55.652895,54.136422,55.571365,8443900
2021-01-26,55.212633,55.750733,54.266873,54.381016,7125200
2021-01-27,53.606479,54.560388,53.060224,53.386349,9908200
2021-01-28,53.198829,54.005982,52.179695,52.734104,8086400
2021-01-29,52.342748,53.997828,52.212303,53.484180,11724100
2021-02-01,53.834759,54.030431,53.043910,53.076523,6270200
2021-02-02,53.068373,53.785848,52.350905,53.100986,7749300
2021-02-03,53.166210,53.557560,52.595497,52.603645,6421700
2021-02-04,52.905308,53.802146,52.538422,53.671700,7400400
2021-02-05,54.829431,56.549730,54.389164,55.815952,15068200
2021-02-08,55.848570,56.060552,54.878352,55.416458,9599200
2021-02-09,55.253398,55.310469,54.503317,54.870209,6620400
2021-02-10,54.837595,55.701819,54.707142,54.862053,7667900
2021-02-11,54.788664,54.788664,53.851065,54.560379,6029100
2021-02-12,54.446239,54.845738,54.103811,54.535923,3977700
2021-02-16,54.144574,54.299478,52.603637,52.831928,9757000
2021-02-17,52.448739,53.109136,52.049237,53.076523,7725400
2021-02-18,52.880856,53.370039,52.448744,53.182522,6144600
2021-02-19,53.060218,53.174360,52.399814,52.481350,6054600
2021-02-22,52.122619,52.562886,51.796495,52.269375,6597700
2021-02-23,52.057390,52.310139,51.185011,51.918789,8714600
2021-02-24,51.820962,52.367220,51.209481,51.943256,6533100
2021-02-25,51.992166,52.155228,50.964877,51.193165,7685300
2021-02-26,51.185009,51.193164,50.051732,50.059887,10396300
2021-03-01,50.353391,51.062710,50.263710,50.924107,7328800
2021-03-02,50.956734,51.845420,50.834437,51.372540,6844200
2021-03-03,51.193166,51.625278,50.687673,51.160553,7081300
2021-03-04,51.201316,52.619953,50.981183,51.551899,15847200
2021-03-05,51.706808,52.791168,51.608972,52.685181,9761400
2021-03-08,52.595492,54.348405,52.147071,52.791164,10646900
2021-03-09,53.410809,54.348414,52.399823,52.448746,8973300
2021-03-10,52.734107,52.831946,51.853573,52.106319,7595500
2021-03-11,51.780191,52.212306,51.372537,51.437763,9940600
2021-03-12,51.528459,51.610917,50.703872,50.761593,11561100
2021-03-15,51.413014,52.089175,51.017212,52.006718,8780200
2021-03-16,52.146901,52.938501,52.072688,52.781834,7375800
2021-03-17,52.748861,53.301333,52.320075,53.119923,7853700
2021-03-18,52.460245,53.581688,52.460245,52.839558,7442600
2021-03-19,52.987986,53.309574,52.435511,53.152901,15230300
2021-03-22,52.814816,54.142402,52.658143,54.035202,6769200
2021-03-23,53.878529,53.977482,53.004469,53.185879,6572100
2021-03-24,53.070446,53.647655,52.773594,53.062199,7472800
2021-03-25,53.416768,53.499226,52.394282,52.765347,7391000
2021-03-26,52.798320,53.837302,52.691126,53.796070,6017100
2021-03-29,53.598176,54.785584,53.499224,54.579437,7902600
2021-03-30,54.826815,54.826815,53.705376,54.010475,5608100
2021-03-31,53.878532,53.878532,53.152897,53.293076,8817200
2021-04-01,54.216620,55.115417,53.952752,54.785587,10514200
2021-04-05,54.587683,54.851551,54.035211,54.703125,6071200
2021-04-06,54.422761,54.843303,54.233103,54.612419,5708300
2021-04-07,54.488731,54.694878,53.779585,54.092926,5188700
2021-04-08,54.505222,54.628911,53.457999,53.614666,6778500
2021-04-09,53.449757,53.804330,52.971495,53.688889,5848300
2021-04-12,53.647648,53.688879,53.062191,53.317818,4909100
2021-04-13,53.144653,53.779588,52.897280,53.507473,6143400
2021-04-14,53.573435,54.562937,53.457994,53.845551,5654100
2021-04-15,53.350793,54.736100,53.350793,54.233101,5635000
2021-04-16,54.439263,55.321571,54.307332,55.140167,7715600
2021-04-19,54.999983,55.247362,54.084690,54.381542,7204100
2021-04-20,54.257847,54.925761,53.853795,54.736103,4989400
2021-04-21,54.868038,55.173137,54.736101,55.074184,5581000
2021-04-22,54.818561,54.843297,54.035199,54.125904,6488700
2021-04-23,54.010466,54.175381,53.499219,53.993977,5463300
2021-04-26,53.969239,54.323811,53.631161,54.224865,6868400
2021-04-27,54.373283,54.422756,53.284828,53.326054,7278300
2021-04-28,53.342553,53.350794,52.658144,53.136406,7861300
2021-04-29,53.293080,53.293080,52.221121,52.641659,9238800
2021-04-30,51.503717,52.856039,51.083179,52.336552,12993900
2021-05-03,52.707615,54.340300,52.583929,54.257843,9500200
2021-05-04,54.249593,54.942244,53.903268,54.125904,9933300
2021-05-05,54.208368,55.247350,54.026958,54.843304,6911200
2021-05-06,54.455748,54.983484,53.713618,54.868042,7478800
2021-05-07,54.810321,55.692629,54.670143,54.868042,5849300
2021-05-10,55.214377,56.401785,55.057703,55.643166,8646700
2021-05-11,55.305067,56.137902,55.065936,55.428757,6412000
2021-05-12,55.041207,56.030710,55.008223,55.618416,8286300
2021-05-13,55.865798,56.880044,55.610178,56.822323,7186800
2021-05-14,56.822308,57.044944,56.393519,56.508961,7079200
2021-05-17,56.467743,57.432509,56.443000,56.954247,6214100
2021-05-18,57.234612,57.613921,56.731613,56.772839,5885200
2021-05-19,56.245103,56.541955,55.700878,56.484234,6174100
2021-05-20,56.616174,57.704629,56.377043,57.185135,6540900
2021-05-21,57.531472,57.811835,56.657411,56.690395,6478700
2021-05-24,56.978988,57.094430,55.560697,55.601929,7005100
2021-05-25,55.494727,55.577185,54.422761,54.612419,9357400
2021-05-26,54.579426,54.752589,54.051691,54.711357,5932600
2021-05-27,54.892777,55.354544,54.266089,54.340305,8047700
2021-05-28,54.463993,54.991728,54.257846,54.513466,5937700
2021-06-01,54.785589,54.876294,53.697134,53.862049,6573100
2021-06-02,54.084682,54.711370,54.043456,54.447502,6572700
2021-06-03,54.389788,54.917523,54.249609,54.818577,6755400
2021-06-04,55.074193,55.717370,54.868046,55.601929,6342900
2021-06-07,55.750351,56.038955,55.338057,55.593678,7863300
2021-06-08,55.610183,55.750361,55.239115,55.667904,5489200
2021-06-09,55.717358,57.053192,55.676126,56.607914,8434200
2021-06-10,56.888276,57.481980,56.459493,57.135654,8678400
2021-06-11,57.011971,57.102676,56.607925,56.706871,6928000
2021-06-14,56.665214,56.931835,56.215291,56.781860,5319500
2021-06-15,57.056811,57.073472,56.440246,56.731861,6454200
2021-06-16,56.840182,57.773350,55.981998,56.098644,12938700
2021-06-17,56.090302,56.223616,55.398754,56.006985,7015500
2021-06-18,55.823692,55.973667,54.898851,55.498749,11464500
2021-06-21,55.815354,56.298606,55.632052,56.115303,5310400
2021-06-22,56.023654,56.323603,55.640388,55.865353,4796800
2021-06-23,55.998658,56.031986,55.457084,55.532074,4246800
2021-06-24,55.632049,56.856838,55.532070,55.973660,5054000
2021-06-25,55.940345,56.656889,55.723714,56.556904,8078100
2021-06-28,56.906836,57.190118,56.365262,56.406918,6580300
2021-06-29,56.381918,56.681867,56.240277,56.598549,4348100
2021-06-30,56.898495,57.440070,56.665203,57.373413,6010400
2021-07-01,57.281771,57.806678,56.998490,57.598381,5463800
2021-07-02,57.723357,57.864998,57.190117,57.740025,3969000
2021-07-06,57.473411,57.540061,56.640221,56.998493,6169600
2021-07-07,56.990165,57.015160,56.490253,56.956837,6092500
2021-07-08,56.706866,56.923497,56.173625,56.398590,4982600
2021-07-09,56.315274,56.998495,56.198628,56.840187,6419600
2021-07-12,56.848504,57.540046,56.448571,56.715191,7322400
2021-07-13,56.515233,57.090129,56.515233,56.665207,4518400
2021-07-14,56.715195,56.748523,56.181954,56.598549,5949800
2021-07-15,56.540236,56.981825,56.131975,56.906841,6126700
2021-07-16,56.981814,57.465066,56.948486,57.181778,5965500
2021-07-19,57.165124,57.548391,56.381924,56.848515,6054400
2021-07-20,56.923489,58.131611,56.881827,57.623371,9332500
2021-07-21,57.448410,57.506733,56.665216,56.998493,5816400
2021-07-22,56.665208,57.331755,56.506900,57.198448,2901500
2021-07-23,57.390079,57.773346,57.190116,57.506725,3524200
2021-07-26,57.440084,57.740033,57.048484,57.281776,4314300
2021-07-27,57.098459,57.531721,56.898495,57.431736,5813000
2021-07-28,57.406756,58.448243,57.265116,58.373253,7097200
2021-07-29,58.531533,58.656512,58.131599,58.181595,7597500
2021-07-30,57.240107,57.490066,56.656877,56.898502,9619700
2021-08-02,56.940160,57.198453,56.515238,56.948494,4242800
2021-08-03,57.198431,58.189922,56.831826,58.181595,5128400
2021-08-04,57.898319,58.314913,57.515053,57.690022,6846300
2021-08-05,57.690029,57.765019,57.081804,57.740025,5532300
2021-08-06,57.606708,57.690025,57.215108,57.306759,3857900
2021-08-09,57.306755,57.715016,56.748519,57.040134,5160100
2021-08-10,56.873500,57.715016,56.615207,57.690022,5928200
2021-08-11,57.798352,59.031468,57.790018,58.189945,9529700
2021-08-12,58.531547,59.156439,58.106618,59.056454,5907000
2021-08-13,59.056447,59.481375,58.956468,59.289745,4361800
2021-08-16,59.381400,59.864651,59.198103,59.748005,8874400
2021-08-17,59.381398,60.897802,59.164773,60.847813,9000100
2021-08-18,60.506211,61.106102,59.906313,59.956303,8135300
2021-08-19,59.664694,60.264592,59.581377,59.714684,5209500
2021-08-20,59.714695,60.731187,59.523065,60.356255,5646500
2021-08-23,60.556207,60.856156,60.372905,60.447895,5356200
2021-08-24,60.514554,60.564550,59.897996,60.197945,4177200
2021-08-25,59.947983,59.956316,59.089799,59.498066,4988900
2021-08-26,59.606361,60.289576,59.273084,59.514709,6566900
2021-08-27,59.414731,60.364566,59.289758,59.389736,5493100
2021-08-30,59.406411,60.156276,59.281431,59.997974,4494100
2021-08-31,60.147955,60.681196,59.856334,60.639534,7564600
2021-09-01,60.556202,60.589531,59.448059,59.881321,5970700
2021-09-02,59.997975,60.306251,59.498062,60.272923,6774200
2021-09-03,60.122944,60.297913,59.781334,59.956303,4174400
2021-09-07,59.223096,59.406398,58.598204,59.314747,6775400
2021-09-08,59.314748,59.914646,59.256425,59.889645,4510000
2021-09-09,59.689697,59.723025,58.806518,58.831512,7013600
2021-09-10,59.139782,59.523048,58.531551,59.148109,5089700
2021-09-13,59.356398,59.906306,59.006460,59.281414,11048100
2021-09-14,59.559145,59.811623,59.003700,59.289837,5490000
2021-09-15,59.399249,61.006678,59.264592,60.392323,7723700
2021-09-16,60.425977,60.476470,59.592801,60.030430,5306700
2021-09-17,59.609642,60.392318,59.281423,60.266079,10888000
2021-09-20,59.693797,60.526967,59.188846,59.719044,9594900
2021-09-21,59.988359,60.644796,59.845290,60.367077,5896000
2021-09-22,60.653207,60.745782,59.820037,60.072510,6557000
2021-09-23,60.156672,60.686870,60.005186,60.333405,5263500
2021-09-24,60.282903,60.484889,59.904191,59.912609,5023400
2021-09-27,59.845300,59.996786,59.155198,59.256191,5560500
2021-09-28,58.911115,59.584387,58.633389,58.885868,6392300
2021-09-29,59.045776,60.089343,58.869037,59.702213,5436800
2021-09-30,59.929457,60.232429,58.742821,58.784897,6049400
2021-10-01,57.732894,58.414585,56.924971,57.699230,9343700
2021-10-04,57.396259,58.094778,56.638835,56.857643,7560200
2021-10-05,56.765071,57.337351,56.588339,56.722996,7236700
2021-10-06,56.714579,56.983887,56.285368,56.790325,6398600
2021-10-07,56.807149,57.497250,56.512594,57.345764,5349400
2021-10-08,57.270020,57.572991,57.076452,57.270020,4259000
2021-10-11,57.421516,57.606660,57.101709,57.295277,3315600
2021-10-12,57.387848,57.514081,56.630418,56.697746,8856000
2021-10-13,56.874486,57.194287,56.554678,56.916561,4760700
2021-10-14,57.404684,57.842313,57.227951,57.354191,7165600
2021-10-15,57.480430,57.732902,56.891315,56.916561,4327100
2021-10-18,56.807160,56.874488,55.359628,55.460621,7576400
2021-10-19,55.544770,56.377940,55.426949,56.302200,5889700
2021-10-20,56.310614,56.647244,56.218039,56.268532,4878200
2021-10-21,56.462095,56.546259,55.982390,56.377937,5013700
2021-10-22,56.487358,56.613591,55.973989,56.588345,4501200
2021-10-25,56.588324,57.202685,56.175948,56.950207,6069800
2021-10-26,57.202715,57.556181,56.975483,57.000736,4948700
2021-10-27,57.194286,57.202704,56.049726,56.192795,4887700
2021-10-28,56.133878,56.941807,56.108631,56.672493,5884800
2021-10-29,55.460622,55.460622,53.912098,54.602200,14181100
2021-11-01,54.551704,55.494285,54.433883,55.241806,7254000
2021-11-02,55.309135,55.612107,54.400219,55.460621,8954500
2021-11-03,55.502695,56.857652,55.149230,56.731419,8654100
2021-11-04,56.487352,56.512599,55.519525,55.940319,6522900
2021-11-05,55.469036,56.276959,55.342796,55.814083,6519100
2021-11-08,55.519527,55.898239,55.132398,55.519527,5217800
2021-11-09,55.620517,56.260125,55.452202,55.671017,5401500
2021-11-10,56.016051,57.135363,56.016051,56.655659,6888100
2021-11-11,56.386381,56.798758,56.175984,56.748264,3513600
2021-11-12,56.941811,57.034380,56.554675,56.790325,8214800
2021-11-15,56.781920,57.084892,56.394790,56.554688,4911000
2021-11-16,56.714583,57.253198,56.234878,56.293789,6474200
2021-11-17,56.293790,56.849241,55.973989,56.773495,7771200
2021-11-18,56.840815,57.463588,56.689329,57.051212,8873600
2021-11-19,57.387857,57.985384,57.042803,57.808651,8628800
2021-11-22,57.817049,59.214087,57.185858,58.885868,8951100
2021-11-23,58.801724,59.643312,58.667067,59.441326,7100400
2021-11-24,59.533913,59.777974,58.498764,58.970051,6737500
2021-11-26,58.658643,59.533895,58.658643,59.138348,5659500
2021-11-29,59.247760,60.022019,59.087856,59.458157,8902200
2021-11-30,59.306658,59.668540,57.766551,58.010612,15465500
2021-12-01,58.094770,58.927940,57.774969,58.010612,8518300
2021-12-02,58.212602,59.155183,57.926466,58.633396,9411700
2021-12-03,58.911133,59.298263,58.330436,58.540833,8328200
2021-12-06,58.456673,59.584404,58.423009,58.490337,7049400
2021-12-07,58.574491,58.826970,57.993800,58.616573,6438000
2021-12-08,58.835378,59.315083,57.993791,58.667057,6386900
2021-12-09,58.818547,59.525484,58.271514,59.163601,5829300
2021-12-10,59.062625,59.702234,58.574503,59.121536,5352500
2021-12-13,59.012131,59.651733,58.574502,59.424507,6883600
2021-12-14,59.399004,60.189631,59.305489,59.951588,7244900
2021-12-15,59.977091,60.716705,59.458508,60.538177,8040300
2021-12-16,60.657183,61.915387,60.410643,61.473312,10530000
2021-12-17,61.396813,61.796378,60.912235,61.388309,12226000
2021-12-20,61.209780,61.651847,60.742202,61.609344,7616900
2021-12-21,61.609335,61.711348,60.895218,61.073746,8786700
2021-12-22,60.861219,61.600839,60.070599,61.575336,6015400
2021-12-23,61.694349,61.906883,61.362797,61.617840,5096300
2021-12-27,61.447815,61.957895,61.141765,61.949398,4298800
2021-12-28,61.949400,62.391468,61.881388,62.034412,3802600
2021-12-29,62.059914,62.680516,61.728361,62.604000,5893900
2021-12-30,62.620995,63.012056,62.280939,62.365952,3238700
2021-12-31,62.272449,62.467984,61.592338,61.728363,5736800
2022-01-03,61.439319,61.796381,60.878233,61.702866,6622500
2022-01-04,61.728365,62.399973,61.362806,61.388309,6784100
2022-01-05,61.583834,62.102417,61.184269,61.362797,7799500
2022-01-06,60.937741,61.286293,60.648691,60.861225,7368200
2022-01-07,60.682697,60.997249,60.215126,60.580685,7119600
2022-01-10,61.201288,61.422326,60.716711,61.286301,10362300
2022-01-11,61.337322,61.694378,60.759229,61.524353,8932000
2022-01-12,61.175766,61.651840,60.920729,61.422306,7206200
2022-01-13,61.201277,61.600842,60.742203,61.107761,6711300
2022-01-14,61.269287,61.328797,60.495667,61.014244,8344800
2022-01-18,60.716705,60.801718,59.569023,59.875072,8986600
2022-01-19,59.747543,60.062096,58.667874,58.718880,8217700
2022-01-20,58.718890,58.922920,57.613710,57.647717,8639700
2022-01-21,57.911253,58.718879,57.545694,58.242805,14843200
2022-01-24,58.268316,58.948421,56.772075,58.293819,12909000
2022-01-25,57.851726,58.973904,57.715701,58.523327,9239400
2022-01-26,57.222632,58.285301,56.925085,57.248135,11280400
2022-01-27,57.307662,58.395835,57.146134,57.188637,9323200
2022-01-28,57.273640,58.548844,56.976087,58.540340,11514100
2022-01-31,58.353319,58.531847,57.970761,58.387325,9252700
2022-02-01,58.480841,58.489344,57.732723,58.208797,10463700
2022-02-02,55.683886,56.117457,54.425682,55.955929,18365000
2022-02-03,55.751906,56.432010,55.318335,55.590378,12479500
2022-02-04,55.216323,55.777416,54.298178,54.323685,12392800
2022-02-07,54.400193,54.595723,53.796594,54.204659,14361400
2022-02-08,54.264163,54.697728,53.966614,54.153645,12044800
2022-02-09,54.315183,54.391695,53.813602,53.881615,13164800
2022-02-10,53.652075,53.652075,52.461883,52.529896,14978000
2022-02-11,52.742434,53.456548,52.504393,52.767937,13195400
2022-02-14,52.784938,52.835947,51.705265,51.951805,11343500
2022-02-15,51.960305,52.300361,51.832786,52.138836,10515300
2022-02-16,52.028314,52.920956,51.994307,52.623409,21855900
2022-02-17,52.342865,52.453383,51.790275,52.104828,13338200
2022-02-18,52.198337,52.419371,51.841278,51.900787,11930700
2022-02-22,51.764766,52.104821,51.594738,51.841278,10781500
2022-02-23,51.832781,52.393871,51.688256,52.155830,9674400
2022-02-24,51.611746,52.087823,51.067659,51.526733,14849900
2022-02-25,51.764777,52.436385,51.671262,51.960308,13133000
2022-02-28,51.220680,51.407711,50.311035,51.348202,13490600
2022-03-01,50.957140,51.739267,50.897631,51.229183,10694900
2022-03-02,51.382217,52.291862,51.178186,52.062328,14342200
2022-03-03,52.317366,52.708428,52.155838,52.461887,13023100
2022-03-04,51.926296,52.903951,51.858284,52.589401,9383400
2022-03-07,50.132510,52.920955,50.073001,51.229183,18455200
2022-03-08,51.203677,51.560736,50.192017,50.617085,13889700
2022-03-09,51.016648,51.263188,50.090000,50.158012,13682000
2022-03-10,49.809461,49.902976,48.729788,49.239868,13243700
2022-03-11,49.571424,50.319541,49.273874,49.307880,13007600
2022-03-14,49.858906,50.590731,49.678102,50.065540,12539100
2022-03-15,50.306614,50.616564,49.643665,50.211906,10794600
2022-03-16,50.513231,50.513231,49.238993,49.910553,13871600
2022-03-17,50.039707,51.098703,49.686709,50.969559,12472000
2022-03-18,50.986774,51.270893,50.349653,51.158966,18199300
2022-03-21,51.090097,52.106045,51.029830,51.365608,8060600
2022-03-22,51.623897,51.761653,51.055656,51.641117,8847700
2022-03-23,51.658336,51.916627,50.625169,50.668217,9088900
2022-03-24,50.771529,51.262283,50.599334,50.917892,7939900
2022-03-25,50.952331,51.176182,50.625160,50.719868,9333400
2022-03-28,50.754312,51.115919,50.521849,50.952335,10549200
2022-03-29,51.400038,52.140474,51.313939,52.114643,8051100
2022-03-30,52.019946,52.295460,51.150365,51.365608,8614000
2022-03-31,51.632509,51.675557,51.158972,51.184803,8226300
2022-04-01,51.176191,51.391434,50.435758,51.374214,8551000
2022-04-04,51.382816,52.390151,51.003989,52.235176,9040600
2022-04-05,51.959674,52.682891,51.391433,51.443092,7067200
2022-04-06,51.649729,52.536529,51.580849,52.364334,7155300
2022-04-07,52.347110,52.992839,52.106038,52.510696,9370100
2022-04-08,52.760377,54.086275,52.717329,53.638569,10653600
2022-04-11,54.086273,54.292907,53.242520,53.285568,8094200
2022-04-12,53.707447,53.784935,52.700108,53.061718,7750400
2022-04-13,53.053108,53.474986,52.768989,53.431938,6879600
2022-04-14,53.440543,53.690226,52.949789,53.225300,9750000
2022-04-18,53.121981,53.561075,52.837859,53.018665,5981200
2022-04-19,53.035890,54.241253,53.018674,54.051838,6178900
2022-04-20,54.241253,55.239984,54.224033,54.757835,7638800
2022-04-21,54.714787,55.343296,54.387616,54.886982,6673900
2022-04-22,54.912810,54.981690,53.526644,53.595524,7662000
2022-04-25,53.793544,54.017399,52.803428,53.939911,7457900
2022-04-26,53.724664,54.129319,53.165031,53.182251,6926400
2022-04-27,53.199474,53.423325,52.665669,53.027279,7863200
2022-04-28,52.898131,53.070326,52.183525,53.001450,10787500
2022-04-29,53.001447,53.431933,51.029820,51.090088,10455800
2022-05-02,51.270884,52.028540,50.926497,51.925224,9474000
2022-05-03,52.183526,52.372941,51.339774,51.942455,10384400
2022-05-04,52.217967,53.647181,51.890797,53.449158,8087800
2022-05-05,53.165035,53.707448,52.278234,52.820644,8767300
2022-05-06,52.631226,52.863689,51.994106,52.674274,7468200
2022-05-09,52.347122,53.716068,52.286854,53.104778,9294000
2022-05-10,53.276968,53.845209,53.001457,53.190868,9721600
2022-05-11,51.925237,53.010061,51.908017,52.140480,10224000
2022-05-12,52.261019,53.810768,52.200751,53.793549,9727900
2022-05-13,53.896860,53.905472,53.001452,53.698837,9515200
2022-05-16,53.698842,54.017404,53.328624,53.586918,6157500
2022-05-17,53.741888,54.430668,53.208086,54.396229,5607700
2022-05-18,54.361781,55.041950,53.974343,54.430660,9583900
2022-05-19,54.318734,54.740612,54.077663,54.473709,8833600
2022-05-20,54.559808,55.016126,54.008786,54.964466,6814600
2022-05-23,55.437996,55.816826,54.749219,54.809486,7256800
2022-05-24,55.050566,55.455227,54.611472,55.403564,8263200
2022-05-25,55.489660,56.126785,55.110837,55.971809,7112400
2022-05-26,56.100951,56.359239,55.498266,55.506878,5730800
2022-05-27,55.472434,55.825430,55.016120,55.790997,6436000
2022-05-31,55.532714,55.989028,54.818105,55.834053,13781900
2022-06-01,56.195665,56.255933,55.334692,55.765179,5797700
2022-06-02,55.653250,55.722129,53.647186,54.637302,7860000
2022-06-03,54.628689,55.205542,54.447885,54.628689,5228700
2022-06-06,53.879646,54.258473,53.078942,53.406109,7865800
2022-06-07,53.121979,53.888244,52.932564,53.845196,6841000
2022-06-08,53.586915,54.232644,53.474988,53.707451,7248200
2022-06-09,53.604123,53.957121,52.648446,52.674274,5242200
2022-06-10,52.157701,52.674283,51.925238,52.295456,8155600
2022-06-13,51.709991,52.028549,50.711263,50.926506,9646100
2022-06-14,50.882921,52.164367,49.836844,50.377319,10073800
2022-06-15,50.551670,51.405966,50.307583,50.900360,6498100
2022-06-16,50.263991,50.682421,49.862995,50.316296,9482200
2022-06-17,50.011189,51.249048,49.941452,51.022396,13726500
2022-06-21,51.658765,52.809453,51.353660,52.748428,9173000
2022-06-22,52.417169,54.090891,52.382299,53.620155,9045300
2022-06-23,53.951406,54.613923,53.829364,54.552902,6992900
2022-06-24,54.753409,55.032363,53.916545,54.988777,9207500
2022-06-27,54.858011,55.381049,54.596493,54.770840,6586900
2022-06-28,54.770841,55.346183,54.160629,54.230366,6165300
2022-06-29,54.317544,54.892886,53.977566,54.465736,5800400
2022-06-30,54.003714,54.404709,53.428372,53.881672,6411900
2022-07-01,53.585282,54.422143,53.410936,54.361122,5207600
2022-07-05,53.960132,54.457019,53.489397,54.343693,5215900
2022-07-06,54.587779,54.814431,54.186784,54.683670,5888200
2022-07-07,54.587767,54.936461,54.352399,54.674942,6242600
2022-07-08,54.535465,55.093372,54.395988,54.779549,4161900
2022-07-11,54.735968,54.953901,54.509317,54.622643,3478600
2022-07-12,54.474454,54.744688,54.056020,54.343693,6098300
2022-07-13,53.977564,54.683667,53.698610,54.448299,6162900
2022-07-14,53.899107,53.968844,53.410937,53.881672,4969500
2022-07-15,54.160636,54.587782,53.768356,54.570347,5908900
2022-07-18,54.640085,54.640085,52.861754,53.088406,5608300
2022-07-19,53.750917,54.282674,53.419659,54.151913,6080600
2022-07-20,54.204221,54.204221,53.027385,53.655029,5378500
2022-07-21,53.524258,53.785777,52.957632,53.184280,6007700
2022-07-22,53.410939,53.872955,52.809446,53.001225,4588800
2022-07-25,53.376068,53.393503,52.608944,52.957638,4990000
2022-07-26,52.914051,53.393502,52.582792,52.844311,5597200
2022-07-27,52.635105,53.498117,52.033609,53.088406,7935600
2022-07-28,53.175568,53.271459,51.972579,52.652531,6815000
2022-07-29,52.591516,52.765860,51.876694,52.085911,10063700
2022-08-01,52.103350,52.460760,51.667485,51.955154,6742400
2022-08-02,52.077194,52.582796,51.684915,51.902847,5981600
2022-08-03,53.062237,55.485651,52.861740,54.282661,10066700
2022-08-04,54.169343,54.910316,53.899109,53.968845,5520500
2022-08-05,53.864237,53.907822,52.844310,53.254025,6039600
2022-08-08,53.175579,53.794507,53.009951,53.698616,5857600
2022-08-09,53.681173,54.090884,53.506826,54.047298,5153400
2022-08-10,54.474442,55.084651,54.143184,55.041065,8275000
2022-08-11,54.727252,55.276443,54.369843,54.439583,5216500
2022-08-12,54.666234,54.910321,54.186783,54.884167,3997800
2022-08-15,55.660000,57.795744,55.494373,57.717285,12381000
2022-08-16,57.673707,57.900352,57.229122,57.821899,7067800
2022-08-17,57.508080,58.318790,57.377319,57.551662,6515300
2022-08-18,57.499361,57.534231,56.409698,56.819412,5178100
2022-08-19,56.679935,57.359891,56.592764,56.958889,5258900
2022-08-22,56.845553,56.880423,55.991261,56.104584,5224800
2022-08-23,56.104595,56.113314,55.328755,55.511818,4723700
2022-08-24,55.529243,55.625134,55.093378,55.459503,3808000
2022-08-25,55.660006,55.729746,55.075948,55.433357,3784700
2022-08-26,55.433351,55.459502,54.352404,54.369839,5501300
2022-08-29,54.160629,54.796992,53.594003,54.439583,5220000
2022-08-30,54.491882,54.648793,53.864238,54.483166,5584600
2022-08-31,54.657510,55.764608,54.657510,55.328743,8341600
2022-09-01,55.276438,56.662489,55.197982,56.618900,6269600
2022-09-02,56.697363,56.915295,55.241571,55.633850,6737300
2022-09-06,55.598981,55.651286,54.744685,55.259007,7377500
2022-09-07,55.503098,56.627631,55.407210,56.479439,9626600
2022-09-08,57.019905,57.229119,56.392258,56.749664,8278400
2022-09-09,56.645059,57.333720,56.566600,56.906574,6497000
2022-09-12,59.652529,60.044805,58.824387,59.286404,18777900
2022-09-13,58.754647,58.754647,56.601472,56.749664,11799400
2022-09-14,56.784938,57.710631,56.784938,57.463779,9113200
2022-09-15,57.745893,57.922213,57.049415,57.305084,7088500
2022-09-16,57.375623,58.124996,57.137583,57.834061,11766000
2022-09-19,57.613647,58.063273,56.952434,58.028008,6162700
2022-09-20,57.666554,57.728267,56.326493,56.934811,6958900
2022-09-21,56.934814,57.772347,55.947401,55.982666,8776600
2022-09-22,55.850415,56.705584,55.480137,56.220695,6111800
2022-09-23,55.973846,56.238330,54.924720,55.418427,7603800
2022-09-26,55.109865,55.488960,54.810115,54.959991,6141300
2022-09-27,55.039336,56.000298,54.907092,55.215660,7125900
2022-09-28,55.541852,56.749669,55.286182,56.361755,7567500
2022-09-29,56.273600,56.617430,55.109862,55.603569,8431200
2022-09-30,55.682910,56.053191,54.316405,54.386932,8794700
2022-10-03,55.012891,55.162764,54.175354,54.942360,8094100
2022-10-04,56.502815,57.622472,56.070824,57.578388,11966000
2022-10-05,57.058236,58.160257,56.758483,57.701813,5802300
2022-10-06,57.208103,57.622464,56.961251,57.260998,5622300
2022-10-07,56.987703,57.393246,56.388203,56.679138,6723200
2022-10-10,56.925996,57.172848,56.520453,56.829018,4328500
2022-10-11,56.864274,58.221964,56.846644,57.895763,7154500
2022-10-12,58.054453,58.512898,57.578380,57.648911,6406000
2022-10-13,56.829025,59.024249,56.511642,58.592258,7690100
2022-10-14,58.742129,59.068330,58.204342,58.336586,7892200
2022-10-17,58.927252,59.006601,58.133803,58.521709,5799600
2022-10-18,58.662777,59.138851,58.574617,58.953712,6802300
2022-10-19,58.936077,59.041874,58.054461,58.354214,7058600
2022-10-20,58.327770,58.662782,57.922221,58.327770,6384200
2022-10-21,58.345383,59.897030,58.283670,59.764786,7814600
2022-10-24,60.046909,61.157747,60.029272,60.831547,7133100
2022-10-25,60.690496,61.457505,60.373121,61.360527,6711800
2022-10-26,61.713171,62.956254,61.607374,62.436096,8763100
2022-10-27,62.462537,62.824003,61.836590,61.889484,8881200
2022-10-28,65.557023,70.185511,65.230822,69.885757,27665700
2022-10-31,68.818990,69.973913,68.351735,69.171638,14674300
2022-11-01,68.995323,70.132609,68.466354,69.947464,10553100
2022-11-02,68.924797,70.529339,68.598596,68.660309,9785000
2022-11-03,68.175427,70.150247,68.025554,70.053268,8261100
2022-11-04,69.771141,71.693066,69.109929,70.829079,9103300
2022-11-07,70.141417,71.904650,70.097340,71.816490,8989300
2022-11-08,71.058307,73.879484,70.599869,72.495346,9344400
2022-11-09,72.733391,73.659091,72.451274,72.574699,10316500
2022-11-10,73.615013,73.879500,71.904674,72.821556,9397300
2022-11-11,71.772429,72.274950,70.591059,72.133888,11413200
2022-11-14,71.984009,74.179233,71.613732,73.041946,7665200
2022-11-15,73.297605,73.738413,72.274933,73.174179,7121000
2022-11-16,72.892084,73.562115,72.768659,73.068405,6280300
2022-11-17,72.777465,73.905933,72.706934,73.720795,5757500
2022-11-18,73.729606,74.108701,73.165372,73.720795,7276400
2022-11-21,73.844214,75.087290,73.738418,74.364365,6347900
2022-11-22,74.628851,75.951276,74.531872,75.140190,7357700
2022-11-23,74.990319,75.766146,74.946242,75.307701,4680500
2022-11-25,74.972690,76.180507,74.725838,76.048264,4028700
2022-11-28,76.630130,77.758599,75.007958,75.122566,9253800
2022-11-29,75.378230,75.704431,74.681752,75.607452,6155600
2022-11-30,75.607450,77.714513,74.946237,77.432396,14657500
2022-12-01,77.758591,78.437440,77.335419,77.494110,8220500
2022-12-02,76.436180,78.525614,76.303943,78.490349,6730400
2022-12-05,77.441227,78.552066,77.115033,77.564659,6811400
2022-12-06,77.573467,78.172967,76.824094,77.547020,6760500
2022-12-07,77.608719,78.067163,77.026855,77.397133,8861700
2022-12-08,77.467657,79.001668,77.194351,78.878242,6392200
2022-12-09,78.701922,78.701922,77.397133,77.555824,8276300
2022-12-12,77.450024,78.075971,77.079747,78.058342,5968400
2022-12-13,79.019305,79.116283,77.529377,78.243484,8462200
2022-12-14,78.225711,79.372429,77.799022,78.581284,8643500
2022-12-15,78.270166,78.314608,75.905613,76.963440,9898600
2022-12-16,76.750081,77.443451,76.270065,77.123436,28313000
2022-12-19,76.447849,76.998987,75.941160,76.821198,5834800
2022-12-20,74.349967,75.790034,72.723227,75.354454,10999000
2022-12-21,75.781167,76.367863,75.434485,75.798943,5320700
2022-12-22,75.781156,75.976722,74.998902,75.807823,4698800
2022-12-23,75.754498,75.781165,74.918903,75.336700,3955400
2022-12-27,75.781159,75.976724,75.283361,75.567818,3455900
2022-12-28,75.914501,76.296741,75.070015,75.176689,3285900
2022-12-29,75.478931,76.065620,75.212249,75.790054,3464100
2022-12-30,75.852267,76.350064,75.363353,76.314507,3831000
2023-01-03,75.630036,76.581189,75.407804,75.905602,6050600
2023-01-04,76.625635,76.892316,75.505590,76.003387,5713900
2023-01-05,75.567810,76.812311,75.558919,76.314507,5710700
2023-01-06,76.990103,78.483503,76.643422,78.296829,5939400
2023-01-09,78.021249,78.136814,75.514471,75.647812,5435700
2023-01-10,75.736711,77.807917,75.434479,77.461235,5034500
2023-01-11,77.443452,77.514561,76.465625,77.505676,5947100
2023-01-12,76.892315,76.972315,75.630038,76.198952,6013300
2023-01-13,76.038929,76.714517,75.852255,76.687843,5305700
2023-01-17,76.492307,76.776764,75.878944,75.923393,5959800
2023-01-18,75.576701,75.674483,74.314424,74.438873,6374800
2023-01-19,74.821113,75.185577,74.003301,74.332207,6922500
2023-01-20,74.261094,74.492217,73.345498,73.789963,16678600
2023-01-23,73.567722,75.007782,73.265483,73.985519,5673100
2023-01-24,74.163302,74.741107,72.989917,74.687767,4776400
2023-01-25,74.803332,75.158905,74.278860,74.732216,3892800
2023-01-26,74.456656,74.501099,73.434387,74.332207,3670900
2023-01-27,74.074412,74.643326,73.878847,74.429985,4108300
2023-01-30,74.243310,74.527767,73.185489,74.092194,7283000
2023-01-31,74.243291,74.856653,73.985508,74.616646,9621800
2023-02-01,74.678882,75.256687,73.514381,74.669991,6673600
2023-02-02,73.221045,73.336603,71.540970,72.349892,10933800
2023-02-03,75.256696,77.310118,74.332209,75.114464,12852400
2023-02-06,75.114438,77.496766,75.114438,76.767845,7611100
2023-02-07,76.981209,77.061216,75.896715,76.492302,7298600
2023-02-08,75.914488,76.474510,75.816705,76.154495,7376600
2023-02-09,76.296733,76.990097,75.674479,76.030052,6656800
2023-02-10,76.056713,77.301215,75.807815,77.070091,5522200
2023-02-13,77.070100,78.065702,76.794534,77.772354,5801700
2023-02-14,77.861241,77.879023,75.576695,76.163391,7206200
2023-02-15,75.798914,75.798914,75.061109,75.603355,5614900
2023-02-16,74.945567,75.345589,74.109979,74.127754,5760600
2023-02-17,74.323312,75.781154,74.029964,75.345581,6306200
2023-02-21,75.318914,75.994495,75.221131,75.238907,6085600
2023-02-22,75.230019,75.336693,73.816626,74.225533,4986800
2023-02-23,73.914401,74.536648,73.114364,73.372154,5344800
2023-02-24,73.132150,73.158823,71.407633,71.700981,6290000
2023-02-27,72.145441,72.278774,71.629860,71.905426,4930000
2023-02-28,71.834310,71.940984,71.043164,71.585411,5808900
2023-03-01,71.416513,71.416513,70.572034,70.749817,5269700
2023-03-02,70.678714,71.025396,70.412033,70.776497,3459400
2023-03-03,70.945370,72.163205,70.749805,72.065422,4915300
2023-03-06,72.100983,72.305432,71.594294,72.100983,4500400
2023-03-07,72.269885,72.269885,71.060942,71.363174,6112600
2023-03-08,71.558742,71.852090,70.954270,71.292061,3859700
2023-03-09,71.620975,71.736533,69.594219,70.180908,7500000
2023-03-10,70.243142,71.389860,70.136474,70.669830,6203800
2023-03-13,69.843101,72.243205,69.843101,70.678696,6845700
2023-03-14,70.921006,71.710717,70.283858,71.585075,5499100
2023-03-15,70.983817,71.692759,70.454359,71.477386,4875400
2023-03-16,71.055608,71.764550,70.373588,71.656860,7274500
2023-03-17,71.576105,71.576105,68.677521,69.377487,16828100
2023-03-20,69.736446,71.504312,69.664653,71.306885,4672600
2023-03-21,71.369690,71.836338,70.319741,71.019707,4744800
2023-03-22,70.983826,71.235095,69.781322,69.826187,4909500
2023-03-23,69.799255,70.831259,69.673620,70.678703,5015600
2023-03-24,70.831270,72.150440,70.292835,71.791481,4806500
2023-03-27,72.132484,72.679895,71.262018,71.414574,4444900
2023-03-28,71.755580,72.787584,71.603025,72.661949,4154900
2023-03-29,72.922191,73.559340,72.626050,72.949112,5469300
2023-03-30,73.388831,73.496521,72.742707,73.092690,3822700
2023-03-31,73.263199,74.609289,72.859374,74.456734,7135600
2023-04-03,74.429806,75.201565,74.160586,74.699020,5083600
2023-04-04,74.627229,74.887467,73.424718,73.693939,4490600
2023-04-05,73.855491,75.129788,73.541398,75.066971,4615000
2023-04-06,75.443877,76.125898,74.716991,74.815704,3729100
2023-04-10,74.932366,74.932366,73.873441,74.124710,3465500
2023-04-11,74.088791,74.582360,73.819578,74.070847,3669400
2023-04-12,74.456737,74.699031,73.352940,73.729851,5146700
2023-04-13,73.550361,74.788762,73.523441,74.725945,4224700
2023-04-14,74.510563,74.699015,73.568304,74.483643,4886600
2023-04-17,74.851590,75.147725,74.510577,75.049011,4444700
2023-04-18,75.147735,75.318242,74.456745,75.183632,4283900
2023-04-19,74.896452,75.659235,74.833635,75.479759,3112200
2023-04-20,75.156685,76.170737,75.111812,76.000237,5927700
2023-04-21,76.161781,77.965537,76.054092,77.687347,8039500
2023-04-24,77.732215,78.405260,77.615549,77.804001,6630800
2023-04-25,78.028355,78.145021,76.727137,76.807899,5378600
2023-04-26,75.596425,75.757956,74.393921,75.147728,4439500
2023-04-27,75.147726,75.255416,73.963167,74.977226,8659000
2023-04-28,74.052886,74.349027,71.863251,73.774696,10709400
2023-05-01,74.008039,74.079832,72.868345,73.065773,5561300
2023-05-02,73.164488,73.622161,71.863271,72.186333,5647900
2023-05-03,72.231210,72.599145,71.001786,71.297920,5057400
2023-05-04,71.441488,71.504305,70.364619,70.463326,4564200
2023-05-05,70.669745,71.638932,70.194128,71.567139,4613700
2023-05-08,71.441499,71.486371,70.113353,70.526154,3823400
2023-05-09,70.274864,71.145337,70.265895,70.714592,4546600
2023-05-10,70.687666,70.750484,69.242869,70.095390,5613900
2023-05-11,70.140269,70.678703,69.503113,70.624855,5123500
2023-05-12,70.687681,70.965878,69.915929,70.149246,3519100
2023-05-15,70.059502,70.355644,69.844130,70.337692,2723300
2023-05-16,71.585077,71.585077,70.140280,70.283859,5764300
2023-05-17,70.131303,70.912031,69.144172,70.723579,5506900
2023-05-18,70.786379,70.938941,69.422344,70.185127,5049900
2023-05-19,70.696651,71.450465,70.579992,70.759468,5694300
2023-05-22,71.163298,71.656860,70.355642,70.553070,3559500
2023-05-23,70.535126,71.396623,70.086430,70.517181,4542900
2023-05-24,71.001767,71.127401,70.122318,70.938950,5863900
2023-05-25,69.521078,70.158227,68.435233,69.682610,8118100
2023-05-26,69.996693,70.553079,69.108275,69.180061,5439000
2023-05-30,68.668539,68.982632,68.210874,68.498039,5038500
2023-05-31,68.758283,69.117235,68.444190,69.045448,8073100
2023-06-01,69.583877,69.583877,68.085232,68.390343,5031200
2023-06-02,68.309581,69.987702,68.022416,69.897964,4877200
2023-06-05,69.835168,70.023620,69.260837,69.745430,5744100
2023-06-06,70.256934,70.382569,68.219847,68.381378,5408500
2023-06-07,68.336507,68.408300,67.412192,68.273689,7037500
2023-06-08,67.986534,70.409493,67.986534,70.355652,8860500
2023-06-09,69.565929,70.355639,69.350556,70.104370,6375300
2023-06-12,70.176151,70.265896,68.928775,69.871040,5687100
2023-06-13,69.099295,70.445385,69.009557,70.400513,4920500
2023-06-14,70.708570,71.034751,70.056209,70.627022,6069400
2023-06-15,70.926023,71.587447,70.463933,71.578384,6526200
2023-06-16,71.804899,72.058594,71.125358,71.451538,13982700
2023-06-20,71.252201,71.741471,70.409569,70.409569,5410000
2023-06-21,70.373316,71.080038,69.766260,70.318954,5342300
2023-06-22,70.445830,70.844497,70.047163,70.772011,3408800
2023-06-23,70.971332,70.998512,70.001853,70.192123,4815500
2023-06-26,69.947482,69.947482,67.917920,69.367607,6106200
2023-06-27,69.449168,69.666620,68.679022,68.869293,5111200
2023-06-28,68.787731,69.059551,68.180676,69.023308,4486900
2023-06-29,68.751502,69.295140,68.398140,68.869293,5295800
2023-06-30,69.304190,69.983732,69.005197,69.829704,6017200
2023-07-03,69.095781,69.621288,68.715233,69.512566,3437300
2023-07-05,69.376671,70.309907,68.950824,69.983727,5308300
2023-07-06,69.684737,69.802522,68.878342,69.077675,5020300
2023-07-07,68.552156,68.805850,67.347101,67.428642,6550700
2023-07-10,67.501137,68.751492,67.455832,68.579346,5554900
2023-07-11,68.398137,69.086741,68.280352,68.968956,3529800
2023-07-12,69.186403,69.929368,69.159223,69.204521,5185100
2023-07-13,69.494462,70.029039,69.132046,69.503525,3341700
2023-07-14,69.412917,70.346153,69.277007,69.938431,6072300
2023-07-17,69.467293,70.454897,69.277022,70.201202,4954600
2023-07-18,70.255548,71.451541,70.128701,70.871666,5244900
2023-07-19,70.762929,72.122012,70.762929,71.542137,5351600
2023-07-20,72.085771,73.191160,72.067653,72.430077,6046000
2023-07-21,72.855912,73.508266,72.484426,73.064301,14984400
2023-07-24,72.321334,72.647514,69.086717,70.364258,11333500
2023-07-25,69.784393,70.808240,69.639427,69.974670,5298400
2023-07-26,69.557882,70.110577,69.412917,69.938431,4049700
2023-07-27,70.065269,70.926019,69.222637,69.322304,6258600
2023-07-28,69.240776,70.056227,69.168290,69.639442,5026500
2023-07-31,69.467277,69.666610,68.724311,68.987068,6059500
2023-08-01,68.941753,69.204510,68.044761,68.570274,4025300
2023-08-02,68.860212,69.150149,68.271274,68.570274,5325400
2023-08-03,68.606517,68.697121,68.108184,68.434364,5747700
2023-08-04,70.110570,72.611285,69.992785,71.288445,9062400
2023-08-07,70.971333,73.363319,70.617972,73.091499,6831500
2023-08-08,73.109633,73.318022,71.379063,72.556938,5546500
2023-08-09,73.000897,73.780105,72.511626,72.638474,4551300
2023-08-10,72.828742,73.472041,72.439138,72.484444,3776200
2023-08-11,72.484444,72.602228,71.995173,72.484444,3383600
2023-08-14,72.538804,72.864985,72.049534,72.348534,3682000
2023-08-15,72.149209,72.674723,71.542154,72.158272,3798600
2023-08-16,71.687117,72.982777,70.590791,70.672333,7264600
2023-08-17,70.663268,70.771998,69.313248,69.313248,5741200
2023-08-18,69.358558,69.503523,68.588405,68.751495,6483800
2023-08-21,68.561216,69.095792,68.443431,68.805855,5359200
2023-08-22,68.579345,69.539761,68.280345,69.177338,4534900
2023-08-23,70.944160,71.560279,69.730042,69.802528,7422800
2023-08-24,69.992780,70.799168,69.122967,69.159210,4793900
2023-08-25,69.412929,69.938442,68.923658,69.639442,3773300
2023-08-28,70.029042,70.210251,69.431042,69.802528,2783500
2023-08-29,69.992790,70.898845,69.811581,70.862602,4156300
2023-08-30,70.871647,71.125341,70.246466,70.364258,3297900
2023-08-31,70.019960,70.137752,69.077662,69.295120,9200000
2023-09-01,69.965609,70.137762,69.286067,69.449158,2993000
2023-09-05,69.720970,69.766275,68.071949,68.099136,6045600
2023-09-06,68.062897,68.081015,66.368571,67.265564,5753800
2023-09-07,67.609862,67.736709,66.785348,66.993744,6586100
2023-09-08,68.968959,69.403862,67.999479,68.860229,6695200
2023-09-11,68.905535,69.920313,68.860230,69.802528,8053800
2023-09-12,69.757206,69.974664,69.113907,69.585060,4181200
2023-09-13,69.766275,70.246483,69.693789,70.047150,4407700
2023-09-14,70.257580,71.117618,70.211831,70.779091,4424400
2023-09-15,70.641852,70.824842,69.004124,69.232857,11145100
2023-09-18,69.406708,69.672039,68.747956,69.187126,3337800
2023-09-19,68.976677,69.653724,68.857738,69.324348,4002700
2023-09-20,69.516502,69.891620,69.287769,69.370110,4826300
2023-09-21,69.424991,69.662875,68.821140,68.866882,5271600
2023-09-22,68.400273,69.177963,68.025147,68.629005,4351800
2023-09-25,68.391136,68.555824,68.189850,68.464333,3885700
2023-09-26,68.994995,69.781830,68.912647,69.104782,5643900
2023-09-27,69.232865,69.589687,68.747952,69.123077,4443100
2023-09-28,69.342655,69.580539,68.811993,69.004128,3482900
2023-09-29,69.086467,69.306049,68.235581,68.564957,4179900
2023-10-02,68.619857,68.656455,66.936386,67.796417,4578700
2023-10-03,66.982124,67.585982,66.671051,67.037018,6075300
2023-10-04,67.064484,68.455177,67.018735,68.381981,4707600
2023-10-05,68.317921,68.647296,67.842159,68.345367,4781900
2023-10-06,68.125801,68.629016,67.622593,68.381981,4635200
2023-10-09,68.418587,68.930946,67.924523,68.674767,3394000
2023-10-10,68.674749,69.955654,68.418569,69.507339,5040100
2023-10-11,69.763524,70.458873,69.543942,70.413124,4434100
2023-10-12,70.339928,70.550365,69.800122,70.230141,4037900
2023-10-13,70.623574,71.236576,70.422287,71.044441,5651800
2023-10-16,71.126771,72.682159,71.026128,72.462570,6958200
2023-10-17,72.453420,74.173488,71.922758,73.633682,10602200
2023-10-18,73.624518,73.844100,72.764481,72.892570,6781900
2023-10-19,72.343624,73.075572,71.575085,71.767220,5563400
2023-10-20,72.041702,72.361927,71.126771,71.181671,5183700
2023-10-23,71.090179,71.337215,70.605267,70.962090,4049700
2023-10-24,70.989533,71.858722,70.705907,71.501900,5424800
2023-10-25,71.282326,71.913624,70.843155,71.721489,5148000
2023-10-26,71.831272,72.233837,71.035279,71.822121,4630900
2023-10-27,71.721469,71.822112,69.836712,70.102043,6037800
2023-10-30,70.376530,71.355507,70.358235,71.154221,4760800
2023-10-31,70.989515,72.014240,70.870576,71.858704,4684100
2023-11-01,72.279584,73.578785,72.105745,73.368355,5446100
2023-11-02,73.020677,74.393074,72.865141,74.319885,6166100
2023-11-03,75.024379,75.564185,74.576065,74.649254,7040000
2023-11-06,74.722446,75.006080,73.871560,74.237534,6649800
2023-11-07,74.173484,74.429664,73.487286,73.752617,7609000
2023-11-08,70.898038,71.602539,68.702201,71.273163,13103500
2023-11-09,70.934626,71.099314,68.363671,68.601555,8878900
2023-11-10,69.040726,69.562237,68.491769,69.461594,5946700
2023-11-13,68.958373,69.214553,68.198979,68.555801,4742500
2023-11-14,68.912651,69.278625,68.208157,68.363693,5534400
2023-11-15,67.915364,69.040726,67.805569,68.656456,7102100
2023-11-16,69.104770,69.672030,67.695774,68.180687,6820700
2023-11-17,68.519219,69.086479,68.226441,69.031578,7874500
2023-11-20,68.830288,69.626274,68.683896,69.534782,7012200
2023-11-21,69.534793,69.672034,68.198994,68.336235,5120400
2023-11-22,68.610707,69.287761,68.528366,69.260307,4419100
2023-11-24,69.434146,69.525638,68.647305,68.967529,1931000
2023-11-27,68.720501,68.894340,68.180687,68.546661,4552100
2023-11-28,68.436870,68.574104,67.878762,68.171539,6792700
2023-11-29,68.482621,69.031578,68.327084,68.830299,5091700
2023-11-30,68.967530,70.211838,68.903485,70.083748,10393600
2023-12-01,70.248448,71.053592,69.717786,71.044441,5400500
2023-12-04,70.715054,71.794673,70.596115,71.675728,8194600
2023-12-05,71.703182,72.535766,71.227414,72.297882,6276900
2023-12-06,72.508305,73.359191,72.316170,72.608948,5745300
2023-12-07,72.810260,73.020690,71.227425,71.410416,8588600
2023-12-08,71.465298,72.499168,71.309761,72.297882,6569000
2023-12-11,72.855995,73.963062,72.700459,73.276863,8190000
2023-12-12,73.908165,74.274139,73.249413,73.944763,6118200
2023-12-13,74.383924,76.049098,74.008798,76.021645,10582400
2023-12-14,76.077058,76.132452,74.849114,75.504631,8531100
2023-12-15,75.107613,75.993947,73.953532,74.165886,20354200
2023-12-18,74.442869,74.442869,73.334954,73.399582,4926700
2023-12-19,73.473448,73.879680,73.141072,73.390350,7452300
2023-12-20,73.547303,73.658090,72.550175,72.559402,5227800
2023-12-21,72.771754,73.325712,72.494772,72.873314,3791000
2023-12-22,73.113359,73.861201,73.085662,73.547295,4109700
2023-12-26,73.602701,73.916608,73.298022,73.815048,2659500
2023-12-27,73.962769,74.553658,73.621158,74.202820,3541200
2023-12-28,74.341308,75.024529,74.212051,74.913734,3553100
2023-12-29,74.849102,75.061457,74.498264,74.793709,3586900
2024-01-02,74.701383,77.332687,74.664451,76.852585,7417500
2024-01-03,77.231134,77.748160,76.603313,77.074181,7329600
2024-01-04,77.360381,78.431365,77.037240,77.997437,5881000
2024-01-05,77.831243,78.034356,76.861812,76.917206,7369000
2024-01-08,76.501749,77.618899,76.169373,77.545036,8641200
2024-01-09,77.111090,79.668538,76.806418,79.456184,7601600
2024-01-10,77.461942,78.422139,76.972613,78.015900,8386600
2024-01-11,77.849715,78.920706,77.591202,78.837608,5862000
2024-01-12,79.290008,79.816269,79.068426,79.751640,5884200
2024-01-16,79.262314,79.483896,78.763750,79.391571,5139500
2024-01-17,79.243848,79.936296,79.003797,79.843971,5809500
2024-01-18,79.179214,79.908595,78.782210,79.770103,6260500
2024-01-19,79.751645,81.127315,79.483897,80.591820,6400700
2024-01-22,74.322848,74.553665,71.433031,72.411690,20378600
2024-01-23,72.513247,73.750419,72.374756,73.381119,7837600
2024-01-24,73.454981,73.768895,72.457860,73.427284,7563000
2024-01-25,73.935071,74.839867,73.445742,74.073563,8337400
2024-01-26,74.073570,74.332083,73.307258,73.418045,5481400
2024-01-29,73.538067,73.870443,72.854852,73.002571,6586000
2024-01-30,72.753300,72.845626,71.977754,72.587112,8102400
2024-01-31,72.744060,72.965641,72.023914,72.254730,7637300
2024-02-01,72.014681,72.550177,71.460723,72.162407,7698000
2024-02-02,71.654605,72.005443,71.008322,71.054482,7588800
2024-02-05,70.768268,71.137576,70.177379,70.823662,6690400
2024-02-06,70.971406,71.894671,70.823680,71.756180,8121200
2024-02-07,70.362034,70.583616,68.266225,68.709389,12449800
2024-02-08,68.690928,68.866344,67.426052,68.136971,8815200
2024-02-09,68.155428,68.432411,67.222929,68.016937,10718300
2024-02-12,67.776901,69.374146,67.499919,68.737091,7605800
2024-02-13,68.958671,69.032527,67.370654,67.887680,8560100
2024-02-14,67.499908,68.164660,67.241395,67.435280,7487700
2024-02-15,67.435296,67.924625,67.222942,67.739975,5482900
2024-02-16,67.398353,67.481444,65.893434,66.087318,12823200
2024-02-20,66.096543,67.149071,65.967286,66.512016,7874200
2024-02-21,66.945960,67.666105,66.945960,67.583008,6233300
2024-02-22,66.715134,67.296788,66.318130,67.195229,7323600
2024-02-23,67.629184,68.543214,67.398367,67.906166,5573500
2024-02-26,67.859987,68.220060,67.250628,67.352188,5177900
2024-02-27,67.259863,67.527611,67.056744,67.416817,6090400
2024-02-28,67.564546,67.629175,67.038286,67.121376,4245600
2024-02-29,67.139833,67.315255,66.401218,66.567406,8583200
2024-03-01,66.733602,67.084448,66.512021,66.761299,5401200
2024-03-04,66.835174,67.029059,66.438170,66.705917,5749900
2024-03-05,66.844399,67.407591,66.567417,67.389122,6280400
2024-03-06,67.287564,67.693803,66.945960,67.056747,6170300
2024-03-07,67.370658,68.395483,67.102910,68.007713,9902800
2024-03-08,68.284699,69.651135,68.007724,69.355690,9519000
2024-03-11,69.134098,70.362042,69.087939,69.540337,7394900
2024-03-12,69.475702,69.558792,68.552437,69.318748,7056300
2024-03-13,69.697281,70.334336,69.207952,70.112755,6003000
2024-03-14,69.693029,69.972842,68.853577,69.217339,8399300
2024-03-15,69.254653,69.637072,68.359240,68.732330,13963700
2024-03-18,68.732324,69.180027,68.284614,68.331253,6939600
2024-03-19,68.405879,68.806950,68.265976,68.471176,8661700
2024-03-20,68.340576,69.002815,67.902202,69.002815,7311400
2024-03-21,68.928194,69.282626,68.116723,68.172684,5836900
2024-03-22,68.191352,68.303281,67.678352,67.724991,7730500
2024-03-25,67.622387,67.939509,67.342567,67.697006,5543800
2024-03-26,67.454503,67.771633,67.258633,67.538452,5362800
2024-03-27,68.014127,68.144708,67.669024,68.098076,7747600
2024-03-28,68.321938,68.900228,68.275299,68.321938,8369500
2024-04-01,68.293944,68.293944,67.510453,67.976814,3796100
2024-04-02,67.920866,67.948846,67.062763,67.239975,6139000
2024-04-03,67.156035,67.314596,65.943493,66.120712,5145300
2024-04-04,66.447154,66.587063,64.730947,64.870857,7341200
2024-04-05,65.001442,65.299913,63.928809,64.898842,6599300
2024-04-08,64.404508,64.870869,64.404508,64.749611,4589100
2024-04-09,64.507097,65.243941,64.460458,65.234619,5928100
2024-04-10,65.066732,65.066732,63.481099,63.537067,7983100
2024-04-11,63.854183,64.385835,63.714273,64.031403,6071500
2024-04-12,63.910147,64.003425,63.070703,63.490425,5691800
2024-04-15,63.676968,63.854188,63.145317,63.191956,7717800
2024-04-16,63.238598,63.322540,62.669637,62.781559,4974900
2024-04-17,62.818870,63.005418,62.389818,62.427128,5287700
2024-04-18,62.501748,62.511070,61.466425,61.708935,6442200
2024-04-19,61.792876,62.333856,61.708934,62.268566,10657000
2024-04-22,62.427123,63.024065,62.249903,62.445774,5622400
2024-04-23,62.576366,63.126676,62.492424,62.520405,5240200
2024-04-24,62.100663,62.669624,61.895463,62.567024,8467100
2024-04-25,62.930793,63.331864,60.710909,60.878799,15172000
2024-04-26,61.093331,61.886143,60.281859,61.018711,12382400
2024-04-29,60.906785,62.408469,60.813507,61.503727,7838800
2024-04-30,61.205260,61.223911,60.459079,60.813511,7436600
2024-05-01,60.925438,61.457089,60.598986,61.102657,7232500
2024-05-02,61.326507,61.373146,60.524365,60.934765,5571500
2024-05-03,61.102659,61.121310,60.002046,60.421768,7822700
2024-05-06,60.421767,61.149289,60.011367,61.130638,7187300
2024-05-07,61.028038,61.690270,60.776206,61.056019,7318200
2024-05-08,61.158624,61.195934,60.403121,60.552353,5135000
2024-05-09,60.794858,60.832168,60.179257,60.235226,6048600
2024-05-10,60.365807,61.746232,60.319168,61.522381,8733200
2024-05-13,61.699599,63.042714,61.680940,62.996082,6736500
2024-05-14,63.425142,63.770251,62.539058,63.098690,4356200
2024-05-15,63.359835,63.406474,62.464422,62.501732,7532100
2024-05-16,62.501735,63.397148,62.352496,63.294548,4832000
2024-05-17,63.257246,63.257246,62.688284,63.163975,3579000
2024-05-20,63.163965,63.462436,62.846836,63.331856,4719700
2024-05-21,63.238607,63.331878,62.343187,62.762917,5701200
2024-05-22,62.660296,63.322528,62.464425,63.238586,6227700
2024-05-23,63.014742,63.080032,61.569026,61.718258,5625300
2024-05-24,61.914122,61.960761,60.822838,61.261219,5971000
2024-05-28,60.916104,61.139962,59.451733,59.638275,5593400
2024-05-29,59.227882,59.610298,58.854792,59.227882,5609600
2024-05-30,59.209228,60.002044,58.826812,59.768864,7118600
2024-05-31,58.500360,59.974063,57.894089,59.946075,14509300
2024-06-03,59.974069,60.524372,58.929417,59.162598,8560900
2024-06-04,59.265196,60.253880,58.948070,59.843487,6593100
2024-06-05,59.862137,60.085989,59.050670,59.582321,6145800
2024-06-06,59.507697,59.964733,59.227881,59.554333,6087400
2024-06-07,59.526356,60.552349,59.283849,60.347149,7412500
2024-06-10,60.216565,60.888126,59.731552,60.860146,11592200
2024-06-11,60.300513,60.533694,59.927423,60.524364,4648200
2024-06-12,60.626968,60.832168,59.563665,60.011368,5846100
2024-06-13,59.750206,59.852806,59.227883,59.283848,6502400
2024-06-14,59.246081,61.955825,59.208314,61.427090,9793600
2024-06-17,61.134402,61.313795,60.426282,60.681202,5915800
2024-06-18,60.586790,60.747295,59.189432,59.623749,6684600
2024-06-20,61.398763,65.590838,61.238257,64.665558,25061700
2024-06-21,67.554697,68.149516,65.675812,66.723831,31120000
2024-06-24,67.035415,68.045667,66.619982,66.780495,10915500
2024-06-25,66.695499,67.488598,65.647480,65.723015,8354500
2024-06-26,65.326479,66.308407,65.052671,65.439774,5795200
2024-06-27,65.279267,65.704137,64.693885,64.986580,7176300
2024-06-28,64.986578,65.147084,64.259571,64.778862,9590000
2024-07-01,64.797754,66.081813,64.675016,64.807198,5251000
2024-07-02,64.486175,64.665560,63.806378,64.580589,4846200
2024-07-03,64.429513,64.514491,62.862210,62.871647,3995700
2024-07-05,62.899989,63.192676,62.324050,62.966080,4211700
2024-07-08,64.070745,64.372876,63.287090,63.778057,5747000
2024-07-09,63.353177,64.174599,62.635612,63.976326,5364100
2024-07-10,64.042415,65.014900,63.872466,64.911041,4101600
2024-07-11,64.410639,66.374494,64.335104,66.062920,9594900
2024-07-12,66.327290,66.733279,66.006278,66.053482,5101000
2024-07-15,66.468908,67.271443,66.289516,66.856010,7569300
2024-07-16,66.402823,68.026781,66.402823,67.639671,5129700
2024-07-17,67.989010,69.849007,67.989010,69.206978,7220100
2024-07-18,68.546053,70.736506,68.451639,69.405243,8120100
2024-07-19,69.405250,69.622403,67.941798,68.508293,5571800
2024-07-22,68.819869,69.225859,67.998447,68.366676,6420800
2024-07-23,67.932359,68.253378,66.827693,67.195915,4502400
2024-07-24,67.658561,69.490228,67.431957,69.395813,6600000
2024-07-25,70.576000,73.021372,70.226658,72.237724,11733400
2024-07-26,71.784520,73.918325,71.510713,72.709801,7453600
2024-07-29,72.813672,73.625650,72.520977,73.389610,4571100
2024-07-30,73.096924,74.069408,72.341599,73.691750,6120800
2024-07-31,73.540674,73.616209,71.633473,71.812859,7052000
2024-08-01,71.860071,72.898646,71.576820,72.218849,5662500
2024-08-02,73.446256,73.842801,71.321894,72.483208,6458100
2024-08-05,72.587068,72.870319,70.141695,70.651543,7349100
2024-08-06,70.339959,71.293563,70.009504,70.047272,5311100
2024-08-07,70.349413,71.114181,69.820678,69.867889,4214700
2024-08-08,69.915101,71.520172,69.650730,71.369102,7786300
2024-08-09,70.755399,71.992248,68.744333,69.546875,9545100
2024-08-12,69.244731,69.386356,68.385549,68.914276,5606900
2024-08-13,68.876508,70.103919,68.612144,69.848999,4356900
2024-08-14,69.405250,70.198342,68.914282,70.000069,4747800
2024-08-15,70.226663,70.821489,69.631845,70.188896,5196700
2024-08-16,69.811233,70.094477,68.819862,69.660164,5148000
2024-08-19,69.244744,70.358854,69.178653,70.292763,3727900
2024-08-20,70.377739,70.717637,70.188902,70.576012,3668000
2024-08-21,70.670428,71.170832,70.623224,70.934792,3659700
2024-08-22,71.350214,72.001687,71.142498,71.661789,5930800
2024-08-23,71.841186,72.813678,71.671244,72.436012,6847100
2024-08-26,72.511536,73.106354,72.152750,72.662598,2926800
2024-08-27,72.898636,73.134676,72.407676,72.700363,3902000
2024-08-28,73.134681,75.013558,72.917528,74.173256,6214100
2024-08-29,74.522605,75.202402,73.880575,75.013565,5544800
2024-08-30,74.994689,75.768900,74.211034,74.588699,6205300
2024-09-03,75.334574,75.948280,74.966352,75.249596,8733300
2024-09-04,75.221281,75.532856,74.324331,74.711433,4580600
2024-09-05,74.541485,74.890828,73.399052,74.371536,4306400
2024-09-06,74.692548,74.786962,73.890013,74.324326,9220900
2024-09-09,74.022191,75.721676,73.984424,74.749191,5571500
2024-09-10,74.749200,77.005743,74.333774,76.892448,6869000
2024-09-11,76.609194,76.665841,75.192953,76.420364,6144800
2024-09-12,78.384214,80.149797,77.402293,78.516403,11448200
2024-09-13,78.097082,79.259724,77.734950,78.916649,6530300
2024-09-16,79.097725,79.650458,78.640289,79.250206,7844100
2024-09-17,79.154895,79.421730,78.506865,79.145370,7078500
2024-09-18,79.450336,80.546262,78.869015,79.945885,9199500
2024-09-19,80.422367,80.670145,79.507502,79.955406,8798300
2024-09-20,79.345493,80.041168,78.859469,79.993523,24926000
2024-09-23,80.288954,80.489080,79.555159,80.041176,6474400
2024-09-24,79.850586,80.317546,79.421738,79.850586,7985100
2024-09-25,79.993530,80.041175,78.287687,78.344864,8375500
2024-09-26,78.163793,79.212082,77.982731,79.135841,5654500
2024-09-27,79.316923,80.365204,79.135853,79.679054,5456700
2024-09-30,79.240669,80.288951,79.231138,79.898224,5116100
2024-10-01,79.879162,80.031643,78.926177,79.993523,6619000
2024-10-02,79.412201,81.413467,79.193011,80.755905,6042300
2024-10-03,80.288948,80.936978,80.060234,80.212708,4086100
2024-10-04,80.374722,80.965575,80.031654,80.612968,4054300
2024-10-07,81.051348,81.632669,80.374723,80.460495,4692500
2024-10-08,80.546258,81.375357,80.355664,81.203819,4593100
2024-10-09,81.175231,82.766714,81.060870,82.090096,6162100
2024-10-10,81.794675,81.899504,80.612968,80.689209,3814800
2024-10-11,80.870282,80.984643,80.212720,80.956047,3982300
2024-10-14,80.927446,81.327697,80.374713,81.051338,3493100
2024-10-15,81.175224,82.566580,80.813092,81.785133,5133500
2024-10-16,81.794673,82.738126,81.794673,82.671417,3181200
2024-10-17,82.833416,83.529098,82.518929,83.252731,4287700
2024-10-18,82.709531,83.071662,81.966204,82.642822,4365100
2024-10-21,82.566575,83.166953,81.880425,82.233032,4451200
2024-10-22,81.651717,84.205715,81.575476,84.015121,6044400
2024-10-23,84.005589,84.234304,83.043073,83.128845,4373500
2024-10-24,83.595811,85.025288,83.500514,84.605972,7183500
2024-10-25,85.244476,85.520842,84.291491,84.815636,5734900
2024-10-28,85.044335,85.215872,84.358185,84.586906,5961700
2024-10-29,84.224787,84.358205,82.728602,83.938896,6655800
2024-10-30,83.767352,84.215256,83.367100,84.139015,5846900
2024-10-31,83.805480,85.082476,83.614879,84.644104,5894500
2024-11-01,84.158073,85.358835,84.043719,85.301659,6485900
2024-11-04,85.282591,86.445234,85.168238,85.616135,6124300
2024-11-05,85.425546,86.140285,84.825169,85.978279,3960200
2024-11-06,86.721604,87.655532,86.245112,87.379166,8819300
2024-11-07,89.580554,93.697447,89.113594,93.297195,14389800
2024-11-08,91.534175,92.744463,90.447773,92.029724,7456700
2024-11-11,91.867716,94.250178,91.772419,92.468094,7094300
2024-11-12,91.820062,92.287023,89.799740,89.914093,9322700
2024-11-13,89.704433,89.780673,87.321971,88.274956,11060500
2024-11-14,87.970005,88.303556,87.007496,87.779411,8202700
2024-11-15,87.398220,87.665054,84.062774,84.243843,11454500
2024-11-18,84.234309,84.853751,83.510039,84.301018,9099600
2024-11-19,83.510037,84.434433,82.032915,83.624397,8179300
2024-11-20,83.967472,84.891868,83.643453,84.463020,4781700
2024-11-21,84.882332,85.711432,83.929348,85.539894,4057300
2024-11-22,85.587545,86.235575,85.072933,85.949684,4545900
2024-11-25,86.483358,87.074212,85.292128,86.235580,10754100
2024-11-26,86.092621,87.369624,85.416003,87.055138,4406500
2024-11-27,87.140911,88.532268,87.140911,88.065308,5527200
2024-11-29,88.475089,88.780051,87.989072,88.227318,3851000
2024-12-02,88.179672,89.923636,88.141552,89.599617,5023100
2024-12-03,89.399480,89.952213,88.112952,88.141541,5532000
2024-12-04,88.236836,88.246368,85.635192,87.283852,9124300
2024-12-05,87.293386,89.837853,87.293386,88.999229,12428600
2024-12-06,89.104061,89.790211,87.703173,87.798470,4470700
2024-12-09,87.541174,87.817540,86.245114,86.330879,7396100
2024-12-10,87.055143,88.579917,86.378525,87.998596,6748200
2024-12-11,88.055769,90.199984,87.617397,88.036705,7525100
2024-12-12,88.112946,88.837216,87.140905,88.036705,5782700
2024-12-13,88.084759,88.517203,85.672660,88.276955,7515500
2024-12-16,88.373063,89.622359,88.315406,88.459557,7068100
2024-12-17,88.296185,89.939485,88.296185,89.180305,6125300
2024-12-18,89.103413,89.852988,87.056490,87.152596,6616100
2024-12-19,86.873914,87.911790,86.748980,87.536995,8875200
2024-12-20,87.373632,89.651192,87.171824,88.959274,22530200
2024-12-23,89.007330,89.872219,88.209703,89.756905,4809500
2024-12-24,89.372497,90.381544,88.507600,90.285439,2109100
2024-12-26,89.535862,90.862040,89.353278,90.727501,2915400
2024-12-27,89.785725,90.698667,89.785725,90.439201,3349300
2024-12-30,90.266220,90.333489,88.142423,88.421112,3613200
2024-12-31,88.978495,89.353290,88.200092,88.767082,3482500
2025-01-02,89.007322,89.209130,87.834907,88.296181,3495200
2025-01-03,88.594103,88.738246,87.748423,87.844528,4265200
2025-01-06,87.210259,87.959833,86.806643,87.671539,6779400
2025-01-07,87.344793,87.940612,86.979618,87.094933,5811900
2025-01-08,87.142988,87.142988,85.528517,85.663055,8054200
2025-01-10,86.672105,87.863736,85.115291,86.374191,7869700
2025-01-13,86.777813,86.845082,85.547734,86.431854,6523300
2025-01-14,87.056497,87.911789,86.326146,87.450508,7418300
2025-01-15,87.786849,89.045757,87.488943,88.776672,8084400
2025-01-16,88.661364,89.439768,87.277530,88.075157,8955300
2025-01-17,88.421118,89.180305,88.113601,88.257744,6862200
2025-01-21,88.469164,90.237398,88.469164,89.334061,10546000
2025-01-22,89.016931,89.670407,88.257744,89.410942,7285700
2025-01-23,89.401326,89.651187,88.613311,89.295616,4086100
2025-01-24,88.757461,90.333491,88.661363,89.439766,5409200
2025-01-27,89.468591,92.101714,89.468591,91.630829,7914200
2025-01-28,91.294484,92.928172,90.150898,90.189339,7406100
2025-01-29,90.717894,92.188215,90.410376,91.861473,5593500
2025-01-30,92.793639,93.187651,91.717330,93.168427,5020500
2025-01-31,92.957015,94.533045,92.668714,93.408676,9419400
2025-02-03,93.245300,95.570905,92.966610,94.542641,10515600
2025-02-04,94.542657,94.629150,93.264540,94.167870,6156200
2025-02-05,94.638745,96.589563,94.187077,95.763107,7738300
2025-02-06,95.657404,95.705449,94.033321,94.215912,4518000
2025-02-07,93.946834,94.494601,92.159384,92.293922,7182200
2025-02-10,92.293930,92.418857,90.871655,91.755775,9628200
2025-02-11,91.611611,92.524553,91.323310,92.390015,6260000
2025-02-12,97.771596,100.625751,96.897095,99.280357,16210300
2025-02-13,100.750672,102.278657,99.770460,101.826988,8715000
2025-02-14,101.673221,102.528506,99.866547,100.020309,6400400
2025-02-18,100.183674,102.422793,99.943425,101.144669,9434600
2025-02-19,101.125460,103.604820,101.096624,103.451065,6384100
2025-02-20,103.575998,105.815117,103.239651,105.738235,7684500
2025-02-21,106.410936,106.699230,105.488375,105.661354,9732800
2025-02-24,105.296175,107.621780,105.180853,106.699226,10495100
2025-02-25,106.766505,107.737112,105.805511,107.179733,8072000
2025-02-26,106.391707,106.737666,104.171812,106.151459,5911200
2025-02-27,106.026526,108.179151,105.757448,107.621773,6301000
2025-02-28,107.775543,110.293344,107.448801,109.851288,12604000
2025-03-03,110.408674,112.590136,110.206866,111.465767,10017300
2025-03-04,112.676609,112.811148,109.149761,110.264511,11982700
2025-03-05,110.264517,112.638175,110.033880,110.937218,16088200
2025-03-06,110.956438,111.773282,110.139594,111.513817,7712200
2025-03-07,111.139031,113.800983,110.312575,112.830383,14406000
2025-03-10,112.436368,115.280911,112.224948,112.638176,11194400
2025-03-11,112.100023,112.417153,109.476504,109.966614,11478800
2025-03-12,108.736538,110.389450,108.419408,109.543770,8065900
2025-03-13,109.351574,110.966045,108.304086,108.928734,6939100
2025-03-14,109.248098,109.702937,107.322299,107.844879,8647900
2025-03-17,106.964220,108.928730,105.928740,108.638412,9259000
2025-03-18,108.570688,108.580360,106.296495,106.673920,10250400
2025-03-19,106.151329,106.180360,102.386823,104.041656,11967600
2025-03-20,103.383588,103.383588,101.322299,102.454559,11281700
2025-03-21,101.767476,103.954562,101.535213,103.625534,26497500
2025-03-24,103.557787,103.925526,102.677141,103.296494,8563200
2025-03-25,103.296492,104.467455,102.870691,104.409393,8444700
2025-03-26,104.506168,106.896485,104.419075,105.744873,7391400
2025-03-27,106.451325,108.202931,106.199711,107.573906,6382900
2025-03-28,107.564226,108.754541,106.112617,108.183578,7844800
2025-03-31,106.131972,108.831965,106.064230,108.435196,8828600
2025-04-01,108.386806,109.219063,107.138422,107.690033,6284400
2025-04-02,107.544873,108.406161,106.906169,108.280357,7444300
2025-04-03,109.373894,111.048087,108.657769,108.764221,10045200
2025-04-04,106.944871,109.228737,103.664236,103.790039,12920000
2025-04-07,101.370696,105.483589,99.986829,102.115852,14202800
2025-04-08,101.999726,104.002946,98.515866,99.861023,11293700
2025-04-09,94.809420,103.993264,94.180388,101.854561,19225200
2025-04-10,101.438428,101.612621,96.048120,98.128761,14193700
2025-04-11,98.883608,101.409408,97.509420,100.286827,8683700
2025-04-14,100.625540,103.722303,100.625540,103.064240,6335100
2025-04-15,102.967464,103.064237,101.486824,102.270691,7577300
2025-04-16,102.512620,102.967458,100.983590,101.496490,7115800
2025-04-17,101.361010,102.338429,100.180367,101.167465,8066400
2025-04-21,100.741658,101.835208,99.764239,100.964241,6721000
2025-04-22,101.515849,103.006168,101.399718,102.106171,7540700
2025-04-23,102.531977,103.199719,96.115868,102.948105,8178700
2025-04-24,102.686814,104.090033,102.328748,102.725525,10133200
2025-04-25,99.367469,100.838430,90.357819,99.841660,14208000
2025-04-28,100.509411,103.102953,99.812638,102.909401,9458900
2025-04-29,102.270692,103.712622,100.751342,100.848114,7646100
2025-04-30,101.931987,103.364237,100.451347,103.102951,9628500
2025-05-01,102.106176,102.444883,99.831990,99.919083,7270900
2025-05-02,101.486825,101.777142,99.173928,100.335213,7033800
2025-05-05,100.373925,100.499728,99.154571,99.493279,5487300
2025-05-06,99.028773,99.415870,94.190076,94.722328,11409400
2025-05-07,94.712649,96.483606,94.190069,95.709419,8119000
2025-05-08,94.112655,95.264267,92.225566,94.993301,12994700
2025-05-09,94.906197,95.467487,93.096521,93.783623,13141000
2025-05-12,93.667482,101.283593,93.086840,100.470688,12935600
2025-05-13,99.251357,99.512651,97.480399,98.157814,8443000
2025-05-14,97.673938,98.448133,94.915882,95.206200,10047100
2025-05-15,96.319092,97.373932,94.702969,97.102959,9678900
2025-05-16,97.364256,99.241673,96.996518,99.193283,6398400
2025-05-19,99.677154,102.822307,99.522312,102.735214,8561400
2025-05-20,102.348109,105.735197,102.348109,105.590034,10712100
2025-05-21,104.622298,105.261003,103.925525,104.244881,7968900
2025-05-22,103.790043,104.467457,102.706172,103.296494,7069400
2025-05-23,102.435206,104.361005,102.173919,103.906174,6037100
2025-05-27,104.806171,106.015845,104.554557,105.570679,7929700
2025-05-28,105.599721,105.919069,103.770694,104.941658,4598300
2025-05-29,105.086806,107.651316,104.631974,107.525513,5596800
2025-05-30,108.019059,108.019059,106.044870,106.528740,11913200
2025-06-02,105.715840,106.848101,102.280370,105.396492,9987000
2025-06-03,104.902950,106.228748,104.177146,105.802948,9884000
2025-06-04,105.986807,107.699710,105.377134,105.502937,7963200
2025-06-05,105.454562,108.899712,104.815851,106.896492,10819400
2025-06-06,108.086807,109.122287,107.196481,108.831963,5263500
2025-06-09,108.967448,109.857767,108.164223,109.354546,6153000
2025-06-10,106.344869,108.619055,106.219066,106.538414,8870800
2025-06-11,106.277124,107.457767,105.502930,105.773903,6413600
2025-06-12,107.022290,108.473899,105.386816,108.435196,7026000
2025-06-13,107.704226,108.542391,106.700378,107.187683,8150100
2025-06-16,107.372859,108.639856,106.037647,108.016106,4740600
2025-06-17,107.489809,107.879655,105.004549,105.257950,7460400
2025-06-18,105.852463,108.941977,104.468518,105.257950,12894800
2025-06-20,106.086374,107.363119,104.575732,105.745262,23268100
2025-06-23,106.057135,106.661396,102.675235,103.493912,8173400
2025-06-24,103.630365,104.868117,103.308742,104.478271,7916700
2025-06-25,104.127401,104.205372,101.807830,103.240509,6053400
2025-06-26,103.493918,105.121516,103.104072,104.887611,6311700
2025-06-27,105.511360,109.156403,104.127408,107.860168,19545200
2025-06-30,107.801691,108.610620,107.090222,108.055092,6602300
2025-07-01,108.669093,109.711927,107.986869,108.893257,7677200
2025-07-02,108.951730,109.965326,108.269498,108.678841,5991100
2025-07-03,108.717831,109.234374,107.801695,108.912750,4039800
2025-07-07,109.156402,109.721678,107.938138,108.941986,6956400
2025-07-08,108.922489,110.277197,108.074575,108.240257,4682400
2025-07-09,109.575489,110.784004,108.990724,110.364922,5234900
2025-07-10,110.199233,111.953536,109.965329,111.631912,6096900
2025-07-11,110.657307,110.920448,106.671145,106.856323,6116200
2025-07-14,106.885554,109.341577,106.875813,109.244110,6380600
2025-07-15,108.123311,108.659343,105.969423,106.291039,4938400
2025-07-16,105.823237,107.908903,105.813489,107.060989,3958600
2025-07-17,106.437230,107.353366,105.413893,106.037643,4276000
2025-07-18,107.060995,108.084339,105.296951,105.472382,6627900
2025-07-21,105.628305,106.602916,105.014303,105.530846,3573800
2025-07-22,105.647806,108.152555,105.316435,107.372864,4487900
2025-07-23,107.811445,110.998419,107.577533,110.676796,5228500
2025-07-24,110.696292,110.813241,109.653459,110.325935,4103700
2025-07-25,111.651395,114.614212,111.232312,113.249756,7680800
2025-07-28,110.511101,111.836572,109.819128,110.160240,5370500
2025-07-29,110.082280,111.505218,109.448789,111.329788,6278900
2025-07-30,111.368764,112.811191,110.647554,111.846329,5826900
2025-07-31,110.969180,112.606526,108.961484,109.439041,7883500
2025-08-01,109.409795,110.920437,109.010201,110.306435,5016300
2025-08-04,110.569584,111.661151,110.355176,111.602676,5634200
2025-08-05,111.095874,111.592928,109.458528,109.604721,6132100
2025-08-06,109.127167,109.400056,107.392361,107.480072,7446500
2025-08-07,107.772458,107.860170,105.784251,107.480072,9190300
2025-08-08,112.294652,118.298250,111.885317,116.378273,13115300
2025-08-11,116.202839,117.547799,115.169746,117.411354,7953000
2025-08-12,117.499061,118.736821,116.232072,116.972771,6084100
2025-08-13,117.489323,118.044851,116.465979,117.089729,4928200
2025-08-14,116.758372,117.440596,115.121025,115.998169,5461300
2025-08-15,115.540100,115.998161,114.682438,115.364670,8859800
2025-08-18,115.306199,116.339291,114.857879,114.994324,4476400
2025-08-19,115.218478,116.495215,114.097674,114.984573,6484500
2025-08-20,115.559589,117.820686,115.452381,115.715530,5639500
2025-08-21,112.567534,114.945586,111.651398,113.191284,6063200
2025-08-22,113.931997,115.130764,111.612419,111.856071,5503400
2025-08-25,111.992522,112.567539,110.920444,111.251816,3812200
2025-08-26,111.446733,112.314136,110.998413,111.836578,5932800
2025-08-27,111.125116,112.294654,110.871723,111.027657,4663300
2025-08-28,110.745012,110.959428,109.468274,109.702179,4148700
2025-08-29,109.897109,110.364918,109.302596,110.101776,4630500
2025-09-02,110.033552,110.423398,108.454680,109.848373,4409700
2025-09-03,109.770401,110.520856,109.302592,110.121262,4546500
2025-09-04,110.277210,110.939945,109.429296,109.906853,4024700
2025-09-05,109.555996,112.869666,109.400054,112.128967,6953900
2025-09-08,111.768359,113.230275,110.930193,112.937889,16945000
2025-09-09,112.937894,113.298503,110.978932,112.820946,6217200
2025-09-10,112.606529,112.908656,111.592933,112.323891,7839700
2025-09-11,112.470081,115.111275,112.294651,114.867622,5457000
2025-09-12,114.507013,114.643458,111.281054,111.641663,6468100
2025-09-15,111.553337,111.553337,109.256914,110.444382,6168900
2025-09-16,111.111709,112.004760,108.098876,108.795654,5458800
2025-09-17,109.296160,110.365859,109.139135,110.169586,6539600
2025-09-18,109.325603,111.631841,109.188210,111.504265,7115600
2025-09-19,112.181420,112.927270,110.984136,111.965515,12580500
2025-09-22,111.337425,111.926258,110.061637,110.395302,7261300
2025-09-23,109.796666,113.417956,109.669089,112.269745,7281500
2025-09-24,112.171603,112.436572,109.875173,111.553329,5222500
2025-09-25,112.387499,113.103909,108.746585,108.923233,8355800
2025-09-26,109.276531,110.149958,108.638634,110.012566,5074200
2025-09-29,110.454192,110.601393,108.756403,110.522888,7122200
2025-09-30,110.925258,112.721183,108.854548,108.933060,10301700
2025-10-01,109.914432,110.964507,108.147947,109.080261,13649700
2025-10-02,108.147947,109.620015,106.440349,108.501244,10134700
2025-10-03,108.677890,111.474818,107.618007,110.591583,8088700
2025-10-06,113.516090,114.821325,110.316800,111.465012,9090700
2025-10-07,111.484630,114.732999,110.719156,114.605415,8712600
2025-10-08,114.929279,116.146186,113.604419,116.048050,6532200
2025-10-09,116.538736,116.646688,114.340449,114.566162,5018800
2025-10-10,115.459220,117.107937,114.330633,114.997971,7896600
2025-10-13,114.173608,116.568175,113.643670,116.008789,5124600
2025-10-14,115.331643,117.107944,114.458216,116.273773,6311100
2025-10-15,115.881218,116.852781,114.890023,116.097122,4551900
2025-10-16,115.783079,119.306225,115.154989,115.655495,6742600
2025-10-17,117.412163,121.798928,116.872402,120.523132,15845900
2025-10-20,120.307229,121.681161,119.924492,120.817551,8149500
2025-10-21,120.974571,122.289623,119.649711,121.769493,5559000
2025-10-22,121.926512,122.132601,119.041264,119.198280,5436300
2025-10-23,119.482879,119.610455,117.225704,118.491684,4635300
2025-10-24,118.177644,118.894054,116.499487,118.687965,5438600
2025-10-27,119.227711,119.316039,117.274769,118.226707,4752700
2025-10-28,117.539742,118.040247,115.596616,115.684937,4723500
2025-10-29,114.939096,116.744829,114.526911,116.293396,6032300
2025-10-30,116.587809,118.275775,115.331638,116.234512,8349600
2025-10-31,113.898826,119.639898,111.896812,117.559372,10030000
2025-11-03,117.588812,120.042259,116.882218,119.777290,8294100
2025-11-04,120.856811,121.268988,117.019616,120.709602,8467200
2025-11-05,119.924496,121.426012,119.443622,120.297424,6417500
2025-11-06,119.659522,121.789112,119.453433,121.102150,6087500
2025-11-07,121.583026,121.690978,115.351272,116.627060,9065500
2025-11-10,117.176644,117.618262,114.948910,115.949921,7566000
2025-11-11,116.401350,120.464258,116.371910,120.277794,6281100
2025-11-12,120.120771,122.544778,119.531945,121.102150,6004800
2025-11-13,121.445633,125.302452,121.298425,122.868629,9253800
2025-11-14,122.485890,123.300436,120.218907,122.691978,6599300
2025-11-17,122.898068,124.173856,121.602648,121.779289,5758100
2025-11-18,122.220920,124.988408,121.023637,124.811760,8179000
2025-11-19,124.723434,125.714636,123.516342,125.685196,6881900
2025-11-20,125.950162,126.303459,122.220927,122.662544,9924200
2025-11-21,123.006027,125.596874,122.741058,124.281822,10379100
2025-11-24,124.595849,125.861829,122.171843,122.937317,9553600
2025-11-25,122.456453,125.233757,122.377941,124.752884,7589800
2025-11-26,124.576227,125.773510,124.007025,125.135612,5825300
2025-11-28,124.733251,125.420221,122.574221,123.496712,3063600
2025-12-01,123.545780,123.879453,121.318053,122.014832,4960200
2025-12-02,122.083527,122.750865,121.092332,121.602654,5109900
2025-12-03,121.897065,123.261181,121.573209,122.672356,5306000
2025-12-04,122.485884,122.633093,120.120765,120.336670,5234200
2025-12-05,120.012821,120.248350,118.138384,118.962746,10416800
2025-12-08,118.727215,120.091331,118.295406,118.933304,8870700
2025-12-09,118.815539,119.973567,116.803710,117.137383,7255700
2025-12-10,117.264956,119.149209,116.568178,119.080505,8530500
2025-12-11,119.973557,121.435809,118.746834,120.915680,4892300
2025-12-12,120.572203,121.327862,117.304210,118.158012,6767700
2025-12-15,120.519003,121.487109,117.940686,118.325951,7805100
2025-12-16,119.066837,120.163363,116.735486,117.338081,6417500
2025-12-17,117.822132,120.588145,117.140513,119.886765,7958600
2025-12-18,119.768219,120.805475,119.461984,119.995430,5795400
2025-12-19,119.718838,124.737164,119.531142,122.781204,24394600
2025-12-22,122.573748,123.383793,121.348795,122.652779,6751400
2025-12-23,122.662658,125.863332,122.494724,123.670280,5712500
2025-12-24,124.183963,124.717408,123.601128,124.144447,1606300
2025-12-26,123.996264,124.243229,122.682415,123.186218,2073800
2025-12-29,123.304765,123.749300,122.692289,123.393677,3061300
2025-12-30,123.047922,123.482583,121.457466,121.684677,3256000
2025-12-31,121.743938,122.099568,120.894377,121.250008,3150200
2026-01-02,121.003051,121.101836,119.718837,120.123856,4555400
2026-01-05,119.303924,119.531135,115.461147,116.863914,7039100
2026-01-06,116.784883,120.509114,116.784883,119.886765,6038000
2026-01-07,120.854875,123.196107,120.677067,122.840477,6175400
2026-01-08,122.573755,123.591251,118.474132,119.205147,6717800
2026-01-09,118.879145,121.269773,117.881411,119.629921,6629500
2026-01-12,119.116234,122.968892,118.177762,121.111710,7397000
2026-01-13,121.101832,122.307024,118.760607,120.281914,5803600
2026-01-14,119.906518,122.652777,119.906518,122.563866,4659300
2026-01-15,122.800957,123.057803,119.481745,119.787987,6659800
2026-01-16,122.297151,123.601127,120.617783,123.393677,10638900
2026-01-20,122.297149,124.707524,120.795597,122.633018,9152600
2026-01-21,122.227999,127.819286,121.190742,127.542686,7285300
2026-01-22,127.562440,131.484248,127.434014,129.548035,8550500
2026-01-23,129.666585,134.645411,129.409746,134.279892,13180900
2026-01-26,134.230508,136.354402,132.067091,136.107437,10012500
2026-01-27,135.870343,139.989735,135.870343,139.258713,10615400
2026-01-28,138.705522,139.159929,137.006400,138.023895,7317700
2026-01-29,138.053526,138.804295,136.551974,137.855957,7148000
2026-01-30,137.391667,140.473787,136.966879,140.226822,9460200
2026-02-02,139.337751,142.054368,138.310367,141.155411,6898200
2026-02-03,140.434281,144.168393,140.305854,141.540680,6840200
2026-02-04,142.390224,144.948780,141.757994,144.454849,7440100
2026-02-05,144.721592,148.673035,144.099235,147.556747,9143000
2026-02-06,147.872857,151.271100,146.904758,150.648743,8509800
2026-02-09,150.006634,151.142667,148.356893,149.838684,7431200
2026-02-10,149.631269,150.026407,145.284688,145.442734,10774600
2026-02-11,147.092444,155.380594,145.590907,153.908691,11434000
2026-02-12,151.557589,153.839545,148.989160,149.967133,9891000
2026-02-13,150.046147,155.044719,149.621374,153.098633,6861900
2026-02-17,153.157913,153.859301,151.448918,153.385132,5884800
2026-02-18,154.116143,154.116143,150.520330,150.885849,5190900
2026-02-19,150.490683,150.964867,148.505089,149.285492,7357700
2026-02-20,148.752050,151.399509,148.267993,149.562088,6986900
2026-02-23,147.122086,150.609248,146.578774,148.011169,5994400
2026-02-24,147.902500,148.258130,145.264914,145.847748,8333600
2026-02-25,145.561279,147.299909,144.612927,145.334061,6209100
2026-02-26,144.148629,144.583290,141.352981,142.024734,7987200
2026-02-27,141.817277,148.179102,141.629581,147.141846,11195500
2026-03-02,146.074942,148.939747,146.005800,148.208725,7182900
2026-03-03,146.331807,147.033180,143.753490,146.035446,6741600
2026-03-04,147.112215,147.112215,144.326455,146.420715,6925100
2026-03-05,144.543781,144.968554,141.609834,143.378098,6939900
2026-03-06,141.817281,142.894046,141.036878,142.182785,4921200
2026-03-09,141.757998,145.136479,141.748124,144.850006,5210400
2026-03-10,145.936650,147.566630,145.057455,146.756577,5098500
2026-03-11,145.324187,147.487604,144.039965,144.227661,5551400
2026-03-12,143.348458,145.166118,142.143267,143.447250,7006700
2026-03-13,145.891191,147.252241,143.258485,144.043335,4375500
2026-03-16,143.288290,145.175893,141.748407,144.261902,3697200
2026-03-17,145.563337,145.752099,142.334557,143.457169,3887800
2026-03-18,142.225278,142.861099,138.320930,140.367477,7079300
2026-03-19,140.496633,141.162257,139.205118,140.188660,7310700
2026-03-20,139.513095,140.079380,135.598833,136.314133,15521900
2026-03-23,138.767986,138.887213,135.549150,136.443268,7364200
2026-03-24,135.906808,137.466549,135.578960,137.208252,6725500
2026-03-25,138.847476,139.503170,137.019493,137.357269,5053000
2026-03-26,137.486418,138.032830,135.767718,135.986282,4285500
2026-03-27,135.956489,136.572436,133.224444,133.373459,5647000
2026-03-30,133.691366,135.737914,133.015798,135.449799,6148300
2026-03-31,136.284318,139.433634,136.274389,138.460022,7878800
2026-04-01,138.777939,140.566190,137.913624,139.383957,5286500
2026-04-02,138.698453,140.417153,137.734785,138.797806,4925900
2026-04-06,138.330884,139.791288,137.943431,139.215073,3921900
2026-04-07,138.092444,138.479897,136.254517,137.893753,5439200
2026-04-08,139.195189,140.645663,137.565897,140.615845,4967300
2026-04-09,139.205123,142.036521,139.046179,141.162262,4167400
2026-04-10,141.450369,141.450369,137.546022,138.082504,4418800
2026-04-13,137.089035,138.638847,136.125367,138.122238,5101500
2026-04-14,137.357271,140.476768,136.701591,139.532974,6473800
2026-04-15,140.039655,140.039655,137.158580,138.857422,3790500
2026-04-16,137.704992,139.354157,136.850606,137.645386,3432400
2026-04-17,138.042762,138.847471,135.797524,136.741318,7345800
2026-04-20,137.158568,137.635429,134.595411,134.982864,3871200
2026-04-21,135.290838,135.449797,131.356702,132.419708,6070300
2026-04-22,132.817107,133.204560,130.482445,132.032257,6695800
2026-04-23,133.144965,133.800644,131.922985,132.767441,3870900
2026-04-24,130.681140,131.465990,128.435902,129.548584,5966000
2026-04-27,127.959041,129.479050,126.806611,126.915894,8170300
2026-04-28,129.479052,129.618137,127.502040,128.416031,5940300
2026-04-29,128.058377,129.111469,127.164260,127.998772,5048300
2026-04-30,127.124525,131.346783,127.124525,129.985718,6660000
2026-05-01,129.151200,131.495791,128.167658,130.790421,5517000
2026-05-04,129.588330,132.230966,129.151200,131.823639,5880600
2026-05-05,131.972654,133.105210,131.028860,132.608475,6152400
2026-05-06,132.509132,135.857123,132.320370,135.410065,6351200
2026-05-07,135.608764,135.608764,132.886648,133.184692,8901000
2026-05-08,129.151201,132.469390,128.157730,130.472519,10250100
2026-05-11,130.154602,133.979471,130.124800,132.648224,5385000
2026-05-12,134.118551,136.602227,131.853438,134.058945,6034900
2026-05-13,132.678025,134.188105,131.018931,132.181290,6666700
2026-05-14,132.896596,133.770840,130.949386,131.197754,4533200
2026-05-15,131.406387,131.942854,128.257086,128.733948,6640700
2026-05-18,129.300211,130.194343,128.376290,128.823349,5182200
2026-05-19,128.654463,131.475917,127.502033,129.647934,5009000
2026-05-20,130.502324,131.088468,128.644539,129.836700,5571000
2026-05-21,129.171072,130.482446,128.574984,129.647934,4920800
2026-05-22,130.710965,133.641701,130.263891,133.482742,5973400
2026-05-26,134.366922,135.429943,132.807165,132.856842,6408900
2026-05-27,132.956193,135.300785,131.724284,132.817108,5032000
2026-05-28,133.015808,135.618697,131.922984,135.330597,5610000
2026-05-29,134.247718,136.304195,132.678033,133.552277,17509800
2026-06-01,133.115164,133.115164,129.677748,130.244034,6259200
2026-06-02,128.147802,129.747291,126.240333,126.737068,8082600
2026-06-03,126.756928,129.012111,126.667520,128.147797,6237100
2026-06-04,129.717487,130.184404,127.174189,128.336548,13729200
2026-06-05,129.240617,130.800373,128.078258,128.316696,15369400
2026-06-08,129.220749,129.945979,126.299935,127.263611,9796000
2026-06-09,127.959037,128.157728,122.395594,124.680580,8683100
2026-06-10,124.819671,124.819671,120.597420,120.686836,10154200
2026-06-11,120.994809,126.538378,120.994809,125.048172,8665600
2026-06-12,125.306464,125.683988,123.478482,124.769989,5214600
2026-06-15,125.290001,125.400002,122.699997,124.300003,6653100
2026-06-16,125.220001,128.179993,124.139999,127.230003,9381700
2026-06-17,126.690002,128.199997,124.110001,125.449997,7726700
2026-06-18,125.849998,126.389999,122.430000,123.760002,14348300
2026-06-22,124.300003,125.169998,123.000000,124.870003,8126100
2026-06-23,126.629997,126.629997,124.440002,125.050003,8462600
2026-06-24,125.559998,127.269997,124.779999,125.160004,7409600
2026-06-25,125.269997,126.949997,123.669998,123.839996,7250300
2026-06-26,125.250000,128.699997,125.000000,127.879997,19908100
2026-06-29,128.860001,128.860001,125.489998,126.330002,6897300
2026-06-30,125.879997,127.269997,124.190002,126.339996,7409600
2026-07-01,127.279999,127.620003,125.129997,125.970001,6654900
2026-07-02,126.730003,131.580002,126.459999,131.270004,8088400
2026-07-06,132.880005,132.880005,127.879997,129.610001,10729400
2026-07-07,132.619995,136.600006,132.000000,136.360001,9177300
2026-07-08,136.580002,137.699997,134.000000,135.820007,8454100
2026-07-09,135.570007,136.059998,133.270004,134.839996,5838900
2026-07-10,134.020004,134.970001,129.270004,129.830002,5936000
2026-07-13,129.660004,131.669998,127.940002,131.399994,5131600
2026-07-14,129.699997,131.210007,129.419998,130.039993,5255700
2026-07-15,130.100006,132.949997,129.410004,131.699997,4467500
2026-07-16,131.759995,136.440002,131.309998,136.300003,7926800
2026-07-17,137.610001,140.610001,134.089996,134.279999,6903200
2026-07-20,134.279999,135.500000,132.910004,133.210007,4104000
2026-07-21,130.509995,132.869995,129.130005,130.279999,8371100
2026-07-22,131.830002,132.860001,130.229996,130.339996,4757800
2026-07-23,129.220001,131.070007,127.610001,130.860001,6299300
2026-07-24,130.929993,131.649994,129.039993,129.309998,5529600
2026-07-27,131.000000,133.059998,129.429993,130.520004,4953700
2026-07-28,133.110001,136.259995,132.630005,134.320007,6945600
2026-07-29,134.410004,134.639999,132.570007,132.729996,7763600
