Date,Open,High,Low,Close,Volume
2000-07-28,11.548702,11.578286,11.537944,11.543323,15200
2000-07-31,11.521808,11.624009,11.521808,11.624009,9200
2000-08-01,11.785378,11.785378,11.785378,11.785378,5200
2000-08-02,11.849927,11.868753,11.849927,11.868753,4000
2000-08-03,11.745032,11.796132,11.745032,11.796132,22400
2000-08-04,11.836479,11.866063,11.823031,11.866063,5200
2000-08-07,12.008604,12.008604,12.008604,12.008604,400
2000-08-08,12.048951,12.048951,12.048951,12.048951,7200
2000-08-09,12.048951,12.048951,12.048951,12.048951,0
2000-08-10,12.048951,12.048951,12.048951,12.048951,0
2000-08-11,12.048951,12.048951,12.048951,12.048951,0
2000-08-14,12.048951,12.048951,12.048951,12.048951,0
2000-08-15,12.048951,12.048951,12.048951,12.048951,0
2000-08-16,12.091980,12.091980,12.070464,12.070464,7600
2000-08-17,12.070464,12.070464,12.070464,12.070464,0
2000-08-18,12.213006,12.213006,12.213006,12.213006,2000
2000-08-21,12.226454,12.226454,12.178043,12.178043,172000
2000-08-22,12.202255,12.231839,12.202255,12.210323,43600
2000-08-23,12.223764,12.226454,12.223764,12.226454,12800
2000-08-24,12.264112,12.264112,12.264112,12.264112,9200
2000-08-25,12.264112,12.264112,12.264112,12.264112,0
2000-08-28,12.264112,12.264112,12.264112,12.264112,0
2000-08-29,12.285620,12.366304,12.285620,12.366304,8800
2000-08-30,12.366304,12.366304,12.366304,12.366304,0
2000-08-31,12.481961,12.481961,12.481961,12.481961,2400
2000-09-01,12.468512,12.479270,12.468512,12.479270,43200
2000-09-05,12.476574,12.476574,12.476574,12.476574,400
2000-09-06,12.398581,12.398581,12.398581,12.398581,41600
2000-09-07,12.554570,12.570707,12.554570,12.570707,8000
2000-09-08,12.586850,12.597608,12.586850,12.597608,16000
2000-09-11,12.565335,12.635262,12.565335,12.635262,3200
2000-09-12,12.635262,12.635262,12.635262,12.635262,0
2000-09-13,12.516916,12.608359,12.516916,12.608359,12000
2000-09-14,12.629877,12.654082,12.629877,12.637945,2000
2000-09-15,12.651396,12.651396,12.597606,12.602985,8000
2000-09-18,12.565328,12.565328,12.320584,12.320584,12400
2000-09-19,12.307138,12.309828,12.250659,12.274864,6400
2000-09-20,12.381074,12.381074,12.311033,12.311033,3600
2000-09-21,12.311033,12.311033,12.311033,12.311033,0
2000-09-22,12.025475,12.090128,12.025475,12.090128,4800
2000-09-25,12.176334,12.176334,12.154783,12.154783,113200
2000-09-26,12.154785,12.154785,12.130540,12.130540,6000
2000-09-27,12.168256,12.181725,12.135929,12.176337,3200
2000-09-28,12.205967,12.399926,12.205967,12.399926,2800
2000-09-29,12.343348,12.459185,12.343348,12.459185,800
2000-10-02,12.448408,12.448408,12.294857,12.294857,1620800
2000-10-03,12.343356,12.367601,12.230213,12.230213,480000
2000-10-04,12.187108,12.262537,12.165557,12.262537,224000
2000-10-05,12.262537,12.262537,12.197884,12.197884,56000
2000-10-06,12.138622,12.138622,11.998540,11.998540,96800
2000-10-09,12.020088,12.020088,11.912333,11.982374,110800
2000-10-10,12.041641,12.041641,11.890784,11.896172,90800
2000-10-11,11.820746,11.831522,11.723766,11.774950,82000
2000-10-12,11.761481,11.761481,11.551358,11.551358,66400
2000-10-13,11.632172,11.842295,11.626784,11.842295,46800
2000-10-16,11.896173,11.952745,11.896173,11.915030,17200
2000-10-17,11.869231,11.869231,11.562129,11.616007,23600
2000-10-18,11.486698,11.486698,11.486698,11.486698,400
2000-10-19,11.669885,11.707600,11.629477,11.707600,1200
2000-10-20,11.707600,11.707600,11.707600,11.707600,0
2000-10-23,11.804578,11.874618,11.804578,11.863843,7600
2000-10-24,11.928496,11.928496,11.863843,11.863843,1600
2000-10-25,11.793799,11.793799,11.737227,11.737227,6400
2000-10-26,11.699517,11.699517,11.616007,11.616007,8400
2000-10-27,11.788416,11.847681,11.788416,11.847681,14800
2000-10-30,11.912335,12.036253,11.912335,12.036253,82000
2000-10-31,12.138622,12.348744,12.138622,12.348744,6400
2000-11-01,12.413397,12.432254,12.413397,12.421478,5200
2000-11-02,12.464572,12.591185,12.464572,12.591185,14000
2000-11-03,12.618129,12.618129,12.583109,12.583109,4800
2000-11-06,12.666623,12.666623,12.553480,12.556174,186800
2000-11-07,12.542698,12.566943,12.529228,12.550779,145200
2000-11-08,12.612744,12.650459,12.593887,12.593887,29200
2000-11-09,12.494209,12.494209,12.348739,12.364902,40800
2000-11-10,12.332582,12.332582,12.332582,12.332582,400
2000-11-13,12.154785,12.227520,12.068581,12.227520,2400
2000-11-14,12.372989,12.405315,12.372989,12.405315,2800
2000-11-15,12.386460,12.499603,12.378378,12.483439,17200
2000-11-16,12.445721,12.502293,12.405313,12.413395,15200
2000-11-17,12.413391,12.483431,12.383758,12.386452,6400
2000-11-20,12.313718,12.313718,12.170942,12.170942,3200
2000-11-21,12.122458,12.146703,12.122458,12.141315,7600
2000-11-22,12.009316,12.009316,11.915030,11.993153,25200
2000-11-24,12.068584,12.068584,12.068584,12.068584,2000
2000-11-27,12.302951,12.302951,12.243686,12.267931,3200
2000-11-28,12.181723,12.187111,12.100906,12.122458,3600
2000-11-29,11.993151,11.993151,11.896172,11.896172,5200
2000-11-30,11.809968,11.842295,11.680662,11.842295,19200
2000-12-01,11.874620,11.990457,11.874620,11.976988,5600
2000-12-04,11.939270,11.939270,11.939270,11.939270,400
2000-12-05,12.033557,12.197884,12.033557,12.197884,9200
2000-12-06,12.300253,12.329885,12.154783,12.154783,12000
2000-12-07,12.181716,12.181716,12.160165,12.165553,14400
2000-12-08,12.346048,12.421477,12.346048,12.413395,14400
2000-12-11,12.585799,12.628901,12.580412,12.628901,5200
2000-12-12,12.572338,12.618134,12.564257,12.564257,58000
2000-12-13,12.561647,12.561647,12.355540,12.355540,82400
2000-12-14,12.382660,12.382660,12.154858,12.154858,294400
2000-12-15,12.181982,12.181982,12.138591,12.146727,70400
2000-12-18,12.285033,12.409782,12.247066,12.388086,54400
2000-12-19,12.398931,12.453169,12.382659,12.442322,8400
2000-12-20,12.181980,12.181980,11.997569,12.054520,44000
2000-12-21,12.051804,12.181977,12.040957,12.162993,21600
2000-12-22,12.181978,12.439611,12.181978,12.382661,51200
2000-12-26,12.523682,12.675550,12.523682,12.675550,155200
2000-12-27,12.626741,13.017259,12.626741,13.017259,11600
2000-12-28,13.109457,13.510822,13.109457,13.510822,20000
2000-12-29,13.516243,13.584041,13.364375,13.364375,41600
2001-01-02,13.320991,13.320991,12.968441,12.990136,91600
2001-01-03,12.903347,13.364375,12.903347,13.320984,374000
2001-01-04,13.386073,13.429464,13.337258,13.337258,157600
2001-01-05,13.310138,13.310138,13.038945,13.038945,98800
2001-01-08,13.082335,13.123013,13.052503,13.123013,61200
2001-01-09,13.166412,13.245058,13.150140,13.234210,28400
2001-01-10,13.060646,13.320991,13.060646,13.310143,26000
2001-01-11,13.494560,13.673547,13.494560,13.603037,100400
2001-01-12,13.635568,13.746757,13.581330,13.744045,39600
2001-01-16,13.727778,13.944733,13.676252,13.944733,188000
2001-01-17,14.058636,14.199656,14.036941,14.069484,153600
2001-01-18,14.015240,14.069478,13.944730,14.047783,278000
2001-01-19,14.069482,14.069482,13.844392,13.844392,70800
2001-01-22,13.841682,13.906768,13.776595,13.906768,30000
2001-01-23,13.885069,14.091175,13.885069,14.091175,68400
2001-01-24,14.123720,14.221349,14.112872,14.161687,201600
2001-01-25,14.134561,14.194224,14.074899,14.156257,115200
2001-01-26,13.982706,14.085759,13.982706,14.085759,52000
2001-01-29,14.232192,14.292939,14.108962,14.292939,96000
2001-01-30,14.292941,14.353688,14.284264,14.345011,75200
2001-01-31,14.362367,14.544609,14.362367,14.414436,64400
2001-02-01,14.414436,14.496010,14.339804,14.494275,68400
2001-02-02,14.492541,14.492541,14.322448,14.372782,232000
2001-02-05,14.362367,14.388401,14.282528,14.362367,206000
2001-02-06,14.369311,14.459563,14.345012,14.430058,118400
2001-02-07,14.379730,14.548087,14.371053,14.535937,142400
2001-02-08,14.542869,14.542869,14.325915,14.325915,86800
2001-02-09,14.369310,14.369310,14.220045,14.237401,136400
2001-02-12,14.214837,14.657423,14.214837,14.657423,114800
2001-02-13,14.674784,14.830990,14.553288,14.553288,379600
2001-02-14,14.579327,14.667845,14.506431,14.620982,176000
2001-02-15,14.752888,14.860498,14.700819,14.709497,90400
2001-02-16,14.579323,14.622714,14.423116,14.492541,231600
2001-02-20,14.579325,14.579325,14.266911,14.336336,175200
2001-02-21,14.284262,14.292940,14.051687,14.070779,223600
2001-02-22,14.058641,14.119388,13.798295,13.879870,147200
2001-02-23,13.822590,13.893751,13.527532,13.893751,308000
2001-02-26,13.989210,14.221786,13.971854,14.221786,88000
2001-02-27,14.180124,14.180124,13.928458,13.968378,102000
2001-02-28,13.928459,13.940608,13.676792,13.806965,67200
2001-03-01,13.612576,13.817381,13.565715,13.817381,121200
2001-03-02,13.728861,14.013505,13.683735,13.940609,63600
2001-03-05,13.919774,13.992672,13.911097,13.944073,29600
2001-03-06,14.041285,14.119388,14.041285,14.100296,43200
2001-03-07,14.162777,14.258237,14.115915,14.188811,87600
2001-03-08,14.162770,14.180126,14.063839,14.098553,48800
2001-03-09,13.942345,13.971851,13.843414,13.931931,79600
2001-03-12,13.793045,13.793045,13.490589,13.492328,163600
2001-03-13,13.561859,13.636604,13.375866,13.636604,125200
2001-03-14,13.384555,13.614004,13.341098,13.367172,84800
2001-03-15,13.492327,13.539259,13.323716,13.323716,83600
2001-03-16,13.332404,13.410627,13.002137,13.062976,95600
2001-03-19,13.062981,13.349793,12.974330,13.349793,481600
2001-03-20,13.306330,13.457557,13.071665,13.071665,284400
2001-03-21,13.162068,13.162068,12.863088,12.880470,166000
2001-03-22,12.897844,12.897844,12.454590,12.883939,295200
2001-03-23,13.132507,13.158580,12.951728,12.989970,56800
2001-03-26,13.158580,13.264613,13.123815,13.162057,69200
2001-03-27,13.167276,13.304598,13.087317,13.257665,71200
2001-03-28,13.097743,13.097743,12.956945,12.958684,28800
2001-03-29,12.845698,13.052549,12.837006,12.913489,46000
2001-03-30,12.967373,13.132508,12.901320,13.123816,76800
2001-04-02,13.123819,13.175967,12.897845,12.915229,22800
2001-04-03,12.819629,12.819629,12.437214,12.437214,29600
2001-04-04,12.471971,12.623200,12.445897,12.510213,74000
2001-04-05,12.689253,13.022998,12.680562,13.009091,141200
2001-04-06,12.845690,12.857858,12.718797,12.758778,34400
2001-04-09,12.845694,12.932607,12.798760,12.932607,16400
2001-04-10,13.036904,13.238542,13.036904,13.123816,51200
2001-04-11,13.341104,13.353272,13.019528,13.139466,76800
2001-04-12,13.089057,13.252452,13.010835,13.252452,29600
2001-04-16,13.184654,13.184654,13.076883,13.162057,33600
2001-04-17,13.097740,13.191606,13.097740,13.191606,25200
2001-04-18,13.367172,13.906030,13.349789,13.433225,94400
2001-04-19,13.393249,13.627913,13.388034,13.627913,50000
2001-04-20,13.558382,13.558382,13.323718,13.506234,50000
2001-04-23,13.393249,13.393249,13.280263,13.308074,51200
2001-04-24,13.384553,13.471466,13.320237,13.320237,113200
2001-04-25,13.405420,13.674848,13.405420,13.662681,186800
2001-04-26,13.732204,13.914721,13.732204,13.853881,97600
2001-04-27,13.958179,14.036400,13.897339,14.036400,134000
2001-04-30,14.088551,14.132008,13.951229,14.019021,321200
2001-05-01,13.975561,14.132004,13.906030,14.132004,95200
2001-05-02,14.158077,14.175460,14.019017,14.149386,70400
2001-05-03,14.027711,14.041618,13.906034,14.005115,76000
2001-05-04,13.862572,14.140693,13.845190,14.140693,83200
2001-05-07,14.145916,14.199803,14.079863,14.079863,38800
2001-05-08,14.118102,14.184155,14.022498,14.184155,48800
2001-05-09,14.088550,14.177200,14.088550,14.105932,84000
2001-05-10,14.253686,14.262378,14.165035,14.184155,44400
2001-05-11,14.158081,14.158081,14.053786,14.053786,70000
2001-05-14,14.123316,14.123316,14.048571,14.100719,60000
2001-05-15,14.132009,14.236304,14.130270,14.184155,66800
2001-05-16,14.184153,14.439676,14.184153,14.439676,74800
2001-05-17,14.436193,14.618708,14.436193,14.606541,70400
2001-05-18,14.575259,14.663911,14.523112,14.636098,84400
2001-05-21,14.665652,14.860335,14.662174,14.860335,168800
2001-05-22,14.896835,15.049802,14.834257,14.994178,72800
2001-05-23,14.948978,14.948978,14.688240,14.688240,210800
2001-05-24,14.723005,14.723005,14.514415,14.688240,80400
2001-05-25,14.679549,14.731697,14.653477,14.695194,57200
2001-05-29,14.662173,14.662173,14.514422,14.549187,54800
2001-05-30,14.418819,14.462275,14.253685,14.272806,91600
2001-05-31,14.330171,14.497044,14.330171,14.427513,74400
2001-06-01,14.415339,14.547447,14.323212,14.514420,66800
2001-06-04,14.497036,14.672600,14.497036,14.672600,69600
2001-06-05,14.719536,14.903791,14.716061,14.888147,63200
2001-06-06,14.888147,14.888147,14.736919,14.762993,94000
2001-06-07,14.775162,14.853383,14.749088,14.853383,37200
2001-06-08,14.875973,14.879448,14.696933,14.792536,38000
2001-06-11,14.786622,14.786622,14.649096,14.692616,65600
2001-06-12,14.562057,14.779661,14.520277,14.722213,133600
2001-06-13,14.765736,14.866704,14.680435,14.729178,137600
2001-06-14,14.650845,14.650845,14.387979,14.455872,84400
2001-06-15,14.335743,14.410599,14.295705,14.370561,24400
2001-06-18,14.396681,14.407127,14.240007,14.245230,50400
2001-06-19,14.370567,14.394939,14.198224,14.198224,110000
2001-06-20,14.149477,14.387972,14.149477,14.387972,58000
2001-06-21,14.387977,14.495908,14.361864,14.448906,166800
2001-06-22,14.431492,14.431492,14.083325,14.083325,106000
2001-06-25,14.109433,14.168620,13.982352,14.031095,64000
2001-06-26,13.944058,14.203442,13.909242,14.184294,78000
2001-06-27,14.231291,14.344445,14.231291,14.321814,58000
2001-06-28,14.370567,14.518538,14.370567,14.464571,103600
2001-06-29,14.527233,14.774432,14.527233,14.716985,58800
2001-07-02,14.823181,14.838848,14.675210,14.687396,77600
2001-07-03,14.605578,14.631691,14.556835,14.631691,16000
2001-07-05,14.579465,14.605578,14.553352,14.558575,26800
2001-07-06,14.501123,14.501123,14.295705,14.370561,78400
2001-07-09,14.257416,14.337494,14.231303,14.269602,218400
2001-07-10,14.361854,14.363595,14.173844,14.203438,85600
2001-07-11,14.161672,14.189526,14.013701,14.189526,199600
2001-07-12,14.240001,14.520275,14.231296,14.520275,226000
2001-07-13,14.501125,14.591648,14.480235,14.589907,69600
2001-07-16,14.581200,14.621239,14.428006,14.468046,110800
2001-07-17,14.414092,14.600361,14.361866,14.600361,63200
2001-07-18,14.562051,14.603831,14.494159,14.494159,107200
2001-07-19,14.565539,14.708287,14.565539,14.640395,84400
2001-07-20,14.640394,14.699583,14.600356,14.675212,41600
2001-07-23,14.718731,14.741361,14.562056,14.579464,318400
2001-07-24,14.535946,14.574245,14.278303,14.351418,106800
2001-07-25,14.344453,14.457607,14.276561,14.457607,110000
2001-07-26,14.475020,14.708291,14.424536,14.690883,68000
2001-07-27,14.649092,14.746579,14.622980,14.716985,63600
2001-07-30,14.675210,14.682172,14.602094,14.657801,54000
2001-07-31,14.727432,14.884107,14.683911,14.683911,334000
2001-08-01,14.753552,14.864965,14.753552,14.854521,94400
2001-08-02,14.901517,14.903258,14.788362,14.852774,145200
2001-08-03,14.866707,14.915450,14.703068,14.866707,70400
2001-08-06,14.797070,14.804034,14.640395,14.640395,97200
2001-08-07,14.631686,14.669983,14.541162,14.633426,54000
2001-08-08,14.628211,14.772700,14.448905,14.487204,50800
2001-08-09,14.492421,14.563796,14.438456,14.563796,60800
2001-08-10,14.553348,14.621240,14.415822,14.595127,45600
2001-08-13,14.614281,14.673470,14.542908,14.654321,127600
2001-08-14,14.675211,14.797069,14.675211,14.708286,48800
2001-08-15,14.788362,14.819697,14.643874,14.819697,95200
2001-08-16,14.814478,14.925891,14.682174,14.922410,177200
2001-08-17,14.875401,14.877143,14.797064,14.831881,59200
2001-08-20,14.817961,14.859740,14.727437,14.838850,56800
2001-08-21,14.849289,14.885846,14.666501,14.666501,112800
2001-08-22,14.744842,14.769214,14.579464,14.769214,133200
2001-08-23,14.750068,14.837109,14.624727,14.631691,59600
2001-08-24,14.673465,14.784878,14.661279,14.784878,136800
2001-08-27,14.784887,14.842334,14.725698,14.797072,51600
2001-08-28,14.736140,14.760512,14.640394,14.654321,79200
2001-08-29,14.696102,14.696102,14.602097,14.640395,32000
2001-08-30,14.596871,14.673468,14.428010,14.508088,290800
2001-08-31,14.522024,14.612548,14.483725,14.542914,66800
2001-09-04,14.553350,14.715247,14.551609,14.570758,146400
2001-09-05,14.544641,14.600347,14.405374,14.450636,132400
2001-09-06,14.396681,14.438462,14.233044,14.233044,88000
2001-09-07,14.152962,14.177334,13.917949,13.921432,411600
2001-09-10,13.865728,13.886617,13.656827,13.707312,142800
2001-09-17,13.056241,13.308661,13.030128,13.056241,161600
2001-09-18,13.073645,13.117166,12.725479,12.734183,110000
2001-09-19,12.777702,12.863003,12.204968,12.481760,178000
2001-09-20,12.272860,12.326825,11.931657,11.950807,163600
2001-09-21,11.559127,11.741913,11.550422,11.707097,72800
2001-09-24,11.837657,12.104004,11.837657,12.057002,191600
2001-09-25,12.142295,12.217151,12.055254,12.107479,51200
2001-09-26,12.142303,12.177119,11.915994,12.003036,106400
2001-09-27,11.959510,12.037848,11.802837,12.037848,133600
2001-09-28,12.098784,12.429543,12.046559,12.429543,90400
2001-10-01,12.368605,12.368605,12.063959,12.123147,385600
2001-10-02,12.139382,12.254579,12.092255,12.254579,43600
2001-10-03,12.174288,12.647296,12.174288,12.647296,73600
2001-10-04,12.663009,12.779952,12.614137,12.638574,108000
2001-10-05,12.593192,12.664753,12.441340,12.652535,142400
2001-10-08,12.479737,12.610643,12.469265,12.498937,122000
2001-10-09,12.498939,12.498939,12.368033,12.392468,45600
2001-10-10,12.409922,12.673481,12.409922,12.673481,32800
2001-10-11,12.872453,13.122048,12.872453,13.073176,144400
2001-10-12,12.942278,13.013840,12.779954,12.959732,50800
2001-10-15,12.881191,13.006860,12.855010,12.971952,49600
2001-10-16,13.050488,13.134269,13.003362,13.123796,229600
2001-10-17,13.195361,13.211071,12.848023,12.848023,85200
2001-10-18,12.846275,12.867220,12.748532,12.781695,52400
2001-10-19,12.750275,12.903871,12.697912,12.888162,28000
2001-10-22,12.820095,13.001618,12.820095,12.954493,51200
2001-10-23,13.038273,13.092382,12.957984,12.970201,70800
2001-10-24,12.940526,12.954490,12.874201,12.881183,70400
2001-10-25,12.860246,13.165694,12.752029,13.165694,73600
2001-10-26,13.202343,13.280886,13.155217,13.272160,51600
2001-10-29,13.249472,13.249472,12.928314,12.928314,86800
2001-10-30,12.898641,12.898641,12.708390,12.807878,47200
2001-10-31,12.916092,13.026053,12.909110,12.989399,27200
2001-11-01,12.950996,13.129030,12.895143,13.080158,60000
2001-11-02,13.066196,13.176157,13.066196,13.169175,20400
2001-11-05,13.186633,13.256449,13.174415,13.195359,681200
2001-11-06,13.160449,13.364662,13.151721,13.364662,251600
2001-11-07,13.334995,13.420520,13.301832,13.368157,168800
2001-11-08,13.378630,13.471136,13.228523,13.232014,132400
2001-11-09,13.286117,13.326261,13.251208,13.289607,74000
2001-11-12,13.219796,13.368156,13.130780,13.312303,80000
2001-11-13,13.448451,13.595065,13.425759,13.595065,81600
2001-11-14,13.675347,13.738182,13.575858,13.731200,93200
2001-11-15,13.731202,13.731202,13.605532,13.605532,137200
2001-11-16,13.631717,13.652662,13.549682,13.649171,74800
2001-11-19,13.668376,13.759139,13.640450,13.750411,36400
2001-11-20,13.806254,13.872580,13.738182,13.783564,92400
2001-11-21,13.727707,13.727707,13.598547,13.701526,49600
2001-11-23,13.682333,13.907492,13.682333,13.907492,12000
2001-11-26,13.928437,13.961599,13.830693,13.919709,97200
2001-11-27,13.902270,13.989541,13.801035,13.923214,46000
2001-11-28,13.876074,13.876074,13.739932,13.748658,28800
2001-11-29,13.748655,13.998250,13.675348,13.998250,123200
2001-11-30,13.980803,14.024439,13.933678,13.970331,42800
2001-12-03,13.888292,13.956363,13.820220,13.949381,29200
2001-12-04,13.954618,14.185013,13.904002,14.179777,120400
2001-12-05,14.333376,14.642314,14.329884,14.593443,248000
2001-12-06,14.635335,14.726097,14.593445,14.713880,568000
2001-12-07,14.684200,14.750526,14.659764,14.678964,236800
2001-12-10,14.652786,14.698167,14.436354,14.478244,230400
2001-12-11,14.513157,14.570756,14.455558,14.469522,345600
2001-12-12,14.486968,14.555039,14.422387,14.471260,528800
2001-12-13,14.373520,14.500936,14.329885,14.329885,133200
2001-12-14,14.347336,14.436353,14.312429,14.431117,78000
2001-12-17,14.470466,14.732771,14.449482,14.732771,310400
2001-12-18,14.793964,14.895389,14.762487,14.895389,183200
2001-12-19,14.828945,14.919876,14.793970,14.883154,142800
2001-12-20,14.811461,14.870917,14.636591,14.662822,221600
2001-12-21,14.720519,14.902383,14.603356,14.863912,170000
2001-12-24,14.872656,14.933860,14.846425,14.863912,72400
2001-12-26,14.905890,15.052781,14.905890,15.045786,72800
2001-12-27,15.091252,15.171692,15.075513,15.169943,116800
2001-12-28,15.192675,15.241640,15.117481,15.122728,766000
2001-12-31,15.126213,15.187417,14.925113,14.925113,483600
2002-01-02,15.030045,15.038789,14.724023,15.003816,406000
2002-01-03,15.056276,15.238140,15.047533,15.236391,187200
2002-01-04,15.322072,15.474208,15.248626,15.447977,365600
2002-01-07,15.475966,15.491704,15.344814,15.357055,347200
2002-01-08,15.350055,15.404264,15.222401,15.379783,191600
2002-01-09,15.458485,15.566903,15.344819,15.344819,220800
2002-01-10,15.367552,15.386787,15.278369,15.344819,111600
2002-01-11,15.362304,15.378043,15.190933,15.222409,84000
2002-01-14,15.126228,15.129725,14.898897,14.946113,110400
2002-01-15,14.977586,15.054527,14.895397,15.014308,252000
2002-01-16,15.003818,15.003818,14.837691,14.837691,111600
2002-01-17,14.960105,15.010816,14.820209,14.984587,110400
2002-01-18,14.968843,14.977587,14.811460,14.853430,70400
2002-01-22,14.890157,14.890157,14.636595,14.636595,197200
2002-01-23,14.706545,14.916389,14.620859,14.916389,92000
2002-01-24,14.991582,15.061529,14.953110,15.005570,64400
2002-01-25,15.003809,15.098237,14.961839,15.098237,164400
2002-01-28,15.070267,15.194425,15.054528,15.192676,130800
2002-01-29,15.187430,15.192675,14.893649,14.967093,170000
2002-01-30,14.960088,15.141952,14.772978,15.141952,308800
2002-01-31,15.147219,15.245146,15.051040,15.245146,187600
2002-02-01,15.253878,15.264370,15.101741,15.110485,160800
2002-02-04,15.091255,15.091255,14.816710,14.848186,142000
2002-02-05,14.816701,14.891895,14.732763,14.844680,129200
2002-02-06,14.802717,14.842937,14.631344,14.671565,755600
2002-02-07,14.619102,14.687301,14.505437,14.505437,189600
2002-02-08,14.505433,14.818450,14.498440,14.818450,155200
2002-02-11,14.811451,14.988070,14.743252,14.951347,498400
2002-02-12,14.933869,15.019555,14.827199,14.967093,263200
2002-02-13,14.967092,15.086004,14.939114,15.059774,416000
2002-02-14,15.134972,15.155956,14.940867,14.988081,53600
2002-02-15,14.986317,15.051019,14.867405,14.925113,920000
2002-02-19,14.860427,14.919882,14.724028,14.724028,127200
2002-02-20,14.793961,14.925113,14.633081,14.925113,156800
2002-02-21,14.916391,14.981092,14.683814,14.706547,98000
2002-02-22,14.708275,14.949594,14.689039,14.925113,279200
2002-02-25,14.949601,15.092994,14.937361,15.089498,241600
2002-02-26,15.122726,15.213657,15.038788,15.204913,149200
2002-02-27,15.239891,15.290604,15.166447,15.269619,221200
2002-02-28,15.271361,15.271361,15.106984,15.180429,120400
2002-03-01,15.218902,15.423499,15.201415,15.423499,98800
2002-03-04,15.493455,15.787236,15.493455,15.766253,514000
2002-03-05,15.720780,15.813461,15.664822,15.685805,303200
2002-03-06,15.685804,15.956852,15.650830,15.956852,190400
2002-03-07,16.044290,16.074017,15.925378,16.000572,213200
2002-03-08,16.088013,16.154463,16.000579,16.082767,300800
2002-03-11,16.111826,16.234416,16.026014,16.157360,316400
2002-03-12,16.036525,16.229166,16.036525,16.199394,124800
2002-03-13,16.155607,16.164363,16.059285,16.083803,325600
2002-03-14,16.111833,16.192392,16.043533,16.153864,123600
2002-03-15,16.059298,16.271205,16.059298,16.218666,433200
2002-03-18,16.260687,16.409546,16.201144,16.378023,763600
2002-03-19,16.400793,16.467342,16.357011,16.449829,704400
2002-03-20,16.458593,16.458593,16.295723,16.295723,735200
2002-03-21,16.321980,16.504114,16.251930,16.500612,487600
2002-03-22,16.470846,16.563664,16.337748,16.367519,394800
2002-03-25,16.435822,16.442827,16.208156,16.216911,304000
2002-03-26,16.213404,16.430563,16.208150,16.430563,410000
2002-03-27,16.444580,16.586434,16.430570,16.581181,550800
2002-03-28,16.628461,16.695011,16.479602,16.504120,583200
2002-04-01,16.462090,16.596939,16.306226,16.537395,702000
2002-04-02,16.453334,16.551407,16.444579,16.462091,148000
2002-04-03,16.488360,16.512878,16.297469,16.379780,844000
2002-04-04,16.339495,16.430561,16.297463,16.411297,218000
2002-04-05,16.413056,16.479605,16.350010,16.350010,137600
2002-04-08,16.269437,16.598678,16.243167,16.589922,526800
2002-04-09,16.602198,16.668746,16.558416,16.593441,379600
2002-04-10,16.635464,16.905162,16.635464,16.899908,501600
2002-04-11,16.891153,16.983972,16.742294,16.773817,577200
2002-04-12,16.810596,17.048771,16.709022,17.048771,1276400
2002-04-15,17.075036,17.173107,16.947191,17.020746,641600
2002-04-16,17.110072,17.355252,17.110072,17.353500,574000
2002-04-17,17.390260,17.402519,17.293939,17.302696,1027200
2002-04-18,17.311463,17.330727,17.122324,17.180117,431200
2002-04-19,17.267681,17.299204,17.174863,17.246666,407600
2002-04-22,17.232663,17.237917,17.066290,17.127586,874800
2002-04-23,17.118818,17.187118,17.026000,17.118818,283200
2002-04-24,17.183615,17.295697,16.990972,17.038258,1105600
2002-04-25,16.969962,17.124075,16.917423,17.124075,573600
2002-04-26,17.092552,17.117070,16.864885,16.868387,552400
2002-04-29,16.891157,16.947198,16.801843,16.906919,1345600
2002-04-30,16.926173,17.169601,16.885893,17.169601,1368800
2002-05-01,17.195872,17.290442,16.936681,17.232649,1275600
2002-05-02,17.232651,17.407780,17.197625,17.349987,2425200
2002-05-03,17.355247,17.453320,17.260678,17.397278,1217200
2002-05-06,17.411285,17.455067,17.040013,17.087297,1541200
2002-05-07,17.131080,17.145091,16.943693,16.952450,1127600
2002-05-08,17.197630,17.267682,17.085548,17.265930,1239200
2002-05-09,17.241415,17.246670,16.964712,16.997986,836800
2002-05-10,17.031261,17.038267,16.673999,16.707273,1482000
2002-05-13,16.749297,16.917420,16.651226,16.812344,1851200
2002-05-14,17.013750,17.337738,16.952456,17.337738,1186800
2002-05-15,17.241411,17.407783,17.188873,17.372757,1017200
2002-05-16,17.346490,17.362251,17.004988,17.034760,1081200
2002-05-17,17.089050,17.169609,16.952450,17.124075,1000000
2002-05-20,17.031254,17.099554,16.905161,16.934933,801600
2002-05-21,17.004982,17.020745,16.637213,16.733534,879200
2002-05-22,16.724792,16.772076,16.551415,16.665249,900000
2002-05-23,16.672246,16.969965,16.586433,16.969965,1414000
2002-05-24,16.943695,16.954202,16.759809,16.759809,754400
2002-05-28,16.786076,16.786076,16.444576,16.682751,500800
2002-05-29,16.593437,16.617955,16.435821,16.514629,399200
2002-05-30,16.453336,16.593439,16.323741,16.444580,1282400
2002-05-31,16.532142,16.705518,16.488359,16.546152,622400
2002-06-03,16.453332,16.465591,16.020766,16.022516,898400
2002-06-04,15.985738,16.075054,15.787843,15.983986,1141200
2002-06-05,15.975236,16.045287,15.863154,15.989246,765200
2002-06-06,15.910441,15.954223,15.660007,15.695033,573200
2002-06-07,15.507646,15.936711,15.507646,15.891177,1001200
2002-06-10,15.919189,15.982235,15.682765,15.784339,476800
2002-06-11,15.779093,15.864905,15.539167,15.581198,844400
2002-06-12,15.455102,15.691526,15.393808,15.582947,1149200
2002-06-13,15.607464,15.621473,15.350025,15.376294,418400
2002-06-14,15.236185,15.462101,15.087326,15.455095,675600
2002-06-17,15.503354,15.882384,15.496335,15.882384,419200
2002-06-18,15.859570,16.008726,15.791134,15.898175,323200
2002-06-19,15.757793,16.033291,15.624430,15.631450,811600
2002-06-20,15.740242,15.868341,15.591087,15.675317,280400
2002-06-21,15.678828,15.827983,15.563015,15.764812,1212800
2002-06-24,15.687608,15.742005,15.396316,15.650758,1460800
2002-06-25,15.670060,15.791138,15.354202,15.380524,520800
2002-06-26,15.134851,15.441935,15.055887,15.424388,963200
2002-06-27,15.520901,15.673566,15.354199,15.673566,1040800
2002-06-28,15.659529,15.835005,15.659529,15.782363,1446000
2002-07-01,15.792889,15.863080,15.406841,15.406841,974400
2002-07-02,15.354200,15.408597,14.927791,14.959377,814400
2002-07-03,14.889188,14.966398,14.564557,14.824263,733200
2002-07-05,14.919017,15.266461,14.919017,15.266461,246400
2002-07-08,15.284008,15.322613,15.031322,15.031322,974800
2002-07-09,14.987452,15.117304,14.829523,14.880411,455600
2002-07-10,14.862861,14.880410,14.469794,14.518928,1071600
2002-07-11,14.389080,14.424175,14.064448,14.266247,1177600
2002-07-12,14.336436,14.448741,14.074976,14.152186,212800
2002-07-15,13.985485,14.038128,13.513453,13.950390,944000
2002-07-16,13.985479,14.024084,13.652074,13.792455,346000
2002-07-17,13.967933,14.057427,13.511694,13.827553,439600
2002-07-18,13.792461,13.860897,13.371317,13.371317,343200
2002-07-19,13.160741,13.316915,12.909810,13.046681,964000
2002-07-22,12.879984,13.139688,12.546578,12.734338,1987200
2002-07-23,12.686958,12.751884,12.109640,12.178076,515600
2002-07-24,11.897308,12.678178,11.802551,12.669404,784800
2002-07-25,12.590442,12.932621,12.458835,12.678181,898800
2002-07-26,12.683445,12.974736,12.665897,12.974736,257200
2002-07-29,13.160742,13.648567,13.160742,13.645058,1250000
2002-07-30,13.599432,13.669623,13.180043,13.502919,491600
2002-07-31,13.529240,13.552053,13.255497,13.292347,489600
2002-08-01,13.292354,13.371318,13.074763,13.187068,626800
2002-08-02,13.073001,13.125645,12.615008,12.674670,550400
2002-08-05,12.599216,12.676424,12.309679,12.371096,476800
2002-08-06,12.581665,12.811540,12.564118,12.809785,282800
2002-08-07,13.029136,13.036156,12.648352,12.927360,356400
2002-08-08,12.950168,13.229175,12.862430,13.190570,438800
2002-08-09,13.011590,13.294108,12.983513,13.213388,712000
2002-08-12,13.029131,13.292346,12.994036,13.194079,355600
2002-08-13,13.160744,13.313409,12.857169,12.894020,256400
2002-08-14,12.853655,13.251986,12.722048,13.190570,314800
2002-08-15,13.301125,13.367805,13.195838,13.301125,615200
2002-08-16,13.162498,13.509941,13.162498,13.423958,430000
2002-08-19,13.406411,13.676645,13.406411,13.643304,375200
2002-08-20,13.608215,13.634535,13.443266,13.525741,429200
2002-08-21,13.616986,13.755613,13.459057,13.704724,936800
2002-08-22,13.722266,13.895989,13.652077,13.838081,290400
2002-08-23,13.713494,13.790703,13.497658,13.529243,187200
2002-08-26,13.467830,13.750347,13.401149,13.701214,308800
2002-08-27,13.827556,13.827556,13.408167,13.488886,231200
2002-08-28,13.345000,13.423963,13.162504,13.173032,185600
2002-08-29,13.029136,13.344995,13.029136,13.246727,306800
2002-08-30,13.195836,13.371313,13.195836,13.236197,182400
2002-09-03,13.029137,13.046685,12.785225,12.785225,472000
2002-09-04,12.783471,13.178294,12.774698,13.150218,196800
2002-09-05,13.081783,13.097575,12.888758,12.906306,203200
2002-09-06,13.090553,13.243218,13.001059,13.204613,173200
2002-09-09,13.129153,13.336215,12.990526,13.320423,282400
2002-09-10,13.248488,13.380095,13.197599,13.369567,381600
2002-09-11,13.415186,13.450282,13.239709,13.239709,267200
2002-09-12,13.204616,13.216899,12.995798,13.060725,270400
2002-09-13,12.923849,13.171270,12.916830,13.134420,231600
2002-09-16,13.016047,13.142690,12.973833,13.047708,58400
2002-09-17,13.095203,13.119828,12.775079,12.780356,213200
2002-09-18,12.720544,12.820803,12.585108,12.664259,325200
2002-09-19,12.549930,12.664260,12.331824,12.333583,328400
2002-09-20,12.395142,12.509473,12.330061,12.412731,257200
2002-09-23,12.330068,12.344140,11.983560,12.104926,384400
2002-09-24,11.934307,12.152413,11.934307,11.995869,488000
2002-09-25,12.154173,12.286092,11.995869,12.266744,262800
2002-09-26,12.372282,12.514756,12.342381,12.493649,231200
2002-09-27,12.449670,12.572795,12.235080,12.249152,129600
2002-09-30,12.101404,12.328304,11.930788,12.189350,1196800
2002-10-01,12.231565,12.537618,12.083815,12.537618,565200
2002-10-02,12.426804,12.588625,12.291366,12.330063,317600
2002-10-03,12.330065,12.425047,12.136584,12.152413,150000
2002-10-04,12.136581,12.136581,11.728510,11.828769,308800
2002-10-07,11.784799,11.784799,11.403113,11.404871,246800
2002-10-08,11.600112,11.608908,11.329239,11.529757,364800
2002-10-09,11.485780,11.485780,11.010869,11.063638,195200
2002-10-10,11.019667,11.369693,10.993283,11.301095,296800
2002-10-11,11.494580,11.749626,11.494580,11.591322,239200
2002-10-14,11.542066,11.668707,11.485780,11.661673,134000
2002-10-15,11.925516,12.178800,11.925516,12.136586,366000
2002-10-16,12.013456,12.075018,11.774242,11.837564,215600
2002-10-17,12.136581,12.240357,12.057430,12.215733,335200
2002-10-18,12.198149,12.277302,12.083819,12.235086,585200
2002-10-21,12.189352,12.458468,12.117236,12.393387,303600
2002-10-22,12.326546,12.381072,12.150654,12.268501,736000
2002-10-23,12.127784,12.425043,12.101402,12.419766,287200
2002-10-24,12.488371,12.560488,12.314238,12.331827,1277600
2002-10-25,12.338862,12.593905,12.331826,12.593905,649600
2002-10-28,12.611496,12.611496,12.335344,12.386353,1064000
2002-10-29,12.347653,12.365244,12.131306,12.293127,447600
2002-10-30,12.298407,12.514755,12.296649,12.512996,1960800
2002-10-31,12.497165,12.576316,12.435601,12.504199,1526400
2002-11-01,12.403935,12.775068,12.403935,12.775068,1174000
2002-11-04,12.901715,13.056501,12.780350,12.799697,1030400
2002-11-05,12.857741,12.882366,12.680090,12.738134,637600
2002-11-06,12.804980,13.033639,12.738140,12.989666,1697600
2002-11-07,12.892924,12.892924,12.607978,12.607978,934400
2002-11-08,12.664260,12.750447,12.456707,12.474296,477600
2002-11-11,12.465501,12.490126,12.215733,12.215733,406400
2002-11-12,12.250910,12.435597,12.242115,12.382830,445200
2002-11-13,12.233315,12.490118,12.147127,12.400413,803600
2002-11-14,12.488367,12.643152,12.461983,12.625563,284000
2002-11-15,12.576313,12.718786,12.576313,12.646670,994800
2002-11-18,12.708236,12.717031,12.488370,12.488370,220400
2002-11-19,12.523547,12.593904,12.409218,12.409218,581200
2002-11-20,12.451428,12.796177,12.440875,12.796177,712000
2002-11-21,12.831356,13.077605,12.797937,13.068811,549600
2002-11-22,12.963274,13.128614,12.914025,13.086400,264000
2002-11-25,13.051220,13.190175,13.003729,13.156756,685200
2002-11-26,13.165559,13.165559,12.906996,12.989666,223600
2002-11-27,13.077614,13.385426,13.038917,13.385426,320000
2002-11-29,13.341449,13.367833,13.191940,13.191940,109200
2002-12-02,13.327374,13.401249,13.225357,13.348481,911200
2002-12-03,13.218320,13.292194,13.135650,13.218320,1770000
2002-12-04,12.998463,13.191944,12.945694,13.072337,474000
2002-12-05,13.114544,13.114544,12.947446,13.038910,119600
2002-12-06,12.936897,13.123343,12.885888,13.081129,580400
2002-12-09,13.033637,13.051226,12.804977,12.804977,180000
2002-12-10,12.813769,13.128616,12.804975,13.128616,401200
2002-12-11,13.016043,13.169070,12.982623,13.068811,257200
2002-12-12,13.102237,13.202496,13.068818,13.202496,902800
2002-12-13,13.060019,13.130376,12.928100,12.928100,294800
2002-12-16,12.954916,13.198317,12.954916,13.184207,306000
2002-12-17,13.193019,13.270624,13.050153,13.122468,158400
2002-12-18,13.078375,13.078375,12.824392,12.917871,274400
2002-12-19,12.831449,13.007826,12.748551,12.790881,776000
2002-12-20,12.857900,12.937269,12.827916,12.907286,229200
2002-12-23,12.875535,12.976070,12.797928,12.946086,333600
2002-12-24,12.937273,12.956675,12.875541,12.893179,93600
2002-12-26,12.875536,13.039567,12.857899,12.875536,1210800
2002-12-27,12.813802,12.935501,12.718558,12.718558,357600
2002-12-30,12.725621,12.808518,12.628613,12.785588,397200
2002-12-31,12.769708,12.977833,12.699157,12.831440,246000
2003-01-02,12.919635,13.175382,12.843793,13.175382,383600
2003-01-03,13.147157,13.147157,13.016638,13.016638,2825600
2003-01-06,13.058975,13.288265,13.034282,13.228297,176800
2003-01-07,13.237114,13.237114,12.965493,13.051917,250000
2003-01-08,13.025462,13.067792,12.893179,12.893179,112000
2003-01-09,12.963730,13.182438,12.963730,13.064265,2999200
2003-01-10,13.034284,13.191260,13.016646,13.113653,131200
2003-01-13,13.131280,13.228288,13.002526,13.097770,193600
2003-01-14,13.148924,13.148924,13.009586,13.096010,3180800
2003-01-15,13.122469,13.122469,12.958438,13.018406,260400
2003-01-16,13.051916,13.155978,12.944326,12.995476,94400
2003-01-17,12.894945,12.953150,12.746787,12.787354,259200
2003-01-21,12.787351,12.843791,12.589808,12.610973,122800
2003-01-22,12.593336,12.676233,12.483981,12.483981,489200
2003-01-23,12.688576,12.702685,12.512199,12.639191,91200
2003-01-24,12.766187,12.766187,12.346410,12.346410,248000
2003-01-27,12.231759,12.335822,12.117113,12.120642,574000
2003-01-28,12.170032,12.323480,12.064205,12.170032,374000
2003-01-29,12.134758,12.406378,12.081845,12.332300,164800
2003-01-30,12.364047,12.385213,12.057151,12.064206,213200
2003-01-31,12.161210,12.311131,12.051857,12.311131,158800
2003-02-03,12.275854,12.369333,12.170028,12.222941,539200
2003-02-04,12.187675,12.200022,12.039519,12.200022,166000
2003-02-05,12.200014,12.275856,12.078315,12.078315,94000
2003-02-06,12.064201,12.106531,11.949555,12.005996,149600
2003-02-07,12.055380,12.064199,11.737902,11.737902,321200
2003-02-10,11.737906,11.924866,11.729087,11.924866,165200
2003-02-11,11.852553,11.963671,11.753782,11.804932,266800
2003-02-12,11.790821,11.870191,11.677939,11.683230,468000
2003-02-13,11.725558,11.727321,11.603858,11.672645,200000
2003-02-14,11.690284,11.873716,11.686757,11.834913,144400
2003-02-18,11.870189,11.991888,11.834913,11.963669,189200
2003-02-19,11.905464,11.954850,11.766126,11.820803,102000
2003-02-20,11.861372,11.861372,11.730853,11.746726,86000
2003-02-21,11.737905,11.921336,11.681464,11.916045,155600
2003-02-24,11.887824,11.887824,11.677935,11.677935,145200
2003-02-25,11.642664,11.834915,11.584459,11.782002,239200
2003-02-26,11.720268,11.819040,11.656772,11.670882,71200
2003-02-27,11.746726,11.866662,11.690285,11.822568,102000
2003-02-28,11.870193,11.903703,11.764365,11.811988,76800
2003-03-03,11.886058,11.931916,11.690279,11.737902,473600
2003-03-04,11.746725,11.755544,11.575639,11.607387,98800
2003-03-05,11.614445,11.644429,11.503328,11.535076,72400
2003-03-06,11.535068,11.570342,11.462752,11.482154,121200
2003-03-07,11.379863,11.591517,11.379863,11.531548,244000
2003-03-10,11.418946,11.461369,11.226274,11.226274,132800
2003-03-11,11.229807,11.365916,11.160870,11.160870,439200
2003-03-12,11.194458,11.220972,11.063652,11.091934,136000
2003-03-13,11.259857,11.431318,11.162637,11.429551,156800
2003-03-14,11.367682,11.523235,11.355309,11.357077,244400
2003-03-17,11.304052,11.765405,11.291678,11.742426,234400
2003-03-18,11.781317,11.855557,11.666420,11.855557,178800
2003-03-19,11.843180,11.901513,11.754798,11.864392,281600
2003-03-20,11.737123,12.021713,11.669952,11.949239,182400
2003-03-21,12.037622,12.166660,11.949240,12.164892,371200
2003-03-24,11.931566,11.966918,11.807832,11.855557,395600
2003-03-25,11.816663,11.991659,11.793684,11.973983,122800
2003-03-26,11.887368,11.956306,11.798986,11.869692,107600
2003-03-27,11.728284,11.894443,11.691164,11.837878,215600
2003-03-28,11.867931,11.929798,11.813135,11.841416,56400
2003-03-31,11.710608,11.867927,11.645204,11.793687,125200
2003-04-01,11.745958,11.919188,11.714141,11.896209,256400
2003-04-02,11.993431,12.186104,11.993431,12.166660,550400
2003-04-03,12.214385,12.214385,12.106559,12.108327,106800
2003-04-04,12.203778,12.216151,12.019943,12.019943,123200
2003-04-07,12.285088,12.359328,12.103021,12.131303,480000
2003-04-08,12.088879,12.148980,12.048224,12.071203,120400
2003-04-09,12.067669,12.246201,11.984591,12.019943,238000
2003-04-10,12.021709,12.110091,11.996962,12.042920,286800
2003-04-11,12.161353,12.170191,11.968680,11.998730,244400
2003-04-14,12.081810,12.196707,12.011104,12.196707,332400
2003-04-15,12.187872,12.283324,12.117167,12.283324,144400
2003-04-16,12.288620,12.320438,12.163118,12.175491,255200
2003-04-17,12.205548,12.412362,12.205548,12.399988,297200
2003-04-21,12.412354,12.472453,12.345183,12.461847,110000
2003-04-22,12.373471,12.665132,12.357563,12.631546,127200
2003-04-23,12.656287,12.774719,12.589118,12.739367,166400
2003-04-24,12.612102,12.728767,12.594426,12.603265,154000
2003-04-25,12.603265,12.636849,12.470692,12.483066,102400
2003-04-28,12.529028,12.765892,12.486605,12.730538,87200
2003-04-29,12.744680,12.845436,12.689884,12.760590,244000
2003-04-30,12.647456,12.889622,12.647456,12.833057,171200
2003-05-01,12.833061,12.901999,12.668670,12.813617,155600
2003-05-02,12.824227,13.144169,12.824227,13.137098,194000
2003-05-05,13.190124,13.214871,13.099974,13.167144,202400
2003-05-06,13.186581,13.313852,13.151229,13.308549,253200
2003-05-07,13.274960,13.301475,13.198951,13.221931,115600
2003-05-08,13.115877,13.221937,13.099969,13.151231,246000
2003-05-09,13.221940,13.352745,13.153002,13.352745,93200
2003-05-12,13.319153,13.495917,13.319153,13.492382,296000
2003-05-13,13.469407,13.538345,13.384561,13.510063,138000
2003-05-14,13.557793,13.557793,13.464108,13.478250,134400
2003-05-15,13.531278,13.556024,13.457036,13.531278,656400
2003-05-16,13.467637,13.467637,13.266127,13.266127,382800
2003-05-19,13.135325,13.220172,12.978005,12.986844,904000
2003-05-20,13.023968,13.114118,12.930283,13.018665,185600
2003-05-21,12.983308,13.098205,12.949724,13.098205,150800
2003-05-22,13.089370,13.191892,13.055784,13.163610,174400
2003-05-23,13.170673,13.335063,13.144158,13.262589,252400
2003-05-27,13.225472,13.575465,13.225472,13.515365,186400
2003-05-28,13.663846,13.715107,13.610817,13.674452,182800
2003-05-29,13.683291,13.817631,13.640867,13.761066,138000
2003-05-30,13.796419,14.042121,13.796419,14.042121,148000
2003-06-02,14.162323,14.224190,14.082779,14.096920,199600
2003-06-03,14.075708,14.141111,14.038588,14.098688,126000
2003-06-04,14.194141,14.400955,14.194141,14.362066,128800
2003-06-05,14.347925,14.535296,14.284290,14.489337,369200
2003-06-06,14.706750,14.777456,14.446909,14.459282,288400
2003-06-09,14.335545,14.347918,14.164083,14.206508,432000
2003-06-10,14.247170,14.376209,14.204747,14.370906,512400
2003-06-11,14.347924,14.565344,14.250704,14.565344,153200
2003-06-12,14.653729,14.653729,14.528227,14.627214,220800
2003-06-13,14.591855,14.595390,14.356759,14.404485,119600
2003-06-16,14.439935,14.620700,14.383225,14.620700,458800
2003-06-17,14.680951,14.691586,14.528543,14.641964,189200
2003-06-18,14.638421,14.673866,14.544495,14.652599,106400
2003-06-19,14.610068,14.739438,14.494874,14.540952,191600
2003-06-20,14.629561,14.629561,14.464746,14.487784,147600
2003-06-23,14.478925,14.491330,14.186512,14.186512,340400
2003-06-24,14.213093,14.308792,14.122711,14.225498,372000
2003-06-25,14.248527,14.386759,14.243211,14.243211,124000
2003-06-26,14.287520,14.494868,14.273342,14.462968,120400
2003-06-27,14.420442,14.641968,14.402719,14.425758,248000
2003-06-30,14.505507,14.592345,14.399175,14.443480,152400
2003-07-01,14.354862,14.528539,14.237896,14.496639,208000
2003-07-02,14.544487,14.751834,14.496638,14.730569,470800
2003-07-03,14.718176,14.764253,14.594121,14.594121,139600
2003-07-07,14.840461,14.897172,14.803245,14.851095,143600
2003-07-08,14.851079,15.221469,14.851079,15.155897,295200
2003-07-09,15.239194,15.306539,15.065519,15.219700,237200
2003-07-10,15.116916,15.200209,14.946783,14.948556,246800
2003-07-11,15.099191,15.180714,15.049570,15.090331,314000
2003-07-14,15.294134,15.373882,15.214383,15.219700,199600
2003-07-15,15.356158,15.356158,15.109821,15.207292,234400
2003-07-16,15.258694,15.301227,15.065524,15.139956,328400
2003-07-17,15.092110,15.099198,14.781974,14.815645,158800
2003-07-18,14.890074,14.921974,14.737665,14.902479,188800
2003-07-21,14.904244,14.904244,14.647275,14.721707,171200
2003-07-22,14.762477,14.843998,14.656143,14.801464,68000
2003-07-23,14.859948,14.906026,14.732349,14.833364,140000
2003-07-24,14.971594,15.063749,14.836906,14.870579,145600
2003-07-25,14.900699,15.007031,14.790822,14.978675,130000
2003-07-28,15.077930,15.154135,15.031852,15.116919,145200
2003-07-29,15.159444,15.170077,14.936146,15.115139,149600
2003-07-30,15.124001,15.141725,14.962731,15.141725,93200
2003-07-31,15.180713,15.292361,15.067291,15.152357,175200
2003-08-01,15.170075,15.170075,14.863485,14.941461,231200
2003-08-04,14.921977,14.957422,14.712857,14.815645,162800
2003-08-05,14.748299,14.822731,14.532089,14.532089,149200
2003-08-06,14.540944,14.727025,14.510816,14.583477,326800
2003-08-07,14.629565,14.657920,14.505510,14.657920,172400
2003-08-08,14.620702,14.696907,14.563992,14.696907,72400
2003-08-11,14.602972,14.773103,14.602972,14.771331,535600
2003-08-12,14.797917,15.069064,14.789055,15.069064,182400
2003-08-13,15.072613,15.115146,14.998179,15.081473,166000
2003-08-14,15.108050,15.214382,15.054883,15.214382,193600
2003-08-15,15.170077,15.297676,15.170077,15.276409,190000
2003-08-18,15.223248,15.483762,15.223248,15.480217,180000
2003-08-19,15.613128,15.719460,15.492618,15.719460,635200
2003-08-20,15.657433,15.832881,15.606038,15.749588,200800
2003-08-21,15.861233,15.946300,15.834650,15.946300,349600
2003-08-22,15.976433,16.034916,15.613131,15.646803,260000
2003-08-25,15.630856,15.630856,15.457180,15.595412,316800
2003-08-26,15.577691,15.682251,15.341988,15.682251,116000
2003-08-27,15.604267,15.737182,15.604267,15.733637,187200
2003-08-28,15.774405,15.863015,15.545790,15.863015,105600
2003-08-29,15.850617,15.965809,15.756690,15.903782,92400
2003-09-02,15.958709,16.182005,15.863009,16.127068,245600
2003-09-03,16.180238,16.311380,16.160743,16.286570,694000
2003-09-04,16.215678,16.309605,16.150106,16.275932,270000
2003-09-05,16.189103,16.322019,16.080999,16.144798,371200
2003-09-08,16.162518,16.368095,16.139480,16.345057,78800
2003-09-09,16.206824,16.286574,16.130619,16.189102,204000
2003-09-10,16.020736,16.072130,15.829337,15.831110,396800
2003-09-11,15.905558,16.042017,15.834669,15.976446,173600
2003-09-12,15.994165,16.114676,15.808083,16.068598,115600
2003-09-15,16.103930,16.144781,15.999140,16.013350,120000
2003-09-16,16.070194,16.221163,16.006254,16.221163,332800
2003-09-17,16.162547,16.226486,16.087951,16.153666,108800
2003-09-18,16.162545,16.251350,16.109262,16.251350,161200
2003-09-19,16.251353,16.276219,16.173204,16.215832,947200
2003-09-22,16.073739,16.098604,15.958292,16.038218,318400
2003-09-23,16.077293,16.187412,15.993818,16.187412,263600
2003-09-24,16.198069,16.198069,15.896132,15.896132,169200
2003-09-25,15.896131,15.922773,15.485851,15.496508,252800
2003-09-26,15.540912,15.540912,15.222989,15.237198,520400
2003-09-29,15.247855,15.450331,15.107543,15.450331,458400
2003-09-30,15.395266,15.494727,15.169701,15.345535,189600
2003-10-01,15.336658,15.816207,15.336658,15.770028,641200
2003-10-02,15.807330,15.944090,15.746944,15.881927,221200
2003-10-03,16.141235,16.205175,16.055983,16.160772,194400
2003-10-06,16.210499,16.251350,16.073740,16.251350,151600
2003-10-07,16.237135,16.391657,16.144779,16.391657,162400
2003-10-08,16.322398,16.375680,16.176757,16.215832,192800
2003-10-09,16.441393,16.578152,16.288648,16.384558,169200
2003-10-10,16.471583,16.496448,16.233586,16.375673,259200
2003-10-13,16.471588,16.668735,16.411201,16.658079,243600
2003-10-14,16.663409,16.778856,16.555067,16.748663,238800
2003-10-15,16.819703,16.819703,16.579929,16.579929,192400
2003-10-16,16.631436,16.739778,16.594138,16.686495,159600
2003-10-17,16.668735,16.736228,16.412977,16.469812,229600
2003-10-20,16.473360,16.563942,16.411197,16.473360,105200
2003-10-21,16.515987,16.658076,16.478689,16.544405,138000
2003-10-22,16.496461,16.496461,16.260240,16.265568,377200
2003-10-23,16.194509,16.286866,16.091495,16.244240,347600
2003-10-24,16.135904,16.160769,15.984935,16.118143,339200
2003-10-27,16.206942,16.375672,16.206942,16.368568,222000
2003-10-28,16.443171,16.642094,16.345485,16.642094,112400
2003-10-29,16.659851,16.793059,16.633209,16.757536,145600
2003-10-30,16.979554,16.979554,16.730899,16.819704,338000
2003-10-31,16.846341,16.865878,16.730894,16.739775,249600
2003-11-03,16.899633,17.105661,16.899633,17.050602,246000
2003-11-04,17.063032,17.190912,16.991988,17.157166,340800
2003-11-05,17.112763,17.155389,16.920943,17.146509,208800
2003-11-06,17.182031,17.270836,17.073688,17.210449,202800
2003-11-07,17.388061,17.388061,17.226435,17.226435,195200
2003-11-10,17.231764,17.286824,17.002648,17.023960,204800
2003-11-11,16.961792,16.961792,16.837466,16.888971,652400
2003-11-12,16.965340,17.176697,16.965340,17.176697,278400
2003-11-13,17.086117,17.290369,17.086117,17.260176,292800
2003-11-14,17.299244,17.361407,16.990202,17.038157,132000
2003-11-17,16.801943,16.887197,16.645647,16.819704,620800
2003-11-18,16.828575,16.963559,16.656293,16.704248,230400
2003-11-19,16.713129,16.871203,16.624324,16.787725,191600
2003-11-20,16.677605,16.880080,16.624321,16.718454,258000
2003-11-21,16.841017,16.901405,16.748660,16.848122,175600
2003-11-24,16.970680,17.214006,16.970680,17.199797,164800
2003-11-25,17.254846,17.428903,17.215771,17.370293,363600
2003-11-26,17.483967,17.510608,17.272611,17.444893,230800
2003-11-28,17.441333,17.483960,17.441333,17.459095,56000
2003-12-01,17.610071,17.714861,17.558564,17.714861,638800
2003-12-02,17.711304,17.755707,17.585201,17.585201,402000
2003-12-03,17.734398,17.750384,17.388058,17.416475,289600
2003-12-04,17.404042,17.428907,17.173149,17.414700,465600
2003-12-05,17.258401,17.366743,17.212223,17.279715,188800
2003-12-08,17.379173,17.457322,17.244189,17.451994,138800
2003-12-09,17.503506,17.503506,17.148285,17.192688,231600
2003-12-10,17.231750,17.231750,16.947574,17.080782,496800
2003-12-11,17.073687,17.439565,17.073687,17.428907,131600
2003-12-12,17.388061,17.565672,17.368524,17.565672,150400
2003-12-15,17.807735,17.807735,17.161636,17.161636,288800
2003-12-16,17.271847,17.393116,17.088161,17.336048,585600
2003-12-17,17.298597,17.444833,17.202296,17.428783,153600
2003-12-18,17.418081,17.667751,17.418081,17.641001,188000
2003-12-19,17.628519,17.641003,17.487633,17.628519,297200
2003-12-22,17.610691,17.767626,17.569673,17.767626,149200
2003-12-23,17.803285,17.929903,17.731950,17.929903,741200
2003-12-24,17.919208,17.919208,17.838956,17.855007,233600
2003-12-26,17.890673,17.937041,17.887107,17.903156,69200
2003-12-29,18.011939,18.193841,17.949521,18.179575,127600
2003-12-30,18.179581,18.259832,18.129647,18.197414,135200
2003-12-31,18.297278,18.302628,17.920989,17.931690,421200
2004-01-02,18.038690,18.174226,17.928121,18.020857,646400
2004-01-05,18.065439,18.215240,18.051172,18.215240,278400
2004-01-06,18.208116,18.263401,18.129649,18.163532,403200
2004-01-07,18.145684,18.197402,17.997665,18.161734,428400
2004-01-08,18.197412,18.340080,18.174229,18.283012,512000
2004-01-09,18.252692,18.375744,18.165308,18.167091,141200
2004-01-12,18.256262,18.354346,18.151043,18.332947,244400
2004-01-13,18.395363,18.395363,18.179576,18.336512,154400
2004-01-14,18.386452,18.525554,18.386452,18.523771,183200
2004-01-15,18.523776,18.571926,18.354356,18.525558,222400
2004-01-16,18.561217,18.609367,18.507715,18.552299,217200
2004-01-20,18.600448,18.750250,18.529114,18.750250,433200
2004-01-21,18.775221,18.826939,18.625419,18.760954,164000
2004-01-22,18.796621,18.855472,18.645035,18.655735,205600
2004-01-23,18.723506,18.850124,18.636122,18.850124,255200
2004-01-26,18.889351,18.948202,18.694965,18.948202,203200
2004-01-27,18.951765,18.957116,18.744896,18.776997,237200
2004-01-28,18.850120,18.866171,18.400713,18.438164,291600
2004-01-29,18.455997,18.500581,18.176009,18.393579,224800
2004-01-30,18.349000,18.411417,18.225948,18.320467,159600
2004-02-02,18.318682,18.484535,18.172447,18.341866,569600
2004-02-03,18.324033,18.398934,18.302632,18.320467,144400
2004-02-04,18.261606,18.293706,17.879967,17.879967,205200
2004-02-05,18.011936,18.145688,17.986969,18.077921,301600
2004-02-06,18.074354,18.527328,18.074354,18.472044,208000
2004-02-09,18.521977,18.607578,18.495227,18.538027,177200
2004-02-10,18.545157,18.741326,18.514840,18.707443,116400
2004-02-11,18.787701,18.921453,18.696750,18.921453,135200
2004-02-12,18.912543,18.946426,18.823375,18.850124,125200
2004-02-13,18.889351,18.916101,18.591530,18.591530,162000
2004-02-17,18.760950,18.885786,18.743116,18.848335,292400
2004-02-18,18.930371,18.939287,18.718151,18.778786,171600
2004-02-19,18.894704,18.905405,18.477399,18.513065,148400
2004-02-20,18.529113,18.620065,18.368611,18.511280,241600
2004-02-23,18.577260,18.586177,18.254472,18.295488,216000
2004-02-24,18.279440,18.509494,18.179573,18.348991,211600
2004-02-25,18.368617,18.564787,18.327600,18.564787,286400
2004-02-26,18.548731,18.691399,18.447079,18.652164,211600
2004-02-27,18.657517,18.821586,18.636116,18.778786,143600
2004-03-01,18.848335,19.081954,18.834067,19.071255,198000
2004-03-02,19.046287,19.144371,18.973169,18.994570,907600
2004-03-03,18.974956,19.105140,18.835854,19.060556,924800
2004-03-04,19.055208,19.240678,18.933940,19.237112,971600
2004-03-05,19.090866,19.385120,19.090866,19.251368,526800
2004-03-08,19.285267,19.349468,19.083748,19.083748,571600
2004-03-09,19.055205,19.117622,18.907186,18.962471,187200
2004-03-10,18.983871,19.056989,18.587966,18.670000,275600
2004-03-11,18.525546,18.771650,18.411411,18.447079,282000
2004-03-12,18.520189,18.835845,18.434589,18.805527,175600
2004-03-15,18.814448,18.814448,18.423892,18.454210,379600
2004-03-16,18.609362,18.609362,18.272307,18.391792,538400
2004-03-17,18.518399,18.752020,18.459550,18.696735,198400
2004-03-18,18.689615,18.689615,18.447078,18.618280,105600
2004-03-19,18.653950,18.694968,18.466698,18.466698,150000
2004-03-22,18.386453,18.414987,18.190283,18.234867,261200
2004-03-23,18.261616,18.438168,18.233082,18.306200,627200
2004-03-24,18.341856,18.341856,18.058303,18.192055,209200
2004-03-25,18.208100,18.448853,18.208100,18.422104,212000
2004-03-26,18.443503,18.580822,18.413186,18.514837,149200
2004-03-29,18.614581,18.821905,18.569899,18.821905,1084800
2004-03-30,18.864797,19.045312,18.855860,19.043526,474000
2004-03-31,19.091786,19.122169,18.945229,19.122169,610800
2004-04-01,19.123955,19.293746,19.077485,19.193659,1607200
2004-04-02,19.499283,19.508220,19.331279,19.427792,493600
2004-04-05,19.436726,19.474258,19.315190,19.474258,785200
2004-04-06,19.392058,19.436740,19.313417,19.347376,298800
2004-04-07,19.302687,19.481416,19.193663,19.397413,165600
2004-04-08,19.508213,19.508213,19.249056,19.254419,360800
2004-04-12,19.254426,19.411707,19.247277,19.304470,412400
2004-04-13,19.377745,19.390256,18.845134,18.898752,528800
2004-04-14,18.802234,18.955941,18.659252,18.723595,334400
2004-04-15,18.891604,18.975607,18.653896,18.728962,600800
2004-04-16,18.837989,19.031016,18.741476,18.947014,110800
2004-04-19,19.011358,19.066763,18.827266,19.066763,639200
2004-04-20,19.088212,19.195449,18.627092,18.627092,458400
2004-04-21,18.780795,18.952374,18.657472,18.945225,1440000
2004-04-22,19.007774,19.295527,19.000625,19.283016,327200
2004-04-23,19.333064,19.333064,19.050673,19.200806,260000
2004-04-26,19.234764,19.316979,19.075696,19.132889,155200
2004-04-27,19.136473,19.302691,19.079280,19.156134,241200
2004-04-28,19.088206,19.088206,18.779005,18.832624,430000
2004-04-29,18.873740,18.886251,18.423345,18.553816,231200
2004-04-30,18.534143,18.605634,18.369713,18.369713,668800
2004-05-03,18.355418,18.564531,18.317885,18.494827,953200
2004-05-04,18.534146,18.809388,18.448357,18.619936,562400
2004-05-05,18.673564,18.709309,18.564539,18.643179,174400
2004-05-06,18.444793,18.527009,18.216020,18.443007,333600
2004-05-07,18.346483,18.468018,17.910385,17.938982,296800
2004-05-10,17.711996,17.862129,17.479650,17.642292,604400
2004-05-11,17.667320,17.935413,17.667320,17.899668,528400
2004-05-12,17.804937,18.048008,17.538631,18.048008,297600
2004-05-13,18.012260,18.042644,17.787062,17.829958,156000
2004-05-14,17.837107,18.017622,17.703061,17.829958,99200
2004-05-17,17.517185,17.758468,17.438544,17.636932,274000
2004-05-18,17.629784,17.790640,17.588677,17.790640,231200
2004-05-19,18.006892,18.090895,17.694117,17.719139,238000
2004-05-20,17.733453,17.876435,17.713792,17.854988,414000
2004-05-21,17.989031,18.024776,17.833536,17.935411,138800
2004-05-24,18.123065,18.182046,18.037275,18.167747,379200
2004-05-25,18.160614,18.612797,18.137380,18.596712,302000
2004-05-26,18.596703,18.671769,18.510913,18.668194,564800
2004-05-27,18.666413,18.752201,18.510918,18.648539,1523600
2004-05-28,18.630661,18.682492,18.569894,18.659258,214000
2004-06-01,18.686069,18.800455,18.568107,18.800455,722000
2004-06-02,18.841570,18.841570,18.668203,18.770079,326400
2004-06-03,18.627092,18.680710,18.450151,18.450151,189600
2004-06-04,18.589560,18.700371,18.480536,18.577049,282400
2004-06-07,18.703940,18.988117,18.630660,18.988117,256000
2004-06-08,18.972039,18.989912,18.900548,18.989912,996800
2004-06-09,18.980963,19.011348,18.741468,18.743256,337200
2004-06-10,18.745056,18.841570,18.736121,18.798676,211600
2004-06-14,18.739692,18.739692,18.464450,18.478748,454400
2004-06-15,18.564533,18.845137,18.564533,18.800455,266000
2004-06-16,18.757565,18.864803,18.734331,18.864803,124000
2004-06-17,18.859434,18.945225,18.739687,18.945225,300800
2004-06-18,18.909481,18.993482,18.857649,18.968460,123200
2004-06-21,19.025652,19.045312,18.902330,18.909479,340800
2004-06-22,18.918417,19.036379,18.764711,19.036379,478800
2004-06-23,19.016714,19.297318,18.968456,19.297318,419600
2004-06-24,19.281238,19.320558,19.157916,19.159702,289600
2004-06-25,19.195441,19.365232,19.177568,19.365232,308400
2004-06-28,19.418279,19.464872,19.303590,19.359142,333600
2004-06-29,19.389608,19.515050,19.359144,19.511465,159200
2004-06-30,19.613611,19.663788,19.524010,19.658411,358800
2004-07-01,19.694251,19.694251,19.393193,19.443369,640000
2004-07-02,19.412905,19.459497,19.351976,19.445162,241600
2004-07-06,19.443370,19.448746,19.179944,19.258793,287200
2004-07-07,19.210415,19.303600,19.181743,19.190702,136800
2004-07-08,19.174566,19.196070,18.853795,18.875299,250800
2004-07-09,18.959526,18.997158,18.880676,18.968485,242800
2004-07-12,18.954148,19.011492,18.816163,18.945189,526400
2004-07-13,18.986405,19.043749,18.975653,18.997158,338800
2004-07-14,18.869926,19.101095,18.869926,18.916517,415200
2004-07-15,18.952362,19.054507,18.916521,18.993578,182400
2004-07-16,19.076011,19.076011,18.832296,18.832296,647600
2004-07-19,18.821542,18.912936,18.728358,18.839462,747200
2004-07-20,18.868127,19.138721,18.816158,19.138721,252800
2004-07-21,19.174560,19.174560,18.619036,18.619036,442400
2004-07-22,18.660257,18.714018,18.403998,18.502560,727600
2004-07-23,18.493607,18.540200,18.337703,18.343079,428800
2004-07-26,18.368159,18.447008,18.140574,18.192541,547200
2004-07-27,18.242715,18.527645,18.242715,18.527645,272400
2004-07-28,18.455969,18.529443,18.231967,18.448801,132800
2004-07-29,18.538393,18.679962,18.484633,18.679962,160400
2004-07-30,18.681769,18.724777,18.597544,18.724777,174800
2004-08-02,18.654880,18.749856,18.495390,18.726561,248000
2004-08-03,18.620830,18.662045,18.511517,18.522268,141600
2004-08-04,18.511527,18.636968,18.291108,18.497190,180400
2004-08-05,18.547363,18.547363,18.214048,18.240929,238800
2004-08-06,18.036640,18.086816,17.801885,17.809053,396800
2004-08-09,17.852058,17.954203,17.787545,17.803673,390000
2004-08-10,17.893282,18.188965,17.893282,18.142372,190000
2004-08-11,17.938075,18.196125,17.826970,18.160284,142400
2004-08-12,18.099371,18.099371,17.785769,17.785769,151200
2004-08-13,17.902235,17.927324,17.751705,17.837723,124400
2004-08-16,17.848480,18.180003,17.837729,18.172836,277200
2004-08-17,18.332323,18.359202,18.206881,18.255266,606400
2004-08-18,18.215842,18.545573,18.187169,18.518692,388800
2004-08-19,18.518685,18.590366,18.421917,18.473885,166800
2004-08-20,18.439844,18.773159,18.439844,18.753447,126800
2004-08-23,18.852007,18.852007,18.593957,18.602917,352400
2004-08-24,18.780326,18.780326,18.556324,18.644133,304800
2004-08-25,18.735522,18.789282,18.588577,18.789282,333200
2004-08-26,18.769566,18.780319,18.665630,18.694302,162400
2004-08-27,18.807204,18.873509,18.740900,18.817957,139600
2004-08-30,18.780330,18.816169,18.626216,18.662056,226800
2004-08-31,18.663841,18.769569,18.572448,18.769569,286000
2004-09-01,18.780331,18.941612,18.769578,18.850220,907200
2004-09-02,18.855588,19.251623,18.855588,19.251623,584400
2004-09-03,19.219364,19.219364,18.982819,19.031202,768400
2004-09-07,19.147688,19.303594,19.147688,19.301802,345600
2004-09-08,19.317926,19.346598,19.097508,19.106468,217600
2004-09-09,19.210406,19.421864,19.196071,19.366312,350800
2004-09-10,19.353773,19.457710,19.249836,19.437998,290800
2004-09-13,19.550889,19.608233,19.481000,19.552681,2044800
2004-09-14,19.581354,19.586731,19.359144,19.502506,407200
2004-09-15,19.416499,19.416499,19.307186,19.323315,235600
2004-09-16,19.475629,19.584942,19.452333,19.549101,431600
2004-09-17,19.649459,19.649459,19.430833,19.559858,933600
2004-09-20,19.568808,19.568808,19.452328,19.475624,230400
2004-09-21,19.541928,19.719337,19.516840,19.717545,249600
2004-09-22,19.577773,19.577773,19.364523,19.371691,188000
2004-09-23,19.389612,19.432622,19.326892,19.389612,206400
2004-09-24,19.416488,19.473833,19.353768,19.366312,264000
2004-09-27,19.206049,19.285100,19.152149,19.206049,356400
2004-09-28,19.243779,19.436019,19.171913,19.418053,279600
2004-09-29,19.448596,19.595920,19.394697,19.588734,207200
2004-09-30,19.628260,19.757618,19.608497,19.649820,253200
2004-10-01,19.775585,20.122336,19.728872,20.095387,461200
2004-10-04,20.266065,20.368473,20.201385,20.201385,1045200
2004-10-05,20.296618,20.296618,20.129531,20.185226,612000
2004-10-06,20.230134,20.373865,20.165455,20.373865,394800
2004-10-07,20.352310,20.352310,20.007356,20.032509,439200
2004-10-08,19.976813,20.057661,19.773792,19.773792,302800
2004-10-11,19.838472,19.861829,19.707318,19.818708,329200
2004-10-12,19.649819,19.869008,19.604903,19.813313,278400
2004-10-13,19.915729,19.924712,19.502503,19.576164,339200
2004-10-14,19.554595,19.554595,19.313846,19.330015,280400
2004-10-15,19.322835,19.619279,19.276122,19.491718,728800
2004-10-18,19.371341,19.583344,19.312051,19.504292,342400
2004-10-19,19.574363,19.660602,19.274324,19.274324,353600
2004-10-20,19.241992,19.427046,19.155754,19.367758,476800
2004-10-21,19.367746,19.619274,19.290490,19.592325,349200
2004-10-22,19.601314,19.610298,19.254563,19.276123,339200
2004-10-25,19.224019,19.540228,19.182696,19.394699,379600
2004-10-26,19.466566,19.759418,19.304868,19.759418,705200
2004-10-27,19.789967,19.978613,19.676778,19.978613,381600
2004-10-28,19.951670,19.951670,19.752243,19.897770,262800
2004-10-29,19.915725,19.957048,19.752232,19.836674,164800
2004-11-01,19.843853,19.992974,19.763005,19.951653,284400
2004-11-02,20.014540,20.122338,19.854639,19.939081,598800
2004-11-03,20.248101,20.289424,20.122337,20.246305,579600
2004-11-04,20.257087,20.481667,20.138508,20.481667,360800
2004-11-05,20.598449,20.639771,20.434954,20.571499,418800
2004-11-08,20.567908,20.571501,20.434956,20.485262,328000
2004-11-09,20.485263,20.643368,20.474483,20.620010,207600
2004-11-10,20.620007,20.776315,20.558922,20.688280,310800
2004-11-11,20.736788,20.923639,20.681093,20.909266,296400
2004-11-12,20.885912,21.119475,20.849980,21.092525,344800
2004-11-15,21.054795,21.128456,20.990116,21.128456,442000
2004-11-16,21.160794,21.160794,20.975740,20.975740,217200
2004-11-17,21.065568,21.335063,21.065568,21.094315,238400
2004-11-18,21.209304,21.209304,21.065572,21.137438,203600
2004-11-19,21.094314,21.094314,20.902072,20.936209,334000
2004-11-22,20.894891,21.227268,20.894891,21.227268,498000
2004-11-23,21.200323,21.336868,21.078152,21.336868,876800
2004-11-24,21.410527,21.559649,21.397951,21.559649,519200
2004-11-26,21.559649,21.667447,21.559649,21.579412,199200
2004-11-29,21.665653,21.795011,21.450057,21.669247,989200
2004-11-30,21.667439,21.757271,21.627913,21.644083,290400
2004-12-01,21.660260,21.999824,21.660260,21.963892,490000
2004-12-02,21.967479,21.972870,21.773443,21.850698,718000
2004-12-03,21.784225,21.940533,21.771649,21.784225,322000
2004-12-06,21.757280,21.803993,21.629719,21.710567,333200
2004-12-07,21.721342,21.730324,21.263199,21.263199,369600
2004-12-08,21.288351,21.441065,21.227266,21.419506,181600
2004-12-09,21.299145,21.396162,21.141040,21.396162,328400
2004-12-10,21.362012,21.523709,21.270383,21.487776,197600
2004-12-13,21.568632,21.654870,21.415916,21.622530,425600
2004-12-14,21.667448,21.798604,21.636906,21.719551,214800
2004-12-15,21.755479,21.951313,21.755479,21.944126,211200
2004-12-16,21.954910,21.954910,21.687212,21.795010,298800
2004-12-17,21.739304,21.825543,21.653064,21.777033,562400
2004-12-20,21.812981,21.883050,21.566841,21.604570,276000
2004-12-21,21.663854,21.865076,21.663854,21.865076,498800
2004-12-22,21.933340,22.048324,21.917169,21.972866,566800
2004-12-23,22.017782,22.059104,21.963882,21.972866,225200
2004-12-27,22.064916,22.068525,21.723789,21.774326,1368400
2004-12-28,21.794192,22.090196,21.785167,22.081171,364000
2004-12-29,22.052287,22.110043,21.992725,22.095604,246800
2004-12-30,22.099205,22.106425,22.028814,22.045057,280400
2004-12-31,22.052287,22.187655,21.965652,21.983702,391200
2005-01-03,22.146145,22.155171,21.577602,21.640774,755200
2005-01-04,21.712965,21.714768,21.218421,21.252714,498000
2005-01-05,21.149839,21.261744,20.857445,20.857445,580000
2005-01-06,20.882711,21.099300,20.871882,20.981981,720800
2005-01-07,20.980175,20.980175,20.707635,20.711245,567600
2005-01-10,20.611978,21.046960,20.602954,20.889933,1242000
2005-01-11,20.765394,20.796077,20.611977,20.611977,486400
2005-01-12,20.666128,20.752764,20.445930,20.752764,514000
2005-01-13,20.698618,20.837595,20.595739,20.637251,360800
2005-01-14,20.630028,20.918812,20.630028,20.889933,248000
2005-01-18,20.810517,21.191351,20.803297,21.191351,372000
2005-01-19,21.176916,21.178720,20.915205,20.938669,280400
2005-01-20,20.907994,20.931459,20.759992,20.821360,270800
2005-01-21,20.828568,20.926033,20.689590,20.720274,923200
2005-01-24,20.801490,20.844807,20.523535,20.590317,474400
2005-01-25,20.741923,20.806899,20.577677,20.595726,346000
2005-01-26,20.729305,20.936869,20.480229,20.936869,459600
2005-01-27,20.940470,21.086668,20.891738,21.007252,219600
2005-01-28,21.055985,21.055985,20.725688,20.857445,280400
2005-01-31,21.063202,21.296035,21.027105,21.268961,347200
2005-02-01,21.297844,21.460285,21.225647,21.380869,2144400
2005-02-02,21.451258,21.568577,21.416966,21.561357,379200
2005-02-03,21.550526,21.557745,21.386279,21.525257,519600
2005-02-04,21.651598,21.799600,21.527059,21.797794,455200
2005-02-07,21.826686,21.924151,21.743661,21.812246,608000
2005-02-08,21.819457,21.900677,21.785164,21.884434,268800
2005-02-09,21.891645,21.918719,21.460274,21.460274,787600
2005-02-10,21.489166,21.577608,21.377263,21.530680,205600
2005-02-11,21.487349,21.767108,21.341151,21.694912,189600
2005-02-14,21.747257,21.777941,21.601060,21.758087,1527600
2005-02-15,21.777945,21.846531,21.651602,21.772530,248400
2005-02-16,21.696728,21.972877,21.664239,21.855558,253200
2005-02-17,21.956636,21.972879,21.631753,21.666046,608800
2005-02-18,21.678675,21.749066,21.543307,21.678675,301600
2005-02-22,21.480144,21.649804,21.250920,21.294239,564800
2005-02-23,21.384472,21.559547,21.371838,21.402521,202000
2005-02-24,21.370038,21.646187,21.250913,21.626333,302400
2005-02-25,21.586625,21.983704,21.573991,21.951216,265200
2005-02-28,21.929557,22.030631,21.758092,21.886240,165200
2005-03-01,22.019806,22.146148,21.936780,22.128099,263600
2005-03-02,21.998145,22.256246,21.998145,22.028830,192800
2005-03-03,22.091995,22.182240,21.936773,22.124483,256800
2005-03-04,22.236393,22.440348,22.173222,22.415079,351200
2005-03-07,22.452980,22.514346,22.353710,22.353710,691200
2005-03-08,22.326638,22.388005,22.173222,22.214735,211200
2005-03-09,22.110049,22.162391,21.931364,21.931364,292400
2005-03-10,21.911506,21.976482,21.749064,21.759893,653200
2005-03-11,21.781556,21.949412,21.705751,21.779751,420000
2005-03-14,21.803210,21.938578,21.803210,21.877211,128800
2005-03-15,22.077550,22.106429,21.803205,21.803205,435600
2005-03-16,21.839310,21.860969,21.658819,21.738235,179200
2005-03-17,21.707553,21.868190,21.622723,21.808628,344800
2005-03-18,21.676867,21.774331,21.572182,21.718380,519600
2005-03-21,21.689511,21.718390,21.550534,21.707560,267600
2005-03-22,21.711164,21.965655,21.568577,21.568577,311600
2005-03-23,21.433213,21.532483,21.357407,21.375456,1344800
2005-03-24,21.391696,21.622724,21.391696,21.451258,1544800
2005-03-28,21.563572,21.621539,21.438581,21.491114,1143600
2005-03-29,21.402345,21.617907,21.092586,21.117947,485200
2005-03-30,21.252002,21.501982,21.248379,21.453074,201200
2005-03-31,21.485680,21.559949,21.369747,21.369747,234000
2005-04-01,21.583495,21.693994,21.233884,21.337137,3066800
2005-04-04,21.358882,21.494741,21.148753,21.473003,243200
2005-04-05,21.498352,21.550885,21.433140,21.465746,414400
2005-04-06,21.547261,21.655949,21.442198,21.465746,108400
2005-04-07,21.402351,21.661389,21.371556,21.552702,473200
2005-04-08,21.556324,21.599798,21.293663,21.293663,213200
2005-04-11,21.320840,21.375184,21.194038,21.194038,139600
2005-04-12,21.121566,21.514651,21.005633,21.442194,288400
2005-04-13,21.465755,21.465755,21.056365,21.152372,538000
2005-04-14,21.154173,21.154173,20.704933,20.704933,1003600
2005-04-15,20.614372,20.786459,20.297367,20.333595,1995200
2005-04-18,20.290116,20.558210,20.152445,20.558210,1789600
2005-04-19,20.561837,20.804571,20.561837,20.753851,540800
2005-04-20,20.795507,20.795507,20.382494,20.420536,471600
2005-04-21,20.650600,20.864351,20.503872,20.804573,223600
2005-04-22,20.730298,20.786452,20.373441,20.578135,243600
2005-04-25,20.614369,20.802760,20.614369,20.759285,236800
2005-04-26,20.723056,20.920504,20.500246,20.552778,204000
2005-04-27,20.469459,20.735743,20.328165,20.563654,554400
2005-04-28,20.451333,20.496620,20.123459,20.123459,311200
2005-04-29,20.288303,20.342648,19.940504,20.275623,442800
2005-05-02,20.378879,20.525606,20.324535,20.500246,450000
2005-05-03,20.545528,20.648781,20.380686,20.576323,384000
2005-05-04,20.556401,20.895142,20.474884,20.826307,487200
2005-05-05,20.806389,20.936814,20.688644,20.810011,287600
2005-05-06,20.875210,20.927743,20.737541,20.800941,296000
2005-05-09,20.858915,21.012888,20.775588,20.994774,142000
2005-05-10,20.915061,20.947667,20.746595,20.795506,134800
2005-05-11,20.831741,20.898765,20.598063,20.835363,120000
2005-05-12,20.867975,20.936811,20.523800,20.527422,160400
2005-05-13,20.596254,20.625238,20.252078,20.398806,412800
2005-05-16,20.415099,20.737539,20.415099,20.737539,246400
2005-05-17,20.708560,20.884271,20.563643,20.875214,124800
2005-05-18,21.012887,21.280983,20.963978,21.257433,185200
2005-05-19,21.302719,21.398726,21.232072,21.337137,362400
2005-05-20,21.338947,21.338947,21.161424,21.320831,208000
2005-05-23,21.320835,21.534587,21.290041,21.402351,328000
2005-05-24,21.335331,21.447642,21.317217,21.371561,284400
2005-05-25,21.389666,21.389666,21.103456,21.179537,221200
2005-05-26,21.215767,21.507412,21.215767,21.503788,174000
2005-05-27,21.520093,21.601608,21.404160,21.587116,95200
2005-05-31,21.643273,21.654141,21.465749,21.523716,300800
2005-06-01,21.547254,21.846144,21.529140,21.791801,236000
2005-06-02,21.791809,21.927668,21.737464,21.875135,348000
2005-06-03,21.864266,21.925856,21.655950,21.751957,222800
2005-06-06,21.722976,21.853401,21.636027,21.840721,470800
2005-06-07,21.858837,22.170408,21.846157,21.920427,358800
2005-06-08,22.005558,22.038165,21.788183,21.860641,367600
2005-06-09,21.835284,22.030922,21.693991,21.983824,543800
2005-06-10,22.059907,22.085267,21.922236,22.005564,176600
2005-06-13,21.976585,22.168599,21.936732,22.146862,215400
2005-06-14,22.063528,22.328001,22.049036,22.324377,253000
2005-06-15,22.462053,22.487413,22.190335,22.487413,179400
2005-06-16,22.516400,22.657694,22.422204,22.628710,410200
2005-06-17,22.824334,22.860563,22.512764,22.512764,395600
2005-06-20,22.505522,22.603341,22.469293,22.534506,441600
2005-06-21,22.566078,22.566078,22.391879,22.475349,228400
2005-06-22,22.591492,22.606009,22.410034,22.537054,229000
2005-06-23,22.526159,22.555192,22.195906,22.235826,253400
2005-06-24,22.119697,22.195909,21.865656,21.930981,1479600
2005-06-27,21.891061,21.981790,21.840253,21.963644,595800
2005-06-28,22.028964,22.399137,22.028964,22.399137,224200
2005-06-29,22.446319,22.515274,22.373737,22.424545,194800
2005-06-30,22.569708,22.595112,22.366476,22.366476,181000
2005-07-01,22.370104,22.500754,22.326554,22.420912,1719000
2005-07-05,22.471716,22.820116,22.439055,22.820116,265200
2005-07-06,22.849159,22.860048,22.598748,22.667702,121200
2005-07-07,22.500757,22.725764,22.319299,22.707619,376000
2005-07-08,22.772940,23.143114,22.682211,23.103193,1018600
2005-07-11,23.259258,23.444345,23.197563,23.408054,318400
2005-07-12,23.371757,23.513294,23.248365,23.400791,466400
2005-07-13,23.364494,23.444336,23.201183,23.277395,269200
2005-07-14,23.458847,23.509655,23.139482,23.197548,357600
2005-07-15,23.150382,23.212077,22.976183,23.132236,329800
2005-07-18,23.088673,23.157628,22.965281,22.997944,347200
2005-07-19,23.081414,23.389892,23.052382,23.360861,262800
2005-07-20,23.364497,23.727413,23.266511,23.680235,232000
2005-07-21,23.698386,23.698386,23.273773,23.288290,413000
2005-07-22,23.357235,23.669343,23.295540,23.596758,385800
2005-07-25,23.680235,23.767334,23.411679,23.455227,230800
2005-07-26,23.480623,23.633050,23.342716,23.484253,650200
2005-07-27,23.582240,23.662079,23.317310,23.589497,648600
2005-07-28,23.600391,23.818140,23.509663,23.803623,288400
2005-07-29,23.818140,23.858060,23.651199,23.672976,213200
2005-08-01,23.999586,23.999586,23.698368,23.734659,624400
2005-08-02,23.770961,24.061295,23.770961,24.021374,301800
2005-08-03,24.021368,24.021368,23.829024,23.912493,233200
2005-08-04,23.832651,23.832651,23.480623,23.495140,293800
2005-08-05,23.491517,23.491517,23.117713,23.237474,487400
2005-08-08,23.310063,23.360871,23.052392,23.161266,278600
2005-08-09,23.241101,23.266505,23.037868,23.121338,196800
2005-08-10,23.299171,23.408047,22.947144,23.124973,367000
2005-08-11,23.059645,23.382639,23.059645,23.368122,402000
2005-08-12,23.219331,23.233847,22.947144,23.095940,256000
2005-08-15,23.095932,23.397152,22.965282,23.197548,148200
2005-08-16,23.077799,23.132237,22.907228,22.936262,198800
2005-08-17,22.791082,23.070527,22.791082,22.820116,355800
2005-08-18,22.674952,22.928993,22.674952,22.812860,478600
2005-08-19,22.863670,22.914478,22.791087,22.827379,110400
2005-08-22,22.943514,23.030613,22.805606,23.016096,624800
2005-08-23,23.019718,23.019718,22.740273,22.943506,379400
2005-08-24,22.899958,23.146740,22.751162,22.849150,211800
2005-08-25,22.845526,23.008838,22.845526,22.976175,201200
2005-08-26,22.972551,22.972551,22.566086,22.580603,176200
2005-08-29,22.478984,22.838270,22.449951,22.809237,217200
2005-08-30,22.754802,22.827385,22.645928,22.783834,323800
2005-08-31,22.798350,23.262882,22.729397,23.230221,292800
2005-09-01,23.299167,23.408043,23.154002,23.317314,186200
2005-09-02,23.349970,23.389891,23.085044,23.157627,198000
2005-09-06,23.197563,23.466122,23.197563,23.408054,192800
2005-09-07,23.462477,23.495138,23.299163,23.437073,255800
2005-09-08,23.389892,23.433443,23.237468,23.360861,284200
2005-09-09,23.480632,23.567734,23.404420,23.513296,194400
2005-09-12,23.498781,23.716530,23.473377,23.604027,158000
2005-09-13,23.535059,23.567723,23.371748,23.404409,401200
2005-09-14,23.444340,23.444340,23.161266,23.161266,180600
2005-09-15,23.262882,23.270142,23.143120,23.230221,135000
2005-09-16,23.313684,23.437077,23.230215,23.379009,113200
2005-09-19,23.346350,23.516921,23.219329,23.248362,168800
2005-09-20,23.371758,23.397162,22.976180,23.008842,787200
2005-09-21,22.943511,22.983432,22.671325,22.674953,779000
2005-09-22,22.638669,22.780206,22.478985,22.711252,260400
2005-09-23,22.624142,22.899958,22.522527,22.863667,475400
2005-09-26,23.081538,23.088812,22.896042,22.997883,284000
2005-09-27,22.943321,23.121542,22.826930,22.965143,246800
2005-09-28,22.950597,23.016066,22.743278,22.910589,187600
2005-09-29,22.903317,23.219751,22.768740,23.205202,772800
2005-09-30,23.212475,23.310678,23.110635,23.241573,224600
2005-10-03,23.387064,23.514365,23.296135,23.368877,227000
2005-10-04,23.441620,23.492540,23.110638,23.161558,235200
2005-10-05,22.968782,22.968782,22.470488,22.470488,613000
2005-10-06,22.445028,22.637799,22.059488,22.372284,748800
2005-10-07,22.332279,22.597793,22.332279,22.525049,451400
2005-10-10,22.506859,22.539593,22.288627,22.328636,240400
2005-10-11,22.281357,22.437756,22.041304,22.041304,300000
2005-10-12,22.004937,22.081318,21.579388,21.830353,776200
2005-10-13,21.772153,21.954012,21.561196,21.841259,348600
2005-10-14,21.986749,22.201343,21.793978,22.135874,227600
2005-10-17,22.128597,22.208615,21.881268,22.168606,380000
2005-10-18,22.143146,22.186792,21.895818,21.943102,227600
2005-10-19,21.957647,22.361374,21.641213,22.361374,350600
2005-10-20,22.361382,22.423214,21.779433,21.968567,562000
2005-10-21,22.044942,22.292271,21.994022,22.128597,247600
2005-10-24,22.190430,22.612343,22.190430,22.612343,241000
2005-10-25,22.615975,22.652347,22.223159,22.470488,288200
2005-10-26,22.434120,22.623254,22.219527,22.292271,192000
2005-10-27,22.186796,22.270451,21.793980,21.881273,138200
2005-10-28,21.968561,22.335915,21.906728,22.281357,389600
2005-10-31,22.517773,22.736004,22.448668,22.448668,693200
2005-11-01,22.550511,22.721459,22.452307,22.612343,849200
2005-11-02,22.586876,23.056072,22.579603,23.041523,143200
2005-11-03,23.227024,23.296131,22.983332,23.099722,256200
2005-11-04,23.161562,23.161562,22.892411,23.034262,295200
2005-11-07,23.114264,23.252478,22.994238,23.132450,248800
2005-11-08,23.103362,23.150645,22.914228,23.063353,303800
2005-11-09,23.045172,23.241580,22.888773,23.088818,307000
2005-11-10,23.099721,23.256120,22.786925,23.223385,224600
2005-11-11,23.136096,23.350689,23.136096,23.296133,162000
2005-11-14,23.350686,23.350686,23.096084,23.223385,241800
2005-11-15,23.241572,23.274307,22.870580,22.910589,157200
2005-11-16,22.972418,23.019701,22.732364,22.921497,477800
2005-11-17,23.019715,23.314325,23.019715,23.270679,145000
2005-11-18,23.368877,23.507089,23.263398,23.445257,245600
2005-11-21,23.463444,23.659852,23.314318,23.656214,168800
2005-11-22,23.605292,23.787151,23.510725,23.703495,376600
2005-11-23,23.641661,23.918087,23.641661,23.779873,371400
2005-11-25,23.772606,23.834438,23.681677,23.801704,122400
2005-11-28,23.841709,23.841709,23.368875,23.387062,755400
2005-11-29,23.459806,23.681674,23.430708,23.528913,262200
2005-11-30,23.485260,23.758049,23.485260,23.550730,177800
2005-12-01,23.750780,24.070850,23.714406,24.034479,772400
2005-12-02,24.034470,24.034470,23.816240,23.994461,222600
2005-12-05,23.987190,24.005377,23.699856,23.878077,236200
2005-12-06,23.950815,24.132674,23.899895,23.936266,125600
2005-12-07,23.939910,23.979919,23.678032,23.779873,143400
2005-12-08,23.827161,24.005382,23.630753,23.823523,391200
2005-12-09,23.827164,23.961738,23.714410,23.859898,213000
2005-12-12,23.961738,24.034483,23.834437,23.943554,280800
2005-12-13,23.914455,24.045393,23.787154,23.976286,295600
2005-12-14,23.936265,24.125400,23.870796,23.994461,279800
2005-12-15,23.990823,23.990823,23.594372,23.747133,373400
2005-12-16,23.859902,23.863540,23.568930,23.568930,365200
2005-12-19,23.543454,23.543454,23.216108,23.307037,300200
2005-12-20,23.288850,23.485258,23.176098,23.277939,358800
2005-12-21,23.350681,23.583460,23.350681,23.470709,169000
2005-12-22,23.558005,23.623474,23.456164,23.619839,2391400
2005-12-23,23.707391,23.732926,23.641730,23.729280,244000
2005-12-27,23.802231,23.813174,23.353544,23.411911,116600
2005-12-28,23.411918,23.594310,23.346256,23.510408,179400
2005-12-29,23.506756,23.652668,23.455687,23.455687,259200
2005-12-30,23.306122,23.382727,23.207630,23.302475,239600
2006-01-03,23.309777,23.773053,23.065370,23.729280,840000
2006-01-04,23.707384,23.908017,23.670906,23.878834,286400
2006-01-05,23.838710,23.980976,23.791289,23.962738,521000
2006-01-06,24.053936,24.225386,23.911670,24.203497,237800
2006-01-09,24.221729,24.520853,24.210786,24.385881,358200
2006-01-10,24.298340,24.674068,24.298340,24.630293,289400
2006-01-11,24.703258,24.703258,24.429669,24.619356,287400
2006-01-12,24.571930,24.623000,24.418721,24.440607,190200
2006-01-13,24.488031,24.550046,24.411426,24.502623,1162400
2006-01-17,24.422372,24.422372,24.236333,24.378599,605800
2006-01-18,24.221742,24.466148,24.218093,24.404135,414200
2006-01-19,24.418717,24.841866,24.418717,24.757967,390200
2006-01-20,24.783508,24.787154,24.407780,24.477087,278600
2006-01-23,24.528157,24.553692,24.389540,24.502623,197600
2006-01-24,24.568296,24.929433,24.550058,24.885660,502000
2006-01-25,24.944012,24.998730,24.750676,24.914831,317800
2006-01-26,25.060746,25.261379,24.940369,25.261379,302000
2006-01-27,25.312430,25.534949,25.199348,25.341614,192400
2006-01-30,25.389048,25.487541,25.305149,25.352570,251000
2006-01-31,25.363500,25.571427,25.272304,25.341614,247200
2006-02-01,25.425534,25.560505,25.370818,25.513084,1927200
2006-02-02,25.472947,25.524017,25.020612,25.184767,750200
2006-02-03,25.097222,25.290558,24.965900,25.068039,186200
2006-02-06,25.144650,25.279621,24.965906,25.279621,200600
2006-02-07,25.279614,25.370810,24.903883,24.922123,259800
2006-02-08,24.998733,25.137353,24.823638,25.057100,197600
2006-02-09,25.115460,25.261374,24.892941,24.892941,179200
2006-02-10,24.871048,24.962244,24.604753,24.925766,482400
2006-02-13,24.849164,24.889291,24.593813,24.732433,263600
2006-02-14,24.787148,25.115455,24.593812,25.053442,139400
2006-02-15,25.027913,25.246783,24.925773,25.239489,301600
2006-02-16,25.345282,25.458364,25.254085,25.418238,187600
2006-02-17,25.425530,25.480248,25.294207,25.414587,280200
2006-02-21,25.480248,25.520375,25.213956,25.334333,258400
2006-02-22,25.370807,25.593326,25.297848,25.545902,188000
2006-02-23,25.520370,25.695468,25.385398,25.534962,341000
2006-02-24,25.476604,25.717363,25.399999,25.677237,228800
2006-02-27,25.739243,25.914341,25.717357,25.779369,332200
2006-02-28,25.735593,25.735593,25.396343,25.410934,228600
2006-03-01,25.487535,25.819488,25.425520,25.746532,1920200
2006-03-02,25.783022,25.877867,25.607924,25.768431,201200
2006-03-03,25.640756,25.899753,25.586037,25.648050,158400
2006-03-06,25.626163,25.648050,25.301505,25.421885,259200
2006-03-07,25.352562,25.352562,24.995072,25.042496,247600
2006-03-08,24.995080,25.188419,24.805393,25.068039,308800
2006-03-09,25.053451,25.246786,24.929422,24.951311,186600
2006-03-10,24.976837,25.323381,24.871049,25.323381,241800
2006-03-13,25.454714,25.542262,25.283264,25.421885,171200
2006-03-14,25.312447,25.710064,25.243137,25.710064,201000
2006-03-15,25.658989,25.885157,25.600625,25.881508,263800
2006-03-16,25.950817,26.085789,25.863269,25.917988,335200
2006-03-17,26.009188,26.031075,25.845033,25.972708,205600
2006-03-20,26.009183,26.067547,25.845028,26.020126,292200
2006-03-21,26.016483,26.176990,25.717360,25.717360,263200
2006-03-22,25.691818,26.133207,25.691818,26.100378,418000
2006-03-23,26.038374,26.180640,25.950826,26.176994,205400
2006-03-24,26.191578,26.326547,26.089436,26.297363,229000
2006-03-27,26.330296,26.337615,26.202231,26.322979,453600
2006-03-28,26.275407,26.429088,26.118069,26.194908,258000
2006-03-29,26.220525,26.644970,26.220525,26.644970,295800
2006-03-30,26.623008,26.732777,26.414444,26.560802,504400
2006-03-31,26.641310,26.685219,26.480315,26.644970,195600
2006-04-03,26.674240,26.893781,26.480313,26.491289,669200
2006-04-04,26.480318,26.765721,26.462022,26.630337,310800
2006-04-05,26.710846,26.842571,26.520578,26.765732,258000
2006-04-06,26.765716,26.835235,26.604718,26.794989,171600
2006-04-07,26.904769,26.996244,26.403485,26.436415,238200
2006-04-10,26.432752,26.601067,26.253461,26.348597,123000
2006-04-11,26.414450,26.472993,25.964390,26.019276,210200
2006-04-12,25.964394,26.176618,25.964394,26.151005,263200
2006-04-13,26.110752,26.337612,25.979027,26.194908,195000
2006-04-17,26.205886,26.297361,26.033912,26.198566,331200
2006-04-18,26.381523,26.930375,26.344933,26.886469,345200
2006-04-19,26.992582,27.168216,26.871837,27.135286,495400
2006-04-20,27.186514,27.186514,26.802316,27.065765,1280000
2006-04-21,27.186502,27.237728,26.930369,27.054777,232800
2006-04-24,27.003559,27.003559,26.736450,26.849878,179800
2006-04-25,26.860856,26.860856,26.615700,26.736448,276800
2006-04-26,26.824259,27.065756,26.729127,26.820602,328600
2006-04-27,26.619353,26.912076,26.355903,26.516901,481200
2006-04-28,26.491291,26.849873,26.432745,26.692535,143600
2006-05-01,26.912069,26.966952,26.648619,26.681549,8947400
2006-05-02,26.740108,26.893786,26.601063,26.886469,323600
2006-05-03,26.882812,27.032830,26.743767,26.941355,155200
2006-05-04,26.963314,27.259693,26.963314,27.252377,395800
2006-05-05,27.420687,27.596319,27.373118,27.435324,2262000
2006-05-08,27.398735,27.556073,27.369465,27.515823,278800
2006-05-09,27.482902,27.559741,27.417039,27.501198,184200
2006-05-10,27.384094,27.479229,27.241392,27.362141,244600
2006-05-11,27.424348,27.424348,26.710841,26.714500,302000
2006-05-12,26.564490,26.564490,26.132726,26.158339,616200
2006-05-15,25.916832,26.125396,25.733881,26.044897,1905000
2006-05-16,26.052208,26.242478,25.876577,25.979029,772800
2006-05-17,25.752166,25.960729,25.547261,25.576534,1333600
2006-05-18,25.704603,25.869258,25.346018,25.346018,280400
2006-05-19,25.375290,25.711919,25.174045,25.664352,585600
2006-05-22,25.400894,25.638730,25.049629,25.433826,717200
2006-05-23,25.668014,25.829009,25.206977,25.214296,442600
2006-05-24,25.203321,25.459454,24.687401,25.287479,325000
2006-05-25,25.620462,25.763166,25.408241,25.763166,374200
2006-05-26,25.938783,25.938783,25.689970,25.799742,186800
2006-05-30,25.715575,25.719235,25.119156,25.119156,173600
2006-05-31,25.166720,25.510668,25.155743,25.477736,238000
2006-06-01,25.561900,25.964392,25.477742,25.964392,180800
2006-06-02,26.140026,26.154663,25.759488,26.041231,235400
2006-06-05,25.968057,25.968057,25.239913,25.287479,226000
2006-06-06,25.338704,25.342364,24.808147,25.108187,423200
2006-06-07,25.155749,25.437492,24.899619,24.925232,354600
2006-06-08,24.734969,25.031351,24.230025,24.987442,1135200
2006-06-09,25.042319,25.217951,24.691054,24.797163,270400
2006-06-12,24.789854,24.789854,24.189775,24.197092,281600
2006-06-13,24.127572,24.478837,23.834849,23.871439,653200
2006-06-14,23.944619,24.112934,23.721419,23.992186,334000
2006-06-15,24.204407,24.874008,24.197087,24.808146,677200
2006-06-16,24.789844,24.789844,24.409306,24.548347,383200
2006-06-19,24.566659,24.628862,24.094645,24.153191,121400
2006-06-20,24.134881,24.391014,24.032429,24.043406,532400
2006-06-21,24.039747,24.625192,24.039747,24.500784,257000
2006-06-22,24.332478,24.515429,24.259299,24.464203,214000
2006-06-23,24.317761,24.662744,24.270048,24.482912,171400
2006-06-26,24.677423,24.860926,24.633384,24.860926,328000
2006-06-27,24.853594,24.956355,24.347125,24.398508,2648200
2006-06-28,24.515949,24.515949,24.222343,24.504936,233000
2006-06-29,24.640727,25.407769,24.640727,25.389418,340600
2006-06-30,25.532554,25.598615,25.216929,25.488512,337800
2006-07-03,25.514195,25.741739,25.488505,25.741739,231000
2006-07-05,25.510523,25.510523,25.183889,25.393082,840000
2006-07-06,25.495850,25.719723,25.345376,25.536221,226600
2006-07-07,25.308674,25.525208,25.059110,25.132513,243200
2006-07-10,25.139850,25.407764,25.081127,25.143520,231200
2006-07-11,25.048103,25.345376,24.849920,25.338037,402000
2006-07-12,25.231595,25.363717,24.853580,24.864590,222200
2006-07-13,24.626046,24.802209,24.310421,24.310421,478000
2006-07-14,24.310423,24.339784,23.870018,24.148943,715200
2006-07-17,24.137924,24.277387,23.906711,23.932402,190800
2006-07-18,24.163622,24.244363,23.756249,24.163622,334400
2006-07-19,24.181973,24.915983,24.181973,24.809551,281600
2006-07-20,24.993053,24.996724,24.108572,24.108572,322200
2006-07-21,24.031501,24.031501,23.616783,23.789276,287200
2006-07-24,23.954427,24.361803,23.954427,24.361803,539600
2006-07-25,24.424188,24.791193,24.314085,24.637049,161400
2006-07-26,24.471904,24.681097,24.181970,24.464565,152200
2006-07-27,24.640724,24.772846,24.152607,24.185638,1617800
2006-07-28,24.295744,24.758171,24.295744,24.692110,135400
2006-07-31,24.640720,24.798532,24.570988,24.699442,371600
2006-08-01,24.567323,24.567323,24.240689,24.380150,258400
2006-08-02,24.468231,24.772846,24.457222,24.640724,118400
2006-08-03,24.350796,25.011407,24.350796,24.967365,286600
2006-08-04,25.301331,25.393083,24.618702,24.842575,350600
2006-08-07,24.662741,24.791195,24.523280,24.684763,192000
2006-08-08,24.783852,24.934325,24.361795,24.435198,242200
2006-08-09,24.662744,24.706786,24.181968,24.192978,197600
2006-08-10,24.079202,24.475569,23.972771,24.435198,105800
2006-08-11,24.350796,24.350796,24.057193,24.159954,82000
2006-08-14,24.284731,24.596685,24.189311,24.266382,146400
2006-08-15,24.611362,24.827897,24.545301,24.791197,97000
2006-08-16,24.956347,25.231601,24.860925,25.161869,237000
2006-08-17,25.103163,25.349056,25.103163,25.158215,121200
2006-08-18,25.249958,25.290328,25.004062,25.238945,138000
2006-08-21,25.158199,25.158199,24.912303,25.011396,288000
2006-08-22,24.989370,25.158195,24.945331,25.088463,162600
2006-08-23,25.150864,25.220596,24.648068,24.754498,294800
2006-08-24,24.809550,24.824231,24.479245,24.706789,232000
2006-08-25,24.651739,24.868274,24.578339,24.692110,123600
2006-08-28,24.732478,25.018742,24.681098,24.952681,174000
2006-08-29,24.996733,25.268316,24.824240,25.268316,167000
2006-08-30,25.334365,25.448135,25.209584,25.363726,154000
2006-08-31,25.470149,25.521529,25.334356,25.367388,147200
2006-09-01,25.477499,25.594940,25.319686,25.503189,118200
2006-09-05,25.521539,25.763761,25.481169,25.745413,404600
2006-09-06,25.495853,25.528882,25.202248,25.202248,228000
2006-09-07,25.132520,25.312352,24.971037,25.029757,147600
2006-09-08,25.059112,25.161873,25.007731,25.103153,313800
2006-09-11,25.007738,25.213260,24.827906,25.073799,126800
2006-09-12,25.062772,25.690350,25.059101,25.627960,129200
2006-09-13,25.598605,25.873859,25.591266,25.844498,138000
2006-09-14,25.837174,25.837174,25.609630,25.668352,232600
2006-09-15,25.910564,25.987635,25.716052,25.829823,809400
2006-09-18,25.738052,25.987616,25.690343,25.851826,717800
2006-09-19,25.851845,25.851845,25.308676,25.679352,208800
2006-09-20,25.895885,26.119758,25.837165,26.020668,217200
2006-09-21,26.101407,26.101407,25.616960,25.738070,189400
2006-09-22,25.613295,25.649995,25.290332,25.488512,142800
2006-09-25,25.598603,25.895876,25.360049,25.818806,163000
2006-09-26,25.785784,26.005986,25.734403,25.943596,124200
2006-09-27,25.933293,26.132016,25.881773,26.054735,122000
2006-09-28,26.150422,26.205624,25.819220,25.995861,103000
2006-09-29,25.955369,26.028971,25.668325,25.668325,126200
2006-10-02,25.616813,25.764015,25.418090,25.458570,270200
2006-10-03,25.451210,25.686733,25.285606,25.491688,160800
2006-10-04,25.473287,26.010574,25.465925,25.992172,294800
2006-10-05,26.028971,26.341775,26.006889,26.319693,214800
2006-10-06,26.249775,26.293934,25.981130,26.146734,179600
2006-10-09,26.106256,26.404339,26.036334,26.323378,106200
2006-10-10,26.400648,26.496330,26.264489,26.393290,206200
2006-10-11,26.323372,26.496335,26.128330,26.316013,153600
2006-10-12,26.463218,26.864342,26.463218,26.864342,116400
2006-10-13,26.890109,27.077792,26.761308,27.033630,175600
2006-10-16,27.074095,27.309618,27.015216,27.309618,244000
2006-10-17,27.144033,27.158753,26.882750,27.107233,138400
2006-10-18,27.272826,27.313307,26.882742,26.996822,152800
2006-10-19,26.989459,27.166102,26.879059,27.110901,123800
2006-10-20,27.140338,27.140338,26.798093,26.856976,61400
2006-10-23,26.820174,27.088818,26.717133,26.937935,128400
2006-10-24,26.886428,27.070430,26.805466,27.033630,261200
2006-10-25,27.048344,27.287548,26.993143,27.276508,860200
2006-10-26,27.328038,27.471560,27.063074,27.471560,335400
2006-10-27,27.383234,27.442114,27.077790,27.114590,545200
2006-10-30,26.982102,27.324346,26.982102,27.239704,303000
2006-10-31,27.280178,27.350100,26.945296,27.085136,386400
2006-11-01,27.206588,27.206588,26.617782,26.658262,235400
2006-11-02,26.463216,26.669298,26.393295,26.459536,782400
2006-11-03,26.588337,26.742898,26.363853,26.562576,467200
2006-11-06,26.717153,26.993157,26.650912,26.893797,188800
2006-11-07,26.948986,27.247069,26.923226,26.982105,128400
2006-11-08,26.812809,27.250736,26.812809,27.140333,114800
2006-11-09,27.239699,27.239699,26.838575,26.937935,152800
2006-11-10,26.937935,27.151379,26.890096,27.151379,92800
2006-11-13,27.129313,27.320674,27.059391,27.269154,159000
2006-11-14,27.342748,27.747553,27.144025,27.747553,162000
2006-11-15,27.710760,28.023563,27.699717,27.927881,303400
2006-11-16,28.159716,28.159716,27.762273,27.813793,602200
2006-11-17,27.740194,27.758595,27.541471,27.725473,147000
2006-11-20,27.688665,27.898427,27.655546,27.828508,129000
2006-11-21,27.880031,27.935232,27.714427,27.935232,143600
2006-11-22,27.975712,28.016193,27.843233,27.979393,132400
2006-11-24,27.802748,28.019869,27.758586,27.916828,46400
2006-11-27,27.876347,27.876347,27.239698,27.283859,816000
2006-11-28,27.195542,27.368505,27.107222,27.339064,169800
2006-11-29,27.618755,27.765954,27.453151,27.725473,141000
2006-11-30,27.688674,27.887397,27.545152,27.729155,115600
2006-12-01,27.791710,27.832190,27.316986,27.640829,215000
2006-12-04,27.725476,28.145004,27.725476,28.137642,122800
2006-12-05,28.181813,28.270133,28.082450,28.159731,479400
2006-12-06,28.078756,28.207557,27.986755,28.078756,389400
2006-12-07,28.141311,28.203871,27.931548,28.005148,122200
2006-12-08,27.931566,28.133966,27.729162,27.913164,94600
2006-12-11,27.905801,28.064043,27.891081,27.961002,397000
2006-12-12,27.946275,27.968354,27.626110,27.799072,152600
2006-12-13,27.975702,27.975702,27.732821,27.839542,160800
2006-12-14,27.872682,28.181808,27.865323,27.964684,318200
2006-12-15,28.093474,28.119237,27.909471,27.979393,262200
2006-12-18,28.053004,28.060363,27.567238,27.611397,880400
2006-12-19,27.475235,27.696037,27.372191,27.633474,811200
2006-12-20,27.670263,27.876344,27.633460,27.758583,174200
2006-12-21,27.694716,27.905168,27.547030,27.650410,142200
2006-12-22,27.558112,27.650415,27.425195,27.506422,315800
2006-12-26,27.535973,27.875649,27.535973,27.827652,399400
2006-12-27,28.001172,28.230085,27.993789,28.230085,106400
2006-12-28,28.141461,28.274378,28.038082,28.097155,110800
2006-12-29,28.049167,28.145164,27.816561,27.816561,144600
2007-01-03,28.052850,28.178381,27.587640,27.871933,528600
2007-01-04,27.831325,27.967935,27.595028,27.886707,245400
2007-01-05,27.750116,27.764882,27.340288,27.395668,238800
2007-01-08,27.436269,27.521190,27.181514,27.428886,315600
2007-01-09,27.469493,27.561797,27.137201,27.510107,213600
2007-01-10,27.321807,27.583949,27.321807,27.543335,237200
2007-01-11,27.583968,27.964257,27.583968,27.883030,303400
2007-01-12,27.912546,28.134073,27.890394,28.134073,338200
2007-01-16,28.189457,28.244840,27.919933,27.971622,197400
2007-01-17,27.875637,28.082395,27.875637,27.927326,143000
2007-01-18,27.886706,27.923627,27.602413,27.650410,430800
2007-01-19,27.646715,27.919935,27.580257,27.919935,243600
2007-01-22,27.783335,27.783335,27.524887,27.620880,249400
2007-01-23,27.635652,28.019635,27.569193,27.857180,283400
2007-01-24,27.938403,28.200545,27.916251,28.174700,278000
2007-01-25,28.207938,28.207938,27.764880,27.823956,139000
2007-01-26,27.868253,27.997478,27.624571,27.927326,186200
2007-01-29,27.975315,28.200536,27.927318,28.078697,149200
2007-01-30,28.111936,28.307619,28.075015,28.285467,330600
2007-01-31,28.226383,28.518062,28.104545,28.410990,275600
2007-02-01,28.466380,28.717445,28.466380,28.673141,262200
2007-02-02,28.780212,28.806057,28.628836,28.750677,125200
2007-02-05,28.732222,28.758067,28.554998,28.595612,153200
2007-02-06,28.614052,28.776507,28.551286,28.761738,233800
2007-02-07,28.739588,28.979577,28.739588,28.975887,107600
2007-02-08,28.942667,28.946360,28.780212,28.909439,126200
2007-02-09,28.924184,28.961108,28.470053,28.591894,176400
2007-02-12,28.602988,28.602988,28.407305,28.525454,114800
2007-02-13,28.595600,28.794975,28.580833,28.794975,117600
2007-02-14,28.839294,29.020208,28.758067,28.842987,284600
2007-02-15,28.839284,28.983277,28.758057,28.868822,631600
2007-02-16,28.861429,28.990653,28.732205,28.975887,107000
2007-02-20,28.894671,29.293419,28.769137,29.241730,198400
2007-02-21,29.156806,29.286030,29.101423,29.282337,174200
2007-02-22,29.289718,29.363560,29.108801,29.341408,125600
2007-02-23,29.204794,29.286022,29.097722,29.190025,266000
2007-02-26,29.311876,29.330338,28.931587,29.142038,327200
2007-02-27,28.650987,28.769136,27.875639,27.875639,279600
2007-02-28,28.063924,28.351910,27.860856,28.148842,285800
2007-03-01,27.550722,28.233767,27.414112,28.012239,595000
2007-03-02,28.004860,28.004860,27.506422,27.506422,472200
2007-03-05,27.192595,27.583960,26.860302,26.908298,421800
2007-03-06,27.214753,27.694732,27.214753,27.550739,162800
2007-03-07,27.554413,27.753789,27.439957,27.532261,333000
2007-03-08,27.646717,27.945782,27.646717,27.805479,230600
2007-03-09,27.953171,27.982709,27.691030,27.912558,157000
2007-03-12,27.883031,28.030717,27.783344,27.964258,73800
2007-03-13,27.787028,27.883021,27.240590,27.307049,195000
2007-03-14,27.262737,27.613492,27.052285,27.524881,166400
2007-03-15,27.580264,27.838715,27.580264,27.816561,157200
2007-03-16,27.790717,27.883020,27.583958,27.691031,72400
2007-03-19,27.894096,28.071317,27.838713,27.945786,126400
2007-03-20,27.890403,28.185772,27.860865,28.185772,107600
2007-03-21,28.237456,28.728508,28.141460,28.669436,180400
2007-03-22,28.761749,28.761749,28.529143,28.647291,122600
2007-03-23,28.625138,28.754363,28.621445,28.691597,88400
2007-03-26,28.640868,28.800087,28.448326,28.600138,86200
2007-03-27,28.511265,28.511265,28.322424,28.459427,157000
2007-03-28,28.333541,28.433517,28.140999,28.278002,92800
2007-03-29,28.455724,28.522374,28.155802,28.418697,144400
2007-03-30,28.389094,28.600152,28.248390,28.403906,112200
2007-04-02,28.466837,28.540894,28.337240,28.540894,354200
2007-04-03,28.651978,28.840820,28.585328,28.774170,230600
2007-04-04,28.740852,28.811203,28.681607,28.748257,83000
2007-04-05,28.696400,28.844511,28.696400,28.781565,65200
2007-04-09,28.766753,28.837104,28.692696,28.781565,92800
2007-04-10,28.770456,28.925974,28.770456,28.874136,80200
2007-04-11,28.922277,28.922277,28.503866,28.648273,134600
2007-04-12,28.570512,28.837108,28.474239,28.818596,188000
2007-04-13,28.859342,29.007450,28.711231,29.007450,96200
2007-04-16,29.159265,29.529542,29.148157,29.422161,167800
2007-04-17,29.411038,29.418443,29.222197,29.333281,206400
2007-04-18,29.251819,29.311064,29.133330,29.203684,120600
2007-04-19,28.918562,29.211080,28.918562,29.085188,125400
2007-04-20,29.266640,29.455481,29.266640,29.440670,92600
2007-04-23,29.388834,29.525834,29.318481,29.396238,116800
2007-04-24,29.399929,29.422144,29.174060,29.362902,71200
2007-04-25,29.544350,29.648027,29.344400,29.544350,90200
2007-04-26,29.514716,29.710962,29.396228,29.644312,102800
2007-04-27,29.488791,29.596172,29.407330,29.536926,377200
2007-04-30,29.525847,29.525847,28.926001,28.926001,444800
2007-05-01,28.985224,29.211093,28.848224,29.170362,189200
2007-05-02,29.185181,29.670242,29.181477,29.588783,105200
2007-05-03,29.566557,29.718372,29.499907,29.622099,84000
2007-05-04,29.729482,29.744293,29.581371,29.744293,100200
2007-05-07,29.725778,29.822051,29.710967,29.744293,152200
2007-05-08,29.585071,29.710963,29.381418,29.696152,64600
2007-05-09,29.529533,29.970162,29.529533,29.892405,194400
2007-05-10,29.710961,29.740584,29.307361,29.333281,303400
2007-05-11,29.614694,29.729479,29.485095,29.710964,122200
2007-05-14,29.673946,29.755407,29.396239,29.462889,131800
2007-05-15,29.399925,29.659118,29.181461,29.207380,338000
2007-05-16,29.233302,29.425847,29.096302,29.414740,117800
2007-05-17,29.388816,29.388816,29.151840,29.274029,105400
2007-05-18,29.192578,29.570262,29.151850,29.470285,235000
2007-05-21,29.392529,29.925728,29.392529,29.799835,316400
2007-05-22,29.870183,30.081240,29.747991,29.992374,156000
2007-05-23,30.059034,30.281199,29.866491,29.899815,113200
2007-05-24,29.844272,30.103467,29.381426,29.473995,132200
2007-05-25,29.622107,29.781326,29.548053,29.722080,121000
2007-05-29,29.762803,30.047917,29.762803,29.996078,133600
2007-05-30,29.736889,30.214546,29.736889,30.214546,130400
2007-05-31,30.214538,30.403380,30.181215,30.266376,151400
2007-06-01,30.362656,30.692202,30.362656,30.577417,105600
2007-06-04,30.436703,30.625545,30.399676,30.621841,170400
2007-06-05,30.455229,30.525582,30.207144,30.362659,158600
2007-06-06,30.144181,30.144181,29.870175,29.999771,160000
2007-06-07,29.859073,29.922019,29.411039,29.455473,219800
2007-06-08,29.422149,29.796129,29.329580,29.729479,137400
2007-06-11,29.622099,29.899806,29.577665,29.707264,56200
2007-06-12,29.562851,29.673935,29.244416,29.266632,106000
2007-06-13,29.325886,29.788731,29.325886,29.618404,821000
2007-06-14,29.747994,30.059028,29.747994,29.892405,280400
2007-06-15,30.188632,30.455232,30.188632,30.314528,128600
2007-06-18,30.440410,30.440410,30.103460,30.247868,150400
2007-06-19,30.110866,30.340438,30.003485,30.277489,82200
2007-06-20,30.370059,30.370059,29.844267,29.844267,293000
2007-06-21,29.785030,30.003492,29.562862,29.955357,248000
2007-06-22,29.859079,29.944244,29.503614,29.629507,150200
2007-06-25,29.618374,29.814620,29.351775,29.444344,233400
2007-06-26,29.533234,29.570261,29.211093,29.218500,201800
2007-06-27,29.111132,29.766520,29.111132,29.748005,317600
2007-06-28,29.785021,30.059024,29.773913,29.792425,102400
2007-06-29,29.847576,30.041344,29.542020,29.586737,141400
2007-07-02,29.773042,30.052514,29.724599,30.007797,93400
2007-07-03,30.093515,30.160588,30.015263,30.074883,106000
2007-07-05,30.071159,30.190400,29.922109,30.175497,92200
2007-07-06,30.182939,30.264918,29.989173,30.171761,82200
2007-07-09,30.276094,30.313356,30.104685,30.261189,82000
2007-07-10,30.004078,30.022710,29.705976,29.709703,125000
2007-07-11,29.724600,29.873652,29.594181,29.847569,75200
2007-07-12,29.977999,30.432607,29.977999,30.406523,137400
2007-07-13,30.305914,30.581659,30.305914,30.514585,105600
2007-07-16,30.417695,30.566747,30.261191,30.346897,343600
2007-07-17,30.376705,30.630093,30.376705,30.440054,193400
2007-07-18,30.168034,30.339442,29.951908,30.279823,201200
2007-07-19,30.510862,30.618925,30.469873,30.574211,165800
2007-07-20,30.395340,30.417697,29.776777,29.989176,268800
2007-07-23,30.033899,30.238846,29.966826,29.985458,344200
2007-07-24,29.620282,29.683631,29.087422,29.206663,259600
2007-07-25,29.288649,29.564394,28.822863,29.161957,504400
2007-07-26,28.692428,28.867564,27.962076,28.304893,612200
2007-07-27,28.271366,28.480037,27.611811,27.615538,699000
2007-07-30,27.704952,28.226632,27.529816,28.107391,418400
2007-07-31,28.271358,28.468851,27.734772,27.734772,280000
2007-08-01,27.760861,28.088774,27.418043,27.876375,579400
2007-08-02,28.085038,28.152111,27.786933,28.044048,303400
2007-08-03,28.058958,28.058958,26.836733,26.836733,361000
2007-08-06,27.127376,27.265247,26.426832,27.250341,1005000
2007-08-07,27.142280,27.511185,26.851630,27.365860,300000
2007-08-08,27.526087,28.185639,27.395665,27.824188,400000
2007-08-09,27.228008,27.745962,27.078956,27.231735,784800
2007-08-10,26.866548,28.226644,26.866548,27.895004,664000
2007-08-13,28.133465,28.342136,27.593155,27.622963,402800
2007-08-14,27.611814,27.753415,27.004429,27.019335,261800
2007-08-15,26.903810,27.462754,26.479014,26.531181,166600
2007-08-16,26.318775,27.220539,25.920062,27.220539,395400
2007-08-17,27.943444,28.558282,27.388227,27.745951,191800
2007-08-20,27.917348,28.040316,27.444110,27.790655,93200
2007-08-21,27.827931,28.070140,27.693784,27.895004,277400
2007-08-22,28.148396,28.386879,28.092501,28.263910,163000
2007-08-23,28.506111,28.506111,27.909906,27.988157,485400
2007-08-24,28.021687,28.375686,27.906173,28.357054,154600
2007-08-27,28.342149,28.342149,28.010510,28.032869,124200
2007-08-28,27.798106,27.891264,27.242890,27.272701,130600
2007-08-29,27.418038,28.066411,27.388227,27.980705,109400
2007-08-30,27.686335,28.129761,27.611807,27.768311,91600
2007-08-31,28.047777,28.263903,27.831655,28.103672,160600
2007-09-04,27.947165,28.576909,27.947165,28.371962,197200
2007-09-05,28.196825,28.196825,27.861459,27.999332,106600
2007-09-06,28.167020,28.222915,27.798119,28.014244,292800
2007-09-07,27.608077,27.697510,27.298797,27.432943,191200
2007-09-10,27.507468,27.559636,26.829284,27.157196,257800
2007-09-11,27.328608,27.645345,27.328608,27.619261,118200
2007-09-12,27.533552,27.701234,27.395678,27.429216,423600
2007-09-13,27.533548,27.757125,27.313699,27.421759,186000
2007-09-14,27.239178,27.641618,27.198189,27.608080,129000
2007-09-17,27.507466,27.593172,27.306246,27.369593,141600
2007-09-18,27.537263,28.588076,27.343494,28.535908,422800
2007-09-19,28.845208,29.180572,27.369595,28.953268,256400
2007-09-20,28.949539,28.949539,28.535921,28.681246,240000
2007-09-21,28.789316,28.938368,28.684980,28.714788,147200
2007-09-24,28.718513,28.804219,28.349612,28.450220,152000
2007-09-25,28.170742,28.301162,28.047774,28.293711,651200
2007-09-26,28.360593,28.592258,28.278387,28.439060,299600
2007-09-27,28.547423,28.577316,28.397959,28.525002,310400
2007-09-28,28.491375,28.569842,28.136401,28.192448,108200
2007-10-01,28.315756,28.962185,28.259707,28.868771,852400
2007-10-02,28.958448,29.152749,28.928555,29.126593,470200
2007-10-03,29.078015,29.078015,28.771616,28.887449,83000
2007-10-04,29.025701,29.025701,28.756667,28.936024,100200
2007-10-05,29.178907,29.623560,28.936032,29.459150,134800
2007-10-08,29.388154,29.477831,29.212535,29.291002,88600
2007-10-09,29.302221,29.522680,29.178913,29.515205,263800
2007-10-10,29.485310,29.492782,29.216277,29.380684,101800
2007-10-11,29.466627,29.664665,28.969662,29.070551,167800
2007-10-12,29.171436,29.369474,29.036919,29.208801,425800
2007-10-15,29.145284,29.272326,28.659528,28.812729,442400
2007-10-16,28.734252,28.752933,28.476427,28.476427,76400
2007-10-17,28.771617,28.808982,28.162556,28.476427,557600
2007-10-18,28.383011,28.595996,28.244757,28.439060,176800
2007-10-19,28.386749,28.386749,27.441397,27.441397,241600
2007-10-22,27.250835,28.057934,27.161158,28.009359,299600
2007-10-23,28.151345,28.282127,27.796371,28.214869,218000
2007-10-24,28.128945,28.143892,27.504937,28.054214,363400
2007-10-25,28.147623,28.308295,27.658129,27.882326,249000
2007-10-26,28.226077,28.476427,27.957044,28.476427,128400
2007-10-29,28.476430,28.584791,28.158822,28.353123,134600
2007-10-30,28.252245,28.394234,28.121466,28.121466,292800
2007-10-31,28.184976,28.629629,28.069143,28.491375,197600
2007-11-01,28.028039,28.054195,27.336773,27.441397,279800
2007-11-02,27.680557,27.680557,27.090177,27.359211,234600
2007-11-05,27.220949,27.340519,26.940705,27.142481,230800
2007-11-06,27.206001,27.553503,26.910812,27.553503,285800
2007-11-07,27.007951,27.359190,26.567036,26.660450,303200
2007-11-08,26.667936,26.955651,26.271857,26.892130,415200
2007-11-09,26.324169,26.880920,26.260647,26.581993,324600
2007-11-12,26.365268,27.011697,26.365268,26.398899,316000
2007-11-13,26.484847,27.206007,26.484847,27.135014,132800
2007-11-14,27.617019,27.617019,26.828602,26.936960,180400
2007-11-15,26.821138,26.903343,26.380222,26.574526,116600
2007-11-16,26.600671,26.809918,26.212067,26.354055,154800
2007-11-19,26.316695,26.335379,25.789837,25.890726,219600
2007-11-20,26.129856,26.193377,25.371332,25.969183,205600
2007-11-21,25.707633,25.950508,25.487174,25.573116,164800
2007-11-23,25.509580,26.316681,25.509580,26.118643,52200
2007-11-26,26.339103,26.339103,25.285389,25.296598,204000
2007-11-27,25.614214,25.771149,25.363861,25.662788,196400
2007-11-28,26.047662,26.581992,25.909408,26.484840,158800
2007-11-29,26.227008,26.638031,26.227008,26.432518,197400
2007-11-30,26.903338,26.978069,26.421320,26.454950,127800
2007-12-03,26.630564,26.630564,26.182177,26.182177,166000
2007-12-04,26.070071,26.137329,25.819721,25.946766,698000
2007-12-05,26.298015,26.458688,26.137342,26.380220,169400
2007-12-06,26.410101,27.153678,26.410101,27.108841,712000
2007-12-07,27.318102,27.318102,26.996757,27.105118,253000
2007-12-10,27.138746,27.478775,27.097643,27.445145,178600
2007-12-11,27.340517,27.486243,26.268121,26.447475,247400
2007-12-12,27.183579,27.247100,26.241964,26.540888,432200
2007-12-13,26.361531,26.533413,26.126125,26.469889,215400
2007-12-14,26.055134,26.451210,25.857093,25.883249,276000
2007-12-17,25.685206,25.860826,25.390017,25.390017,227400
2007-12-18,25.688945,25.868302,25.188246,25.857090,471400
2007-12-19,25.812263,25.984145,25.647853,25.886993,433400
2007-12-20,26.170967,26.350321,25.666530,26.350321,326600
2007-12-21,26.679145,26.936966,26.544628,26.910810,260200
2007-12-24,26.993013,27.295678,26.993013,27.269522,128800
2007-12-26,27.090150,27.370393,26.996735,27.217192,352000
2007-12-27,27.030363,27.154184,26.415013,26.512569,489600
2007-12-28,26.801473,26.854003,26.339960,26.339960,869200
2007-12-31,26.208625,26.452514,25.998507,26.264908,382000
2008-01-02,26.298677,26.392480,25.709593,25.855928,503800
2008-01-03,25.934732,26.062304,25.439451,25.439451,243600
2008-01-04,25.161783,25.203057,24.583955,24.602716,478400
2008-01-07,24.726541,25.052974,24.437625,24.786573,344200
2008-01-08,24.854118,25.188057,23.998632,24.013641,435400
2008-01-09,24.043651,24.291290,23.499592,24.276281,550400
2008-01-10,24.002379,24.820344,23.901071,24.583958,321400
2008-01-11,24.411368,24.490162,23.998634,24.069925,285200
2008-01-14,24.204996,24.340073,24.024893,24.253773,181800
2008-01-15,23.923593,23.994885,23.642183,23.735987,208000
2008-01-16,23.600897,24.272528,23.589639,23.908571,453400
2008-01-17,23.964858,24.047404,23.259459,23.293228,461800
2008-01-18,23.454568,23.675944,22.809203,23.079355,818400
2008-01-22,22.197609,23.597154,21.841156,23.173162,807800
2008-01-23,22.332686,24.205000,22.100054,24.174982,676000
2008-01-24,24.467647,24.520177,23.833537,24.107443,489200
2008-01-25,24.441381,24.482654,23.844792,23.893570,572800
2008-01-28,23.912328,24.580208,23.728474,24.557693,625200
2008-01-29,24.812841,24.812841,24.347577,24.775320,438000
2008-01-30,24.715284,25.371907,24.482651,24.542686,578000
2008-01-31,24.261279,25.469462,24.088678,25.214317,483400
2008-02-01,25.311876,25.923473,25.221826,25.852184,1101000
2008-02-04,25.878448,25.878448,25.443199,25.537003,574200
2008-02-05,25.116762,25.424437,24.812838,24.827847,401600
2008-02-06,25.037968,25.285607,24.580207,24.606472,411600
2008-02-07,24.445131,25.139275,24.445131,24.974180,407200
2008-02-08,24.940412,25.184301,24.621482,24.786573,1067800
2008-02-11,24.857867,24.981688,24.463892,24.760311,489800
2008-02-12,24.880379,25.274354,24.794082,25.004200,570000
2008-02-13,24.805341,25.533256,24.805341,25.514494,413400
2008-02-14,25.870937,25.870937,24.835351,24.940411,618600
2008-02-15,24.347574,24.820343,24.347574,24.790325,609800
2008-02-19,24.692770,25.158036,24.681514,24.809088,797600
2008-02-20,24.182480,25.244333,24.182480,25.225574,1045600
2008-02-21,25.195554,25.480717,24.621478,24.662752,872000
2008-02-22,24.704025,24.809087,24.283788,24.790325,770200
2008-02-25,24.471388,25.401914,24.471388,25.315617,2006600
2008-02-26,25.015451,25.814656,25.015451,25.574520,870600
2008-02-27,25.413187,25.825920,25.281860,25.533255,344600
2008-02-28,25.263097,25.368156,24.977934,25.131773,888200
2008-02-29,24.794085,24.835359,24.242522,24.366343,510800
2008-03-03,24.287542,24.437625,23.968610,24.313807,538600
2008-03-04,24.009892,24.381354,23.844797,24.250027,728200
2008-03-05,24.276290,24.516426,24.051162,24.328819,655400
2008-03-06,24.051160,24.565203,23.533367,23.559631,419800
2008-03-07,23.225696,23.878566,23.225696,23.563387,643400
2008-03-10,23.548376,23.615914,23.060599,23.128138,616600
2008-03-11,23.563387,24.126208,23.435814,24.088684,453000
2008-03-12,24.107438,24.460139,23.811019,23.867302,228000
2008-03-13,23.413297,24.407612,23.390784,24.385098,772400
2008-03-14,24.407616,24.876632,23.537120,23.792265,555000
2008-03-17,23.225692,23.822281,23.120631,23.484589,487200
2008-03-18,23.750991,24.580213,23.728479,24.550196,525200
2008-03-19,24.734042,24.850360,23.949848,23.949848,483800
2008-03-20,23.946101,24.640244,23.946101,24.580212,595600
2008-03-24,24.794081,25.379412,24.523927,25.229326,866400
2008-03-25,25.138102,25.382126,24.987934,25.307043,715600
2008-03-26,25.231956,25.231956,24.920357,25.156874,663000
2008-03-27,25.220696,25.220696,24.657566,24.657566,379000
2008-03-28,24.665069,24.770189,24.308422,24.323439,303000
2008-03-31,24.383505,24.826501,24.319685,24.567463,251400
2008-04-01,24.706364,25.464713,24.695102,25.427172,264000
2008-04-02,25.419660,25.768800,25.363346,25.644911,299400
2008-04-03,25.355847,25.716250,25.352092,25.562326,897400
2008-04-04,25.490998,25.798842,25.374616,25.494753,339200
2008-04-07,25.554815,25.757542,25.393385,25.442188,305000
2008-04-08,25.307038,25.475976,25.209428,25.367104,246600
2008-04-09,25.389624,25.498496,24.830249,24.864038,127400
2008-04-10,24.822748,25.250726,24.713876,25.104313,153600
2008-04-11,24.901581,24.901581,24.387255,24.417290,887000
2008-04-14,24.409784,24.601248,24.293404,24.323439,170400
2008-04-15,24.428557,24.597494,24.312177,24.567463,311800
2008-04-16,24.758924,25.385877,24.758924,25.340826,140800
2008-04-17,25.265740,25.265740,25.014206,25.198164,269000
2008-04-18,25.588611,25.712497,25.460966,25.532297,282000
2008-04-21,25.412164,25.453460,25.239471,25.355850,218000
2008-04-22,25.239459,25.239459,24.646296,24.927860,259200
2008-04-23,24.957898,25.055505,24.732644,24.901585,171800
2008-04-24,24.927867,25.427175,24.631285,25.269497,237400
2008-04-25,25.382123,25.547308,25.002948,25.442188,216400
2008-04-28,25.464730,25.727523,25.284527,25.614899,171400
2008-04-29,25.618634,25.626144,25.250724,25.427172,157000
2008-04-30,25.453454,25.701230,25.138100,25.216938,621400
2008-05-01,25.246969,25.858902,25.246969,25.738768,283200
2008-05-02,25.997816,26.106688,25.641169,25.723759,275400
2008-05-05,25.573593,25.772565,25.479738,25.599873,90800
2008-05-06,25.412159,25.787579,25.344583,25.626148,217400
2008-05-07,25.697479,25.813861,25.168138,25.243221,187800
2008-05-08,25.295776,25.344582,25.085542,25.261990,257400
2008-05-09,24.999197,25.400899,24.999197,25.292027,300400
2008-05-12,25.261986,25.753785,25.261986,25.697472,250000
2008-05-13,25.855145,25.941490,25.611122,25.933983,109800
2008-05-14,26.005311,26.219300,25.903949,25.933983,133800
2008-05-15,25.922726,26.230570,25.783819,26.204290,194800
2008-05-16,26.335695,26.335695,25.791335,26.102934,237400
2008-05-19,26.140474,26.380743,25.937747,26.039112,486400
2008-05-20,25.997808,26.024088,25.716244,25.952757,419000
2008-05-21,25.918968,26.185515,25.543548,25.659927,677000
2008-05-22,25.689969,26.009075,25.689969,25.847645,584600
2008-05-23,25.753793,25.813862,25.352094,25.532297,343200
2008-05-27,25.460959,25.918972,25.460959,25.866413,339200
2008-05-28,25.926481,26.020336,25.746281,25.986549,337600
2008-05-29,25.960270,26.425790,25.952760,26.208046,360400
2008-05-30,26.256849,26.275618,26.069139,26.204290,248000
2008-06-02,26.253099,26.253099,25.735021,26.061634,221400
2008-06-03,26.166750,26.223064,25.731265,25.979040,322400
2008-06-04,25.964034,26.399519,25.881441,26.144234,322200
2008-06-05,26.301914,26.726140,26.234338,26.714878,157600
2008-06-06,26.692344,26.692344,25.877684,25.877684,256200
2008-06-09,26.031604,26.031604,25.457212,25.704990,295800
2008-06-10,25.457200,25.795078,25.442183,25.652420,252600
2008-06-11,25.622403,25.622403,25.089308,25.089308,250400
2008-06-12,25.295777,25.588607,25.081788,25.156874,214000
2008-06-13,25.363356,25.637414,25.277011,25.629904,120800
2008-06-16,25.558574,25.964028,25.528540,25.922731,529800
2008-06-17,25.986546,25.990301,25.693719,25.697472,188000
2008-06-18,25.502258,25.652427,25.310793,25.551062,276600
2008-06-19,25.494752,25.768807,25.378370,25.746283,127000
2008-06-20,25.626143,25.644913,25.175638,25.400892,204200
2008-06-23,25.524785,25.536047,25.025479,25.032986,189600
2008-06-24,24.899216,25.080080,24.601540,24.729652,402600
2008-06-25,24.842696,25.238341,24.793712,25.012257,252400
2008-06-26,24.718358,24.805024,24.375468,24.439524,450600
2008-06-27,24.352858,24.556333,24.111705,24.236050,137600
2008-06-30,24.236044,24.364159,23.976050,23.998657,301400
2008-07-01,23.727359,24.096627,23.501276,24.002426,458800
2008-07-02,23.949677,24.156920,23.324183,23.324183,217200
2008-07-03,23.463594,23.474897,22.954907,23.245047,211400
2008-07-07,23.305333,23.365621,22.683607,22.917225,267000
2008-07-08,22.856935,23.783873,22.755198,23.783873,410000
2008-07-09,23.802709,23.802709,22.973742,22.973742,379400
2008-07-10,22.962441,23.486200,22.943601,23.263885,209600
2008-07-11,22.981282,23.531416,22.834327,23.309101,454400
2008-07-14,23.407076,23.591710,22.811726,22.883318,252600
2008-07-15,22.608248,23.222439,22.318109,22.747665,458400
2008-07-16,22.894622,23.700984,22.751437,23.678375,370200
2008-07-17,23.832863,24.213436,23.595476,24.205898,451200
2008-07-18,24.315168,24.605309,23.878076,24.085318,260200
2008-07-21,24.115466,24.269957,24.047641,24.205898,411000
2008-07-22,23.976044,24.918053,23.976044,24.884142,300000
2008-07-23,25.065011,25.362686,24.808784,25.132835,363000
2008-07-24,25.038634,25.038634,24.307636,24.364157,439600
2008-07-25,24.605311,24.827625,24.450820,24.654295,270400
2008-07-28,24.514886,24.624160,24.100402,24.190834,166000
2008-07-29,24.198358,24.918052,24.198358,24.899214,228600
2008-07-30,25.068786,25.166756,24.586477,24.921833,180400
2008-07-31,24.605315,25.023568,24.526184,24.688210,387800
2008-08-01,24.869078,24.936903,24.416914,24.808788,503400
2008-08-04,24.872843,24.872843,24.318940,24.518646,460800
2008-08-05,24.831396,25.279791,24.729657,25.200663,239600
2008-08-06,25.095154,25.407902,24.959504,25.332542,497200
2008-08-07,25.057483,25.309941,24.827632,24.921833,192400
2008-08-08,24.989656,25.788482,24.895455,25.686743,655000
2008-08-11,25.844983,26.658881,25.649046,26.376278,293000
2008-08-12,26.361222,26.361222,26.044708,26.157747,405600
2008-08-13,26.187895,26.323545,25.837467,26.210503,782800
2008-08-14,25.984413,26.523243,25.984413,26.361217,266000
2008-08-15,26.575996,26.790774,26.180354,26.429043,292400
2008-08-18,26.481793,26.511938,25.886442,26.018326,347000
2008-08-19,25.946733,26.025862,25.445583,25.569929,264000
2008-08-20,25.735726,25.878910,25.336311,25.615149,291400
2008-08-21,25.434290,25.513418,25.227046,25.283567,248200
2008-08-22,25.536013,25.939193,25.513405,25.897747,271800
2008-08-25,25.765868,25.765868,25.193127,25.306170,2444800
2008-08-26,25.351386,25.494573,25.110231,25.343851,239600
2008-08-27,25.445593,25.814862,25.373999,25.630226,232800
2008-08-28,25.747032,26.165285,25.649062,26.120068,344400
2008-08-29,26.056003,26.097452,25.777169,25.863832,262800
2008-09-02,26.255706,26.553382,25.652820,25.965569,926200
2008-09-03,25.958037,26.316000,25.818619,26.131367,985200
2008-09-04,25.984422,25.984422,25.245886,25.287334,338400
2008-09-05,25.238349,25.438055,24.748502,25.279795,227000
2008-09-08,26.383825,26.504402,25.611378,25.988182,415400
2008-09-09,26.003256,26.202961,25.159212,25.166750,273200
2008-09-10,25.471956,25.694272,25.098921,25.513405,198400
2008-09-11,25.321236,25.731954,24.989650,25.724417,498800
2008-09-12,25.475728,25.860067,25.441815,25.818619,274200
2008-09-15,25.162983,25.649060,24.778644,24.827627,635600
2008-09-16,24.337783,25.577469,24.209671,25.577469,1304600
2008-09-17,25.211970,25.336314,24.382999,24.382999,601600
2008-09-18,24.918057,26.184119,24.247346,25.942965,812800
2008-09-19,26.960340,26.960340,26.557160,26.960340,361400
2008-09-22,27.020622,27.129895,25.739487,25.811081,475000
2008-09-23,25.796016,25.991956,25.389066,25.471964,497800
2008-09-24,25.554854,25.554854,25.042400,25.159208,126600
2008-09-25,25.212953,25.693595,25.091846,25.364334,202400
2008-09-26,24.864779,25.394623,24.792874,25.394623,444400
2008-09-29,24.868557,24.879910,23.748318,23.748318,432000
2008-09-30,24.281942,24.667969,23.736960,24.618771,454400
2008-10-01,24.671759,24.671759,24.115424,24.509022,6442200
2008-10-02,24.297082,24.380344,23.222259,23.271460,181600
2008-10-03,23.483393,23.994314,22.643215,22.711336,593000
2008-10-06,22.155000,22.359369,20.815255,22.067955,895800
2008-10-07,22.798379,22.798379,20.504916,20.516270,340800
2008-10-08,19.744217,20.947718,19.520928,20.046986,694800
2008-10-09,20.508699,20.550330,18.313637,18.347698,654000
2008-10-10,16.943622,19.475514,16.849007,19.206808,1611600
2008-10-13,19.691234,20.834181,19.592835,20.834181,1087800
2008-10-14,21.931712,22.064172,19.751786,20.164307,591400
2008-10-15,19.683660,20.266487,18.578560,18.578560,354800
2008-10-16,18.873763,19.672312,17.787585,19.672312,572600
2008-10-17,18.915390,20.217289,18.620193,19.187881,424200
2008-10-20,19.638244,19.963719,19.172740,19.941011,429600
2008-10-21,19.755571,19.910739,19.278711,19.380896,348000
2008-10-22,18.771570,19.112184,17.969237,18.309851,500800
2008-10-23,18.480165,18.480165,16.936051,17.836784,745600
2008-10-24,16.606791,17.560508,15.815811,17.068510,439000
2008-10-27,16.572734,17.306944,16.326735,16.326735,301600
2008-10-28,16.595439,17.602140,16.099658,17.602140,274400
2008-10-29,17.855717,18.646697,17.583226,17.942762,569800
2008-10-30,18.544505,18.858627,18.150907,18.771580,359000
2008-10-31,18.843478,19.831257,18.483942,19.729073,361800
2008-11-03,19.691230,19.986430,19.562554,19.702585,884400
2008-11-04,20.190806,20.190806,19.600410,19.906961,457000
2008-11-05,19.566346,19.770714,18.673182,18.756443,1330400
2008-11-06,18.589913,18.824558,18.166039,18.169823,420400
2008-11-07,18.226594,18.635331,18.007089,18.476377,407000
2008-11-10,18.854836,18.915389,17.780012,17.976810,990200
2008-11-11,17.730812,18.147117,17.454537,17.655121,435600
2008-11-12,17.322074,17.371275,16.527309,16.527309,468400
2008-11-13,16.561378,17.954108,15.762830,17.927616,649400
2008-11-14,17.518877,17.723246,16.576513,16.576513,288400
2008-11-17,16.519742,16.913338,16.334296,16.375927,245400
2008-11-18,16.406207,16.712759,15.660643,16.345654,1311400
2008-11-19,16.338087,16.379718,15.032403,15.081602,377000
2008-11-20,14.896161,15.361666,14.037058,14.037058,900800
2008-11-21,14.245206,14.971849,13.563980,14.960494,1199400
2008-11-24,15.123229,16.107223,14.930215,16.020178,862000
2008-11-25,16.254826,16.273748,15.588736,16.269964,659200
2008-11-26,15.834732,17.193400,15.834732,17.136631,895800
2008-11-28,16.943624,17.401560,16.883071,17.401560,319200
2008-12-01,16.871720,16.947411,15.176221,15.244344,1222000
2008-12-02,15.528182,16.145071,15.108092,16.145071,1305000
2008-12-03,15.815811,16.746820,15.732550,16.663559,1004200
2008-12-04,16.394853,16.996603,15.872579,16.186701,690400
2008-12-05,15.955844,16.917131,15.554677,16.917131,947400
2008-12-08,17.318298,17.719465,17.227468,17.549158,798800
2008-12-09,17.341000,17.980595,16.807372,16.920910,1497400
2008-12-10,17.129063,17.643768,17.049587,17.367493,1214400
2008-12-11,17.238814,17.382629,16.216974,16.466757,935800
2008-12-12,16.020180,17.121496,15.989903,17.106358,1153400
2008-12-15,17.265310,17.276665,16.277531,16.565161,595800
2008-12-16,17.639984,17.742168,16.807374,17.639984,762400
2008-12-17,17.499953,18.109271,17.401553,17.878412,614000
2008-12-18,17.885990,18.116851,17.261533,17.545378,548600
2008-12-19,17.848142,18.237954,17.639989,17.840572,538600
2008-12-22,17.961669,17.965454,17.019306,17.511303,1935000
2008-12-23,17.692967,17.802721,17.219893,17.310724,1499000
2008-12-24,17.310728,17.539604,17.158142,17.451868,706000
2008-12-26,17.596826,17.688375,17.371763,17.680746,593000
2008-12-29,17.596813,17.661661,17.013176,17.234425,838200
2008-12-30,17.383204,17.928694,17.383204,17.882919,1248600
2008-12-31,17.959208,18.729759,17.909618,18.546658,847800
2009-01-02,18.519965,18.798432,18.252941,18.687809,653800
2009-01-05,18.680170,18.725945,18.230045,18.489439,2965800
2009-01-06,18.661095,19.034928,18.504696,18.794607,777000
2009-01-07,18.539029,18.561917,18.004984,18.226231,664600
2009-01-08,18.107981,18.382632,18.031688,18.306341,779200
2009-01-09,18.420777,18.420777,17.520528,17.562489,997600
2009-01-12,17.531971,17.600635,16.952150,17.036072,905800
2009-01-13,17.028440,17.310722,16.910188,17.215357,1243800
2009-01-14,16.868232,16.925450,16.383775,16.437180,811600
2009-01-15,16.440999,16.894939,15.914583,16.624102,1093800
2009-01-16,17.020817,17.020817,16.261709,16.925451,1317800
2009-01-20,16.700383,16.799563,15.632291,15.662808,1184400
2009-01-21,15.876423,16.490576,15.533108,16.490576,902600
2009-01-22,16.055718,16.334185,15.597964,15.884060,1065600
2009-01-23,15.468264,16.185412,15.411046,15.983238,1001400
2009-01-26,15.979422,16.543985,15.895500,16.154894,1434000
2009-01-27,16.212113,16.502024,16.093860,16.406658,1261400
2009-01-28,16.708016,17.177214,16.685129,17.074219,916000
2009-01-29,16.883481,16.917813,16.303661,16.318918,1744600
2009-01-30,16.437178,16.555432,15.830654,15.960351,1800800
2009-02-02,15.655179,16.200669,15.636106,16.124376,1173600
2009-02-03,16.181601,16.299855,15.880248,16.151085,1074200
2009-02-04,16.128189,16.494393,15.967976,16.017567,1886400
2009-02-05,15.906950,16.410479,15.765809,16.128197,1366800
2009-02-06,16.158713,16.894934,16.128196,16.818642,681800
2009-02-09,16.730906,16.860603,16.528731,16.723276,828400
2009-02-10,16.585949,16.837713,15.838285,15.956538,910200
2009-02-11,16.013759,16.112940,15.727663,15.994686,772400
2009-02-12,15.754358,16.090045,15.426301,16.086229,986200
2009-02-13,16.090056,16.254085,15.792516,15.800144,1755000
2009-02-17,15.288977,15.781061,15.102060,15.132576,808800
2009-02-18,15.281349,15.281349,14.861740,14.979994,784800
2009-02-19,15.086809,15.212692,14.705347,14.735865,989400
2009-02-20,14.426872,14.800704,14.224698,14.682452,1479600
2009-02-23,14.777822,14.777822,14.014899,14.018713,1177600
2009-02-24,14.182737,14.724411,14.064483,14.606159,603400
2009-02-25,14.506975,14.636672,13.999632,14.285728,468600
2009-02-26,14.487909,14.548942,13.969121,14.026340,432400
2009-02-27,13.824166,14.205627,13.774575,13.881384,517800
2009-03-02,13.690648,14.148402,13.137529,13.164231,1469000
2009-03-03,13.313013,13.385490,12.836186,12.946809,843800
2009-03-04,13.114649,13.404559,12.893401,13.202385,494000
2009-03-05,12.942993,13.038359,12.397503,12.477610,1028600
2009-03-06,12.626377,12.725558,12.115219,12.428019,1464400
2009-03-09,12.256357,12.588229,12.126661,12.214396,832400
2009-03-10,12.527198,13.114649,12.229658,13.049800,418200
2009-03-11,13.244346,13.431261,12.935362,13.049800,481000
2009-03-12,13.007835,13.919530,12.817105,13.820349,380000
2009-03-13,13.984381,14.087376,13.763134,13.995825,453400
2009-03-16,14.175114,14.304811,13.709730,13.709730,538000
2009-03-17,13.732614,14.384912,13.644878,14.384912,361000
2009-03-18,14.327698,15.063919,14.159854,14.926593,219200
2009-03-19,15.140211,15.201245,14.663384,14.678643,435600
2009-03-20,14.835039,14.877000,14.213256,14.224701,394000
2009-03-23,14.701526,15.479708,14.579458,15.479708,466800
2009-03-24,15.273721,15.407232,14.808337,14.808337,455000
2009-03-25,14.974940,15.466300,14.468226,15.186072,423600
2009-03-26,15.362651,15.834816,15.243649,15.834816,514600
2009-03-27,15.558421,15.662067,15.247484,15.293549,297000
2009-03-30,14.859775,14.875130,14.506611,14.756128,609200
2009-03-31,14.932722,15.397209,14.786849,14.936560,344800
2009-04-01,14.779157,15.331935,14.640962,15.293549,490800
2009-04-02,15.727328,16.264751,15.354969,16.022911,293400
2009-04-03,16.057461,16.376076,15.865524,16.368399,1123200
2009-04-06,16.184147,16.207180,15.823305,16.095856,582200
2009-04-07,15.815622,15.988366,15.450941,15.493168,413600
2009-04-08,15.558426,15.827139,15.447104,15.807945,564800
2009-04-09,16.257080,16.890473,16.095853,16.886635,347400
2009-04-13,16.782986,18.456678,16.544983,16.936535,676600
2009-04-14,16.652475,16.825219,16.306987,16.314665,997800
2009-04-15,16.176464,16.713889,16.164948,16.660147,743800
2009-04-16,16.813705,17.358807,16.533477,17.166870,850400
2009-04-17,17.189893,17.592962,16.994117,17.412540,682800
2009-04-20,17.070892,17.078570,16.306982,16.353046,467000
2009-04-21,16.260913,17.078566,16.149589,17.028662,1038000
2009-04-22,16.721573,17.516193,16.656314,17.059381,728800
2009-04-23,17.105434,17.132305,16.656301,17.017143,693000
2009-04-24,17.186055,17.723478,17.024827,17.412540,990800
2009-04-27,17.097765,17.381832,16.905828,17.067055,313400
2009-04-28,16.871287,17.531550,16.871287,17.166870,886200
2009-04-29,17.424059,18.111195,17.320413,17.903902,621400
2009-04-30,18.268580,18.372226,17.754188,17.758026,739800
2009-05-01,17.754189,17.949965,17.623672,17.765705,641000
2009-05-04,17.988357,18.579524,17.900066,18.560329,604200
2009-05-05,18.487390,18.495068,18.107354,18.330002,865600
2009-05-06,18.583363,18.660138,18.057455,18.399103,1010000
2009-05-07,18.694683,18.771458,17.827126,17.957644,559400
2009-05-08,18.249392,18.763784,18.172617,18.740751,501600
2009-05-11,18.391420,18.449002,18.164934,18.257065,614200
2009-05-12,18.414455,18.548810,17.619835,17.961483,557000
2009-05-13,17.592958,17.669731,17.024822,17.047855,533800
2009-05-14,17.063219,17.615998,16.932702,17.285866,619800
2009-05-15,17.255159,17.481645,17.040189,17.193739,736800
2009-05-18,17.412541,17.923093,17.393348,17.861673,510200
2009-05-19,17.842475,18.030574,17.596796,17.781055,451200
2009-05-20,17.980675,18.303129,17.550736,17.592962,440000
2009-05-21,17.377995,17.516190,17.059378,17.377995,499000
2009-05-22,17.466282,17.516186,17.163021,17.163021,654200
2009-05-26,17.005630,18.134221,16.986436,18.099672,660600
2009-05-27,17.984512,18.111191,17.604477,17.623671,407800
2009-05-28,17.830965,17.861674,17.235960,17.604479,452200
2009-05-29,17.704289,17.903904,17.581450,17.877033,484400
2009-06-01,18.372231,18.809848,18.253229,18.683168,564000
2009-06-02,18.648617,19.001780,18.548809,18.898134,531600
2009-06-03,18.675486,18.794486,18.491225,18.733067,353200
2009-06-04,18.817511,19.059352,18.587185,19.001770,701200
2009-06-05,19.205231,19.285846,18.832874,18.994101,507000
2009-06-08,18.859744,19.074713,18.644774,18.867422,389000
2009-06-09,18.982588,19.063201,18.840555,18.913490,617000
2009-06-10,19.097748,19.109264,18.410613,18.771456,348200
2009-06-11,18.817523,19.013299,18.687006,18.687006,678000
2009-06-12,18.568006,18.794492,18.445166,18.782976,268000
2009-06-15,18.491226,18.518099,18.015223,18.260902,353600
2009-06-16,18.356872,18.414454,17.838642,17.838642,367800
2009-06-17,17.903906,18.260909,17.719646,18.019068,302200
2009-06-18,18.015215,18.249379,17.811763,18.126539,318600
2009-06-19,18.387582,18.433647,18.145741,18.257065,232000
2009-06-22,18.103514,18.103514,17.558413,17.577606,434000
2009-06-23,17.732180,17.743744,17.369827,17.369827,400200
2009-06-24,17.570285,17.778445,17.450785,17.539446,246800
2009-06-25,17.412228,17.978887,17.369826,17.975033,414000
2009-06-26,17.882527,18.279573,17.847833,18.190912,414600
2009-06-29,18.256444,18.337395,17.897946,18.206331,303800
2009-06-30,18.260293,18.364373,18.079117,18.148504,358600
2009-07-01,18.283421,18.657339,18.260291,18.560968,5156200
2009-07-02,18.233314,18.279571,17.820848,17.894089,308000
2009-07-06,17.689782,17.843976,17.446928,17.751459,304000
2009-07-07,17.716764,17.793861,17.404524,17.427652,256400
2009-07-08,17.520176,17.566433,17.022903,17.346708,683200
2009-07-09,17.485472,17.485472,17.238764,17.238764,571600
2009-07-10,17.161676,17.408384,17.065305,17.350561,527000
2009-07-13,17.365981,17.843980,17.134692,17.801577,529400
2009-07-14,17.824696,17.986598,17.678212,17.971178,395600
2009-07-15,18.241015,18.703594,18.187048,18.645771,259800
2009-07-16,18.541702,18.977297,18.526283,18.853943,405400
2009-07-17,18.927177,18.927177,18.684325,18.792259,380200
2009-07-20,18.892485,19.031258,18.772986,18.977291,629200
2009-07-21,19.162319,19.185448,18.672756,18.931030,605800
2009-07-22,18.796118,19.162327,18.796118,19.027409,534200
2009-07-23,18.981150,19.779098,18.981150,19.632614,520800
2009-07-24,19.497699,19.771391,19.436021,19.763681,571800
2009-07-27,19.725129,19.860048,19.590210,19.860048,543600
2009-07-28,19.698152,19.979555,19.644185,19.894749,343000
2009-07-29,19.767529,19.925577,19.694288,19.806078,339800
2009-07-30,20.083624,20.403575,19.991109,20.199270,467600
2009-07-31,20.114460,20.426701,20.114460,20.145298,625200
2009-08-03,20.372740,20.546207,20.172291,20.546207,347600
2009-08-04,20.384299,20.858442,20.365025,20.750507,830800
2009-08-05,20.742799,20.773637,20.368881,20.569332,710600
2009-08-06,20.738949,20.785206,20.276370,20.345757,515600
2009-08-07,20.627166,21.216955,20.565489,20.947117,508600
2009-08-10,20.866153,21.066604,20.762073,20.931684,601400
2009-08-11,20.858454,20.893147,20.426714,20.580906,410600
2009-08-12,20.542351,21.251638,20.542351,20.889284,875800
2009-08-13,21.062747,21.085877,20.696539,20.974087,568200
2009-08-14,20.931685,20.985652,20.341898,20.569332,424000
2009-08-17,20.164581,20.206983,19.941001,19.964130,528400
2009-08-18,20.122173,20.334188,19.994963,20.253237,350200
2009-08-19,19.975689,20.415139,19.952560,20.399719,324200
2009-08-20,20.380451,20.723530,20.260952,20.711966,445000
2009-08-21,20.908556,21.324876,20.839169,21.205376,709400
2009-08-24,21.328737,21.452091,21.116720,21.182253,591400
2009-08-25,21.278628,21.498353,21.213095,21.282482,461000
2009-08-26,21.267052,21.448229,21.170681,21.324875,329000
2009-08-27,21.286333,21.409687,20.896995,21.336445,306800
2009-08-28,21.533047,21.613998,21.074322,21.240080,528800
2009-08-31,21.024205,21.070463,20.758222,20.846884,434600
2009-09-01,20.681132,21.136001,20.276374,20.349617,341200
2009-09-02,20.280228,20.368888,20.141454,20.164583,410400
2009-09-03,20.303344,20.449828,19.987249,20.442118,465800
2009-09-04,20.415134,20.708101,20.230102,20.669552,234800
2009-09-08,20.846892,20.947117,20.634876,20.947117,471200
2009-09-09,20.908564,21.355723,20.816048,21.197676,256800
2009-09-10,21.228506,21.525327,21.008781,21.494488,184800
2009-09-11,21.502200,21.660247,21.355717,21.436668,260000
2009-09-14,21.294043,21.652541,21.255494,21.625557,309000
2009-09-15,21.644829,21.895392,21.533039,21.876118,301400
2009-09-16,21.953218,22.381104,21.899251,22.381104,376200
2009-09-17,22.342556,22.596974,22.242331,22.304008,482400
2009-09-18,22.500601,22.500601,22.134392,22.346409,207600
2009-09-21,22.145961,22.319428,22.068864,22.207638,304000
2009-09-22,22.381099,22.423501,22.184502,22.338696,308600
2009-09-23,22.411439,22.546868,22.101889,22.101889,231800
2009-09-24,22.194755,22.229579,21.567916,21.726561,363600
2009-09-25,21.606614,21.803952,21.529226,21.633699,321800
2009-09-28,21.745908,22.276013,21.722692,22.221842,373600
2009-09-29,22.237324,22.334059,22.028378,22.113504,352200
2009-09-30,22.113501,22.128977,21.509877,21.722692,420800
2009-10-01,21.684000,21.684000,21.026205,21.026205,2991600
2009-10-02,20.844349,21.107467,20.747615,20.875305,385000
2009-10-05,20.987514,21.312542,20.890779,21.246761,425400
2009-10-06,21.386057,21.714953,21.347362,21.571787,362600
2009-10-07,21.506011,21.672393,21.475055,21.610483,331800
2009-10-08,21.834903,22.028372,21.680127,21.827164,215200
2009-10-09,21.877465,22.159930,21.827163,22.136713,221400
2009-10-12,22.279875,22.345654,22.047711,22.156054,138400
2009-10-13,22.101885,22.152188,21.850377,22.082539,455800
2009-10-14,22.376620,22.539134,22.217974,22.484962,279400
2009-10-15,22.310837,22.512045,22.279883,22.508175,574200
2009-10-16,22.314712,22.345668,21.997423,22.202501,346200
2009-10-19,22.229582,22.554610,22.090284,22.415312,256800
2009-10-20,22.423050,22.454004,21.947117,22.051590,263000
2009-10-21,22.043852,22.484960,21.745909,21.757517,378000
2009-10-22,21.742043,22.202500,21.475056,22.113504,246800
2009-10-23,22.152196,22.217975,21.591136,21.622091,481600
2009-10-26,21.637576,21.970343,21.293202,21.424761,506400
2009-10-27,21.467319,21.645310,21.204201,21.204201,326800
2009-10-28,21.157766,21.281586,20.534796,20.619923,386800
2009-10-29,20.817256,21.119068,20.689567,20.995247,711800
2009-10-30,20.867562,20.886909,20.263939,20.403236,543600
2009-11-02,20.499974,20.674096,19.981477,20.325851,525200
2009-11-03,20.205901,20.596708,20.128513,20.585100,305600
2009-11-04,20.786299,20.817254,19.977599,20.356798,420200
2009-11-05,20.573489,20.991383,20.484493,20.925604,268400
2009-11-06,20.747608,21.142285,20.666351,20.937208,178000
2009-11-09,21.080383,21.374456,21.076514,21.355108,561200
2009-11-10,21.312534,21.455700,21.018460,21.215799,530600
2009-11-11,21.378315,21.606609,21.211932,21.389923,297800
2009-11-12,21.393797,21.544703,20.925603,20.968164,282400
2009-11-13,21.061038,21.266115,20.774704,21.150034,363400
2009-11-16,21.358976,21.920037,21.308674,21.745914,562000
2009-11-17,21.664654,21.815559,21.533095,21.695608,280800
2009-11-18,21.738176,21.761393,21.494405,21.738176,223200
2009-11-19,21.544705,21.575660,21.022340,21.196461,214000
2009-11-20,21.006861,21.223545,21.006861,21.173244,394000
2009-11-23,21.475055,21.854254,21.475055,21.610483,220600
2009-11-24,21.602746,21.602746,21.235154,21.459578,260200
2009-11-25,21.571791,21.633701,21.401539,21.413147,202800
2009-11-27,20.608317,21.196463,20.604448,20.875305,196800
2009-11-30,20.824995,21.064896,20.457404,20.995247,502000
2009-12-01,21.188725,21.436366,21.165509,21.355108,279800
2009-12-02,21.328019,21.803952,21.328019,21.595007,225800
2009-12-03,21.687865,21.873595,21.281580,21.293188,203600
2009-12-04,21.699480,22.036115,21.478924,21.869732,328600
2009-12-07,21.896816,22.009029,21.745911,21.896816,265400
2009-12-08,21.718833,21.927778,21.513755,21.761396,296400
2009-12-09,21.753651,21.784605,21.529226,21.703348,185200
2009-12-10,21.815563,21.885212,21.478926,21.560184,251600
2009-12-11,21.738172,21.846515,21.560181,21.838776,301800
2009-12-14,21.997420,22.202498,21.800083,22.190889,165600
2009-12-15,22.094148,22.334051,22.051587,22.098019,209800
2009-12-16,22.241195,22.322452,22.086421,22.229588,298800
2009-12-17,22.047719,22.148324,21.827165,22.005156,258000
2009-12-18,22.144454,22.221842,21.877467,22.221842,344800
2009-12-21,22.345661,22.531391,22.345661,22.496567,235800
2009-12-22,22.500441,22.713257,22.488832,22.709387,404400
2009-12-23,22.829338,22.999590,22.678433,22.980244,245200
2009-12-24,23.064990,23.064990,22.960026,23.061102,176000
2009-12-28,23.158292,23.162181,22.913374,23.002789,210800
2009-12-29,23.076649,23.123299,23.022223,23.026110,169800
2009-12-30,22.944470,23.134960,22.835618,23.049435,248400
2009-12-31,23.080544,23.189397,22.695675,22.695675,171400
2010-01-04,23.026114,23.255482,23.026114,23.236044,1070200
2010-01-05,23.208828,23.208828,22.925035,23.045549,513600
2010-01-06,23.045554,23.166069,22.975577,23.064993,284200
2010-01-07,23.045555,23.306023,22.874502,23.278811,1227000
2010-01-08,23.239935,23.391550,23.154409,23.391550,191400
2010-01-11,23.492621,23.527609,23.204940,23.344893,322000
2010-01-12,23.138850,23.274915,22.995011,23.134962,184000
2010-01-13,23.197173,23.410991,23.037782,23.352676,183000
2010-01-14,23.290468,23.562599,23.251593,23.496510,216000
2010-01-15,23.519842,23.539280,22.983356,23.201061,222800
2010-01-19,23.247705,23.597587,23.247705,23.578150,227400
2010-01-20,23.434302,23.434302,22.971681,23.239923,381800
2010-01-21,23.263257,23.426534,22.862837,23.002789,235000
2010-01-22,22.979466,23.092206,22.520732,22.594595,401800
2010-01-25,22.695676,22.746213,22.474084,22.652912,239000
2010-01-26,22.567382,22.785087,22.450755,22.474081,312400
2010-01-27,22.380781,22.757877,22.279705,22.719000,180400
2010-01-28,22.765650,22.773426,22.096987,22.299141,203000
2010-01-29,22.404099,22.645128,22.069767,22.120306,257600
2010-02-01,22.217502,22.341905,22.085325,22.299141,338600
2010-02-02,22.330240,22.509069,22.201950,22.474081,184400
2010-02-03,22.372997,22.485738,22.089205,22.271921,203400
2010-02-04,22.155298,22.155298,21.618813,21.634363,238600
2010-02-05,21.653808,21.739334,21.280601,21.731560,464600
2010-02-08,21.673242,21.754881,21.432213,21.432213,430000
2010-02-09,21.727666,21.859844,21.467199,21.739328,457800
2010-02-10,21.661576,21.828742,21.439984,21.766541,219800
2010-02-11,21.715998,22.135855,21.537170,22.120306,188000
2010-02-12,21.914272,22.279705,21.863734,22.279705,180600
2010-02-16,22.505184,22.637362,22.279706,22.575161,217600
2010-02-17,22.750094,22.773420,22.559603,22.742319,492800
2010-02-18,22.769539,23.010568,22.750101,23.006681,296000
2010-02-19,22.882271,23.197163,22.882271,23.134962,245400
2010-02-22,23.247715,23.302140,23.142750,23.224390,479000
2010-02-23,23.193279,23.259369,22.913373,23.022226,327600
2010-02-24,23.111638,23.379880,23.064987,23.286579,160400
2010-02-25,22.928928,23.267147,22.878389,23.259373,495800
2010-02-26,23.294361,23.348788,23.049445,23.173847,390800
2010-03-01,23.329343,23.667564,23.329343,23.644238,1907000
2010-03-02,23.698671,23.920262,23.652020,23.776423,3441400
2010-03-03,23.861947,24.052438,23.803633,23.908598,4105400
2010-03-04,23.947472,24.013562,23.842509,23.986349,805400
2010-03-05,24.161288,24.503393,24.032997,24.503393,497200
2010-03-08,24.499498,24.592799,24.452848,24.550037,369400
2010-03-09,24.452860,24.787190,24.425647,24.639463,301800
2010-03-10,24.678328,24.985446,24.658891,24.884371,520000
2010-03-11,24.775527,24.911593,24.608361,24.880491,380600
2010-03-12,25.028218,25.028218,24.721101,24.880491,849800
2010-03-15,24.868831,24.919368,24.643351,24.849392,798000
2010-03-16,24.985457,25.070984,24.798855,25.070984,235000
2010-03-17,25.133183,25.366437,25.133183,25.257586,289800
2010-03-18,25.249813,25.401428,25.148738,25.210938,266000
2010-03-19,24.950466,25.319785,24.853277,24.950466,316600
2010-03-22,24.794963,25.366438,24.763863,25.327562,765600
2010-03-23,25.381994,25.584147,25.172064,25.564711,504800
2010-03-24,25.475292,25.510282,25.222599,25.222599,746400
2010-03-25,25.416964,25.615626,25.066384,25.074177,2219800
2010-03-26,25.191042,25.331274,24.984590,25.046917,412000
2010-03-29,25.202729,25.280637,25.011859,25.136509,5434400
2010-03-30,25.191045,25.354648,25.058605,25.222208,1661600
2010-03-31,25.140403,25.385808,24.949534,24.980694,1249200
2010-04-01,25.159880,25.272845,24.949535,25.229996,1866400
2010-04-05,25.268948,25.693537,25.202725,25.693537,740600
2010-04-06,25.611741,25.946739,25.553311,25.896101,1702400
2010-04-07,25.888308,26.009062,25.709124,25.872726,319400
2010-04-08,25.798720,25.935056,25.584476,25.833776,375400
2010-04-09,25.864935,25.985689,25.697436,25.962318,244000
2010-04-12,26.005172,26.110344,25.903893,26.067495,239400
2010-04-13,25.989587,26.137609,25.822089,26.125923,546000
2010-04-14,26.277836,26.659579,26.234988,26.651787,462000
2010-04-15,26.632315,26.737487,26.554407,26.682953,770600
2010-04-16,26.608938,26.714113,26.196035,26.347952,2319000
2010-04-19,26.184351,26.460918,25.907783,26.328476,660200
2010-04-20,26.492084,26.686850,26.355748,26.686850,399200
2010-04-21,26.690738,26.963412,26.643996,26.912771,616000
2010-04-22,26.686856,27.329585,26.550520,27.294525,865000
2010-04-23,27.345159,27.598355,27.165974,27.586670,977200
2010-04-26,27.594459,27.769750,27.426963,27.438648,705600
2010-04-27,27.294519,27.594458,26.745280,26.807604,1616400
2010-04-28,26.955619,27.002364,26.729693,26.827076,812800
2010-04-29,27.056911,27.578886,26.908890,27.578886,636200
2010-04-30,27.590571,27.590571,26.616740,26.636215,976400
2010-05-03,26.795925,27.228306,26.753076,27.208828,781400
2010-05-04,26.807597,26.815386,26.199928,26.355742,1117000
2010-05-05,26.133700,26.363526,25.841551,25.981783,1302400
2010-05-06,25.759762,26.098656,9.886326,25.015757,1857600
2010-05-07,24.782029,25.144296,24.100348,24.291220,1081200
2010-05-10,25.537724,25.709119,25.214415,25.635107,3336800
2010-05-11,25.292323,26.199934,25.241685,25.814295,1355400
2010-05-12,25.942836,26.667366,25.911673,26.624517,1258800
2010-05-13,26.566088,26.772542,26.262253,26.421963,2682200
2010-05-14,26.305107,26.305107,25.600054,25.950634,725000
2010-05-17,26.083072,26.347954,25.288426,26.094757,915200
2010-05-18,26.453135,26.531040,25.459826,25.584476,1503400
2010-05-19,25.381914,25.740283,24.902788,25.249472,1188200
2010-05-20,24.521051,24.859943,23.854951,23.870531,1609400
2010-05-21,23.422572,24.353554,23.227806,24.170473,1483600
2010-05-24,24.069182,24.252261,23.780928,23.780928,1018800
2010-05-25,23.181057,23.730297,22.807106,23.726402,921200
2010-05-26,23.761458,24.314593,23.609541,23.695238,857800
2010-05-27,24.318494,24.704130,24.084775,24.696341,2543200
2010-05-28,24.606750,24.696343,24.209428,24.361345,1118800
2010-06-01,24.084777,24.423670,23.652396,23.667976,4467200
2010-06-02,23.734191,24.228897,23.535528,24.225000,564400
2010-06-03,24.267854,24.587271,24.182158,24.536633,617000
2010-06-04,23.967917,24.069197,23.184958,23.262865,919000
2010-06-07,23.340765,23.442044,22.690247,22.690247,919000
2010-06-08,22.795420,22.916175,22.277341,22.639606,2817600
2010-06-09,22.838263,23.165470,22.538323,22.666868,453400
2010-06-10,23.040831,23.399200,22.959028,23.387514,411200
2010-06-11,23.138207,23.703028,23.122626,23.703028,366200
2010-06-14,23.979604,24.256172,23.773151,23.816000,524200
2010-06-15,24.073095,24.462627,23.925072,24.388617,372400
2010-06-16,24.240589,24.532738,24.150997,24.279543,299400
2010-06-17,24.439251,24.505471,24.002974,24.279543,443000
2010-06-18,24.388614,24.493788,24.166580,24.287334,299800
2010-06-21,24.653487,24.766451,23.917271,24.084770,312000
2010-06-22,24.139311,24.435355,23.551117,23.551117,241600
2010-06-23,23.552279,23.751478,23.228094,23.481974,219200
2010-06-24,23.286692,23.524949,23.107023,23.142176,498000
2010-06-25,23.200763,23.653842,23.013281,23.583536,185200
2010-06-28,23.517139,23.853043,23.345282,23.439022,2425200
2010-06-29,23.157800,23.157800,22.466464,22.626604,775000
2010-06-30,22.556291,22.888288,22.298505,22.345375,857400
2010-07-01,22.388341,22.458647,21.657947,22.193048,1509800
2010-07-02,22.286796,22.321949,21.790753,21.943081,543600
2010-07-06,22.286789,22.466458,21.474371,21.607170,852800
2010-07-07,21.654044,22.384440,21.654044,22.337568,1410000
2010-07-08,22.630499,22.747676,22.376619,22.732052,581600
2010-07-09,22.743774,23.079678,22.708621,23.056242,413000
2010-07-12,22.985934,23.161698,22.595349,22.814077,379800
2010-07-13,23.095301,23.696801,23.071865,23.614779,968600
2010-07-14,23.548372,23.614771,23.286680,23.458538,228000
2010-07-15,23.544469,23.544469,22.954686,23.259342,312200
2010-07-16,23.122639,23.122639,22.329750,22.376621,232200
2010-07-19,22.478173,22.536762,22.068059,22.474268,562200
2010-07-20,22.169608,22.903908,22.107114,22.892191,251000
2010-07-21,23.075773,23.075773,22.376625,22.431307,374400
2010-07-22,22.794545,23.337458,22.755486,23.267153,223400
2010-07-23,23.146074,23.806164,23.067958,23.771011,109000
2010-07-26,23.864751,24.290489,23.708518,24.259243,796800
2010-07-27,24.454536,24.645922,24.181126,24.235807,638000
2010-07-28,24.188940,24.329550,23.708520,23.813978,373400
2010-07-29,24.017085,24.188942,23.423396,23.853039,287400
2010-07-30,23.556187,24.060040,23.442917,23.845219,218000
2010-08-02,24.243620,24.392042,24.044422,24.255337,199400
2010-08-03,24.126452,24.403768,23.853042,24.044430,806800
2010-08-04,24.200655,24.388135,24.149880,24.325642,444000
2010-08-05,24.181124,24.243617,23.978019,24.024889,331000
2010-08-06,23.677272,23.919436,23.333559,23.813978,368200
2010-08-09,23.962392,24.192837,23.856935,24.114721,513000
2010-08-10,23.892096,23.974120,23.481982,23.681181,365400
2010-08-11,23.177322,23.192946,22.692996,22.743773,378200
2010-08-12,22.294605,22.739872,22.263357,22.642225,525800
2010-08-13,22.575819,22.575819,22.321939,22.333656,256800
2010-08-16,22.220394,22.614886,22.079783,22.466463,206000
2010-08-17,22.739868,23.071865,22.618786,22.872667,142800
2010-08-18,22.888289,23.192946,22.634409,22.966406,468800
2010-08-19,22.864854,22.907818,22.224294,22.314129,156400
2010-08-20,22.232104,22.310222,21.923543,22.282881,121200
2010-08-23,22.509429,22.571922,21.958704,21.970421,419200
2010-08-24,21.579831,21.989945,21.404067,21.798559,356600
2010-08-25,21.607176,22.146184,21.482189,22.095407,277200
2010-08-26,22.157897,22.357096,21.864958,21.939169,270200
2010-08-27,22.153992,22.536766,21.755595,22.493801,469800
2010-08-30,22.407872,22.489896,21.978229,21.993853,306600
2010-08-31,21.915732,22.216482,21.755592,21.958696,524800
2010-09-01,22.396151,22.853134,22.251634,22.841417,373000
2010-09-02,22.876571,23.126545,22.775019,23.060146,178400
2010-09-03,23.360901,23.552287,23.220290,23.470264,203000
2010-09-07,23.435109,23.435109,22.954689,22.997654,279000
2010-09-08,23.083577,23.341363,23.040614,23.134354,153200
2010-09-09,23.485884,23.497601,23.013275,23.169510,179000
2010-09-10,23.255438,23.415578,23.126544,23.243719,124000
2010-09-13,23.513225,23.876469,23.462448,23.794445,269000
2010-09-14,23.763193,23.899897,23.626489,23.653830,211600
2010-09-15,23.595246,23.849127,23.431201,23.778822,223400
2010-09-16,23.704610,23.771011,23.353085,23.552282,227000
2010-09-17,23.692898,23.763204,23.298408,23.634310,115000
2010-09-20,23.731959,24.345179,23.552290,24.310026,223000
2010-09-21,24.325642,24.450629,24.106915,24.126444,432000
2010-09-22,24.040519,24.228000,23.649934,23.821793,222600
2010-09-23,23.618687,23.950684,23.427300,23.470264,135000
2010-09-24,23.785314,24.259453,23.746128,24.239861,211800
2010-09-27,24.263362,24.294711,24.024335,24.149727,169000
2010-09-28,24.216346,24.404434,23.773555,24.353495,219600
2010-09-29,24.290791,24.565085,24.251606,24.439693,156200
2010-09-30,24.651306,24.749268,24.185004,24.361336,452200
2010-10-01,24.584689,24.608199,24.263370,24.474970,2609400
2010-10-04,24.463207,24.580761,23.989068,24.173237,1078400
2010-10-05,24.408359,24.925602,24.247701,24.870743,1031600
2010-10-06,24.898168,24.945190,24.678731,24.827635,1069800
2010-10-07,24.964778,24.980452,24.608194,24.784527,151200
2010-10-08,24.788443,25.223399,24.694400,25.101923,159200
2010-10-11,25.117603,25.305693,25.050989,25.090174,245600
2010-10-12,24.972619,25.231240,24.772776,25.156788,190600
2010-10-13,25.301767,25.736721,25.199886,25.540796,237000
2010-10-14,25.564314,25.666196,25.290020,25.544724,273200
2010-10-15,25.795509,25.795509,25.313531,25.458517,350600
2010-10-18,25.485941,25.724969,25.442837,25.681866,198600
2010-10-19,25.384057,25.705374,25.078414,25.235155,343000
2010-10-20,25.329202,25.611334,25.274343,25.454594,405400
2010-10-21,25.607409,25.791579,25.058819,25.372299,391000
2010-10-22,25.415405,25.509449,25.329198,25.431080,244000
2010-10-25,25.677953,25.862123,25.513377,25.568235,248800
2010-10-26,25.450671,25.689700,25.301769,25.521204,450800
2010-10-27,25.321363,25.482020,25.078415,25.380138,200000
2010-10-28,25.556473,25.654435,25.172458,25.266504,215800
2010-10-29,25.188131,25.431079,25.188131,25.344872,235600
2010-11-01,25.462434,25.599581,24.917761,25.121523,582400
2010-11-02,25.411488,25.701456,25.301770,25.681866,197400
2010-11-03,25.740656,25.811189,25.411500,25.768085,183400
2010-11-04,26.175604,26.489083,26.175604,26.481247,285800
2010-11-05,26.489083,26.720276,26.442063,26.587046,184000
2010-11-08,26.528256,26.606628,26.336250,26.536095,140400
2010-11-09,26.583115,26.614464,26.034528,26.156000,202600
2010-11-10,26.214781,26.469484,25.995343,26.453810,146400
2010-11-11,26.222621,26.430301,26.124659,26.340178,106200
2010-11-12,26.136412,26.261804,25.909142,25.920897,194200
2010-11-15,26.101146,26.222618,25.936569,25.936569,211000
2010-11-16,25.736727,25.826854,25.250833,25.435003,258400
2010-11-17,25.466347,25.497696,25.325280,25.442837,248600
2010-11-18,25.685783,25.983587,25.685783,25.866034,248000
2010-11-19,25.807257,25.963998,25.638762,25.905220,172400
2010-11-22,25.799421,26.018859,25.572150,25.940487,181400
2010-11-23,25.650515,25.764152,25.521204,25.732803,259800
2010-11-24,25.956150,26.332326,25.956150,26.328409,129600
2010-11-26,26.156002,26.297068,26.120737,26.167757,56600
2010-11-29,26.050204,26.257884,25.728887,26.191267,165400
2010-11-30,25.901299,26.116818,25.783746,25.971832,180800
2010-12-01,26.430296,26.614466,26.410705,26.563526,202600
2010-12-02,26.598786,26.896593,26.536092,26.861328,205000
2010-12-03,26.728101,27.116031,26.677161,27.037663,95600
2010-12-06,27.037679,27.249278,26.959310,27.178745,109400
2010-12-07,27.507891,27.582344,27.308050,27.339396,176400
2010-12-08,27.417754,27.515717,27.323711,27.343302,135600
2010-12-09,27.531400,27.531400,27.315881,27.429518,220200
2010-12-10,27.496119,27.813519,27.425585,27.758657,103600
2010-12-13,27.884063,27.884063,27.617605,27.617605,93600
2010-12-14,27.719479,27.852709,27.637191,27.672459,120000
2010-12-15,27.621523,27.946759,27.550989,27.566664,192000
2010-12-16,27.648941,27.938912,27.554898,27.864460,77000
2010-12-17,27.895811,27.997690,27.719477,27.997690,147400
2010-12-20,28.060391,28.346440,28.060391,28.142679,646600
2010-12-21,28.287672,28.514943,28.271997,28.471842,245400
2010-12-22,28.554125,28.695192,28.530612,28.624659,268000
2010-12-23,28.630969,28.697891,28.501060,28.548298,157200
2010-12-27,28.501042,28.725429,28.359324,28.693935,408600
2010-12-28,28.752992,28.764802,28.524668,28.638830,187200
2010-12-29,28.670330,28.717567,28.615217,28.662455,123800
2010-12-30,28.642782,28.745132,28.627035,28.627035,111600
2010-12-31,28.583718,28.619146,28.288472,28.300282,208400
2011-01-03,28.552229,29.012812,28.552229,28.890778,660600
2011-01-04,29.008871,29.008871,28.087703,28.347521,288000
2011-01-05,28.276665,28.587658,28.237300,28.587658,216000
2011-01-06,28.634908,28.642783,28.312106,28.418396,183200
2011-01-07,28.485303,28.571909,27.827890,28.209742,239800
2011-01-10,28.111327,28.394761,27.859382,28.245171,193000
2011-01-11,28.363269,28.461684,28.190057,28.339647,185000
2011-01-12,28.575856,28.709702,28.485316,28.646715,260400
2011-01-13,28.646715,28.760877,28.552237,28.646715,250600
2011-01-14,28.623076,29.012799,28.607329,28.953753,312400
2011-01-18,28.930146,28.969511,28.725443,28.969511,276600
2011-01-19,28.949821,28.977377,28.268786,28.316027,312600
2011-01-20,28.190063,28.414449,28.008979,28.095585,175600
2011-01-21,28.319972,28.319972,27.953867,27.969614,102400
2011-01-24,27.945987,28.304220,27.945987,28.229424,170400
2011-01-25,28.115269,28.339655,28.012919,28.331783,154600
2011-01-26,28.394762,28.886838,28.292412,28.792360,298600
2011-01-27,28.760863,28.965569,28.662448,28.906519,86800
2011-01-28,28.827775,28.859266,28.111313,28.142803,130400
2011-01-31,28.229425,28.461686,28.036532,28.233362,156800
2011-02-01,28.438073,28.926215,28.406583,28.863228,274600
2011-02-02,28.827796,28.989195,28.701824,28.725443,99800
2011-02-03,28.674259,28.851408,28.355395,28.768740,535600
2011-02-04,28.772674,28.859280,28.615212,28.768740,195400
2011-02-07,28.780548,29.296242,28.780548,29.111221,134200
2011-02-08,29.111216,29.280490,29.016738,29.276556,116800
2011-02-09,29.201767,29.296245,28.997064,29.126970,112400
2011-02-10,28.973451,29.237203,28.973451,29.193903,72000
2011-02-11,29.075796,29.512760,29.075796,29.489141,198600
2011-02-14,29.497006,29.611168,29.477322,29.591484,151400
2011-02-15,29.493074,29.603298,29.323799,29.339546,151200
2011-02-16,29.410405,29.634791,29.355292,29.599363,97800
2011-02-17,29.532440,29.918229,29.532440,29.792257,118000
2011-02-18,29.808011,30.012714,29.800136,29.894617,138200
2011-02-22,29.638732,29.768640,29.126971,29.150593,144800
2011-02-23,29.178152,29.213580,28.516802,28.599470,212400
2011-02-24,28.595534,28.867161,28.406578,28.725443,225200
2011-02-25,28.851406,29.371038,28.835659,29.371038,148000
2011-02-28,29.497013,29.579681,29.245070,29.422216,136600
2011-03-01,29.512763,29.611178,28.831728,28.914396,191800
2011-03-02,28.839607,29.126978,28.741191,28.989197,365800
2011-03-03,29.237201,29.780455,29.237201,29.670231,151200
2011-03-04,29.662348,29.674157,29.174209,29.504883,139000
2011-03-07,29.583627,29.591499,28.804177,29.032501,454200
2011-03-08,29.060047,29.697779,28.886836,29.571808,285600
2011-03-09,29.548193,29.709595,29.434031,29.583624,265800
2011-03-10,29.252946,29.252946,28.725442,28.804173,305400
2011-03-11,28.560104,28.985255,28.516801,28.827793,334000
2011-03-14,28.540411,28.823847,28.386884,28.721495,278400
2011-03-15,28.001099,28.587655,27.902683,28.398697,194400
2011-03-16,28.288472,28.473493,27.945986,28.036530,540200
2011-03-17,28.453815,28.465625,28.166445,28.174316,493000
2011-03-18,28.473497,28.583722,28.434132,28.532547,107000
2011-03-21,28.898646,29.142714,28.890771,29.134842,196400
2011-03-22,29.150592,29.272626,28.969506,29.036430,88400
2011-03-23,28.926211,29.079738,28.611281,29.012814,152400
2011-03-24,29.150591,29.241131,28.898648,29.138779,309000
2011-03-25,29.318299,29.701004,29.199939,29.389317,167000
2011-03-28,29.424830,29.543190,29.270959,29.278849,569600
2011-03-29,29.278844,29.558967,29.148645,29.535295,159200
2011-03-30,29.665503,29.941680,29.610268,29.870663,228000
2011-03-31,29.839087,30.071867,29.839087,30.071867,87800
2011-04-01,30.269135,30.348042,30.083701,30.150772,802400
2011-04-04,30.190228,30.316481,30.178392,30.280973,158000
2011-04-05,30.202070,30.553211,30.166560,30.320431,265600
2011-04-06,30.462451,30.604486,30.395380,30.478233,137600
2011-04-07,30.482195,30.576884,30.221797,30.288868,88200
2011-04-08,30.348045,30.454572,29.799634,29.910105,119800
2011-04-11,29.902205,29.969276,29.539229,29.661535,114400
2011-04-12,29.472159,29.606305,29.259110,29.282782,134200
2011-04-13,29.405104,29.405104,28.978999,29.140762,185000
2011-04-14,28.927695,29.286728,28.896131,29.282782,93800
2011-04-15,29.330119,29.551063,29.168359,29.547117,173200
2011-04-18,29.128916,29.164424,28.900082,29.117081,247200
2011-04-19,29.172317,29.314351,28.947429,29.093407,326000
2011-04-20,29.523464,29.645771,29.424829,29.602371,174800
2011-04-21,29.760190,29.803589,29.594483,29.787807,114800
2011-04-25,29.732566,29.807530,29.578696,29.708895,339400
2011-04-26,29.795694,30.202074,29.748351,30.063982,196600
2011-04-27,30.103434,30.280976,30.063978,30.269140,161000
2011-04-28,30.221805,30.375675,30.158680,30.375675,148200
2011-04-29,30.383548,30.490073,30.288856,30.391438,110000
2011-05-02,30.537434,30.537434,30.060040,30.087658,256000
2011-05-03,30.032412,30.142883,29.641815,29.827250,170000
2011-05-04,29.846967,29.866692,29.361681,29.511608,134000
2011-05-05,29.294621,29.787797,29.223604,29.361692,211600
2011-05-06,29.701002,29.831201,29.334079,29.472168,156000
2011-05-09,29.416938,29.740461,29.357759,29.677336,112000
2011-05-10,29.835141,30.249407,29.835141,30.249407,142000
2011-05-11,30.190230,30.190230,29.610258,29.740454,134800
2011-05-12,29.602373,30.060041,29.468230,29.969296,166000
2011-05-13,29.985071,30.048199,29.480060,29.535295,94400
2011-05-16,29.361684,29.641808,29.160471,29.160471,218400
2011-05-17,28.967154,29.156535,28.907973,29.077625,204200
2011-05-18,29.093413,29.405101,29.046070,29.397211,96400
2011-05-19,29.555022,29.610258,29.219661,29.476112,144200
2011-05-20,29.369585,29.424820,29.057897,29.239386,106800
2011-05-23,28.781721,28.919813,28.663361,28.750160,252200
2011-05-24,28.789613,28.860630,28.544997,28.596289,250400
2011-05-25,28.485819,28.998723,28.485819,28.904034,282400
2011-05-26,28.793567,29.227561,28.738328,29.211779,126600
2011-05-27,29.357756,29.515569,29.263064,29.389317,148200
2011-05-31,29.712826,29.858807,29.515555,29.854860,182200
2011-06-01,29.902221,29.902221,28.919816,28.971106,261600
2011-06-02,29.006612,29.117086,28.777781,28.896141,165400
2011-06-03,28.466095,28.734383,28.422696,28.442421,257200
2011-06-06,28.395068,28.497649,28.083381,28.114944,244600
2011-06-07,28.264874,28.402963,28.142568,28.146511,234800
2011-06-08,28.059714,28.158349,27.858498,27.894005,920600
2011-06-09,27.953174,28.118880,27.850593,27.968956,218600
2011-06-10,27.803268,27.846668,27.448181,27.586269,277200
2011-06-13,27.609944,27.755922,27.412674,27.550762,464600
2011-06-14,27.787475,28.229361,27.767746,28.130726,154600
2011-06-15,27.882164,28.039980,27.590205,27.712511,142000
2011-06-16,27.704620,28.059707,27.562585,27.842709,339000
2011-06-17,28.083388,28.221476,27.815100,27.937407,145600
2011-06-20,27.850607,28.296440,27.842718,28.209641,121000
2011-06-21,28.422693,28.690981,28.355622,28.651527,165400
2011-06-22,28.509491,28.813286,28.458199,28.466091,189800
2011-06-23,28.116808,28.528196,27.847823,28.449081,222400
2011-06-24,28.496547,28.607304,28.164270,28.271074,115800
2011-06-27,28.243388,28.547972,28.168229,28.496550,265200
2011-06-28,28.575662,28.884203,28.524240,28.884203,168000
2011-06-29,28.998913,29.105717,28.773441,29.058249,428200
2011-06-30,29.188802,29.422184,29.085954,29.378672,313000
2011-07-01,29.406357,29.948284,29.358891,29.873125,491400
2011-07-05,29.936398,29.991776,29.730705,29.936398,493200
2011-07-06,29.877062,30.090668,29.801904,30.023422,358600
2011-07-07,30.284509,30.593050,30.225177,30.466469,389000
2011-07-08,30.062987,30.252860,29.964096,30.229124,195000
2011-07-11,29.797965,30.011571,29.596226,29.663471,148200
2011-07-12,29.509197,29.881029,29.509197,29.623911,350400
2011-07-13,29.742581,30.102544,29.695112,29.805870,269000
2011-07-14,29.892895,29.964097,29.323279,29.347015,155200
2011-07-15,29.441944,29.576434,29.319319,29.513145,145000
2011-07-18,29.370747,29.414259,28.931669,29.105719,204800
2011-07-19,29.307453,29.726755,29.307453,29.691153,222000
2011-07-20,29.726765,29.726765,29.513159,29.655563,202200
2011-07-21,29.805878,30.114418,29.734676,30.062996,209000
2011-07-22,30.015509,30.015509,29.718835,29.936398,179600
2011-07-25,29.568531,29.877072,29.497329,29.635777,167000
2011-07-26,29.584351,29.635773,29.323276,29.386568,163400
2011-07-27,29.228337,29.228337,28.571700,28.611256,423200
2011-07-28,28.579614,28.955400,28.508412,28.563791,688400
2011-07-29,28.176139,28.718062,28.061424,28.563791,476800
2011-08-01,28.896068,28.955400,28.184049,28.453033,333600
2011-08-02,28.259209,28.587526,27.559056,27.610481,487600
2011-08-03,27.570923,27.792442,26.934062,27.741016,714800
2011-08-04,27.325684,27.408752,26.336769,26.336769,610800
2011-08-05,26.633436,26.736281,25.363671,25.949106,565600
2011-08-08,25.031383,25.818558,23.733929,23.741840,1076400
2011-08-09,24.422227,25.260826,23.112904,25.252914,984000
2011-08-10,24.477607,24.857350,23.777455,23.840746,512000
2011-08-11,23.987101,25.415093,23.852608,25.019527,452800
2011-08-12,25.304334,25.474427,24.813831,25.094683,310400
2011-08-15,25.351800,25.806701,25.316201,25.782969,207600
2011-08-16,25.387406,25.703860,25.146111,25.419052,340000
2011-08-17,25.561456,25.771105,25.213358,25.419052,123800
2011-08-18,24.596270,24.663515,23.836783,24.030611,392000
2011-08-19,23.496600,24.354976,23.484732,23.623180,228800
2011-08-22,24.283774,24.283774,23.417486,23.623180,855600
2011-08-23,23.757670,24.699115,23.548019,24.695160,155400
2011-08-24,24.683302,25.248961,24.513209,25.082823,221600
2011-08-25,25.284552,25.513981,24.394529,24.497377,173000
2011-08-26,24.354977,25.070951,23.967323,24.952282,370000
2011-08-29,25.316207,26.210187,25.316207,26.182497,180800
2011-08-30,26.047997,26.467298,25.664298,26.285336,175400
2011-08-31,26.431696,26.665081,26.067776,26.285336,269600
2011-09-01,26.309073,26.633437,25.553541,25.699902,201200
2011-09-02,25.098640,25.280600,24.608138,24.714941,173800
2011-09-06,23.852608,24.659563,23.765585,24.635828,382600
2011-09-07,25.063036,25.648472,24.944367,25.624739,262000
2011-09-08,25.450691,25.727589,25.015571,25.110506,144600
2011-09-09,24.829659,24.932506,24.145331,24.390581,218000
2011-09-12,23.896116,24.608133,23.848648,24.608133,325200
2011-09-13,24.726807,25.047216,24.544847,24.956236,303400
2011-09-14,25.201489,25.731549,24.687254,25.403229,134400
2011-09-15,25.640558,25.798785,25.260815,25.779005,134200
2011-09-16,25.842305,26.004485,25.585187,25.771103,177400
2011-09-19,25.241041,25.513981,25.031391,25.264774,131400
2011-09-20,25.375536,25.632654,24.881079,24.881079,166400
2011-09-21,24.813835,24.987884,23.848656,23.848656,118600
2011-09-22,23.116859,23.623184,22.847874,23.239485,875600
2011-09-23,23.148498,23.674599,23.132675,23.468906,228800
2011-09-26,23.727879,24.029739,23.314805,24.029739,199600
2011-09-27,24.557997,25.125972,24.343517,24.506363,257000
2011-09-28,24.546081,24.665236,23.608722,23.656385,183800
2011-09-29,24.160811,24.295852,23.501481,24.184641,737400
2011-09-30,23.708009,24.121083,23.473670,23.509417,557800
2011-10-03,23.314795,23.759642,22.297999,22.321831,2426800
2011-10-04,22.075584,23.894693,22.059696,23.890722,545600
2011-10-05,23.906611,24.287911,23.569004,24.140951,554600
2011-10-06,24.077399,24.697009,23.966187,24.661263,218000
2011-10-07,24.712897,24.792332,23.882778,23.982075,567000
2011-10-10,24.470612,25.034615,24.434865,25.034615,220800
2011-10-11,24.792332,25.276899,24.720840,25.157743,237600
2011-10-12,25.384142,25.832962,25.316621,25.574791,191000
2011-10-13,25.396064,25.582744,25.098175,25.471529,281400
2011-10-14,25.769413,25.979924,25.479469,25.908430,89400
2011-10-17,25.682035,25.689977,24.986958,25.014761,189600
2011-10-18,25.257034,26.087152,24.812186,25.884586,379400
2011-10-19,25.848845,26.031550,25.344419,25.415913,106600
2011-10-20,25.471520,25.598620,24.871770,25.578762,124800
2011-10-21,25.916362,26.170561,25.753515,26.158646,98200
2011-10-24,26.246035,26.956998,26.202344,26.925222,242200
2011-10-25,26.746483,26.746483,26.067295,26.071268,332200
2011-10-26,26.551862,26.742512,25.888562,26.595552,232000
2011-10-27,27.489237,28.239918,27.342277,28.033382,337000
2011-10-28,27.957909,28.176363,27.755344,27.878473,295400
2011-10-31,27.409789,27.660015,27.115870,27.115870,191200
2011-11-01,26.202340,26.742513,26.019635,26.154676,617400
2011-11-02,26.571724,26.821950,26.301638,26.782232,307600
2011-11-03,27.175442,27.520995,26.448592,27.485247,239200
2011-11-04,27.203247,27.306516,26.897416,27.215162,352800
2011-11-07,27.191336,27.326381,26.674996,27.270775,859000
2011-11-08,27.497172,27.703707,26.889475,27.656044,268600
2011-11-09,26.881541,27.068218,26.321507,26.349310,298600
2011-11-10,26.746482,26.841809,26.309579,26.623356,172600
2011-11-11,26.941108,27.405814,26.929193,27.362123,77200
2011-11-14,27.211196,27.294605,26.714714,26.905361,154800
2011-11-15,26.726634,27.397879,26.611450,27.258862,116200
2011-11-16,26.929197,27.465397,26.762376,26.821955,405200
2011-11-17,26.754432,26.996716,26.313556,26.468458,501200
2011-11-18,26.547903,26.726638,26.341367,26.611454,122600
2011-11-21,26.067298,26.182482,25.753521,25.924311,345600
2011-11-22,25.868712,26.047448,25.578768,25.725725,698600
2011-11-23,25.419889,25.475495,24.867801,24.919436,176200
2011-11-25,24.689062,25.129939,24.597710,24.597710,425600
2011-11-28,25.523159,25.749555,25.407975,25.717779,287600
2011-11-29,25.737632,25.860758,25.507263,25.701883,152800
2011-11-30,26.698832,27.286665,26.635280,27.286665,323800
2011-12-01,27.179416,27.413754,27.004653,27.052317,237800
2011-12-02,27.385964,27.656050,27.127795,27.171486,284200
2011-12-05,27.679873,27.834775,27.389926,27.556744,386400
2011-12-06,27.588520,27.787113,27.381985,27.588520,118200
2011-12-07,27.421709,27.663992,26.968917,27.612356,148600
2011-12-08,27.338300,27.378018,26.619392,26.678970,235600
2011-12-09,26.690889,27.675912,26.675004,27.528952,176600
2011-12-12,27.131757,27.310493,26.810038,27.115870,208400
2011-12-13,27.389921,27.513048,26.512141,26.663071,322000
2011-12-14,26.476406,26.615420,26.261925,26.273840,108800
2011-12-15,26.706763,26.734566,26.408873,26.635269,215200
2011-12-16,26.841801,27.242956,26.651151,26.869604,177200
2011-12-19,27.092045,27.223117,26.293701,26.353279,464400
2011-12-20,26.937140,27.572637,26.909337,27.521004,148000
2011-12-21,27.441562,27.957905,27.306520,27.858608,1014600
2011-12-22,28.061325,28.308738,27.965553,28.121183,409600
2011-12-23,28.268836,28.268836,28.041376,28.208981,648000
2011-12-27,28.061324,28.468355,27.997477,28.312725,400600
2011-12-28,28.332672,28.340652,27.682219,27.702169,166200
2011-12-29,27.897702,28.181028,27.809910,28.105207,412000
2011-12-30,28.073297,28.216956,27.837858,27.837858,250000
2012-01-03,28.639946,28.731730,28.364603,28.472345,1619400
2012-01-04,28.360608,28.416475,28.093244,28.288778,938400
2012-01-05,28.049347,28.608020,27.774001,28.500275,588600
2012-01-06,28.404511,28.612017,28.193014,28.408503,251600
2012-01-09,28.548177,28.556157,28.232926,28.480339,287200
2012-01-10,28.867414,29.011073,28.815538,28.939243,221600
2012-01-11,28.815535,29.134778,28.763659,29.066936,161000
2012-01-12,29.182656,29.314344,28.823512,29.278431,4113600
2012-01-13,28.995096,29.106830,28.731721,28.995096,203600
2012-01-17,29.334297,29.382182,28.951208,29.015055,322400
2012-01-18,29.031019,29.585701,28.951210,29.585701,343600
2012-01-19,29.721385,29.817156,29.529839,29.745327,472000
2012-01-20,29.765271,29.940855,29.637575,29.865034,237200
2012-01-23,29.884987,30.072541,29.589689,29.789215,343000
2012-01-24,29.617629,30.040623,29.446037,29.992739,301800
2012-01-25,29.968788,30.307982,29.793207,30.244135,1017200
2012-01-26,30.447653,30.447653,29.980760,30.128410,385400
2012-01-27,30.012679,30.299997,29.980754,30.276054,498400
2012-01-30,30.048599,30.160333,29.817148,30.064558,418200
2012-01-31,30.268078,30.311974,29.853063,30.036627,230200
2012-02-01,30.323951,30.778870,30.228180,30.750937,1057400
2012-02-02,30.846704,31.062189,30.695062,30.946466,6778000
2012-02-03,31.429316,31.728605,31.385421,31.588938,1392000
2012-02-06,31.477196,31.592921,31.365462,31.509121,750000
2012-02-07,31.493178,31.620875,31.273702,31.453274,1372800
2012-02-08,31.545054,31.732606,31.249753,31.521109,687800
2012-02-09,31.612896,31.656792,31.165956,31.365482,446000
2012-02-10,31.062197,31.098113,30.838728,30.886616,663000
2012-02-13,31.225794,31.365462,31.058193,31.321566,433000
2012-02-14,31.197881,31.197881,30.866667,31.134031,544400
2012-02-15,31.317589,31.317589,30.754925,30.834734,280400
2012-02-16,30.870641,31.485181,30.866650,31.465227,615600
2012-02-17,31.624863,31.656788,31.473224,31.505146,258600
2012-02-21,31.572970,31.632825,31.169927,31.321566,393200
2012-02-22,31.245763,31.345526,30.946474,30.982388,740400
2012-02-23,31.038246,31.421335,30.822758,31.421335,1202800
2012-02-24,31.429320,31.437300,31.205849,31.253736,654800
2012-02-27,30.966415,31.325562,30.687080,31.161949,495600
2012-02-28,31.177928,31.333558,30.870660,31.014318,812000
2012-02-29,31.173922,31.309598,30.551399,30.551399,590600
2012-03-01,30.707033,31.086134,30.695062,30.703045,436000
2012-03-02,30.695062,30.742949,30.048600,30.196247,537800
2012-03-05,30.068551,30.276060,29.861046,30.244135,1341200
2012-03-06,29.849080,29.940860,29.517866,29.593687,527800
2012-03-07,29.697430,29.928881,29.633583,29.912918,466600
2012-03-08,30.120433,30.300006,29.785228,30.228176,284600
2012-03-09,30.236151,30.878625,30.212209,30.639194,360200
2012-03-12,30.730988,30.774884,30.479583,30.643196,243800
2012-03-13,30.886621,31.365482,30.794838,31.365482,538000
2012-03-14,31.353503,31.445287,31.006327,31.130035,200000
2012-03-15,31.078159,31.461248,30.990370,31.461248,439800
2012-03-16,31.489188,31.509138,31.281679,31.385433,155200
2012-03-19,31.357503,31.980023,31.285673,31.720638,523000
2012-03-20,31.481201,31.529088,31.253742,31.401392,333800
2012-03-21,31.485183,31.580955,31.261712,31.361475,399200
2012-03-22,31.038252,31.122052,30.782859,31.002338,430400
2012-03-23,31.014312,31.329563,30.746948,31.313601,214400
2012-03-26,31.652484,31.968569,31.644480,31.952564,469600
2012-03-27,32.004571,32.076591,31.732498,31.744501,361400
2012-03-28,31.728511,31.784525,31.324401,31.616478,202200
2012-03-29,31.432429,31.604475,31.120345,31.548460,289200
2012-03-30,31.772512,31.772512,31.344394,31.436420,342400
2012-04-02,31.280388,31.848539,31.240378,31.848539,2382200
2012-04-03,31.784529,31.880554,31.448437,31.620483,276600
2012-04-04,31.212372,31.268387,30.916290,31.076334,565200
2012-04-05,30.952302,31.124348,30.864277,30.960302,392200
2012-04-09,30.464166,30.508178,30.204096,30.412153,376600
2012-04-10,30.292131,30.328142,29.611950,29.671967,474000
2012-04-11,29.944028,30.148084,29.880013,30.128080,286800
2012-04-12,30.176086,30.708229,30.128075,30.604200,419400
2012-04-13,30.452165,30.488174,30.108073,30.116074,234000
2012-04-16,30.288118,30.508178,29.952029,30.264112,239800
2012-04-17,30.556190,31.024315,30.488169,30.760242,216200
2012-04-18,30.596206,30.596206,30.276119,30.424160,388800
2012-04-19,30.480164,30.664213,30.032043,30.212093,373200
2012-04-20,30.452164,30.736239,30.416152,30.452164,214200
2012-04-23,29.988031,30.020040,29.707957,29.992033,493400
2012-04-24,29.996041,30.360137,29.896015,30.264112,191000
2012-04-25,30.712236,30.904286,30.556195,30.712236,258400
2012-04-26,30.672226,30.988308,30.604205,30.904285,277400
2012-04-27,30.980313,31.264389,30.652225,31.224379,318400
2012-04-30,31.184360,31.188359,30.836266,30.836266,192000
2012-05-01,30.844274,31.432432,30.752251,30.820269,433800
2012-05-02,30.628204,30.960290,30.468160,30.936285,653400
2012-05-03,30.884276,30.944290,30.348131,30.528181,778800
2012-05-04,30.332131,30.340135,29.840001,29.892014,741000
2012-05-07,29.759978,30.120075,29.727971,30.008045,915400
2012-05-08,29.767984,30.048058,29.575931,30.016048,427600
2012-05-09,29.603943,29.984047,29.503916,29.836006,656200
2012-05-10,30.080065,30.180092,29.835999,29.988039,698200
2012-05-11,29.707968,30.144084,29.703966,29.864010,414000
2012-05-14,29.527917,29.735971,29.379876,29.487904,289200
2012-05-15,29.451893,29.775979,29.395878,29.491903,502000
2012-05-16,29.603940,29.743977,29.207834,29.235842,242800
2012-05-17,29.251835,29.291845,28.567652,28.575653,718400
2012-05-18,28.587664,28.783719,28.283585,28.351603,582600
2012-05-21,28.435613,28.883734,28.247562,28.847723,856200
2012-05-22,28.871743,29.063792,28.427623,28.631676,15473600
2012-05-23,28.323598,28.839737,28.115541,28.791723,880000
2012-05-24,28.787706,28.887732,28.423610,28.855726,412800
2012-05-25,28.847723,28.959753,28.723691,28.847723,201000
2012-05-29,29.091799,29.359870,28.939760,29.247841,230800
2012-05-30,28.999774,28.999774,28.635675,28.695692,450800
2012-05-31,28.687694,28.819730,28.235574,28.623678,293800
2012-06-01,28.011516,28.183562,27.695431,27.727440,1294600
2012-06-04,27.795454,27.911485,27.375340,27.623407,1044000
2012-06-05,27.447352,27.887470,27.419345,27.851461,445200
2012-06-06,28.063520,28.603664,28.047515,28.591661,649600
2012-06-07,29.079800,29.079800,28.395617,28.395617,436800
2012-06-08,28.351601,28.799723,28.159548,28.771715,231800
2012-06-11,29.111808,29.115807,28.007511,28.027517,316600
2012-06-12,28.131539,28.399613,27.875471,28.387608,687200
2012-06-13,28.351600,28.519644,27.895478,28.023512,193200
2012-06-14,28.067523,28.495638,28.011508,28.411615,201800
2012-06-15,28.487640,28.831733,28.375611,28.799726,158600
2012-06-18,28.627675,28.879742,28.491637,28.743704,131000
2012-06-19,28.891062,29.478867,28.846775,29.313797,136800
2012-06-20,29.297689,29.474836,29.084307,29.229246,162200
2012-06-21,29.184963,29.253409,28.452219,28.484428,170400
2012-06-22,28.681701,28.899109,28.536762,28.814562,214000
2012-06-25,28.403909,28.508585,28.283126,28.375727,233800
2012-06-26,28.411969,28.613272,28.138196,28.472361,140000
2012-06-27,28.552878,28.927303,28.540800,28.899120,230200
2012-06-28,28.693770,29.003779,28.524676,28.999752,155800
2012-06-29,29.615751,29.925760,29.478867,29.925760,344000
2012-07-02,30.002253,30.195506,29.631855,30.183428,1067000
2012-07-03,30.207573,30.598102,30.171340,30.569920,357000
2012-07-05,30.577986,30.682664,30.408892,30.577986,232200
2012-07-06,30.280050,30.376674,30.155243,30.251867,194400
2012-07-09,30.219660,30.235765,30.014333,30.167322,361200
2012-07-10,30.380705,30.469279,29.788872,29.925760,375200
2012-07-11,29.974073,30.054596,29.692250,29.817057,252600
2012-07-12,29.615747,29.885496,29.350028,29.780817,153600
2012-07-13,29.909658,30.296160,29.909658,30.211613,170000
2012-07-16,30.119010,30.203557,29.949916,30.042517,105800
2012-07-17,30.215617,30.312242,29.768724,30.187435,305000
2012-07-18,30.114990,30.505516,30.114990,30.368631,212200
2012-07-19,30.485392,30.517601,30.163305,30.247852,131000
2012-07-20,30.026404,30.098873,29.841205,29.893543,203200
2012-07-23,29.378214,29.511075,29.225222,29.366137,111800
2012-07-24,29.486917,29.486917,28.782355,28.919243,124800
2012-07-25,29.088345,29.213152,28.854832,28.951460,414800
2012-07-26,29.446657,29.511075,29.064181,29.249380,132800
2012-07-27,29.418480,30.094860,29.237308,29.970053,216400
2012-07-30,30.054600,30.183435,29.817061,29.889530,148600
2012-07-31,29.825117,30.034471,29.720438,29.720438,145200
2012-08-01,29.845250,29.933824,29.221211,29.225235,144600
2012-08-02,28.955473,29.289637,28.955473,29.108465,162800
2012-08-03,29.764715,30.062644,29.362109,29.913681,263400
2012-08-06,29.970036,30.292119,29.905617,30.102894,173600
2012-08-07,30.336422,30.630326,30.280057,30.368631,195400
2012-08-08,30.247841,30.569928,30.247841,30.461226,216800
2012-08-09,30.412911,30.662528,30.412911,30.517590,97800
2012-08-10,30.437060,30.493424,30.296148,30.477320,138200
2012-08-13,30.424996,30.429023,30.038494,30.368631,246400
2012-08-14,30.573965,30.642407,30.187462,30.300192,90000
2012-08-15,30.231741,30.598115,30.211612,30.594088,391800
2012-08-16,30.561871,30.984606,30.400828,30.896032,227600
2012-08-17,30.972533,31.202019,30.867855,31.189941,64800
2012-08-20,31.117476,31.161763,30.928251,31.101372,135600
2012-08-21,31.310726,31.624762,31.049034,31.121504,98400
2012-08-22,31.057085,31.129555,30.847731,30.980589,113400
2012-08-23,30.952412,30.952412,30.638380,30.726954,378000
2012-08-24,30.618247,30.892019,30.565906,30.783314,131400
2012-08-27,30.920200,31.024876,30.734999,30.843704,92400
2012-08-28,30.835639,31.073179,30.835639,31.000710,120000
2012-08-29,31.040978,31.246309,30.940327,31.133579,104400
2012-08-30,30.952407,30.984616,30.819549,30.843704,71800
2012-08-31,31.081240,31.081240,30.743052,30.932278,74200
2012-09-04,30.944354,31.355011,30.690713,31.258387,245400
2012-09-05,31.274493,31.395277,31.141632,31.214102,266600
2012-09-06,31.419419,31.970992,31.371106,31.858259,709600
2012-09-07,31.954893,32.216584,31.926710,32.128014,166400
2012-09-10,32.128019,32.272958,32.035418,32.055550,451400
2012-09-11,32.079721,32.329339,32.047512,32.164268,364000
2012-09-12,32.313214,32.353474,32.099833,32.341396,363600
2012-09-13,32.397770,33.009731,32.216595,32.735958,380800
2012-09-14,32.909079,33.291557,32.909079,33.110382,285000
2012-09-17,32.961412,33.013750,32.715822,32.852707,331200
2012-09-18,32.784269,32.844660,32.663486,32.764137,196600
2012-09-19,32.872845,32.880896,32.695697,32.719852,193400
2012-09-20,32.554773,32.639320,32.333338,32.558800,224600
2012-09-21,32.880887,32.896991,32.623219,32.623219,218400
2012-09-24,32.486351,32.792330,32.482324,32.591026,278200
2012-09-25,32.773133,32.845816,32.066468,32.098770,221400
2012-09-26,32.131091,32.155318,31.747473,31.864578,375600
2012-09-27,32.022050,32.296640,31.828220,32.183571,204400
2012-09-28,32.074551,32.114932,31.864572,31.900913,149800
2012-10-01,32.139144,32.369318,31.917051,32.050308,596800
2012-10-02,32.211844,32.252227,31.957445,32.094742,342400
2012-10-03,32.175488,32.244134,31.896858,32.022041,558000
2012-10-04,32.155308,32.288565,31.860529,32.252224,196400
2012-10-05,32.437977,32.708528,32.191653,32.260300,784200
2012-10-08,32.098778,32.183577,32.009939,32.094742,198000
2012-10-09,32.118957,32.131071,31.650537,31.670729,180200
2012-10-10,31.715146,31.755526,31.525355,31.622269,172200
2012-10-11,31.840334,31.969553,31.682849,31.699001,119600
2012-10-12,31.674771,31.747457,31.283076,31.363836,171800
2012-10-15,31.468841,31.565755,31.246745,31.529413,158800
2012-10-16,31.703042,31.828221,31.670736,31.735344,283800
2012-10-17,31.795911,32.090693,31.767645,32.058388,149200
2012-10-18,32.018009,32.159341,31.925131,31.953398,126800
2012-10-19,31.711116,31.731308,31.218469,31.404221,161600
2012-10-22,31.323455,31.452674,31.182123,31.355761,214400
2012-10-23,31.085206,31.230574,30.814652,31.182119,170600
2012-10-24,31.331536,31.339614,31.048871,31.141748,114200
2012-10-25,31.432482,31.517285,30.992332,31.242695,304600
2012-10-26,31.206347,31.379985,30.855035,31.069054,120400
2012-10-31,31.044834,31.275005,30.984265,31.275005,282800
2012-11-01,31.347691,31.751500,31.347691,31.674778,257400
2012-11-02,31.852442,31.852442,31.315379,31.335567,320200
2012-11-05,31.303278,31.614213,31.270976,31.529413,511600
2012-11-06,31.654574,31.989736,31.654574,31.872631,388400
2012-11-07,31.476904,31.476904,30.931763,31.081173,304800
2012-11-08,31.048874,31.109445,30.588531,30.588531,118400
2012-11-09,30.491618,30.871196,30.402780,30.600645,419800
2012-11-12,30.693529,30.717756,30.491624,30.576424,117800
2012-11-13,30.398741,30.725826,30.317981,30.414894,192600
2012-11-14,30.467375,30.499681,29.788976,29.861662,270600
2012-11-15,29.797069,29.942441,29.498251,29.679964,295000
2012-11-16,29.712267,29.954552,29.421524,29.902058,202600
2012-11-19,30.241245,30.584482,30.180673,30.584482,441400
2012-11-20,30.548147,30.721785,30.414890,30.689480,117600
2012-11-21,30.733891,30.834843,30.632939,30.814651,63400
2012-11-23,30.923692,31.170015,30.883311,31.170015,47400
2012-11-26,31.056944,31.287115,31.012525,31.287115,131200
2012-11-27,31.274993,31.537470,31.230574,31.295185,96200
2012-11-28,31.153863,31.493061,30.899462,31.480947,134200
2012-11-29,31.735353,31.892841,31.638440,31.844383,116800
2012-11-30,31.913017,31.913017,31.674771,31.791876,118400
2012-12-03,31.981667,32.022050,31.682849,31.779762,128600
2012-12-04,31.787840,31.880714,31.553630,31.848412,226400
2012-12-05,32.005881,32.005881,31.561692,31.771671,256800
2012-12-06,31.715162,31.860533,31.646515,31.799961,97200
2012-12-07,31.941289,31.985708,31.735345,31.856489,109600
2012-12-10,31.929178,32.066475,31.884759,32.018017,199400
2012-12-11,32.232025,32.361244,32.127034,32.280483,208000
2012-12-12,32.401617,32.490456,32.054342,32.135105,242600
2012-12-13,32.131078,32.219916,31.803994,31.937248,159200
2012-12-14,31.872638,32.054351,31.803991,31.917057,99200
2012-12-17,32.013966,32.373356,31.993778,32.369320,200400
2012-12-18,32.454124,32.902352,32.389513,32.882160,215600
2012-12-19,32.941170,33.099854,32.778416,32.900482,172400
2012-12-20,32.928945,33.136456,32.810949,33.136456,539400
2012-12-21,32.619730,32.933031,32.347120,32.912685,551000
2012-12-24,32.851651,32.871996,32.648210,32.778412,164200
2012-12-26,32.859792,32.859792,32.518009,32.518009,202800
2012-12-27,32.579034,32.591240,32.143671,32.558689,806800
2012-12-28,32.395944,32.623797,32.282015,32.294224,246800
2012-12-31,32.306426,32.957436,32.233187,32.920818,367200
2013-01-02,33.775265,34.019394,33.535203,33.824089,1166600
2013-01-03,33.820030,34.003125,33.669482,33.779339,650800
2013-01-04,33.917679,34.133326,33.840371,34.043812,619000
2013-01-07,33.860728,33.909551,33.767143,33.844452,425400
2013-01-08,33.807807,33.864773,33.616575,33.714226,243600
2013-01-09,33.811893,33.901408,33.759000,33.811893,259200
2013-01-10,33.958360,33.962429,33.689819,33.852570,184000
2013-01-11,33.799670,33.868839,33.677604,33.828152,171800
2013-01-14,33.771196,33.868846,33.702026,33.820023,472600
2013-01-15,33.620651,34.003121,33.620651,33.970570,138200
2013-01-16,33.893267,33.966506,33.791546,33.881058,142400
2013-01-17,34.027529,34.279797,34.011254,34.206558,262200
2013-01-18,34.214704,34.357115,34.129259,34.340839,192400
2013-01-22,34.369316,34.637857,34.287938,34.609375,158200
2013-01-23,34.593100,34.625651,34.507655,34.536137,320400
2013-01-24,34.548341,34.886050,34.548341,34.751781,438400
2013-01-25,34.902334,34.902334,34.707032,34.877922,218600
2013-01-28,34.865708,34.975565,34.662267,34.910465,264400
2013-01-29,34.857566,34.999974,34.812809,34.971493,240000
2013-01-30,34.943032,34.943032,34.422223,34.548359,191400
2013-01-31,34.471032,34.739573,34.462893,34.682610,235000
2013-02-01,34.873845,35.187146,34.833158,35.081356,195000
2013-02-04,34.873839,34.938942,34.572747,34.625641,131800
2013-02-05,34.784342,35.028471,34.751794,34.922684,304400
2013-02-06,34.731444,35.093569,34.727375,35.077293,198800
2013-02-07,35.081358,35.117976,34.829090,35.056946,137200
2013-02-08,35.117977,35.345833,35.093565,35.276661,134800
2013-02-11,35.240047,35.256323,35.097639,35.235977,288000
2013-02-12,35.244123,35.447564,35.244123,35.382462,240200
2013-02-13,35.423131,35.549266,35.349892,35.508575,123200
2013-02-14,35.459755,35.691678,35.439410,35.618439,149000
2013-02-15,35.642855,35.736439,35.537065,35.626579,154400
2013-02-19,35.728305,36.029400,35.695757,36.029400,289000
2013-02-20,36.074151,36.074151,35.394656,35.423138,156400
2013-02-21,35.353974,35.451625,34.967437,35.162739,138000
2013-02-22,35.349915,35.480117,35.297021,35.467911,157400
2013-02-25,35.642856,35.650996,34.694821,34.731441,250200
2013-02-26,34.922678,34.963366,34.666341,34.829094,145400
2013-02-27,34.845356,35.398716,34.829081,35.199345,184400
2013-02-28,35.215647,35.455706,35.158684,35.248196,143400
2013-03-01,35.056947,35.435344,34.796540,35.345833,306400
2013-03-04,35.309214,35.382453,35.028464,35.288872,221800
2013-03-05,35.496386,35.801547,35.496386,35.675415,195400
2013-03-06,35.764923,35.813746,35.655063,35.797474,81000
2013-03-07,35.752720,35.992779,35.752720,35.992779,88600
2013-03-08,36.249110,36.289801,36.013121,36.273525,270600
2013-03-11,36.163658,36.261312,36.110764,36.236897,153000
2013-03-12,36.151463,36.232841,36.041606,36.118912,107200
2013-03-13,36.155527,36.391520,36.070083,36.338623,183000
2013-03-14,36.391501,36.778038,36.391501,36.769901,90800
2013-03-15,36.725159,36.904185,36.639714,36.847221,256800
2013-03-18,36.533933,36.773992,36.448489,36.590897,422800
2013-03-19,36.684485,36.773996,36.269463,36.554279,167000
2013-03-20,36.798397,36.839085,36.696677,36.839085,172200
2013-03-21,36.566488,36.741448,36.375253,36.513592,154800
2013-03-22,36.651915,36.676327,36.521713,36.594952,230800
2013-03-25,36.679830,36.892019,36.377872,36.594139,286800
2013-03-26,36.716556,36.798166,36.590058,36.732876,139800
2013-03-27,36.537016,36.753284,36.357472,36.724720,135400
2013-03-28,36.667600,36.814499,36.614554,36.696163,280000
2013-04-01,36.675751,36.736959,36.079995,36.328907,1167400
2013-04-02,36.537020,36.565583,36.063677,36.128967,295200
2013-04-03,36.210561,36.210561,35.610723,35.647449,300200
2013-04-04,35.700512,35.965747,35.627063,35.949425,207200
2013-04-05,35.500558,35.871887,35.447512,35.871887,155200
2013-04-08,35.977986,36.235061,35.778041,36.230980,160600
2013-04-09,36.308506,36.308506,36.063672,36.075916,118800
2013-04-10,36.177935,36.765528,36.169772,36.720642,141600
2013-04-11,36.651286,36.908358,36.643127,36.741058,135600
2013-04-12,36.614554,36.696164,36.386043,36.585991,212400
2013-04-15,36.402357,36.402357,35.178200,35.304695,431400
2013-04-16,35.549534,35.843329,35.414876,35.790283,229400
2013-04-17,35.557694,35.578098,34.949696,35.210850,409600
2013-04-18,35.251650,35.300618,34.912966,35.084351,180600
2013-04-19,35.223095,35.488329,34.937459,35.451603,130200
2013-04-22,35.492404,35.553609,34.868081,35.472000,223200
2013-04-23,35.749479,36.051437,35.684190,36.051437,161400
2013-04-24,36.047353,36.353392,36.039193,36.312588,141000
2013-04-25,36.398267,36.716550,36.377866,36.524765,238600
2013-04-26,36.410506,36.439069,36.124867,36.259525,87200
2013-04-29,36.373799,36.590066,36.308512,36.483974,98600
2013-04-30,36.475824,36.745140,36.361569,36.741058,310200
2013-05-01,36.647199,36.696167,35.855579,35.863739,434400
2013-05-02,36.084075,36.475805,35.994303,36.418678,185000
2013-05-03,36.875700,37.291912,36.720638,37.063404,276600
2013-05-06,37.067480,37.304151,37.063402,37.234783,166200
2013-05-07,37.275582,37.655071,37.275582,37.638748,243800
2013-05-08,37.569390,37.810143,37.512263,37.810143,146600
2013-05-09,37.793815,37.846861,37.597949,37.679558,86800
2013-05-10,37.720371,37.977443,37.695886,37.961121,436400
2013-05-13,37.895838,37.977448,37.724454,37.863194,89000
2013-05-14,37.895832,38.348770,37.895832,38.348770,157200
2013-05-15,38.291639,38.646645,38.197788,38.548714,195600
2013-05-16,38.438529,38.622154,38.275310,38.389565,121000
2013-05-17,38.544627,38.854747,38.544627,38.850666,263600
2013-05-20,38.736430,39.066952,38.711948,38.948616,210400
2013-05-21,38.973089,39.095503,38.891476,39.017975,101800
2013-05-22,39.083270,39.401550,38.242682,38.454868,198400
2013-05-23,38.038658,38.467112,38.038658,38.401825,319400
2013-05-24,38.250842,38.446708,37.981528,38.422226,252400
2013-05-28,38.956779,39.258737,38.699704,38.948616,220000
2013-05-29,38.724182,38.805792,38.254921,38.503834,105600
2013-05-30,38.597682,38.801708,38.524236,38.679295,112800
2013-05-31,38.507901,38.716006,38.316116,38.316116,111600
2013-06-03,38.471183,38.781303,38.152902,38.781303,630800
2013-06-04,38.801712,38.969015,38.152910,38.442627,462800
2013-06-05,38.361022,38.414067,37.940728,37.985611,289400
2013-06-06,37.948871,38.287556,37.789731,38.287556,231400
2013-06-07,38.516066,38.662965,38.332444,38.577274,130600
2013-06-10,38.711937,38.842514,38.450784,38.842514,233400
2013-06-11,38.340618,38.630335,38.152915,38.344700,237400
2013-06-12,38.614014,38.626258,37.977453,38.030499,198800
2013-06-13,37.969291,38.720106,37.883597,38.662979,113800
2013-06-14,38.597680,38.707856,38.144744,38.263077,577800
2013-06-17,38.605835,38.724171,38.312037,38.511982,208400
2013-06-18,38.626244,39.099583,38.609922,39.001652,118600
2013-06-19,39.017976,39.038377,38.463025,38.495667,232400
2013-06-20,37.944817,38.038671,37.463315,37.589813,259400
2013-06-21,37.638771,37.797911,37.226640,37.740784,242600
2013-06-24,37.332719,37.548987,36.985875,37.251110,404400
2013-06-25,37.569380,37.708119,37.357194,37.638748,281200
2013-06-26,37.959393,37.971680,37.603142,37.709606,380600
2013-06-27,37.971674,38.430296,37.971674,38.393444,96800
2013-06-28,38.327929,38.524484,38.200989,38.262413,317200
2013-07-01,38.446677,38.938059,38.372969,38.753792,1159800
2013-07-02,38.790645,39.065000,38.581806,38.847973,427800
2013-07-03,38.667798,39.024052,38.610470,38.909393,227600
2013-07-05,39.343446,39.454006,38.925768,39.454006,249800
2013-07-08,39.671027,39.781590,39.535899,39.650555,218000
2013-07-09,39.937206,40.170613,39.789791,40.129665,1035200
2013-07-10,40.096902,40.256601,40.006814,40.232033,337200
2013-07-11,40.715232,40.715232,40.449065,40.608765,285600
2013-07-12,40.596479,40.752083,40.551435,40.645618,326000
2013-07-15,40.735711,40.940454,40.662003,40.903599,327800
2013-07-16,40.924081,40.936365,40.702958,40.764381,264400
2013-07-17,41.014160,41.071488,40.809417,40.854458,194800
2013-07-18,40.948634,41.366308,40.948634,41.239368,199200
2013-07-19,41.177943,41.276222,41.108331,41.259842,124000
2013-07-22,41.239371,41.476873,41.239371,41.411354,315000
2013-07-23,41.472780,41.493256,41.218900,41.300797,208400
2013-07-24,41.485063,41.501443,40.924069,41.001869,155200
2013-07-25,40.924061,41.329451,40.858541,41.325356,241400
2013-07-26,41.083768,41.157476,40.805317,41.075577,135800
2013-07-29,40.936339,41.141082,40.670172,40.723404,172400
2013-07-30,40.919972,40.989584,40.698849,40.862644,106000
2013-07-31,40.989591,41.182050,40.772564,40.772564,169400
2013-08-01,41.132898,41.378592,41.087854,41.329453,189000
2013-08-02,41.198418,41.358118,41.120615,41.333549,221000
2013-08-05,41.304884,41.521911,41.210701,41.505531,245000
2013-08-06,41.427734,41.427734,41.001868,41.112431,143400
2013-08-07,40.965011,41.038719,40.809408,40.846260,148200
2013-08-08,41.071475,41.190224,40.862637,41.055096,114800
2013-08-09,40.993680,41.161568,40.825789,40.997776,226800
2013-08-12,40.780746,41.202519,40.743893,41.177948,495600
2013-08-13,41.202511,41.214795,40.911777,41.145184,322000
2013-08-14,41.132912,41.227095,41.010068,41.030540,433400
2013-08-15,40.608767,40.625147,40.244325,40.277084,309000
2013-08-16,40.191090,40.371262,40.076435,40.166519,266800
2013-08-19,40.137852,40.199275,39.802073,39.810265,185200
2013-08-20,39.822544,40.453153,39.822544,40.371254,176800
2013-08-21,40.227928,40.412199,39.924909,40.047756,129000
2013-08-22,40.309835,40.641518,40.182892,40.584190,85600
2013-08-23,40.649695,40.670171,40.416288,40.657887,151000
2013-08-26,40.711139,40.788942,40.465447,40.571915,186000
2013-08-27,40.129664,40.285267,39.642374,39.662849,376400
2013-08-28,39.662854,39.908545,39.630094,39.752941,210800
2013-08-29,39.740651,40.191085,39.695607,40.055954,171000
2013-08-30,40.039572,40.039572,39.327067,39.380299,167400
2013-09-03,39.969969,40.105100,39.265652,39.548199,245400
2013-09-04,39.585055,39.879886,39.466303,39.847126,192200
2013-09-05,39.916730,40.080522,39.871686,39.920822,66200
2013-09-06,40.150151,40.219763,39.445834,40.019115,109800
2013-09-09,40.150139,40.629238,40.105096,40.612858,189800
2013-09-10,40.911788,40.981400,40.727517,40.981400,262600
2013-09-11,40.969105,41.198417,40.895398,41.091949,116600
2013-09-12,41.104238,41.104238,40.788935,40.797123,105400
2013-09-13,40.846273,41.001876,40.788945,40.985497,82400
2013-09-16,41.476874,41.476874,41.059196,41.100147,125400
2013-09-17,41.120618,41.423640,41.120618,41.390881,157200
2013-09-18,41.444109,42.041959,41.128806,41.882259,137200
2013-09-19,41.992834,41.992834,41.702096,41.808563,364800
2013-09-20,41.890463,41.947791,41.763521,41.767616,121400
2013-09-23,41.788084,41.919120,41.550582,41.812653,296200
2013-09-24,41.883291,42.256994,41.653322,41.953106,218600
2013-09-25,41.973617,42.224120,41.805248,41.866844,111000
2013-09-26,42.006493,42.207716,41.788843,42.072197,114800
2013-09-27,41.821675,42.027005,41.797036,41.903809,92800
2013-09-30,41.464412,41.998269,41.411024,41.977737,349400
2013-10-01,41.862748,42.388393,41.862748,42.388393,1553000
2013-10-02,42.113255,42.359650,41.924348,42.113255,453200
2013-10-03,41.994169,42.039342,41.443882,41.653320,375600
2013-10-04,41.636874,42.006469,41.595809,41.920231,120200
2013-10-07,41.505487,41.714925,41.443888,41.452103,127000
2013-10-08,41.435663,41.538328,40.934656,40.988041,185000
2013-10-09,41.103034,41.263194,40.811465,41.033222,139400
2013-10-10,41.493149,41.985941,41.443869,41.912022,197400
2013-10-11,41.850435,42.548557,41.805262,42.548557,172200
2013-10-14,42.265203,42.749783,42.187180,42.729252,148000
2013-10-15,42.663552,42.700513,42.322702,42.392517,595200
2013-10-16,42.675872,42.893522,42.585526,42.815498,418800
2013-10-17,42.704593,43.197388,42.704593,43.197388,478000
2013-10-18,43.472530,43.751779,43.328799,43.718925,165400
2013-10-21,43.809273,43.858554,43.632689,43.665543,307600
2013-10-22,43.850350,44.035149,43.710727,43.809284,371600
2013-10-23,43.673769,43.723049,43.452012,43.681984,137600
2013-10-24,43.698408,43.883204,43.554674,43.833923,99800
2013-10-25,43.928379,43.940699,43.677876,43.887314,403800
2013-10-28,43.994077,44.002292,43.735362,43.916054,185400
2013-10-29,44.084425,44.133705,43.772322,44.072105,127200
2013-10-30,44.141917,44.141917,43.587526,43.677872,231000
2013-10-31,43.694300,43.780539,43.378090,43.439690,268600
2013-11-01,43.476639,43.517705,42.971526,43.337013,165200
2013-11-04,43.472544,43.821605,43.353452,43.817497,263200
2013-11-05,43.603950,43.817492,43.435577,43.723042,110600
2013-11-06,43.948904,43.948904,43.591632,43.628590,94600
2013-11-07,43.846250,43.846250,42.893517,42.914051,121800
2013-11-08,42.963326,43.702514,42.914046,43.653236,126200
2013-11-11,43.583424,43.690197,43.419162,43.603958,147400
2013-11-12,43.517719,43.599850,43.332920,43.599850,71000
2013-11-13,43.332913,43.916054,43.300063,43.916054,129800
2013-11-14,43.969447,44.039259,43.657344,43.965340,105800
2013-11-15,43.989962,44.117266,43.805163,44.063881,215800
2013-11-18,44.219949,44.289760,43.813395,43.911953,131600
2013-11-19,43.895526,44.166564,43.566996,43.681984,183400
2013-11-20,43.846245,43.940698,43.480757,43.636810,89200
2013-11-21,43.751802,44.400647,43.751802,44.363686,103400
2013-11-22,44.421165,44.647030,44.256901,44.605965,116000
2013-11-25,44.733272,44.782552,44.544368,44.560795,186200
2013-11-26,44.700408,45.049469,44.659343,44.946804,161600
2013-11-27,45.024847,45.246604,44.946820,45.242496,82800
2013-11-29,45.398539,45.501204,45.213740,45.287659,77800
2013-12-02,45.230191,45.230191,44.536173,44.712757,241800
2013-12-03,44.634714,44.798976,44.343145,44.560795,136600
2013-12-04,44.359550,44.782533,43.981743,44.417046,100800
2013-12-05,44.351346,44.585422,44.281535,44.462223,103400
2013-12-06,44.815408,45.000207,44.741489,44.819515,79400
2013-12-09,44.860570,44.901636,44.532044,44.659348,291800
2013-12-10,44.589550,44.716853,44.199420,44.211742,168200
2013-12-11,44.265125,44.281552,43.546469,43.661453,166400
2013-12-12,43.755903,43.957126,43.628596,43.747688,275600
2013-12-13,43.920159,44.096743,43.690190,43.940693,189000
2013-12-16,44.055671,44.511505,44.055671,44.425266,168400
2013-12-17,44.466338,44.466338,44.125489,44.355461,144400
2013-12-18,44.367790,44.860582,43.940703,44.848263,217200
2013-12-19,44.803084,44.827726,44.490981,44.544369,158400
2013-12-20,44.573107,45.349255,44.573107,45.271229,160800
2013-12-23,45.533059,45.681496,45.384621,45.656757,260200
2013-12-24,45.681497,45.994865,45.673248,45.875290,86200
2013-12-26,46.102069,46.114438,45.846429,45.908276,179400
2013-12-27,46.015483,46.221646,45.763965,45.920650,127000
2013-12-30,45.933017,46.044343,45.871167,45.912399,173000
2013-12-31,46.040221,46.143302,45.875290,45.875290,382200
2014-01-02,45.784568,45.788692,45.318642,45.491817,491000
2014-01-03,45.590800,45.747483,45.487719,45.644402,304600
2014-01-06,45.850566,45.850566,45.269189,45.285683,333000
2014-01-07,45.438233,45.788712,45.397001,45.586670,198200
2014-01-08,45.619653,45.619653,45.248560,45.409367,426000
2014-01-09,45.500069,45.561919,45.120731,45.396988,247400
2014-01-10,45.425849,45.533054,45.215565,45.533054,219000
2014-01-13,45.368132,45.454720,44.790876,45.005287,249800
2014-01-14,45.269176,45.491832,45.145477,45.471214,165800
2014-01-15,45.582541,45.850550,45.500074,45.813442,241600
2014-01-16,45.780465,45.838191,45.615535,45.747478,247400
2014-01-17,45.726862,45.726862,45.475343,45.566055,144200
2014-01-21,45.867049,45.900036,45.586668,45.850555,192600
2014-01-22,45.883550,46.114451,45.809331,46.077343,194400
2014-01-23,45.871159,45.990733,45.541297,45.772202,238000
2014-01-24,45.549557,45.549557,44.712537,44.803249,293000
2014-01-27,44.959941,44.959941,44.155905,44.345577,258400
2014-01-28,44.411535,44.658930,44.366179,44.646561,223200
2014-01-29,44.329064,44.514609,43.995078,44.151764,150400
2014-01-30,44.411533,44.869214,44.267220,44.539352,483400
2014-01-31,43.821908,44.559970,43.821908,44.263096,300600
2014-02-03,44.184770,44.238371,42.947795,43.079739,604000
2014-02-04,43.252903,43.492052,42.960153,43.327122,309600
2014-02-05,43.112711,43.207547,42.675647,43.026123,325200
2014-02-06,43.141586,43.595146,43.141586,43.446709,152800
2014-02-07,43.619889,43.805434,43.393109,43.665245,172800
2014-02-10,43.553895,43.978593,43.384844,43.743565,223200
2014-02-11,43.813665,44.230111,43.727077,44.102291,162000
2014-02-12,44.122907,44.432151,44.044564,44.213619,210000
2014-02-13,43.912626,44.885713,43.875518,44.803249,161400
2014-02-14,44.720798,44.988810,44.547622,44.922836,150200
2014-02-18,45.096002,45.347520,44.922823,45.310410,273800
2014-02-19,45.178471,45.479470,44.832119,44.852734,361000
2014-02-20,44.906342,45.355775,44.803260,45.302174,144000
2014-02-21,45.372259,45.487709,45.273302,45.310410,102800
2014-02-24,45.417625,45.945400,45.417625,45.644402,201400
2014-02-25,45.681489,45.867034,45.508313,45.627888,169200
2014-02-26,45.681497,46.271122,45.636141,45.974247,151600
2014-02-27,45.904171,46.225784,45.862939,46.225784,122800
2014-02-28,46.225771,46.609233,46.118566,46.312359,125400
2014-03-03,45.974262,46.201042,45.660894,46.073219,327400
2014-03-04,46.522633,47.339034,46.283483,47.095764,167600
2014-03-05,47.071032,47.087522,46.877239,46.980320,280800
2014-03-06,47.050418,47.190607,46.910225,47.108143,200800
2014-03-07,47.388521,47.388521,46.943209,47.153496,173600
2014-03-10,47.071040,47.137010,46.836012,47.075161,223800
2014-03-11,47.128766,47.169998,46.469043,46.646343,302200
2014-03-12,46.431945,46.774175,46.316494,46.737064,187000
2014-03-13,46.877253,46.906116,46.052603,46.238148,394800
2014-03-14,46.089705,46.592742,46.052597,46.452553,171800
2014-03-17,46.638095,46.963832,46.629847,46.671082,150800
2014-03-18,46.794780,47.260709,46.675205,47.248337,157600
2014-03-19,47.223596,47.248335,46.691696,46.967957,164400
2014-03-20,46.844252,47.169989,46.745295,47.104015,83800
2014-03-21,47.211219,47.607050,47.095768,47.116383,112000
2014-03-24,47.260716,47.339055,46.535022,46.860760,324200
2014-03-25,47.028289,47.268230,46.593913,46.817307,130200
2014-03-26,47.106886,47.106886,46.051975,46.051975,187400
2014-03-27,46.047837,46.312598,45.791351,45.936142,249600
2014-03-28,46.064396,46.684932,45.977522,46.114040,205800
2014-03-31,46.382934,47.003470,46.262964,46.933140,184400
2014-04-01,46.962110,47.400623,46.937289,47.400623,1240200
2014-04-02,47.508191,47.681944,47.264116,47.640575,866000
2014-04-03,47.603318,47.665372,47.168942,47.317871,644800
2014-04-04,47.652966,47.677786,46.382937,46.540138,320200
2014-04-07,46.378809,46.399495,45.816191,46.002350,337400
2014-04-08,46.023031,46.569102,45.927881,46.370529,264800
2014-04-09,46.449135,46.709761,46.155415,46.705624,192200
2014-04-10,46.647696,46.668379,45.522458,45.704483,313400
2014-04-11,45.328027,45.679663,45.005349,45.170826,278200
2014-04-14,45.539025,45.696226,45.013637,45.381821,359800
2014-04-15,45.505919,45.708626,44.806781,45.563835,275400
2014-04-16,45.841000,45.911329,45.601062,45.857548,707400
2014-04-17,45.762394,46.213315,45.696202,46.101620,162400
2014-04-21,46.209206,46.287808,45.919624,46.225754,258000
2014-04-22,46.395355,46.751129,46.258837,46.639431,190200
2014-04-23,46.643551,46.767660,46.416021,46.420158,233400
2014-04-24,46.718031,46.718031,46.130591,46.387077,167200
2014-04-25,46.304352,46.304352,45.687954,45.803787,247000
2014-04-28,45.969241,46.138852,45.079806,45.592781,352400
2014-04-29,45.812050,46.010623,45.654849,45.683807,213800
2014-04-30,45.505912,45.874096,45.261836,45.857548,226800
2014-05-01,45.721030,46.076804,45.311478,45.749989,214400
2014-05-02,45.807901,46.296055,45.729299,45.783077,276600
2014-05-05,45.547286,45.841006,45.249428,45.654846,261200
2014-05-06,45.642421,45.642421,45.030158,45.042568,194600
2014-05-07,45.133588,45.402488,44.682668,45.398350,202400
2014-05-08,45.352846,45.774812,44.877105,45.005348,270000
2014-05-09,44.868831,45.423177,44.790229,45.414902,204200
2014-05-12,45.609341,46.523596,45.601069,46.353985,317200
2014-05-13,46.296054,46.461528,45.890637,45.923733,189200
2014-05-14,45.783085,45.783085,45.017759,45.104633,287800
2014-05-15,44.877096,44.930874,44.310339,44.868820,221200
2014-05-16,44.918469,45.179092,44.666118,45.179092,434200
2014-05-19,45.092221,45.634154,44.988798,45.497639,161000
2014-05-20,45.373541,45.373541,44.616487,44.864700,312400
2014-05-21,45.100490,45.216326,44.690938,45.017754,209600
2014-05-22,45.108777,45.522467,44.997078,45.385948,116800
2014-05-23,45.394227,45.857558,45.315624,45.849285,194000
2014-05-27,46.105760,46.552546,46.002337,46.432575,220400
2014-05-28,46.387077,46.387077,46.027169,46.126453,157800
2014-05-29,46.316766,46.345724,46.010636,46.225754,130800
2014-05-30,46.238137,46.370518,46.027157,46.142990,142200
2014-06-02,46.200922,46.213332,45.679671,45.998215,265800
2014-06-03,45.721039,45.932021,45.510059,45.799641,307600
2014-06-04,45.588654,45.989933,45.588654,45.927879,274000
2014-06-05,46.068529,46.957963,45.807905,46.933140,422400
2014-06-06,47.139979,47.483342,47.094473,47.326141,220400
2014-06-09,47.264105,47.868092,47.222737,47.661247,189800
2014-06-10,47.561954,47.595050,47.288917,47.495762,344600
2014-06-11,47.309611,47.363390,46.978658,47.160683,502200
2014-06-12,47.057256,47.057256,46.734579,46.887642,313200
2014-06-13,46.949687,47.065520,46.672516,46.929005,147200
2014-06-16,46.891782,47.024163,46.680799,46.962109,480400
2014-06-17,46.933144,47.421298,46.875228,47.305466,164600
2014-06-18,47.297200,47.553686,47.077945,47.545414,172400
2014-06-19,47.673658,47.698481,47.342707,47.516457,133800
2014-06-20,47.595038,47.636407,47.425424,47.607449,101000
2014-06-23,47.727430,47.727430,47.404750,47.495762,108000
2014-06-24,47.435155,47.883479,47.157029,47.165333,215600
2014-06-25,47.003451,47.518192,46.895520,47.493286,158200
2014-06-26,47.514028,47.514028,47.103065,47.381191,163600
2014-06-27,47.318933,47.792164,47.177796,47.783863,154000
2014-06-30,47.738176,47.962338,47.489108,47.916676,138800
2014-07-01,48.061970,48.838235,48.061970,48.435574,1637600
2014-07-02,48.389935,48.572586,48.178226,48.223888,499800
2014-07-03,48.472951,48.585033,48.360871,48.585033,149000
2014-07-07,48.389910,48.389910,47.900075,47.908379,258800
2014-07-08,47.821208,47.883476,47.335525,47.580444,489200
2014-07-09,47.738188,47.841967,47.431004,47.576294,247000
2014-07-10,46.800035,47.372895,46.700408,47.152882,180600
2014-07-11,47.090621,47.115527,46.808343,46.978539,156200
2014-07-14,47.389506,47.422712,47.148738,47.219307,167400
2014-07-15,47.206832,47.372879,46.663033,46.903797,201400
2014-07-16,47.165340,47.165340,46.725316,46.941177,151000
2014-07-17,46.704559,46.862301,46.256234,46.322651,337200
2014-07-18,46.426420,47.028338,46.422271,46.953617,121200
2014-07-21,46.762676,46.824944,46.497003,46.754372,138800
2014-07-22,47.020045,47.323080,46.953628,47.152882,178800
2014-07-23,47.198548,47.231758,46.941179,47.040806,148200
2014-07-24,47.144569,47.393637,46.833233,46.961918,140600
2014-07-25,46.679640,46.679640,46.409818,46.492840,167600
2014-07-28,46.600776,46.600776,46.061126,46.393219,202400
2014-07-29,46.480405,46.671357,46.289453,46.355869,349800
2014-07-30,46.692106,46.692106,46.247934,46.409828,157200
2014-07-31,45.903385,46.135848,45.488270,45.488270,226200
2014-08-01,45.509025,45.699977,45.164482,45.467514,187400
2014-08-04,45.662624,45.824518,45.118824,45.812065,360600
2014-08-05,45.579593,45.998857,45.421848,45.666767,456000
2014-08-06,45.450904,46.077728,45.450904,45.845264,238200
2014-08-07,45.994713,46.090188,45.467515,45.621109,438400
2014-08-08,45.666768,46.040372,45.587895,45.994709,162600
2014-08-11,46.210575,46.741922,46.135854,46.426434,502600
2014-08-12,46.285300,46.488706,45.978116,46.148312,175600
2014-08-13,46.293595,46.550967,46.231330,46.389072,193200
2014-08-14,46.430589,46.563426,46.347568,46.505310,350200
2014-08-15,46.775117,46.858138,46.056967,46.434723,155000
2014-08-18,46.812480,47.078157,46.737760,47.065701,124000
2014-08-19,47.119668,47.360432,47.086458,47.273258,135600
2014-08-20,47.086457,47.115515,46.829085,47.032494,175400
2014-08-21,47.007593,47.318929,46.687956,47.264965,141800
2014-08-22,47.211004,47.331384,46.995142,47.190247,132400
2014-08-25,47.393639,47.505722,47.078155,47.235897,109000
2014-08-26,47.264967,47.609513,47.264967,47.547245,133200
2014-08-27,47.588757,47.613663,47.435163,47.501583,115600
2014-08-28,47.310622,47.393644,47.144576,47.252506,79400
2014-08-29,47.381196,47.567996,47.186092,47.518185,82200
2014-09-02,47.638566,47.841972,47.476672,47.721588,122600
2014-09-03,47.949902,47.949902,47.472520,47.514030,130800
2014-09-04,47.609503,47.920839,47.356283,47.464211,208600
2014-09-05,47.335528,47.567992,47.210996,47.563843,92400
2014-09-08,47.534785,47.684226,47.339680,47.563843,83400
2014-09-09,47.497429,47.497429,47.007594,47.036652,106400
2014-09-10,47.020043,47.157031,46.779278,47.123821,90200
2014-09-11,46.849844,47.489121,46.849844,47.410248,116200
2014-09-12,47.377028,47.377028,46.733602,46.903797,109400
2014-09-15,46.899657,46.899657,46.434728,46.501144,192000
2014-09-16,46.360013,46.791733,46.339256,46.696255,112200
2014-09-17,46.717007,46.953622,46.584170,46.725307,94400
2014-09-18,46.887197,46.986827,46.795875,46.953617,92600
2014-09-19,47.148726,47.152875,46.306043,46.413971,146000
2014-09-22,46.210576,46.210576,45.787160,45.878483,125800
2014-09-23,45.708293,45.932456,45.405258,45.405258,166800
2014-09-24,45.452737,45.694353,45.211122,45.648529,268800
2014-09-25,45.548541,45.627692,44.836194,45.019489,507600
2014-09-26,45.127805,45.336094,44.994501,45.281937,200000
2014-09-29,44.802882,45.327767,44.790382,45.219460,129800
2014-09-30,45.194441,45.240264,44.694550,44.694550,122800
2014-10-01,44.632087,44.694574,44.019718,44.128029,540400
2014-10-02,44.136349,44.652907,43.911401,44.494606,191200
2014-10-03,44.732058,44.973674,44.586257,44.711231,794000
2014-10-06,44.865366,44.936187,44.365475,44.390469,177200
2014-10-07,44.157184,44.302986,43.740607,43.744774,191200
2014-10-08,43.678116,44.636245,43.436501,44.611248,243000
2014-10-09,44.627918,44.657078,43.653129,43.657295,130200
2014-10-10,43.503160,43.982224,43.190727,43.232384,186800
2014-10-13,43.311535,43.811426,43.103246,43.178230,239800
2014-10-14,43.548977,44.211333,43.428169,43.748932,373600
2014-10-15,43.211561,44.182184,42.911625,44.003056,313600
2014-10-16,43.494824,44.594587,43.115737,44.307148,470600
2014-10-17,45.032000,45.032000,43.932237,44.103035,1333800
2014-10-20,44.036383,44.669582,44.015556,44.669582,198600
2014-10-21,44.894512,45.419400,44.732047,45.352749,224000
2014-10-22,45.477726,45.686015,44.861194,44.877857,242400
2014-10-23,45.277775,45.819323,45.231951,45.556881,282600
2014-10-24,45.606873,45.723514,45.431908,45.669357,152000
2014-10-27,45.556878,45.644358,45.140300,45.636028,126000
2014-10-28,45.823483,46.906583,45.823483,46.902416,324200
2014-10-29,47.019060,47.277336,46.581653,46.902416,174200
2014-10-30,46.694139,47.360665,46.589995,47.210697,1143200
2014-10-31,47.868889,47.914710,47.573116,47.881386,221200
2014-11-03,47.906373,48.118828,47.714747,47.852219,176200
2014-11-04,47.660597,47.864719,47.477302,47.731415,681800
2014-11-05,48.152158,48.152158,47.652267,47.881386,422400
2014-11-06,47.848058,48.006356,47.664763,47.977196,135800
2014-11-07,47.968869,48.060516,47.727253,48.060516,227200
2014-11-10,48.081344,48.197985,47.943873,48.177158,192800
2014-11-11,48.135505,48.222986,48.052188,48.189659,119600
2014-11-12,48.027191,48.572906,48.027191,48.522919,188800
2014-11-13,48.514579,48.656217,48.068842,48.168819,143600
2014-11-14,48.181318,48.239638,48.010519,48.056343,147600
2014-11-17,48.035507,48.102161,47.685584,47.702248,254600
2014-11-18,47.868875,48.102157,47.852212,47.914696,197200
2014-11-19,47.868885,47.868885,47.189862,47.493965,273400
2014-11-20,47.273188,48.006362,47.273188,47.985535,332000
2014-11-21,48.577064,48.577064,47.885545,48.031349,159200
2014-11-24,48.085497,48.531235,48.085497,48.531235,241400
2014-11-25,48.589565,48.764526,48.339619,48.510414,166200
2014-11-26,48.502079,48.668711,48.443759,48.660378,77800
2014-11-28,48.643723,48.718707,48.106341,48.110504,72200
2014-12-01,47.873044,47.910537,47.448137,47.456467,289600
2014-12-02,47.473139,48.093838,47.448145,47.881386,192200
2014-12-03,47.843887,48.502080,47.814727,48.364609,213600
2014-12-04,48.281296,48.322953,47.906376,48.172985,158000
2014-12-05,48.289620,48.577060,48.260460,48.447922,197600
2014-12-08,48.347950,48.681213,47.752245,47.881386,186400
2014-12-09,47.406490,48.652055,47.210698,48.647888,151800
2014-12-10,48.502075,48.581226,47.548113,47.581440,149400
2014-12-11,47.831392,48.335450,47.681424,47.773071,197800
2014-12-12,47.281504,47.577273,47.073215,47.127369,178600
2014-12-15,47.364839,47.493980,46.602505,46.760803,246400
2014-12-16,46.648312,47.389818,46.560828,46.648312,287600
2014-12-17,46.660816,47.898051,46.639986,47.873055,380200
2014-12-18,48.522906,48.572893,48.048005,48.527069,208600
2014-12-19,48.522909,48.739528,48.210476,48.568729,283600
2014-12-22,48.622890,48.864506,48.464589,48.864506,194400
2014-12-23,49.064454,49.385220,48.993637,49.181095,220800
2014-12-24,49.368124,49.372309,49.058528,49.259346,128200
2014-12-26,49.301169,49.686075,49.301169,49.577297,101400
2014-12-29,49.698635,50.004046,49.673534,49.870167,100000
2014-12-30,49.832509,49.941287,49.585667,49.585667,212400
2014-12-31,49.845061,49.983125,49.326278,49.343014,146400
2015-01-02,49.581482,49.857607,48.481157,48.979023,1681800
2015-01-05,48.732193,48.979032,47.891261,48.121365,1322400
2015-01-06,48.255243,48.255243,46.949919,47.226044,602600
2015-01-07,47.451959,47.652780,47.221855,47.594208,706000
2015-01-08,47.941463,48.426778,47.941463,48.351471,402200
2015-01-09,48.405854,48.405854,47.753192,47.795029,202800
2015-01-12,47.749006,47.790846,47.021036,47.481247,540400
2015-01-13,47.749006,48.439324,47.159101,47.661148,188600
2015-01-14,47.167464,47.485429,46.857869,47.414307,227400
2015-01-15,47.510546,47.602589,46.581755,46.661247,373000
2015-01-16,46.468760,47.372449,46.468760,47.305508,198000
2015-01-20,47.397555,47.405921,46.698872,47.046120,527800
2015-01-21,46.887163,47.272066,46.753284,46.995941,127000
2015-01-22,47.422667,47.937268,46.753269,47.907982,218800
2015-01-23,47.974926,47.983296,47.623494,47.790844,127400
2015-01-26,47.740655,48.225967,47.477081,48.225967,173400
2015-01-27,47.673697,48.133911,47.615125,47.937275,129000
2015-01-28,48.188312,48.217598,46.933190,47.075436,210000
2015-01-29,47.133999,47.661148,46.841136,47.661148,217800
2015-01-30,47.527268,47.527268,46.686336,46.719807,201400
2015-02-02,46.799286,47.401745,46.351626,47.359905,344400
2015-02-03,47.644410,48.389118,47.644410,48.364014,167400
2015-02-04,48.221773,48.476982,48.050238,48.112995,420200
2015-02-05,48.125543,48.891168,48.125543,48.832596,139800
2015-02-06,48.845144,49.062697,48.610856,48.761471,179400
2015-02-09,48.489542,48.928833,48.347293,48.376579,150000
2015-02-10,48.665241,48.665241,47.962373,48.476974,111000
2015-02-11,48.380749,48.497893,48.062784,48.384933,249800
2015-02-12,48.669437,48.903725,48.619231,48.891174,285600
2015-02-13,48.899538,49.230054,48.886988,49.167297,295000
2015-02-17,49.200768,49.276075,48.991581,49.204952,267600
2015-02-18,49.054337,49.204952,48.895356,49.204952,153800
2015-02-19,49.016678,49.305354,48.949737,49.192394,157200
2015-02-20,49.137995,49.246773,48.698705,49.221672,112400
2015-02-23,48.962290,49.217499,48.707082,49.217499,212200
2015-02-24,49.305361,49.552203,49.138011,49.418324,136800
2015-02-25,49.405775,49.489451,49.192406,49.359756,117000
2015-02-26,49.384849,49.681894,49.359747,49.623322,120000
2015-02-27,49.644245,49.706998,49.455975,49.455975,127600
2015-03-02,49.464346,49.874350,49.430875,49.744656,335600
2015-03-03,49.648424,49.656793,49.317908,49.564751,144600
2015-03-04,49.322091,49.372297,49.033412,49.263519,269800
2015-03-05,49.280267,49.280267,48.907915,49.200775,135600
2015-03-06,48.928825,49.175667,48.518820,48.573208,105000
2015-03-09,48.757291,48.970662,48.702903,48.886986,131400
2015-03-10,48.460256,48.527194,48.117189,48.196678,128200
2015-03-11,48.246883,48.523011,48.020960,48.493725,135200
2015-03-12,48.803314,49.405771,48.803314,49.351383,132400
2015-03-13,49.317906,49.317906,48.535549,49.117088,122800
2015-03-16,49.347194,49.372298,49.138007,49.217499,92600
2015-03-17,49.112899,49.409944,48.999940,49.338821,101000
2015-03-18,49.259343,49.937110,49.096178,49.786495,153400
2015-03-19,49.623323,49.849245,49.543831,49.757202,105000
2015-03-20,49.949651,50.305268,49.840873,50.242512,137200
2015-03-23,50.238329,50.564660,50.238329,50.342922,181600
2015-03-24,50.334560,50.485174,50.267621,50.384766,106200
2015-03-25,50.444005,50.444005,49.460840,49.507057,162000
2015-03-26,49.364204,49.557475,49.238158,49.347397,174200
2015-03-27,49.372616,49.532274,49.099513,49.511265,181600
2015-03-30,49.637314,50.204525,49.637314,50.065876,209200
2015-03-31,49.885202,50.019652,49.771758,49.960831,193200
2015-04-01,49.981839,49.990244,49.519667,49.914616,606600
2015-04-02,49.901989,50.359961,49.851572,50.107868,318600
2015-04-06,49.868384,50.414586,49.788553,50.305347,361400
2015-04-07,50.196116,50.305357,49.902004,49.902004,226400
2015-04-08,49.944014,50.288542,49.897796,50.103672,120600
2015-04-09,50.095280,50.166705,49.519664,49.931416,185000
2015-04-10,50.086870,50.225522,50.023846,50.133087,120600
2015-04-13,50.175103,50.393586,50.141489,50.162498,109200
2015-04-14,50.242340,50.292756,49.893609,50.170914,114000
2015-04-15,50.359975,50.868364,50.309555,50.654083,156200
2015-04-16,50.599474,50.683504,50.439816,50.481831,128000
2015-04-17,50.133100,50.145704,49.507067,49.696136,214800
2015-04-20,49.906213,50.393597,49.906213,50.242340,138600
2015-04-21,50.284350,50.372582,49.918812,49.960831,372000
2015-04-22,49.977637,50.158304,49.586891,50.082676,124800
2015-04-23,49.994451,50.418810,49.973445,50.343182,100800
2015-04-24,50.376794,50.376794,50.133103,50.229740,128400
2015-04-27,50.334764,50.679292,49.670915,49.897800,274800
2015-04-28,49.927207,50.351562,49.733935,50.351562,134800
2015-04-29,50.078477,50.191918,49.834785,49.847389,82800
2015-04-30,49.570080,49.620497,48.864217,49.049084,141600
2015-05-01,49.158319,49.372600,48.876815,49.288567,267000
2015-05-04,49.338988,49.712928,49.204538,49.406212,256000
2015-05-05,49.381007,49.540669,48.763377,48.977657,959600
2015-05-06,49.036487,49.044892,48.658345,49.019680,184400
2015-05-07,48.990270,49.343204,48.822207,49.133125,267600
2015-05-08,49.561675,49.595288,49.347394,49.393612,142600
2015-05-11,49.389415,49.763354,49.288575,49.414623,144400
2015-05-12,49.280174,49.402020,48.696157,49.238159,114000
2015-05-13,49.351601,49.452438,49.032281,49.229755,124400
2015-05-14,49.460836,49.767548,49.385207,49.754944,146400
2015-05-15,49.666721,49.700334,49.477652,49.679325,220800
2015-05-18,49.620501,50.179310,49.532268,50.112083,152000
2015-05-19,50.044856,50.057460,49.809569,49.998638,261600
2015-05-20,50.112074,50.221315,49.889391,50.103672,163200
2015-05-21,50.070069,50.322163,49.986039,50.128891,100000
2015-05-22,50.036462,50.141501,49.691934,49.805378,90000
2015-05-26,49.628915,49.628915,49.049097,49.233967,110800
2015-05-27,49.305381,49.750750,49.057491,49.717136,98600
2015-05-28,49.591088,49.771755,49.427227,49.771755,79600
2015-05-29,49.717130,49.767547,49.221345,49.418819,122600
2015-06-01,49.666720,49.809575,49.120519,49.565884,113000
2015-06-02,49.364204,50.065868,49.364204,49.775959,109000
2015-06-03,49.876800,50.292754,49.746552,50.246536,404000
2015-06-04,50.032255,50.145696,49.662515,49.763355,85800
2015-06-05,49.603680,50.028039,49.305369,50.002831,97400
2015-06-08,49.918810,50.015447,49.675121,49.717136,115800
2015-06-09,49.750758,49.889408,49.460849,49.666725,104600
2015-06-10,49.935634,50.595280,49.935634,50.389404,202600
2015-06-11,50.515438,50.549048,50.275949,50.448212,139200
2015-06-12,50.229719,50.410387,50.133082,50.322151,90600
2015-06-15,50.015443,50.158295,49.490247,50.032249,116800
2015-06-16,49.952423,50.452410,49.952423,50.364178,81800
2015-06-17,50.460817,50.570059,50.166709,50.246536,158800
2015-06-18,50.460823,50.885182,50.355784,50.708717,249800
2015-06-19,50.826355,50.872572,50.595267,50.729717,206000
2015-06-22,50.964996,51.099446,50.893567,50.952389,132000
2015-06-23,50.990212,51.271716,50.948196,51.225498,97000
2015-06-24,51.252051,51.256263,50.851709,50.906494,111400
2015-06-25,51.096116,51.096116,50.653633,50.902267,129000
2015-06-26,50.961280,51.062417,50.598865,50.881210,87000
2015-06-29,50.615721,50.674718,49.595906,49.667545,463200
2015-06-30,50.055239,50.055239,49.520048,49.625401,157400
2015-07-01,50.029950,50.185870,49.545326,49.840313,991000
2015-07-02,49.903524,49.911955,49.338835,49.498970,325200
2015-07-06,49.085999,49.566407,49.014356,49.368343,175000
2015-07-07,49.376765,49.410479,48.470730,49.292484,1169800
2015-07-08,48.963790,49.195565,48.373814,48.668800,173200
2015-07-09,49.153421,49.262989,48.660370,48.702511,142800
2015-07-10,49.187143,49.334636,49.014363,49.279854,137200
2015-07-13,49.494769,49.743404,49.494769,49.697048,131000
2015-07-14,49.604341,50.021537,49.604341,49.949898,127800
2015-07-15,49.920389,49.920389,49.444196,49.503193,126600
2015-07-16,49.785553,50.029973,49.739198,49.810837,142800
2015-07-17,49.798174,49.840315,49.305124,49.406261,164600
2015-07-20,49.389411,49.389411,48.955358,49.043854,403800
2015-07-21,49.098645,49.406273,48.778371,48.892151,134600
2015-07-22,48.681426,48.951132,48.681426,48.879490,97200
2015-07-23,48.968000,48.968000,48.175748,48.260029,141800
2015-07-24,48.209457,48.302168,47.522554,47.606838,179400
2015-07-27,47.337134,47.497269,47.134855,47.248638,152200
2015-07-28,47.375060,47.648978,46.742943,47.560482,174200
2015-07-29,47.547848,47.981901,47.408782,47.851265,176200
2015-07-30,47.762764,48.074611,47.737481,48.032471,116000
2015-07-31,48.099891,48.504445,48.099891,48.285313,101600
2015-08-03,48.297957,48.297957,47.644768,47.952400,193800
2015-08-04,48.015616,48.293746,47.830194,47.935547,166200
2015-08-05,48.158893,48.614018,47.910261,48.095680,697800
2015-08-06,48.129402,48.213686,47.463571,47.830200,137800
2015-08-07,47.615266,47.788047,47.311850,47.450916,194600
2015-08-10,47.661632,48.192611,47.661632,48.146255,206000
2015-08-11,47.838619,47.952402,47.556274,47.775410,135200
2015-08-12,47.497263,47.674255,47.025281,47.619473,119400
2015-08-13,47.585776,47.788055,47.425641,47.488853,174200
2015-08-14,47.509913,47.965038,47.463557,47.910255,127600
2015-08-17,47.817544,48.310595,47.636337,48.192600,159800
2015-08-18,48.192605,48.192605,47.872331,47.965042,192800
2015-08-19,47.737473,47.830184,47.219139,47.514126,160200
2015-08-20,47.147506,47.181219,46.519604,46.519604,378600
2015-08-21,45.933832,46.641803,45.815837,46.030758,460000
2015-08-24,44.395685,45.857983,33.042866,44.286118,969000
2015-08-25,44.728597,45.967547,43.670853,43.696140,411600
2015-08-26,44.130189,44.825518,43.793058,44.703308,459600
2015-08-27,45.065740,45.676786,44.635899,45.457653,584000
2015-08-28,45.419722,45.980200,45.293301,45.900131,283800
2015-08-31,45.731565,46.148764,45.659925,46.056053,215400
2015-09-01,45.596710,45.630424,44.652750,44.774960,325000
2015-09-02,45.230088,45.318584,44.753891,45.305943,1052400
2015-09-03,45.369148,45.815843,45.221652,45.394432,1425000
2015-09-04,44.943515,45.259574,44.800234,44.914017,137000
2015-09-08,45.508210,45.853767,45.360716,45.790558,186600
2015-09-09,46.022333,46.123471,45.301720,45.301720,160000
2015-09-10,45.213232,45.685213,45.213232,45.305943,114800
2015-09-11,45.091019,45.386005,44.897170,45.352295,128400
2015-09-14,45.432347,45.432347,45.091005,45.158432,168400
2015-09-15,45.187931,45.790549,45.187931,45.735764,121800
2015-09-16,45.735774,46.233040,45.735774,46.220398,156000
2015-09-17,46.182472,46.793520,46.030767,46.152973,181000
2015-09-18,45.605137,45.845341,45.225866,45.348076,148600
2015-09-21,45.596710,46.068692,45.533501,45.579857,225200
2015-09-22,45.120511,45.297503,44.766527,44.951946,165800
2015-09-23,45.074166,45.192160,44.644327,44.829746,146000
2015-09-24,44.543180,44.956164,44.378830,44.905594,118400
2015-09-25,45.248581,45.366999,44.817200,44.914471,134400
2015-09-28,44.817191,44.821421,43.920592,43.975574,307800
2015-09-29,44.000963,44.187050,43.645706,43.789501,336600
2015-09-30,44.153213,44.377362,43.937522,44.318153,415200
2015-10-01,44.347753,44.406962,43.556885,44.055935,3351200
2015-10-02,43.637240,44.542296,43.324278,44.521149,549000
2015-10-05,44.897562,45.925263,44.897562,45.853367,691400
2015-10-06,45.849130,46.229759,45.582686,45.806835,174600
2015-10-07,46.031002,46.487761,45.815314,46.453926,189800
2015-10-08,46.369328,47.185570,46.343953,47.109444,163800
2015-10-09,47.223652,47.329383,46.999500,47.071400,140200
2015-10-12,47.096768,47.164434,46.881076,47.100998,199600
2015-10-13,46.885306,47.299769,46.585031,46.610405,123800
2015-10-14,46.627313,46.809170,46.077511,46.149410,116200
2015-10-15,46.225543,47.033325,45.887203,47.033325,142400
2015-10-16,47.037553,47.037553,46.534273,46.902218,97000
2015-10-19,46.652675,47.003702,46.568091,46.876823,220800
2015-10-20,46.821850,47.287065,46.779558,47.143272,107000
2015-10-21,47.261693,47.261693,46.445450,46.449680,204600
2015-10-22,46.665382,47.194036,46.640008,46.897991,224000
2015-10-23,47.270162,47.384353,46.851468,47.287079,276400
2015-10-26,47.299767,47.346288,46.991034,47.041786,140800
2015-10-27,46.826091,46.897987,46.276289,46.398937,249200
2015-10-28,46.513133,47.726921,46.513133,47.726921,316800
2015-10-29,47.549296,47.676174,47.198268,47.350521,178200
2015-10-30,47.219410,47.460476,47.054470,47.227867,126800
2015-11-02,47.181360,48.162542,47.181360,48.031437,212000
2015-11-03,47.917229,48.598136,47.917229,48.344379,363400
2015-11-04,48.416279,48.488175,48.022960,48.175213,551400
2015-11-05,48.137142,48.492400,47.917224,48.382439,172000
2015-11-06,48.285182,48.589687,47.921467,48.589687,94200
2015-11-09,48.547395,48.547395,47.748069,47.908779,556200
2015-11-10,47.752294,48.069487,47.705772,48.039879,446800
2015-11-11,48.124458,48.149832,47.591574,47.625408,202200
2015-11-12,47.320904,47.320904,46.644227,46.669601,152000
2015-11-13,46.546951,46.872603,46.217071,46.360867,104600
2015-11-16,46.339719,46.931812,46.280510,46.931812,162600
2015-11-17,46.986792,47.333589,46.656913,46.707664,172800
2015-11-18,46.872607,47.447783,46.686519,47.413948,102200
2015-11-19,47.333586,47.392795,47.117897,47.282837,114000
2015-11-20,47.439314,47.815716,47.439314,47.566193,301600
2015-11-23,47.540826,47.921455,47.477387,47.743828,165800
2015-11-24,47.587353,48.204824,47.473165,48.158302,94600
2015-11-25,48.128685,48.424730,48.056786,48.382439,108200
2015-11-27,48.365529,48.606595,48.255568,48.467030,44400
2015-11-30,48.610826,48.750388,48.352842,48.395134,533400
2015-12-01,48.568530,48.750388,48.361299,48.712326,227200
2015-12-02,48.699636,48.779989,48.162521,48.234421,710600
2015-12-03,48.344377,48.576986,47.380112,47.545052,299800
2015-12-04,47.477399,47.993366,47.418190,47.908779,120800
2015-12-07,47.887628,47.887628,47.016403,47.177116,138000
2015-12-08,46.754188,47.067151,46.458140,46.749958,221000
2015-12-09,46.669618,47.041793,46.052150,46.200172,139800
2015-12-10,46.157859,46.496199,46.030981,46.229755,295800
2015-12-11,45.781469,45.811074,45.197836,45.328941,283200
2015-12-14,45.328928,45.481181,44.825648,45.121696,578400
2015-12-15,45.383915,45.777234,45.312018,45.696880,314200
2015-12-16,45.954860,46.420076,45.688417,46.360867,254400
2015-12-17,46.491979,46.542731,45.781468,45.861824,393000
2015-12-18,45.650362,45.650362,45.011746,45.113247,260200
2015-12-21,45.371236,45.578468,45.117483,45.400841,867600
2015-12-22,45.544640,46.128274,45.252822,46.064835,278400
2015-12-23,46.327043,46.817633,46.305896,46.779572,240600
2015-12-24,46.827569,47.112118,46.674676,46.853050,132800
2015-12-28,46.666160,46.687397,46.131039,46.555740,325800
2015-12-29,46.780838,47.031410,46.513274,46.976200,249000
2015-12-30,46.950712,47.039899,46.496282,46.500526,223200
2015-12-31,46.322168,46.432592,45.897467,45.935692,291800
2016-01-04,45.268896,45.268896,44.521424,45.056545,927200
2016-01-05,45.205198,45.213691,44.814471,45.145741,796600
2016-01-06,44.589367,44.895153,44.334547,44.568134,381800
2016-01-07,43.863141,44.117961,43.361993,43.408710,314400
2016-01-08,43.506403,43.693270,42.550825,42.601788,467200
2016-01-11,42.767403,42.975509,42.219541,42.572041,398400
2016-01-12,42.903313,43.026477,41.879785,42.533825,399200
2016-01-13,42.661232,42.839609,41.191767,41.446587,390800
2016-01-14,41.612231,42.410668,41.162045,42.032684,415000
2016-01-15,40.949688,41.501801,40.397578,41.438095,655200
2016-01-19,41.790601,41.790601,40.520745,40.915714,500800
2016-01-20,40.393342,41.416870,39.497222,41.047382,387600
2016-01-21,41.009153,41.675934,40.835027,41.013401,366400
2016-01-22,41.633468,42.019948,41.446599,41.892536,543800
2016-01-25,41.650457,41.692927,40.885994,40.949699,276400
2016-01-26,41.128065,42.155845,41.128065,42.066658,489400
2016-01-27,41.905277,42.317238,41.408377,41.578259,262400
2016-01-28,42.002937,42.219536,41.705645,41.807575,290200
2016-01-29,41.981711,43.251567,41.947734,43.247322,350000
2016-02-01,42.911810,43.196359,42.457380,42.984009,328000
2016-02-02,42.482865,42.546570,41.909519,42.092140,645200
2016-02-03,42.453131,42.525329,41.476320,42.372437,585400
2016-02-04,42.321471,43.175122,42.321471,42.678219,742000
2016-02-05,42.516834,42.623009,41.934992,41.951981,543200
2016-02-08,41.544259,41.905255,41.136547,41.807575,861000
2016-02-09,41.276714,41.879789,41.204513,41.472076,348600
2016-02-10,41.650459,42.011454,41.255486,41.289463,332400
2016-02-11,40.699113,40.996403,40.231942,40.703358,320600
2016-02-12,41.106832,41.548522,40.890233,41.480568,286000
2016-02-16,41.935005,42.436153,41.688681,42.368202,278400
2016-02-17,42.665487,43.298291,42.631510,42.865097,261400
2016-02-18,42.886323,42.937286,42.559302,42.826862,300000
2016-02-19,42.695220,43.005253,42.495610,42.886337,252200
2016-02-22,43.302531,43.587080,43.141146,43.395966,170600
2016-02-23,43.264308,43.417201,43.090179,43.090179,202600
2016-02-24,42.746177,43.616812,42.576296,43.570095,243000
2016-02-25,43.680515,43.965064,43.429943,43.952324,280000
2016-02-26,44.147684,44.270847,43.867383,44.075485,183400
2016-02-29,44.075495,44.580891,44.033026,44.147694,171600
2016-03-01,44.457734,44.895176,44.296349,44.895176,149200
2016-03-02,44.907902,45.502484,44.827211,45.493992,260800
2016-03-03,45.519491,46.165036,45.519491,46.122566,546200
2016-03-04,46.152273,46.793573,46.075827,46.449566,188800
2016-03-07,46.334899,47.201290,46.334899,47.201290,325000
2016-03-08,46.908246,46.908246,45.982397,46.020622,133200
2016-03-09,46.228722,46.424085,46.003631,46.317909,96800
2016-03-10,46.424094,46.526024,45.570446,45.995148,136800
2016-03-11,46.356148,46.976211,46.339159,46.921001,124200
2016-03-14,46.797828,46.857286,46.449574,46.721382,129400
2016-03-15,46.411347,46.411347,45.978153,46.075832,121200
2016-03-16,45.859240,46.585479,45.829511,46.419846,346800
2016-03-17,46.432579,47.681198,46.305167,47.507072,262400
2016-03-18,47.757654,48.020970,47.689703,47.902054,153400
2016-03-21,47.829863,47.991248,47.570795,47.770405,359200
2016-03-22,47.541055,47.778887,47.388162,47.566536,134400
2016-03-23,47.405843,47.405843,46.719605,46.732391,436200
2016-03-24,46.510745,46.992390,46.280578,46.992390,2944600
2016-03-28,47.094697,47.205519,46.655675,46.971088,506800
2016-03-29,46.868785,48.232738,46.766490,48.232738,168200
2016-03-30,48.505548,48.560958,48.121936,48.258331,214400
2016-03-31,48.296678,48.458650,48.168810,48.300941,205800
2016-04-01,47.870445,48.322256,47.687163,48.292419,1368000
2016-04-04,48.254051,48.313724,47.657322,47.712734,1990600
2016-04-05,47.341916,47.533720,47.035026,47.056339,2599000
2016-04-06,47.064852,47.358955,46.775012,47.324856,303400
2016-04-07,47.035011,47.145833,46.416971,46.630089,230600
2016-04-08,47.013705,47.341904,46.757961,46.941242,439600
2016-04-11,47.175680,47.648801,46.975349,46.975349,159400
2016-04-12,47.030756,47.704208,46.966823,47.529453,339200
2016-04-13,47.844885,48.633419,47.823571,48.586533,195800
2016-04-14,48.577997,48.654719,48.335043,48.514061,197600
2016-04-15,48.343565,48.752751,48.343565,48.671768,239000
2016-04-18,48.420278,49.051107,48.411754,49.008484,231200
2016-04-19,49.157681,49.549816,49.055382,49.319649,194400
2016-04-20,49.332422,49.537016,49.115044,49.302586,170600
2016-04-21,49.298324,49.396356,48.837990,48.918972,169400
2016-04-22,48.936031,49.537024,48.936031,49.485874,158800
2016-04-25,49.396363,49.396363,48.820947,49.089474,2237200
2016-04-26,49.289794,49.860951,49.225859,49.839638,551400
2016-04-27,49.848164,50.223253,49.797018,50.159317,439000
2016-04-28,50.005874,50.167842,49.460294,49.554066,218800
2016-04-29,49.524238,49.745879,48.970132,49.328171,209600
2016-05-02,49.434727,49.613745,49.093738,49.575382,671800
2016-05-03,49.251445,49.251445,48.471434,48.846519,983200
2016-05-04,48.633397,49.230127,48.509789,48.590775,2346000
2016-05-05,48.931766,48.931766,48.194379,48.254051,633000
2016-05-06,48.032411,48.722909,47.989785,48.714386,419200
2016-05-09,48.808150,48.808150,48.339292,48.471424,249600
2016-05-10,48.658984,49.085219,48.552425,49.012756,837000
2016-05-11,48.948822,48.948822,48.424555,48.441605,153000
2016-05-12,48.650454,48.727176,47.921593,48.266842,290600
2016-05-13,48.092081,48.386180,47.708469,47.763878,552800
2016-05-16,47.904534,48.467164,47.857648,48.228474,394600
2016-05-17,48.117669,48.390460,47.197004,47.465530,250200
2016-05-18,47.303553,48.023887,47.243877,47.563553,237200
2016-05-19,47.312068,47.367477,46.855996,47.226822,354200
2016-05-20,47.452737,47.959955,47.452737,47.951431,130600
2016-05-23,47.985524,48.160279,47.763880,47.840603,423800
2016-05-24,48.087834,48.825222,48.087834,48.744236,1815800
2016-05-25,48.803897,49.213083,48.714389,49.102261,549000
2016-05-26,49.161935,49.259970,48.906194,48.978657,189000
2016-05-27,48.978656,49.413414,48.953080,49.413414,144400
2016-05-31,49.532765,49.767195,49.315384,49.545551,195400
2016-06-01,49.413414,49.933421,49.187510,49.873749,230800
2016-06-02,49.703253,50.112438,49.635054,50.112438,249200
2016-06-03,50.057029,50.057029,49.558331,49.882271,1946600
2016-06-06,49.976051,50.687863,49.976051,50.538681,357000
2016-06-07,50.538672,50.909498,50.457686,50.730476,258000
2016-06-08,50.819994,51.233439,50.773108,51.126881,215200
2016-06-09,50.909502,50.909502,50.547199,50.845566,223600
2016-06-10,50.368179,50.517361,50.031453,50.172112,591600
2016-06-13,49.958988,50.163582,49.494394,49.579639,287000
2016-06-14,49.400623,49.686200,49.200292,49.549805,313200
2016-06-15,49.660633,50.035719,49.515712,49.558334,909800
2016-06-16,49.230129,49.575378,48.816680,49.549805,136400
2016-06-17,49.549808,49.971780,49.430463,49.664890,129400
2016-06-20,50.210469,50.658014,50.210469,50.236042,193000
2016-06-21,50.261702,50.274530,49.778500,50.112038,346600
2016-06-22,50.184735,50.411370,49.834092,49.864025,311600
2016-06-23,50.364325,50.817595,50.364325,50.791939,251200
2016-06-24,49.098589,49.539031,48.683804,48.983135,2238800
2016-06-27,48.388760,48.388760,47.148680,47.366760,584400
2016-06-28,47.798647,48.149290,47.627601,47.879894,498400
2016-06-29,48.431523,48.953212,48.431523,48.884792,229000
2016-06-30,49.021621,49.958096,48.816368,49.958096,715600
2016-07-01,49.966657,50.330128,49.872581,50.137703,896400
2016-07-05,49.928159,50.116306,48.995961,49.308117,358200
2016-07-06,49.072941,49.658769,48.940378,49.547592,1779800
2016-07-07,49.654498,50.026520,49.303855,49.568974,519800
2016-07-08,49.975199,50.873187,49.975199,50.804768,591600
2016-07-11,51.142591,51.476129,51.035688,51.416264,1001400
2016-07-12,51.732677,52.476724,51.659980,52.224430,515800
2016-07-13,52.433983,52.481021,51.933673,52.185966,445400
2016-07-14,52.575090,52.647786,52.198791,52.220173,202800
2016-07-15,52.374117,52.609302,52.198794,52.382668,294600
2016-07-18,52.280047,52.613585,52.198800,52.442539,288800
2016-07-19,52.322805,52.408326,51.980713,52.104721,202600
2016-07-20,52.198792,52.506675,51.865254,52.335629,303200
2016-07-21,52.288583,52.506666,51.959322,52.091881,423400
2016-07-22,52.066227,52.481013,51.916563,52.399765,137200
2016-07-25,52.233003,52.365562,52.032024,52.207344,164800
2016-07-26,52.160307,52.596472,52.130374,52.553711,229600
2016-07-27,52.647785,52.797449,52.267209,52.630680,235600
2016-07-28,52.510943,52.536599,52.211612,52.339897,242200
2016-07-29,52.254379,52.720479,52.023470,52.485291,196800
2016-08-01,52.493846,52.639233,52.100439,52.408321,238400
2016-08-02,52.382673,52.446816,51.531723,51.600140,318200
2016-08-03,51.488957,51.903740,51.356395,51.903740,771400
2016-08-04,51.865255,52.168861,51.805390,51.839600,228600
2016-08-05,52.138923,52.771792,52.096162,52.634953,309000
2016-08-08,52.652065,52.895805,52.626409,52.724762,364200
2016-08-09,52.767523,52.874427,52.613582,52.686275,264400
2016-08-10,52.729034,52.823109,52.250109,52.468189,301600
2016-08-11,52.656336,52.891524,52.566537,52.754688,216800
2016-08-12,52.634958,52.801730,52.391218,52.647789,360800
2016-08-15,52.724762,53.280657,52.724762,53.165203,159200
2016-08-16,53.049742,53.071124,52.767519,52.831661,275400
2016-08-17,52.810282,52.810282,52.425429,52.711929,1995800
2016-08-18,52.741864,53.148099,52.699103,53.036919,205800
2016-08-19,52.857313,53.109604,52.724754,53.058292,197200
2016-08-22,52.955668,53.212239,52.741861,53.173752,221200
2016-08-23,53.357621,53.691159,53.357621,53.532944,345600
2016-08-24,53.434599,53.477360,53.062574,53.160927,274600
2016-08-25,53.019812,53.464530,52.938568,53.361904,273600
2016-08-26,53.460241,53.793782,52.848753,53.122429,240600
2016-08-29,53.182305,53.562881,53.182305,53.408939,265800
2016-08-30,53.417491,53.554327,53.190856,53.387558,143600
2016-08-31,53.314866,53.349076,52.788900,53.079678,241600
2016-09-01,53.075397,53.186574,52.498116,53.041187,263000
2016-09-02,53.293481,53.712543,53.293481,53.712543,185000
2016-09-06,53.862198,53.862198,53.327681,53.631287,454000
2016-09-07,53.567147,53.981933,53.520113,53.969105,461200
2016-09-08,53.909255,53.909255,53.733935,53.862217,414800
2016-09-09,53.421767,53.421767,52.134650,52.143204,291200
2016-09-12,51.890913,52.729036,51.860981,52.724762,226200
2016-09-13,52.292865,52.378387,51.437638,51.715588,457000
2016-09-14,51.754087,51.925133,51.403444,51.467587,148600
2016-09-15,51.463290,52.138920,51.429080,52.100433,152200
2016-09-16,51.839602,52.044855,51.754078,52.002094,118800
2016-09-19,52.220176,52.673445,52.091890,52.382668,147800
2016-09-20,52.583641,52.605020,52.108990,52.108990,144800
2016-09-21,52.301414,52.964216,52.258653,52.938560,177800
2016-09-22,53.276369,53.815163,53.276369,53.815163,221600
2016-09-23,53.708268,53.798066,53.408939,53.408939,195800
2016-09-26,53.161435,53.281544,52.818263,52.852581,280400
2016-09-27,52.758198,52.994129,52.642379,52.878307,157800
2016-09-28,52.908344,53.513184,52.753920,53.513184,212000
2016-09-29,53.496009,53.551773,52.895460,52.942646,233000
2016-09-30,53.208602,53.761965,52.968384,53.538902,586600
2016-10-03,53.341594,53.487443,53.127112,53.375912,3626000
2016-10-04,53.504604,53.564658,52.835419,53.032742,517200
2016-10-05,53.264381,53.659027,53.242935,53.380203,440000
2016-10-06,53.298689,53.444535,52.869725,53.345875,305600
2016-10-07,53.440244,53.551772,52.650950,52.839695,192200
2016-10-10,53.161419,53.616119,53.161419,53.397350,116600
2016-10-11,53.225765,53.272951,52.277757,52.578030,251400
2016-10-12,52.582334,52.976979,52.415038,52.728180,458600
2016-10-13,52.329240,52.372136,51.874540,52.119049,234400
2016-10-14,52.290629,52.586611,52.020380,52.067566,1027600
2016-10-17,52.067578,52.256323,51.956049,51.968918,438600
2016-10-18,52.470805,52.470805,52.097606,52.230587,309800
2016-10-19,52.316374,52.745337,52.071865,52.560883,530800
2016-10-20,52.397878,52.509410,52.007520,52.247742,323800
2016-10-21,51.895984,52.286339,51.763004,52.131912,284800
2016-10-24,52.496544,52.813979,52.307802,52.535152,284600
2016-10-25,52.487953,52.586612,52.016094,52.131912,276200
2016-10-26,51.891699,52.333530,51.745850,51.861671,191400
2016-10-27,51.943169,51.947459,51.325464,51.411255,251200
2016-10-28,51.355497,51.702956,51.106697,51.243965,317800
2016-10-31,51.342624,51.561393,51.089534,51.535656,310200
2016-11-01,51.651477,51.651477,50.561910,50.823578,418800
2016-11-02,50.750657,50.879348,50.223034,50.283089,294600
2016-11-03,50.416052,50.639115,50.150097,50.231598,663800
2016-11-04,50.334555,51.003740,50.278791,50.501854,216800
2016-11-07,51.381228,51.835928,51.381228,51.724400,381800
2016-11-08,51.595711,52.071860,51.338333,51.848801,192400
2016-11-09,51.424122,53.616125,51.424122,53.504597,458000
2016-11-10,54.023647,54.911597,53.774847,54.611324,634800
2016-11-11,54.697120,56.142727,54.649933,56.031193,747800
2016-11-14,56.678936,57.493964,56.575982,57.013527,490800
2016-11-15,56.880532,57.258015,56.580253,57.163643,520400
2016-11-16,57.043547,57.300928,56.932019,57.249454,313800
2016-11-17,57.408159,57.708432,57.240863,57.378128,404000
2016-11-18,57.442499,57.609794,57.309521,57.549740,351400
2016-11-21,57.837143,58.017307,57.421048,57.819981,517800
2016-11-22,58.094507,58.780851,58.000141,58.767982,625200
2016-11-23,58.767970,59.111142,58.497721,59.076824,739000
2016-11-25,59.171202,59.278442,59.085410,59.278442,191600
2016-11-28,59.308459,59.308459,58.480563,58.574936,431600
2016-11-29,58.574942,58.888083,58.416221,58.566360,564800
2016-11-30,58.866626,59.033922,58.300398,58.411926,474800
2016-12-01,58.665035,58.896679,58.098806,58.308994,372000
2016-12-02,58.339032,58.720810,58.296133,58.424824,250600
2016-12-05,58.853775,59.561568,58.832325,59.518669,569200
2016-12-06,59.621614,60.247896,59.274148,60.157818,696600
2016-12-07,60.132071,60.947106,60.016256,60.848446,605200
2016-12-08,61.024311,61.916555,60.857015,61.847919,611600
2016-12-09,62.066712,62.143922,61.676354,62.028107,568200
2016-12-12,61.985202,62.156785,61.217361,61.354626,575600
2016-12-13,61.603417,61.899402,60.955684,61.328880,762400
2016-12-14,61.157298,61.303144,60.380869,60.488110,353200
2016-12-15,60.573902,61.406085,60.432343,61.062920,337800
2016-12-16,61.221651,61.569111,60.616812,60.724052,326800
2016-12-19,60.801262,61.157303,60.659704,60.964264,219400
2016-12-20,61.221644,61.744980,61.153008,61.624870,321600
2016-12-21,61.572341,61.611095,61.232213,61.245129,397800
2016-12-22,61.219295,61.262346,60.371119,60.543335,339200
2016-12-23,60.612229,60.801670,60.504593,60.737091,245200
2016-12-27,60.831816,61.322638,60.810294,61.098759,280400
2016-12-28,61.202086,61.275284,60.241970,60.435715,304800
2016-12-29,60.500301,60.896402,60.220442,60.547661,311800
2016-12-30,60.650989,60.650989,60.091285,60.280720,358200
2017-01-03,60.960989,61.159043,60.246281,60.741413,2488400
2017-01-04,61.064308,61.916786,61.055695,61.856510,911600
2017-01-05,61.697213,61.697213,60.508902,60.793064,894400
2017-01-06,60.948052,60.965278,60.435702,60.470146,623000
2017-01-09,60.285010,60.448613,59.802794,59.832935,632200
2017-01-10,59.888927,60.551965,59.811425,60.388355,352200
2017-01-11,60.422787,60.663891,60.061130,60.599312,411600
2017-01-12,60.547647,60.547647,59.217255,59.893215,545400
2017-01-13,60.018063,60.551942,60.018063,60.328056,293400
2017-01-17,60.099883,60.164469,59.514341,59.600449,338200
2017-01-18,59.699486,59.789897,59.363661,59.768375,288000
2017-01-19,59.832940,59.936274,58.890044,59.113930,349400
2017-01-20,59.281850,59.596147,59.156988,59.432537,369000
2017-01-23,59.303360,59.445441,58.821145,59.126835,363400
2017-01-24,59.346419,60.203208,59.320588,60.005154,417600
2017-01-25,60.470149,60.784446,60.470149,60.689732,329000
2017-01-26,60.685426,60.780146,60.177385,60.263493,590000
2017-01-27,60.306548,60.401262,59.725309,59.987942,318800
2017-01-30,59.591837,59.609056,58.627413,59.075184,1150600
2017-01-31,58.928793,59.656416,58.696301,59.553089,1253000
2017-02-01,59.953503,60.237664,59.260324,59.466984,279200
2017-02-02,59.462675,59.647807,59.053658,59.191429,390000
2017-02-03,59.699477,60.168771,59.471289,60.117107,1319800
2017-02-06,59.957793,60.061127,59.406696,59.566002,449800
2017-02-07,59.630585,59.906134,59.156982,59.316288,331000
2017-02-08,59.023518,59.264623,58.670474,59.208656,355200
2017-02-09,59.208655,60.241963,59.208655,60.181686,314600
2017-02-10,60.474459,60.767227,60.276405,60.706951,413200
2017-02-13,61.008323,61.184848,60.620834,60.745689,232800
2017-02-14,60.564873,60.982503,60.444320,60.939445,319400
2017-02-15,60.737088,61.365681,60.681115,61.301102,444800
2017-02-16,61.258056,61.369995,60.633765,61.051395,202600
2017-02-17,60.900696,60.952366,60.620844,60.952366,309200
2017-02-21,61.128880,61.520678,61.077217,61.490543,235000
2017-02-22,61.456110,61.456110,61.042783,61.249443,335000
2017-02-23,61.387216,61.408745,60.534738,60.857647,187000
2017-02-24,60.379733,60.879161,60.302232,60.861942,219600
2017-02-27,60.767240,61.456116,60.681132,61.404446,345800
2017-02-28,61.146119,61.146119,60.349606,60.358219,773400
2017-03-01,61.124563,61.684274,61.124563,61.464691,492400
2017-03-02,61.464711,61.464711,60.793061,60.857647,324200
2017-03-03,60.853334,61.103051,60.289320,60.564869,311400
2017-03-06,60.224743,60.229046,59.746837,59.987942,409800
2017-03-07,59.863072,60.000850,59.466971,59.501415,257800
2017-03-08,59.708065,59.824314,59.070859,59.096691,247600
2017-03-09,59.045028,59.251688,58.554206,58.717815,397400
2017-03-10,59.126861,59.217272,58.610207,59.001999,281600
2017-03-13,58.941713,59.380871,58.941713,59.144070,200000
2017-03-14,58.898672,59.070888,58.446598,59.001999,187400
2017-03-15,59.238785,60.043910,59.187122,59.858772,230400
2017-03-16,59.884595,60.203201,59.841544,60.013760,156200
2017-03-17,60.018065,60.375419,59.621964,60.241951,172400
2017-03-20,60.276384,60.319441,59.690842,59.867367,216200
2017-03-21,60.125708,60.125708,58.326030,58.373390,537200
2017-03-22,58.179640,58.347553,57.619929,58.162415,315000
2017-03-23,58.149516,58.941718,58.016047,58.614506,252800
2017-03-24,58.797438,58.957465,58.217898,58.486042,360800
2017-03-27,57.720551,58.702306,57.586472,58.555260,1297600
2017-03-28,58.369256,59.108816,58.308708,59.069893,417400
2017-03-29,59.018015,59.441857,58.918537,59.299133,400200
2017-03-30,59.372652,59.857042,59.372652,59.818119,235200
2017-03-31,59.848396,60.159791,59.671072,59.965164,168000
2017-04-03,60.034367,60.086264,58.754191,58.775810,3493000
2017-04-04,58.762844,59.074239,58.581197,58.801773,772800
2017-04-05,59.191009,59.485102,58.057879,58.213577,829000
2017-04-06,58.256822,58.918536,58.109776,58.853664,1655400
2017-04-07,58.672013,58.970434,58.477392,58.771484,436000
2017-04-10,58.793128,59.441867,58.689327,59.091549,423800
2017-04-11,58.870969,59.597561,58.749871,59.588909,629200
2017-04-12,59.467805,59.467805,58.620116,58.684994,302000
2017-04-13,58.594180,58.719607,57.910840,58.005989,481800
2017-04-17,58.105456,58.659047,57.954081,58.628769,376000
2017-04-18,58.343327,58.775820,58.191958,58.719601,318400
2017-04-19,58.832049,59.381317,58.832049,58.992069,312600
2017-04-20,59.229935,59.874352,59.182361,59.831100,478800
2017-04-21,59.697025,59.792174,59.355358,59.580250,498000
2017-04-24,60.419278,60.466852,60.103560,60.276554,270200
2017-04-25,60.687439,61.106952,60.687439,60.795563,256000
2017-04-26,60.786897,61.587005,60.786897,61.236687,256600
2017-04-27,61.340505,61.461603,60.929638,61.163181,194000
2017-04-28,61.189127,61.189127,60.272243,60.272243,372800
2017-05-01,60.458215,60.674462,60.043026,60.427944,253600
2017-05-02,60.410626,60.670124,60.099237,60.276554,517000
2017-05-03,59.995455,60.177101,59.658111,59.917603,686800
2017-05-04,60.047346,60.159798,59.376980,59.766228,492600
2017-05-05,60.008400,60.250595,59.671056,60.250595,387000
2017-05-08,60.077631,60.280903,59.818132,60.030056,412600
2017-05-09,60.081946,60.311167,59.934900,60.125198,426800
2017-05-10,60.004093,60.574980,59.947867,60.501457,312800
2017-05-11,60.198731,60.203054,59.441868,59.943562,234200
2017-05-12,59.666741,59.783510,59.303442,59.372643,269600
2017-05-15,59.597567,60.103583,59.597567,59.761909,167200
2017-05-16,59.839758,59.900307,59.333742,59.649460,182200
2017-05-17,58.788797,59.018025,58.196284,58.261162,373200
2017-05-18,58.105446,58.563888,57.971368,58.334667,332600
2017-05-19,58.421176,59.009367,58.421176,58.667694,143600
2017-05-22,58.819058,59.221273,58.793109,59.160725,509800
2017-05-23,59.277506,59.428882,58.883936,59.316429,206800
2017-05-24,59.342390,59.653779,59.082891,59.268860,176400
2017-05-25,59.558625,59.796491,59.113151,59.376972,224600
2017-05-26,59.273191,59.437534,59.009370,59.329411,123400
2017-05-30,59.165053,59.260202,58.862309,58.957458,142000
2017-05-31,59.095854,59.095854,58.191945,58.909885,227800
2017-06-01,59.048302,60.025734,58.823403,60.025734,177800
2017-06-02,60.120854,60.817168,59.930563,60.228977,239200
2017-06-05,60.155498,60.263621,59.779231,59.805180,155000
2017-06-06,59.536993,59.939208,59.212623,59.597542,134000
2017-06-07,59.666771,59.891663,59.485118,59.627842,395000
2017-06-08,59.623494,60.743650,59.584572,60.445229,156000
2017-06-09,60.661498,61.483239,60.557703,61.210766,224800
2017-06-12,61.275627,61.803269,61.020458,61.163181,184600
2017-06-13,61.318864,61.621608,61.124244,61.383736,168000
2017-06-14,61.431311,61.431311,60.756622,61.145870,125800
2017-06-15,60.484173,60.981537,60.423624,60.856117,352200
2017-06-16,60.635539,60.735011,60.073297,60.427944,98800
2017-06-19,60.600933,60.817180,60.363067,60.618237,154800
2017-06-20,60.393342,60.432265,59.813803,59.857048,125000
2017-06-21,59.921905,59.921905,59.411560,59.411560,125800
2017-06-22,59.346724,59.865715,59.178052,59.627842,126800
2017-06-23,59.757584,60.216025,59.519711,60.120876,106400
2017-06-26,60.315497,60.531744,59.973824,60.332794,106800
2017-06-27,60.340169,60.600439,60.010484,60.036510,218600
2017-06-28,60.309808,61.086296,60.309808,60.956158,212600
2017-06-29,61.068931,61.116648,60.001812,60.691536,280200
2017-06-30,60.834687,60.969161,60.478976,60.652496,167800
2017-07-03,60.808637,61.489690,60.808637,61.324848,147600
2017-07-05,61.147006,61.147006,60.418236,60.817322,112600
2017-07-06,60.435631,60.500697,59.806630,59.984486,195600
2017-07-07,60.049547,60.630831,59.889047,60.574436,224400
2017-07-10,60.387892,60.713234,60.084233,60.262089,255800
2017-07-11,60.201362,60.387895,59.771908,60.301132,114600
2017-07-12,60.674187,61.160036,60.639483,60.782635,102400
2017-07-13,60.808658,61.060257,60.565737,61.051586,115400
2017-07-14,60.943129,61.342215,60.943129,61.147011,106200
2017-07-17,61.125330,61.563455,60.934461,61.389942,113200
2017-07-18,61.238128,61.272832,60.904108,61.151371,130800
2017-07-19,61.290174,61.901820,61.290174,61.875793,125000
2017-07-20,61.962546,62.140401,61.776019,61.997250,560600
2017-07-21,61.932176,62.031946,61.494044,61.676235,145600
2017-07-24,61.572131,61.606835,61.285828,61.554775,302400
2017-07-25,61.880119,62.335600,61.745645,62.162086,143200
2017-07-26,62.062309,62.062309,61.507052,61.611164,218200
2017-07-27,61.689238,61.771653,61.103620,61.420284,134400
2017-07-28,61.277158,61.420309,60.973506,61.285835,80200
2017-07-31,61.428970,61.428970,60.834681,61.107964,160200
2017-08-01,61.415971,61.415971,60.917109,61.303188,183600
2017-08-02,61.212099,61.311869,60.374881,60.526711,161200
2017-08-03,60.613452,60.700209,60.097241,60.236057,134200
2017-08-04,60.322807,60.604775,60.092899,60.544044,267600
2017-08-07,60.565733,60.704549,60.283772,60.470299,131000
2017-08-08,60.435603,61.068932,60.127609,60.227379,148600
2017-08-09,59.958432,60.014827,59.550668,59.745872,123400
2017-08-10,59.589702,59.602715,58.943359,58.952030,398000
2017-08-11,58.852259,59.064819,58.631029,58.826233,261200
2017-08-14,59.216661,59.732872,59.216661,59.633102,259400
2017-08-15,59.802266,59.802266,58.991081,59.030121,463600
2017-08-16,59.099538,59.429216,58.965058,59.034466,233800
2017-08-17,58.813222,59.051808,57.902261,57.910938,361200
2017-08-18,57.737433,57.945650,57.477157,57.750446,181200
2017-08-21,57.642011,57.815524,57.477169,57.628998,241200
2017-08-22,57.850202,58.257965,57.850202,58.218925,165000
2017-08-23,57.858892,58.270991,57.759116,58.015057,139000
2017-08-24,58.275320,58.414135,58.132168,58.162537,149400
2017-08-25,58.310034,58.722133,58.301356,58.574646,200800
2017-08-28,58.752488,58.813219,58.375093,58.609337,329000
2017-08-29,58.101823,58.657073,58.032415,58.548626,205400
2017-08-30,58.500886,58.852255,58.453169,58.808880,133400
2017-08-31,58.999757,59.568027,58.999757,59.446560,198000
2017-09-01,59.546342,60.006159,59.546342,59.971455,271800
2017-09-05,59.936744,60.092909,59.121217,59.329441,242200
2017-09-06,59.594050,59.750214,59.333773,59.537655,210000
2017-09-07,59.646089,59.646089,59.173260,59.442207,188800
2017-09-08,59.303408,59.676468,59.155915,59.494270,92600
2017-09-11,59.906385,60.201359,59.906385,60.049530,153400
2017-09-12,60.244728,60.596097,60.244728,60.544044,111400
2017-09-13,60.500668,60.891076,60.431260,60.799984,83400
2017-09-14,60.743593,60.869396,60.587428,60.747929,107600
2017-09-15,60.678514,61.164356,60.678514,61.164356,96000
2017-09-18,61.290150,61.723940,61.168690,61.528736,140800
2017-09-19,61.632864,61.658891,61.455009,61.576469,114800
2017-09-20,61.624168,62.027596,61.559103,61.893116,119600
2017-09-21,61.910476,62.097002,61.849746,61.901798,89600
2017-09-22,61.849754,62.400669,61.849754,62.339939,129800
2017-09-25,62.344287,62.773742,62.296570,62.734695,265200
2017-09-26,62.958821,63.359222,62.749911,63.150318,188000
2017-09-27,63.463701,64.451645,63.150343,64.308022,710000
2017-09-28,64.220961,64.516913,63.951127,64.473389,185200
2017-09-29,64.473369,64.686629,64.390676,64.547356,289200
2017-10-02,64.638782,65.530983,64.490802,65.530983,2303800
2017-10-03,65.591918,65.644142,65.178454,65.644142,934600
2017-10-04,65.544016,65.726807,65.174077,65.339462,625800
2017-10-05,65.526607,65.748573,65.413452,65.552719,384400
2017-10-06,65.356901,65.474412,65.108829,65.326439,508200
2017-10-09,65.387334,65.561419,64.869422,64.969521,295400
2017-10-10,65.230695,65.335144,65.008729,65.143646,171200
2017-10-11,65.169752,65.261144,64.917324,65.034828,255200
2017-10-12,64.926026,65.047894,64.625731,64.873802,425600
2017-10-13,65.047882,65.187149,64.812860,64.856384,156000
2017-10-16,65.034808,65.235012,64.656170,64.778030,239000
2017-10-17,64.725814,64.982591,64.490792,64.634415,346800
2017-10-18,64.912954,65.235019,64.830268,65.121864,211400
2017-10-19,64.734525,64.895554,64.399404,64.895554,233800
2017-10-20,65.361231,65.539672,65.121866,65.252426,229000
2017-10-23,65.317722,65.387359,64.812866,64.908615,206600
2017-10-24,65.065297,65.378655,64.973898,65.034828,181800
2017-10-25,64.930355,64.930355,64.194834,64.756264,223400
2017-10-26,64.969541,65.291606,64.969541,65.126221,188800
2017-10-27,65.121860,65.430862,64.769334,65.387344,971200
2017-10-30,65.121872,65.165390,64.146979,64.490799,352000
2017-10-31,64.603960,65.139278,64.590904,64.930374,100400
2017-11-01,65.365591,65.365591,64.142626,64.564789,331400
2017-11-02,64.521284,65.026140,64.312381,64.773712,146200
2017-11-03,64.582194,64.660537,64.281892,64.325417,156800
2017-11-06,64.347164,64.730152,64.264471,64.416794,233200
2017-11-07,64.416800,64.595242,63.459319,63.707397,463600
2017-11-08,63.629074,64.055588,63.289604,63.916321,201200
2017-11-09,63.533323,64.151334,63.206908,63.811863,209200
2017-11-10,63.833611,64.138263,63.772681,63.807499,768600
2017-11-13,63.594250,63.881496,63.437571,63.737873,227400
2017-11-14,63.468019,63.829252,63.433201,63.746559,148200
2017-11-15,63.302646,63.663878,62.984937,63.359226,410600
2017-11-16,63.703063,64.617026,63.703063,64.434235,141600
2017-11-17,64.299309,65.030475,64.299309,64.725822,196800
2017-11-20,64.869432,65.239365,64.730159,65.239365,105000
2017-11-21,65.474382,66.044518,65.426508,65.992294,117400
2017-11-22,66.066281,66.331765,65.870433,65.892189,110200
2017-11-24,66.083700,66.083700,65.731173,65.909615,51600
2017-11-27,65.974889,66.148981,65.609306,65.609306,131000
2017-11-28,65.874805,66.832286,65.752944,66.814880,195600
2017-11-29,66.975920,67.519944,66.941102,67.415489,123800
2017-11-30,67.698347,67.798446,67.219604,67.371933,141000
2017-12-01,67.406765,67.406765,65.152326,67.041176,212600
2017-12-04,67.837618,68.177089,67.167384,67.202202,224400
2017-12-05,67.328428,67.415471,66.527626,66.527626,165000
2017-12-06,66.388370,66.527643,66.131592,66.135948,924400
2017-12-07,66.131572,66.745232,66.018417,66.449280,137000
2017-12-08,66.693011,66.793110,66.401415,66.431877,179600
2017-12-11,66.475379,66.658170,66.205538,66.292587,149000
2017-12-12,66.440594,66.588567,66.083711,66.122879,138400
2017-12-13,66.092394,66.788748,66.092394,66.318710,156200
2017-12-14,66.410112,66.418819,65.335120,65.487450,188400
2017-12-15,65.883504,66.941084,65.744231,66.523277,187200
2017-12-18,67.163041,67.802807,67.163041,67.585197,167800
2017-12-19,67.759124,67.759124,66.898093,66.933060,163200
2017-12-20,67.217197,67.361431,66.911248,67.138527,186600
2017-12-21,67.252157,67.754792,67.221565,67.475067,287200
2017-12-22,67.496923,67.610565,67.156008,67.365807,125200
2017-12-26,67.357078,67.645547,67.357078,67.492569,142000
2017-12-27,67.470686,67.702333,67.195336,67.304604,142600
2017-12-28,67.396379,67.593060,67.230297,67.579948,863600
2017-12-29,67.807231,67.977689,67.090435,67.121033,350600
2018-01-02,67.523126,67.855298,67.221546,67.824699,2241400
2018-01-03,67.824705,68.008281,67.440087,67.658623,789000
2018-01-04,68.038853,68.135009,67.632380,67.916473,407800
2018-01-05,67.986435,68.017026,67.549364,67.986435,450400
2018-01-08,67.929609,68.353569,67.579951,68.244301,403200
2018-01-09,68.322993,68.344842,67.842212,67.864067,212000
2018-01-10,67.697964,68.161258,67.579953,67.938354,248600
2018-01-11,68.078233,69.350113,68.060753,69.258331,215000
2018-01-12,69.420002,69.900776,69.310734,69.542381,268600
2018-01-16,69.874565,70.171777,68.646397,68.786263,281400
2018-01-17,68.996063,69.524923,68.878052,69.367577,210000
2018-01-18,69.197136,69.210247,68.633310,68.698868,376000
2018-01-19,68.672642,69.656053,68.672642,69.621086,215600
2018-01-22,69.463724,69.782791,69.249564,69.782791,190200
2018-01-23,69.760943,69.887690,69.201492,69.691010,416200
2018-01-24,70.005700,70.005700,69.184004,69.380692,997400
2018-01-25,69.730336,69.739079,68.934869,69.363197,276600
2018-01-26,69.686655,69.686655,69.205874,69.607979,201800
2018-01-29,69.542415,69.769694,69.188388,69.192757,161400
2018-01-30,68.711978,69.057261,68.257420,68.506554,290200
2018-01-31,68.816882,68.982971,67.785393,68.012672,209200
2018-02-01,67.746045,68.336094,67.518766,68.213715,381000
2018-02-02,67.829096,67.868431,66.675228,66.797607,301600
2018-02-05,66.260013,66.723308,64.258226,64.315041,500800
2018-02-06,63.239847,65.342159,62.662909,65.009987,1315400
2018-02-07,64.935678,65.525720,64.935678,65.119247,426000
2018-02-08,65.285325,65.298437,63.567638,63.567638,392000
2018-02-09,64.157687,64.699657,62.606089,64.205765,506800
2018-02-12,64.266940,65.031814,63.593853,64.686531,249800
2018-02-13,64.345648,64.839541,64.131480,64.769608,142800
2018-02-14,64.406798,66.085150,64.406798,65.910324,237400
2018-02-15,66.399860,66.609653,65.696175,66.539726,143400
2018-02-16,66.579059,67.422604,66.539724,66.946198,1527600
2018-02-20,66.627159,67.064230,66.146378,66.255646,208600
2018-02-21,66.373633,67.221552,66.198807,66.198807,190200
2018-02-22,66.495999,67.051081,66.190051,66.246872,248000
2018-02-23,66.736402,67.072949,66.430454,67.051094,117600
2018-02-26,67.274028,67.588720,66.762655,67.540642,279800
2018-02-27,67.566845,67.912135,66.465430,66.474167,138800
2018-02-28,66.675219,66.828190,65.224140,65.263481,169400
2018-03-01,65.158603,65.866656,64.629744,65.071190,169600
2018-03-02,64.590390,65.967161,64.341262,65.792336,132400
2018-03-05,65.547561,66.714540,65.547561,66.434814,145600
2018-03-06,66.745163,67.239049,66.142003,67.208458,166400
2018-03-07,66.784488,67.571217,66.758264,67.531876,109000
2018-03-08,67.645545,67.772293,66.963715,67.308998,128600
2018-03-09,67.684857,68.296754,67.357053,68.279274,172200
2018-03-12,68.419124,68.816860,68.279264,68.585213,154200
2018-03-13,68.917381,69.100956,68.344818,68.471573,129800
2018-03-14,68.742561,68.821237,67.864050,67.925240,154400
2018-03-15,68.069489,68.126304,67.392028,67.654266,116800
2018-03-16,67.663003,68.449733,67.614925,68.344833,94600
2018-03-19,68.139416,68.139416,66.959325,67.680496,155400
2018-03-20,67.794136,68.056381,67.282763,67.431366,97800
2018-03-21,67.457576,68.283641,67.352684,67.850945,122400
2018-03-22,67.358868,67.779891,66.446657,66.464203,137000
2018-03-23,66.582613,66.608926,65.021324,65.021324,263600
2018-03-26,65.920375,66.420336,65.253758,66.398407,207400
2018-03-27,66.573839,66.613308,65.192362,65.394104,383800
2018-03-28,65.512524,65.977400,65.288853,65.617775,164800
2018-03-29,66.008113,66.604559,65.806378,66.152840,181600
2018-04-02,65.907228,66.205454,64.161749,64.626625,2318200
2018-04-03,64.924866,65.841468,64.788912,65.666039,878400
2018-04-04,64.924855,66.657184,64.911698,66.477371,573200
2018-04-05,66.858899,67.271150,66.613305,67.214134,245200
2018-04-06,66.779975,67.301866,65.516912,66.030029,162400
2018-04-09,66.468620,66.722987,65.788846,65.793236,288400
2018-04-10,66.591381,67.363256,66.429115,67.161514,226600
2018-04-11,66.889624,67.442211,66.885234,67.271172,126800
2018-04-12,67.560602,67.885134,67.288689,67.595688,87400
2018-04-13,67.920239,67.920239,67.266785,67.442207,111000
2018-04-16,67.670277,68.293035,67.450995,68.091293,148000
2018-04-17,68.420184,68.902606,68.301777,68.705254,333600
2018-04-18,68.885091,69.376280,68.885091,68.933327,133000
2018-04-19,68.828084,69.073678,68.301809,68.507935,158400
2018-04-20,68.236003,68.477214,67.841299,68.047424,137800
2018-04-23,68.100053,68.503530,67.819373,68.108826,289600
2018-04-24,68.371927,68.766638,67.499192,67.999153,138000
2018-04-25,67.924617,68.218453,67.490437,67.986015,423400
2018-04-26,68.143919,68.196545,67.665881,68.043045,130000
2018-04-27,68.038638,68.170208,67.582536,67.942154,101400
2018-04-30,67.999194,68.240405,67.319420,67.319420,106600
2018-05-01,67.319385,67.507964,66.398400,67.398323,280800
2018-05-02,67.367652,68.012340,67.323793,67.600090,117400
2018-05-03,67.459732,67.459732,66.622075,67.135193,135600
2018-05-04,66.902765,68.336867,66.872062,67.986015,187200
2018-05-07,68.183395,68.810537,68.183395,68.433372,172200
2018-05-08,68.389513,69.007889,68.389513,69.007889,228800
2018-05-09,69.091169,69.648146,68.985918,69.529732,139200
2018-05-10,69.621863,69.968325,69.406965,69.836761,220400
2018-05-11,69.836740,70.121803,69.692013,69.863052,108400
2018-05-14,69.972686,70.183195,69.564820,69.648148,200600
2018-05-15,69.363122,69.946412,69.297334,69.806068,143000
2018-05-16,69.854289,70.854212,69.854289,70.639320,187400
2018-05-17,70.678794,71.262084,70.678794,71.086655,146400
2018-05-18,71.314717,71.314717,71.038420,71.152451,127200
2018-05-21,71.384898,71.898016,71.362969,71.862930,156400
2018-05-22,72.016437,72.183086,71.244562,71.262108,161800
2018-05-23,71.060340,71.376106,70.998942,71.292778,158000
2018-05-24,71.130501,71.402408,70.656853,71.297157,145400
2018-05-25,71.012079,71.270829,70.735782,71.121719,313000
2018-05-29,70.753352,71.301556,70.446359,71.055962,182000
2018-05-30,71.398027,72.222520,71.253300,72.082184,156600
2018-05-31,72.042711,72.222516,71.183125,71.270836,155400
2018-06-01,71.674334,71.972560,71.608552,71.700653,1197600
2018-06-04,71.933080,72.380409,71.810282,72.362869,242800
2018-06-05,72.310257,72.906703,72.147984,72.902313,226000
2018-06-06,72.797056,73.345259,72.797056,73.327713,936600
2018-06-07,73.446128,73.687339,73.130362,73.354027,125600
2018-06-08,73.397878,73.555761,73.213683,73.437347,501600
2018-06-11,73.481234,73.818930,73.459305,73.700516,280200
2018-06-12,73.761904,73.902241,73.323341,73.573318,1986800
2018-06-13,73.564526,73.595222,72.976847,73.020706,173200
2018-06-14,73.222473,73.362809,72.748824,73.147911,1785000
2018-06-15,72.832166,73.147925,72.472541,73.121613,164400
2018-06-18,72.805846,73.678589,72.770760,73.678589,163600
2018-06-19,73.253155,73.814515,72.849678,73.757500,150800
2018-06-20,74.055734,74.314484,73.691726,74.239929,618400
2018-06-21,74.191674,74.209221,73.419806,73.551376,158000
2018-06-22,73.897827,74.090795,73.415405,73.731171,121000
2018-06-25,73.617175,73.704886,72.354111,72.696190,775800
2018-06-26,72.830829,73.310441,72.470016,73.108032,252400
2018-06-27,73.147643,73.512854,72.131209,72.157616,186800
2018-06-28,72.021206,72.329220,71.642802,72.157616,357600
2018-06-29,72.373247,72.615255,71.840836,71.840836,179600
2018-07-02,71.493198,72.430426,71.295194,72.408424,5424200
2018-07-03,72.703223,73.020032,72.624024,72.681221,413800
2018-07-05,73.037628,73.526041,72.610815,73.521637,582200
2018-07-06,73.539245,74.225663,73.468842,74.093658,283400
2018-07-09,74.511669,74.718475,74.269661,74.718475,407200
2018-07-10,74.806476,74.978081,73.979258,74.388466,561200
2018-07-11,74.010032,74.318039,73.609619,73.644821,1360600
2018-07-12,74.005665,74.080467,73.169638,73.574455,504600
2018-07-13,73.556856,74.018870,73.495255,73.495255,723200
2018-07-16,73.592045,73.706446,72.848424,73.160835,228800
2018-07-17,73.191629,73.737247,73.108026,73.424835,276600
2018-07-18,73.332459,73.794474,73.143251,73.754868,1844000
2018-07-19,73.644860,74.300480,73.424853,74.269676,151200
2018-07-20,74.137660,74.454470,73.913250,73.979256,235400
2018-07-23,73.895681,74.177289,73.574474,73.922081,1406000
2018-07-24,74.256464,74.388469,73.121231,73.451241,154200
2018-07-25,73.385249,73.490854,72.879238,73.464455,177600
2018-07-26,73.636062,74.401679,73.636062,74.190475,173800
2018-07-27,74.278467,74.357673,72.932030,73.037636,291400
2018-07-30,72.998051,73.697676,72.998051,73.050858,324600
2018-07-31,73.218044,73.926464,73.077244,73.719658,225600
2018-08-01,73.592046,73.605246,72.958427,73.407242,453600
2018-08-02,73.143222,74.023247,73.134427,73.882446,143000
2018-08-03,73.961661,74.247674,73.196044,73.574455,167400
2018-08-06,73.587659,74.164074,73.482053,74.076073,214200
2018-08-07,74.278483,74.458889,73.992477,73.992477,297600
2018-08-08,74.102471,74.304873,73.675659,74.194870,214000
2018-08-09,74.199278,74.542487,74.124477,74.260880,163800
2018-08-10,73.869266,74.450079,73.746063,74.076073,124400
2018-08-13,74.128861,74.274066,73.420441,73.785652,189600
2018-08-14,73.847237,74.819660,73.812035,74.766861,1288400
2018-08-15,74.520473,74.529275,73.402845,73.842857,679400
2018-08-16,74.133277,74.652495,74.058476,74.441284,182400
2018-08-17,74.313659,74.951675,74.230055,74.894478,205800
2018-08-20,75.044086,75.444499,74.894483,75.321289,137600
2018-08-21,75.501690,76.403716,75.501690,76.192513,206600
2018-08-22,76.166118,76.487325,75.998911,76.232117,160800
2018-08-23,76.174932,76.205737,75.695321,75.906525,443200
2018-08-24,76.051702,76.130908,75.814098,76.020905,149400
2018-08-27,76.232123,76.676533,75.858110,75.915314,310200
2018-08-28,76.148496,76.276104,75.624881,75.880089,199600
2018-08-29,75.985705,76.135307,75.488489,75.994507,189800
2018-08-30,75.866913,76.144123,75.492907,75.748108,162600
2018-08-31,75.514908,76.086926,75.418105,76.034126,149800
2018-09-04,75.893326,75.963729,75.114509,75.598518,345600
2018-09-05,75.550098,75.774509,75.118888,75.616104,219400
2018-09-06,75.761305,75.919709,75.052891,75.057289,1219800
2018-09-07,74.912096,75.189306,74.590889,74.885696,231600
2018-09-10,75.132080,75.250885,74.727269,74.802071,187400
2018-09-11,74.696475,75.004489,74.348868,74.810883,296000
2018-09-12,74.766890,74.797695,74.133272,74.639290,209400
2018-09-13,74.894492,74.894492,74.507279,74.612885,169200
2018-09-14,74.634863,75.158478,74.436859,74.969276,132800
2018-09-17,74.956096,75.030898,74.348877,74.384079,185400
2018-09-18,74.498478,74.815287,74.340073,74.529282,161400
2018-09-19,74.538083,74.973697,74.133272,74.260880,218200
2018-09-20,74.551259,74.986874,74.450058,74.934074,118400
2018-09-21,75.096886,75.352094,74.617274,74.648071,164600
2018-09-24,74.648064,74.648064,73.746045,74.045250,223200
2018-09-25,74.159656,74.221257,73.979256,74.001251,128400
2018-09-26,74.091345,74.192911,73.384834,73.437820,216800
2018-09-27,73.583535,73.870554,73.402489,73.402489,147000
2018-09-28,73.247949,73.941213,73.247949,73.711594,158000
2018-10-01,73.985385,74.082532,72.457543,72.678329,3206600
2018-10-02,72.625324,72.881436,71.826080,71.932053,944600
2018-10-03,72.144028,72.983012,72.007141,72.651833,992600
2018-10-04,72.475188,72.656227,71.777504,71.989456,480800
2018-10-05,72.020377,72.121936,70.766308,71.344772,435000
2018-10-08,71.229945,71.733337,71.035653,71.596451,344600
2018-10-09,71.463989,71.949721,71.318270,71.433083,348200
2018-10-10,71.234384,71.247631,69.490170,69.569656,473400
2018-10-11,69.234058,69.702130,67.975582,68.002075,481800
2018-10-12,68.743919,68.924966,67.017378,67.781296,741400
2018-10-15,67.759189,68.690906,67.542823,68.231674,508400
2018-10-16,68.659990,69.949379,67.979966,69.812492,509800
2018-10-17,69.618225,69.653552,68.602608,69.459259,431000
2018-10-18,69.172243,69.295882,67.904933,68.112473,305400
2018-10-19,68.218457,68.611455,67.313233,67.609085,372800
2018-10-22,67.745959,68.187531,67.339714,67.498680,437200
2018-10-23,66.664101,67.348539,65.736798,66.906967,301600
2018-10-24,66.831880,66.968767,64.571029,64.615189,547200
2018-10-25,64.791857,66.328533,64.791857,66.059174,359800
2018-10-26,65.374714,66.266691,64.261951,65.485107,376200
2018-10-29,66.187215,66.933473,64.725613,65.343811,628600
2018-10-30,65.405607,66.792142,65.405607,66.743568,361400
2018-10-31,67.344120,67.344120,66.324090,66.385910,234400
2018-11-01,66.593442,67.595812,66.584608,67.445679,426800
2018-11-02,67.741553,68.134552,67.286735,67.816620,395200
2018-11-05,67.927008,68.271433,67.450109,68.130127,469200
2018-11-06,68.072736,68.509888,67.927016,68.320015,287600
2018-11-07,68.699759,69.317957,68.090388,69.282631,235800
2018-11-08,68.977938,69.401843,68.668832,69.048584,202200
2018-11-09,68.739480,68.779220,67.564898,67.975563,403800
2018-11-12,67.993221,68.006468,66.800979,66.845139,197400
2018-11-13,67.061522,67.701806,66.624370,66.672943,241000
2018-11-14,67.189586,67.511931,65.825130,66.169556,353600
2018-11-15,65.807454,67.065937,65.666155,66.933464,578800
2018-11-16,66.509543,67.207228,66.302004,67.061508,202400
2018-11-19,66.951107,67.220466,66.006144,66.257843,208800
2018-11-20,65.604330,65.864855,64.827159,64.928719,271200
2018-11-21,65.220157,66.240187,65.043531,65.564583,277200
2018-11-23,65.061204,65.939935,65.061204,65.387970,101400
2018-11-26,65.966413,66.465391,65.657314,66.001740,218400
2018-11-27,65.772116,65.944328,65.339377,65.467430,246200
2018-11-28,65.679417,66.818674,64.778607,66.752434,267000
2018-11-29,66.509562,66.770094,65.962017,66.306442,1031200
2018-11-30,66.191611,66.867215,66.019398,66.765656,373200
2018-12-03,67.816599,67.816599,66.372658,67.273468,289200
2018-12-04,67.167515,67.220501,64.098591,64.231064,426800
2018-12-06,63.462733,63.882226,62.429456,63.860146,714000
2018-12-07,63.917514,64.548958,62.411753,62.742931,1372800
2018-12-10,62.773863,62.972569,61.356415,62.155659,739600
2018-12-11,62.954912,63.264011,61.727335,62.085014,579400
2018-12-12,62.659038,63.502442,62.592805,62.818005,2384200
2018-12-13,62.844514,62.866587,61.586031,61.709671,861200
2018-12-14,61.316678,61.899549,60.588087,60.813286,641000
2018-12-17,60.573258,61.238704,59.193568,59.526291,832800
2018-12-18,59.969942,60.466812,59.348862,59.504135,931600
2018-12-19,59.486371,60.249416,57.938106,58.168789,1069200
2018-12-20,58.004657,58.479344,56.900015,57.467861,911000
2018-12-21,57.640875,58.031272,56.039373,56.145844,1014000
2018-12-24,55.924030,56.247882,55.050078,55.058952,648400
2018-12-26,55.298516,57.632012,54.885940,57.587646,1094600
2018-12-27,56.775806,57.893753,55.928470,57.836079,1272200
2018-12-28,57.938094,59.064912,57.631988,58.190960,1323600
2018-12-31,58.532570,58.630170,57.467854,58.492645,1264600
2019-01-02,57.689675,59.322238,57.543283,59.095989,681800
2019-01-03,58.705583,59.122596,57.747340,58.159920,409200
2019-01-04,58.945154,60.440192,58.865303,60.329285,664800
2019-01-07,60.209496,61.513770,59.965498,61.207664,379000
2019-01-08,61.700096,62.086052,61.269774,62.086052,916000
2019-01-09,62.294580,62.875735,62.019531,62.711594,600000
2019-01-10,62.241322,62.862402,62.072741,62.813602,320800
2019-01-11,62.538554,63.159634,62.418772,63.026550,233800
2019-01-14,62.676091,63.155212,62.503075,62.653908,495000
2019-01-15,62.729299,62.977737,62.294543,62.840206,408400
2019-01-16,62.875712,63.616574,62.875712,63.483490,234400
2019-01-17,63.221762,64.166697,63.088678,64.002556,357800
2019-01-18,64.326390,65.062818,64.215483,64.765587,384800
2019-01-22,64.370764,64.441740,63.439137,63.740803,394000
2019-01-23,63.896058,64.211038,63.124139,63.585518,259400
2019-01-24,63.510113,64.175558,63.510113,63.949303,239800
2019-01-25,64.384051,64.951897,64.219903,64.756699,346200
2019-01-28,64.162233,64.619172,63.944852,64.499390,394200
2019-01-29,64.512693,64.703458,64.357427,64.486076,336400
2019-01-30,64.849873,65.395543,64.255410,65.138237,368800
2019-01-31,65.062808,65.683888,64.991826,65.661705,310600
2019-02-01,65.785920,65.950067,65.444329,65.745995,315400
2019-02-04,65.763745,66.433624,65.404399,66.433624,220800
2019-02-05,66.504587,66.664294,66.065391,66.571129,412200
2019-02-06,66.486861,66.602209,66.247304,66.455811,215000
2019-02-07,66.038790,66.291655,65.244695,65.834717,309800
2019-02-08,65.515323,65.825870,65.133808,65.617363,255400
2019-02-11,65.763753,66.225126,65.426590,66.198509,190400
2019-02-12,66.562306,67.134593,66.451398,67.045868,211800
2019-02-13,67.209974,67.489464,67.010342,67.334190,160200
2019-02-14,66.992607,67.808892,66.850649,67.493912,255000
2019-02-15,67.933091,68.673953,67.835492,68.585228,195800
2019-02-19,68.305733,69.219610,68.305733,69.073212,373400
2019-02-20,69.055485,69.854021,69.028869,69.725365,3167400
2019-02-21,69.601163,69.658838,68.917976,69.228516,675400
2019-02-22,69.414825,69.676566,69.272861,69.605583,475600
2019-02-25,69.885066,70.142373,69.366020,69.405945,238800
2019-02-26,69.268461,69.428168,68.713923,68.740540,256200
2019-02-27,68.509803,68.807041,68.296862,68.749367,216200
2019-02-28,68.705014,68.705014,68.292441,68.376732,186600
2019-03-01,68.873602,69.020001,68.212590,68.767128,216600
2019-03-04,68.917961,68.944578,67.808886,68.221458,1261400
2019-03-05,68.252521,68.252521,67.804450,67.848816,176000
2019-03-06,67.839926,67.839926,66.495727,66.535652,289600
2019-03-07,66.513495,66.513495,65.612926,65.710526,554600
2019-03-08,65.342302,65.648408,65.275760,65.568558,226800
2019-03-11,65.759315,66.624392,65.723823,66.611084,197200
2019-03-12,66.699800,66.788525,66.256170,66.420311,2976400
2019-03-13,66.615515,67.045837,66.593333,66.699806,354200
2019-03-14,66.699799,66.704233,66.322711,66.384819,170800
2019-03-15,66.446957,66.948262,66.260633,66.424774,448800
2019-03-18,66.548970,67.103508,66.336030,66.988167,846400
2019-03-19,67.303172,67.325348,66.242895,66.367111,305600
2019-03-20,66.386681,66.751831,65.438170,65.736526,343400
2019-03-21,65.545061,66.974499,65.545061,66.529190,289800
2019-03-22,66.079419,66.097229,64.066620,64.079979,242400
2019-03-25,64.075534,64.886000,63.594600,64.364983,836000
2019-03-26,64.872620,65.482698,64.623248,65.028481,359400
2019-03-27,64.979514,65.464899,64.440694,65.206619,312200
2019-03-28,65.362457,65.861201,65.001757,65.758781,242200
2019-03-29,66.248625,66.359952,65.384724,65.700890,279600
2019-04-01,66.208552,66.823080,66.074964,66.756287,326800
2019-04-02,66.787465,66.791923,66.101692,66.368874,192000
2019-04-03,66.845358,67.143714,66.471300,66.609344,256000
2019-04-04,66.627159,67.379733,66.627159,67.290672,288000
2019-04-05,67.499951,67.922993,67.459874,67.887367,245800
2019-04-08,67.686975,67.851737,67.486587,67.825020,199000
2019-04-09,67.584553,67.606819,66.787446,66.885414,307800
2019-04-10,66.983402,67.949722,66.961136,67.878471,180800
2019-04-11,67.963064,68.092207,67.673616,67.869553,160600
2019-04-12,68.328250,68.515279,67.940833,68.239189,121800
2019-04-15,68.354941,68.372750,67.767129,67.976425,230000
2019-04-16,68.207998,68.564246,68.007610,68.537529,181200
2019-04-17,68.791335,68.791335,68.114471,68.426186,200400
2019-04-18,68.488532,68.533059,67.985330,68.207985,192200
2019-04-22,68.096666,68.118933,67.397534,67.655807,196000
2019-04-23,67.731524,68.729012,67.673632,68.488548,174800
2019-04-24,68.515248,69.022900,68.466264,68.746811,147600
2019-04-25,68.470712,68.693366,67.442049,67.820564,286400
2019-04-26,67.833943,68.475190,67.580114,68.417297,224400
2019-04-29,68.555345,69.107531,68.479643,68.764641,265400
2019-04-30,68.800260,68.867053,68.167922,68.537529,313400
2019-05-01,68.684469,68.791339,67.798302,67.798302,197800
2019-05-02,67.695883,68.323764,67.299559,67.909630,296800
2019-05-03,68.270337,69.552829,68.248070,69.503845,290600
2019-05-06,68.533065,69.628528,68.492989,69.494934,275800
2019-05-07,68.942766,69.049635,67.789410,68.332687,269400
2019-05-08,68.176809,68.439540,67.762668,67.784935,216400
2019-05-09,67.246092,67.811637,66.702815,67.686951,229000
2019-05-10,67.517758,67.860647,66.573704,67.793854,204000
2019-05-13,66.546995,66.818634,65.496065,65.660828,283800
2019-05-14,65.834493,66.653860,65.678639,66.417847,262000
2019-05-15,65.914643,66.533623,65.651906,66.377762,204400
2019-05-16,66.524727,67.068005,66.431209,66.538086,177200
2019-05-17,66.057135,66.569244,65.424797,65.482689,186800
2019-05-20,65.059651,65.393633,64.859257,64.966133,552400
2019-05-21,65.326839,65.919101,65.326839,65.772148,164600
2019-05-22,65.522780,65.549498,64.810283,64.975052,241600
2019-05-23,64.333804,64.387239,63.198264,63.545605,296200
2019-05-24,63.928579,64.151233,63.665848,64.017639,167600
2019-05-28,64.160121,64.356058,63.456532,63.456532,160800
2019-05-29,63.078051,63.135943,62.472430,62.926647,173800
2019-05-30,63.064667,63.496618,62.321002,62.632717,244800
2019-05-31,61.964771,61.987038,61.532821,61.697590,207600
2019-06-03,61.782166,62.539190,61.728724,62.218567,288000
2019-06-04,62.837540,64.120032,62.837540,64.093307,285000
2019-06-05,64.186860,64.235844,63.131480,63.648033,697600
2019-06-06,63.679186,63.897390,62.739584,63.456532,236000
2019-06-07,63.683636,64.151211,63.447622,63.910748,168600
2019-06-10,64.128971,64.863736,64.128971,64.418427,160200
2019-06-11,64.890453,65.113107,64.155695,64.320457,182000
2019-06-12,64.275929,64.316006,63.937497,64.084450,160400
2019-06-13,64.431772,64.983951,64.409505,64.921608,218400
2019-06-14,64.881536,64.881536,64.293732,64.293732,136200
2019-06-17,64.407241,64.590485,64.174835,64.215057,210600
2019-06-18,64.617291,65.573723,64.594943,65.037407,194000
2019-06-19,65.149142,65.207239,64.822878,65.064224,178800
2019-06-20,65.707825,65.797210,65.220665,65.524582,174400
2019-06-21,65.435182,65.435182,64.903333,64.956963,764000
2019-06-24,65.104454,65.117861,64.255287,64.255287,230200
2019-06-25,64.308930,64.460885,64.018428,64.045242,281600
2019-06-26,64.295507,64.612831,64.241877,64.268692,174000
2019-06-27,64.442993,65.555847,64.442993,65.515625,168800
2019-06-28,65.734634,66.632963,65.734634,66.422905,346600
2019-07-01,67.379356,67.567067,66.244154,66.610634,292400
2019-07-02,66.534640,66.534640,65.676533,66.056427,246400
2019-07-03,66.244137,66.574869,66.123464,66.561455,196200
2019-07-05,66.181588,66.834104,65.926834,66.807289,115200
2019-07-08,66.606153,66.722353,66.047489,66.163689,171000
2019-07-09,65.904450,65.962546,65.654163,65.913383,159400
2019-07-10,66.244139,66.440790,65.761453,66.002792,213800
2019-07-11,66.060893,66.065367,65.323459,65.591614,159200
2019-07-12,65.698881,66.597210,65.658659,66.329056,210400
2019-07-15,66.498896,66.530184,65.564811,65.828499,225000
2019-07-16,65.743576,66.387151,65.573740,65.975975,318200
2019-07-17,65.998311,65.998311,65.251936,65.354729,508400
2019-07-18,65.265353,65.439655,65.010605,65.323456,225800
2019-07-19,65.421758,65.886563,65.278737,65.283211,282600
2019-07-22,65.408369,65.672057,64.956965,65.086578,184400
2019-07-23,65.327941,65.774872,65.207267,65.774872,292800
2019-07-24,65.609488,67.146933,65.591607,67.057541,301000
2019-07-25,67.102233,67.406150,66.369266,66.485466,252600
2019-07-26,66.641879,67.254172,66.615064,67.164787,152600
2019-07-29,67.129050,67.196094,66.476534,66.615082,241400
2019-07-30,66.226276,67.464278,66.007284,67.446404,266000
2019-07-31,67.535757,68.286598,66.869827,67.285477,305600
2019-08-01,67.312292,67.754757,65.685463,65.958092,445000
2019-08-02,65.627375,65.627375,64.653068,65.149162,218600
2019-08-05,64.036302,64.080997,62.574835,63.280987,277000
2019-08-06,63.786035,64.031848,63.079882,63.911175,277800
2019-08-07,63.321214,64.197203,62.865350,64.027367,534400
2019-08-08,64.447481,65.466484,64.447481,65.466484,253600
2019-08-09,65.305556,65.305556,64.460857,64.608345,153400
2019-08-12,64.313377,64.313377,63.781535,63.929016,191800
2019-08-13,63.777065,65.332383,63.473155,64.532379,214400
2019-08-14,63.356965,63.356965,62.351370,62.525673,417000
2019-08-15,62.793826,62.793826,61.855268,62.141304,432800
2019-08-16,62.570369,63.745801,62.570369,63.643002,256000
2019-08-19,64.402770,64.737968,64.335726,64.362541,222400
2019-08-20,64.291025,64.291025,63.732361,63.777050,169000
2019-08-21,64.375980,64.375980,64.085478,64.291069,170800
2019-08-22,64.416200,64.630725,63.862003,64.089935,668800
2019-08-23,63.750250,64.054167,61.882081,62.092133,325400
2019-08-26,62.677619,62.744656,62.324539,62.744656,362800
2019-08-27,63.164788,63.164788,61.779298,61.792706,302000
2019-08-28,61.739061,63.039632,61.529002,62.704433,299000
2019-08-29,63.339082,63.933501,63.325675,63.808361,239400
2019-08-30,64.152487,64.241879,63.513379,63.826229,185400
2019-09-03,63.249686,63.464211,62.570348,62.927895,229400
2019-09-04,63.508892,63.665314,63.316708,63.584869,299800
2019-09-05,64.398303,65.712282,64.134616,65.082108,467600
2019-09-06,65.193839,65.327920,64.818419,64.840767,230400
2019-09-09,65.064235,66.360332,64.997191,66.355865,399000
2019-09-10,66.302232,67.504471,66.110048,67.504471,312600
2019-09-11,67.696657,68.916777,67.231845,68.858681,556600
2019-09-12,68.858700,69.082166,67.964837,68.863167,685000
2019-09-13,69.171540,69.792774,68.934667,69.100029,429000
2019-09-16,68.849750,69.627406,68.827402,69.229637,683800
2019-09-17,69.064277,69.064277,68.451983,69.015114,376600
2019-09-18,68.907841,68.979352,67.964823,68.487732,303800
2019-09-19,68.626277,69.050860,68.045265,68.116776,694000
2019-09-20,68.152527,68.514540,67.535760,67.848610,250400
2019-09-23,67.638557,68.375998,67.428499,68.054207,198200
2019-09-24,68.252061,68.409082,67.287474,67.413094,2554000
2019-09-25,67.417577,68.516751,67.291957,68.382156,427000
2019-09-26,68.350763,68.386648,67.525255,67.740608,647600
2019-09-27,67.947010,68.229657,67.112533,67.368263,449800
2019-09-30,67.520762,67.807893,67.296440,67.381683,309600
2019-10-01,67.704723,68.377687,65.856309,66.085121,546600
2019-10-02,65.712755,65.712755,64.806494,65.403191,629200
2019-10-03,65.183322,65.430077,64.277068,65.344833,412000
2019-10-04,65.479427,65.990880,65.102569,65.928070,171600
2019-10-07,65.860829,66.327415,65.470505,65.798019,225600
2019-10-08,65.246137,65.353814,64.577663,64.627014,2584200
2019-10-09,65.057698,65.210242,64.622514,64.837868,283800
2019-10-10,64.936590,65.412151,64.770588,64.990425,803200
2019-10-11,65.869759,67.063144,65.838351,66.228668,507600
2019-10-14,66.134481,66.156915,65.654430,66.044754,210800
2019-10-15,66.251105,67.116989,65.963973,66.717697,887600
2019-10-16,66.654899,67.309914,66.654899,66.910622,179800
2019-10-17,67.224669,67.691261,67.130458,67.606018,309000
2019-10-18,67.381689,67.673304,66.789477,67.291962,172800
2019-10-21,67.893130,68.539176,67.677783,67.982857,269400
2019-10-22,68.175797,68.606490,67.646394,68.319359,207800
2019-10-23,68.332802,68.588532,68.005295,68.575073,175000
2019-10-24,68.830807,68.830807,68.086058,68.453949,145600
2019-10-25,68.409090,69.122438,68.247578,68.983353,165200
2019-10-28,69.283931,69.912036,69.283931,69.589012,303800
2019-10-29,69.409574,69.979346,69.292922,69.790916,180600
2019-10-30,69.790894,69.790894,68.857715,69.306358,195600
2019-10-31,69.185258,69.185258,68.166836,68.732124,232600
2019-11-01,69.122426,69.956895,68.862212,69.916519,220600
2019-11-04,70.531164,70.764453,70.261975,70.683701,167000
2019-11-05,70.872133,71.563040,70.872133,70.975319,261600
2019-11-06,70.988785,71.038136,70.432472,70.674736,235600
2019-11-07,71.289361,71.603417,70.719590,70.934937,285600
2019-11-08,70.809319,71.060558,70.549106,70.867645,286400
2019-11-11,70.472828,70.786877,70.351693,70.652283,218800
2019-11-12,70.755483,71.091965,70.584996,70.665749,165600
2019-11-13,70.235059,70.378621,69.943437,70.217110,192400
2019-11-14,70.145323,70.531156,70.019704,70.100456,242800
2019-11-15,70.584988,70.593963,70.042127,70.306831,263800
2019-11-18,70.257473,70.360659,69.808830,70.051094,252200
2019-11-19,70.324796,70.324796,69.808859,69.992798,175200
2019-11-20,69.768464,70.082519,69.113449,69.526199,356800
2019-11-21,69.656304,69.656304,68.916046,69.144852,177400
2019-11-22,69.427497,69.530683,69.046148,69.297394,472400
2019-11-25,69.651832,71.136839,69.602481,70.948410,421800
2019-11-26,70.975322,71.289371,70.719599,70.795868,358000
2019-11-27,71.051584,71.289364,70.908022,71.096451,680400
2019-11-29,70.908028,70.975321,70.508736,70.593979,171800
2019-12-02,70.710615,70.786883,69.746035,69.822304,319800
2019-12-03,69.283923,69.409549,68.723120,69.373657,372800
2019-12-04,69.732563,70.324775,69.732563,69.938942,196200
2019-12-05,70.158791,70.351704,70.015222,70.244034,192400
2019-12-06,70.966331,71.643787,70.957363,71.307304,317600
2019-12-09,71.280411,71.459866,71.145817,71.181709,215400
2019-12-10,71.150284,71.325254,70.921478,71.091965,236600
2019-12-11,71.262442,71.361144,70.948394,71.231041,196800
2019-12-12,71.289365,72.339195,71.002234,72.038605,336800
2019-12-13,72.020654,72.276384,71.266937,71.509201,233800
2019-12-16,72.047388,72.494357,71.749409,71.776497,520800
2019-12-17,71.943532,72.431126,71.911925,72.381470,285800
2019-12-18,72.607206,72.787795,72.255044,72.688469,348200
2019-12-19,72.706535,72.729111,72.449195,72.729111,282000
2019-12-20,73.009025,73.009025,72.512393,72.652351,219400
2019-12-23,72.756189,72.756189,72.367915,72.598175,609800
2019-12-24,72.620755,72.774257,72.562061,72.679443,90400
2019-12-26,72.823915,72.828427,72.534967,72.688469,96600
2019-12-27,72.945814,72.945814,72.209897,72.336311,162400
2019-12-30,72.480800,72.801354,72.060925,72.354385,352200
2019-12-31,72.264076,72.873579,72.264076,72.598175,224400
2020-01-02,73.081264,73.081264,71.920961,72.575607,530400
2020-01-03,71.902870,72.525916,71.866751,72.426590,279800
2020-01-06,71.853243,72.562072,71.591390,72.485321,322600
2020-01-07,72.214432,72.273127,71.677168,71.880341,237600
2020-01-08,71.907428,72.291183,71.708775,71.880341,465600
2020-01-09,72.268589,72.268589,71.636511,71.717781,332800
2020-01-10,71.758433,71.758433,70.981885,71.320496,284000
2020-01-13,71.356609,71.821634,70.923184,71.808090,325000
2020-01-14,71.600404,72.485310,71.433358,72.056404,359000
2020-01-15,71.934514,72.503378,71.880338,72.227974,365200
2020-01-16,72.936783,73.532735,72.688467,73.158005,392800
2020-01-17,73.410845,73.460509,72.837462,72.950333,225400
2020-01-21,72.697515,72.697515,71.966111,72.088013,280400
2020-01-22,72.304709,72.336316,71.794540,71.916435,227000
2020-01-23,71.771971,72.101550,70.995422,71.997711,290000
2020-01-24,72.142160,72.142160,70.264004,70.692909,862200
2020-01-27,69.726751,70.128569,69.392652,69.663544,444200
2020-01-28,70.137608,70.467187,69.916380,70.142120,198800
2020-01-29,70.322710,70.498788,69.573257,69.595825,523400
2020-01-30,69.031478,69.559717,68.674811,69.523598,511200
2020-01-31,69.284306,69.293330,67.789897,68.020157,316000
2020-02-03,68.399394,68.941170,68.318131,68.561928,529000
2020-02-04,69.550693,69.690652,69.333984,69.333984,280000
2020-02-05,70.087929,71.004435,70.042778,70.900589,332400
2020-02-06,71.275323,71.329506,70.467175,70.494263,223000
2020-02-07,70.146660,70.155691,69.180490,69.379143,346000
2020-02-10,69.297836,69.361043,69.035976,69.275261,265200
2020-02-11,69.762892,70.408507,69.663566,69.997658,311200
2020-02-12,70.575549,70.756139,70.245963,70.548454,315000
2020-02-13,70.250484,70.720022,70.250484,70.679390,168000
2020-02-14,70.729056,70.729056,70.065378,70.318207,270400
2020-02-18,70.146625,70.268527,69.433284,69.929916,164400
2020-02-19,70.250481,70.376895,69.889295,70.160179,191400
2020-02-20,70.038281,70.733559,69.975074,70.543938,216600
2020-02-21,70.245971,70.245971,69.460398,69.713226,231600
2020-02-24,67.726693,67.970497,67.279731,67.681549,228000
2020-02-25,68.033727,68.042758,65.040403,65.243568,333400
2020-02-26,65.631830,65.961416,64.087765,64.205154,1269200
2020-02-27,62.936478,64.444431,61.631698,61.861958,1150200
2020-02-28,60.223070,61.622664,59.925091,61.117001,1270200
2020-03-02,61.333701,62.498516,60.245630,62.498516,644200
2020-03-03,62.543679,63.401491,60.349481,60.954464,632800
2020-03-04,62.065137,62.724296,61.107999,62.692696,563000
2020-03-05,61.338228,61.451098,59.600022,60.272732,644000
2020-03-06,58.593235,59.934135,57.825719,59.121468,614400
2020-03-09,55.468971,56.435140,52.751053,52.751053,1341600
2020-03-10,54.737580,54.909145,51.951942,54.358337,1433600
2020-03-11,52.936165,53.175449,50.344664,50.954163,1823200
2020-03-12,48.191092,48.466496,44.421225,44.985577,2239400
2020-03-13,47.450674,48.872841,44.642461,48.872841,2230200
2020-03-16,48.647083,48.647083,41.084776,47.121078,1876400
2020-03-17,43.450542,45.540901,41.495631,45.161655,2032000
2020-03-18,43.865912,43.865912,39.283378,40.782295,1733000
2020-03-19,40.059927,43.333165,39.021519,42.624340,2260800
2020-03-20,42.999072,43.888491,40.439174,40.890656,1533200
2020-03-23,40.931282,41.143475,38.660329,39.883842,2353200
2020-03-24,41.658164,43.197717,40.637819,43.157082,2208000
2020-03-25,43.607931,45.446681,41.978024,43.449024,1953800
2020-03-26,43.989290,46.885890,43.830387,46.391018,2995400
2020-03-27,44.838296,45.855283,43.912109,44.470543,1306800
2020-03-30,44.752036,45.460294,43.567062,45.274151,1991600
2020-03-31,45.233292,46.000575,44.506873,45.374039,1274600
2020-04-01,43.380912,43.689641,41.773707,42.254959,1955800
2020-04-02,42.223185,44.011996,41.619347,42.704437,796000
2020-04-03,42.500121,42.904192,40.261839,41.119923,787200
2020-04-06,42.631797,44.579512,42.631797,44.338886,960000
2020-04-07,45.923391,47.221868,44.375206,44.720257,1254000
2020-04-08,45.374036,47.271810,44.992664,46.790554,631600
2020-04-09,48.216130,49.982238,48.216130,49.668972,802400
2020-04-13,49.464677,49.705306,47.575986,48.111721,920400
2020-04-14,49.305790,49.705323,47.998234,48.574829,596800
2020-04-15,46.981244,47.117446,45.923393,46.227581,791000
2020-04-16,46.368322,46.704294,44.720257,45.532940,561800
2020-04-17,47.240025,48.143509,46.835954,47.757599,1023400
2020-04-20,46.590790,47.694041,46.245740,46.731533,898200
2020-04-21,45.496615,46.313839,45.097085,45.887066,665400
2020-04-22,46.976699,46.994860,45.832585,46.055054,869600
2020-04-23,46.386471,47.594146,46.286587,46.722443,953200
2020-04-24,47.221873,47.684965,46.518152,47.294514,601200
2020-04-27,47.635015,50.023123,47.603234,49.510090,927200
2020-04-28,50.949313,51.435106,49.927784,50.872131,851200
2020-04-29,52.433930,54.299923,52.147903,53.732407,623200
2020-04-30,52.719955,52.724492,51.485040,51.675724,631400
2020-05-01,50.418115,50.604259,48.670163,49.378426,416600
2020-05-04,48.665637,49.451077,47.921056,49.074245,375200
2020-05-05,49.995884,50.822187,48.706486,48.847229,896000
2020-05-06,49.124178,49.487390,47.721281,47.839325,664600
2020-05-07,48.447698,49.137800,48.288795,48.656544,541800
2020-05-08,49.628133,51.040113,49.600893,50.976551,423400
2020-05-11,50.281903,50.513451,49.169574,49.832432,478200
2020-05-12,50.086678,50.159322,47.952820,47.952820,546600
2020-05-13,47.571451,47.762135,45.269607,45.973328,720200
2020-05-14,45.051681,46.186713,43.553438,46.159470,588200
2020-05-15,45.805341,46.958534,45.546554,46.686127,378200
2020-05-18,48.729189,50.531621,48.729189,50.286453,536000
2020-05-19,50.054907,50.449899,49.065159,49.065159,306000
2020-05-20,50.045816,51.008321,49.986793,50.649651,502200
2020-05-21,50.672360,51.271656,50.290987,50.804024,293400
2020-05-22,51.012878,51.012878,50.113931,50.881214,211200
2020-05-26,52.692703,53.573489,52.665463,53.160336,1493800
2020-05-27,54.517853,55.707365,53.523564,55.612022,1072000
2020-05-28,56.297583,56.356603,53.578048,53.814133,393800
2020-05-29,53.328335,53.414599,52.220543,52.992367,1265000
2020-06-01,53.214825,54.390720,52.919717,53.618896,254200
2020-06-02,53.963945,54.681286,53.827740,54.436119,1308000
2020-06-03,55.339611,56.905953,55.339611,56.538204,404800
2020-06-04,56.197698,58.081852,55.739144,57.777664,303600
2020-06-05,60.538066,61.754824,60.211176,60.815014,1050400
2020-06-08,62.113491,63.012435,61.809303,62.926178,1700200
2020-06-09,61.782060,61.782060,60.315601,60.946678,3008400
2020-06-10,60.801379,60.801379,58.086385,58.113625,603400
2020-06-11,55.121688,55.453116,52.701800,52.878864,686000
2020-06-12,55.330522,55.725511,52.851613,54.422497,429000
2020-06-15,52.383616,55.666996,52.196644,55.206409,452400
2020-06-16,57.664388,57.865040,55.534751,56.811623,483600
2020-06-17,56.870904,56.880027,55.078725,55.165371,384800
2020-06-18,54.517816,55.726280,54.326282,55.065044,270000
2020-06-19,56.045497,56.045497,53.751690,54.198593,331000
2020-06-22,53.865702,54.458533,53.067658,54.403812,562800
2020-06-23,55.037695,55.306748,54.139324,54.517826,3295000
2020-06-24,53.683289,53.733452,51.772542,52.465702,610400
2020-06-25,52.005123,53.304794,51.836392,53.304794,294200
2020-06-26,52.898926,52.926286,51.549091,51.845509,576200
2020-06-29,52.602515,54.458538,52.319782,54.130199,330800
2020-06-30,53.993388,55.024006,53.797297,54.891758,512600
2020-07-01,55.124323,55.603151,53.633122,53.833775,487200
2020-07-02,54.978394,55.571228,53.947780,54.075466,460400
2020-07-06,55.302180,55.575798,54.230522,54.704788,373600
2020-07-07,54.130184,54.317156,53.323021,53.505432,304600
2020-07-08,53.364070,53.943224,52.524985,53.587524,309400
2020-07-09,53.551040,53.587523,51.521729,51.986874,575600
2020-07-10,52.018797,53.441597,51.936712,53.391434,696800
2020-07-13,53.970592,54.590786,53.031181,53.095024,438400
2020-07-14,53.012929,54.002502,52.725634,54.002502,341800
2020-07-15,55.315866,56.656578,55.315866,56.341923,439000
2020-07-16,55.904128,56.469601,55.475466,56.045498,374600
2020-07-17,56.154951,56.510650,55.621402,55.767330,347400
2020-07-20,55.644197,55.703482,54.868955,55.087849,478800
2020-07-21,55.730839,56.966667,55.689798,56.766018,473400
2020-07-22,56.323670,56.939303,56.223344,56.538002,288200
2020-07-23,56.474161,57.468296,56.474161,57.071556,557000
2020-07-24,56.770576,57.044190,56.091099,56.159504,350800
2020-07-27,56.264393,56.547130,55.758205,56.528889,611200
2020-07-28,56.291753,56.766020,56.150383,56.182304,303000
2020-07-29,56.469601,57.614222,56.469601,57.591423,397600
2020-07-30,56.642897,57.012276,56.113909,56.880032,444600
2020-07-31,56.702175,56.724978,55.224654,56.305435,251400
2020-08-03,56.647451,57.007712,56.123022,56.902824,245400
2020-08-04,56.688491,57.413573,56.610968,57.409012,305200
2020-08-05,57.997293,58.941265,57.878725,58.923027,1195400
2020-08-06,58.827247,58.950376,58.280018,58.494350,523000
2020-08-07,58.412268,59.926275,58.147776,59.898914,198400
2020-08-10,60.072204,61.381001,60.072204,60.956894,555800
2020-08-11,61.750390,62.411625,60.715210,60.979706,464400
2020-08-12,61.786867,61.937356,60.665042,61.171230,451600
2020-08-13,60.870249,61.244193,60.382306,60.551033,531600
2020-08-14,60.222689,61.225944,59.962759,60.842884,212400
2020-08-17,60.984253,60.984253,60.259175,60.738003,188600
2020-08-18,60.637674,60.637674,59.575135,59.693699,233800
2020-08-19,59.944511,60.432462,59.629853,59.762104,239200
2020-08-20,59.119122,59.616188,59.037041,59.187523,239600
2020-08-21,59.014211,59.141898,58.362095,58.708675,240400
2020-08-24,59.219436,60.158847,58.740608,60.154289,219800
2020-08-25,60.505426,60.560154,59.566015,60.113251,248600
2020-08-26,60.058524,60.204455,59.315207,59.392731,602000
2020-08-27,59.625295,60.323013,59.369922,59.825947,599600
2020-08-28,60.145150,60.222674,59.634404,60.199871,228800
2020-08-31,60.113262,60.113262,59.151048,59.160164,295000
2020-09-01,58.968619,59.935390,58.731484,59.935390,310400
2020-09-02,60.099566,60.601196,59.648105,60.468952,290000
2020-09-03,60.304776,60.924971,58.968619,59.274155,371800
2020-09-04,59.885224,60.195318,58.330177,59.328873,691200
2020-09-08,58.644846,58.804451,57.792078,57.801197,283600
2020-09-09,58.343872,58.476116,57.687194,58.243546,265000
2020-09-10,58.394031,58.676764,57.381654,57.404453,259000
2020-09-11,57.573184,57.573184,56.560807,56.925629,263400
2020-09-14,57.367982,58.134105,57.171891,58.047459,199200
2020-09-15,58.435065,58.708683,57.883275,58.001842,195200
2020-09-16,58.321078,59.292414,58.097627,58.562771,289800
2020-09-17,57.728228,58.371225,57.418134,58.115852,248400
2020-09-18,58.216187,58.649409,57.149086,57.805763,242800
2020-09-21,56.638330,56.738656,54.859834,55.475468,239600
2020-09-22,55.621393,56.072857,55.055923,55.580349,269600
2020-09-23,55.537749,56.266216,53.957106,54.007504,259800
2020-09-24,54.094562,55.272024,53.430236,54.319057,279200
2020-09-25,54.016673,54.969640,54.016673,54.772633,252600
2020-09-28,55.487360,56.719803,55.487360,56.467815,220000
2020-09-29,56.467805,56.467805,55.262854,55.918018,230600
2020-09-30,56.060048,57.054247,55.684359,56.087536,223000
2020-10-01,56.559435,56.921379,55.913436,56.907635,255800
2020-10-02,55.780558,58.048432,55.780558,57.883495,294400
2020-10-05,58.401226,59.308374,58.401226,59.257977,193400
2020-10-06,59.830672,61.031047,59.129693,59.184669,605200
2020-10-07,59.876485,60.494993,59.739037,60.284245,525200
2020-10-08,60.710335,61.360917,60.403371,61.269287,189200
2020-10-09,61.851144,61.993171,61.081444,61.255539,201600
2020-10-12,61.392992,61.745774,61.154748,61.594582,174600
2020-10-13,61.108930,61.108930,60.513325,60.765312,366400
2020-10-14,60.870685,61.356329,60.444595,60.444595,374800
2020-10-15,59.748200,61.521264,59.642819,61.415890,234400
2020-10-16,61.493782,61.557923,60.948574,60.948574,209800
2020-10-19,61.099769,61.640391,60.238433,60.302574,250300
2020-10-20,60.751567,61.502943,60.714914,60.843197,262900
2020-10-21,60.934842,61.136432,60.549992,60.623299,221600
2020-10-22,60.879870,61.906137,60.769910,61.841995,163500
2020-10-23,62.181017,62.400930,61.622065,62.190182,165300
2020-10-26,61.301360,61.383824,60.000196,60.788219,245000
2020-10-27,60.797383,60.843202,59.798605,59.835258,173300
2020-10-28,58.469945,58.863956,57.837686,57.846851,241000
2020-10-29,57.736901,59.074721,57.242094,58.827312,248700
2020-10-30,58.515768,59.019743,57.562801,58.140079,253200
2020-11-02,58.818144,59.450395,58.506594,59.413742,824700
2020-11-03,60.421705,61.292200,60.421705,60.989815,628800
2020-11-04,60.256763,60.568306,59.111371,59.697811,322900
2020-11-05,60.320897,61.759508,60.302567,61.484612,218800
2020-11-06,61.658721,61.741186,60.614125,60.687431,158600
2020-11-09,64.022808,66.570158,64.022808,64.627571,684100
2020-11-10,65.232351,66.955017,64.920801,66.570168,606700
2020-11-11,67.019161,67.019161,65.149880,65.736320,681300
2020-11-12,65.085740,65.131558,63.656293,64.316040,320500
2020-11-13,64.911618,66.588473,64.911618,66.313583,264800
2020-11-16,67.898824,68.631877,67.413179,68.531082,806900
2020-11-17,68.017951,69.254973,67.184102,69.025894,1352400
2020-11-18,69.410714,69.850548,68.164528,68.164528,635500
2020-11-19,68.036272,68.668531,67.413179,68.531082,551300
2020-11-20,68.210355,68.494410,67.898805,68.366127,202500
2020-11-23,69.062526,70.711886,69.062526,70.290382,1047200
2020-11-24,71.389958,72.975176,71.289163,72.553673,661700
2020-11-25,72.178001,72.178001,71.087593,71.765663,402400
2020-11-27,71.719836,71.930591,70.803522,71.417458,147800
2020-11-30,71.060075,71.215846,69.126654,69.309914,358700
2020-12-01,70.391193,70.940980,69.777265,70.317886,682200
2020-12-02,70.134604,71.069240,69.639794,70.849327,248200
2020-12-03,71.050931,71.912268,70.913483,71.325821,287100
2020-12-04,71.811499,73.387553,71.811499,73.350906,435000
2020-12-07,73.240915,73.240915,72.452886,72.819412,275100
2020-12-08,72.297121,73.488324,72.086366,73.470001,248900
2020-12-09,73.992299,74.459620,72.947702,73.561630,375700
2020-12-10,72.947698,73.964807,72.764438,73.873177,175100
2020-12-11,73.332554,73.671593,72.379587,72.993523,192200
2020-12-14,73.873190,73.973985,72.315453,72.315453,273900
2020-12-15,72.920207,74.358818,72.608656,74.358818,268400
2020-12-16,74.496259,74.496259,73.598269,73.854836,244900
2020-12-17,74.129750,74.349663,73.488326,74.349663,251800
2020-12-18,74.432123,74.587895,73.231748,73.479156,212900
2020-12-21,72.214660,72.966037,71.747345,72.837753,357100
2020-12-22,72.938540,73.021012,72.407076,72.782768,315200
2020-12-23,73.140133,74.248871,73.140133,74.102264,464300
2020-12-24,74.312994,74.459608,73.607436,74.111404,101200
2020-12-28,74.752826,75.403408,74.404623,74.679520,234800
2020-12-29,74.871948,74.908601,73.112628,73.515808,335300
2020-12-30,73.772370,74.679518,73.772370,74.331322,165800
2020-12-31,74.303834,74.826140,73.717395,74.505424,177000
2021-01-04,75.210999,75.348447,72.746114,73.644104,3600200
2021-01-05,73.589111,76.026507,73.589111,75.394249,927200
2021-01-06,76.108986,80.415664,76.108986,79.563492,1252400
2021-01-07,79.847515,80.369813,79.499319,80.159065,633000
2021-01-08,80.498117,80.498117,78.280641,79.371056,435500
2021-01-11,78.408934,79.774239,78.262327,79.774239,316800
2021-01-12,80.021652,81.487752,79.948345,81.469429,390100
2021-01-13,81.341121,81.506058,80.360666,80.708870,353700
2021-01-14,81.222027,82.935536,81.222027,82.623985,449100
2021-01-15,81.561059,81.780972,80.360684,81.203697,468100
2021-01-19,82.101658,82.129147,80.992920,81.670990,542400
2021-01-20,81.900079,82.376566,81.350292,81.927574,423200
2021-01-21,82.083353,82.275778,80.681395,80.864655,442800
2021-01-22,80.030796,81.927571,79.526828,81.909241,279800
2021-01-25,81.698506,83.457826,80.873822,81.918419,1086400
2021-01-26,82.440708,82.724763,81.102892,81.982552,277800
2021-01-27,81.561039,82.532329,80.919615,81.900070,456500
2021-01-28,82.055850,83.054628,79.755902,80.122429,647000
2021-01-29,81.121234,81.469438,78.757144,79.160324,420000
2021-02-01,79.930008,80.488953,78.298965,80.223228,587700
2021-02-02,80.653904,80.855494,79.572654,80.195747,353200
2021-02-03,80.488958,80.827997,79.682605,80.763855,1467200
2021-02-04,81.066237,82.385730,81.066237,82.284935,1380700
2021-02-05,83.109621,83.311211,82.156661,82.926361,764700
2021-02-08,83.659400,85.079681,83.604417,85.079681,320900
2021-02-09,84.896422,85.812735,84.218352,85.372902,265100
2021-02-10,85.794399,86.179256,84.868928,85.427879,235500
2021-02-11,85.721110,86.307550,84.099232,85.473701,230200
2021-02-12,85.272106,85.876876,84.914745,85.730263,422200
2021-02-16,86.380857,86.518305,85.510362,85.950195,768700
2021-02-17,85.455389,85.986845,84.868949,85.757767,433300
2021-02-18,85.262952,85.519519,84.319144,84.621529,452800
2021-02-19,85.198800,86.399168,85.098005,86.170090,260600
2021-02-22,85.858547,88.360085,85.858547,87.856110,722100
2021-02-23,87.544567,88.497534,86.545782,88.002724,1127200
2021-02-24,88.121832,90.760818,88.121832,90.614204,651500
2021-02-25,90.907436,91.338104,88.176826,88.323433,530700
2021-02-26,88.341754,89.120619,86.564104,87.709496,1065100
2021-03-01,89.386382,90.705868,89.267257,90.394325,1054200
2021-03-02,90.440118,90.440118,89.019836,89.019836,429800
2021-03-03,89.615430,91.851230,89.615430,90.156052,1042600
2021-03-04,90.229365,91.292284,87.773645,89.303886,1978800
2021-03-05,90.724167,91.952023,88.552502,91.787086,794600
2021-03-08,92.703412,95.104156,92.474334,94.691811,2045400
2021-03-09,95.589795,95.589795,93.757168,94.508545,2738900
2021-03-10,95.131656,96.991771,94.920901,96.744370,1095600
2021-03-11,97.330791,97.843924,96.597738,97.495728,858000
2021-03-12,97.679012,99.035159,97.660689,98.906876,970700
2021-03-15,98.897702,98.961844,97.532397,98.347916,809000
2021-03-16,98.091346,98.091346,96.167083,96.496956,2977400
2021-03-17,96.313685,97.175022,95.754733,96.982590,485800
2021-03-18,96.817668,98.302091,94.884246,95.241608,658200
2021-03-19,94.920895,96.011311,93.381496,95.287422,547400
2021-03-22,95.424869,95.443199,92.840866,93.344841,534000
2021-03-23,92.456005,92.611776,89.386357,89.872002,1147500
2021-03-24,90.696671,92.465155,88.708266,88.772408,638800
2021-03-25,88.111256,91.807843,87.587113,91.449219,1352400
2021-03-26,92.479121,93.720511,92.037734,93.656143,932400
2021-03-29,93.132006,94.161905,91.228539,91.228539,496300
2021-03-30,91.430851,93.122819,91.412463,92.755005,429600
2021-03-31,93.141215,93.509037,92.221665,92.635460,718200
2021-04-01,93.021670,93.674549,92.377981,93.665352,1059400
2021-04-05,94.584896,94.704435,93.306722,93.876839,759600
2021-04-06,94.125124,95.017088,93.692934,93.821671,751000
2021-04-07,93.959608,94.143515,92.497520,92.782585,387500
2021-04-08,93.040065,93.150414,91.651543,92.966499,618500
2021-04-09,93.159601,93.398686,92.736609,93.205582,507000
2021-04-12,93.481430,93.729705,92.902109,93.398666,360700
2021-04-13,93.334317,93.417073,91.669934,92.442352,361600
2021-04-14,92.552698,94.676856,92.552698,93.729721,269100
2021-04-15,94.483750,94.483750,92.874537,93.950409,306200
2021-04-16,94.465355,94.750414,93.748101,94.180290,368300
2021-04-19,94.106742,94.299854,92.709029,93.426277,320300
2021-04-20,93.260743,93.260743,90.336574,91.145782,934200
2021-04-21,90.980274,93.159603,90.437736,93.086044,464700
2021-04-22,93.352711,93.904447,92.405576,92.479141,200800
2021-04-23,92.828574,94.897561,92.589496,94.345833,312900
2021-04-26,94.961922,95.559631,94.327437,94.529739,805200
2021-04-27,94.879173,95.182626,94.437786,94.980324,346700
2021-04-28,94.925132,95.541229,94.649264,95.375710,309100
2021-04-29,95.991820,96.543549,94.915948,95.679176,1077900
2021-04-30,94.823994,95.440091,94.060766,94.198700,199600
2021-05-03,95.035480,96.405608,94.943527,95.826294,281100
2021-05-04,95.550444,95.991824,94.502151,95.918259,422000
2021-05-05,96.414801,96.433196,95.182607,96.019394,691800
2021-05-06,96.184910,96.948138,95.145821,96.892967,355300
2021-05-07,96.736664,97.812543,96.102179,97.702194,307900
2021-05-10,97.886078,98.492985,96.120544,96.120544,284500
2021-05-11,94.520536,95.761927,94.125130,95.440086,403600
2021-05-12,94.934338,95.624000,92.258451,92.479141,453000
2021-05-13,92.865361,95.421709,92.571105,94.952744,620900
2021-05-14,95.844694,97.058499,95.403306,96.948151,361000
2021-05-17,96.525173,97.601045,95.955050,97.481506,484600
2021-05-18,97.656175,97.803306,96.129726,96.240074,303000
2021-05-19,94.667659,95.587209,93.564202,95.476868,269000
2021-05-20,95.504446,95.697550,94.299838,95.458466,338500
2021-05-21,96.249286,96.938948,95.743538,96.175720,462600
2021-05-24,96.543541,96.874580,95.761925,96.460785,804600
2021-05-25,96.892987,97.490689,94.925151,94.934341,225400
2021-05-26,95.237791,97.040108,95.237791,96.938957,209000
2021-05-27,97.628596,98.529758,97.601011,98.189522,267400
2021-05-28,98.768845,98.768845,97.224001,97.867683,233500
2021-06-01,98.750452,99.945869,98.410216,99.761955,565200
2021-06-02,100.065412,100.065412,99.081494,99.771156,2856200
2021-06-03,99.219410,99.578034,98.244683,99.127457,1332200
2021-06-04,99.541280,99.605648,98.511381,99.348175,566200
2021-06-07,99.660803,100.350465,99.532067,100.230927,431200
2021-06-08,100.405662,101.858546,99.927492,101.555099,2655400
2021-06-09,101.637863,101.729816,100.626359,100.690727,512800
2021-06-10,101.066749,101.306369,99.057579,99.057579,348400
2021-06-11,99.536839,100.117468,99.343296,99.933144,229800
2021-06-14,100.034512,100.550627,98.652056,99.057579,297400
2021-06-15,99.205039,99.628992,98.246536,99.463097,4625500
2021-06-16,99.168181,99.923924,98.237326,99.555267,859100
2021-06-17,99.444668,99.656641,96.108339,96.965462,575800
2021-06-18,95.592222,96.191288,94.182118,94.255844,506700
2021-06-21,95.039242,97.020756,95.039242,96.716621,714300
2021-06-22,96.670538,97.444717,95.850282,97.186653,306700
2021-06-23,97.241959,98.052997,97.177444,97.177444,293400
2021-06-24,97.730416,98.734998,97.140569,98.716568,883900
2021-06-25,98.891682,99.638206,98.615188,98.679703,598300
2021-06-28,98.596752,98.661266,96.246574,96.919373,374400
2021-06-29,97.278831,97.721213,96.292679,96.513870,509300
2021-06-30,96.338746,97.398630,96.135984,97.168221,577300
2021-07-01,97.905535,98.274184,97.361765,97.960831,1411200
2021-07-02,98.117526,98.163611,96.698204,96.762718,741700
2021-07-06,96.836435,96.836435,93.868761,94.818047,1058300
2021-07-07,94.596852,95.195918,93.315777,94.034653,3675400
2021-07-08,92.430996,94.043861,91.601521,92.864166,3876800
2021-07-09,94.071516,95.619867,94.034649,95.518486,719200
2021-07-12,95.039236,96.228149,94.523114,96.163628,291800
2021-07-13,95.638316,95.758133,94.089965,94.191345,302800
2021-07-14,94.624512,95.398691,93.066950,93.122246,547800
2021-07-15,92.642991,93.371086,91.795087,92.735161,552300
2021-07-16,93.666001,93.666001,90.873441,91.011688,481900
2021-07-19,89.232916,89.951792,87.822812,88.633850,1006100
2021-07-20,88.799768,92.145317,88.624662,91.315842,450600
2021-07-21,92.043911,93.721291,92.043911,93.048492,609800
2021-07-22,92.698266,92.753562,90.633794,91.094612,352900
2021-07-23,91.748992,91.933316,90.643023,91.592308,394800
2021-07-26,91.979407,93.205179,91.979407,92.781227,490800
2021-07-27,92.265123,92.403370,91.306619,92.034714,243400
2021-07-28,92.504740,93.398722,91.113065,92.560036,628000
2021-07-29,93.315754,94.320335,93.094563,93.619896,388600
2021-07-30,93.223612,94.255841,92.541602,92.928688,317700
2021-08-02,93.371072,95.011585,92.126863,92.246674,609900
2021-08-03,92.486313,93.288140,91.048561,93.094597,410400
2021-08-04,92.228249,92.477088,90.947174,91.011688,298200
2021-08-05,91.334251,92.762792,91.030109,92.421783,266100
2021-08-06,93.297317,94.320328,93.103767,93.776566,309300
2021-08-09,93.481669,93.481669,92.495517,92.928688,429700
2021-08-10,93.066952,94.430972,92.716726,94.228210,252100
2021-08-11,94.329583,95.251221,93.601489,95.251221,289500
2021-08-12,95.223557,95.334156,93.942482,94.679794,180200
2021-08-13,94.633709,94.633709,93.767368,93.979347,224800
2021-08-16,93.334210,93.767381,92.486305,93.380295,277800
2021-08-17,92.467857,92.744344,91.002450,92.053116,359500
2021-08-18,91.813514,92.753581,91.122286,91.242096,444400
2021-08-19,90.274375,90.965603,89.509421,90.311241,386400
2021-08-20,90.090060,91.841173,89.988679,91.675278,398800
2021-08-23,92.449437,92.928692,92.062351,92.781227,283300
2021-08-24,93.011636,93.712082,92.808875,93.518539,306200
2021-08-25,93.472467,94.550781,93.278924,93.914856,232000
2021-08-26,93.610702,93.859541,92.550818,92.781227,217400
2021-08-27,92.836525,95.730466,92.836525,95.518486,548600
2021-08-30,95.721270,95.758137,94.449413,94.624519,449200
2021-08-31,94.366462,94.993176,93.933291,94.624519,324600
2021-09-01,95.085302,95.085302,93.887178,94.808815,331900
2021-09-02,95.112962,95.730464,94.606066,95.011581,226700
2021-09-03,94.900999,95.011591,93.970143,94.430962,215400
2021-09-07,94.348008,94.753524,93.601477,93.702858,174300
2021-09-08,93.343427,93.592273,92.338845,92.652199,197100
2021-09-09,92.412569,93.444805,92.265110,92.440224,192400
2021-09-10,92.974770,93.149883,91.168361,91.186798,354200
2021-09-13,91.914889,92.292756,91.232872,92.191376,375300
2021-09-14,92.679840,92.698277,90.449480,90.891869,596100
2021-09-15,90.891880,92.182166,90.891880,92.025490,760400
2021-09-16,92.117654,92.320416,90.984044,91.601540,389800
2021-09-17,91.583111,92.154522,90.836580,91.629189,727200
2021-09-20,89.647647,90.274360,88.726009,90.053169,487100
2021-09-21,90.652248,90.965601,89.205278,89.776695,277300
2021-09-22,90.394194,92.219032,90.394194,91.325043,273000
2021-09-23,91.878030,93.914848,91.841164,93.214401,216900
2021-09-24,92.841130,94.017503,92.841130,93.443207,279100
2021-09-27,93.748870,96.435085,93.748870,95.582909,216400
2021-09-28,95.481006,95.999721,94.387995,94.480621,681000
2021-09-29,94.915979,95.397642,94.258321,95.008606,286000
2021-09-30,95.332804,95.332804,93.248672,93.248672,573500
2021-10-01,93.646956,95.860766,93.285708,95.110481,2382800
2021-10-04,95.230897,96.101603,94.832596,95.351318,1532100
2021-10-05,95.731091,96.305388,95.082698,95.666252,4449400
2021-10-06,94.554732,95.147551,93.137523,94.758514,723000
2021-10-07,95.480994,96.777788,95.443942,96.277596,434500
2021-10-08,96.203508,96.805592,95.916363,95.925621,359300
2021-10-11,96.166445,96.703689,95.193848,95.193848,176400
2021-10-12,95.397658,95.805224,95.017887,95.425446,211600
2021-10-13,95.397631,95.397631,94.073049,95.267952,472600
2021-10-14,96.194231,96.564745,95.768143,96.435066,218600
2021-10-15,97.463241,97.833754,96.120130,96.129395,217500
2021-10-18,95.805202,96.675908,95.610684,96.314659,227900
2021-10-19,96.592529,96.731473,95.582887,96.073814,199300
2021-10-20,95.934883,97.129786,95.656996,97.000107,277500
2021-10-21,96.842639,97.574394,96.398021,97.055679,383600
2021-10-22,97.092746,97.574409,96.638870,97.231689,155800
2021-10-25,97.453983,98.111641,97.185360,98.111641,435000
2021-10-26,98.167229,98.167229,96.722226,96.805595,6689300
2021-10-27,96.388753,96.657375,94.693665,94.693665,772500
2021-10-28,95.101214,96.268329,95.101214,96.157173,153200
2021-10-29,96.092325,96.611046,95.314252,95.916336,360300
2021-11-01,96.407290,98.722992,96.314664,98.648888,243700
2021-11-02,98.722990,98.880456,98.000492,98.333954,265000
2021-11-03,98.380265,101.279521,98.352478,100.677444,383100
2021-11-04,101.029416,101.566660,99.667782,100.075348,373300
2021-11-05,101.316562,102.854191,101.316562,102.594833,351300
2021-11-08,103.271031,103.604492,102.316963,102.567062,305300
2021-11-09,102.252121,102.604105,101.585198,102.326225,326000
2021-11-10,102.011285,102.641156,101.177638,101.464783,368900
2021-11-11,101.659311,102.613379,101.381423,102.224342,305800
2021-11-12,102.353999,102.400316,101.687076,101.826019,194800
2021-11-15,102.178008,102.316952,101.446246,101.983490,213500
2021-11-16,101.807511,102.298439,101.279524,101.927925,281700
2021-11-17,101.705618,101.705618,100.242092,100.649658,323800
2021-11-18,101.047953,101.325840,99.630745,100.547768,1581800
2021-11-19,99.602954,99.723375,98.769300,99.000870,231400
2021-11-22,99.751158,101.427723,99.510323,100.177246,432500
2021-11-23,100.205041,100.899752,99.880844,100.547768,1109300
2021-11-24,99.834518,100.334710,99.602948,100.084618,139800
2021-11-26,96.805583,97.129780,94.258312,96.027504,389700
2021-11-29,97.453993,97.648511,94.990090,95.582909,390600
2021-11-30,94.582531,94.841889,92.600291,93.406151,894800
2021-12-01,95.453206,96.249808,91.914815,91.998177,2104200
2021-12-02,92.461349,95.369870,92.294618,94.860420,639300
2021-12-03,95.416176,95.601429,93.183836,93.980438,347200
2021-12-06,95.091958,97.176089,94.730702,96.277596,418800
2021-12-07,97.342822,98.380259,96.851895,97.185356,370200
2021-12-08,97.565157,98.037555,97.185378,97.583679,218500
2021-12-09,96.870418,97.203880,96.212760,96.240547,185200
2021-12-10,96.861175,97.009383,95.332810,96.370247,196700
2021-12-13,95.983049,96.178495,94.186798,94.466011,363600
2021-12-14,93.972761,95.778321,93.972761,94.214745,274300
2021-12-15,94.400865,95.573549,92.986205,95.173347,371600
2021-12-16,95.917913,96.131977,93.609782,93.926216,309000
2021-12-17,93.581867,94.931379,92.697698,93.944839,336700
2021-12-20,92.651170,92.651170,90.603626,92.250969,913500
2021-12-21,93.144422,95.043050,93.125804,95.005821,386400
2021-12-22,94.903444,95.955132,94.521853,95.899292,401500
2021-12-23,96.271582,96.867230,96.094747,96.504257,211300
2021-12-27,96.718295,97.537315,95.899282,97.537315,239900
2021-12-28,97.341877,98.179508,97.071980,97.481483,305100
2021-12-29,97.518710,97.844453,97.127818,97.555939,309300
2021-12-30,97.602481,98.430803,97.211581,97.304657,244200
2021-12-31,97.165058,97.639717,96.792777,97.248817,241400
2022-01-03,97.760715,99.501126,97.760715,98.682106,522900
2022-01-04,99.017137,100.394576,98.998526,99.789619,923300
2022-01-05,99.919918,100.655172,98.011981,98.105057,1086500
2022-01-06,98.440112,99.380121,97.909614,98.700714,607800
2022-01-07,98.821710,99.240522,98.235372,98.421509,516700
2022-01-10,97.965456,98.226051,96.913761,98.114365,580200
2022-01-11,98.328445,98.849635,97.202299,98.663498,925700
2022-01-12,99.035774,99.193991,97.537347,98.086456,635100
2022-01-13,98.551794,99.575562,98.244661,98.570412,435100
2022-01-14,97.825860,99.110224,97.658334,99.100922,243800
2022-01-18,98.430803,98.468032,96.820689,96.969604,435300
2022-01-19,97.323274,97.323274,95.247811,95.359497,528600
2022-01-20,95.620075,96.690381,93.116498,93.302635,383900
2022-01-21,92.846608,94.652161,92.139275,92.139275,651200
2022-01-24,91.106203,94.456721,90.370949,94.158897,753500
2022-01-25,92.874547,94.624260,91.152754,93.563263,576800
2022-01-26,94.587025,95.201291,90.957301,91.990372,370800
2022-01-27,92.595308,93.591156,89.784598,90.352325,674800
2022-01-28,90.426787,91.459857,88.667758,91.385406,802200
2022-01-31,90.901458,92.967613,90.696703,92.967613,697500
2022-02-01,93.190961,93.898295,91.757683,93.656311,889700
2022-02-02,93.898287,94.028585,92.390551,93.265411,733100
2022-02-03,92.483643,93.581869,91.999675,92.148590,499900
2022-02-04,91.934522,92.548787,90.464015,91.897293,1906400
2022-02-07,91.953136,92.762840,91.655312,92.092735,858200
2022-02-08,92.260254,93.963436,92.260254,93.767990,289100
2022-02-09,94.447407,94.856910,94.103045,94.531166,334600
2022-02-10,93.311968,95.294356,92.893149,93.405037,270000
2022-02-11,93.405046,94.782478,92.725632,93.563263,348000
2022-02-14,93.563254,94.326428,92.818699,93.405037,409200
2022-02-15,94.009969,95.554927,94.009969,95.424629,266400
2022-02-16,95.154726,96.215723,95.080275,95.927208,284200
2022-02-17,95.294348,95.471184,94.047214,94.521866,265300
2022-02-18,94.242633,95.154715,93.609758,93.991341,301600
2022-02-22,93.684245,94.103057,92.223039,92.716316,414500
2022-02-23,93.367812,93.768013,91.320275,91.534332,393700
2022-02-24,89.710146,92.818687,89.430934,92.595314,524000
2022-02-25,93.153741,94.940690,92.855918,94.763855,351900
2022-02-28,93.935519,95.396717,93.935519,95.089584,405600
2022-03-01,94.931372,95.303654,92.613932,93.321259,720200
2022-03-02,93.851749,96.150578,93.851749,95.675926,337400
2022-03-03,95.992359,96.094737,94.661458,95.517700,615800
2022-03-04,94.652168,94.829004,93.498102,94.484642,280100
2022-03-07,94.782465,94.977918,92.539482,92.651169,392100
2022-03-08,92.744226,94.949979,92.483631,92.902443,517900
2022-03-09,94.279900,94.949998,94.121675,94.447426,419700
2022-03-10,93.405037,94.596332,93.246820,94.577721,214300
2022-03-11,94.931380,95.359501,93.572559,93.600479,204000
2022-03-14,93.944841,94.112367,92.288196,92.762848,284800
2022-03-15,92.911753,93.526011,92.297488,93.339874,1202600
2022-03-16,94.009983,95.396723,93.386408,95.322266,289900
2022-03-17,94.977923,96.392584,94.596333,96.243675,367100
2022-03-18,95.769006,96.476340,95.173359,96.318115,1800900
2022-03-21,96.513565,97.360506,95.554946,96.066833,1464700
2022-03-22,96.411179,97.518714,95.889989,96.355339,1822900
2022-03-23,96.085436,96.225043,94.726616,94.782455,1161400
2022-03-24,95.338717,95.469382,94.648062,95.394714,228700
2022-03-25,95.693392,96.561380,95.488060,96.542717,4632500
2022-03-28,96.458682,96.458682,95.161367,95.973358,2588700
2022-03-29,96.552045,98.260024,96.402717,98.092026,515100
2022-03-30,97.868003,98.287994,96.104028,96.458687,2204400
2022-03-31,96.262704,96.990693,95.478718,95.562714,308900
2022-04-01,95.936043,96.542703,95.413386,96.477371,641300
2022-04-04,96.673368,96.673368,95.114724,96.104042,996000
2022-04-05,96.206719,96.832043,93.742753,93.957413,4629200
2022-04-06,93.565417,93.789412,92.594762,93.126755,2049700
2022-04-07,93.266746,93.294744,91.801432,92.865417,475400
2022-04-08,93.005423,93.602748,92.436097,92.650757,1666300
2022-04-11,92.296112,93.798759,92.146784,92.249443,1958700
2022-04-12,92.968091,94.274742,92.557428,92.912094,502400
2022-04-13,93.108094,94.694736,93.108094,94.424072,189400
2022-04-14,94.601401,95.152057,94.106743,94.200073,210600
2022-04-18,94.060069,94.517394,93.602744,94.022736,343500
2022-04-19,93.957403,95.926711,93.957403,95.618713,365300
2022-04-20,96.216022,96.860015,96.216022,96.225357,180500
2022-04-21,97.056022,97.420016,94.750718,95.058716,453300
2022-04-22,94.545410,94.750735,92.753428,92.856094,230100
2022-04-25,91.960103,92.930758,90.541458,92.772095,798400
2022-04-26,92.174776,92.333439,90.345468,90.373466,395200
2022-04-27,90.550773,91.250764,89.701455,90.102783,448100
2022-04-28,90.980125,92.268105,89.412146,91.941444,297200
2022-04-29,91.642771,92.100096,89.328132,89.468132,315000
2022-05-02,89.486799,90.644122,88.208154,89.972130,773700
2022-05-03,90.009445,91.269427,89.636116,90.877434,426300
2022-05-04,91.092108,93.248084,90.074792,93.033417,669000
2022-05-05,92.240089,92.240089,89.150792,90.102783,410600
2022-05-06,89.822782,90.373445,88.404138,89.300125,600500
2022-05-09,88.152161,88.656156,86.714853,87.097511,773300
2022-05-10,87.984153,88.245489,84.848201,86.313515,601300
2022-05-11,86.462836,88.198813,85.156186,85.286850,917900
2022-05-12,84.922848,86.388161,84.474858,86.154831,562600
2022-05-13,86.957516,88.422830,86.957516,87.862839,326300
2022-05-16,87.685493,88.572152,87.256166,87.918823,382100
2022-05-17,89.262786,90.672102,89.038791,90.550766,452800
2022-05-18,89.906802,90.373462,88.021490,88.460152,11375900
2022-05-19,87.657487,88.833474,87.088161,87.732155,3170900
2022-05-20,88.497474,88.758803,85.408185,87.088158,790600
2022-05-23,87.928162,88.740153,87.050838,88.114830,634700
2022-05-24,87.405498,87.657491,85.566854,87.508163,855200
2022-05-25,87.265502,89.589469,87.181507,89.094810,571100
2022-05-26,89.748138,91.250778,89.626801,90.756119,512100
2022-05-27,91.054781,92.426764,91.045453,92.398766,589900
2022-05-31,92.034774,92.193437,91.036121,91.540115,559900
2022-06-01,92.034754,92.146755,90.065447,91.316093,799500
2022-06-02,91.344101,92.846748,91.166768,92.846748,808300
2022-06-03,92.184105,92.361439,91.568117,91.997444,446300
2022-06-06,92.800090,93.061419,92.072101,92.762756,398900
2022-06-07,92.109446,93.714760,91.922778,93.621422,385900
2022-06-08,93.322743,93.322743,91.764099,92.137428,267900
2022-06-09,91.859424,91.906227,90.464780,90.492859,376400
2022-06-10,89.266717,89.538159,87.890790,88.311989,546000
2022-06-13,86.318289,86.664606,84.090595,84.455643,744900
2022-06-14,84.717733,85.129570,83.360523,84.034447,1083600
2022-06-15,84.755165,85.794130,83.744279,84.830040,546100
2022-06-16,83.107810,83.407331,80.262357,80.683556,619100
2022-06-17,81.095386,82.143713,80.365304,81.217064,572500
2022-06-21,82.293471,83.294995,81.628909,82.312195,748400
2022-06-22,81.235797,82.752126,81.235797,82.227959,798200
2022-06-23,82.433882,82.658521,81.170278,82.293480,570400
2022-06-24,82.892520,85.054694,82.789559,84.904930,5974300
2022-06-27,85.213801,86.140443,84.801957,85.578842,1480200
2022-06-28,86.028126,86.879885,84.362033,84.418198,800500
2022-06-29,84.464990,84.521155,82.826983,83.510269,533100
2022-06-30,82.349636,84.071880,81.956509,83.332436,776300
2022-07-01,83.051649,84.511813,82.387080,84.249733,883100
2022-07-05,82.920600,83.800446,81.432357,83.791084,607100
2022-07-06,83.613246,83.875326,81.722514,82.639801,6354400
2022-07-07,83.304381,84.305905,83.304381,83.950226,592000
2022-07-08,83.875330,84.362049,83.117169,83.697487,705800
2022-07-11,83.220119,83.603877,82.480675,82.714676,459000
2022-07-12,82.499397,83.660040,82.424515,82.817642,860200
2022-07-13,81.853538,82.789542,81.432339,82.490021,458800
2022-07-14,81.301302,81.750580,80.486976,81.675705,383100
2022-07-15,82.733391,83.538355,81.806749,83.360512,529300
2022-07-18,84.249724,84.755167,83.238838,83.482201,264100
2022-07-19,84.333971,86.486783,84.184214,86.280861,366300
2022-07-20,86.224689,87.329174,85.943885,87.207489,471200
2022-07-21,86.421278,86.851839,85.204469,86.833115,14444600
2022-07-22,87.113904,87.535103,85.700535,86.439980,2759300
2022-07-25,86.720777,87.469576,86.355736,87.216858,910700
2022-07-26,86.861184,87.291745,86.599097,86.767578,599400
2022-07-27,87.291735,88.939097,87.067089,88.602142,403300
2022-07-28,88.911011,89.800219,88.049889,89.697258,456800
2022-07-29,89.837665,90.708149,89.519420,90.436707,1752900
2022-08-01,89.809579,91.316546,89.210537,90.820465,1319100
2022-08-02,90.492892,90.876650,89.753448,89.762810,560800
2022-08-03,90.268231,90.680068,89.687906,90.380547,322000
2022-08-04,90.352479,90.399282,89.397758,89.481995,520700
2022-08-05,88.714457,90.015502,88.714457,89.949982,381600
2022-08-08,90.333755,91.438240,90.333755,90.726875,412700
2022-08-09,90.633274,90.736235,89.528789,89.968712,241700
2022-08-10,91.344628,91.934316,91.063832,91.728394,358100
2022-08-11,92.318086,93.300893,92.318086,92.467850,349900
2022-08-12,92.758019,94.030986,92.608262,94.002907,310800
2022-08-15,93.263440,94.330485,92.954557,94.311768,288700
2022-08-16,94.002902,95.294585,93.974823,94.835945,320400
2022-08-17,93.956082,94.293044,93.179204,93.675285,248000
2022-08-18,93.796975,94.480261,93.534895,94.339859,593400
2022-08-19,93.478734,93.572333,92.392966,92.720566,150800
2022-08-22,91.728399,91.728399,90.502236,90.726875,393800
2022-08-23,91.007678,91.569279,90.558393,90.661354,164400
2022-08-24,90.520948,91.091911,90.127828,90.857910,169300
2022-08-25,91.176161,92.729924,90.876633,92.608246,5099500
2022-08-26,92.655036,92.655036,89.753425,89.837669,574700
2022-08-29,89.060794,89.725356,88.817431,89.032715,301300
2022-08-30,89.238618,89.238618,87.366610,87.656776,482000
2022-08-31,87.638072,87.759757,86.673988,86.673988,257900
2022-09-01,85.962608,86.374452,84.867485,85.653732,914900
2022-09-02,86.655252,86.926694,84.848764,85.223167,313800
2022-09-06,85.541400,85.634999,83.454115,83.940834,4997200
2022-09-07,83.800441,85.616291,83.631960,85.494606,495900
2022-09-08,84.979809,85.635009,84.240364,85.569489,561400
2022-09-09,86.327659,87.413420,86.308935,87.273018,319500
2022-09-12,87.918859,88.658303,87.825260,88.499184,582400
2022-09-13,86.589724,86.926686,84.727072,85.064034,328600
2022-09-14,85.241872,85.279313,84.071868,85.026588,400800
2022-09-15,84.493069,85.522679,84.099949,84.371391,235900
2022-09-16,83.397956,83.950202,82.780197,83.884682,290900
2022-09-19,83.098441,85.035969,83.098441,84.914291,391700
2022-09-20,84.287176,84.287176,83.145250,83.837891,276700
2022-09-21,84.362038,85.045324,82.789551,82.789551,244300
2022-09-22,82.621063,82.855064,80.983057,81.207703,886500
2022-09-23,80.178097,80.178097,78.212483,79.185928,574100
2022-09-26,78.753707,80.090915,77.793184,77.953270,632100
2022-09-27,78.781972,79.299898,77.341176,77.887360,587000
2022-09-28,78.358201,80.448759,78.094529,79.977913,345200
2022-09-29,79.045641,79.045641,77.303505,78.254616,352000
2022-09-30,78.113340,79.450548,77.604833,77.642494,496800
2022-10-03,78.593614,80.062652,77.783759,79.638893,803100
2022-10-04,80.891348,82.746483,80.872511,82.746483,547600
2022-10-05,81.644701,82.520475,80.929020,82.247383,295200
2022-10-06,81.917798,82.699405,81.362203,81.644707,331600
2022-10-07,80.947851,81.277442,79.507063,79.855492,260100
2022-10-10,80.100327,80.627679,79.459976,79.968491,225300
2022-10-11,79.572982,81.117356,79.102136,80.279251,302700
2022-10-12,80.194491,80.505244,79.394047,79.893143,457200
2022-10-13,78.433544,82.426317,77.925030,82.011971,481200
2022-10-14,82.624058,82.953649,80.241578,80.288666,331500
2022-10-17,81.729462,82.765322,81.729462,82.416893,456300
2022-10-18,83.933009,84.818202,82.868899,83.518669,476200
2022-10-19,82.878324,83.396250,81.541116,82.539314,356300
2022-10-20,82.558136,83.415080,81.173848,81.475189,501100
2022-10-21,81.691793,83.612846,81.456370,83.368004,411700
2022-10-24,83.594001,84.243771,83.057237,84.055435,418200
2022-10-25,84.177861,86.259000,84.149611,85.872910,326600
2022-10-26,86.277830,87.793954,85.854064,86.381416,614400
2022-10-27,87.172451,88.330736,86.824023,86.918198,730600
2022-10-28,87.191265,88.876895,86.842844,88.707390,449900
2022-10-31,88.340116,89.187640,88.029363,88.820381,669500
2022-11-01,89.705574,89.705574,88.754463,89.131142,518600
2022-11-02,88.688556,89.507830,86.268407,86.371994,377600
2022-11-03,85.430300,86.466160,84.469770,85.967064,337600
2022-11-04,87.276019,87.878701,86.004736,87.549110,389900
2022-11-07,87.935200,88.537883,87.351356,88.368378,602500
2022-11-08,88.726223,89.310068,87.332516,88.274208,469600
2022-11-09,87.596189,88.048205,86.145990,86.371994,306100
2022-11-10,89.357157,91.080455,89.187652,90.958031,449300
2022-11-11,91.268777,92.163389,91.155778,91.381783,295900
2022-11-14,90.958034,91.852646,90.374190,90.393021,484200
2022-11-15,91.673711,92.521235,90.901524,91.466537,513500
2022-11-16,90.948630,90.986299,89.997519,90.148193,252500
2022-11-17,88.867476,89.884498,88.669722,89.837418,226500
2022-11-18,90.797945,91.108705,90.035177,90.515442,221300
2022-11-21,89.997512,90.458939,89.592584,90.393021,372500
2022-11-22,90.967454,91.541887,90.713200,91.457138,465300
2022-11-23,91.127533,91.664297,90.750862,91.391212,371900
2022-11-25,91.297050,92.069237,91.259389,91.560730,58300
2022-11-28,90.854454,91.061620,89.630252,89.903343,346400
2022-11-29,90.035190,90.713210,89.893935,90.355362,452400
2022-11-30,90.458937,92.219903,89.272410,92.201073,377200
2022-12-01,92.540085,93.142774,91.720817,91.918571,713800
2022-12-02,90.816769,92.643646,90.816769,92.266975,273900
2022-12-05,91.626633,91.626633,89.526656,89.790329,255400
2022-12-06,89.790336,90.072847,88.669728,89.168823,808900
2022-12-07,89.074647,89.677337,88.584971,88.613220,653400
2022-12-08,89.121733,89.950419,88.754473,89.093483,241700
2022-12-09,88.603819,89.084084,88.067055,88.067055,265400
2022-12-12,88.245959,89.178232,87.793951,89.093483,274800
2022-12-13,91.168995,91.886633,88.987733,89.204918,588600
2022-12-14,89.186012,89.950873,88.100110,88.610008,630800
2022-12-15,87.618537,87.920702,86.428758,86.655380,388700
2022-12-16,85.560037,86.154922,85.125675,85.767776,396500
2022-12-19,85.777216,86.069944,84.644098,84.880165,453500
2022-12-20,84.729073,85.645006,84.398574,85.116219,321000
2022-12-21,85.805541,86.919776,85.805541,86.353210,316500
2022-12-22,85.673344,85.824423,83.964216,85.408943,362100
2022-12-23,85.380613,86.126585,84.993467,86.069931,268400
2022-12-27,86.079377,86.419306,85.522256,86.098259,212400
2022-12-28,86.107708,86.390984,84.341927,84.341927,472900
2022-12-29,84.927394,86.664843,84.889623,86.523201,419100
2022-12-30,85.767757,86.362642,85.512801,86.221001,380000
2023-01-03,86.957537,87.797941,85.635569,86.258781,285100
2023-01-04,86.919782,88.383392,86.919782,87.807388,390800
2023-01-05,87.354138,87.580760,86.258785,87.099182,299100
2023-01-06,87.864048,89.271003,87.476895,89.082146,237600
2023-01-09,89.752588,90.177506,88.968845,89.053825,193600
2023-01-10,88.912196,90.423022,88.723338,90.300262,245900
2023-01-11,90.696850,91.593900,90.621307,91.546684,417100
2023-01-12,92.094376,93.010316,91.414502,92.849792,266500
2023-01-13,92.122700,93.435231,92.047164,93.350250,373600
2023-01-17,93.170818,93.557971,92.811999,93.057510,289800
2023-01-18,93.397452,94.133979,91.575016,91.678879,210300
2023-01-19,91.036793,91.395612,90.177507,90.961250,342700
2023-01-20,91.168990,92.500403,90.583542,92.472076,400500
2023-01-23,92.679810,93.982896,92.443743,93.624077,262400
2023-01-24,93.151939,93.652400,92.774231,93.151939,281200
2023-01-25,92.443749,93.633528,91.905517,93.586311,238500
2023-01-26,94.152866,94.700542,93.095284,94.228409,173600
2023-01-27,93.973456,95.248222,93.973456,94.870514,193700
2023-01-30,93.973459,94.879961,93.775163,93.812935,368300
2023-01-31,94.143430,96.532432,94.143430,96.522987,4032600
2023-02-01,96.277466,98.751448,95.739234,97.967705,1146500
2023-02-02,98.675906,100.979920,98.675906,100.621094,676000
2023-02-03,99.402994,100.791068,99.346341,100.007332,317000
2023-02-06,99.242459,99.412427,97.788287,98.213211,239100
2023-02-07,97.750511,99.166911,97.127298,98.855309,1612400
2023-02-08,98.222651,98.477607,97.042317,97.335045,211000
2023-02-09,98.269879,98.666469,95.880884,96.116951,306200
2023-02-10,95.767574,96.381349,95.342657,96.239708,238400
2023-02-13,96.324688,97.571120,95.871436,97.542793,188700
2023-02-14,96.872358,97.948829,96.220818,97.183968,540300
2023-02-15,96.381330,98.222648,96.220806,98.194321,337000
2023-02-16,96.976228,98.420963,96.674063,97.580559,279500
2023-02-17,97.136743,97.807172,96.806244,97.731628,202900
2023-02-21,96.522976,96.749598,94.511683,94.558899,287600
2023-02-22,94.757198,95.777008,94.662772,95.021591,2891200
2023-02-23,95.635370,96.041405,94.322839,95.673141,276700
2023-02-24,94.313398,94.719433,93.709068,94.634453,344500
2023-02-27,95.455942,95.890312,94.530565,94.757187,250100
2023-02-28,94.757206,95.739245,94.691107,94.851631,226600
2023-03-01,94.747758,95.540946,94.407828,95.134911,360500
2023-03-02,94.332285,95.729796,94.124545,95.512619,245000
2023-03-03,95.956427,96.929021,95.285998,96.664627,2989500
2023-03-06,96.560747,96.853467,93.756273,94.162308,393400
2023-03-07,94.162323,94.436162,92.944218,93.236938,380200
2023-03-08,93.321917,93.586310,92.604272,93.378571,485100
2023-03-09,93.425769,93.614619,91.055657,91.074539,345200
2023-03-10,90.630748,90.630748,87.741286,88.647781,498800
2023-03-13,86.664815,87.930137,85.654450,86.230453,593800
2023-03-14,88.864962,89.412639,86.844231,87.797943,539900
2023-03-15,85.446726,86.532635,84.785742,86.438210,2519300
2023-03-16,85.475061,88.270098,84.700762,87.571335,587300
2023-03-17,86.683714,86.693151,84.757408,84.946259,424200
2023-03-20,85.645018,87.325820,85.645018,85.984955,484100
2023-03-21,87.420257,88.515603,86.967005,87.401367,3564500
2023-03-22,87.420249,87.816839,85.087908,85.144562,347300
2023-03-23,85.646857,86.480862,83.580793,84.177864,268300
2023-03-24,83.448111,85.305671,82.841561,85.210899,395500
2023-03-27,86.224960,86.566138,85.523630,86.073318,543100
2023-03-28,85.836401,86.727274,85.571036,86.319748,331300
2023-03-29,87.229564,87.257995,86.206008,86.935768,331300
2023-03-30,87.675005,87.892980,86.641969,87.002113,294200
2023-03-31,87.589721,88.745960,87.580249,88.698570,315800
2023-04-03,88.897601,89.456762,87.807704,88.698570,609700
2023-04-04,89.020811,89.068200,86.471399,87.077950,309000
2023-04-05,86.670402,86.774653,85.902738,86.386086,375300
2023-04-06,86.395565,86.736743,85.902738,86.442947,264900
2023-04-10,86.111256,87.656063,86.111256,87.494949,328200
2023-04-11,87.769785,88.878634,87.684485,88.395287,198400
2023-04-12,89.049231,89.096621,87.343312,87.466515,258700
2023-04-13,87.826657,88.281573,87.286448,88.006729,241900
2023-04-14,88.205750,88.793349,86.708326,87.286446,294000
2023-04-17,87.390696,87.997246,87.077941,87.997246,255500
2023-04-18,88.253121,88.319463,87.021062,87.485451,251100
2023-04-19,87.153747,88.129913,86.869430,87.978279,292300
2023-04-20,87.295910,87.921412,86.878904,87.343300,168200
2023-04-21,87.419124,87.656058,86.480868,87.106377,215800
2023-04-24,87.049512,87.675021,86.765195,87.172722,189400
2023-04-25,86.424006,86.424006,84.774940,84.774940,274100
2023-04-26,84.632788,85.059266,83.798776,84.026237,263600
2023-04-27,84.386364,85.552074,84.073609,85.466782,344300
2023-04-28,85.400440,86.859954,85.400440,86.575630,337600
2023-05-01,86.518772,87.589710,86.101766,86.319748,233600
2023-05-02,85.883788,85.883788,83.239605,84.452705,446500
2023-05-03,84.689662,86.007014,84.329525,84.357956,303600
2023-05-04,83.865122,83.940942,82.377177,83.135368,663100
2023-05-05,84.604345,85.428878,84.424281,85.163513,260900
2023-05-08,85.580506,85.732140,84.386358,84.755974,347400
2023-05-09,84.225269,84.699137,83.599760,84.253700,238700
2023-05-10,85.438370,85.438370,83.381785,84.253700,293800
2023-05-11,83.637658,83.903022,83.201700,83.713478,312700
2023-05-12,83.959898,84.168401,82.926870,83.429169,398100
2023-05-15,83.770342,84.774939,83.552367,84.338982,255300
2023-05-16,83.817727,83.903020,82.993194,83.012146,170000
2023-05-17,83.609232,85.419403,83.258567,85.286720,278700
2023-05-18,84.992924,86.243934,84.822331,86.054390,246400
2023-05-19,86.613535,86.755697,84.651723,85.116112,370700
2023-05-22,85.419397,86.149157,84.860236,85.703720,263700
2023-05-23,85.514180,87.153758,85.447839,85.732155,345700
2023-05-24,85.447835,85.599469,84.282117,84.613823,230600
2023-05-25,84.405318,84.575910,83.116397,83.969360,331300
2023-05-26,83.997802,85.021358,83.827209,84.860245,348800
2023-05-30,85.201421,85.438355,84.263165,84.556961,216000
2023-05-31,84.149442,84.727562,82.794180,83.410210,254200
2023-06-01,83.533415,84.424288,82.888954,84.073624,356700
2023-06-02,85.296208,87.893002,85.144567,87.845619,327700
2023-06-05,87.172714,87.248527,85.116122,85.969086,200900
2023-06-06,85.751116,88.944980,85.751116,88.708046,331100
2023-06-07,89.330482,91.262517,89.225790,90.948441,528400
2023-06-08,90.701005,90.900870,89.501808,90.215614,178400
2023-06-09,90.282228,90.282228,89.149653,89.349518,238000
2023-06-12,89.520846,90.139479,88.978353,89.530365,217200
2023-06-13,89.939595,91.205414,89.501795,90.415466,232500
2023-06-14,90.634367,91.091199,88.721364,89.121094,328300
2023-06-15,88.768960,90.053818,88.768960,90.053818,236200
2023-06-16,90.472562,90.586774,88.997367,89.558891,232500
2023-06-20,89.235313,89.444698,88.702333,89.159172,409900
2023-06-21,88.759431,89.606480,88.331143,89.063988,213100
2023-06-22,88.740406,88.911720,87.560248,87.931427,198700
2023-06-23,86.979672,87.712517,86.246834,86.513321,300800
2023-06-26,86.579961,87.902882,86.579961,87.246178,150600
2023-06-27,87.579275,89.263862,87.122443,88.921234,143000
2023-06-28,88.787987,88.987852,88.169353,88.940262,286400
2023-06-29,89.206767,90.586790,89.197248,90.463066,182500
2023-06-30,91.319620,91.319620,90.348847,90.501122,304200
2023-07-03,90.434483,91.405263,90.244137,91.129257,208200
2023-07-05,90.710501,90.710501,89.720688,89.872971,292700
2023-07-06,88.807020,88.807020,87.474587,88.492950,225800
2023-07-07,88.492951,90.320293,88.492951,89.549377,224200
2023-07-10,89.368554,90.853269,89.168689,90.653404,160700
2023-07-11,90.929405,91.766935,90.786642,91.681282,176800
2023-07-12,92.966132,93.318279,92.480742,92.661575,256000
2023-07-13,92.842408,93.127926,92.299915,93.032753,280200
2023-07-14,92.909019,92.909019,91.376715,92.119072,434400
2023-07-17,92.033422,93.032754,91.766936,92.661575,234100
2023-07-18,92.671091,94.327119,92.661571,94.032082,399500
2023-07-19,94.393757,95.069492,94.079680,95.050461,395800
2023-07-20,95.002861,95.098034,93.898845,94.365196,501200
2023-07-21,94.993350,94.993350,93.727539,93.841743,255500
2023-07-24,93.851267,94.879150,93.832228,94.650726,416100
2023-07-25,94.289065,95.002871,94.174853,94.374725,619200
2023-07-26,94.479415,95.716682,94.346171,95.488266,492700
2023-07-27,96.002183,96.116388,94.041591,94.355667,466900
2023-07-28,95.145620,95.669074,94.755403,95.136101,418400
2023-07-31,95.259823,95.992668,95.259823,95.954597,333900
2023-08-01,95.507290,95.688124,94.584100,95.564400,497400
2023-08-02,94.507967,94.812524,94.098718,94.593620,369800
2023-08-03,94.155815,94.565064,93.270695,94.117744,468500
2023-08-04,94.212916,95.136106,93.708494,94.222435,333700
2023-08-07,94.441342,94.983835,94.060644,94.955276,257600
2023-08-08,93.794164,94.384239,92.861453,94.308098,237600
2023-08-09,94.241471,94.279542,93.223108,93.679947,171100
2023-08-10,94.051125,95.002866,92.861447,93.185043,330500
2023-08-11,92.870965,93.641873,92.823375,93.175522,654200
2023-08-14,92.699645,92.775787,91.862108,92.547363,369400
2023-08-15,91.928733,91.966803,91.329138,91.395760,374900
2023-08-16,91.205413,91.938251,90.263184,90.301254,383400
2023-08-17,90.567752,90.881821,89.454208,89.454208,297200
2023-08-18,88.902210,90.158509,88.740409,89.825394,442600
2023-08-21,89.901527,90.158502,88.807023,89.149651,498100
2023-08-22,89.359043,89.654081,88.426340,88.702339,444500
2023-08-23,88.816555,89.787329,88.483447,89.663605,310400
2023-08-24,89.463742,90.386933,88.892698,88.959320,491400
2023-08-25,89.263856,89.720688,88.074179,88.816536,440200
2023-08-28,89.254339,90.339324,89.168685,89.768280,300800
2023-08-29,89.749268,90.938945,89.425672,90.881836,255300
2023-08-30,90.853265,91.519488,90.510637,91.233963,234100
2023-08-31,91.490935,91.909704,91.081686,91.148308,263100
2023-09-01,91.843074,92.633021,91.805003,92.195221,420700
2023-09-05,91.586119,91.586119,89.168694,89.168694,264800
2023-09-06,89.320968,89.844429,88.359706,88.826065,302200
2023-09-07,88.416830,88.683316,87.807715,88.178894,287400
2023-09-08,88.235978,88.245498,87.455550,87.864799,303100
2023-09-11,88.340665,88.635702,87.817204,87.874313,264100
2023-09-12,87.674459,88.274054,87.588799,87.703011,221500
2023-09-13,87.836251,87.988526,86.941611,87.160515,222600
2023-09-14,87.988534,88.968834,87.988534,88.968834,288300
2023-09-15,88.673780,88.749921,87.607833,88.245499,493200
2023-09-18,88.235987,88.235987,87.493629,87.493629,208600
2023-09-19,87.626856,88.235970,87.284228,87.560234,222900
2023-09-20,87.988523,88.559574,86.846436,86.846436,224500
2023-09-21,86.218283,86.465738,85.590137,85.609169,302300
2023-09-22,85.780474,86.104070,85.114258,85.114258,497000
2023-09-25,84.705024,85.618696,84.590813,85.418831,228300
2023-09-26,84.761149,85.306821,83.880416,83.899559,312900
2023-09-27,84.493100,85.258952,84.033583,84.713280,446900
2023-09-28,84.789871,86.206708,84.684565,85.766335,358800
2023-09-29,86.465168,86.551330,85.211081,85.412117,317700
2023-10-02,85.211102,85.412138,83.736828,84.148476,1179100
2023-10-03,83.621942,83.851697,82.185961,82.463585,596100
2023-10-04,82.511443,82.865647,81.621135,82.693329,481200
2023-10-05,82.453997,82.961382,81.841312,82.415703,682400
2023-10-06,81.822165,83.325158,81.161612,82.655029,586200
2023-10-09,82.128526,83.679388,82.128526,83.401764,311400
2023-10-10,83.612361,84.847305,83.612361,84.368645,382200
2023-10-11,84.502667,85.057915,83.909133,84.569679,382700
2023-10-12,84.655836,84.655836,82.281679,82.903938,475100
2023-10-13,83.239000,83.353881,81.668995,81.917900,432600
2023-10-16,82.501880,83.765543,82.454011,83.564507,331400
2023-10-17,83.057120,85.459989,83.057120,84.703712,338600
2023-10-18,84.052731,84.052731,83.009248,83.143272,414200
2023-10-19,82.961388,83.660227,81.659431,81.822174,660000
2023-10-20,81.841300,82.214654,80.874411,80.893555,568600
2023-10-23,80.462774,81.257345,79.993682,80.012833,641900
2023-10-24,80.568086,81.037171,79.964970,80.367043,608500
2023-10-25,79.735223,79.840529,79.055527,79.218269,919800
2023-10-26,79.428867,80.414906,79.189537,79.677773,880400
2023-10-27,79.840520,79.907532,78.318377,78.596001,622100
2023-10-30,79.218252,80.031973,78.663004,79.266121,622200
2023-10-31,79.505455,80.194720,79.285269,79.984116,999600
2023-11-01,80.031971,80.443619,79.218250,80.434044,1333200
2023-11-02,81.477537,83.009249,81.477537,82.970955,518600
2023-11-03,84.454806,86.091823,84.454806,85.527000,734400
2023-11-06,85.297247,85.536577,84.091022,84.521820,630300
2023-11-07,84.071868,84.406929,83.612351,83.928268,373800
2023-11-08,83.861264,84.081451,82.884800,83.124130,505600
2023-11-09,83.641086,83.650654,81.688152,81.783882,283600
2023-11-10,82.272125,82.865659,81.448829,82.597610,374300
2023-11-13,82.138091,82.856081,81.736011,82.319977,392100
2023-11-14,84.856875,87.250176,84.856875,87.087433,516200
2023-11-15,87.020432,88.657449,86.924701,87.499092,402400
2023-11-16,87.164026,87.470368,85.641883,85.996094,312500
2023-11-17,86.694915,87.269313,86.618335,87.039551,413800
2023-11-20,86.953404,87.460783,86.446025,87.345901,334000
2023-11-21,86.752384,86.934270,86.158843,86.187561,431200
2023-11-22,86.723655,87.250184,86.273721,86.580063,315800
2023-11-24,86.714079,87.250176,86.407736,87.087433,157800
2023-11-27,86.666213,86.972555,86.082247,86.848106,461800
2023-11-28,86.627914,87.097006,85.909924,86.637489,330900
2023-11-29,87.298048,88.513842,86.905544,87.001274,250300
2023-11-30,87.479938,87.613963,86.608781,87.240608,235300
2023-12-01,86.934269,90.112572,86.570490,90.103004,674000
2023-12-04,89.547753,91.404957,89.547753,91.328369,539000
2023-12-05,90.849710,90.849710,89.653059,89.844521,399900
2023-12-06,90.600804,91.749585,89.586046,89.700920,447700
2023-12-07,89.854087,90.849701,89.538169,90.849701,248200
2023-12-08,90.648685,91.797467,90.639110,91.385818,353200
2023-12-11,91.424096,92.084649,91.232634,91.902756,302700
2023-12-12,91.797446,92.209094,91.194337,91.826164,4113400
2023-12-13,91.797457,95.100210,91.022030,94.994911,495000
2023-12-14,96.689366,98.575289,96.584060,98.048759,506400
2023-12-15,98.249786,98.393386,96.354296,96.957405,550300
2023-12-18,97.273329,97.445647,96.383021,96.497902,426900
2023-12-19,97.129718,98.632711,96.861670,98.355087,608800
2023-12-20,98.103737,99.533175,96.549578,96.559174,3797400
2023-12-21,97.576095,98.314803,97.125197,98.276428,859800
2023-12-22,98.708135,99.705866,98.180486,98.765694,477600
2023-12-26,99.053519,100.271898,98.842459,99.926537,258300
2023-12-27,100.281479,100.828311,99.868956,100.281479,338700
2023-12-28,99.964890,100.598068,99.773021,100.281479,378000
2023-12-29,100.070421,100.223921,98.794483,98.880821,228300
2024-01-02,98.055768,99.715456,97.729590,98.602600,1118700
2024-01-03,97.460975,97.460975,95.359990,95.523079,803200
2024-01-04,95.475107,96.050726,95.292834,95.340797,887300
2024-01-05,94.813156,96.520809,94.582905,95.446327,392300
2024-01-08,95.235275,96.914149,94.851539,96.818214,338300
2024-01-09,95.705363,95.935606,95.139339,95.542267,394000
2024-01-10,95.350393,96.069910,94.793964,95.935600,446700
2024-01-11,95.427137,95.475101,93.940133,94.889900,353700
2024-01-12,96.012348,96.482430,94.275909,94.554123,360000
2024-01-16,93.681106,93.882570,93.038340,93.258987,708700
2024-01-17,91.906312,92.769727,91.263538,91.983055,3557600
2024-01-18,92.587454,92.779323,91.685657,92.721764,873400
2024-01-19,93.124697,93.882589,92.088590,93.767464,417900
2024-01-22,94.438997,96.021928,94.438997,95.887619,547000
2024-01-23,96.674315,97.201964,95.005038,95.436752,5693700
2024-01-24,96.511202,96.607136,94.630866,94.870705,467800
2024-01-25,96.050716,96.472828,94.861110,95.753311,314700
2024-01-26,96.194618,96.818201,95.695756,95.945190,339300
2024-01-29,95.916417,96.923737,95.312018,96.923737,358500
2024-01-30,96.453662,96.952524,96.031543,96.185043,347600
2024-01-31,95.734132,96.578362,93.431676,93.489235,438100
2024-02-01,94.179984,94.707633,92.309243,94.563728,721700
2024-02-02,93.460461,94.496567,92.808099,93.901764,908500
2024-02-05,92.932808,92.932808,91.474583,92.232475,473500
2024-02-06,92.088598,93.268609,91.896730,93.028770,604500
2024-02-07,93.316546,93.316546,92.011829,92.309227,423900
2024-02-08,92.290039,93.613955,91.867928,93.556389,530600
2024-02-09,93.681120,94.506167,92.980787,94.448601,445700
2024-02-12,94.573316,96.885360,94.573316,96.530403,351700
2024-02-13,93.585188,94.036079,91.944682,92.731361,343100
2024-02-14,93.997699,94.765179,93.086306,94.467781,216600
2024-02-15,95.244868,97.336264,95.244868,97.153984,453000
2024-02-16,95.926012,97.115618,95.647797,96.108292,466000
2024-02-20,95.005023,95.762915,94.793964,95.264053,360000
2024-02-21,94.755593,95.052998,94.170393,94.793968,246800
2024-02-22,94.793975,95.014630,94.343077,94.755600,244700
2024-02-23,94.793967,95.590234,94.266325,94.928276,508500
2024-02-26,94.726814,95.388772,94.266327,94.621284,396100
2024-02-27,95.379182,95.830080,95.273652,95.628616,317600
2024-02-28,94.889900,95.734130,94.486964,94.957054,212800
2024-02-29,96.098693,96.866180,95.254462,95.705360,459500
2024-03-01,95.801285,96.050719,94.726804,96.012344,238400
2024-03-04,95.954779,96.309744,95.177703,95.350388,346800
2024-03-05,94.765185,96.127468,94.707626,95.407951,279200
2024-03-06,95.993166,96.021946,94.928280,95.475113,270700
2024-03-07,96.031536,96.837399,95.993161,96.261780,388400
2024-03-08,97.010087,97.796758,96.185040,96.520813,398700
2024-03-11,96.146657,96.770240,95.810884,96.309746,322600
2024-03-12,96.137059,96.357714,95.235262,95.772507,221000
2024-03-13,95.638189,96.587949,95.532659,95.839653,298100
2024-03-14,95.571050,95.666984,93.393308,94.084045,268200
2024-03-15,93.575588,94.909092,93.575588,94.611694,293300
2024-03-18,94.726803,94.861112,93.892168,94.112816,225000
2024-03-19,93.690713,94.813158,93.690713,94.611694,183300
2024-03-20,94.352657,96.942922,94.045663,96.405678,299500
2024-03-21,96.824522,97.777752,96.699354,97.450378,269800
2024-03-22,97.488899,97.681467,95.909821,95.909821,209100
2024-03-25,96.189053,96.891932,95.909825,95.986855,197500
2024-03-26,96.487526,96.699355,95.688356,95.775017,165300
2024-03-27,96.497163,98.567299,96.497163,98.567299,331000
2024-03-28,98.567283,99.433845,98.567283,98.942795,385800
2024-04-01,99.087228,99.087228,97.508142,97.594803,395200
2024-04-02,96.545298,96.603074,95.360992,95.794273,343700
2024-04-03,95.486157,96.410495,95.438019,96.150528,445300
2024-04-04,96.988216,97.537042,95.110648,95.332108,203500
2024-04-05,95.110632,95.823142,94.860289,95.457260,240500
2024-04-08,96.025348,96.641573,95.871287,96.323830,140300
2024-04-09,96.564558,97.209668,96.314214,97.190414,172400
2024-04-10,94.927696,94.975842,93.184934,93.753021,323000
2024-04-11,94.282591,94.561820,93.184939,94.195938,211300
2024-04-12,93.589333,93.887822,92.260598,92.597595,263700
2024-04-15,93.059762,93.579703,91.297738,91.663620,254400
2024-04-16,91.162938,91.644365,90.402283,91.143684,397900
2024-04-17,91.663632,91.981376,90.594865,90.623756,328100
2024-04-18,90.922230,91.990998,90.575602,90.999260,394100
2024-04-19,90.691146,92.250963,90.691146,92.058395,454900
2024-04-22,92.510941,93.406395,92.058399,92.847939,241600
2024-04-23,92.770894,94.879545,92.607211,94.484772,431100
2024-04-24,94.070776,94.330750,93.416035,94.080406,241600
2024-04-25,93.156051,93.290850,92.212451,93.098282,204400
2024-04-26,93.300484,94.195937,93.107909,93.579712,238600
2024-04-29,94.012995,94.667736,93.926342,94.311478,223600
2024-04-30,93.483417,93.704877,92.501310,92.510941,193100
2024-05-01,92.568725,94.609977,92.568725,92.819069,648000
2024-05-02,93.916703,94.475159,93.146417,94.378868,267500
2024-05-03,95.880934,96.285330,94.841050,95.052879,439800
2024-05-06,95.611336,96.189046,95.592074,96.044617,120600
2024-05-07,96.285331,96.708989,95.967588,95.977219,139900
2024-05-08,95.149144,96.111997,94.995091,96.092743,153700
2024-05-09,96.198660,97.228912,95.967570,97.228912,133800
2024-05-10,97.315575,97.440744,96.294953,96.786003,143700
2024-05-13,97.363726,98.066605,97.190412,97.200035,139900
2024-05-14,98.316944,99.000569,97.883663,98.268799,126700
2024-05-15,99.231658,99.356834,98.162891,98.336205,683200
2024-05-16,98.230288,98.490263,97.970321,98.220665,197600
2024-05-17,98.008846,98.365105,97.816271,98.085876,147600
2024-05-20,98.047352,98.384350,97.440750,97.440750,184500
2024-05-21,97.151894,97.537036,97.055610,97.431122,162700
2024-05-22,97.171138,97.556281,96.526028,96.911171,123500
2024-05-23,97.228933,97.228933,94.754400,95.101021,128800
2024-05-24,95.669104,95.929071,95.409129,95.861671,119400
2024-05-28,96.343089,96.526033,95.158783,95.466896,167800
2024-05-29,94.224811,94.398125,93.878184,93.993729,381700
2024-05-30,94.571441,95.572809,94.571441,95.380234,140100
2024-05-31,95.919448,96.786010,95.794272,96.728241,139000
2024-06-03,97.527402,97.527402,96.044607,96.516403,596800
2024-06-04,95.803900,96.044613,95.110645,95.129906,220300
2024-06-05,95.736500,96.006098,95.004729,95.967583,294800
2024-06-06,95.630568,96.025341,95.110626,95.389854,220000
2024-06-07,94.340365,94.879561,93.945592,94.359619,270300
2024-06-10,93.502673,93.772271,92.674619,93.675987,213500
2024-06-11,93.095478,93.366385,92.485931,93.172882,185400
2024-06-12,95.185325,96.268958,94.275854,94.546761,197800
2024-06-13,94.430656,94.430656,93.047092,93.501831,171800
2024-06-14,92.611719,92.718148,91.740943,92.186005,212700
2024-06-17,91.953797,92.969696,91.479710,92.969696,192500
2024-06-18,92.872944,93.434112,92.785870,92.950348,303500
2024-06-20,92.679441,93.385732,92.302106,92.863274,285100
2024-06-21,92.824573,93.192231,92.476263,93.056778,207700
2024-06-24,93.269626,94.430656,93.230924,93.879166,242000
2024-06-25,93.646979,93.646979,92.514973,92.766525,208600
2024-06-26,92.263402,92.747166,91.963471,92.669762,146900
2024-06-27,92.853592,93.201902,92.408530,93.163200,237300
2024-06-28,93.714684,94.479031,93.376051,94.111366,338500
2024-07-01,94.285541,94.459696,92.805225,93.105164,385800
2024-07-02,93.095476,93.675991,93.076121,93.511513,426300
2024-07-03,93.627605,94.130723,93.376053,93.376053,149000
2024-07-05,93.327678,93.337355,92.563331,92.698784,219200
2024-07-08,93.356716,94.004965,93.182561,93.347046,258100
2024-07-09,93.172872,93.414754,92.476252,92.824562,167300
2024-07-10,93.192227,93.917872,92.921320,93.888847,137600
2024-07-11,95.601358,97.584792,95.378831,97.478363,328300
2024-07-12,98.329796,99.074796,98.049212,98.174995,300000
2024-07-15,98.755513,100.274531,98.503954,99.471481,302400
2024-07-16,100.197118,103.157757,100.197118,103.080353,335800
2024-07-17,102.045105,104.492948,102.045105,103.370613,386000
2024-07-18,102.983599,104.560666,101.242047,101.648407,466800
2024-07-19,101.406528,101.735491,100.448678,100.932442,205700
2024-07-22,101.135629,102.451467,99.964922,102.238609,266000
2024-07-23,101.764526,103.641531,101.561346,102.983612,188800
2024-07-24,102.354710,103.757622,101.358158,101.367828,376800
2024-07-25,101.551663,104.318792,101.483937,102.886848,345600
2024-07-26,104.222041,104.938009,103.477041,104.744507,346700
2024-07-29,104.850935,105.150866,103.525420,103.883408,351500
2024-07-30,104.144638,105.025091,104.028532,104.763855,291500
2024-07-31,105.315344,107.443909,104.202686,105.208916,424100
2024-08-01,105.421772,106.011964,101.687116,102.403084,1268000
2024-08-02,99.355391,99.993955,97.875075,99.007080,609100
2024-08-05,93.821120,96.839800,93.298654,95.881950,434300
2024-08-06,96.317352,98.020195,95.253066,96.936569,487300
2024-08-07,98.765188,98.949013,96.162537,96.317345,295600
2024-08-08,97.362268,98.300771,97.149418,98.242722,152100
2024-08-09,98.436228,98.436228,97.255844,97.942795,430400
2024-08-12,98.010511,98.097585,96.075457,96.423767,187700
2024-08-13,97.139731,98.416867,96.559216,98.271736,226100
2024-08-14,98.562005,98.687781,97.497719,97.894409,159200
2024-08-15,99.955240,100.874396,99.635962,100.303551,219000
2024-08-16,99.935900,101.280763,99.935900,100.680893,135000
2024-08-19,100.903423,101.600044,100.855044,101.600044,146100
2024-08-20,101.348489,101.348489,100.226154,100.284210,136600
2024-08-21,100.874400,101.280759,100.255183,101.154984,179700
2024-08-22,101.019526,101.348482,100.284204,100.458359,130700
2024-08-23,101.000170,104.154311,101.000170,103.738274,314300
2024-08-26,104.318792,104.609053,103.593147,103.660873,171000
2024-08-27,103.002955,103.244837,102.451465,102.973930,174700
2024-08-28,102.490171,103.448021,102.316016,102.828804,231400
2024-08-29,103.467375,104.202690,102.538549,103.273865,215600
2024-08-30,103.660871,104.038206,102.683666,103.757622,147800
2024-09-03,102.857825,103.399645,101.116280,101.445236,406000
2024-09-04,101.096926,102.238609,100.903424,101.222710,171200
2024-09-05,101.725814,101.987050,100.613156,100.932442,360700
2024-09-06,101.125944,101.483932,98.939338,99.229591,223400
2024-09-09,99.287654,99.461809,98.407200,98.726486,359100
2024-09-10,98.997395,98.997395,97.371949,98.474930,211200
2024-09-11,98.078253,98.523315,96.239950,98.436234,188200
2024-09-12,98.900640,100.071347,98.213697,99.548882,184500
2024-09-13,100.603491,102.267632,100.603491,102.267632,209700
2024-09-16,102.577240,103.031979,102.074129,102.886848,246500
2024-09-17,103.612497,104.812237,103.409318,103.651199,378200
2024-09-18,103.718931,106.215153,103.138416,103.747963,390500
2024-09-19,106.108719,106.108719,104.618726,105.489502,272700
2024-09-20,104.967031,105.063782,104.193013,104.289764,198500
2024-09-23,104.744512,104.831586,103.806009,104.154320,204400
2024-09-24,104.667111,104.773539,103.922118,104.125298,183100
2024-09-25,104.169057,104.169057,102.573938,102.632294,125800
2024-09-26,103.818909,104.402487,103.400676,103.595207,91900
2024-09-27,104.519207,105.511297,104.003712,104.334404,266300
2024-09-30,104.081517,104.888797,103.721639,104.713730,189600
2024-10-01,104.480297,104.480297,102.457218,103.021347,208000
2024-10-02,102.700374,103.478483,102.321047,102.525307,190300
2024-10-03,101.834728,102.087615,101.221971,101.727737,180200
2024-10-04,103.011626,103.731373,102.515581,103.245056,165200
2024-10-07,102.846270,102.846270,101.465132,102.155701,128700
2024-10-08,102.194602,102.428032,101.669379,101.980621,176300
2024-10-09,101.941721,103.157513,101.698563,102.447495,142400
2024-10-10,101.679117,101.883369,101.007998,101.883369,127900
2024-10-11,102.029263,103.789728,102.029263,103.702194,167900
2024-10-14,103.692471,104.441395,103.118613,104.324684,137500
2024-10-15,104.324683,106.182409,104.188515,104.859627,505100
2024-10-16,105.637731,106.727083,105.628002,106.561729,166100
2024-10-17,106.571463,106.571463,105.676642,106.435295,101800
2024-10-18,106.581192,106.668725,106.162959,106.435295,189600
2024-10-21,106.308845,106.308845,104.120420,104.217682,139200
2024-10-22,103.770285,104.003715,103.293690,103.780006,149000
2024-10-23,103.264506,103.624383,102.204339,103.089432,148000
2024-10-24,103.352053,103.604932,102.700382,103.332596,129900
2024-10-25,104.071799,104.237144,102.651754,102.894913,109400
2024-10-28,103.546574,104.869356,103.546574,104.626198,137500
2024-10-29,103.945344,104.460839,103.711907,104.305214,143800
2024-10-30,103.945357,105.948980,103.945357,104.626198,169300
2024-10-31,104.451119,104.723455,102.875450,102.875450,194800
2024-11-01,103.624395,104.227431,103.011639,103.196434,532400
2024-11-04,103.138063,104.577556,102.972717,103.799454,381700
2024-11-05,103.770274,105.871159,103.770274,105.832253,292400
2024-11-06,110.238292,112.592071,110.238292,112.368362,504600
2024-11-07,112.134935,112.806054,111.201207,111.599983,426800
2024-11-08,111.697237,112.523982,111.492985,112.125198,629700
2024-11-11,113.272902,114.498422,113.136734,113.885658,401700
2024-11-12,113.321539,113.846762,111.638880,111.920944,246500
2024-11-13,112.660146,113.117285,110.899674,111.045570,221500
2024-11-14,111.337373,111.736149,109.431012,109.829788,332900
2024-11-15,109.878420,110.053494,108.545909,108.964142,246800
2024-11-18,109.090584,109.586621,108.769613,108.866875,257200
2024-11-19,107.826158,108.964137,107.437103,108.934959,221600
2024-11-20,108.672354,108.837700,107.806703,108.837700,239400
2024-11-21,109.119767,110.909409,109.003048,110.607895,355200
2024-11-22,110.928871,112.796326,110.928871,112.494812,233600
2024-11-25,113.866205,116.015724,113.866205,114.819389,281600
2024-11-26,114.284446,114.284446,113.097832,113.768951,208200
2024-11-27,114.459522,115.383521,113.768953,113.905121,178300
2024-11-29,114.401161,114.916656,113.798126,113.953751,108700
2024-12-02,114.187185,114.712408,113.185373,114.362259,869300
2024-12-03,114.371990,114.469259,113.049215,113.370178,266100
2024-12-04,113.496623,114.041296,113.058934,113.914856,327300
2024-12-05,113.944024,113.944024,112.416990,112.514252,144700
2024-12-06,113.331261,113.399345,112.339178,112.728233,206400
2024-12-09,113.253457,114.294175,112.835225,112.942215,243100
2024-12-10,112.971400,113.311821,111.901505,112.494812,184400
2024-12-11,113.282645,113.642515,112.630982,113.068665,101000
2024-12-12,112.854666,113.136731,112.280816,112.348900,129300
2024-12-13,112.436444,112.436444,111.065034,111.726425,144800
2024-12-16,111.745894,112.524004,111.366567,112.057137,106100
2024-12-17,111.426832,111.749300,110.283543,110.459435,230900
2024-12-18,110.889396,111.290033,105.231574,105.876503,352100
2024-12-19,106.814580,107.547458,105.172932,105.485626,298100
2024-12-20,104.850485,107.557247,104.742996,106.374870,702700
2024-12-23,106.091482,106.394402,105.436779,106.130569,262700
2024-12-24,106.257606,107.039346,105.690852,106.892769,95000
2024-12-26,106.316239,107.830850,105.925369,107.684273,147000
2024-12-27,107.107755,107.782006,105.612684,106.394417,240200
2024-12-30,105.602906,106.169667,104.508471,105.720169,284800
2024-12-31,106.208745,107.195683,105.808101,106.130569,213100
2025-01-02,107.039336,107.635411,105.212023,105.671295,4458400
2025-01-03,106.071947,106.707102,104.977512,106.550758,763000
2025-01-06,107.176146,108.065368,106.316238,106.443268,726200
2025-01-07,106.922082,107.322726,105.212032,105.778793,392100
2025-01-08,105.192494,105.690853,104.205549,105.495415,270800
2025-01-10,104.029656,104.166459,102.700702,103.394493,368900
2025-01-13,102.524804,104.117598,102.397774,104.019875,355800
2025-01-14,104.772315,105.544282,104.127379,105.534508,220600
2025-01-15,108.241255,108.241255,106.697330,107.146828,239000
2025-01-16,107.234773,107.723359,106.394405,107.459526,248000
2025-01-17,108.466013,108.553954,107.547469,107.938339,207400
2025-01-21,108.817789,109.765646,108.788475,109.667931,234300
2025-01-22,109.413874,109.423647,108.534418,108.632133,195500
2025-01-23,108.260799,109.179342,107.928557,108.964363,367100
2025-01-24,109.003453,109.540893,108.622357,109.052307,153000
2025-01-27,108.632128,110.283550,108.632128,109.355240,226200
2025-01-28,109.306369,109.550662,108.514863,108.749382,309900
2025-01-29,108.583278,109.286835,107.400901,108.036057,220600
2025-01-30,109.052305,109.794957,108.348740,108.964363,217500
2025-01-31,109.189117,109.521359,107.479067,107.948112,209500
2025-02-03,105.915588,107.205454,104.948191,106.042618,802700
2025-02-04,105.925369,107.352038,105.681076,107.312950,241800
2025-02-05,107.713587,108.094683,107.058877,108.055595,191400
2025-02-06,108.524631,108.651668,107.166363,107.850388,217900
2025-02-07,107.567016,107.567016,105.778791,106.071945,230400
2025-02-10,106.413942,106.511658,105.759239,106.257591,223100
2025-02-11,105.475859,106.814579,105.299968,106.755951,206100
2025-02-12,105.124084,105.573582,104.664813,105.124084,202000
2025-02-13,105.769013,106.589840,105.495406,106.521439,170100
2025-02-14,107.058883,107.733134,106.326005,106.443268,149300
2025-02-18,106.716870,107.156601,106.355314,107.146828,237100
2025-02-19,106.472586,106.990485,106.150117,106.628937,157600
2025-02-20,106.306467,106.482358,105.104543,105.778793,164000
2025-02-21,106.560524,106.560524,103.247914,103.550835,230300
2025-02-24,103.961246,104.117597,103.062250,103.159966,312500
2025-02-25,103.228372,104.019878,102.896137,103.335861,270600
2025-02-26,103.511759,104.088286,102.446638,102.730019,163700
2025-02-27,102.720238,102.739778,101.401051,101.459686,180400
2025-02-28,101.381524,102.173030,100.873398,102.124176,287200
2025-03-03,102.485732,102.739798,99.055865,99.632393,786700
2025-03-04,98.635669,99.583526,96.954933,97.961418,947000
2025-03-05,98.127541,99.231749,97.345808,99.124260,309200
2025-03-06,97.922322,99.114472,97.658489,98.352280,176300
2025-03-07,98.215495,99.534675,97.511930,99.173119,253100
2025-03-10,98.020041,98.870183,96.202502,96.915840,2743000
2025-03-11,97.062431,97.267636,95.225344,95.948456,898200
2025-03-12,96.837667,96.837667,94.990814,95.362137,321800
2025-03-13,95.635752,96.085249,93.544606,94.101593,369000
2025-03-14,95.039681,96.173196,94.736753,96.153656,239100
2025-03-17,96.036391,97.502147,95.987536,97.316483,207600
2025-03-18,96.844757,96.962445,96.334793,96.844757,155100
2025-03-19,96.933021,98.325630,96.805532,97.815659,194200
2025-03-20,97.050713,98.364863,96.815345,97.492035,152800
2025-03-21,96.491702,97.060513,95.903279,96.638809,196700
2025-03-24,97.903928,98.953284,97.884310,98.708107,217400
2025-03-25,98.766950,98.855218,97.805862,98.109879,158500
2025-03-26,98.315827,98.727722,97.276280,97.943161,250400
2025-03-27,97.766628,98.051034,97.099748,97.580292,198000
2025-03-28,97.286080,97.472416,94.902963,95.314865,187200
2025-03-31,94.559720,96.109238,93.883037,95.599274,259900
2025-04-01,95.324670,96.334804,94.520491,95.736572,756200
2025-04-02,94.657797,97.335130,94.589148,97.168411,574600
2025-04-03,93.451526,93.598634,89.881755,89.930786,531600
2025-04-04,87.037692,87.165181,83.752327,86.096214,1515900
2025-04-07,82.761820,88.822586,81.496707,84.605545,1248100
2025-04-08,87.292688,87.704583,80.849447,81.928223,916100
2025-04-09,80.937703,89.832711,80.515999,88.950073,865700
2025-04-10,86.547357,86.900412,82.693180,84.478065,507300
2025-04-11,84.448640,85.478384,82.585296,85.301857,483700
2025-04-14,86.733681,86.969049,84.782070,86.498306,507300
2025-04-15,86.243328,87.273065,85.841235,86.056992,448700
2025-04-16,85.802012,86.311984,84.321150,85.301857,465700
2025-04-17,85.468568,86.596381,85.321460,86.321777,557000
2025-04-21,85.674525,85.674525,83.938670,84.870346,557000
2025-04-22,85.762778,87.184806,85.429341,86.978859,455800
2025-04-23,89.342370,90.695749,87.645751,87.881119,479400
2025-04-24,88.145898,89.930784,87.694774,89.783684,340700
2025-04-25,89.214866,89.744449,88.538177,89.656181,195600
2025-04-28,89.734644,90.558434,89.097183,90.117119,446600
2025-04-29,89.832723,90.901697,89.224689,90.636902,222100
2025-04-30,89.352169,90.283837,88.185126,90.048470,435600
2025-05-01,90.274035,91.156665,89.450237,90.283836,418800
2025-05-02,91.254743,92.382549,90.999757,92.058922,286500
2025-05-05,91.372420,92.068720,91.146861,91.195892,318800
2025-05-06,90.342693,91.244941,89.930791,90.597672,493200
2025-05-07,91.019375,91.176291,90.028866,90.627098,248800
2025-05-08,91.637215,93.412291,91.490107,92.725800,237000
2025-05-09,92.961176,93.275001,92.313906,92.696381,262200
2025-05-12,96.521138,97.541074,95.815028,96.540756,220700
2025-05-13,96.972246,97.305690,96.678039,96.844757,186100
2025-05-14,96.629014,96.678052,95.775804,95.815025,497400
2025-05-15,95.638486,96.609390,95.403118,96.609390,397600
2025-05-16,96.442683,97.325320,96.403461,97.168411,292500
2025-05-19,95.756181,96.511329,95.540425,96.442673,216000
2025-05-20,96.226926,96.785929,96.030781,96.217117,289300
2025-05-21,95.089295,95.177562,93.029813,93.118073,262800
2025-05-22,92.931748,93.677080,92.431586,93.206345,231800
2025-05-23,91.539150,92.843491,91.372431,92.608124,223600
2025-05-27,93.951690,95.177573,93.343649,95.138344,224500
2025-05-28,95.138330,95.177559,93.883027,93.990898,189000
2025-05-29,94.638172,94.677401,93.500549,94.451836,143600
2025-05-30,94.030136,94.353771,93.343644,93.892838,303100
2025-06-02,93.951691,93.951691,92.353134,93.373070,279500
2025-06-03,93.480939,95.275633,93.069044,95.099106,298800
2025-06-04,95.275636,95.295247,94.726435,94.736244,277900
2025-06-05,94.824510,95.275634,94.039942,94.628365,199000
2025-06-06,95.756173,96.138648,95.324660,95.726753,158100
2025-06-09,96.550551,97.678365,96.403451,97.089943,324000
2025-06-10,97.580296,98.541392,97.305700,98.109879,299500
2025-06-11,98.551200,98.610047,97.246866,97.423386,207000
2025-06-12,96.874180,97.246853,96.315177,97.060516,595500
2025-06-13,95.991551,96.393645,94.804897,95.128532,602600
2025-06-16,96.091913,96.850400,95.609232,96.279068,353200
2025-06-17,95.550118,96.013094,94.968941,94.968941,389800
2025-06-18,95.087146,96.416966,94.870433,95.510719,411500
2025-06-20,96.229816,96.229816,95.126554,95.422073,307100
2025-06-23,95.264465,96.663239,94.545381,96.663239,212500
2025-06-24,97.234567,97.953659,96.879947,97.569489,168100
2025-06-25,97.569488,97.569488,96.584436,96.653389,246700
2025-06-26,97.067114,98.150671,97.067114,98.062019,194400
2025-06-27,98.465885,98.919008,97.480832,98.190071,232200
2025-06-30,98.633340,98.643193,97.756644,98.002907,410000
2025-07-01,97.618744,101.706715,97.323233,100.367043,436600
2025-07-02,100.504950,101.893878,100.189734,101.834770,279200
2025-07-03,102.071186,102.583410,102.012077,102.228790,175700
2025-07-07,101.450591,102.406093,100.120771,100.514793,295700
2025-07-08,100.780759,102.248493,100.613302,101.657455,291100
2025-07-09,102.041623,102.327289,101.046725,102.268188,297900
2025-07-10,102.484905,104.051135,102.268192,103.391151,220100
2025-07-11,102.662207,102.711455,101.982518,102.159828,232100
2025-07-14,101.952973,102.238639,101.430896,102.169685,294600
2025-07-15,102.662213,102.809973,99.825256,99.825256,249100
2025-07-16,100.426138,100.682254,98.830357,100.455696,348600
2025-07-17,100.435982,101.893863,100.327625,101.618050,199400
2025-07-18,102.100739,102.100739,100.603455,100.820168,126500
2025-07-21,101.470297,101.943118,100.790608,100.800461,208300
2025-07-22,101.184631,102.800117,101.184631,102.415947,171400
2025-07-23,103.115337,103.765468,102.780415,103.706367,587000
2025-07-24,103.391143,103.391143,101.864316,101.874161,140800
2025-07-25,102.268193,102.494759,101.401349,102.494759,134700
2025-07-28,102.652368,102.691771,101.864330,102.189392,192000
2025-07-29,102.603111,102.612956,101.460446,101.687012,242700
2025-07-30,101.884028,102.051485,99.697209,100.406448,264300
2025-07-31,99.973021,100.179881,98.958417,99.352440,176500
2025-08-01,98.111259,98.377227,96.436672,97.510376,452000
2025-08-04,98.160512,99.234215,97.924101,99.135712,836500
2025-08-05,99.500200,99.854819,98.406790,99.736610,357900
2025-08-06,100.071514,100.160172,99.549437,99.795700,258000
2025-08-07,100.810303,101.036869,99.244073,99.795700,369100
2025-08-08,100.357185,100.692107,99.864658,100.238983,267000
2025-08-11,100.682250,101.105823,99.687344,99.963165,244100
2025-08-12,100.938363,103.420693,100.770906,103.371445,289700
2025-08-13,103.873830,106.228106,103.745776,106.100052,496300
2025-08-14,104.809626,104.917982,103.824573,104.730820,469000
2025-08-15,105.075593,105.075593,103.735920,104.060989,271400
2025-08-18,104.021586,104.514112,103.932935,104.159492,232300
2025-08-19,104.435302,105.538563,104.208744,104.632317,198000
2025-08-20,104.514103,104.750514,103.529050,103.923073,334900
2025-08-21,103.332046,103.913223,102.967573,103.696510,275000
2025-08-22,104.336794,108.316408,104.336794,108.070145,446700
2025-08-25,107.685983,107.794339,107.272263,107.272263,197600
2025-08-26,107.262402,108.020897,107.085092,107.370758,120200
2025-08-27,107.400320,108.483877,107.311669,108.395226,115900
2025-08-28,108.710429,108.710429,107.449563,108.050446,137900
2025-08-29,108.257311,108.533125,107.607173,107.912544,84900
2025-09-02,106.720618,107.154044,106.031084,107.085091,575100
2025-09-03,106.661526,107.646579,106.395565,106.986595,105300
2025-09-04,107.479126,108.868047,107.223010,108.828651,146400
2025-09-05,109.380277,110.503237,108.523278,109.508331,116900
2025-09-08,109.577279,109.577279,108.148955,109.212814,159500
2025-09-09,109.045350,109.045350,107.873142,108.198204,117900
2025-09-10,108.277008,108.582379,107.607172,108.060295,130400
2025-09-11,108.444464,110.325919,108.237604,110.256966,167100
2025-09-12,109.922053,109.981162,108.808946,108.828651,220700
2025-09-15,109.291616,109.636390,108.818795,108.986252,165600
2025-09-16,109.026822,109.135681,108.126268,108.739830,118900
2025-09-17,109.007039,111.560269,108.136165,108.819008,253100
2025-09-18,109.590909,111.302962,109.274230,111.035759,143500
2025-09-19,111.520676,111.520676,109.541429,109.808624,131100
2025-09-22,109.798729,110.105517,109.274230,109.848213,145500
2025-09-23,110.253959,111.342544,109.491945,109.561218,146700
2025-09-24,109.541436,110.095623,108.799219,108.917969,100300
2025-09-25,108.175751,108.324196,107.403845,107.829384,152500
2025-09-26,108.165865,109.224762,107.948146,109.125793,166700
2025-09-29,109.927377,109.927377,108.581488,109.254433,144000
2025-09-30,109.016936,109.511748,108.343992,109.442467,196600
2025-10-01,109.026826,110.501370,108.967451,110.214378,313200
2025-10-02,110.422194,110.689389,109.551320,110.451881,220300
2025-10-03,110.877423,112.351960,110.877423,111.184204,191000
2025-10-06,111.975906,111.995695,110.659705,110.689392,312800
2025-10-07,110.867519,110.867519,108.967444,109.096092,507100
2025-10-08,109.442459,110.036240,109.016929,110.036240,178500
2025-10-09,109.778947,109.986767,108.462746,108.710152,129600
2025-10-10,108.878373,109.086201,104.771442,104.811028,226700
2025-10-13,106.562667,107.522603,106.166816,107.235611,115900
2025-10-14,105.850131,109.432571,105.850131,108.888275,168900
2025-10-15,109.808624,110.837834,108.917962,109.808624,165200
2025-10-16,110.006554,110.036242,107.918448,108.541908,124700
2025-10-17,107.849176,108.680456,107.552286,108.066887,151700
2025-10-20,109.076313,110.065936,109.056516,109.907593,109200
2025-10-21,109.650287,110.610216,109.452358,110.234161,142200
2025-10-22,110.154996,110.531057,108.858591,109.719566,533100
2025-10-23,109.848217,111.194105,109.699772,111.075348,154800
2025-10-24,112.322272,112.698326,112.005592,112.005592,127400
2025-10-27,112.619160,112.817082,111.421709,111.886833,138400
2025-10-28,111.461299,111.748291,110.659706,111.253479,163700
2025-10-29,111.006066,111.867042,109.175264,110.135201,229600
2025-10-30,109.056512,110.204479,108.759630,108.828903,172800
2025-10-31,108.749730,109.264339,108.047098,109.056511,172100
2025-11-03,109.214856,109.323715,107.572077,109.323715,263300
2025-11-04,107.651245,108.660666,107.453324,107.948135,200200
2025-11-05,108.343993,110.471678,108.314298,109.907593,112200
2025-11-06,109.620591,110.026340,107.948132,108.007507,421200
2025-11-07,107.453324,109.274228,107.314778,109.234642,434900
2025-11-10,110.531053,111.223787,109.917484,110.649803,190100
2025-11-11,110.481574,111.530572,110.481574,111.204002,148200
2025-11-12,111.411822,112.450923,111.332651,111.352440,110300
2025-11-13,110.570643,111.283165,108.512224,108.977348,158900
2025-11-14,107.334559,109.432564,107.334559,109.036713,186800
2025-11-17,108.660674,109.254447,106.216303,106.532982,128500
2025-11-18,105.721486,107.047578,105.305846,106.275673,216000
2025-11-19,106.463702,107.196021,105.573039,106.008476,125700
2025-11-20,107.413739,107.552285,103.544307,103.633377,192600
2025-11-21,104.157878,107.641350,104.157878,106.998100,391100
2025-11-24,107.106957,108.670557,106.899130,108.393463,529400
2025-11-25,109.086207,111.738399,109.086207,111.332649,343700
2025-11-26,111.273270,113.193135,111.273270,112.015488,193900
2025-11-28,112.262903,112.292590,111.837364,112.183731,79300
2025-12-01,111.174305,112.500404,111.174305,111.956108,272800
2025-12-02,112.312375,112.391546,111.392025,111.975906,449300
2025-12-03,112.253005,113.717651,112.253005,113.569206,136100
2025-12-04,113.331685,113.737434,112.925943,113.044701,104900
2025-12-05,113.104080,113.984845,112.995221,113.054596,139200
2025-12-08,113.519712,113.579087,112.559776,112.658737,283000
2025-12-09,112.539986,113.955148,112.539986,113.232719,264900
2025-12-10,113.232725,116.538072,113.222834,115.865128,213200
2025-12-11,115.706777,117.131837,115.706777,117.003189,131000
2025-12-12,117.418832,117.418832,115.518756,115.855225,233800
2025-12-15,116.458905,116.458905,115.132805,115.479179,143500
2025-12-16,115.164986,115.731714,114.130957,114.618141,157200
2025-12-17,114.816997,115.980278,114.309923,114.618141,178600
2025-12-18,115.314122,115.870904,114.608192,114.757332,291500
2025-12-19,114.856756,115.145092,114.488885,114.757332,194400
2025-12-22,115.115265,115.880849,114.936298,115.135155,278200
2025-12-23,114.936299,115.055613,114.299974,114.399399,87400
2025-12-24,114.409348,115.115271,114.250270,115.015846,141300
2025-12-26,115.045678,115.095394,114.459069,115.065567,209100
2025-12-29,114.926359,115.065562,114.250270,114.618141,150200
2025-12-30,114.687733,114.747394,114.111061,114.111061,147400
2025-12-31,114.220437,114.220437,113.047211,113.067101,141400
2026-01-02,113.574170,114.449115,112.719107,114.021584,2782900
2026-01-05,114.210499,116.477408,114.210499,115.622345,761400
2026-01-06,115.433432,117.581035,115.055617,117.531319,792200
2026-01-07,117.610862,117.879309,116.049877,116.417747,208700
2026-01-08,115.890792,119.350816,115.890792,118.823860,248100
2026-01-09,119.142017,119.907593,118.018500,119.738571,219200
2026-01-12,119.072422,119.778345,118.416208,119.271271,310600
2026-01-13,119.798232,119.987144,118.913343,119.171852,219600
2026-01-14,119.042599,120.215824,119.042599,120.036858,160600
2026-01-15,120.235700,122.015424,120.016962,121.856339,160600
2026-01-16,121.667433,121.806629,120.981393,121.210075,124100
2026-01-20,119.529783,120.195935,118.913340,119.241447,519900
2026-01-21,120.126339,123.109116,120.126339,122.711411,412800
2026-01-22,123.298016,124.391699,122.830714,123.138931,374300
2026-01-23,123.019631,123.019631,120.663236,120.901855,189500
2026-01-26,121.100715,121.458649,120.106456,120.683121,333400
2026-01-27,120.623461,120.802428,119.927483,120.533981,135300
2026-01-28,121.041050,121.309504,119.668975,119.837997,284300
2026-01-29,120.563813,121.210083,119.271274,120.812378,243500
2026-01-30,120.046790,120.872027,119.301096,120.404724,168900
2026-02-02,120.007023,122.104910,119.828056,121.607780,254600
2026-02-03,121.587899,123.288080,120.494216,121.816574,425600
2026-02-04,122.681576,124.859005,122.681576,124.262451,481900
2026-02-05,123.467041,124.312159,122.353468,122.860542,261300
2026-02-06,123.476989,126.042171,123.476989,125.803551,176400
2026-02-09,125.435675,125.793601,124.550778,125.356133,149600
2026-02-10,125.694182,126.539301,125.535105,125.634529,135900
2026-02-11,126.449822,127.115974,125.028032,125.316368,174400
2026-02-12,126.141605,126.489594,121.438758,122.761124,393600
2026-02-13,123.268195,124.739693,122.472785,124.172966,190900
2026-02-17,124.143142,125.057858,122.532440,123.894577,118200
2026-02-18,124.013887,125.545039,123.526695,124.680038,193900
2026-02-19,124.202798,124.481189,123.526702,124.451363,119800
2026-02-20,123.994004,125.604706,123.437222,125.018089,157300
2026-02-23,124.411586,124.650213,121.170308,121.806633,324700
2026-02-24,121.975653,123.447159,121.896111,122.880424,136700
2026-02-25,123.427276,123.427276,121.677378,122.989799,87000
2026-02-26,123.148880,124.033770,122.353470,123.735489,135200
2026-02-27,122.343535,122.343535,121.180247,122.094971,85600
2026-03-02,120.663236,123.069340,120.305302,122.701469,255100
2026-03-03,120.255580,122.393237,118.813908,121.756912,180700
2026-03-04,122.313706,122.880433,121.200141,122.522507,287600
2026-03-05,121.538186,122.045260,119.818123,120.593643,232600
2026-03-06,118.843745,118.843745,116.894999,118.018509,167700
2026-03-09,116.348156,118.406271,114.130963,117.929031,439300
2026-03-10,117.690405,119.191730,116.855224,117.402069,241000
2026-03-11,116.974536,117.531318,116.129418,117.322525,162700
2026-03-12,115.880850,116.556947,115.284289,115.423485,416600
2026-03-13,116.308379,116.656368,114.896526,115.264404,191800
2026-03-16,116.348143,116.835335,115.681992,115.681992,190800
2026-03-17,116.533586,117.579403,116.394144,116.583389,154600
2026-03-18,116.085385,116.394147,115.169047,115.228813,1927800
2026-03-19,114.302522,116.623228,114.163081,115.637177,433000
2026-03-20,115.806495,116.035582,113.356303,114.123238,493700
2026-03-23,115.886182,118.037575,115.507700,116.224831,384700
2026-03-24,115.457892,118.177012,115.318450,117.350319,354200
2026-03-25,118.316453,118.744739,116.951911,118.585373,4378500
2026-03-26,117.499723,119.382188,117.499723,118.017647,972000
2026-03-27,117.449920,117.539565,115.766662,116.075424,1423900
2026-03-30,117.151119,117.151119,115.159092,115.447937,1677300
2026-03-31,117.011679,119.023623,116.155107,117.977806,944200
2026-04-01,118.475813,119.192944,118.047526,118.196930,458400
2026-04-02,116.802508,119.083380,116.483784,118.455894,476400
2026-04-06,118.147137,119.093346,117.559485,119.053505,4892300
2026-04-07,118.694937,119.700912,118.356296,119.302505,433100
2026-04-08,121.762659,122.589352,121.374214,121.862259,195100
2026-04-09,121.224813,123.067436,121.224813,122.758675,181200
2026-04-10,122.818430,122.997713,122.081383,122.390144,172100
2026-04-13,122.131186,123.904089,121.812462,123.894127,157300
2026-04-14,123.993728,124.501697,123.326401,124.123215,302500
2026-04-15,124.143134,124.212855,123.366245,124.093330,188700
2026-04-16,124.073410,125.029583,123.874211,124.651100,1834200
2026-04-17,125.627189,127.957865,125.627189,126.951889,537200
2026-04-20,126.404085,128.017622,126.404085,127.828377,231000
2026-04-21,128.047506,129.053489,126.842330,127.190933,289500
2026-04-22,128.226797,128.226797,127.041539,127.420021,150300
2026-04-23,127.459861,127.997702,126.075403,127.499695,238500
2026-04-24,127.818423,128.425992,127.101292,128.097305,277300
2026-04-27,128.276589,129.322406,128.276589,128.545517,252600
2026-04-28,128.645124,129.511651,127.908068,128.186951,679700
2026-04-29,128.027580,128.416025,126.792533,127.141136,172500
2026-04-30,127.081362,129.172996,126.922004,128.774582,241700
2026-05-01,129.113252,129.262648,128.216830,128.854279,414300
2026-05-04,128.525585,128.804482,126.613248,127.260651,354500
2026-05-05,127.599293,129.182951,127.599293,128.774582,326900
2026-05-06,129.461848,130.019613,129.163040,129.651093,126600
2026-05-07,130.039531,130.328383,128.595314,128.684952,207100
2026-05-08,129.163027,129.631154,128.416017,129.262634,111600
2026-05-11,129.621204,129.840328,127.888135,127.957863,153700
2026-05-12,127.798500,127.798500,125.597311,126.603287,194800
2026-05-13,126.712852,126.712852,125.627193,126.045525,122800
2026-05-14,126.702887,127.768621,126.643129,126.872208,251600
2026-05-15,125.985755,125.985755,125.019621,125.139145,196400
2026-05-18,125.258668,126.563443,125.119227,125.706871,265300
2026-05-19,125.358270,125.358270,124.113253,124.481781,219600
2026-05-20,125.059460,127.200890,124.202887,127.161049,134400
2026-05-21,126.563447,128.157067,125.368234,127.808472,156000
2026-05-22,128.226790,129.103271,128.027575,128.923996,2659700
2026-05-26,129.710843,130.667022,129.631160,130.487732,507000
2026-05-27,130.806466,131.882163,130.696904,130.945908,246200
2026-05-28,130.587343,131.304474,129.949895,131.174988,211300
2026-05-29,130.975790,131.115231,130.059460,130.169022,166900
2026-06-01,129.521602,130.537540,128.814440,130.378174,435200
2026-06-02,130.467823,132.021602,130.467823,131.772598,232100
2026-06-03,131.374190,131.374190,130.099293,130.169022,4205200
2026-06-04,130.766615,132.131164,130.686947,131.951874,363700
2026-06-05,131.473799,131.702878,129.252693,129.651093,183100
2026-06-08,130.726786,131.702875,130.477783,130.607269,479900
2026-06-09,131.742718,133.665016,129.661038,131.852280,489300
2026-06-10,131.712843,133.256652,131.055470,131.125183,261200
2026-06-11,132.031556,133.585335,131.294516,133.495697,236600
2026-06-12,133.874196,135.637129,133.744709,134.920013,253700
2026-06-15,135.630005,136.220001,134.009995,134.279999,237300
2026-06-16,134.570007,135.429993,133.300003,133.600006,208400
2026-06-17,133.539993,134.240005,130.899994,131.210007,280700
2026-06-18,132.779999,133.639999,132.419998,133.320007,277200
2026-06-22,133.529999,133.919998,132.970001,133.009995,148900
2026-06-23,131.800003,133.259995,131.800003,132.710007,165200
2026-06-24,132.800003,134.610001,132.800003,134.039993,1051000
2026-06-25,134.869995,136.229996,134.770004,135.610001,284000
2026-06-26,134.940002,137.070007,134.940002,136.929993,857700
2026-06-29,136.220001,136.639999,135.130005,136.339996,146100
2026-06-30,136.220001,137.070007,135.770004,136.679993,195700
2026-07-01,136.389999,138.000000,136.389999,136.500000,1424100
2026-07-02,137.009995,137.580002,134.460007,135.449997,287900
2026-07-06,135.639999,136.089996,135.199997,135.369995,444600
2026-07-07,135.479996,135.800003,134.139999,134.330002,270300
2026-07-08,133.630005,133.699997,132.039993,132.660004,183600
2026-07-09,133.309998,134.839996,133.179993,134.330002,152900
2026-07-10,134.759995,135.289993,134.490005,134.990005,104600
2026-07-13,135.149994,136.009995,134.889999,135.169998,257500
2026-07-14,135.899994,136.479996,134.990005,135.399994,184900
2026-07-15,135.779999,137.139999,135.779999,136.229996,177300
2026-07-16,136.199997,138.600006,136.199997,138.110001,203200
2026-07-17,137.089996,138.309998,136.309998,136.940002,192000
2026-07-20,137.110001,137.289993,135.919998,135.970001,154800
2026-07-21,136.410004,137.350006,135.970001,137.339996,168600
2026-07-22,137.190002,138.009995,136.740005,136.990005,156900
2026-07-23,135.979996,136.410004,135.000000,135.639999,165500
2026-07-24,136.029999,137.110001,135.600006,135.880005,382800
2026-07-27,136.660004,137.289993,135.779999,136.199997,323600
2026-07-28,136.479996,137.470001,136.479996,137.250000,119800
2026-07-29,136.979996,137.520004,135.660004,135.860001,222600
