Date,Open,High,Low,Close,Volume
1972-06-01,0.136716,0.137121,0.136716,0.136716,249600
1972-06-02,0.137121,0.138334,0.137121,0.137121,172800
1972-06-05,0.137121,0.139143,0.136716,0.139143,302400
1972-06-06,0.139143,0.141570,0.138738,0.139143,196800
1972-06-07,0.139143,0.139143,0.137929,0.137929,48000
1972-06-08,0.137930,0.139143,0.137525,0.138334,144000
1972-06-09,0.138334,0.139143,0.137525,0.138334,43200
1972-06-12,0.139143,0.139952,0.139143,0.139952,24000
1972-06-13,0.139548,0.139548,0.137525,0.137525,76800
1972-06-14,0.137525,0.138334,0.137525,0.137525,244800
1972-06-15,0.138334,0.138738,0.138334,0.138738,206400
1972-06-16,0.138738,0.139952,0.138738,0.139952,48000
1972-06-19,0.139143,0.139143,0.138738,0.138738,91200
1972-06-20,0.138738,0.139143,0.138738,0.139143,14400
1972-06-21,0.139143,0.139143,0.138738,0.138738,48000
1972-06-22,0.138738,0.139952,0.138334,0.139952,86400
1972-06-23,0.140761,0.141974,0.140761,0.141974,96000
1972-06-26,0.141974,0.142379,0.140761,0.142379,62400
1972-06-27,0.143188,0.143997,0.143188,0.143188,67200
1972-06-28,0.144401,0.147233,0.144401,0.147233,144000
1972-06-29,0.146828,0.146828,0.146828,0.146828,28800
1972-06-30,0.147233,0.148850,0.147233,0.148850,72000
1972-07-03,0.148850,0.151277,0.148850,0.151277,57600
1972-07-05,0.151277,0.151277,0.149660,0.149660,211200
1972-07-06,0.150468,0.156940,0.150468,0.156940,254400
1972-07-07,0.156940,0.159367,0.156940,0.157749,412800
1972-07-10,0.157749,0.158558,0.156940,0.158558,0
1972-07-11,0.158558,0.158963,0.157749,0.158558,2904000
1972-07-12,0.158558,0.159367,0.158558,0.158558,259200
1972-07-13,0.158558,0.160176,0.158558,0.160176,225600
1972-07-14,0.160176,0.160176,0.158963,0.160176,172800
1972-07-17,0.160176,0.160581,0.159367,0.160581,62400
1972-07-18,0.160581,0.161794,0.159772,0.160985,220800
1972-07-19,0.160985,0.161794,0.160176,0.161794,24000
1972-07-20,0.161794,0.161794,0.160581,0.161390,76800
1972-07-21,0.161390,0.162603,0.161390,0.162603,273600
1972-07-24,0.162603,0.162603,0.161794,0.162199,225600
1972-07-25,0.162199,0.164221,0.162199,0.163817,278400
1972-07-26,0.164221,0.164625,0.164221,0.164625,86400
1972-07-27,0.164625,0.164625,0.161794,0.161794,518400
1972-07-28,0.162603,0.163412,0.162603,0.163007,67200
1972-07-31,0.164230,0.164230,0.163415,0.164230,86400
1972-08-01,0.164230,0.167083,0.163415,0.166268,264000
1972-08-02,0.166268,0.168713,0.165453,0.167898,211200
1972-08-03,0.167898,0.168713,0.166268,0.168713,264000
1972-08-04,0.169528,0.171158,0.169528,0.170343,681600
1972-08-07,0.171973,0.172788,0.171973,0.172381,206400
1972-08-08,0.172381,0.172381,0.171973,0.171973,547200
1972-08-09,0.171973,0.172788,0.171158,0.171158,244800
1972-08-10,0.171973,0.172788,0.171973,0.172788,153600
1972-08-11,0.172788,0.172788,0.172381,0.172788,86400
1972-08-14,0.172788,0.174418,0.172788,0.173603,124800
1972-08-15,0.174418,0.176048,0.174418,0.174826,120000
1972-08-16,0.176048,0.177678,0.176048,0.176863,81600
1972-08-17,0.177271,0.177678,0.177271,0.177271,67200
1972-08-18,0.179308,0.181753,0.179308,0.180531,321600
1972-08-21,0.180531,0.181346,0.180531,0.181346,19200
1972-08-22,0.181753,0.184199,0.181753,0.184199,350400
1972-08-23,0.184198,0.185014,0.183383,0.185014,177600
1972-08-24,0.185014,0.185829,0.185014,0.185829,72000
1972-08-25,0.185421,0.185421,0.184199,0.184606,244800
1972-08-28,0.184606,0.185014,0.183791,0.183791,81600
1972-08-29,0.183383,0.183383,0.183383,0.183383,52800
1972-08-30,0.183384,0.183791,0.182569,0.182569,91200
1972-08-31,0.182976,0.183384,0.182976,0.182976,33600
1972-09-01,0.182976,0.183791,0.182976,0.183791,48000
1972-09-05,0.183791,0.184199,0.182976,0.182976,172800
1972-09-06,0.182569,0.182569,0.181754,0.182161,100800
1972-09-07,0.181346,0.181346,0.180123,0.180123,33600
1972-09-08,0.179308,0.179308,0.176863,0.178901,211200
1972-09-11,0.178901,0.179308,0.178493,0.179308,33600
1972-09-12,0.179716,0.181346,0.179716,0.180938,139200
1972-09-13,0.180938,0.181753,0.180938,0.180938,134400
1972-09-14,0.180938,0.181753,0.180938,0.180938,230400
1972-09-15,0.180938,0.181753,0.180938,0.181753,0
1972-09-18,0.180938,0.180938,0.179716,0.180938,91200
1972-09-19,0.180938,0.180938,0.180938,0.180938,52800
1972-09-20,0.180938,0.180938,0.179308,0.179308,187200
1972-09-21,0.179716,0.180938,0.179716,0.180938,72000
1972-09-22,0.180938,0.181753,0.180938,0.180938,67200
1972-09-25,0.180938,0.181346,0.180123,0.180123,144000
1972-09-26,0.180123,0.180123,0.178086,0.179308,134400
1972-09-27,0.178493,0.178493,0.176048,0.176863,192000
1972-09-28,0.176048,0.176048,0.174418,0.174418,129600
1972-09-29,0.174418,0.175641,0.173603,0.175233,148800
1972-10-02,0.176048,0.177678,0.176048,0.177678,72000
1972-10-03,0.177678,0.179308,0.176863,0.178493,124800
1972-10-04,0.179308,0.180938,0.179308,0.180938,67200
1972-10-05,0.181754,0.182976,0.181754,0.182161,432000
1972-10-06,0.182161,0.182976,0.182161,0.182569,787200
1972-10-09,0.183384,0.184199,0.183384,0.184199,57600
1972-10-10,0.183791,0.183791,0.182568,0.183383,115200
1972-10-11,0.183384,0.183791,0.182569,0.183791,163200
1972-10-12,0.183791,0.183791,0.182569,0.182569,33600
1972-10-13,0.181753,0.181753,0.178493,0.178493,86400
1972-10-16,0.177271,0.177271,0.173603,0.173603,67200
1972-10-17,0.173196,0.173196,0.171565,0.172788,96000
1972-10-18,0.174418,0.176048,0.174418,0.176048,139200
1972-10-19,0.176048,0.176863,0.176048,0.176048,57600
1972-10-20,0.176048,0.178086,0.176048,0.177271,96000
1972-10-23,0.178493,0.184199,0.178493,0.184199,192000
1972-10-24,0.184199,0.185421,0.183384,0.184199,124800
1972-10-25,0.184199,0.184199,0.182569,0.182569,38400
1972-10-26,0.182569,0.185014,0.181346,0.181346,172800
1972-10-27,0.181753,0.182161,0.181753,0.181753,76800
1972-10-30,0.182984,0.184626,0.182984,0.184626,72000
1972-10-31,0.184626,0.186267,0.184215,0.185446,148800
1972-11-01,0.185446,0.187087,0.185446,0.187087,96000
1972-11-02,0.187087,0.188728,0.187087,0.187087,230400
1972-11-03,0.187908,0.188728,0.187908,0.187908,110400
1972-11-06,0.187908,0.188728,0.187087,0.187087,105600
1972-11-08,0.187087,0.187908,0.187087,0.187908,96000
1972-11-09,0.187908,0.189549,0.187908,0.188318,124800
1972-11-10,0.189139,0.191190,0.189139,0.191190,201600
1972-11-13,0.191190,0.191600,0.190369,0.191600,57600
1972-11-14,0.190369,0.190369,0.189959,0.189959,52800
1972-11-15,0.189959,0.191190,0.189549,0.190780,86400
1972-11-16,0.190780,0.190780,0.190369,0.190369,33600
1972-11-17,0.190369,0.191190,0.189139,0.190369,177600
1972-11-20,0.189959,0.189959,0.189139,0.189139,33600
1972-11-21,0.189138,0.189138,0.188728,0.188728,158400
1972-11-22,0.189549,0.190780,0.189549,0.189549,163200
1972-11-24,0.189549,0.191190,0.189549,0.190369,76800
1972-11-27,0.189549,0.189549,0.188728,0.189549,144000
1972-11-28,0.189549,0.189549,0.188728,0.188728,182400
1972-11-29,0.188728,0.188728,0.188728,0.188728,4800
1972-11-30,0.188728,0.188728,0.187908,0.187908,316800
1972-12-01,0.187908,0.189549,0.187908,0.189139,172800
1972-12-04,0.189138,0.189549,0.188728,0.188728,67200
1972-12-05,0.188728,0.189549,0.188318,0.189549,72000
1972-12-06,0.189549,0.189549,0.187908,0.188318,153600
1972-12-07,0.188318,0.189139,0.187908,0.189139,144000
1972-12-08,0.189139,0.189139,0.187908,0.188318,62400
1972-12-11,0.188318,0.189549,0.188318,0.188728,86400
1972-12-12,0.188728,0.189549,0.188318,0.188318,216000
1972-12-13,0.188318,0.188728,0.187908,0.188728,86400
1972-12-14,0.188728,0.189959,0.188318,0.188728,172800
1972-12-15,0.188728,0.189959,0.188318,0.189959,110400
1972-12-18,0.189959,0.190369,0.188728,0.189549,52800
1972-12-19,0.189549,0.191190,0.189139,0.190369,124800
1972-12-20,0.190369,0.191190,0.189959,0.191190,81600
1972-12-21,0.191190,0.192831,0.189549,0.192831,96000
1972-12-22,0.192831,0.192831,0.190780,0.191600,76800
1972-12-26,0.191600,0.191600,0.191600,0.191600,14400
1972-12-27,0.191600,0.193652,0.191190,0.192831,168000
1972-12-29,0.193652,0.201037,0.193652,0.201037,182400
1973-01-02,0.203498,0.205960,0.203498,0.205960,96000
1973-01-03,0.205960,0.207601,0.204319,0.204319,76800
1973-01-04,0.204319,0.205960,0.203909,0.205960,48000
1973-01-05,0.205960,0.206370,0.203909,0.205550,72000
1973-01-08,0.205139,0.205139,0.203498,0.203498,86400
1973-01-09,0.203498,0.203498,0.203498,0.203498,139200
1973-01-10,0.204729,0.205960,0.204729,0.205960,86400
1973-01-11,0.205960,0.210063,0.205550,0.209242,225600
1973-01-12,0.209242,0.211704,0.209242,0.209242,91200
1973-01-15,0.209242,0.210883,0.209242,0.210883,67200
1973-01-16,0.210883,0.211704,0.209653,0.211704,100800
1973-01-17,0.211704,0.212524,0.206781,0.207191,350400
1973-01-18,0.207191,0.208011,0.205960,0.207601,67200
1973-01-19,0.207601,0.208422,0.205960,0.207601,48000
1973-01-22,0.208422,0.209652,0.208422,0.209652,43200
1973-01-23,0.209653,0.210063,0.206781,0.208012,216000
1973-01-24,0.208011,0.209242,0.207601,0.209242,81600
1973-01-26,0.207191,0.207191,0.202678,0.202678,235200
1973-01-29,0.203916,0.205567,0.203916,0.205567,139200
1973-01-30,0.204742,0.204742,0.202265,0.202265,331200
1973-01-31,0.202265,0.203916,0.202265,0.202265,48000
1973-02-01,0.199788,0.199788,0.197312,0.197312,206400
1973-02-02,0.197312,0.198137,0.194835,0.196486,48000
1973-02-05,0.196486,0.196486,0.193184,0.193184,115200
1973-02-06,0.191533,0.191533,0.188230,0.188230,273600
1973-02-07,0.185754,0.185754,0.181626,0.181626,158400
1973-02-08,0.181626,0.181626,0.179149,0.180800,398400
1973-02-09,0.181626,0.184928,0.181626,0.184928,91200
1973-02-12,0.185753,0.188230,0.185753,0.185753,427200
1973-02-13,0.185754,0.186579,0.184928,0.186579,115200
1973-02-14,0.186579,0.186579,0.184928,0.184928,105600
1973-02-15,0.183277,0.183277,0.181626,0.181626,76800
1973-02-16,0.181626,0.181626,0.179149,0.179149,81600
1973-02-20,0.179149,0.179149,0.178324,0.178324,72000
1973-02-21,0.178323,0.179975,0.177911,0.179975,52800
1973-02-22,0.179149,0.179149,0.177911,0.177911,62400
1973-02-23,0.177085,0.177085,0.175434,0.175434,105600
1973-02-26,0.175434,0.175847,0.174196,0.175847,120000
1973-02-27,0.175847,0.176672,0.175021,0.176672,206400
1973-02-28,0.176260,0.176260,0.175434,0.176260,24000
1973-03-01,0.177085,0.178324,0.177085,0.177085,100800
1973-03-02,0.177085,0.178323,0.176260,0.177911,52800
1973-03-05,0.179975,0.182451,0.179975,0.181626,96000
1973-03-06,0.181626,0.182451,0.180800,0.180800,57600
1973-03-07,0.180800,0.180800,0.179149,0.179975,81600
1973-03-08,0.180387,0.184102,0.180387,0.183277,148800
1973-03-09,0.183277,0.184102,0.182451,0.184102,62400
1973-03-12,0.184102,0.184102,0.183277,0.184102,76800
1973-03-13,0.184102,0.184102,0.182451,0.183690,48000
1973-03-14,0.184928,0.186166,0.184928,0.186166,38400
1973-03-15,0.186166,0.186992,0.185341,0.186992,72000
1973-03-16,0.186992,0.188230,0.186579,0.186579,100800
1973-03-19,0.186579,0.187818,0.186166,0.186992,38400
1973-03-20,0.186579,0.186579,0.184103,0.184928,264000
1973-03-21,0.184928,0.184928,0.184103,0.184928,105600
1973-03-22,0.184928,0.184928,0.184102,0.184102,153600
1973-03-23,0.183690,0.183690,0.183277,0.183690,52800
1973-03-26,0.184103,0.184928,0.184103,0.184928,76800
1973-03-27,0.184928,0.184928,0.184928,0.184928,4800
1973-03-28,0.186579,0.187405,0.186579,0.187405,28800
1973-03-29,0.187405,0.188230,0.185754,0.187818,57600
1973-03-30,0.187818,0.189056,0.186579,0.186579,96000
1973-04-02,0.185754,0.185754,0.183277,0.184102,153600
1973-04-03,0.184102,0.184102,0.184102,0.184102,96000
1973-04-04,0.184928,0.185753,0.184928,0.185753,28800
1973-04-05,0.185754,0.186579,0.184102,0.184102,72000
1973-04-06,0.184102,0.185341,0.184102,0.184102,48000
1973-04-09,0.184928,0.186579,0.184928,0.186579,105600
1973-04-10,0.188230,0.189056,0.188230,0.188230,19200
1973-04-11,0.188230,0.189056,0.187405,0.189056,38400
1973-04-12,0.188230,0.188230,0.187405,0.187405,67200
1973-04-13,0.187405,0.187405,0.184928,0.186579,163200
1973-04-16,0.186992,0.189056,0.186992,0.187405,57600
1973-04-17,0.187405,0.188230,0.187405,0.188230,14400
1973-04-18,0.189881,0.189881,0.189881,0.189881,76800
1973-04-19,0.189882,0.190707,0.188230,0.190707,192000
1973-04-23,0.190707,0.191533,0.189882,0.190707,62400
1973-04-24,0.190707,0.191533,0.189056,0.191533,91200
1973-04-25,0.191533,0.191533,0.189882,0.191533,57600
1973-04-26,0.190707,0.190707,0.189056,0.189056,52800
1973-04-27,0.189056,0.189882,0.186579,0.186579,115200
1973-04-30,0.186579,0.186579,0.182839,0.186579,508800
1973-05-01,0.186579,0.187826,0.186579,0.187826,273600
1973-05-02,0.187826,0.187826,0.186579,0.186579,38400
1973-05-03,0.186579,0.188242,0.186579,0.188242,268800
1973-05-04,0.188242,0.189904,0.186579,0.189904,1185600
1973-05-07,0.188242,0.188242,0.186579,0.186579,52800
1973-05-08,0.188242,0.189904,0.188242,0.189904,38400
1973-05-09,0.189904,0.189904,0.188242,0.189904,76800
1973-05-10,0.188242,0.188242,0.186579,0.186579,552000
1973-05-11,0.186579,0.186579,0.186579,0.186579,28800
1973-05-14,0.184917,0.184917,0.184917,0.184917,67200
1973-05-15,0.184917,0.184917,0.183670,0.184917,62400
1973-05-16,0.184917,0.186579,0.184917,0.184917,172800
1973-05-17,0.183671,0.183671,0.180346,0.180346,81600
1973-05-18,0.180346,0.182008,0.180346,0.180346,360000
1973-05-21,0.180346,0.180346,0.178684,0.178684,148800
1973-05-22,0.178684,0.178684,0.178684,0.178684,100800
1973-05-23,0.178684,0.178684,0.177022,0.178684,124800
1973-05-24,0.178684,0.178684,0.177022,0.178684,14400
1973-05-25,0.178684,0.178684,0.175360,0.178684,57600
1973-05-29,0.178684,0.180346,0.178684,0.180346,43200
1973-05-30,0.180346,0.183671,0.180346,0.182008,168000
1973-05-31,0.182008,0.183671,0.180346,0.183671,72000
1973-06-01,0.183670,0.186579,0.183670,0.184917,33600
1973-06-04,0.184917,0.184917,0.183670,0.184917,57600
1973-06-05,0.184917,0.189904,0.184917,0.188242,331200
1973-06-06,0.189904,0.189904,0.189904,0.189904,28800
1973-06-07,0.189904,0.189904,0.189904,0.189904,115200
1973-06-08,0.189904,0.189904,0.188242,0.188242,91200
1973-06-11,0.188242,0.188242,0.188242,0.188242,33600
1973-06-12,0.188242,0.191566,0.188242,0.191566,96000
1973-06-13,0.191566,0.191566,0.189904,0.189904,297600
1973-06-14,0.189904,0.189904,0.189904,0.189904,19200
1973-06-15,0.188242,0.188242,0.188242,0.188242,19200
1973-06-18,0.189904,0.189904,0.189904,0.189904,24000
1973-06-19,0.189904,0.189904,0.188242,0.188242,201600
1973-06-20,0.188242,0.188242,0.184917,0.188242,81600
1973-06-21,0.188242,0.188242,0.186579,0.188242,43200
1973-06-22,0.188242,0.188242,0.186579,0.186579,76800
1973-06-25,0.188242,0.188242,0.188242,0.188242,105600
1973-06-26,0.188242,0.188242,0.186579,0.188242,120000
1973-06-27,0.186579,0.186579,0.186579,0.186579,14400
1973-06-28,0.186579,0.186579,0.186579,0.186579,19200
1973-06-29,0.189904,0.189904,0.189904,0.189904,148800
1973-07-02,0.189904,0.189904,0.188242,0.189904,48000
1973-07-03,0.189904,0.191566,0.189904,0.189904,254400
1973-07-05,0.189904,0.189904,0.188242,0.188242,72000
1973-07-06,0.188242,0.188242,0.188242,0.188242,38400
1973-07-09,0.188242,0.189904,0.188242,0.189904,48000
1973-07-10,0.191566,0.193228,0.191566,0.191566,240000
1973-07-11,0.193228,0.197799,0.193228,0.196137,288000
1973-07-12,0.196137,0.197799,0.194475,0.197799,206400
1973-07-13,0.196137,0.196137,0.194475,0.194475,57600
1973-07-16,0.194475,0.196137,0.193228,0.194475,38400
1973-07-17,0.194475,0.196137,0.193228,0.194475,33600
1973-07-18,0.194475,0.194475,0.194475,0.194475,0
1973-07-19,0.194475,0.196137,0.193228,0.196137,28800
1973-07-20,0.194475,0.194475,0.193228,0.194475,67200
1973-07-23,0.194475,0.194475,0.189904,0.189904,62400
1973-07-24,0.189904,0.193228,0.188242,0.193228,192000
1973-07-25,0.194475,0.196137,0.194475,0.196137,288000
1973-07-26,0.196137,0.201123,0.196137,0.199461,456000
1973-07-27,0.199461,0.199461,0.199461,0.199461,129600
1973-07-30,0.200800,0.200800,0.197453,0.197453,33600
1973-07-31,0.197453,0.197453,0.195780,0.195780,9600
1973-08-01,0.195780,0.195780,0.195780,0.195780,33600
1973-08-02,0.195780,0.197453,0.195780,0.197453,24000
1973-08-03,0.202473,0.204146,0.202473,0.202473,268800
1973-08-06,0.200800,0.200800,0.200800,0.200800,33600
1973-08-07,0.200800,0.200800,0.197453,0.197453,38400
1973-08-08,0.195780,0.195780,0.194525,0.194525,57600
1973-08-09,0.192852,0.192852,0.189505,0.191178,412800
1973-08-10,0.191178,0.191178,0.189505,0.189505,67200
1973-08-13,0.189505,0.189505,0.189505,0.189505,14400
1973-08-14,0.189505,0.189505,0.189505,0.189505,96000
1973-08-15,0.189505,0.189505,0.189505,0.189505,4800
1973-08-16,0.189505,0.191178,0.189505,0.191178,216000
1973-08-17,0.191178,0.191178,0.189505,0.191178,14400
1973-08-20,0.191178,0.191178,0.191178,0.191178,0
1973-08-21,0.189505,0.189505,0.189505,0.189505,19200
1973-08-22,0.189505,0.189505,0.189505,0.189505,62400
1973-08-23,0.189505,0.192851,0.189505,0.192851,172800
1973-08-24,0.192851,0.194525,0.192851,0.192851,19200
1973-08-27,0.192851,0.192851,0.192851,0.192851,62400
1973-08-28,0.191178,0.191178,0.191178,0.191178,182400
1973-08-29,0.191178,0.192851,0.189505,0.192851,91200
1973-08-30,0.192852,0.194525,0.191178,0.194525,52800
1973-08-31,0.194525,0.194525,0.191178,0.194525,100800
1973-09-04,0.194525,0.197453,0.194525,0.195780,1195200
1973-09-05,0.197453,0.197453,0.197453,0.197453,52800
1973-09-06,0.197453,0.200800,0.197453,0.200800,72000
1973-09-07,0.200800,0.200800,0.199126,0.200800,3048000
1973-09-10,0.200800,0.200800,0.199126,0.199126,43200
1973-09-11,0.197453,0.197453,0.195780,0.197453,91200
1973-09-12,0.195780,0.195780,0.195780,0.195780,72000
1973-09-13,0.195780,0.197453,0.195780,0.197453,129600
1973-09-14,0.197453,0.199126,0.197453,0.199126,48000
1973-09-17,0.199126,0.200800,0.199126,0.200800,148800
1973-09-18,0.200800,0.200800,0.195780,0.197453,163200
1973-09-19,0.197453,0.199126,0.197453,0.197453,206400
1973-09-20,0.197453,0.202473,0.197453,0.202473,825600
1973-09-21,0.202473,0.205820,0.202473,0.205820,33600
1973-09-24,0.204146,0.204146,0.204146,0.204146,76800
1973-09-25,0.204146,0.207075,0.202473,0.207075,129600
1973-09-26,0.207075,0.207075,0.205820,0.207075,81600
1973-09-27,0.207075,0.207075,0.205820,0.205820,115200
1973-09-28,0.204146,0.204146,0.200800,0.202473,216000
1973-10-01,0.202473,0.202473,0.200800,0.202473,201600
1973-10-02,0.202473,0.202473,0.202473,0.202473,4800
1973-10-03,0.202473,0.205820,0.202473,0.205820,81600
1973-10-04,0.205820,0.205820,0.204146,0.204146,38400
1973-10-05,0.204146,0.205820,0.204146,0.204146,76800
1973-10-08,0.204146,0.205820,0.204146,0.204146,48000
1973-10-09,0.204146,0.207075,0.204146,0.207075,139200
1973-10-10,0.207075,0.207075,0.207075,0.207075,24000
1973-10-11,0.207075,0.207075,0.205820,0.207075,158400
1973-10-12,0.207075,0.208748,0.207075,0.207075,67200
1973-10-15,0.208748,0.208748,0.208748,0.208748,86400
1973-10-16,0.210421,0.212095,0.210421,0.210421,105600
1973-10-17,0.210421,0.212095,0.210421,0.212095,254400
1973-10-18,0.212095,0.216696,0.212095,0.216696,139200
1973-10-19,0.216696,0.216696,0.215441,0.216696,158400
1973-10-22,0.216696,0.216696,0.216696,0.216696,264000
1973-10-23,0.216696,0.216696,0.215441,0.216696,196800
1973-10-24,0.218370,0.223390,0.218370,0.221716,542400
1973-10-25,0.221716,0.223390,0.221716,0.223390,134400
1973-10-26,0.223390,0.226318,0.223390,0.225063,384000
1973-10-29,0.224726,0.224726,0.223043,0.224726,38400
1973-10-30,0.224726,0.226410,0.224726,0.226410,216000
1973-10-31,0.226410,0.226410,0.224726,0.224726,100800
1973-11-01,0.224726,0.224726,0.221360,0.221360,120000
1973-11-02,0.221360,0.221360,0.221360,0.221360,547200
1973-11-05,0.221360,0.221360,0.219676,0.221360,124800
1973-11-06,0.221360,0.224726,0.221360,0.221360,86400
1973-11-07,0.221360,0.221360,0.221360,0.221360,62400
1973-11-08,0.221360,0.224726,0.221360,0.223043,134400
1973-11-09,0.223043,0.224726,0.221360,0.224726,129600
1973-11-12,0.223043,0.223043,0.221360,0.221360,244800
1973-11-13,0.221360,0.224726,0.221360,0.223043,494400
1973-11-14,0.223043,0.224726,0.219676,0.219676,326400
1973-11-15,0.219676,0.219676,0.217993,0.219676,57600
1973-11-16,0.219676,0.221360,0.217993,0.221360,172800
1973-11-19,0.219676,0.219676,0.213364,0.213364,201600
1973-11-20,0.211680,0.211680,0.200318,0.200318,316800
1973-11-21,0.200318,0.200318,0.196951,0.198634,153600
1973-11-23,0.200318,0.202001,0.200318,0.202001,81600
1973-11-26,0.202001,0.203685,0.200318,0.200318,240000
1973-11-27,0.198634,0.198634,0.195689,0.196951,144000
1973-11-28,0.198634,0.198634,0.198634,0.198634,33600
1973-11-29,0.198634,0.198634,0.198634,0.198634,62400
1973-11-30,0.198635,0.203685,0.198635,0.203685,422400
1973-12-03,0.203685,0.203685,0.202001,0.202001,302400
1973-12-04,0.202001,0.202001,0.200318,0.202001,72000
1973-12-05,0.202001,0.202001,0.200318,0.202001,297600
1973-12-06,0.198634,0.198634,0.195689,0.198634,235200
1973-12-07,0.198634,0.198634,0.196951,0.198634,249600
1973-12-10,0.198634,0.198634,0.198634,0.198634,72000
1973-12-11,0.198635,0.202001,0.198635,0.200318,168000
1973-12-12,0.198635,0.198635,0.195689,0.195689,81600
1973-12-13,0.195689,0.196951,0.192322,0.194005,196800
1973-12-14,0.194005,0.198634,0.194005,0.198634,115200
1973-12-17,0.198634,0.198634,0.195689,0.196951,91200
1973-12-18,0.196951,0.202001,0.194005,0.202001,892800
1973-12-19,0.202001,0.205368,0.200318,0.200318,100800
1973-12-20,0.200318,0.202001,0.200318,0.202001,43200
1973-12-21,0.200318,0.200318,0.200318,0.200318,52800
1973-12-24,0.200318,0.202001,0.200318,0.202001,62400
1973-12-26,0.202001,0.203685,0.202001,0.202001,86400
1973-12-27,0.202001,0.203685,0.200318,0.202001,484800
1973-12-28,0.203685,0.203685,0.203685,0.203685,24000
1973-12-31,0.203685,0.205368,0.203685,0.203685,19200
1974-01-02,0.203685,0.203685,0.203685,0.203685,43200
1974-01-03,0.207051,0.209997,0.207051,0.209997,312000
1974-01-04,0.211681,0.216731,0.211681,0.213364,796800
1974-01-07,0.213364,0.213364,0.209997,0.211680,182400
1974-01-08,0.211681,0.215047,0.211681,0.213364,158400
1974-01-09,0.213364,0.216730,0.213364,0.216730,81600
1974-01-10,0.216730,0.216730,0.213364,0.215047,230400
1974-01-11,0.213364,0.213364,0.213364,0.213364,9600
1974-01-14,0.211680,0.211680,0.211680,0.211680,9600
1974-01-15,0.211680,0.213364,0.211680,0.211680,62400
1974-01-16,0.213364,0.215047,0.213364,0.213364,172800
1974-01-17,0.213364,0.213364,0.213364,0.213364,33600
1974-01-18,0.213364,0.216731,0.213364,0.213364,24000
1974-01-21,0.213364,0.215047,0.211680,0.215047,158400
1974-01-22,0.215047,0.216730,0.215047,0.216730,81600
1974-01-23,0.216730,0.216730,0.215047,0.216730,144000
1974-01-24,0.216730,0.216730,0.216730,0.216730,225600
1974-01-25,0.216730,0.216730,0.215047,0.215047,345600
1974-01-28,0.214708,0.214708,0.213014,0.214708,172800
1974-01-29,0.214708,0.214708,0.214708,0.214708,38400
1974-01-30,0.216402,0.218096,0.216402,0.218096,244800
1974-01-31,0.218096,0.218096,0.218096,0.218096,24000
1974-02-01,0.218096,0.219367,0.218096,0.219367,139200
1974-02-04,0.219367,0.221061,0.218096,0.221061,168000
1974-02-05,0.219367,0.219367,0.219367,0.219367,72000
1974-02-06,0.219367,0.219367,0.218096,0.219367,52800
1974-02-07,0.219367,0.222755,0.219367,0.219367,148800
1974-02-08,0.219367,0.221061,0.219367,0.219367,38400
1974-02-11,0.219367,0.219367,0.219367,0.219367,38400
1974-02-12,0.219367,0.221061,0.213014,0.214708,470400
1974-02-13,0.214708,0.218096,0.214708,0.218096,28800
1974-02-14,0.216402,0.216402,0.216402,0.216402,4800
1974-02-15,0.214708,0.214708,0.214708,0.214708,52800
1974-02-19,0.214708,0.216402,0.214708,0.216402,81600
1974-02-20,0.216402,0.219367,0.214708,0.218096,134400
1974-02-21,0.218096,0.219367,0.218096,0.219367,72000
1974-02-22,0.219367,0.221061,0.218096,0.219367,288000
1974-02-25,0.219367,0.219367,0.218096,0.219367,14400
1974-02-26,0.219367,0.221061,0.218096,0.219367,62400
1974-02-27,0.218096,0.218096,0.216402,0.216402,72000
1974-02-28,0.218096,0.219367,0.218096,0.218096,81600
1974-03-01,0.218096,0.218096,0.218096,0.218096,14400
1974-03-04,0.218096,0.218096,0.214708,0.218096,67200
1974-03-05,0.218096,0.218096,0.216402,0.216402,14400
1974-03-06,0.214708,0.214708,0.214708,0.214708,14400
1974-03-07,0.214708,0.218096,0.214708,0.214708,81600
1974-03-08,0.214708,0.216402,0.214708,0.214708,120000
1974-03-11,0.214708,0.214708,0.214708,0.214708,57600
1974-03-12,0.214708,0.214708,0.214708,0.214708,28800
1974-03-13,0.214708,0.214708,0.214708,0.214708,105600
1974-03-14,0.214708,0.214708,0.213014,0.214708,374400
1974-03-15,0.214708,0.216402,0.214708,0.214708,96000
1974-03-18,0.214708,0.214708,0.213014,0.214708,38400
1974-03-19,0.214708,0.218096,0.214708,0.218096,312000
1974-03-20,0.218096,0.221061,0.218096,0.221061,230400
1974-03-21,0.221061,0.222755,0.221061,0.221061,168000
1974-03-22,0.221061,0.221061,0.218096,0.218096,100800
1974-03-25,0.218096,0.218096,0.214708,0.216402,24000
1974-03-26,0.216402,0.218096,0.211320,0.213014,158400
1974-03-27,0.213014,0.213014,0.211320,0.211320,52800
1974-03-28,0.211320,0.211320,0.208356,0.209626,163200
1974-03-29,0.208356,0.208356,0.203274,0.204968,48000
1974-04-01,0.203274,0.203274,0.201580,0.203274,153600
1974-04-02,0.203274,0.203274,0.201580,0.201580,9600
1974-04-03,0.199886,0.199886,0.195228,0.195228,268800
1974-04-04,0.195228,0.198192,0.195228,0.198192,38400
1974-04-05,0.199886,0.199886,0.199886,0.199886,72000
1974-04-08,0.199886,0.199886,0.196922,0.196922,297600
1974-04-09,0.196922,0.196922,0.195228,0.195228,43200
1974-04-10,0.195228,0.195228,0.195228,0.195228,38400
1974-04-11,0.195228,0.195228,0.193534,0.193534,220800
1974-04-15,0.193534,0.193534,0.191840,0.191840,254400
1974-04-16,0.191840,0.193534,0.191840,0.193534,100800
1974-04-17,0.193534,0.196922,0.193534,0.196922,115200
1974-04-18,0.196922,0.198192,0.196922,0.196922,48000
1974-04-19,0.198192,0.199886,0.198192,0.199886,57600
1974-04-22,0.198192,0.198192,0.196922,0.196922,52800
1974-04-23,0.196922,0.196922,0.193534,0.195228,86400
1974-04-24,0.195228,0.195228,0.195228,0.195228,9600
1974-04-25,0.195228,0.195228,0.193534,0.193534,91200
1974-04-26,0.193534,0.195228,0.193534,0.195228,52800
1974-04-29,0.194887,0.194887,0.193181,0.193181,57600
1974-04-30,0.191475,0.191475,0.188490,0.188490,489600
1974-05-01,0.188490,0.191475,0.188490,0.191475,216000
1974-05-02,0.189769,0.189769,0.188490,0.188490,19200
1974-05-03,0.186784,0.186784,0.183373,0.183373,76800
1974-05-06,0.183373,0.183373,0.179961,0.179961,148800
1974-05-07,0.178682,0.178682,0.173564,0.173564,144000
1974-05-08,0.173564,0.173564,0.170153,0.170153,139200
1974-05-09,0.168873,0.168873,0.167168,0.167168,259200
1974-05-10,0.167167,0.167167,0.157359,0.157359,384000
1974-05-13,0.157359,0.160344,0.157359,0.158639,76800
1974-05-14,0.158638,0.163756,0.157359,0.162050,153600
1974-05-15,0.163756,0.165462,0.163756,0.163756,96000
1974-05-16,0.163756,0.163756,0.163756,0.163756,105600
1974-05-17,0.162050,0.162050,0.158639,0.158639,148800
1974-05-20,0.157359,0.157359,0.153948,0.153948,158400
1974-05-21,0.153948,0.155653,0.153948,0.153948,259200
1974-05-22,0.153948,0.153948,0.152242,0.152242,115200
1974-05-23,0.152242,0.153948,0.150536,0.150536,48000
1974-05-24,0.150536,0.152242,0.150536,0.152242,76800
1974-05-28,0.153948,0.158639,0.153948,0.157359,153600
1974-05-29,0.158639,0.163756,0.158639,0.160344,268800
1974-05-30,0.158639,0.158639,0.155654,0.155654,110400
1974-05-31,0.155653,0.157359,0.153948,0.153948,321600
1974-06-03,0.153948,0.153948,0.152242,0.153948,48000
1974-06-04,0.153948,0.153948,0.152242,0.153948,148800
1974-06-05,0.152242,0.152242,0.148830,0.148830,268800
1974-06-06,0.150536,0.152242,0.150536,0.152242,81600
1974-06-07,0.152242,0.152242,0.152242,0.152242,230400
1974-06-10,0.152242,0.153948,0.150536,0.152242,336000
1974-06-11,0.150536,0.150536,0.150536,0.150536,139200
1974-06-12,0.150536,0.152242,0.150536,0.150536,110400
1974-06-13,0.150536,0.150536,0.150536,0.150536,43200
1974-06-14,0.152242,0.152242,0.152242,0.152242,187200
1974-06-17,0.152242,0.152242,0.145845,0.145845,182400
1974-06-18,0.145845,0.147551,0.144139,0.144139,158400
1974-06-19,0.144139,0.144139,0.140728,0.140728,129600
1974-06-20,0.139022,0.139022,0.137743,0.137743,38400
1974-06-21,0.137743,0.137743,0.132625,0.134331,105600
1974-06-24,0.134331,0.134331,0.129214,0.130919,288000
1974-06-25,0.130919,0.134331,0.130919,0.132625,288000
1974-06-26,0.132625,0.134331,0.130919,0.130919,76800
1974-06-27,0.130919,0.130919,0.126228,0.127934,129600
1974-06-28,0.127934,0.127934,0.126228,0.127934,158400
1974-07-01,0.127934,0.129214,0.126228,0.129214,72000
1974-07-02,0.127934,0.127934,0.122817,0.122817,72000
1974-07-03,0.119405,0.119405,0.109597,0.111303,244800
1974-07-05,0.111303,0.111303,0.107891,0.107891,158400
1974-07-08,0.107891,0.107891,0.101495,0.104906,403200
1974-07-09,0.104906,0.107891,0.101495,0.107891,105600
1974-07-10,0.109597,0.111303,0.109597,0.111303,91200
1974-07-11,0.111303,0.111303,0.109597,0.109597,129600
1974-07-12,0.109597,0.114714,0.109597,0.114714,196800
1974-07-15,0.114714,0.114714,0.111303,0.111303,76800
1974-07-16,0.111303,0.113009,0.111303,0.111303,67200
1974-07-17,0.109597,0.109597,0.106612,0.106612,1012800
1974-07-18,0.106612,0.109597,0.106612,0.109597,302400
1974-07-19,0.109597,0.113009,0.109597,0.113009,96000
1974-07-22,0.113009,0.113009,0.109597,0.111303,134400
1974-07-23,0.111303,0.113009,0.111303,0.111303,24000
1974-07-24,0.111303,0.117700,0.111303,0.117700,307200
1974-07-25,0.119406,0.121111,0.119406,0.121111,355200
1974-07-26,0.121111,0.122817,0.121111,0.121111,48000
1974-07-29,0.120766,0.120766,0.119041,0.119041,129600
1974-07-30,0.119041,0.120766,0.119041,0.120766,57600
1974-07-31,0.119041,0.119041,0.117747,0.117747,52800
1974-08-01,0.117747,0.117747,0.117747,0.117747,67200
1974-08-02,0.117747,0.119041,0.117747,0.119041,28800
1974-08-05,0.117747,0.117747,0.116022,0.116022,873600
1974-08-06,0.116022,0.116022,0.116022,0.116022,48000
1974-08-07,0.116022,0.117747,0.112571,0.117747,576000
1974-08-08,0.116022,0.116022,0.116022,0.116022,187200
1974-08-09,0.116022,0.117747,0.116022,0.116022,172800
1974-08-12,0.114296,0.114296,0.110846,0.110846,134400
1974-08-13,0.109121,0.109121,0.106102,0.106102,216000
1974-08-14,0.106102,0.106102,0.102651,0.102651,470400
1974-08-15,0.102651,0.102651,0.097907,0.099201,249600
1974-08-16,0.100926,0.100926,0.100926,0.100926,14400
1974-08-19,0.102651,0.106102,0.102651,0.102651,91200
1974-08-20,0.102651,0.102651,0.102651,0.102651,14400
1974-08-21,0.102651,0.102651,0.100926,0.100926,153600
1974-08-22,0.100926,0.100926,0.097907,0.097907,139200
1974-08-23,0.097907,0.097907,0.094456,0.096182,316800
1974-08-26,0.094456,0.094456,0.092731,0.092731,345600
1974-08-27,0.091006,0.091006,0.089281,0.091006,864000
1974-08-28,0.091006,0.092731,0.089281,0.092731,1118400
1974-08-29,0.092731,0.094456,0.092731,0.092731,163200
1974-08-30,0.092731,0.096182,0.092731,0.096182,86400
1974-09-03,0.097907,0.097907,0.097907,0.097907,206400
1974-09-04,0.097907,0.097907,0.094456,0.096182,206400
1974-09-05,0.096182,0.097907,0.096182,0.096182,220800
1974-09-06,0.097907,0.099201,0.097907,0.097907,201600
1974-09-09,0.097907,0.097907,0.096182,0.097907,196800
1974-09-10,0.097907,0.097907,0.096182,0.096182,124800
1974-09-11,0.096182,0.096182,0.094456,0.094456,724800
1974-09-12,0.092731,0.092731,0.087987,0.087987,153600
1974-09-13,0.087987,0.089281,0.087987,0.087987,201600
1974-09-16,0.089281,0.091006,0.089281,0.091006,52800
1974-09-17,0.091006,0.091006,0.089281,0.089281,67200
1974-09-18,0.089281,0.089281,0.086261,0.089281,216000
1974-09-19,0.089281,0.091006,0.087987,0.091006,182400
1974-09-20,0.091006,0.094456,0.091006,0.094456,211200
1974-09-23,0.094456,0.097907,0.094456,0.096182,192000
1974-09-24,0.096182,0.097907,0.094456,0.094456,81600
1974-09-25,0.094456,0.096182,0.092731,0.094456,182400
1974-09-26,0.092731,0.092731,0.092731,0.092731,19200
1974-09-27,0.092731,0.092731,0.091006,0.091006,19200
1974-09-30,0.089281,0.089281,0.086261,0.086261,206400
1974-10-01,0.084536,0.084536,0.079361,0.081086,4382400
1974-10-02,0.082811,0.084536,0.082811,0.084536,172800
1974-10-03,0.084536,0.086261,0.084536,0.084536,182400
1974-10-04,0.086261,0.087987,0.086261,0.087987,340800
1974-10-07,0.087987,0.091006,0.087987,0.091006,139200
1974-10-08,0.091006,0.092731,0.091006,0.091006,446400
1974-10-09,0.091006,0.096182,0.091006,0.096182,326400
1974-10-10,0.097907,0.097907,0.097907,0.097907,129600
1974-10-11,0.099201,0.106102,0.099201,0.106102,302400
1974-10-14,0.106102,0.106102,0.102651,0.102651,76800
1974-10-15,0.102651,0.104376,0.102651,0.102651,105600
1974-10-16,0.102651,0.104376,0.102651,0.104376,48000
1974-10-17,0.104376,0.104376,0.102651,0.102651,48000
1974-10-18,0.104376,0.106102,0.104376,0.106102,163200
1974-10-21,0.107827,0.107827,0.107827,0.107827,556800
1974-10-22,0.110846,0.112571,0.110846,0.110846,206400
1974-10-23,0.110846,0.110846,0.109121,0.110846,249600
1974-10-24,0.110846,0.110846,0.109121,0.109121,225600
1974-10-25,0.109121,0.110846,0.109121,0.109121,696000
1974-10-28,0.110519,0.110519,0.109208,0.109208,67200
1974-10-29,0.110519,0.110519,0.110519,0.110519,86400
1974-10-30,0.112266,0.119255,0.112266,0.119255,484800
1974-10-31,0.119255,0.122313,0.117508,0.122313,340800
1974-11-01,0.122313,0.122313,0.122313,0.122313,4800
1974-11-04,0.122313,0.124060,0.122313,0.122313,537600
1974-11-05,0.122313,0.131050,0.122313,0.131050,532800
1974-11-06,0.131050,0.131050,0.131050,0.131050,153600
1974-11-07,0.131050,0.131050,0.129302,0.129302,393600
1974-11-08,0.129302,0.131050,0.129302,0.129302,105600
1974-11-11,0.129302,0.129302,0.127555,0.127555,62400
1974-11-12,0.127555,0.127555,0.125808,0.125808,129600
1974-11-13,0.125808,0.125808,0.125808,0.125808,307200
1974-11-14,0.127555,0.127555,0.127555,0.127555,38400
1974-11-15,0.127555,0.127555,0.127555,0.127555,115200
1974-11-18,0.127555,0.127555,0.127555,0.127555,379200
1974-11-19,0.127555,0.127555,0.125808,0.125808,67200
1974-11-20,0.125808,0.125808,0.122313,0.122313,182400
1974-11-21,0.122313,0.122313,0.122313,0.122313,139200
1974-11-22,0.124060,0.125808,0.124060,0.125808,81600
1974-11-25,0.124060,0.124060,0.122313,0.122313,187200
1974-11-26,0.122313,0.122313,0.120566,0.120566,120000
1974-11-27,0.120566,0.122313,0.119255,0.122313,139200
1974-11-29,0.122313,0.122313,0.120566,0.122313,100800
1974-12-02,0.122313,0.122313,0.119255,0.119255,86400
1974-12-03,0.119255,0.119255,0.117508,0.117508,244800
1974-12-04,0.117508,0.117508,0.115761,0.117508,489600
1974-12-05,0.115761,0.115761,0.114013,0.114013,76800
1974-12-06,0.114013,0.114013,0.110519,0.110519,278400
1974-12-09,0.110519,0.110519,0.110519,0.110519,230400
1974-12-10,0.110519,0.117508,0.110519,0.117508,288000
1974-12-11,0.117508,0.117508,0.115761,0.115761,91200
1974-12-12,0.115761,0.117508,0.114013,0.117508,297600
1974-12-13,0.117508,0.117508,0.117508,0.117508,350400
1974-12-16,0.117508,0.117508,0.114013,0.114013,547200
1974-12-17,0.114013,0.115761,0.114013,0.115761,513600
1974-12-18,0.115761,0.117508,0.114013,0.114013,278400
1974-12-19,0.114013,0.115761,0.112266,0.114013,1689600
1974-12-20,0.114013,0.114013,0.112266,0.112266,571200
1974-12-23,0.112266,0.112266,0.109208,0.110519,230400
1974-12-24,0.109208,0.109208,0.109208,0.109208,67200
1974-12-26,0.109208,0.112266,0.109208,0.112266,552000
1974-12-27,0.112266,0.112266,0.112266,0.112266,187200
1974-12-30,0.112266,0.114013,0.112266,0.112266,192000
1974-12-31,0.112266,0.117508,0.112266,0.117508,196800
1975-01-02,0.119255,0.125808,0.119255,0.125808,134400
1975-01-03,0.125808,0.125808,0.122313,0.125808,115200
1975-01-06,0.125808,0.127555,0.125808,0.127555,28800
1975-01-07,0.125808,0.125808,0.125808,0.125808,52800
1975-01-08,0.125808,0.125808,0.125808,0.125808,28800
1975-01-09,0.125808,0.127555,0.125808,0.127555,302400
1975-01-10,0.127555,0.129302,0.127555,0.129302,134400
1975-01-13,0.129302,0.131050,0.129302,0.131050,273600
1975-01-14,0.131050,0.131050,0.129302,0.129302,163200
1975-01-15,0.129302,0.132360,0.129302,0.132360,129600
1975-01-16,0.132360,0.132360,0.131050,0.132360,91200
1975-01-17,0.132360,0.134108,0.131050,0.134108,230400
1975-01-20,0.134108,0.134108,0.131050,0.131050,72000
1975-01-21,0.132360,0.132360,0.132360,0.132360,100800
1975-01-22,0.132360,0.132360,0.132360,0.132360,86400
1975-01-23,0.132360,0.134108,0.132360,0.134108,436800
1975-01-24,0.134107,0.134107,0.132360,0.132360,268800
1975-01-27,0.134107,0.135855,0.134107,0.135855,91200
1975-01-28,0.135855,0.135855,0.134108,0.134108,129600
1975-01-29,0.134108,0.134108,0.132360,0.134108,273600
1975-01-30,0.135855,0.139349,0.135855,0.139349,192000
1975-01-31,0.139349,0.139349,0.137602,0.139349,158400
1975-02-03,0.138997,0.138997,0.137232,0.138997,600000
1975-02-04,0.137231,0.137231,0.135466,0.137231,278400
1975-02-05,0.137231,0.137231,0.135466,0.135466,1032000
1975-02-06,0.135466,0.138997,0.135466,0.138997,144000
1975-02-07,0.138997,0.138997,0.138997,0.138997,52800
1975-02-10,0.137231,0.137231,0.137231,0.137231,9600
1975-02-11,0.137232,0.138997,0.137232,0.138997,225600
1975-02-12,0.138997,0.140761,0.138997,0.140761,48000
1975-02-13,0.142527,0.142527,0.142527,0.142527,115200
1975-02-14,0.142527,0.142527,0.138997,0.138997,633600
1975-02-18,0.137231,0.137231,0.137231,0.137231,96000
1975-02-19,0.137231,0.137231,0.135466,0.135466,57600
1975-02-20,0.135466,0.137231,0.135466,0.135466,19200
1975-02-21,0.135466,0.135466,0.132378,0.133701,201600
1975-02-24,0.132378,0.132378,0.130612,0.130612,153600
1975-02-25,0.130612,0.130612,0.127082,0.130612,1804800
1975-02-26,0.128848,0.128848,0.128848,0.128848,888000
1975-02-27,0.128848,0.128848,0.128848,0.128848,408000
1975-02-28,0.128848,0.128848,0.127083,0.127083,806400
1975-03-03,0.127083,0.128848,0.127083,0.127083,1267200
1975-03-04,0.128848,0.132378,0.128848,0.132378,403200
1975-03-05,0.132378,0.137231,0.132378,0.133701,307200
1975-03-06,0.133701,0.135466,0.132378,0.133701,182400
1975-03-07,0.133701,0.133701,0.130613,0.132378,240000
1975-03-10,0.132378,0.132378,0.132378,0.132378,542400
1975-03-11,0.132378,0.135466,0.132378,0.132378,144000
1975-03-12,0.132378,0.133701,0.132378,0.133701,134400
1975-03-13,0.133701,0.133701,0.130612,0.130612,643200
1975-03-14,0.130612,0.132378,0.130612,0.130612,206400
1975-03-17,0.130612,0.133701,0.130612,0.133701,316800
1975-03-18,0.133701,0.135466,0.133701,0.135466,196800
1975-03-19,0.135466,0.137231,0.133701,0.133701,398400
1975-03-20,0.133701,0.135466,0.133701,0.133701,28800
1975-03-21,0.135466,0.135466,0.135466,0.135466,86400
1975-03-24,0.135466,0.138997,0.133701,0.133701,772800
1975-03-25,0.133701,0.133701,0.132378,0.132378,307200
1975-03-26,0.132378,0.133701,0.132378,0.133701,153600
1975-03-27,0.133701,0.135466,0.133701,0.133701,2697600
1975-03-31,0.133701,0.135466,0.133701,0.135466,28800
1975-04-01,0.135466,0.135466,0.132378,0.133701,148800
1975-04-02,0.133701,0.133701,0.132378,0.133701,62400
1975-04-03,0.133701,0.133701,0.128848,0.130612,566400
1975-04-04,0.130613,0.132378,0.130613,0.132378,86400
1975-04-07,0.132378,0.132378,0.130612,0.130612,408000
1975-04-08,0.132378,0.133701,0.132378,0.133701,206400
1975-04-09,0.133701,0.133701,0.133701,0.133701,307200
1975-04-10,0.133701,0.135466,0.133701,0.133701,148800
1975-04-11,0.133701,0.133701,0.133701,0.133701,0
1975-04-14,0.133701,0.135466,0.133701,0.135466,43200
1975-04-15,0.135466,0.135466,0.135466,0.135466,67200
1975-04-16,0.135466,0.137231,0.135466,0.135466,398400
1975-04-17,0.135466,0.137231,0.135466,0.137231,340800
1975-04-18,0.137231,0.137231,0.135466,0.135466,288000
1975-04-21,0.135466,0.140761,0.135466,0.140761,336000
1975-04-22,0.142527,0.142527,0.142527,0.142527,672000
1975-04-23,0.142527,0.142527,0.140761,0.142527,144000
1975-04-24,0.142527,0.142527,0.138996,0.142527,129600
1975-04-25,0.142527,0.142527,0.142527,0.142527,144000
1975-04-28,0.143953,0.143953,0.142170,0.142170,28800
1975-04-29,0.140387,0.140387,0.138605,0.140387,244800
1975-04-30,0.140387,0.140387,0.140387,0.140387,172800
1975-05-01,0.140387,0.140387,0.135039,0.138605,436800
1975-05-02,0.136822,0.136822,0.136822,0.136822,14400
1975-05-05,0.136822,0.136822,0.133702,0.135039,283200
1975-05-06,0.133702,0.133702,0.133702,0.133702,259200
1975-05-07,0.133702,0.133702,0.130137,0.133702,268800
1975-05-08,0.133702,0.133702,0.133702,0.133702,321600
1975-05-09,0.135039,0.135039,0.135039,0.135039,67200
1975-05-12,0.136822,0.142170,0.136822,0.140387,196800
1975-05-13,0.140387,0.140387,0.140387,0.140387,57600
1975-05-14,0.142170,0.143953,0.142170,0.143953,273600
1975-05-15,0.143953,0.147072,0.143953,0.143953,705600
1975-05-16,0.147072,0.147072,0.147072,0.147072,86400
1975-05-19,0.147072,0.148855,0.145290,0.148855,225600
1975-05-20,0.148855,0.148855,0.147072,0.147072,216000
1975-05-21,0.147072,0.148855,0.145290,0.148855,76800
1975-05-22,0.148855,0.148855,0.147072,0.147072,115200
1975-05-23,0.147072,0.148855,0.147072,0.148855,38400
1975-05-27,0.147072,0.147072,0.147072,0.147072,52800
1975-05-28,0.147072,0.148855,0.147072,0.147072,38400
1975-05-29,0.147072,0.148855,0.145290,0.147072,187200
1975-05-30,0.148855,0.148855,0.148855,0.148855,91200
1975-06-02,0.148855,0.152420,0.148855,0.150638,38400
1975-06-03,0.150638,0.152420,0.150638,0.150638,76800
1975-06-04,0.150638,0.152420,0.150638,0.152420,768000
1975-06-05,0.152420,0.152420,0.148855,0.148855,489600
1975-06-06,0.148855,0.152420,0.148855,0.152420,364800
1975-06-09,0.152420,0.152420,0.150638,0.150638,62400
1975-06-10,0.150638,0.150638,0.148855,0.148855,211200
1975-06-11,0.148855,0.155540,0.148855,0.155540,177600
1975-06-12,0.155540,0.155540,0.154203,0.154203,393600
1975-06-13,0.155540,0.155540,0.155540,0.155540,24000
1975-06-16,0.155540,0.155540,0.155540,0.155540,129600
1975-06-17,0.155540,0.157323,0.155540,0.155540,163200
1975-06-18,0.155540,0.155540,0.155540,0.155540,9600
1975-06-19,0.155540,0.155540,0.155540,0.155540,19200
1975-06-20,0.157323,0.159106,0.157323,0.159106,148800
1975-06-23,0.159106,0.160888,0.159106,0.160888,216000
1975-06-24,0.164454,0.167573,0.164454,0.167573,134400
1975-06-25,0.167573,0.171139,0.167573,0.167573,177600
1975-06-26,0.167573,0.171139,0.167573,0.171139,374400
1975-06-27,0.167573,0.167573,0.164454,0.164454,398400
1975-06-30,0.164454,0.167573,0.164454,0.167573,388800
1975-07-01,0.167573,0.167573,0.167573,0.167573,96000
1975-07-02,0.167573,0.167573,0.165791,0.167573,91200
1975-07-03,0.167573,0.167573,0.164454,0.165791,993600
1975-07-07,0.164454,0.164454,0.164454,0.164454,696000
1975-07-08,0.164454,0.164454,0.162671,0.164454,772800
1975-07-09,0.164454,0.167573,0.164454,0.167573,120000
1975-07-10,0.167573,0.167573,0.165791,0.167573,38400
1975-07-11,0.165791,0.165791,0.162671,0.162671,67200
1975-07-14,0.162671,0.164454,0.160888,0.160888,48000
1975-07-15,0.160888,0.162671,0.160888,0.160888,38400
1975-07-16,0.160888,0.160888,0.155540,0.155540,614400
1975-07-17,0.155540,0.155540,0.152420,0.155540,2126400
1975-07-18,0.155540,0.157323,0.154203,0.157323,33600
1975-07-21,0.157323,0.157323,0.155540,0.155540,1641600
1975-07-22,0.154203,0.154203,0.150638,0.152420,604800
1975-07-23,0.152420,0.152420,0.148855,0.152420,441600
1975-07-24,0.152420,0.152420,0.152420,0.152420,33600
1975-07-25,0.150638,0.150638,0.148855,0.148855,220800
1975-07-28,0.148585,0.148585,0.148585,0.148585,24000
1975-07-29,0.148585,0.148585,0.148585,0.148585,96000
1975-07-30,0.148585,0.150386,0.148585,0.150386,489600
1975-07-31,0.150386,0.152187,0.148585,0.150386,124800
1975-08-01,0.148585,0.148585,0.145433,0.145433,120000
1975-08-04,0.145433,0.145433,0.143632,0.143632,62400
1975-08-05,0.145433,0.145433,0.145433,0.145433,76800
1975-08-06,0.143632,0.143632,0.140030,0.140030,201600
1975-08-07,0.140030,0.140030,0.140030,0.140030,172800
1975-08-08,0.140030,0.141831,0.140030,0.140030,163200
1975-08-11,0.140030,0.141831,0.140030,0.140030,124800
1975-08-12,0.141831,0.141831,0.141831,0.141831,52800
1975-08-13,0.141831,0.143632,0.138229,0.138229,168000
1975-08-14,0.138229,0.138229,0.136428,0.136428,91200
1975-08-15,0.136428,0.136428,0.135077,0.135077,259200
1975-08-18,0.133276,0.133276,0.133276,0.133276,216000
1975-08-19,0.133276,0.135077,0.133276,0.133276,225600
1975-08-20,0.133276,0.133276,0.133276,0.133276,19200
1975-08-21,0.133276,0.133276,0.131475,0.133276,139200
1975-08-22,0.133276,0.135077,0.133276,0.135077,139200
1975-08-25,0.135077,0.138229,0.135077,0.138229,220800
1975-08-26,0.138229,0.141831,0.138229,0.140030,292800
1975-08-27,0.140030,0.140030,0.138229,0.140030,139200
1975-08-28,0.140030,0.143632,0.140030,0.143632,76800
1975-08-29,0.143632,0.145433,0.141831,0.141831,163200
1975-09-02,0.141831,0.145433,0.141831,0.145433,340800
1975-09-03,0.145433,0.145433,0.141831,0.141831,76800
1975-09-04,0.141831,0.143632,0.141831,0.143632,508800
1975-09-05,0.143632,0.145433,0.141831,0.145433,62400
1975-09-08,0.145433,0.145433,0.145433,0.145433,177600
1975-09-09,0.145433,0.145433,0.145433,0.145433,844800
1975-09-10,0.143632,0.143632,0.138229,0.138229,115200
1975-09-11,0.138229,0.138229,0.136428,0.136428,96000
1975-09-12,0.136428,0.138229,0.136428,0.138229,364800
1975-09-15,0.136428,0.136428,0.135077,0.136428,432000
1975-09-16,0.136428,0.136428,0.135077,0.136428,532800
1975-09-17,0.136428,0.136428,0.135077,0.135077,19200
1975-09-18,0.136428,0.138229,0.136428,0.138229,14400
1975-09-19,0.138229,0.140030,0.138229,0.138229,168000
1975-09-22,0.138229,0.140030,0.138229,0.140030,124800
1975-09-23,0.138229,0.138229,0.136428,0.136428,81600
1975-09-24,0.138229,0.140030,0.138229,0.138229,129600
1975-09-25,0.136428,0.136428,0.136428,0.136428,100800
1975-09-26,0.138229,0.138229,0.138229,0.138229,52800
1975-09-29,0.138229,0.140030,0.138229,0.140030,19200
1975-09-30,0.140030,0.140030,0.136428,0.136428,67200
1975-10-01,0.136428,0.136428,0.136428,0.136428,19200
1975-10-02,0.136428,0.136428,0.135077,0.135077,43200
1975-10-03,0.136428,0.138229,0.136428,0.136428,201600
1975-10-06,0.136428,0.138229,0.135077,0.135077,120000
1975-10-07,0.136428,0.136428,0.136428,0.136428,72000
1975-10-08,0.136428,0.136428,0.136428,0.136428,120000
1975-10-09,0.136428,0.138229,0.136428,0.138229,91200
1975-10-10,0.136428,0.136428,0.136428,0.136428,86400
1975-10-13,0.136428,0.138229,0.136428,0.138229,9600
1975-10-14,0.138229,0.138229,0.138229,0.138229,19200
1975-10-15,0.138229,0.141831,0.138229,0.140030,86400
1975-10-16,0.140030,0.140030,0.140030,0.140030,19200
1975-10-17,0.140030,0.140030,0.138229,0.138229,211200
1975-10-20,0.138229,0.140030,0.138229,0.140030,182400
1975-10-21,0.140030,0.143632,0.140030,0.143632,240000
1975-10-22,0.143632,0.146784,0.143632,0.146784,240000
1975-10-23,0.148585,0.155789,0.148585,0.153988,547200
1975-10-24,0.153988,0.162543,0.153988,0.157140,393600
1975-10-27,0.157140,0.162543,0.155789,0.162543,86400
1975-10-28,0.162543,0.162543,0.160742,0.160742,110400
1975-10-29,0.160742,0.162543,0.158941,0.158941,148800
1975-10-30,0.158941,0.158941,0.157140,0.158941,273600
1975-10-31,0.160486,0.160486,0.157304,0.160486,230400
1975-11-03,0.160486,0.162305,0.160486,0.160486,158400
1975-11-04,0.160487,0.162305,0.160487,0.162305,43200
1975-11-05,0.162305,0.162305,0.162305,0.162305,28800
1975-11-06,0.162305,0.162305,0.160486,0.160486,96000
1975-11-07,0.160486,0.162305,0.160486,0.160486,206400
1975-11-10,0.160486,0.160486,0.160486,0.160486,81600
1975-11-11,0.162305,0.162305,0.162305,0.162305,163200
1975-11-12,0.162305,0.164124,0.162305,0.164124,134400
1975-11-13,0.164124,0.169125,0.164124,0.167761,278400
1975-11-14,0.167761,0.170943,0.167761,0.169125,604800
1975-11-17,0.169125,0.169125,0.167761,0.167761,52800
1975-11-18,0.167761,0.167761,0.167761,0.167761,292800
1975-11-19,0.167761,0.167761,0.165942,0.167761,600000
1975-11-20,0.165942,0.165942,0.164123,0.165942,129600
1975-11-21,0.165942,0.165942,0.164123,0.165942,172800
1975-11-24,0.164124,0.164124,0.164124,0.164124,321600
1975-11-25,0.165942,0.165942,0.165942,0.165942,62400
1975-11-26,0.165942,0.165942,0.164124,0.164124,120000
1975-11-28,0.164124,0.164124,0.164124,0.164124,148800
1975-12-01,0.164124,0.164124,0.164124,0.164124,33600
1975-12-02,0.164123,0.165942,0.162305,0.165942,249600
1975-12-03,0.164124,0.164124,0.162305,0.162305,388800
1975-12-04,0.162305,0.164124,0.162305,0.162305,144000
1975-12-05,0.162305,0.164123,0.160486,0.160486,556800
1975-12-08,0.160486,0.160486,0.158668,0.160486,321600
1975-12-09,0.160487,0.160487,0.155485,0.155485,787200
1975-12-10,0.155485,0.157304,0.155485,0.155485,302400
1975-12-11,0.157304,0.158668,0.157304,0.158668,144000
1975-12-12,0.157304,0.157304,0.157304,0.157304,52800
1975-12-15,0.155485,0.155485,0.155485,0.155485,105600
1975-12-16,0.155485,0.158668,0.155485,0.157304,984000
1975-12-17,0.157304,0.157304,0.157304,0.157304,96000
1975-12-18,0.157304,0.158668,0.157304,0.158668,1156800
1975-12-19,0.157304,0.157304,0.155485,0.155485,148800
1975-12-22,0.155486,0.157304,0.151849,0.153667,240000
1975-12-23,0.153667,0.155485,0.151848,0.151848,408000
1975-12-24,0.151849,0.153667,0.151849,0.153667,192000
1975-12-26,0.153667,0.153667,0.151849,0.153667,240000
1975-12-29,0.153667,0.155485,0.153667,0.155485,48000
1975-12-30,0.155485,0.157304,0.155485,0.155485,192000
1975-12-31,0.155486,0.158668,0.155486,0.158668,76800
1976-01-02,0.158668,0.158668,0.158668,0.158668,148800
1976-01-05,0.160486,0.165942,0.160486,0.165942,288000
1976-01-06,0.165942,0.165942,0.165942,0.165942,105600
1976-01-07,0.165942,0.165942,0.165942,0.165942,100800
1976-01-08,0.165942,0.167761,0.164123,0.165942,403200
1976-01-09,0.167761,0.170943,0.167761,0.167761,297600
1976-01-12,0.167761,0.170943,0.167761,0.169125,129600
1976-01-13,0.169125,0.170943,0.167761,0.167761,33600
1976-01-14,0.167761,0.169125,0.167761,0.169125,81600
1976-01-15,0.169125,0.170943,0.169125,0.169125,206400
1976-01-16,0.169125,0.170943,0.169125,0.170943,134400
1976-01-19,0.170943,0.172762,0.169125,0.170943,268800
1976-01-20,0.170943,0.174580,0.170943,0.172762,124800
1976-01-21,0.172762,0.172762,0.170943,0.170943,72000
1976-01-22,0.170943,0.170943,0.170943,0.170943,604800
1976-01-23,0.170943,0.170943,0.169125,0.170943,523200
1976-01-26,0.170943,0.170943,0.169125,0.170943,240000
1976-01-27,0.170943,0.170943,0.167761,0.170943,168000
1976-01-28,0.170943,0.172762,0.170943,0.170943,201600
1976-01-29,0.170943,0.170943,0.170943,0.170943,316800
1976-01-30,0.170943,0.172762,0.170943,0.170943,192000
1976-02-02,0.172503,0.174338,0.172503,0.172503,355200
1976-02-03,0.172503,0.176173,0.172503,0.174338,96000
1976-02-04,0.174338,0.176173,0.172503,0.174338,196800
1976-02-05,0.174338,0.176173,0.172503,0.174338,302400
1976-02-06,0.174338,0.174338,0.172503,0.172503,201600
1976-02-09,0.172503,0.174338,0.172503,0.174338,172800
1976-02-10,0.172503,0.172503,0.172503,0.172503,585600
1976-02-11,0.172503,0.174338,0.172503,0.172503,115200
1976-02-12,0.174338,0.176173,0.174338,0.174338,124800
1976-02-13,0.172503,0.172503,0.170668,0.170668,52800
1976-02-17,0.169292,0.169292,0.169292,0.169292,19200
1976-02-18,0.167456,0.167456,0.163786,0.163786,240000
1976-02-19,0.163786,0.165621,0.163786,0.165621,441600
1976-02-20,0.165621,0.165621,0.163786,0.165621,153600
1976-02-23,0.165621,0.165621,0.161951,0.161951,86400
1976-02-24,0.160116,0.160116,0.158740,0.160116,288000
1976-02-25,0.161951,0.165621,0.161951,0.165621,350400
1976-02-26,0.165621,0.165621,0.165621,0.165621,844800
1976-02-27,0.165621,0.167456,0.165621,0.165621,1094400
1976-03-01,0.165621,0.167456,0.163786,0.165621,758400
1976-03-02,0.165621,0.165621,0.165621,0.165621,115200
1976-03-03,0.165621,0.165621,0.163786,0.163786,321600
1976-03-04,0.163786,0.165621,0.163786,0.163786,1368000
1976-03-05,0.163786,0.165621,0.163786,0.163786,436800
1976-03-08,0.163786,0.165621,0.161951,0.165621,758400
1976-03-09,0.165621,0.167456,0.165621,0.167456,715200
1976-03-10,0.167456,0.169291,0.167456,0.167456,201600
1976-03-11,0.167456,0.169291,0.165621,0.167456,302400
1976-03-12,0.167456,0.169292,0.167456,0.169292,240000
1976-03-15,0.169291,0.169291,0.167456,0.167456,124800
1976-03-16,0.167456,0.167456,0.165621,0.167456,187200
1976-03-17,0.167456,0.169291,0.167456,0.167456,86400
1976-03-18,0.169292,0.172503,0.169292,0.172503,139200
1976-03-19,0.172503,0.172503,0.170668,0.172503,124800
1976-03-22,0.172503,0.176173,0.172503,0.172503,974400
1976-03-23,0.172503,0.172503,0.170668,0.172503,542400
1976-03-24,0.172503,0.178008,0.172503,0.176173,412800
1976-03-25,0.176173,0.176173,0.174338,0.176173,220800
1976-03-26,0.176173,0.178008,0.176173,0.176173,148800
1976-03-29,0.178008,0.179843,0.178008,0.179843,364800
1976-03-30,0.179843,0.179843,0.178008,0.178008,38400
1976-03-31,0.178008,0.179843,0.178008,0.178008,216000
1976-04-01,0.178008,0.178008,0.176173,0.178008,254400
1976-04-02,0.178008,0.179843,0.178008,0.179843,403200
1976-04-05,0.179843,0.179843,0.178008,0.179843,235200
1976-04-06,0.179843,0.183055,0.178008,0.183055,835200
1976-04-07,0.183055,0.183055,0.181679,0.181679,355200
1976-04-08,0.181679,0.181679,0.179843,0.179843,321600
1976-04-09,0.179843,0.181679,0.179843,0.179843,302400
1976-04-12,0.179843,0.183055,0.179843,0.183055,532800
1976-04-13,0.183055,0.184890,0.181679,0.184890,110400
1976-04-14,0.184890,0.186725,0.184890,0.186725,268800
1976-04-15,0.186725,0.192231,0.184890,0.192231,340800
1976-04-19,0.192231,0.192231,0.192231,0.192231,475200
1976-04-20,0.192231,0.192231,0.190395,0.190395,384000
1976-04-21,0.190396,0.192231,0.190396,0.192231,720000
1976-04-22,0.192231,0.192231,0.190396,0.192231,139200
1976-04-23,0.192231,0.192231,0.190396,0.192231,235200
1976-04-26,0.192231,0.192231,0.192231,0.192231,547200
1976-04-27,0.192231,0.192231,0.190396,0.192231,571200
1976-04-28,0.192231,0.192231,0.190395,0.190395,124800
1976-04-29,0.190396,0.192231,0.190396,0.192231,475200
1976-04-30,0.192231,0.192231,0.192231,0.192231,81600
1976-05-03,0.193803,0.193803,0.191953,0.191953,96000
1976-05-04,0.191953,0.191953,0.190103,0.191953,369600
1976-05-05,0.191953,0.193803,0.191953,0.193803,331200
1976-05-06,0.191953,0.191953,0.190103,0.191953,945600
1976-05-07,0.191953,0.191953,0.190103,0.191953,196800
1976-05-10,0.191953,0.191953,0.190103,0.190103,67200
1976-05-11,0.190103,0.191953,0.190103,0.190103,225600
1976-05-12,0.190103,0.191953,0.190103,0.190103,100800
1976-05-13,0.190103,0.191953,0.190103,0.190103,144000
1976-05-14,0.190103,0.190103,0.190103,0.190103,28800
1976-05-17,0.190103,0.191953,0.190103,0.190103,24000
1976-05-18,0.190103,0.190103,0.190103,0.190103,72000
1976-05-19,0.190103,0.190103,0.188253,0.190103,148800
1976-05-20,0.190103,0.193803,0.190103,0.193803,240000
1976-05-21,0.193803,0.193803,0.191953,0.193803,124800
1976-05-24,0.193803,0.193803,0.190103,0.190103,120000
1976-05-25,0.190103,0.190103,0.188253,0.190103,993600
1976-05-26,0.190103,0.190103,0.190103,0.190103,441600
1976-05-27,0.190103,0.190103,0.190103,0.190103,192000
1976-05-28,0.190103,0.191953,0.190103,0.191953,115200
1976-06-01,0.191953,0.191953,0.191953,0.191953,67200
1976-06-02,0.191953,0.191953,0.190103,0.190103,753600
1976-06-03,0.190103,0.193803,0.190103,0.191953,340800
1976-06-04,0.191953,0.193803,0.191953,0.191953,129600
1976-06-07,0.191953,0.191953,0.190103,0.191953,345600
1976-06-08,0.191953,0.191953,0.191953,0.191953,96000
1976-06-09,0.191953,0.191953,0.191953,0.191953,38400
1976-06-10,0.191953,0.191953,0.190103,0.190103,470400
1976-06-11,0.190103,0.193803,0.190103,0.193803,292800
1976-06-14,0.191953,0.191953,0.190103,0.190103,48000
1976-06-15,0.190103,0.191953,0.188253,0.191953,432000
1976-06-16,0.191953,0.195191,0.190103,0.195191,1190400
1976-06-17,0.195191,0.195191,0.193803,0.193803,739200
1976-06-18,0.193803,0.195191,0.193803,0.195191,240000
1976-06-21,0.195191,0.195191,0.193803,0.193803,470400
1976-06-22,0.193803,0.195191,0.193803,0.193803,268800
1976-06-23,0.193803,0.195191,0.193803,0.193803,177600
1976-06-24,0.193803,0.195191,0.193803,0.193803,268800
1976-06-25,0.193803,0.193803,0.193803,0.193803,134400
1976-06-28,0.193803,0.193803,0.193803,0.193803,28800
1976-06-29,0.193803,0.193803,0.193803,0.193803,38400
1976-06-30,0.195191,0.198891,0.195191,0.197041,244800
1976-07-01,0.197041,0.198891,0.195191,0.197041,331200
1976-07-02,0.197041,0.198891,0.197041,0.197041,105600
1976-07-06,0.197041,0.198891,0.197041,0.198891,120000
1976-07-07,0.198891,0.198891,0.197041,0.197041,72000
1976-07-08,0.197041,0.197041,0.195191,0.195191,76800
1976-07-09,0.195191,0.197041,0.195191,0.197041,67200
1976-07-12,0.198891,0.198891,0.198891,0.198891,297600
1976-07-13,0.198891,0.198891,0.198891,0.198891,350400
1976-07-14,0.198891,0.198891,0.197041,0.198891,643200
1976-07-15,0.198891,0.198891,0.198891,0.198891,268800
1976-07-16,0.198891,0.198891,0.197041,0.197041,153600
1976-07-19,0.195191,0.195191,0.195191,0.195191,129600
1976-07-20,0.195191,0.195191,0.195191,0.195191,62400
1976-07-21,0.195191,0.195191,0.195191,0.195191,129600
1976-07-22,0.195191,0.195191,0.195191,0.195191,144000
1976-07-23,0.195191,0.197041,0.195191,0.197041,1152000
1976-07-26,0.197041,0.198891,0.197041,0.197041,19200
1976-07-27,0.198891,0.198891,0.198891,0.198891,86400
1976-07-28,0.198891,0.200741,0.198891,0.200741,259200
1976-07-29,0.200741,0.202592,0.198891,0.200741,480000
1976-07-30,0.200741,0.202591,0.198891,0.202591,350400
1976-08-02,0.202405,0.202405,0.200540,0.202405,230400
1976-08-03,0.202405,0.202405,0.200540,0.202405,360000
1976-08-04,0.202405,0.204270,0.202405,0.204270,163200
1976-08-05,0.204270,0.206136,0.202405,0.206136,1372800
1976-08-06,0.206136,0.206136,0.204270,0.204270,100800
1976-08-09,0.204270,0.206136,0.200539,0.206136,470400
1976-08-10,0.206136,0.206136,0.202405,0.204270,456000
1976-08-11,0.204270,0.204270,0.202405,0.204270,360000
1976-08-12,0.202405,0.202405,0.202405,0.202405,81600
1976-08-13,0.200539,0.200539,0.200539,0.200539,441600
1976-08-16,0.200540,0.200540,0.196809,0.196809,168000
1976-08-17,0.196808,0.196808,0.195409,0.195409,220800
1976-08-18,0.195409,0.195409,0.195409,0.195409,312000
1976-08-19,0.195409,0.196808,0.193544,0.195409,225600
1976-08-20,0.195409,0.196808,0.195409,0.195409,100800
1976-08-23,0.195409,0.196809,0.195409,0.196809,100800
1976-08-24,0.196808,0.196808,0.195409,0.195409,384000
1976-08-25,0.195409,0.195409,0.191678,0.193544,628800
1976-08-26,0.191678,0.191678,0.189813,0.189813,153600
1976-08-27,0.187947,0.187947,0.184683,0.184683,201600
1976-08-30,0.184683,0.184683,0.182817,0.182817,283200
1976-08-31,0.182817,0.186082,0.182817,0.184683,139200
1976-09-01,0.184683,0.187947,0.184683,0.187947,830400
1976-09-02,0.187947,0.193544,0.187947,0.191678,1382400
1976-09-03,0.191678,0.191678,0.189813,0.189813,139200
1976-09-07,0.193544,0.195409,0.193544,0.195409,192000
1976-09-08,0.196809,0.200540,0.196809,0.196809,1694400
1976-09-09,0.196808,0.196808,0.195409,0.195409,1886400
1976-09-10,0.195409,0.195409,0.195409,0.195409,81600
1976-09-13,0.195409,0.195409,0.193544,0.195409,120000
1976-09-14,0.195409,0.195409,0.195409,0.195409,100800
1976-09-15,0.195409,0.195409,0.193544,0.195409,100800
1976-09-16,0.195409,0.196808,0.193544,0.193544,240000
1976-09-17,0.195409,0.198674,0.195409,0.198674,1152000
1976-09-20,0.196809,0.196809,0.195409,0.196809,86400
1976-09-21,0.196808,0.196808,0.195409,0.195409,105600
1976-09-22,0.195409,0.196808,0.195409,0.195409,984000
1976-09-23,0.195409,0.196808,0.195409,0.195409,1248000
1976-09-24,0.195409,0.195409,0.195409,0.195409,105600
1976-09-27,0.195409,0.195409,0.193544,0.195409,350400
1976-09-28,0.195409,0.195409,0.189813,0.189813,273600
1976-09-29,0.189813,0.189813,0.187947,0.187947,96000
1976-09-30,0.187947,0.187947,0.186082,0.186082,120000
1976-10-01,0.186082,0.187947,0.186082,0.186082,326400
1976-10-04,0.186082,0.187947,0.186082,0.186082,52800
1976-10-05,0.187947,0.189813,0.187947,0.189813,297600
1976-10-06,0.189813,0.189813,0.187947,0.187947,52800
1976-10-07,0.187947,0.187947,0.184683,0.184683,216000
1976-10-08,0.186082,0.186082,0.186082,0.186082,105600
1976-10-11,0.186082,0.186082,0.186082,0.186082,62400
1976-10-12,0.184683,0.184683,0.184683,0.184683,96000
1976-10-13,0.184683,0.184683,0.182817,0.182817,326400
1976-10-14,0.182817,0.182817,0.179086,0.180952,614400
1976-10-15,0.180952,0.182817,0.180952,0.182817,201600
1976-10-18,0.184683,0.186082,0.184683,0.186082,1905600
1976-10-19,0.186082,0.187947,0.184683,0.186082,33600
1976-10-20,0.186082,0.186082,0.186082,0.186082,38400
1976-10-21,0.186082,0.187947,0.186082,0.187947,153600
1976-10-22,0.187947,0.187947,0.186082,0.186082,67200
1976-10-25,0.186082,0.186082,0.184683,0.186082,220800
1976-10-26,0.186082,0.186082,0.186082,0.186082,105600
1976-10-27,0.186082,0.186082,0.186082,0.186082,9600
1976-10-28,0.186082,0.187947,0.186082,0.186082,249600
1976-10-29,0.187776,0.187776,0.186364,0.187776,403200
1976-11-01,0.187776,0.187776,0.186364,0.187776,76800
1976-11-03,0.182600,0.182600,0.180717,0.180717,436800
1976-11-04,0.180717,0.186364,0.180717,0.186364,1171200
1976-11-05,0.186364,0.187776,0.184482,0.186364,153600
1976-11-08,0.186364,0.187776,0.182599,0.182599,129600
1976-11-09,0.182599,0.184482,0.180717,0.184482,1128000
1976-11-10,0.184482,0.184482,0.182599,0.182599,105600
1976-11-11,0.180717,0.180717,0.180717,0.180717,81600
1976-11-12,0.180717,0.182600,0.180717,0.180717,307200
1976-11-15,0.180717,0.180717,0.178834,0.178834,153600
1976-11-16,0.178834,0.180717,0.178834,0.178834,220800
1976-11-17,0.178834,0.178834,0.176952,0.176952,259200
1976-11-18,0.176952,0.176952,0.173658,0.176952,441600
1976-11-19,0.178834,0.178834,0.178834,0.178834,182400
1976-11-22,0.178834,0.182599,0.178834,0.182599,1084800
1976-11-23,0.182599,0.184482,0.182599,0.184482,523200
1976-11-24,0.184482,0.184482,0.182599,0.184482,374400
1976-11-26,0.184482,0.184482,0.182599,0.184482,1075200
1976-11-29,0.184482,0.186364,0.184482,0.186364,163200
1976-11-30,0.186364,0.186364,0.186364,0.186364,67200
1976-12-01,0.186364,0.191541,0.186364,0.187776,724800
1976-12-02,0.187776,0.189659,0.187776,0.189659,1032000
1976-12-03,0.189659,0.191541,0.189659,0.191541,211200
1976-12-06,0.191541,0.193424,0.189659,0.193424,288000
1976-12-07,0.193424,0.195306,0.191541,0.195306,595200
1976-12-08,0.195306,0.198600,0.195306,0.198600,172800
1976-12-09,0.198600,0.202365,0.197189,0.198600,288000
1976-12-10,0.198600,0.202365,0.198600,0.202365,355200
1976-12-13,0.202365,0.202365,0.202365,0.202365,302400
1976-12-14,0.202365,0.206130,0.202365,0.206130,283200
1976-12-15,0.206130,0.206130,0.202365,0.202365,456000
1976-12-16,0.202365,0.204248,0.202365,0.202365,336000
1976-12-17,0.202365,0.202365,0.198600,0.198600,470400
1976-12-20,0.198600,0.198600,0.197189,0.198600,340800
1976-12-21,0.200483,0.202365,0.200483,0.202365,705600
1976-12-22,0.202365,0.204248,0.202365,0.202365,1060800
1976-12-23,0.202365,0.204248,0.202365,0.204248,878400
1976-12-27,0.204248,0.206130,0.204248,0.206130,100800
1976-12-28,0.206130,0.208013,0.206130,0.208013,460800
1976-12-29,0.208013,0.209425,0.208013,0.209425,436800
1976-12-30,0.209424,0.211307,0.209424,0.211307,436800
1976-12-31,0.211307,0.215072,0.211307,0.215072,360000
1977-01-03,0.215072,0.215072,0.213190,0.213190,168000
1977-01-04,0.213190,0.215072,0.213190,0.213190,1747200
1977-01-05,0.213190,0.213190,0.209425,0.209425,158400
1977-01-06,0.209424,0.211307,0.209424,0.211307,350400
1977-01-07,0.211307,0.211307,0.209425,0.209425,105600
1977-01-10,0.209425,0.211307,0.209425,0.209425,192000
1977-01-11,0.209425,0.211307,0.209425,0.209425,1046400
1977-01-12,0.209424,0.211307,0.209424,0.211307,441600
1977-01-13,0.211307,0.211307,0.209424,0.211307,96000
1977-01-14,0.211307,0.211307,0.211307,0.211307,182400
1977-01-17,0.211307,0.211307,0.208013,0.208013,844800
1977-01-18,0.208013,0.208013,0.206130,0.206130,446400
1977-01-19,0.206130,0.206130,0.202365,0.202365,614400
1977-01-20,0.202365,0.204248,0.202365,0.202365,110400
1977-01-21,0.202365,0.204248,0.202365,0.202365,38400
1977-01-24,0.202365,0.202365,0.202365,0.202365,52800
1977-01-25,0.202365,0.206130,0.202365,0.206130,134400
1977-01-26,0.206130,0.208013,0.206130,0.206130,619200
1977-01-27,0.206130,0.206130,0.202365,0.202365,331200
1977-01-28,0.202365,0.202365,0.198600,0.198600,244800
1977-01-31,0.200424,0.200424,0.198999,0.200424,158400
1977-02-01,0.200424,0.202324,0.200424,0.200424,72000
1977-02-02,0.200424,0.204224,0.200424,0.200424,187200
1977-02-03,0.200424,0.200424,0.198999,0.198999,124800
1977-02-04,0.198999,0.200424,0.198999,0.198999,216000
1977-02-07,0.198999,0.200424,0.198999,0.198999,67200
1977-02-08,0.198999,0.198999,0.198999,0.198999,91200
1977-02-09,0.198999,0.198999,0.198999,0.198999,192000
1977-02-10,0.198999,0.198999,0.197100,0.197100,494400
1977-02-11,0.197100,0.198999,0.197100,0.198999,33600
1977-02-14,0.198999,0.198999,0.195200,0.195200,72000
1977-02-15,0.195200,0.197100,0.195200,0.195200,216000
1977-02-16,0.195200,0.197100,0.195200,0.195200,240000
1977-02-17,0.195200,0.195200,0.191400,0.191400,240000
1977-02-18,0.191400,0.191400,0.189501,0.189501,662400
1977-02-22,0.189501,0.191400,0.189501,0.189501,484800
1977-02-23,0.189501,0.191400,0.189501,0.189501,268800
1977-02-24,0.189501,0.191400,0.189501,0.191400,134400
1977-02-25,0.191400,0.191400,0.191400,0.191400,19200
1977-02-28,0.193300,0.193300,0.193300,0.193300,321600
1977-03-01,0.193300,0.193300,0.191400,0.193300,153600
1977-03-02,0.193300,0.193300,0.191400,0.193300,33600
1977-03-03,0.193300,0.197100,0.193300,0.195200,192000
1977-03-04,0.197100,0.198999,0.197100,0.197100,254400
1977-03-07,0.198999,0.198999,0.198999,0.198999,340800
1977-03-08,0.198999,0.198999,0.198999,0.198999,62400
1977-03-09,0.200424,0.200424,0.200424,0.200424,43200
1977-03-10,0.200424,0.200424,0.200424,0.200424,76800
1977-03-11,0.200424,0.200424,0.200424,0.200424,62400
1977-03-14,0.200424,0.200424,0.198999,0.198999,120000
1977-03-15,0.200424,0.202324,0.200424,0.202324,278400
1977-03-16,0.202324,0.202324,0.198999,0.200424,196800
1977-03-17,0.200424,0.202324,0.200424,0.200424,48000
1977-03-18,0.200424,0.202324,0.200424,0.202324,244800
1977-03-21,0.202324,0.204224,0.200424,0.200424,518400
1977-03-22,0.200424,0.200424,0.200424,0.200424,139200
1977-03-23,0.200424,0.200424,0.200424,0.200424,67200
1977-03-24,0.200424,0.200424,0.198999,0.198999,662400
1977-03-25,0.198999,0.198999,0.197100,0.198999,134400
1977-03-28,0.198999,0.198999,0.197100,0.197100,187200
1977-03-29,0.198999,0.198999,0.198999,0.198999,158400
1977-03-30,0.198999,0.198999,0.197100,0.198999,216000
1977-03-31,0.197100,0.197100,0.193300,0.195200,264000
1977-04-01,0.195200,0.195200,0.195200,0.195200,182400
1977-04-04,0.195200,0.197100,0.195200,0.195200,643200
1977-04-05,0.195200,0.198999,0.195200,0.198999,72000
1977-04-06,0.197100,0.197100,0.195200,0.195200,168000
1977-04-07,0.195200,0.197100,0.195200,0.195200,48000
1977-04-11,0.195200,0.195200,0.193300,0.193300,211200
1977-04-12,0.193300,0.197100,0.193300,0.195200,364800
1977-04-13,0.195200,0.195200,0.193300,0.195200,729600
1977-04-14,0.195200,0.195200,0.193300,0.193300,326400
1977-04-15,0.193300,0.195200,0.193300,0.195200,91200
1977-04-18,0.195200,0.195200,0.193300,0.195200,470400
1977-04-19,0.195200,0.195200,0.195200,0.195200,52800
1977-04-20,0.195200,0.195200,0.193300,0.193300,336000
1977-04-21,0.193300,0.195200,0.193300,0.195200,139200
1977-04-22,0.195200,0.195200,0.193300,0.193300,384000
1977-04-25,0.193300,0.193300,0.193300,0.193300,244800
1977-04-26,0.193300,0.193300,0.191400,0.193300,72000
1977-04-27,0.193300,0.193300,0.193300,0.193300,806400
1977-04-28,0.193300,0.193300,0.193300,0.193300,292800
1977-04-29,0.193300,0.193300,0.191400,0.193300,196800
1977-05-02,0.195141,0.195141,0.193223,0.193223,748800
1977-05-03,0.193223,0.195141,0.193223,0.195141,772800
1977-05-04,0.195141,0.197059,0.195141,0.197059,739200
1977-05-05,0.195141,0.195141,0.195141,0.195141,312000
1977-05-06,0.195141,0.197059,0.195141,0.197059,129600
1977-05-09,0.197059,0.197059,0.197059,0.197059,278400
1977-05-10,0.197059,0.197059,0.197059,0.197059,148800
1977-05-11,0.197059,0.197059,0.197059,0.197059,24000
1977-05-12,0.197059,0.197059,0.195141,0.195141,148800
1977-05-13,0.195141,0.197059,0.195141,0.197059,38400
1977-05-16,0.197059,0.197059,0.195141,0.197059,62400
1977-05-17,0.197059,0.197059,0.197059,0.197059,345600
1977-05-18,0.197059,0.197059,0.197059,0.197059,153600
1977-05-19,0.197059,0.197059,0.197059,0.197059,86400
1977-05-20,0.197059,0.197059,0.195141,0.197059,254400
1977-05-23,0.197059,0.197059,0.195141,0.195141,1228800
1977-05-24,0.195141,0.195141,0.193223,0.193223,484800
1977-05-25,0.193223,0.195141,0.191306,0.191306,542400
1977-05-26,0.191306,0.193223,0.191306,0.193223,33600
1977-05-27,0.193223,0.193223,0.191306,0.191306,134400
1977-05-31,0.191306,0.191306,0.187949,0.189867,465600
1977-06-01,0.189867,0.189867,0.187949,0.189867,110400
1977-06-02,0.189867,0.189867,0.187949,0.187949,422400
1977-06-03,0.187949,0.187949,0.187949,0.187949,43200
1977-06-06,0.187949,0.189867,0.187949,0.189867,38400
1977-06-07,0.189867,0.189867,0.187949,0.187949,350400
1977-06-08,0.187949,0.191306,0.187949,0.189867,379200
1977-06-09,0.189867,0.191306,0.189867,0.191306,206400
1977-06-10,0.191306,0.193223,0.191306,0.191306,672000
1977-06-13,0.191306,0.193223,0.191306,0.191306,120000
1977-06-14,0.191306,0.193223,0.191306,0.193223,33600
1977-06-15,0.193223,0.193223,0.193223,0.193223,24000
1977-06-16,0.193223,0.193223,0.191306,0.193223,187200
1977-06-17,0.193223,0.193223,0.191306,0.193223,110400
1977-06-20,0.191785,0.191785,0.187949,0.189867,350400
1977-06-21,0.189867,0.189867,0.184114,0.184114,1382400
1977-06-22,0.184114,0.184114,0.180278,0.180278,360000
1977-06-23,0.180278,0.184114,0.178360,0.180278,1077600
1977-06-24,0.182196,0.184114,0.182196,0.182196,16800
1977-06-27,0.182196,0.184114,0.182196,0.184114,38400
1977-06-28,0.184114,0.184114,0.180278,0.180278,79200
1977-06-29,0.180278,0.182196,0.180278,0.182196,357600
1977-06-30,0.182196,0.186031,0.182196,0.186031,595200
1977-07-01,0.186032,0.189867,0.184114,0.189867,319200
1977-07-05,0.189867,0.189867,0.187949,0.187949,230400
1977-07-06,0.186032,0.186032,0.182196,0.184114,664800
1977-07-07,0.184114,0.186031,0.184114,0.186031,1533600
1977-07-08,0.186031,0.186031,0.186031,0.186031,72000
1977-07-11,0.186031,0.187949,0.184114,0.187949,105600
1977-07-12,0.187949,0.187949,0.186031,0.187949,760800
1977-07-13,0.187949,0.191785,0.187949,0.191785,744000
1977-07-15,0.191785,0.193703,0.187949,0.191785,343200
1977-07-18,0.191785,0.193703,0.189867,0.189867,297600
1977-07-19,0.189867,0.191785,0.187949,0.191785,148800
1977-07-20,0.191785,0.191785,0.189867,0.191785,194400
1977-07-21,0.191785,0.191785,0.189867,0.189867,468000
1977-07-22,0.189867,0.189867,0.189867,0.189867,84000
1977-07-25,0.189867,0.189867,0.187949,0.189867,48000
1977-07-26,0.189867,0.189867,0.186031,0.186031,64800
1977-07-27,0.186031,0.186031,0.186031,0.186031,0
1977-07-28,0.184114,0.184114,0.182196,0.182196,96000
1977-07-29,0.182196,0.186032,0.182196,0.184114,105600
1977-08-01,0.185973,0.189848,0.185973,0.189848,237600
1977-08-02,0.187911,0.187911,0.185973,0.187911,247200
1977-08-03,0.187911,0.189848,0.187911,0.187911,79200
1977-08-04,0.187911,0.193722,0.187911,0.193722,460800
1977-08-05,0.195660,0.197597,0.195660,0.195660,48000
1977-08-08,0.195659,0.195659,0.193722,0.193722,374400
1977-08-09,0.193722,0.193722,0.189848,0.193722,208800
1977-08-10,0.193722,0.193722,0.189848,0.193722,144000
1977-08-11,0.191785,0.191785,0.189848,0.189848,127200
1977-08-12,0.187911,0.187911,0.185973,0.187911,506400
1977-08-15,0.189848,0.191785,0.189848,0.191785,249600
1977-08-16,0.189848,0.189848,0.184036,0.187911,856800
1977-08-17,0.187911,0.187911,0.187911,0.187911,21600
1977-08-18,0.187911,0.187911,0.187911,0.187911,96000
1977-08-19,0.187911,0.189848,0.187911,0.189848,307200
1977-08-22,0.187911,0.187911,0.187911,0.187911,19200
1977-08-23,0.187911,0.193722,0.187911,0.193722,292800
1977-08-24,0.191785,0.191785,0.191785,0.191785,9600
1977-08-25,0.191785,0.193722,0.189848,0.189848,314400
1977-08-26,0.187911,0.187911,0.187911,0.187911,24000
1977-08-29,0.187911,0.187911,0.187911,0.187911,26400
1977-08-30,0.187911,0.187911,0.187911,0.187911,139200
1977-08-31,0.187911,0.189848,0.184036,0.187911,136800
1977-09-01,0.187911,0.187911,0.184036,0.185973,1003200
1977-09-02,0.185973,0.185973,0.182099,0.184036,91200
1977-09-06,0.184036,0.185973,0.182099,0.185973,98400
1977-09-07,0.185973,0.185973,0.184036,0.184036,98400
1977-09-08,0.184036,0.185973,0.182099,0.182099,112800
1977-09-09,0.182099,0.182099,0.178224,0.178224,48000
1977-09-12,0.178224,0.182099,0.178224,0.178224,45600
1977-09-13,0.182099,0.184036,0.182099,0.182099,357600
1977-09-14,0.182099,0.184036,0.178224,0.184036,2949600
1977-09-15,0.184036,0.184036,0.182099,0.182099,50400
1977-09-16,0.182099,0.182099,0.182099,0.182099,69600
1977-09-19,0.182099,0.182099,0.178224,0.180162,516000
1977-09-20,0.180162,0.180162,0.176287,0.178224,60000
1977-09-21,0.178224,0.180162,0.178224,0.178224,79200
1977-09-22,0.178224,0.180162,0.178224,0.178224,357600
1977-09-23,0.178224,0.178224,0.176287,0.176287,60000
1977-09-26,0.176287,0.180162,0.176287,0.178224,163200
1977-09-27,0.178224,0.180162,0.178224,0.178224,261600
1977-09-28,0.178224,0.178224,0.178224,0.178224,136800
1977-09-29,0.178224,0.182099,0.178224,0.180162,199200
1977-09-30,0.180162,0.185973,0.180162,0.185973,96000
1977-10-03,0.185973,0.187911,0.184036,0.187911,192000
1977-10-04,0.189848,0.189848,0.189848,0.189848,204000
1977-10-05,0.189848,0.191785,0.184036,0.184036,129600
1977-10-06,0.184036,0.187911,0.184036,0.187911,1368000
1977-10-07,0.187911,0.189848,0.185973,0.187911,52800
1977-10-10,0.187911,0.187911,0.187911,0.187911,38400
1977-10-11,0.189848,0.189848,0.189848,0.189848,55200
1977-10-12,0.187911,0.187911,0.185973,0.187911,189600
1977-10-13,0.187911,0.191785,0.185973,0.185973,213600
1977-10-14,0.185973,0.185973,0.184036,0.185973,60000
1977-10-17,0.185973,0.185973,0.182099,0.182099,480000
1977-10-18,0.182099,0.182099,0.182099,0.182099,19200
1977-10-19,0.182099,0.184036,0.182099,0.182099,295200
1977-10-20,0.182099,0.184036,0.182099,0.182099,484800
1977-10-21,0.184036,0.185973,0.184036,0.185973,434400
1977-10-24,0.185973,0.187911,0.185973,0.185973,84000
1977-10-25,0.185973,0.187911,0.182099,0.187911,124800
1977-10-26,0.185973,0.185973,0.182099,0.182099,254400
1977-10-27,0.182099,0.182099,0.178224,0.178224,81600
1977-10-28,0.178224,0.182099,0.176287,0.178224,285600
1977-10-31,0.178303,0.178303,0.173404,0.175364,151200
1977-11-01,0.173404,0.173404,0.167526,0.171445,324000
1977-11-02,0.171445,0.173404,0.171445,0.173404,96000
1977-11-03,0.173404,0.176343,0.173404,0.175364,62400
1977-11-04,0.176343,0.180262,0.176343,0.180262,74400
1977-11-07,0.180262,0.184181,0.180262,0.184181,91200
1977-11-08,0.184181,0.184181,0.182221,0.184181,276000
1977-11-09,0.184181,0.188100,0.184181,0.188100,405600
1977-11-10,0.188100,0.192018,0.188100,0.192018,465600
1977-11-11,0.193978,0.197897,0.193978,0.197897,499200
1977-11-14,0.195937,0.195937,0.192018,0.192018,213600
1977-11-15,0.193978,0.195937,0.193978,0.195937,151200
1977-11-16,0.193978,0.193978,0.192018,0.192018,36000
1977-11-17,0.192018,0.192018,0.190059,0.190059,108000
1977-11-18,0.190059,0.190059,0.188100,0.188100,88800
1977-11-21,0.188100,0.192018,0.186140,0.192018,1015200
1977-11-22,0.192018,0.192018,0.188100,0.188100,50400
1977-11-23,0.188100,0.190059,0.188100,0.190059,312000
1977-11-25,0.190059,0.193978,0.188100,0.193978,86400
1977-11-28,0.193978,0.195937,0.192018,0.195937,103200
1977-11-29,0.195937,0.195937,0.195937,0.195937,93600
1977-11-30,0.195937,0.195937,0.193978,0.193978,120000
1977-12-01,0.193978,0.195937,0.192018,0.195937,280800
1977-12-02,0.195937,0.197896,0.192018,0.192018,122400
1977-12-05,0.192018,0.195937,0.192018,0.193978,494400
1977-12-06,0.192018,0.192018,0.188100,0.188100,36000
1977-12-07,0.188100,0.188100,0.180262,0.180262,153600
1977-12-08,0.180262,0.184181,0.180262,0.184181,211200
1977-12-09,0.186140,0.190059,0.186140,0.188100,331200
1977-12-12,0.188100,0.188100,0.188100,0.188100,117600
1977-12-13,0.190059,0.192018,0.190059,0.190059,535200
1977-12-14,0.190059,0.190059,0.184181,0.188100,544800
1977-12-15,0.188099,0.188099,0.186140,0.186140,592800
1977-12-16,0.186140,0.188100,0.184181,0.184181,31200
1977-12-19,0.184181,0.184181,0.178303,0.178303,376800
1977-12-20,0.178303,0.178303,0.176343,0.176343,448800
1977-12-21,0.176343,0.180262,0.176343,0.180262,427200
1977-12-22,0.180262,0.184181,0.180262,0.184181,170400
1977-12-23,0.184181,0.188099,0.184181,0.186140,753600
1977-12-27,0.186140,0.186140,0.186140,0.186140,36000
1977-12-28,0.186140,0.186140,0.184181,0.184181,139200
1977-12-29,0.184181,0.188100,0.184181,0.184181,801600
1977-12-30,0.184181,0.188099,0.182221,0.182221,153600
1978-01-03,0.182221,0.186140,0.182221,0.184181,96000
1978-01-04,0.184181,0.184181,0.178303,0.178303,352800
1978-01-05,0.178303,0.180262,0.178303,0.178303,134400
1978-01-06,0.176343,0.176343,0.173404,0.173404,549600
1978-01-09,0.173404,0.173404,0.169486,0.171445,520800
1978-01-10,0.171445,0.173404,0.169486,0.169486,972000
1978-01-11,0.169486,0.171445,0.169486,0.171445,2061600
1978-01-12,0.171445,0.173404,0.171445,0.171445,600000
1978-01-13,0.171445,0.173404,0.171445,0.173404,81600
1978-01-16,0.173404,0.173404,0.171445,0.171445,441600
1978-01-17,0.171445,0.175364,0.169486,0.175364,141600
1978-01-18,0.175364,0.175364,0.173404,0.173404,597600
1978-01-19,0.173404,0.176343,0.173404,0.173404,91200
1978-01-20,0.173404,0.173404,0.173404,0.173404,50400
1978-01-23,0.173404,0.173404,0.171445,0.173404,180000
1978-01-24,0.173404,0.173404,0.171445,0.173404,28800
1978-01-25,0.173404,0.173404,0.169486,0.171445,180000
1978-01-26,0.173404,0.173404,0.173404,0.173404,405600
1978-01-27,0.171445,0.171445,0.169486,0.169486,645600
1978-01-30,0.171548,0.171548,0.167582,0.169565,88800
1978-01-31,0.169565,0.171548,0.169565,0.171548,734400
1978-02-01,0.175514,0.178489,0.175514,0.177498,336000
1978-02-02,0.177498,0.178489,0.175514,0.175514,264000
1978-02-03,0.175514,0.178489,0.175514,0.177498,86400
1978-02-06,0.177498,0.177498,0.175514,0.177498,254400
1978-02-07,0.177498,0.178489,0.177498,0.177498,158400
1978-02-08,0.177498,0.180473,0.177498,0.180473,312000
1978-02-09,0.180473,0.182456,0.178489,0.178489,196800
1978-02-10,0.178489,0.180473,0.178489,0.178489,91200
1978-02-13,0.178489,0.180473,0.178489,0.180473,175200
1978-02-14,0.180473,0.180473,0.178489,0.178489,28800
1978-02-15,0.178489,0.180473,0.178489,0.180473,182400
1978-02-16,0.178489,0.178489,0.178489,0.178489,314400
1978-02-17,0.178489,0.178489,0.177498,0.178489,422400
1978-02-21,0.178489,0.178489,0.175514,0.175514,513600
1978-02-22,0.175514,0.177498,0.175514,0.177498,98400
1978-02-23,0.177498,0.177498,0.175514,0.177498,547200
1978-02-24,0.177498,0.177498,0.175514,0.177498,943200
1978-02-27,0.177498,0.177498,0.177498,0.177498,151200
1978-02-28,0.175514,0.175514,0.173531,0.173531,446400
1978-03-01,0.173531,0.175514,0.171548,0.173531,434400
1978-03-02,0.173531,0.173531,0.171548,0.173531,333600
1978-03-03,0.173531,0.177498,0.173531,0.173531,220800
1978-03-06,0.173531,0.177498,0.173531,0.175514,124800
1978-03-07,0.175514,0.175514,0.173531,0.173531,182400
1978-03-08,0.173531,0.173531,0.173531,0.173531,31200
1978-03-09,0.173531,0.173531,0.173531,0.173531,52800
1978-03-10,0.173531,0.177498,0.173531,0.173531,434400
1978-03-13,0.175514,0.177498,0.175514,0.177498,787200
1978-03-14,0.177498,0.177498,0.175514,0.177498,100800
1978-03-15,0.177498,0.177498,0.175514,0.175514,1591200
1978-03-16,0.175514,0.177498,0.175514,0.175514,259200
1978-03-17,0.175514,0.177498,0.175514,0.177498,148800
1978-03-20,0.177498,0.178489,0.175514,0.177498,40800
1978-03-21,0.177498,0.177498,0.175514,0.177498,460800
1978-03-22,0.175514,0.175514,0.173531,0.175514,374400
1978-03-23,0.175514,0.175514,0.173531,0.175514,448800
1978-03-27,0.175514,0.175514,0.173531,0.175514,86400
1978-03-28,0.175514,0.175514,0.171548,0.173531,384000
1978-03-29,0.175514,0.175514,0.175514,0.175514,105600
1978-03-30,0.175514,0.175514,0.173531,0.175514,254400
1978-03-31,0.175514,0.177498,0.175514,0.177498,400800
1978-04-03,0.175514,0.175514,0.173531,0.173531,304800
1978-04-04,0.173531,0.173531,0.169565,0.169565,710400
1978-04-05,0.171548,0.173531,0.171548,0.173531,628800
1978-04-06,0.173531,0.177498,0.173531,0.175514,1132800
1978-04-07,0.177498,0.178489,0.177498,0.178489,904800
1978-04-10,0.178489,0.180473,0.178489,0.178489,2956800
1978-04-11,0.178489,0.178489,0.177498,0.177498,1228800
1978-04-12,0.177498,0.180473,0.177498,0.180473,612000
1978-04-13,0.180473,0.190389,0.180473,0.190389,957600
1978-04-14,0.194355,0.200305,0.194355,0.196338,1876800
1978-04-17,0.196338,0.196338,0.190389,0.192372,825600
1978-04-18,0.192372,0.192372,0.188405,0.188405,417600
1978-04-19,0.188405,0.190388,0.184439,0.186422,112800
1978-04-20,0.190389,0.192372,0.190389,0.192372,523200
1978-04-21,0.194355,0.196338,0.194355,0.196338,372000
1978-04-24,0.196338,0.202288,0.196338,0.198321,698400
1978-04-25,0.202288,0.203279,0.202288,0.202288,523200
1978-04-26,0.202288,0.202288,0.200305,0.202288,374400
1978-04-27,0.202288,0.202288,0.198322,0.200305,720000
1978-04-28,0.200305,0.202288,0.200305,0.202288,62400
1978-05-01,0.204372,0.205373,0.204372,0.204372,276000
1978-05-02,0.204372,0.205373,0.202368,0.204372,674400
1978-05-03,0.204372,0.204372,0.202368,0.202368,132000
1978-05-04,0.202368,0.202368,0.198361,0.200364,398400
1978-05-05,0.202368,0.205373,0.202368,0.205373,494400
1978-05-08,0.205373,0.209381,0.205373,0.207377,31200
1978-05-09,0.207377,0.209381,0.205373,0.209381,110400
1978-05-10,0.207377,0.207377,0.205373,0.205373,206400
1978-05-11,0.205373,0.209381,0.205373,0.209381,79200
1978-05-12,0.211384,0.215392,0.211384,0.215392,871200
1978-05-15,0.215392,0.219399,0.215392,0.217395,1087200
1978-05-16,0.217395,0.221403,0.215392,0.221403,1596000
1978-05-17,0.221403,0.225410,0.219399,0.223406,1015200
1978-05-18,0.223406,0.225410,0.219399,0.219399,237600
1978-05-19,0.219399,0.221403,0.211384,0.215392,158400
1978-05-22,0.215392,0.219399,0.209381,0.209381,456000
1978-05-23,0.209381,0.211384,0.209381,0.209381,67200
1978-05-24,0.209381,0.209381,0.204372,0.204372,103200
1978-05-25,0.204372,0.205373,0.200364,0.204372,324000
1978-05-26,0.204372,0.205373,0.200364,0.205373,338400
1978-05-30,0.205373,0.205373,0.204372,0.205373,276000
1978-05-31,0.205373,0.205373,0.204372,0.204372,278400
1978-06-01,0.205373,0.211384,0.205373,0.209381,540000
1978-06-02,0.211384,0.215392,0.211384,0.215392,216000
1978-06-05,0.215392,0.217395,0.213388,0.217395,297600
1978-06-06,0.219399,0.223406,0.219399,0.223406,770400
1978-06-07,0.223406,0.223406,0.221403,0.221403,326400
1978-06-08,0.221403,0.221403,0.221403,0.221403,160800
1978-06-09,0.219399,0.219399,0.213388,0.213388,223200
1978-06-12,0.211384,0.211384,0.209381,0.209381,148800
1978-06-13,0.209381,0.209381,0.209381,0.209381,14400
1978-06-14,0.209381,0.209381,0.202368,0.204372,1908000
1978-06-15,0.202368,0.202368,0.202368,0.202368,127200
1978-06-16,0.202368,0.204372,0.200364,0.202368,105600
1978-06-19,0.202368,0.202368,0.198361,0.198361,324000
1978-06-20,0.198361,0.200364,0.194353,0.194353,333600
1978-06-21,0.194353,0.194353,0.190346,0.190346,115200
1978-06-22,0.190346,0.194354,0.188343,0.192350,660000
1978-06-23,0.194353,0.198361,0.194353,0.198361,379200
1978-06-26,0.198361,0.198361,0.194353,0.196357,381600
1978-06-27,0.196357,0.198361,0.196357,0.198361,57600
1978-06-28,0.198361,0.200364,0.196357,0.200364,103200
1978-06-29,0.200364,0.202368,0.200364,0.200364,518400
1978-06-30,0.200364,0.202368,0.200364,0.200364,201600
1978-07-03,0.200364,0.200364,0.200364,0.200364,355200
1978-07-05,0.198361,0.198361,0.196357,0.198361,7200
1978-07-06,0.196357,0.196357,0.190346,0.190346,242400
1978-07-07,0.190346,0.192350,0.188343,0.192350,218400
1978-07-10,0.192350,0.194353,0.192350,0.194353,508800
1978-07-11,0.194354,0.194354,0.192350,0.192350,45600
1978-07-12,0.192350,0.194354,0.192350,0.192350,86400
1978-07-13,0.192350,0.194354,0.188343,0.192350,324000
1978-07-14,0.192350,0.196357,0.190346,0.196357,600000
1978-07-17,0.196357,0.198361,0.194353,0.198361,537600
1978-07-18,0.198361,0.198361,0.196357,0.198361,220800
1978-07-19,0.198361,0.202368,0.196357,0.200364,451200
1978-07-20,0.200364,0.202368,0.198361,0.202368,777600
1978-07-21,0.202368,0.202368,0.198361,0.198361,1056000
1978-07-24,0.198361,0.198361,0.194353,0.194353,196800
1978-07-25,0.194354,0.196357,0.190346,0.192350,588000
1978-07-26,0.192350,0.196357,0.192350,0.196357,921600
1978-07-27,0.196357,0.200364,0.196357,0.198361,285600
1978-07-28,0.198361,0.200364,0.194353,0.194353,192000
1978-07-31,0.196706,0.200761,0.196706,0.200761,436800
1978-08-01,0.200761,0.202789,0.200761,0.200761,600000
1978-08-02,0.200761,0.200761,0.200761,0.200761,624000
1978-08-03,0.200761,0.204817,0.200761,0.200761,698400
1978-08-04,0.202789,0.206845,0.202789,0.206845,1327200
1978-08-07,0.206845,0.213943,0.204817,0.211915,736800
1978-08-08,0.211915,0.211915,0.209887,0.211915,451200
1978-08-09,0.211915,0.217999,0.211915,0.213943,926400
1978-08-10,0.213943,0.222054,0.213943,0.217999,127200
1978-08-11,0.217999,0.217999,0.213943,0.217999,278400
1978-08-14,0.217999,0.217999,0.217999,0.217999,367200
1978-08-15,0.217999,0.220026,0.215971,0.215971,350400
1978-08-16,0.217999,0.217999,0.217999,0.217999,177600
1978-08-17,0.217999,0.222054,0.213943,0.213943,336000
1978-08-18,0.217999,0.217999,0.217999,0.217999,232800
1978-08-21,0.217999,0.222054,0.217999,0.217999,160800
1978-08-22,0.217999,0.217999,0.211915,0.213943,1855200
1978-08-23,0.211915,0.211915,0.207859,0.211915,686400
1978-08-24,0.211915,0.213943,0.209887,0.211915,139200
1978-08-25,0.211915,0.211915,0.209887,0.209887,189600
1978-08-28,0.209887,0.211915,0.207859,0.211915,1370400
1978-08-29,0.211915,0.211915,0.206845,0.209887,429600
1978-08-30,0.209887,0.217999,0.207859,0.217999,408000
1978-08-31,0.215971,0.215971,0.213943,0.215971,108000
1978-09-01,0.215971,0.217999,0.213943,0.217999,86400
1978-09-05,0.217999,0.217999,0.217999,0.217999,1250400
1978-09-06,0.220026,0.224082,0.220026,0.224082,343200
1978-09-07,0.224082,0.228138,0.224082,0.224082,235200
1978-09-08,0.224082,0.228138,0.224082,0.224082,220800
1978-09-11,0.226110,0.228138,0.226110,0.228138,141600
1978-09-12,0.230166,0.231180,0.230166,0.230166,60000
1978-09-13,0.230166,0.233208,0.230166,0.230166,549600
1978-09-14,0.230166,0.231180,0.228138,0.228138,98400
1978-09-15,0.226110,0.226110,0.224082,0.224082,136800
1978-09-18,0.226110,0.226110,0.226110,0.226110,84000
1978-09-19,0.226110,0.226110,0.224082,0.224082,158400
1978-09-20,0.224082,0.226110,0.222054,0.226110,206400
1978-09-21,0.224082,0.224082,0.220026,0.222054,333600
1978-09-22,0.222054,0.222054,0.217999,0.217999,513600
1978-09-25,0.217999,0.217999,0.217999,0.217999,501600
1978-09-26,0.222054,0.228138,0.222054,0.228138,357600
1978-09-27,0.226110,0.226110,0.224082,0.224082,1200000
1978-09-28,0.217999,0.217999,0.217999,0.217999,1982400
1978-09-29,0.217999,0.217999,0.217999,0.217999,129600
1978-10-02,0.217999,0.217999,0.211915,0.213943,199200
1978-10-03,0.213943,0.217999,0.213943,0.217999,57600
1978-10-04,0.217999,0.217999,0.213943,0.213943,201600
1978-10-05,0.215971,0.217999,0.215971,0.215971,115200
1978-10-06,0.215971,0.217999,0.211915,0.215971,295200
1978-10-09,0.215971,0.217998,0.211915,0.211915,312000
1978-10-10,0.211915,0.213943,0.211915,0.211915,60000
1978-10-11,0.211915,0.213943,0.211915,0.213943,273600
1978-10-12,0.213943,0.217999,0.213943,0.215971,3664800
1978-10-13,0.215971,0.217999,0.215971,0.217999,348000
1978-10-16,0.215971,0.215971,0.211915,0.211915,513600
1978-10-17,0.211915,0.211915,0.206845,0.207859,556800
1978-10-18,0.207859,0.207859,0.202789,0.204817,283200
1978-10-19,0.204817,0.206845,0.204817,0.204817,472800
1978-10-20,0.204817,0.206845,0.202789,0.202789,288000
1978-10-23,0.202789,0.204817,0.202789,0.202789,76800
1978-10-24,0.204817,0.206845,0.204817,0.206845,57600
1978-10-25,0.206845,0.207859,0.204817,0.204817,842400
1978-10-26,0.206845,0.206845,0.206845,0.206845,638400
1978-10-27,0.206845,0.206845,0.204817,0.206845,211200
1978-10-30,0.207173,0.207173,0.205122,0.207173,393600
1978-10-31,0.209224,0.210250,0.209224,0.209224,160800
1978-11-01,0.209224,0.216404,0.209224,0.209224,616800
1978-11-02,0.209224,0.210250,0.207173,0.210250,388800
1978-11-03,0.210250,0.210250,0.207173,0.207173,554400
1978-11-06,0.207173,0.210250,0.207173,0.207173,110400
1978-11-07,0.207173,0.209225,0.207173,0.207173,367200
1978-11-08,0.207173,0.207173,0.207173,0.207173,127200
1978-11-09,0.207173,0.207173,0.207173,0.207173,295200
1978-11-10,0.207173,0.210250,0.205122,0.210250,432000
1978-11-13,0.210250,0.212301,0.209224,0.209224,81600
1978-11-14,0.207173,0.207173,0.207173,0.207173,2436000
1978-11-15,0.207173,0.207173,0.205122,0.205122,475200
1978-11-16,0.205122,0.207173,0.205122,0.205122,244800
1978-11-17,0.205122,0.207173,0.203071,0.205122,408000
1978-11-20,0.205122,0.205122,0.201020,0.203071,223200
1978-11-21,0.203071,0.203071,0.201020,0.201020,796800
1978-11-22,0.203071,0.203071,0.203071,0.203071,729600
1978-11-24,0.203071,0.203071,0.203071,0.203071,158400
1978-11-27,0.203071,0.205122,0.201020,0.201020,288000
1978-11-28,0.203071,0.205122,0.203071,0.203071,184800
1978-11-29,0.203071,0.203071,0.198968,0.198968,552000
1978-11-30,0.198968,0.201020,0.198968,0.198968,115200
1978-12-01,0.201020,0.201020,0.201020,0.201020,60000
1978-12-04,0.201019,0.205122,0.201019,0.205122,213600
1978-12-05,0.205122,0.205122,0.203071,0.205122,213600
1978-12-06,0.205122,0.205122,0.203071,0.203071,441600
1978-12-07,0.203071,0.205122,0.203071,0.203071,55200
1978-12-08,0.203071,0.205122,0.203071,0.203071,216000
1978-12-11,0.203071,0.203071,0.201020,0.201020,19200
1978-12-12,0.201020,0.203071,0.201020,0.201020,124800
1978-12-13,0.205122,0.205122,0.205122,0.205122,415200
1978-12-14,0.203071,0.203071,0.203071,0.203071,110400
1978-12-15,0.203071,0.203071,0.201020,0.201020,151200
1978-12-18,0.201020,0.201020,0.198968,0.201020,172800
1978-12-19,0.201020,0.203071,0.201020,0.203071,33600
1978-12-20,0.203071,0.203071,0.201020,0.201020,720000
1978-12-21,0.203071,0.205122,0.203071,0.205122,477600
1978-12-22,0.205122,0.207173,0.203071,0.207173,141600
1978-12-26,0.207173,0.207173,0.205122,0.207173,319200
1978-12-27,0.207173,0.207173,0.205122,0.207173,928800
1978-12-28,0.207173,0.207173,0.207173,0.207173,91200
1978-12-29,0.207173,0.207173,0.205122,0.207173,199200
1979-01-02,0.207173,0.207173,0.205122,0.207173,201600
1979-01-03,0.209224,0.214353,0.209224,0.210250,508800
1979-01-04,0.210250,0.220506,0.210250,0.218455,408000
1979-01-05,0.218455,0.228711,0.218455,0.226660,249600
1979-01-08,0.226660,0.228711,0.226660,0.226660,547200
1979-01-09,0.226660,0.226660,0.224608,0.226660,146400
1979-01-10,0.226660,0.226660,0.220506,0.220506,285600
1979-01-11,0.220506,0.224609,0.220506,0.224609,225600
1979-01-12,0.224609,0.226660,0.220506,0.220506,660000
1979-01-15,0.224609,0.226660,0.224609,0.224609,376800
1979-01-16,0.224609,0.226660,0.224609,0.224609,201600
1979-01-17,0.222557,0.222557,0.220506,0.222557,259200
1979-01-18,0.220506,0.220506,0.220506,0.220506,309600
1979-01-19,0.216404,0.216404,0.214353,0.216404,273600
1979-01-22,0.216404,0.220506,0.216404,0.220506,427200
1979-01-23,0.218455,0.218455,0.216404,0.218455,640800
1979-01-24,0.218455,0.220506,0.218455,0.220506,458400
1979-01-25,0.220506,0.224609,0.220506,0.220506,237600
1979-01-26,0.220506,0.220506,0.218455,0.218455,60000
1979-01-29,0.220861,0.222934,0.218787,0.220861,225600
1979-01-30,0.220861,0.220861,0.216713,0.218787,662400
1979-01-31,0.218787,0.218787,0.209455,0.209455,1276800
1979-02-01,0.207381,0.207381,0.205307,0.207381,374400
1979-02-02,0.207381,0.207381,0.205307,0.205307,381600
1979-02-05,0.205307,0.207381,0.203233,0.207381,1051200
1979-02-06,0.207381,0.207381,0.203233,0.205307,487200
1979-02-07,0.203233,0.203233,0.201159,0.201159,544800
1979-02-08,0.201159,0.205307,0.201159,0.203233,100800
1979-02-09,0.203233,0.203233,0.203233,0.203233,297600
1979-02-12,0.203233,0.203233,0.201159,0.201159,52800
1979-02-13,0.201159,0.201159,0.201159,0.201159,55200
1979-02-14,0.201159,0.203233,0.201159,0.203233,660000
1979-02-15,0.203233,0.203233,0.199086,0.203233,424800
1979-02-16,0.203233,0.203233,0.201159,0.201159,235200
1979-02-20,0.201159,0.203233,0.201159,0.203233,160800
1979-02-21,0.203233,0.203233,0.201159,0.201159,108000
1979-02-22,0.201159,0.201159,0.199086,0.199086,429600
1979-02-23,0.199086,0.199086,0.197012,0.199086,100800
1979-02-26,0.199085,0.201159,0.197012,0.197012,309600
1979-02-27,0.197012,0.197012,0.194938,0.194938,235200
1979-02-28,0.194938,0.194938,0.194938,0.194938,254400
1979-03-01,0.197012,0.201159,0.197012,0.199086,381600
1979-03-02,0.199085,0.199085,0.194938,0.197012,727200
1979-03-05,0.197012,0.199086,0.194938,0.199086,244800
1979-03-06,0.199085,0.199085,0.197012,0.197012,362400
1979-03-07,0.197012,0.199085,0.194938,0.197012,194400
1979-03-08,0.199086,0.199086,0.199086,0.199086,196800
1979-03-09,0.199085,0.201159,0.194938,0.194938,837600
1979-03-12,0.194938,0.197012,0.194938,0.194938,40800
1979-03-13,0.197012,0.199085,0.197012,0.197012,139200
1979-03-14,0.197012,0.199085,0.194938,0.194938,422400
1979-03-15,0.194938,0.199085,0.194938,0.194938,134400
1979-03-16,0.194938,0.194938,0.192864,0.194938,242400
1979-03-19,0.194938,0.194938,0.190790,0.192864,76800
1979-03-20,0.192864,0.194938,0.190790,0.190790,1828800
1979-03-21,0.190790,0.199086,0.190790,0.199086,1058400
1979-03-22,0.199085,0.199085,0.192864,0.194938,314400
1979-03-23,0.194938,0.194938,0.194938,0.194938,235200
1979-03-26,0.194938,0.194938,0.192864,0.192864,324000
1979-03-27,0.192864,0.194938,0.192864,0.194938,412800
1979-03-28,0.194938,0.197012,0.194938,0.194938,321600
1979-03-29,0.194938,0.199085,0.194938,0.197012,391200
1979-03-30,0.197012,0.199085,0.194938,0.197012,338400
1979-04-02,0.197012,0.199085,0.194938,0.194938,103200
1979-04-03,0.194938,0.199086,0.194938,0.199086,638400
1979-04-04,0.199086,0.199086,0.199086,0.199086,208800
1979-04-05,0.199086,0.199086,0.197012,0.199086,408000
1979-04-06,0.199086,0.201159,0.199086,0.199086,146400
1979-04-09,0.199086,0.201159,0.199086,0.201159,110400
1979-04-10,0.201159,0.203233,0.199086,0.201159,213600
1979-04-11,0.201159,0.207381,0.201159,0.207381,264000
1979-04-12,0.205307,0.205307,0.203233,0.205307,60000
1979-04-16,0.205307,0.205307,0.203233,0.203233,84000
1979-04-17,0.203233,0.205307,0.201159,0.203233,170400
1979-04-18,0.203233,0.207381,0.203233,0.205307,50400
1979-04-19,0.205307,0.209454,0.203233,0.207381,816000
1979-04-20,0.205307,0.205307,0.203233,0.203233,482400
1979-04-23,0.203233,0.203233,0.201159,0.201159,264000
1979-04-24,0.203233,0.205307,0.203233,0.205307,331200
1979-04-25,0.205307,0.205307,0.201159,0.201159,422400
1979-04-26,0.201159,0.201159,0.197012,0.201159,264000
1979-04-27,0.201159,0.203233,0.199086,0.203233,604800
1979-04-30,0.203906,0.203906,0.199701,0.201804,434400
1979-05-01,0.201804,0.203906,0.201804,0.201804,412800
1979-05-02,0.203906,0.206008,0.203906,0.203906,153600
1979-05-03,0.203906,0.206008,0.203906,0.206008,81600
1979-05-04,0.206008,0.208110,0.206008,0.206008,153600
1979-05-07,0.206008,0.208110,0.203906,0.203906,98400
1979-05-08,0.203906,0.203906,0.201804,0.203906,168000
1979-05-09,0.203906,0.208110,0.203906,0.208110,74400
1979-05-10,0.208110,0.208110,0.206008,0.208110,256800
1979-05-11,0.208110,0.210212,0.206008,0.206008,187200
1979-05-14,0.206008,0.206008,0.203906,0.203906,93600
1979-05-15,0.203906,0.203906,0.203906,0.203906,45600
1979-05-16,0.203906,0.210212,0.203906,0.210212,60000
1979-05-17,0.206008,0.206008,0.203906,0.206008,69600
1979-05-18,0.206008,0.206008,0.197599,0.201804,513600
1979-05-21,0.201804,0.206008,0.201804,0.203906,223200
1979-05-22,0.203906,0.203906,0.201804,0.203906,93600
1979-05-23,0.203906,0.206008,0.203906,0.206008,472800
1979-05-24,0.203906,0.203906,0.201804,0.203906,667200
1979-05-25,0.203906,0.203906,0.201804,0.201804,254400
1979-05-29,0.201804,0.203906,0.201804,0.201804,48000
1979-05-30,0.201804,0.201804,0.199702,0.199702,439200
1979-05-31,0.199701,0.201804,0.199701,0.201804,98400
1979-06-01,0.201804,0.201804,0.197599,0.201804,909600
1979-06-04,0.201804,0.206008,0.199702,0.206008,256800
1979-06-05,0.206008,0.208110,0.201804,0.208110,988800
1979-06-06,0.208110,0.210212,0.208110,0.210212,696000
1979-06-07,0.210212,0.214416,0.210212,0.214416,148800
1979-06-08,0.214416,0.214416,0.210212,0.212314,45600
1979-06-11,0.212314,0.214416,0.210212,0.214416,122400
1979-06-12,0.212314,0.212314,0.210212,0.210212,477600
1979-06-13,0.212314,0.212314,0.212314,0.212314,216000
1979-06-14,0.212314,0.212314,0.212314,0.212314,33600
1979-06-15,0.214416,0.214416,0.214416,0.214416,24000
1979-06-18,0.214416,0.214416,0.212314,0.212314,199200
1979-06-19,0.212314,0.212314,0.212314,0.212314,110400
1979-06-20,0.212314,0.214416,0.212314,0.212314,91200
1979-06-21,0.212314,0.214416,0.212314,0.214416,50400
1979-06-22,0.214416,0.215467,0.214416,0.214416,504000
1979-06-25,0.215467,0.217570,0.215467,0.215467,945600
1979-06-26,0.217570,0.221774,0.217570,0.221774,1094400
1979-06-27,0.219672,0.219672,0.217570,0.219672,1099200
1979-06-28,0.219672,0.219672,0.215467,0.215467,91200
1979-06-29,0.215467,0.219672,0.215467,0.215467,165600
1979-07-02,0.215467,0.217570,0.215467,0.215467,302400
1979-07-03,0.215467,0.217570,0.214416,0.215467,410400
1979-07-05,0.215467,0.219672,0.215467,0.217569,132000
1979-07-06,0.217570,0.219672,0.215467,0.215467,818400
1979-07-09,0.215467,0.221774,0.215467,0.221774,602400
1979-07-10,0.219672,0.219672,0.215467,0.219672,616800
1979-07-11,0.219672,0.219672,0.215467,0.219672,576000
1979-07-12,0.219672,0.221774,0.219672,0.219672,295200
1979-07-13,0.219672,0.221774,0.219672,0.221774,132000
1979-07-16,0.221774,0.221774,0.221774,0.221774,36000
1979-07-17,0.225978,0.225978,0.225978,0.225978,328800
1979-07-18,0.223876,0.223876,0.221774,0.221774,391200
1979-07-19,0.221774,0.225978,0.221774,0.225978,1147200
1979-07-20,0.225978,0.225978,0.223876,0.225978,249600
1979-07-23,0.225978,0.225978,0.225978,0.225978,14400
1979-07-24,0.225978,0.230182,0.225978,0.225978,410400
1979-07-25,0.230182,0.232285,0.230182,0.230182,280800
1979-07-26,0.232284,0.236489,0.232284,0.232284,420000
1979-07-27,0.232285,0.234387,0.232285,0.234387,105600
1979-07-30,0.237194,0.237194,0.235067,0.235067,165600
1979-07-31,0.235067,0.239322,0.235067,0.237194,422400
1979-08-01,0.237194,0.239322,0.237194,0.239322,636000
1979-08-02,0.239322,0.248895,0.239322,0.246767,636000
1979-08-03,0.246767,0.248895,0.242513,0.242513,72000
1979-08-06,0.242513,0.244640,0.242513,0.242513,168000
1979-08-07,0.242513,0.246768,0.241449,0.244640,314400
1979-08-08,0.244640,0.244640,0.241449,0.242513,748800
1979-08-09,0.241449,0.241449,0.239322,0.241449,64800
1979-08-10,0.241449,0.244640,0.241449,0.242513,974400
1979-08-13,0.244640,0.246767,0.244640,0.246767,348000
1979-08-14,0.246767,0.246767,0.241449,0.242513,273600
1979-08-15,0.242513,0.244640,0.242513,0.242513,1161600
1979-08-16,0.244640,0.248895,0.244640,0.246767,3672000
1979-08-17,0.246767,0.248895,0.246767,0.246767,295200
1979-08-20,0.246767,0.246767,0.244640,0.246767,81600
1979-08-21,0.246767,0.246767,0.244640,0.246767,607200
1979-08-22,0.246768,0.246768,0.242513,0.244640,168000
1979-08-23,0.244640,0.244640,0.242513,0.242513,91200
1979-08-24,0.241449,0.241449,0.239322,0.241449,225600
1979-08-27,0.241449,0.241449,0.239322,0.239322,333600
1979-08-28,0.239322,0.242513,0.239322,0.241449,146400
1979-08-29,0.241449,0.242513,0.241449,0.241449,74400
1979-08-30,0.241449,0.244640,0.241449,0.244640,268800
1979-08-31,0.242513,0.242513,0.242513,0.242513,180000
1979-09-04,0.242513,0.242513,0.241449,0.241449,201600
1979-09-05,0.235067,0.235067,0.230813,0.232940,645600
1979-09-06,0.232940,0.232940,0.232940,0.232940,549600
1979-09-07,0.235067,0.235067,0.235067,0.235067,67200
1979-09-10,0.235067,0.237194,0.235067,0.235067,91200
1979-09-11,0.235067,0.239322,0.235067,0.237194,391200
1979-09-12,0.235067,0.235067,0.232940,0.232940,276000
1979-09-13,0.235067,0.235067,0.235067,0.235067,410400
1979-09-14,0.235067,0.239322,0.235067,0.237194,144000
1979-09-17,0.241449,0.241449,0.241449,0.241449,112800
1979-09-18,0.241449,0.241449,0.235067,0.235067,232800
1979-09-19,0.235067,0.237194,0.235067,0.237194,331200
1979-09-20,0.237194,0.239322,0.237194,0.239322,168000
1979-09-21,0.239322,0.239322,0.237194,0.239322,194400
1979-09-24,0.239322,0.239322,0.235067,0.235067,976800
1979-09-25,0.235067,0.237194,0.232940,0.235067,242400
1979-09-26,0.235067,0.235067,0.235067,0.235067,388800
1979-09-27,0.235067,0.237194,0.235067,0.235067,136800
1979-09-28,0.235068,0.237195,0.228686,0.228686,780000
1979-10-01,0.228685,0.228685,0.224431,0.226558,110400
1979-10-02,0.226558,0.228685,0.224431,0.226558,235200
1979-10-03,0.226558,0.228685,0.224431,0.224431,477600
1979-10-04,0.224431,0.230813,0.224431,0.228686,753600
1979-10-05,0.228686,0.228686,0.228686,0.228686,184800
1979-10-08,0.228685,0.228685,0.226558,0.226558,40800
1979-10-09,0.218049,0.218049,0.216985,0.216985,362400
1979-10-10,0.216985,0.216985,0.204221,0.208476,350400
1979-10-11,0.210603,0.212731,0.210603,0.210603,825600
1979-10-12,0.210603,0.210603,0.208476,0.208476,420000
1979-10-15,0.208476,0.208476,0.204221,0.206349,374400
1979-10-16,0.206349,0.208476,0.206349,0.206349,24000
1979-10-17,0.208476,0.210603,0.208476,0.210603,76800
1979-10-18,0.210603,0.214858,0.210603,0.210603,132000
1979-10-19,0.210603,0.212731,0.210603,0.210603,117600
1979-10-22,0.208476,0.208476,0.206349,0.208476,88800
1979-10-23,0.208476,0.210603,0.208476,0.210603,60000
1979-10-24,0.210603,0.210603,0.210603,0.210603,64800
1979-10-25,0.210603,0.212731,0.210603,0.212731,189600
1979-10-26,0.212731,0.214858,0.212731,0.212731,84000
1979-10-29,0.215576,0.219888,0.213421,0.215576,324000
1979-10-30,0.215576,0.217732,0.215576,0.217732,57600
1979-10-31,0.219888,0.220966,0.219888,0.220966,98400
1979-11-01,0.220966,0.225277,0.217732,0.220966,578400
1979-11-02,0.220966,0.225277,0.220966,0.220966,1082400
1979-11-05,0.220966,0.220966,0.217732,0.220966,194400
1979-11-06,0.220966,0.220966,0.217732,0.220966,105600
1979-11-07,0.220966,0.220966,0.217732,0.217732,408000
1979-11-08,0.219888,0.219888,0.219888,0.219888,76800
1979-11-09,0.219888,0.223122,0.219888,0.220966,477600
1979-11-12,0.220966,0.220966,0.219888,0.220966,312000
1979-11-13,0.220966,0.225277,0.220966,0.220966,278400
1979-11-14,0.220966,0.220966,0.217732,0.220966,69600
1979-11-15,0.220966,0.223121,0.217732,0.219888,492000
1979-11-16,0.219888,0.220966,0.219888,0.219888,103200
1979-11-19,0.219888,0.219888,0.219888,0.219888,45600
1979-11-20,0.219888,0.220966,0.219888,0.220966,88800
1979-11-21,0.220966,0.220966,0.217732,0.220966,624000
1979-11-23,0.219888,0.219888,0.215576,0.215576,436800
1979-11-26,0.215576,0.219888,0.215576,0.217732,225600
1979-11-27,0.219888,0.219888,0.219888,0.219888,184800
1979-11-28,0.219888,0.225277,0.217732,0.223121,1233600
1979-11-29,0.223121,0.225277,0.220966,0.225277,979200
1979-11-30,0.223121,0.223121,0.219888,0.219888,333600
1979-12-03,0.219888,0.220966,0.219888,0.220966,223200
1979-12-04,0.220966,0.223122,0.220966,0.220966,314400
1979-12-05,0.220966,0.223122,0.220966,0.220966,1106400
1979-12-06,0.220966,0.220966,0.219888,0.219888,897600
1979-12-07,0.219888,0.225277,0.219888,0.219888,436800
1979-12-10,0.219888,0.220966,0.219888,0.219888,357600
1979-12-11,0.219888,0.219888,0.219888,0.219888,292800
1979-12-12,0.219888,0.223121,0.219888,0.219888,386400
1979-12-13,0.219888,0.219888,0.215576,0.217732,614400
1979-12-14,0.217732,0.217732,0.215576,0.215576,134400
1979-12-17,0.215576,0.219888,0.215576,0.217732,624000
1979-12-18,0.217732,0.217732,0.215576,0.215576,1622400
1979-12-19,0.215576,0.217732,0.215576,0.215576,261600
1979-12-20,0.215576,0.219888,0.215576,0.217732,1041600
1979-12-21,0.217732,0.219888,0.217732,0.219888,1180800
1979-12-24,0.217732,0.217732,0.217732,0.217732,38400
1979-12-26,0.217732,0.223122,0.217732,0.220966,184800
1979-12-27,0.220966,0.220966,0.219888,0.219888,422400
1979-12-28,0.219888,0.225277,0.219888,0.225277,297600
1979-12-31,0.219888,0.219888,0.219888,0.219888,115200
1980-01-02,0.219888,0.220966,0.219888,0.220966,398400
1980-01-03,0.219888,0.219888,0.217732,0.217732,132000
1980-01-04,0.217732,0.219888,0.217732,0.219888,93600
1980-01-07,0.219888,0.225277,0.219888,0.219888,2124000
1980-01-08,0.219888,0.220966,0.217732,0.220966,4312800
1980-01-09,0.220966,0.225277,0.215576,0.215576,2817600
1980-01-10,0.215576,0.215576,0.211265,0.213420,1855200
1980-01-11,0.213421,0.215576,0.213421,0.215576,2364000
1980-01-14,0.215576,0.215576,0.213420,0.213420,729600
1980-01-15,0.213420,0.213420,0.209109,0.213420,787200
1980-01-16,0.213420,0.215576,0.209109,0.209109,2294400
1980-01-17,0.209109,0.211265,0.209109,0.211265,732000
1980-01-18,0.211265,0.211265,0.209109,0.211265,144000
1980-01-21,0.211265,0.215576,0.209109,0.209109,4255200
1980-01-22,0.209109,0.211265,0.209109,0.209109,976800
1980-01-23,0.209109,0.217732,0.209109,0.217732,302400
1980-01-24,0.217732,0.219888,0.215576,0.217732,592800
1980-01-25,0.215576,0.215576,0.215576,0.215576,446400
1980-01-28,0.218460,0.220644,0.218460,0.220644,422400
1980-01-29,0.220644,0.220644,0.216275,0.216275,496800
1980-01-30,0.216275,0.218460,0.214091,0.214091,153600
1980-01-31,0.214091,0.218460,0.211906,0.214091,2215200
1980-02-01,0.214091,0.220644,0.211906,0.220644,456000
1980-02-04,0.220644,0.220644,0.218460,0.218460,355200
1980-02-05,0.218460,0.218460,0.214091,0.214091,240000
1980-02-06,0.214091,0.214091,0.209721,0.209721,1848000
1980-02-07,0.209721,0.214091,0.209721,0.209721,724800
1980-02-08,0.211906,0.214091,0.211906,0.214091,204000
1980-02-11,0.211906,0.211906,0.205352,0.205352,460800
1980-02-12,0.205352,0.211906,0.205352,0.211906,542400
1980-02-13,0.211906,0.214091,0.209722,0.211906,602400
1980-02-14,0.211906,0.214090,0.207537,0.207537,1207200
1980-02-15,0.207537,0.209721,0.205352,0.207537,424800
1980-02-19,0.207537,0.207537,0.207537,0.207537,559200
1980-02-20,0.207537,0.209721,0.203168,0.205352,684000
1980-02-21,0.205352,0.205352,0.198799,0.198799,4406400
1980-02-22,0.198799,0.198799,0.198799,0.198799,1404000
1980-02-25,0.196614,0.196614,0.182414,0.186783,1377600
1980-02-26,0.186783,0.191152,0.180230,0.182414,417600
1980-02-27,0.182414,0.186783,0.182414,0.186783,2488800
1980-02-28,0.186783,0.186783,0.175860,0.175860,465600
1980-02-29,0.175860,0.184599,0.175860,0.182414,285600
1980-03-03,0.182414,0.188968,0.182414,0.184599,1994400
1980-03-04,0.182414,0.182414,0.180229,0.180229,333600
1980-03-05,0.180229,0.182414,0.175860,0.175860,688800
1980-03-06,0.175860,0.180229,0.170399,0.170399,453600
1980-03-07,0.170399,0.175860,0.170399,0.171491,5277600
1980-03-10,0.171491,0.175860,0.168214,0.168214,2035200
1980-03-11,0.170399,0.175860,0.170399,0.175860,256800
1980-03-12,0.175860,0.175860,0.171491,0.175860,424800
1980-03-13,0.175860,0.175860,0.175860,0.175860,295200
1980-03-14,0.175860,0.182414,0.175860,0.182414,386400
1980-03-17,0.180229,0.180229,0.166030,0.170399,1792800
1980-03-18,0.170399,0.175860,0.170399,0.175860,240000
1980-03-19,0.175860,0.175860,0.170399,0.171491,2268000
1980-03-20,0.171491,0.173676,0.170399,0.170399,417600
1980-03-21,0.170399,0.171491,0.170399,0.170399,746400
1980-03-24,0.170399,0.171491,0.168214,0.168214,559200
1980-03-25,0.168214,0.168214,0.163845,0.166030,288000
1980-03-26,0.166030,0.170399,0.166030,0.166030,645600
1980-03-27,0.166030,0.166030,0.157291,0.161660,969600
1980-03-28,0.161660,0.168214,0.161660,0.168214,948000
1980-03-31,0.168214,0.175860,0.168214,0.175860,991200
1980-04-01,0.175860,0.180229,0.171491,0.171491,559200
1980-04-02,0.171491,0.175860,0.171491,0.175860,895200
1980-04-03,0.180230,0.186783,0.180230,0.182414,758400
1980-04-07,0.182414,0.191152,0.182414,0.188968,873600
1980-04-08,0.188968,0.191152,0.182414,0.191152,465600
1980-04-09,0.193337,0.198799,0.193337,0.198799,225600
1980-04-10,0.200983,0.205352,0.200983,0.205352,1576800
1980-04-11,0.200983,0.200983,0.198799,0.198799,216000
1980-04-14,0.198799,0.200983,0.198799,0.198799,333600
1980-04-15,0.198799,0.200983,0.198799,0.198799,33600
1980-04-16,0.200983,0.205352,0.200983,0.200983,897600
1980-04-17,0.200983,0.203168,0.200983,0.200983,88800
1980-04-18,0.200983,0.200983,0.196614,0.198799,729600
1980-04-21,0.196614,0.196614,0.193337,0.193337,504000
1980-04-22,0.193337,0.196614,0.193337,0.196614,835200
1980-04-23,0.196614,0.200983,0.195522,0.198799,184800
1980-04-24,0.198798,0.198798,0.195522,0.195522,340800
1980-04-25,0.195522,0.198799,0.195522,0.198799,720000
1980-04-28,0.199864,0.199864,0.198754,0.199864,153600
1980-04-29,0.199864,0.199864,0.198754,0.198754,67200
1980-04-30,0.198754,0.199864,0.196533,0.199864,163200
1980-05-01,0.199865,0.202085,0.198754,0.202085,127200
1980-05-02,0.202085,0.202085,0.199865,0.202085,81600
1980-05-05,0.202085,0.206527,0.198754,0.204306,448800
1980-05-06,0.210968,0.215409,0.210968,0.213189,547200
1980-05-07,0.213189,0.219851,0.208748,0.219851,693600
1980-05-08,0.219851,0.224292,0.219851,0.219851,1651200
1980-05-09,0.219851,0.222072,0.217630,0.217630,578400
1980-05-12,0.217630,0.217630,0.215410,0.215410,1044000
1980-05-13,0.215410,0.219851,0.215410,0.219851,722400
1980-05-14,0.219851,0.222072,0.219851,0.222072,585600
1980-05-15,0.222072,0.222072,0.217630,0.217630,345600
1980-05-16,0.217630,0.217630,0.213189,0.213189,844800
1980-05-19,0.213189,0.213189,0.213189,0.213189,72000
1980-05-20,0.213189,0.213189,0.202085,0.206527,1281600
1980-05-21,0.204306,0.204306,0.202085,0.202085,182400
1980-05-22,0.204306,0.213189,0.204306,0.213189,348000
1980-05-23,0.210968,0.210968,0.208747,0.208747,220800
1980-05-27,0.208747,0.208747,0.206527,0.208747,487200
1980-05-28,0.208748,0.208748,0.204306,0.204306,396000
1980-05-29,0.204306,0.208748,0.204306,0.204306,352800
1980-05-30,0.204306,0.210968,0.202085,0.210968,568800
1980-06-02,0.210968,0.213189,0.208747,0.208747,160800
1980-06-03,0.208747,0.213189,0.208747,0.208747,199200
1980-06-04,0.208747,0.213189,0.208747,0.213189,160800
1980-06-05,0.213189,0.213189,0.208747,0.210968,220800
1980-06-06,0.210968,0.213189,0.208747,0.210968,141600
1980-06-09,0.210968,0.210968,0.208747,0.210968,232800
1980-06-10,0.210968,0.215410,0.208747,0.215410,535200
1980-06-11,0.215409,0.215409,0.210968,0.213189,232800
1980-06-12,0.213189,0.219851,0.213189,0.215410,2853600
1980-06-13,0.217630,0.222072,0.217630,0.217630,1214400
1980-06-16,0.217630,0.219851,0.217630,0.219851,420000
1980-06-17,0.222072,0.224292,0.222072,0.224292,1418400
1980-06-18,0.222072,0.222072,0.219851,0.219851,256800
1980-06-19,0.219851,0.222072,0.217630,0.217630,139200
1980-06-20,0.217630,0.217630,0.213189,0.213189,391200
1980-06-23,0.215410,0.217630,0.215410,0.217630,19200
1980-06-24,0.217630,0.219851,0.217630,0.219851,261600
1980-06-25,0.219851,0.222072,0.219851,0.222072,307200
1980-06-26,0.219851,0.219851,0.217630,0.217630,379200
1980-06-27,0.217630,0.222072,0.217630,0.222072,880800
1980-06-30,0.219851,0.219851,0.217630,0.217630,566400
1980-07-01,0.217630,0.217630,0.213189,0.217630,206400
1980-07-02,0.217630,0.217630,0.215410,0.215410,1185600
1980-07-03,0.215410,0.217630,0.213189,0.215410,583200
1980-07-07,0.217630,0.219851,0.217630,0.217630,321600
1980-07-08,0.217630,0.219851,0.215410,0.219851,832800
1980-07-09,0.219851,0.219851,0.213189,0.213189,4735200
1980-07-10,0.213189,0.219851,0.213189,0.213189,4351200
1980-07-11,0.213189,0.213189,0.210968,0.210968,88800
1980-07-14,0.210968,0.213189,0.208747,0.210968,348000
1980-07-15,0.210968,0.213189,0.204306,0.208747,2484000
1980-07-16,0.208747,0.213189,0.208747,0.210968,355200
1980-07-17,0.210968,0.215409,0.208747,0.213189,1320000
1980-07-18,0.213189,0.215410,0.213189,0.215410,338400
1980-07-21,0.215410,0.217630,0.215410,0.215410,676800
1980-07-22,0.217630,0.222072,0.217630,0.219851,866400
1980-07-23,0.219851,0.219851,0.217630,0.217630,100800
1980-07-24,0.219851,0.224292,0.219851,0.222072,986400
1980-07-25,0.222072,0.222072,0.219851,0.222072,1017600
1980-07-28,0.223154,0.223154,0.218646,0.220900,2815200
1980-07-29,0.220899,0.220899,0.218646,0.218646,379200
1980-07-30,0.218646,0.225408,0.218646,0.223154,760800
1980-07-31,0.223154,0.223154,0.220900,0.220900,211200
1980-08-01,0.220900,0.223154,0.218646,0.220900,386400
1980-08-04,0.220900,0.223154,0.218646,0.223154,482400
1980-08-05,0.223154,0.229916,0.220900,0.227662,441600
1980-08-06,0.227662,0.227662,0.225408,0.225408,266400
1980-08-07,0.225408,0.225408,0.223154,0.223154,360000
1980-08-08,0.223154,0.225408,0.220900,0.225408,2200800
1980-08-11,0.225408,0.227662,0.223154,0.225408,362400
1980-08-12,0.225408,0.229916,0.225408,0.227662,477600
1980-08-13,0.227662,0.235551,0.227662,0.231043,1113600
1980-08-14,0.231043,0.231043,0.229916,0.231043,523200
1980-08-15,0.231043,0.231043,0.231043,0.231043,873600
1980-08-18,0.231043,0.231043,0.229916,0.229916,302400
1980-08-19,0.229916,0.229916,0.227662,0.227662,163200
1980-08-20,0.227662,0.229916,0.225408,0.227662,480000
1980-08-21,0.227662,0.231043,0.227662,0.229916,660000
1980-08-22,0.229916,0.231043,0.229916,0.229916,67200
1980-08-25,0.229916,0.231043,0.225408,0.227662,1509600
1980-08-26,0.227662,0.229916,0.225408,0.227662,446400
1980-08-27,0.227662,0.227662,0.225408,0.225408,984000
1980-08-28,0.225408,0.225408,0.225408,0.225408,328800
1980-08-29,0.225408,0.227662,0.225408,0.225408,165600
1980-09-02,0.225408,0.227662,0.225408,0.225408,381600
1980-09-03,0.225408,0.229916,0.225408,0.229916,660000
1980-09-04,0.229916,0.231043,0.227662,0.227662,268800
1980-09-05,0.227662,0.229916,0.227662,0.227662,127200
1980-09-08,0.227662,0.227662,0.223154,0.223154,816000
1980-09-09,0.223154,0.225408,0.223154,0.225408,364800
1980-09-10,0.227662,0.235551,0.227662,0.231043,1497600
1980-09-11,0.231043,0.235551,0.231043,0.231043,108000
1980-09-12,0.231043,0.235551,0.231043,0.231043,573600
1980-09-15,0.229916,0.229916,0.227662,0.229916,216000
1980-09-16,0.229916,0.231043,0.229916,0.231043,472800
1980-09-17,0.231043,0.235551,0.229916,0.235551,585600
1980-09-18,0.235551,0.235551,0.231043,0.231043,979200
1980-09-19,0.231043,0.231043,0.227662,0.227662,1173600
1980-09-22,0.227662,0.229916,0.225408,0.225408,607200
1980-09-23,0.225408,0.229916,0.223154,0.223154,1329600
1980-09-24,0.223154,0.225408,0.218646,0.218646,962400
1980-09-25,0.218646,0.220900,0.218646,0.220900,1209600
1980-09-26,0.218646,0.218646,0.216391,0.216391,578400
1980-09-29,0.216391,0.218646,0.211883,0.218646,883200
1980-09-30,0.218646,0.220899,0.216391,0.218646,343200
1980-10-01,0.218646,0.218646,0.214137,0.218646,741600
1980-10-02,0.218646,0.223154,0.216391,0.216391,288000
1980-10-03,0.216391,0.218646,0.214137,0.218646,403200
1980-10-06,0.218646,0.223154,0.218646,0.220900,729600
1980-10-07,0.220900,0.225408,0.220900,0.223154,664800
1980-10-08,0.223154,0.227662,0.223154,0.225408,1053600
1980-10-09,0.225408,0.229916,0.223154,0.227662,748800
1980-10-10,0.227662,0.231043,0.223154,0.223154,8589600
1980-10-13,0.225408,0.227662,0.225408,0.225408,439200
1980-10-14,0.225408,0.225408,0.223154,0.225408,3472800
1980-10-15,0.225408,0.227662,0.223154,0.225408,1560000
1980-10-16,0.225408,0.229916,0.225408,0.225408,772800
1980-10-17,0.225408,0.225408,0.223154,0.223154,177600
1980-10-20,0.223154,0.225408,0.223154,0.225408,57600
1980-10-21,0.225408,0.225408,0.223154,0.223154,108000
1980-10-22,0.223154,0.223154,0.220900,0.220900,2659200
1980-10-23,0.220899,0.223154,0.218646,0.218646,844800
1980-10-24,0.218646,0.220899,0.216391,0.216391,1164000
1980-10-27,0.216391,0.218646,0.216391,0.218646,309600
1980-10-28,0.218646,0.218646,0.216391,0.218646,201600
1980-10-29,0.218646,0.218646,0.216391,0.216391,288000
1980-10-30,0.216391,0.218646,0.216391,0.216391,151200
1980-10-31,0.219780,0.222069,0.215201,0.219780,873600
1980-11-03,0.219780,0.224359,0.217490,0.222069,283200
1980-11-05,0.224359,0.231227,0.224359,0.224359,645600
1980-11-06,0.219780,0.219780,0.212912,0.217490,1056000
1980-11-07,0.219780,0.222069,0.219780,0.219780,554400
1980-11-10,0.219780,0.219780,0.217490,0.219780,600000
1980-11-11,0.219780,0.224359,0.219780,0.224359,604800
1980-11-12,0.226648,0.233516,0.226648,0.233516,528000
1980-11-13,0.233516,0.233516,0.228937,0.233516,734400
1980-11-14,0.233516,0.239240,0.231227,0.233516,2210400
1980-11-17,0.233516,0.234661,0.231227,0.233516,384000
1980-11-18,0.233516,0.233516,0.233516,0.233516,290400
1980-11-19,0.233516,0.233516,0.231227,0.233516,343200
1980-11-20,0.233516,0.234661,0.233516,0.233516,1166400
1980-11-21,0.233516,0.233516,0.222069,0.228938,4912800
1980-11-24,0.228938,0.231227,0.226648,0.226648,703200
1980-11-25,0.226648,0.228938,0.226648,0.226648,1728000
1980-11-26,0.226648,0.228938,0.226648,0.226648,996000
1980-11-28,0.226648,0.226648,0.224359,0.224359,153600
1980-12-01,0.226648,0.231227,0.226648,0.226648,1891200
1980-12-02,0.226648,0.228938,0.226648,0.228938,434400
1980-12-03,0.231227,0.231227,0.231227,0.231227,81600
1980-12-04,0.231227,0.234661,0.231227,0.233516,950400
1980-12-05,0.233516,0.233516,0.228937,0.231227,825600
1980-12-08,0.231227,0.234661,0.226648,0.226648,374400
1980-12-09,0.226648,0.228938,0.226648,0.226648,528000
1980-12-10,0.226648,0.226648,0.226648,0.226648,0
1980-12-11,0.226648,0.228938,0.226648,0.226648,566400
1980-12-12,0.233516,0.234661,0.233516,0.233516,564000
1980-12-15,0.233516,0.239240,0.231227,0.239240,2030400
1980-12-16,0.239240,0.250686,0.239240,0.248397,921600
1980-12-17,0.250686,0.257554,0.250686,0.255265,1113600
1980-12-18,0.257555,0.274725,0.257555,0.270146,3002400
1980-12-19,0.270146,0.274725,0.265567,0.274725,1221600
1980-12-22,0.274725,0.277014,0.274725,0.277014,268800
1980-12-23,0.277014,0.277014,0.267857,0.270146,1536000
1980-12-24,0.267857,0.267857,0.263278,0.263278,211200
1980-12-26,0.263278,0.265567,0.260989,0.263278,76800
1980-12-29,0.260988,0.260988,0.255265,0.255265,261600
1980-12-30,0.255265,0.259844,0.255265,0.257554,132000
1980-12-31,0.259844,0.265567,0.259844,0.263278,429600
1981-01-02,0.260988,0.260988,0.259844,0.260988,1029600
1981-01-05,0.260989,0.274725,0.260989,0.274725,1502400
1981-01-06,0.274725,0.279303,0.272435,0.277014,684000
1981-01-07,0.277014,0.279303,0.270146,0.279303,1365600
1981-01-08,0.279303,0.279303,0.274725,0.279303,972000
1981-01-09,0.277014,0.277014,0.272435,0.274725,1471200
1981-01-12,0.274725,0.279303,0.274725,0.277014,1024800
1981-01-13,0.277014,0.277014,0.274725,0.277014,789600
1981-01-14,0.277014,0.277014,0.274725,0.274725,1212000
1981-01-15,0.274725,0.279304,0.274725,0.274725,768000
1981-01-16,0.274725,0.277014,0.274725,0.277014,348000
1981-01-19,0.274725,0.274725,0.267857,0.272435,924000
1981-01-20,0.272435,0.272435,0.265567,0.265567,3074400
1981-01-21,0.265567,0.267857,0.260989,0.263278,705600
1981-01-22,0.265567,0.267857,0.265567,0.265567,962400
1981-01-23,0.265567,0.270146,0.265567,0.265567,724800
1981-01-26,0.265567,0.265567,0.265567,0.265567,247200
1981-01-27,0.265567,0.265567,0.260988,0.260988,357600
1981-01-28,0.260989,0.263278,0.260989,0.263278,57600
1981-01-29,0.263278,0.263278,0.260988,0.260988,112800
1981-01-30,0.260989,0.265567,0.260989,0.263278,110400
1981-02-02,0.266710,0.273668,0.264391,0.273668,259200
1981-02-03,0.273668,0.273668,0.266711,0.269030,331200
1981-02-04,0.266711,0.266711,0.264391,0.266711,55200
1981-02-05,0.266711,0.266711,0.266711,0.266711,136800
1981-02-06,0.266711,0.271349,0.264391,0.269030,480000
1981-02-09,0.269030,0.271349,0.264391,0.264391,561600
1981-02-10,0.263232,0.263232,0.258593,0.258593,103200
1981-02-11,0.258593,0.269030,0.258593,0.264391,904800
1981-02-12,0.264391,0.266710,0.264391,0.264391,60000
1981-02-13,0.264391,0.271349,0.264391,0.264391,151200
1981-02-17,0.264391,0.269030,0.264391,0.269030,211200
1981-02-18,0.269030,0.271349,0.266711,0.271349,26400
1981-02-19,0.271349,0.271349,0.266711,0.266711,304800
1981-02-20,0.266711,0.266711,0.266711,0.266711,76800
1981-02-23,0.266711,0.271349,0.266711,0.271349,36000
1981-02-24,0.271349,0.273668,0.269030,0.269030,549600
1981-02-25,0.269030,0.273668,0.269030,0.271349,117600
1981-02-26,0.273668,0.273668,0.273668,0.273668,278400
1981-02-27,0.273668,0.278306,0.273668,0.278306,1924800
1981-03-02,0.278306,0.278306,0.273668,0.278306,844800
1981-03-03,0.278306,0.280626,0.278306,0.280626,4831200
1981-03-04,0.280626,0.282945,0.278306,0.280626,2037600
1981-03-05,0.280626,0.282945,0.280626,0.282945,691200
1981-03-06,0.282945,0.282945,0.282945,0.282945,86400
1981-03-09,0.285264,0.287584,0.285264,0.285264,223200
1981-03-10,0.285264,0.287584,0.282945,0.282945,81600
1981-03-11,0.282945,0.282945,0.280626,0.280626,206400
1981-03-12,0.280626,0.282945,0.280626,0.282945,72000
1981-03-13,0.282945,0.287583,0.282945,0.287583,1910400
1981-03-16,0.287584,0.287584,0.285264,0.285264,1214400
1981-03-17,0.285264,0.285264,0.278306,0.280626,1094400
1981-03-18,0.280626,0.285264,0.280626,0.285264,559200
1981-03-19,0.285264,0.285264,0.280626,0.280626,1039200
1981-03-20,0.280626,0.282945,0.275987,0.280626,384000
1981-03-23,0.280626,0.280626,0.280626,0.280626,91200
1981-03-24,0.280626,0.282945,0.278306,0.278306,1027200
1981-03-25,0.278307,0.282945,0.278307,0.282945,698400
1981-03-26,0.282945,0.282945,0.278306,0.278306,340800
1981-03-27,0.278306,0.280626,0.273668,0.273668,249600
1981-03-30,0.273668,0.278306,0.273668,0.278306,36000
1981-03-31,0.278306,0.282945,0.278306,0.280626,967200
1981-04-01,0.280626,0.280626,0.278306,0.278306,271200
1981-04-02,0.278306,0.282945,0.278306,0.280626,350400
1981-04-03,0.280626,0.282945,0.280626,0.282945,352800
1981-04-06,0.280626,0.280626,0.275987,0.275987,2853600
1981-04-07,0.275987,0.280626,0.275987,0.280626,1857600
1981-04-08,0.280626,0.280626,0.280626,0.280626,427200
1981-04-09,0.280626,0.282945,0.280626,0.280626,436800
1981-04-10,0.280626,0.280626,0.275987,0.275987,187200
1981-04-13,0.275987,0.275987,0.269030,0.269030,3674400
1981-04-14,0.269029,0.273668,0.269029,0.273668,67200
1981-04-15,0.273668,0.273668,0.269029,0.273668,122400
1981-04-16,0.273668,0.278306,0.273668,0.273668,244800
1981-04-20,0.273668,0.278306,0.271349,0.273668,280800
1981-04-21,0.273668,0.278306,0.271349,0.273668,696000
1981-04-22,0.273668,0.273668,0.269030,0.269030,93600
1981-04-23,0.269029,0.269029,0.263232,0.263232,837600
1981-04-24,0.263232,0.271349,0.263232,0.264391,2649600
1981-04-27,0.264391,0.269030,0.264391,0.266711,770400
1981-04-28,0.266711,0.269030,0.264391,0.269030,367200
1981-04-29,0.266710,0.266710,0.264391,0.264391,163200
1981-04-30,0.264391,0.269030,0.264391,0.269030,307200
1981-05-01,0.269030,0.269030,0.266711,0.269030,129600
1981-05-04,0.267006,0.267006,0.264654,0.264654,148800
1981-05-05,0.264654,0.267006,0.264654,0.264654,420000
1981-05-06,0.264654,0.268183,0.264654,0.267006,88800
1981-05-07,0.267006,0.268183,0.267006,0.268183,912000
1981-05-08,0.267006,0.267006,0.267006,0.267006,21600
1981-05-11,0.267006,0.268183,0.264654,0.264654,321600
1981-05-12,0.262302,0.262302,0.255244,0.255244,379200
1981-05-13,0.255244,0.259949,0.252891,0.257596,693600
1981-05-14,0.257596,0.264654,0.252892,0.264654,1531200
1981-05-15,0.264654,0.264654,0.262301,0.264654,1072800
1981-05-18,0.264654,0.267006,0.262301,0.267006,108000
1981-05-19,0.267006,0.268183,0.264654,0.268183,880800
1981-05-20,0.268183,0.268183,0.267006,0.267006,314400
1981-05-21,0.267006,0.268183,0.267006,0.268183,1617600
1981-05-22,0.268183,0.270535,0.268183,0.268183,756000
1981-05-26,0.268183,0.268183,0.267006,0.267006,194400
1981-05-27,0.267006,0.270535,0.267006,0.268183,168000
1981-05-28,0.270535,0.275240,0.270535,0.272888,1082400
1981-05-29,0.272888,0.277593,0.270535,0.277593,357600
1981-06-01,0.277593,0.277593,0.272888,0.272888,374400
1981-06-02,0.272888,0.277593,0.270535,0.275240,856800
1981-06-03,0.275240,0.277593,0.272888,0.277593,748800
1981-06-04,0.277593,0.277593,0.277593,0.277593,72000
1981-06-05,0.277593,0.282298,0.277593,0.282298,225600
1981-06-08,0.282298,0.287003,0.279945,0.287003,470400
1981-06-09,0.289355,0.294060,0.289355,0.294060,842400
1981-06-10,0.294060,0.304646,0.294060,0.299941,3055200
1981-06-11,0.299941,0.302294,0.294060,0.297589,1783200
1981-06-12,0.299941,0.302294,0.299941,0.299941,2995200
1981-06-15,0.299941,0.302294,0.299941,0.299941,278400
1981-06-16,0.299941,0.302294,0.297589,0.297589,309600
1981-06-17,0.299941,0.302294,0.299941,0.302294,398400
1981-06-18,0.302294,0.304646,0.302294,0.302294,710400
1981-06-19,0.297589,0.297589,0.297589,0.297589,196800
1981-06-22,0.297589,0.302294,0.297589,0.302294,302400
1981-06-23,0.302294,0.302294,0.297589,0.302294,1089600
1981-06-24,0.302294,0.302294,0.294060,0.294060,952800
1981-06-25,0.294060,0.296412,0.294060,0.294060,151200
1981-06-26,0.294060,0.296412,0.291708,0.294060,136800
1981-06-29,0.294060,0.296412,0.294060,0.294060,45600
1981-06-30,0.294060,0.294060,0.291708,0.294060,360000
1981-07-01,0.291708,0.291708,0.275240,0.277593,432000
1981-07-02,0.277593,0.287002,0.277593,0.282298,182400
1981-07-06,0.282297,0.284650,0.277593,0.279945,288000
1981-07-07,0.279945,0.282297,0.277593,0.279945,151200
1981-07-08,0.279945,0.282297,0.279945,0.279945,168000
1981-07-09,0.282298,0.287003,0.282298,0.287003,1128000
1981-07-10,0.284650,0.284650,0.279945,0.279945,228000
1981-07-13,0.279945,0.284650,0.275240,0.275240,266400
1981-07-14,0.275240,0.275240,0.259949,0.259949,163200
1981-07-15,0.259949,0.268183,0.257596,0.267006,424800
1981-07-16,0.267006,0.270535,0.267006,0.268183,316800
1981-07-17,0.270535,0.272888,0.270535,0.270535,76800
1981-07-20,0.268183,0.268183,0.267006,0.267006,40800
1981-07-21,0.264654,0.264654,0.259949,0.262301,297600
1981-07-22,0.264654,0.264654,0.264654,0.264654,88800
1981-07-23,0.259949,0.259949,0.259949,0.259949,132000
1981-07-24,0.259949,0.264654,0.259949,0.259949,914400
1981-07-27,0.262301,0.268183,0.262301,0.267006,638400
1981-07-28,0.267006,0.268183,0.264654,0.264654,170400
1981-07-29,0.262301,0.262301,0.257596,0.257596,153600
1981-07-30,0.259949,0.262301,0.259949,0.259949,494400
1981-07-31,0.259949,0.268183,0.259949,0.268183,304800
1981-08-03,0.268517,0.268517,0.266130,0.268517,506400
1981-08-04,0.268517,0.268517,0.266130,0.268517,158400
1981-08-05,0.268517,0.268517,0.266130,0.268517,81600
1981-08-06,0.268517,0.274484,0.268517,0.270904,823200
1981-08-07,0.270904,0.272097,0.263743,0.266130,607200
1981-08-10,0.266130,0.270904,0.263743,0.268517,81600
1981-08-11,0.270904,0.274484,0.270904,0.274484,278400
1981-08-12,0.276871,0.281644,0.276871,0.281644,201600
1981-08-13,0.281644,0.281644,0.276871,0.276871,619200
1981-08-14,0.276871,0.281644,0.276871,0.279257,1358400
1981-08-17,0.279257,0.281644,0.276871,0.276871,146400
1981-08-18,0.276871,0.281644,0.276871,0.281644,540000
1981-08-19,0.281644,0.284031,0.279257,0.279257,326400
1981-08-20,0.279258,0.281644,0.274484,0.274484,172800
1981-08-21,0.272097,0.272097,0.263743,0.266130,667200
1981-08-24,0.266130,0.266130,0.263743,0.263743,381600
1981-08-25,0.263743,0.263743,0.251809,0.251809,504000
1981-08-26,0.251809,0.254196,0.249422,0.251809,945600
1981-08-27,0.251809,0.256583,0.251809,0.251809,55200
1981-08-28,0.251809,0.256583,0.249422,0.256583,122400
1981-08-31,0.256583,0.261356,0.256583,0.261356,847200
1981-09-01,0.261356,0.263743,0.254196,0.261356,1312800
1981-09-02,0.261356,0.268517,0.261356,0.266130,374400
1981-09-03,0.263743,0.263743,0.256583,0.256583,180000
1981-09-04,0.256583,0.256583,0.249422,0.256583,84000
1981-09-08,0.251809,0.251809,0.247036,0.247036,297600
1981-09-09,0.247035,0.247035,0.238682,0.238682,1682400
1981-09-10,0.243455,0.249422,0.243455,0.249422,84000
1981-09-11,0.249422,0.249422,0.249422,0.249422,403200
1981-09-14,0.249422,0.251809,0.249422,0.249422,136800
1981-09-15,0.249422,0.256583,0.249422,0.251809,316800
1981-09-16,0.251809,0.256583,0.251809,0.256583,271200
1981-09-17,0.254196,0.254196,0.241068,0.241068,950400
1981-09-18,0.241068,0.241068,0.229134,0.231521,619200
1981-09-21,0.231521,0.233908,0.229134,0.231521,643200
1981-09-22,0.231521,0.236295,0.231521,0.233908,492000
1981-09-23,0.233908,0.238682,0.231521,0.236295,463200
1981-09-24,0.236295,0.243455,0.236295,0.238682,273600
1981-09-25,0.238682,0.241068,0.236295,0.238682,600000
1981-09-28,0.238682,0.238682,0.233908,0.233908,223200
1981-09-29,0.233908,0.236295,0.229134,0.236295,307200
1981-09-30,0.236295,0.243455,0.236295,0.236295,79200
1981-10-01,0.233908,0.233908,0.224361,0.229134,1994400
1981-10-02,0.229134,0.229134,0.224361,0.229134,1792800
1981-10-05,0.231521,0.233908,0.231521,0.231521,410400
1981-10-06,0.231521,0.231521,0.229134,0.229134,304800
1981-10-07,0.231521,0.233908,0.231521,0.231521,907200
1981-10-08,0.231521,0.238682,0.231521,0.236295,667200
1981-10-09,0.236295,0.238682,0.236295,0.238682,1370400
1981-10-12,0.241068,0.247036,0.241068,0.247036,43200
1981-10-13,0.244649,0.244649,0.238682,0.238682,153600
1981-10-14,0.238682,0.241068,0.236295,0.236295,441600
1981-10-15,0.236295,0.236295,0.231521,0.236295,885600
1981-10-16,0.236295,0.238682,0.231521,0.231521,76800
1981-10-19,0.233908,0.236295,0.233908,0.236295,331200
1981-10-20,0.236295,0.238682,0.233908,0.236295,2155200
1981-10-21,0.236295,0.238682,0.236295,0.236295,1490400
1981-10-22,0.236295,0.236295,0.231521,0.233908,424800
1981-10-23,0.233908,0.233908,0.226747,0.233908,338400
1981-10-26,0.231521,0.231521,0.224361,0.229134,1149600
1981-10-27,0.229134,0.229134,0.226748,0.229134,108000
1981-10-28,0.229134,0.229134,0.229134,0.229134,43200
1981-10-29,0.229134,0.231521,0.229134,0.229134,110400
1981-10-30,0.233117,0.235545,0.230688,0.233117,1029600
1981-11-02,0.233117,0.240402,0.233117,0.233117,1003200
1981-11-03,0.233117,0.235545,0.233117,0.233117,360000
1981-11-04,0.233117,0.233117,0.230688,0.233117,523200
1981-11-05,0.233117,0.233117,0.230688,0.233117,228000
1981-11-06,0.230688,0.230688,0.228260,0.228260,57600
1981-11-09,0.233117,0.233117,0.233117,0.233117,883200
1981-11-10,0.233117,0.240401,0.233117,0.237973,2032800
1981-11-11,0.237973,0.242830,0.237973,0.242830,1555200
1981-11-12,0.245258,0.248900,0.245258,0.245258,3302400
1981-11-13,0.245258,0.247686,0.235545,0.242830,1212000
1981-11-16,0.242830,0.242830,0.237973,0.237973,484800
1981-11-17,0.237973,0.240402,0.237973,0.240402,1692000
1981-11-18,0.240401,0.245258,0.240401,0.245258,844800
1981-11-19,0.245258,0.247686,0.245258,0.245258,729600
1981-11-20,0.245258,0.247686,0.242830,0.247686,777600
1981-11-23,0.247687,0.248901,0.245258,0.248901,2577600
1981-11-24,0.248901,0.248901,0.247687,0.248901,2049600
1981-11-25,0.248901,0.253757,0.247686,0.253757,1171200
1981-11-27,0.253757,0.253757,0.248901,0.251329,290400
1981-11-30,0.251329,0.253757,0.251329,0.253757,333600
1981-12-01,0.253757,0.253757,0.245258,0.248901,3302400
1981-12-02,0.248901,0.248901,0.247687,0.248901,132000
1981-12-03,0.248901,0.248901,0.245258,0.248901,458400
1981-12-04,0.248901,0.248901,0.247687,0.248901,105600
1981-12-07,0.248901,0.253757,0.247686,0.253757,818400
1981-12-08,0.253757,0.253757,0.253757,0.253757,163200
1981-12-09,0.253757,0.253757,0.247687,0.248901,290400
1981-12-10,0.248901,0.256185,0.247686,0.253757,528000
1981-12-11,0.253757,0.253757,0.248901,0.248901,158400
1981-12-14,0.247686,0.247686,0.235545,0.237973,120000
1981-12-15,0.237973,0.240402,0.235545,0.240402,225600
1981-12-16,0.240402,0.242830,0.240402,0.240402,278400
1981-12-17,0.240401,0.242830,0.235545,0.235545,2028000
1981-12-18,0.235545,0.235545,0.233117,0.233117,1430400
1981-12-21,0.233117,0.235545,0.230688,0.233117,11349600
1981-12-22,0.233117,0.233117,0.228260,0.233117,328800
1981-12-23,0.233117,0.233117,0.228260,0.228260,367200
1981-12-24,0.228260,0.235545,0.228260,0.233117,168000
1981-12-28,0.233117,0.235545,0.233117,0.233117,436800
1981-12-29,0.233117,0.235545,0.230688,0.230688,96000
1981-12-30,0.230688,0.233117,0.230688,0.233117,45600
1981-12-31,0.233117,0.233117,0.230688,0.230688,156000
1982-01-04,0.230688,0.233117,0.230688,0.233117,520800
1982-01-05,0.233117,0.233117,0.228260,0.228260,991200
1982-01-06,0.228260,0.233117,0.228260,0.230688,828000
1982-01-07,0.230688,0.233117,0.228260,0.228260,532800
1982-01-08,0.228260,0.233117,0.228260,0.233117,410400
1982-01-11,0.233117,0.233117,0.230688,0.233117,91200
1982-01-12,0.230688,0.230688,0.228260,0.228260,372000
1982-01-13,0.228260,0.233117,0.223403,0.228260,511200
1982-01-14,0.228260,0.230688,0.225832,0.228260,163200
1982-01-15,0.228260,0.233117,0.225832,0.230688,355200
1982-01-18,0.230688,0.230688,0.228260,0.228260,1207200
1982-01-19,0.228260,0.230688,0.220975,0.220975,180000
1982-01-20,0.220975,0.228260,0.220975,0.220975,384000
1982-01-21,0.220975,0.225832,0.220975,0.223403,914400
1982-01-22,0.223403,0.223403,0.220975,0.220975,676800
1982-01-25,0.220975,0.228260,0.214904,0.223403,410400
1982-01-26,0.223403,0.228260,0.223403,0.228260,72000
1982-01-27,0.228260,0.230688,0.228260,0.228260,86400
1982-01-28,0.228260,0.233117,0.228260,0.230688,276000
1982-01-29,0.230688,0.230688,0.223403,0.228260,1680000
1982-02-01,0.229842,0.229842,0.224899,0.224899,847200
1982-02-02,0.224899,0.227370,0.222427,0.224899,228000
1982-02-03,0.224899,0.224899,0.222427,0.224899,525600
1982-02-04,0.224899,0.227370,0.224899,0.227370,273600
1982-02-05,0.227370,0.229842,0.222427,0.229842,2920800
1982-02-08,0.229842,0.229842,0.227370,0.229842,367200
1982-02-09,0.227370,0.227370,0.224899,0.224899,319200
1982-02-10,0.224899,0.229842,0.224899,0.227370,357600
1982-02-11,0.227370,0.227370,0.222427,0.222427,657600
1982-02-12,0.222427,0.224899,0.218720,0.221192,1413600
1982-02-16,0.221192,0.221192,0.216249,0.218720,132000
1982-02-17,0.218720,0.224899,0.218720,0.224899,763200
1982-02-18,0.222427,0.222427,0.221192,0.221192,448800
1982-02-19,0.221192,0.222427,0.218720,0.221192,825600
1982-02-22,0.221192,0.221192,0.216249,0.216249,571200
1982-02-23,0.216249,0.216249,0.211306,0.216249,2301600
1982-02-24,0.216249,0.216249,0.213778,0.213778,132000
1982-02-25,0.218720,0.222427,0.218720,0.221192,184800
1982-02-26,0.221192,0.221192,0.216249,0.216249,153600
1982-03-01,0.216249,0.221192,0.216249,0.221192,926400
1982-03-02,0.221192,0.221192,0.216249,0.218720,1010400
1982-03-03,0.218720,0.218720,0.216249,0.216249,492000
1982-03-04,0.216249,0.216249,0.213778,0.213778,607200
1982-03-05,0.211306,0.211306,0.206363,0.206363,436800
1982-03-08,0.206363,0.213778,0.203892,0.211306,2820000
1982-03-09,0.211306,0.221192,0.206363,0.221192,230400
1982-03-10,0.221192,0.222427,0.218720,0.222427,182400
1982-03-11,0.222427,0.227370,0.218720,0.227370,508800
1982-03-12,0.224899,0.224899,0.221192,0.222427,367200
1982-03-15,0.222427,0.222427,0.221192,0.222427,1588800
1982-03-16,0.222427,0.222427,0.221192,0.221192,312000
1982-03-17,0.221192,0.221192,0.213778,0.216249,280800
1982-03-18,0.216249,0.216249,0.211306,0.216249,391200
1982-03-19,0.213778,0.213778,0.206363,0.213778,297600
1982-03-22,0.213778,0.216249,0.211306,0.216249,710400
1982-03-23,0.211306,0.211306,0.206363,0.206363,729600
1982-03-24,0.206363,0.213778,0.206363,0.211306,696000
1982-03-25,0.211306,0.211306,0.206363,0.206363,132000
1982-03-26,0.206363,0.208835,0.206363,0.206363,362400
1982-03-29,0.206363,0.211306,0.206363,0.211306,295200
1982-03-30,0.211306,0.211306,0.203892,0.206363,751200
1982-03-31,0.206363,0.208835,0.206363,0.206363,276000
1982-04-01,0.206363,0.213778,0.206363,0.213778,679200
1982-04-02,0.213777,0.222427,0.213777,0.222427,1046400
1982-04-05,0.222427,0.224899,0.221192,0.222427,405600
1982-04-06,0.222427,0.222427,0.218720,0.222427,1022400
1982-04-07,0.224899,0.227370,0.224899,0.224899,213600
1982-04-08,0.224899,0.234784,0.224899,0.234784,122400
1982-04-12,0.234784,0.237256,0.229842,0.229842,456000
1982-04-13,0.227370,0.227370,0.218720,0.218720,278400
1982-04-14,0.218720,0.218720,0.213778,0.218720,645600
1982-04-15,0.218720,0.222427,0.218720,0.222427,312000
1982-04-16,0.222427,0.224899,0.218720,0.221192,112800
1982-04-19,0.221192,0.224899,0.221192,0.222427,439200
1982-04-20,0.222427,0.222427,0.222427,0.222427,244800
1982-04-21,0.222427,0.222427,0.222427,0.222427,247200
1982-04-22,0.224899,0.227370,0.224899,0.227370,962400
1982-04-23,0.227370,0.229842,0.222427,0.224899,381600
1982-04-26,0.224899,0.224899,0.221192,0.222427,398400
1982-04-27,0.222427,0.227370,0.221192,0.221192,3381600
1982-04-28,0.221192,0.222427,0.218720,0.221192,657600
1982-04-29,0.221192,0.222427,0.221192,0.222427,194400
1982-04-30,0.222427,0.222427,0.221192,0.222427,295200
1982-05-03,0.226556,0.226556,0.225297,0.225297,1538400
1982-05-04,0.225297,0.225297,0.220262,0.220262,134400
1982-05-05,0.220262,0.222780,0.220262,0.220262,76800
1982-05-06,0.220263,0.222780,0.217745,0.217745,523200
1982-05-07,0.220262,0.222780,0.220262,0.222780,1118400
1982-05-10,0.222780,0.222780,0.220262,0.222780,444000
1982-05-11,0.220262,0.220262,0.217745,0.220262,31200
1982-05-12,0.220263,0.222780,0.217745,0.217745,276000
1982-05-13,0.217745,0.222780,0.217745,0.217745,559200
1982-05-14,0.217745,0.217745,0.215228,0.215228,153600
1982-05-17,0.212711,0.212711,0.210193,0.210193,590400
1982-05-18,0.210193,0.210193,0.202641,0.202641,268800
1982-05-19,0.202642,0.205159,0.200124,0.205159,266400
1982-05-20,0.205159,0.205159,0.202641,0.202641,928800
1982-05-21,0.202641,0.205159,0.202641,0.202641,163200
1982-05-24,0.202641,0.202641,0.196348,0.196348,432000
1982-05-25,0.196348,0.205159,0.196348,0.202641,112800
1982-05-26,0.202642,0.202642,0.193831,0.193831,1526400
1982-05-27,0.191314,0.191314,0.188796,0.191314,535200
1982-05-28,0.191314,0.196348,0.188796,0.193831,700800
1982-06-01,0.193831,0.193831,0.191314,0.193831,360000
1982-06-02,0.193831,0.196348,0.193831,0.193831,4653600
1982-06-03,0.193831,0.197607,0.193831,0.193831,278400
1982-06-04,0.193831,0.196348,0.193831,0.193831,228000
1982-06-07,0.191314,0.191314,0.191314,0.191314,168000
1982-06-08,0.191314,0.191314,0.183762,0.186279,235200
1982-06-09,0.186279,0.188796,0.181244,0.181244,566400
1982-06-10,0.181244,0.186279,0.178727,0.181244,1370400
1982-06-11,0.181245,0.183762,0.178727,0.178727,729600
1982-06-14,0.178727,0.181245,0.176210,0.178727,1382400
1982-06-15,0.178727,0.181244,0.176210,0.181244,3057600
1982-06-16,0.181245,0.188796,0.181245,0.188796,532800
1982-06-17,0.188796,0.188796,0.186279,0.186279,592800
1982-06-18,0.186279,0.191314,0.186279,0.188796,180000
1982-06-21,0.188796,0.196348,0.188796,0.191314,127200
1982-06-22,0.191314,0.196348,0.188796,0.188796,1456800
1982-06-23,0.188796,0.193831,0.188796,0.188796,264000
1982-06-24,0.188796,0.193831,0.188796,0.191314,2956800
1982-06-25,0.191314,0.197607,0.191314,0.197607,86400
1982-06-28,0.197607,0.197607,0.196348,0.197607,1101600
1982-06-29,0.197607,0.202641,0.197607,0.202641,379200
1982-06-30,0.202641,0.202641,0.202641,0.202641,1214400
1982-07-01,0.202642,0.202642,0.188796,0.188796,5277600
1982-07-02,0.188796,0.193831,0.188796,0.191314,1615200
1982-07-06,0.191314,0.191314,0.186279,0.191314,244800
1982-07-07,0.188796,0.188796,0.186279,0.186279,175200
1982-07-08,0.186279,0.186279,0.171175,0.186279,2551200
1982-07-09,0.186279,0.188796,0.183762,0.186279,1048800
1982-07-12,0.186279,0.186279,0.181245,0.186279,2258400
1982-07-13,0.186279,0.186279,0.181244,0.181244,2119200
1982-07-14,0.181244,0.181244,0.171175,0.176210,2668800
1982-07-15,0.176210,0.183762,0.176210,0.181244,225600
1982-07-16,0.181245,0.183762,0.178727,0.183762,537600
1982-07-19,0.183762,0.188796,0.183762,0.183762,180000
1982-07-20,0.183762,0.186279,0.181244,0.181244,1375200
1982-07-21,0.181245,0.183762,0.178727,0.183762,1536000
1982-07-22,0.183762,0.186279,0.183762,0.183762,129600
1982-07-23,0.183762,0.183762,0.183762,0.183762,360000
1982-07-26,0.183762,0.186279,0.183762,0.183762,962400
1982-07-27,0.183762,0.186279,0.181245,0.183762,412800
1982-07-28,0.183762,0.183762,0.178727,0.181244,288000
1982-07-29,0.181245,0.183762,0.178727,0.183762,775200
1982-07-30,0.183762,0.183762,0.181244,0.181244,208800
1982-08-02,0.185469,0.193197,0.180317,0.193197,232800
1982-08-03,0.193197,0.198349,0.193197,0.198349,619200
1982-08-04,0.198349,0.202213,0.198349,0.200925,436800
1982-08-05,0.198349,0.198349,0.195773,0.198349,820800
1982-08-06,0.198349,0.198349,0.195773,0.198349,163200
1982-08-09,0.198349,0.198349,0.193197,0.198349,201600
1982-08-10,0.198349,0.198349,0.198349,0.198349,79200
1982-08-11,0.198349,0.198349,0.195773,0.198349,40800
1982-08-12,0.198349,0.198349,0.193197,0.193197,391200
1982-08-13,0.195773,0.198349,0.195773,0.198349,81600
1982-08-16,0.198349,0.200925,0.198349,0.198349,789600
1982-08-17,0.198349,0.202213,0.198349,0.202213,1965600
1982-08-18,0.202213,0.207365,0.202213,0.207365,1728000
1982-08-19,0.207365,0.207365,0.202213,0.202213,1588800
1982-08-20,0.202213,0.204789,0.198349,0.204789,907200
1982-08-23,0.204789,0.215093,0.202213,0.215093,708000
1982-08-24,0.215093,0.215093,0.207365,0.215093,124800
1982-08-25,0.215093,0.220244,0.215093,0.220244,232800
1982-08-26,0.220244,0.222821,0.220244,0.220244,1099200
1982-08-27,0.220244,0.220244,0.217668,0.220244,381600
1982-08-30,0.220244,0.225396,0.220244,0.222821,244800
1982-08-31,0.222821,0.225396,0.220244,0.222821,232800
1982-09-01,0.222820,0.222820,0.207365,0.212517,612000
1982-09-02,0.212517,0.215093,0.207365,0.212517,516000
1982-09-03,0.212517,0.215093,0.212517,0.215093,566400
1982-09-07,0.215093,0.215093,0.212517,0.212517,2172000
1982-09-08,0.212517,0.212517,0.207365,0.207365,566400
1982-09-09,0.207365,0.215093,0.207365,0.207365,278400
1982-09-10,0.209940,0.215093,0.209940,0.212517,122400
1982-09-13,0.212517,0.225396,0.212517,0.225396,600000
1982-09-14,0.225396,0.231836,0.225396,0.230548,626400
1982-09-15,0.234412,0.239564,0.234412,0.239564,1022400
1982-09-16,0.239564,0.242140,0.230548,0.231836,948000
1982-09-17,0.230548,0.230548,0.220244,0.222821,396000
1982-09-20,0.222821,0.225396,0.220244,0.220244,1084800
1982-09-21,0.220244,0.225396,0.215093,0.225396,1430400
1982-09-22,0.225396,0.225396,0.220244,0.220244,513600
1982-09-23,0.220244,0.222821,0.215093,0.217668,182400
1982-09-24,0.217668,0.225396,0.215093,0.225396,199200
1982-09-27,0.225396,0.225396,0.215093,0.225396,996000
1982-09-28,0.225396,0.225396,0.222821,0.222821,350400
1982-09-29,0.222821,0.222821,0.220244,0.222821,681600
1982-09-30,0.222821,0.222821,0.215093,0.220244,1152000
1982-10-01,0.220244,0.225396,0.217668,0.225396,352800
1982-10-04,0.225396,0.227972,0.222821,0.227972,213600
1982-10-05,0.227972,0.234412,0.227972,0.234412,1490400
1982-10-06,0.234412,0.236988,0.234412,0.234412,830400
1982-10-07,0.236988,0.247292,0.236988,0.247292,835200
1982-10-08,0.247292,0.252444,0.244716,0.247292,974400
1982-10-11,0.247292,0.247292,0.242140,0.242140,1646400
1982-10-12,0.242140,0.247292,0.242140,0.242140,1908000
1982-10-13,0.242140,0.247292,0.242140,0.247292,873600
1982-10-14,0.247292,0.247292,0.242140,0.242140,612000
1982-10-15,0.242140,0.242140,0.239564,0.242140,933600
1982-10-18,0.242140,0.242140,0.236988,0.239564,628800
1982-10-19,0.247292,0.257596,0.247292,0.252444,1401600
1982-10-20,0.252444,0.257596,0.252444,0.255020,2371200
1982-10-21,0.255020,0.262748,0.255020,0.257596,3830400
1982-10-22,0.260172,0.264036,0.260172,0.262748,1370400
1982-10-25,0.262748,0.264036,0.260172,0.260172,525600
1982-10-26,0.260172,0.262748,0.260172,0.260172,633600
1982-10-27,0.262748,0.269188,0.262748,0.262748,189600
1982-10-28,0.262748,0.264036,0.262748,0.262748,177600
1982-10-29,0.267468,0.267468,0.262223,0.267468,204000
1982-11-01,0.267468,0.274024,0.267468,0.271401,309600
1982-11-02,0.274023,0.281890,0.274023,0.281890,782400
1982-11-03,0.281890,0.289757,0.279268,0.289757,792000
1982-11-04,0.292379,0.297624,0.292379,0.292379,732000
1982-11-05,0.292379,0.295001,0.289757,0.292379,410400
1982-11-08,0.292379,0.297624,0.289757,0.295001,271200
1982-11-09,0.295001,0.301557,0.295001,0.301557,936000
1982-11-10,0.301557,0.301557,0.295001,0.295001,902400
1982-11-11,0.295001,0.298934,0.295001,0.298934,326400
1982-11-12,0.298934,0.298934,0.297623,0.297623,244800
1982-11-15,0.297624,0.297624,0.281890,0.295001,180000
1982-11-16,0.292379,0.292379,0.276646,0.281890,652800
1982-11-17,0.281890,0.281890,0.276646,0.281890,213600
1982-11-18,0.281890,0.289757,0.281890,0.281890,556800
1982-11-19,0.281890,0.287135,0.281890,0.281890,324000
1982-11-22,0.281890,0.281890,0.281890,0.281890,364800
1982-11-23,0.281890,0.281890,0.279268,0.281890,163200
1982-11-24,0.281890,0.281890,0.279268,0.279268,244800
1982-11-26,0.274023,0.274023,0.256979,0.267468,1413600
1982-11-29,0.267468,0.271401,0.264846,0.264846,1392000
1982-11-30,0.264846,0.271401,0.262223,0.268779,588000
1982-12-01,0.268779,0.274023,0.262223,0.274023,1425600
1982-12-02,0.274023,0.274023,0.264846,0.264846,1072800
1982-12-03,0.264845,0.264845,0.256979,0.262223,1389600
1982-12-06,0.262223,0.268779,0.256979,0.268779,345600
1982-12-07,0.268779,0.274024,0.267468,0.268779,1500000
1982-12-08,0.268779,0.271401,0.262223,0.262223,499200
1982-12-09,0.259601,0.259601,0.249112,0.254357,1476000
1982-12-10,0.251734,0.251734,0.246490,0.249112,1466400
1982-12-13,0.249112,0.251734,0.246490,0.246490,813600
1982-12-14,0.246490,0.256979,0.246490,0.246490,528000
1982-12-15,0.246490,0.251734,0.243868,0.251734,540000
1982-12-16,0.251734,0.254357,0.246490,0.246490,472800
1982-12-17,0.246490,0.254357,0.246490,0.251734,628800
1982-12-20,0.251734,0.251734,0.249112,0.251734,422400
1982-12-21,0.251734,0.254357,0.249112,0.254357,172800
1982-12-22,0.254357,0.259601,0.251734,0.254357,556800
1982-12-23,0.254357,0.262223,0.254357,0.254357,597600
1982-12-27,0.254357,0.262224,0.254357,0.256979,544800
1982-12-28,0.256979,0.256979,0.254357,0.254357,177600
1982-12-29,0.254357,0.256979,0.251734,0.251734,273600
1982-12-30,0.251734,0.254357,0.251734,0.254357,98400
1982-12-31,0.254357,0.259601,0.251734,0.259601,350400
1983-01-03,0.259601,0.259601,0.254357,0.254357,340800
1983-01-04,0.254357,0.256979,0.251735,0.256979,1351200
1983-01-05,0.256979,0.256979,0.251735,0.256979,355200
1983-01-06,0.259601,0.268779,0.259601,0.268779,1620000
1983-01-07,0.268779,0.271401,0.267468,0.271401,1312800
1983-01-10,0.271401,0.274023,0.267468,0.267468,326400
1983-01-11,0.267468,0.274023,0.264845,0.267468,3026400
1983-01-12,0.268779,0.274023,0.268779,0.274023,1300800
1983-01-13,0.274024,0.276646,0.274024,0.276646,722400
1983-01-14,0.276645,0.276645,0.274023,0.274023,273600
1983-01-17,0.274023,0.279268,0.274023,0.274023,300000
1983-01-18,0.274023,0.274023,0.264845,0.267468,768000
1983-01-19,0.264846,0.264846,0.259601,0.259601,441600
1983-01-20,0.259601,0.262223,0.259601,0.262223,564000
1983-01-21,0.262223,0.262223,0.254357,0.259601,326400
1983-01-24,0.256979,0.256979,0.246490,0.254357,259200
1983-01-25,0.254357,0.259601,0.251735,0.256979,285600
1983-01-26,0.256979,0.259601,0.249112,0.251734,528000
1983-01-27,0.251734,0.254357,0.246490,0.254357,302400
1983-01-28,0.254357,0.254357,0.243868,0.251734,693600
1983-01-31,0.256545,0.259217,0.253872,0.259217,60000
1983-02-01,0.259217,0.261889,0.256545,0.256545,388800
1983-02-02,0.256545,0.259217,0.251200,0.256545,244800
1983-02-03,0.256545,0.259217,0.251200,0.256545,535200
1983-02-04,0.256545,0.259217,0.251200,0.251200,396000
1983-02-07,0.251200,0.256545,0.251200,0.256545,333600
1983-02-08,0.256545,0.256545,0.245855,0.251200,458400
1983-02-09,0.251200,0.251200,0.245855,0.248528,969600
1983-02-10,0.248528,0.251200,0.245855,0.251200,931200
1983-02-11,0.251200,0.256545,0.251200,0.256545,888000
1983-02-14,0.256545,0.256545,0.251200,0.251200,472800
1983-02-15,0.251200,0.256545,0.251200,0.256545,492000
1983-02-16,0.256545,0.256545,0.253872,0.256545,388800
1983-02-17,0.256545,0.256545,0.251200,0.251200,849600
1983-02-18,0.251200,0.253872,0.251200,0.253872,801600
1983-02-22,0.253872,0.253872,0.251200,0.251200,278400
1983-02-23,0.251200,0.256545,0.251200,0.253872,357600
1983-02-24,0.253872,0.256545,0.251200,0.256545,417600
1983-02-25,0.256545,0.259217,0.251200,0.256545,1514400
1983-02-28,0.256545,0.256545,0.243183,0.243183,847200
1983-03-01,0.243183,0.251200,0.243183,0.243183,825600
1983-03-02,0.245855,0.261889,0.245855,0.256545,4212000
1983-03-03,0.259217,0.261889,0.259217,0.261889,4008000
1983-03-04,0.261889,0.267234,0.259217,0.267234,4298400
1983-03-07,0.269906,0.279260,0.269906,0.279260,1003200
1983-03-08,0.279260,0.279260,0.273915,0.279260,564000
1983-03-09,0.279260,0.279260,0.269906,0.279260,1339200
1983-03-10,0.281932,0.292621,0.281932,0.292621,1634400
1983-03-11,0.292621,0.292621,0.287277,0.292621,1896000
1983-03-14,0.295294,0.297966,0.295294,0.297966,628800
1983-03-15,0.297966,0.297966,0.295294,0.295294,1735200
1983-03-16,0.295294,0.297966,0.295294,0.295294,672000
1983-03-17,0.295294,0.297966,0.289949,0.292621,974400
1983-03-18,0.292621,0.292621,0.287277,0.289949,271200
1983-03-21,0.289949,0.292621,0.287277,0.289949,602400
1983-03-22,0.289949,0.295294,0.289949,0.292621,391200
1983-03-23,0.292621,0.300638,0.289949,0.297966,1711200
1983-03-24,0.300638,0.307319,0.300638,0.307319,948000
1983-03-25,0.304647,0.304647,0.300638,0.303311,460800
1983-03-28,0.303311,0.304647,0.300638,0.303311,804000
1983-03-29,0.303311,0.303311,0.297966,0.297966,1065600
1983-03-30,0.297966,0.303311,0.295294,0.297966,746400
1983-03-31,0.300638,0.304647,0.300638,0.303311,396000
1983-04-04,0.303311,0.303311,0.295294,0.295294,448800
1983-04-05,0.292621,0.292621,0.287277,0.292621,321600
1983-04-06,0.292621,0.295294,0.289949,0.292621,2032800
1983-04-07,0.292621,0.295294,0.292621,0.295294,708000
1983-04-08,0.295294,0.295294,0.292621,0.295294,223200
1983-04-11,0.295294,0.297966,0.295294,0.295294,465600
1983-04-12,0.297966,0.307319,0.297966,0.303311,1336800
1983-04-13,0.307319,0.315336,0.307319,0.312664,3777600
1983-04-14,0.315336,0.331370,0.315336,0.331370,2174400
1983-04-15,0.328698,0.328698,0.323353,0.326026,1704000
1983-04-18,0.326025,0.326025,0.315336,0.315336,1716000
1983-04-19,0.315336,0.315336,0.312664,0.315336,1276800
1983-04-20,0.315336,0.323353,0.312664,0.323353,472800
1983-04-21,0.323353,0.328698,0.323353,0.326026,1855200
1983-04-22,0.326026,0.338051,0.326026,0.338051,7226400
1983-04-25,0.338051,0.356758,0.338051,0.343396,801600
1983-04-26,0.343396,0.343396,0.336715,0.338051,1668000
1983-04-27,0.338051,0.346068,0.336715,0.338051,1490400
1983-04-28,0.338051,0.356757,0.338051,0.356757,5332800
1983-04-29,0.359430,0.368783,0.359430,0.362102,1620000
1983-05-02,0.361560,0.361560,0.353435,0.356144,945600
1983-05-03,0.356144,0.358852,0.356144,0.356144,559200
1983-05-04,0.356144,0.358852,0.350727,0.350727,1672800
1983-05-05,0.348019,0.348019,0.342602,0.348019,729600
1983-05-06,0.348019,0.353436,0.342602,0.353436,453600
1983-05-09,0.350727,0.350727,0.341248,0.341248,199200
1983-05-10,0.342602,0.356144,0.342602,0.350727,1344000
1983-05-11,0.356144,0.364269,0.356144,0.361561,1116000
1983-05-12,0.361560,0.372394,0.356144,0.372394,998400
1983-05-13,0.372394,0.376456,0.369685,0.373748,657600
1983-05-16,0.373748,0.373748,0.358852,0.366977,328800
1983-05-17,0.366977,0.376456,0.364269,0.376456,585600
1983-05-18,0.376456,0.389998,0.376456,0.379164,1519200
1983-05-19,0.376456,0.376456,0.372394,0.372394,1020000
1983-05-20,0.372394,0.372394,0.366977,0.369685,943200
1983-05-23,0.369685,0.373748,0.356144,0.373748,2140800
1983-05-24,0.373748,0.376456,0.369686,0.376456,1168800
1983-05-25,0.376456,0.379165,0.373748,0.376456,825600
1983-05-26,0.376456,0.384581,0.373748,0.381873,856800
1983-05-27,0.381873,0.389998,0.373748,0.387289,278400
1983-05-31,0.387289,0.389998,0.381873,0.387289,177600
1983-06-01,0.387289,0.387289,0.376456,0.379164,1461600
1983-06-02,0.379164,0.384581,0.379164,0.384581,662400
1983-06-03,0.384581,0.389997,0.384581,0.389997,204000
1983-06-06,0.387289,0.387289,0.379164,0.384581,4034400
1983-06-07,0.384581,0.384581,0.369685,0.369685,835200
1983-06-08,0.369685,0.373748,0.364269,0.369685,2479200
1983-06-09,0.369685,0.373748,0.366977,0.372394,1173600
1983-06-10,0.372394,0.379165,0.372394,0.376456,2284800
1983-06-13,0.376456,0.379165,0.373748,0.376456,873600
1983-06-14,0.376456,0.379165,0.376456,0.376456,290400
1983-06-15,0.376456,0.384581,0.376456,0.379164,1099200
1983-06-16,0.379164,0.384581,0.379164,0.384581,1024800
1983-06-17,0.384581,0.384581,0.379164,0.379164,2815200
1983-06-20,0.379165,0.381873,0.376456,0.376456,849600
1983-06-21,0.376456,0.379165,0.376456,0.376456,460800
1983-06-22,0.376456,0.379164,0.373748,0.379164,369600
1983-06-23,0.379165,0.384581,0.379165,0.381873,979200
1983-06-24,0.384581,0.392706,0.384581,0.389997,564000
1983-06-27,0.389998,0.389998,0.381873,0.384581,165600
1983-06-28,0.384581,0.384581,0.381873,0.381873,252000
1983-06-29,0.381873,0.381873,0.373748,0.376456,4408800
1983-06-30,0.376456,0.381873,0.376456,0.381873,369600
1983-07-01,0.381873,0.384581,0.379164,0.379164,1509600
1983-07-05,0.379164,0.379164,0.373748,0.373748,880800
1983-07-06,0.373748,0.373748,0.373748,0.373748,1408800
1983-07-07,0.373748,0.384581,0.373748,0.384581,225600
1983-07-08,0.384581,0.384581,0.376456,0.379164,787200
1983-07-11,0.379164,0.387289,0.376456,0.387289,3787200
1983-07-12,0.387289,0.387289,0.379164,0.379164,259200
1983-07-13,0.379165,0.379165,0.373748,0.376456,2832000
1983-07-14,0.376456,0.379164,0.373748,0.379164,487200
1983-07-15,0.379165,0.379165,0.376456,0.376456,333600
1983-07-18,0.376456,0.379165,0.373748,0.376456,624000
1983-07-19,0.376456,0.376456,0.372394,0.376456,1377600
1983-07-20,0.376456,0.376456,0.373748,0.376456,1293600
1983-07-21,0.376456,0.376456,0.373748,0.373748,679200
1983-07-22,0.373748,0.376456,0.373748,0.376456,213600
1983-07-25,0.376456,0.379164,0.373748,0.373748,129600
1983-07-26,0.373748,0.376456,0.373748,0.376456,96000
1983-07-27,0.376456,0.379165,0.373748,0.376456,636000
1983-07-28,0.376456,0.379165,0.373748,0.376456,463200
1983-07-29,0.376456,0.379165,0.373748,0.376456,895200
1983-08-01,0.381395,0.386883,0.378652,0.381395,955200
1983-08-02,0.381395,0.384139,0.378651,0.384139,880800
1983-08-03,0.384139,0.389627,0.381395,0.389627,1178400
1983-08-04,0.389627,0.389627,0.384139,0.386883,2736000
1983-08-05,0.389626,0.397858,0.389626,0.395114,204000
1983-08-08,0.395114,0.395114,0.389627,0.392370,456000
1983-08-09,0.392370,0.395114,0.389627,0.389627,856800
1983-08-10,0.389627,0.389627,0.384139,0.389627,374400
1983-08-11,0.389627,0.389627,0.384139,0.384139,1015200
1983-08-12,0.381395,0.381395,0.378652,0.381395,355200
1983-08-15,0.384139,0.395114,0.384139,0.389627,849600
1983-08-16,0.389627,0.397858,0.389627,0.397858,650400
1983-08-17,0.400602,0.418437,0.400602,0.418437,1022400
1983-08-18,0.418437,0.434900,0.418437,0.418437,1231200
1983-08-19,0.418437,0.423925,0.418437,0.421181,1341600
1983-08-22,0.421181,0.423925,0.418437,0.421181,4696800
1983-08-23,0.418437,0.418437,0.412949,0.418437,739200
1983-08-24,0.418437,0.418437,0.411578,0.411578,1166400
1983-08-25,0.411578,0.412949,0.411578,0.412949,919200
1983-08-26,0.412949,0.412949,0.408834,0.412949,297600
1983-08-29,0.411578,0.411578,0.406090,0.408834,506400
1983-08-30,0.408834,0.408834,0.406090,0.408834,81600
1983-08-31,0.408834,0.408834,0.406090,0.408834,240000
1983-09-01,0.408833,0.408833,0.397858,0.397858,1584000
1983-09-02,0.397858,0.397858,0.395114,0.395114,475200
1983-09-06,0.395114,0.403346,0.395114,0.397858,535200
1983-09-07,0.397858,0.403346,0.397858,0.403346,1243200
1983-09-08,0.403346,0.406090,0.397858,0.403346,2692800
1983-09-09,0.400602,0.400602,0.389626,0.395114,319200
1983-09-12,0.397858,0.406090,0.397858,0.403346,223200
1983-09-13,0.403346,0.408834,0.403346,0.408834,765600
1983-09-14,0.408833,0.408833,0.400602,0.400602,422400
1983-09-15,0.400602,0.406090,0.397858,0.397858,168000
1983-09-16,0.397858,0.400602,0.389627,0.397858,127200
1983-09-19,0.397858,0.403346,0.397858,0.397858,580800
1983-09-20,0.397858,0.408833,0.397858,0.403346,1416000
1983-09-21,0.403346,0.406090,0.397858,0.397858,703200
1983-09-22,0.397858,0.403346,0.397858,0.400602,1704000
1983-09-23,0.397858,0.397858,0.395114,0.395114,4291200
1983-09-26,0.395114,0.397858,0.395114,0.397858,1322400
1983-09-27,0.397858,0.400602,0.397858,0.397858,343200
1983-09-28,0.397858,0.403346,0.397858,0.403346,328800
1983-09-29,0.403346,0.403346,0.389627,0.392370,434400
1983-09-30,0.392370,0.397858,0.392370,0.397858,204000
1983-10-03,0.397858,0.397858,0.389626,0.395114,316800
1983-10-04,0.395114,0.397858,0.392370,0.395114,1953600
1983-10-05,0.395114,0.395114,0.389626,0.395114,340800
1983-10-06,0.395114,0.397858,0.389627,0.397858,129600
1983-10-07,0.397858,0.397858,0.395114,0.395114,756000
1983-10-10,0.395114,0.400602,0.395114,0.395114,88800
1983-10-11,0.395114,0.406090,0.395114,0.403346,1660800
1983-10-12,0.403346,0.411577,0.397858,0.406090,679200
1983-10-13,0.406090,0.408833,0.400602,0.406090,400800
1983-10-14,0.406090,0.411578,0.406090,0.411578,364800
1983-10-17,0.411578,0.411578,0.397858,0.411578,259200
1983-10-18,0.411577,0.411577,0.406090,0.406090,1812000
1983-10-19,0.406090,0.406090,0.397858,0.406090,364800
1983-10-20,0.406090,0.406090,0.397858,0.397858,3288000
1983-10-21,0.397858,0.397858,0.397858,0.397858,972000
1983-10-24,0.389627,0.389627,0.377279,0.378651,465600
1983-10-25,0.378652,0.381395,0.378652,0.381395,1041600
1983-10-26,0.381395,0.381395,0.374535,0.377279,528000
1983-10-27,0.377279,0.378651,0.374535,0.377279,292800
1983-10-28,0.377279,0.378651,0.369048,0.369048,240000
1983-10-31,0.368492,0.368492,0.365711,0.368492,496800
1983-11-01,0.360148,0.360148,0.357367,0.357367,496800
1983-11-02,0.357367,0.357367,0.350415,0.354586,662400
1983-11-03,0.354586,0.354586,0.351805,0.354586,1024800
1983-11-04,0.354586,0.357367,0.350415,0.354586,477600
1983-11-07,0.354586,0.357367,0.351805,0.357367,1255200
1983-11-08,0.357368,0.365711,0.357368,0.360148,456000
1983-11-09,0.360148,0.365710,0.360148,0.365710,100800
1983-11-10,0.365711,0.376835,0.365711,0.374054,266400
1983-11-11,0.374054,0.379616,0.371273,0.376835,424800
1983-11-14,0.376835,0.386569,0.374054,0.379616,376800
1983-11-15,0.379616,0.382397,0.376835,0.379616,297600
1983-11-16,0.379616,0.383788,0.376835,0.383788,734400
1983-11-17,0.383788,0.392131,0.383788,0.392131,792000
1983-11-18,0.392131,0.394912,0.386569,0.394912,1382400
1983-11-21,0.394912,0.394912,0.389349,0.389349,129600
1983-11-22,0.389349,0.394912,0.389349,0.394912,693600
1983-11-23,0.394912,0.400474,0.389349,0.389349,1135200
1983-11-25,0.389349,0.392131,0.389349,0.389349,84000
1983-11-28,0.389350,0.392131,0.389350,0.392131,76800
1983-11-29,0.392131,0.394912,0.389349,0.394912,444000
1983-11-30,0.394912,0.394912,0.386569,0.386569,300000
1983-12-01,0.386569,0.389349,0.386569,0.389349,952800
1983-12-02,0.389349,0.389349,0.382397,0.382397,1068000
1983-12-05,0.382397,0.382397,0.374054,0.379616,628800
1983-12-06,0.376835,0.376835,0.371273,0.371273,278400
1983-12-07,0.371273,0.376835,0.371273,0.371273,148800
1983-12-08,0.371273,0.374054,0.365711,0.371273,638400
1983-12-09,0.371273,0.371273,0.368492,0.368492,122400
1983-12-12,0.368492,0.374054,0.365711,0.371273,525600
1983-12-13,0.371272,0.374054,0.365710,0.365710,520800
1983-12-14,0.365711,0.365711,0.351805,0.351805,616800
1983-12-15,0.351805,0.351805,0.347633,0.351805,938400
1983-12-16,0.350415,0.350415,0.342071,0.344853,748800
1983-12-19,0.344853,0.347634,0.342071,0.344853,657600
1983-12-20,0.344853,0.354586,0.344853,0.354586,499200
1983-12-21,0.354586,0.357367,0.351805,0.357367,364800
1983-12-22,0.357367,0.360148,0.351805,0.357367,861600
1983-12-23,0.357367,0.365710,0.357367,0.365710,386400
1983-12-27,0.365711,0.371273,0.365711,0.371273,612000
1983-12-28,0.371273,0.374054,0.368491,0.374054,844800
1983-12-29,0.374054,0.376835,0.374054,0.374054,1648800
1983-12-30,0.374054,0.376835,0.374054,0.374054,81600
1984-01-03,0.374054,0.376835,0.365710,0.365710,494400
1984-01-04,0.365710,0.365710,0.360148,0.365710,614400
1984-01-05,0.365711,0.376835,0.365711,0.371273,1627200
1984-01-06,0.371273,0.371273,0.360148,0.368492,885600
1984-01-09,0.368491,0.371272,0.357367,0.365710,1219200
1984-01-10,0.365710,0.365710,0.360148,0.365710,2858400
1984-01-11,0.360148,0.360148,0.354586,0.357367,3175200
1984-01-12,0.357367,0.360148,0.357367,0.357367,2097600
1984-01-13,0.357367,0.357367,0.357367,0.357367,904800
1984-01-16,0.357367,0.360148,0.357367,0.357367,2102400
1984-01-17,0.357367,0.360148,0.357367,0.357367,703200
1984-01-18,0.357367,0.357367,0.351805,0.351805,86400
1984-01-19,0.351805,0.357367,0.347633,0.354586,132000
1984-01-20,0.351805,0.351805,0.350415,0.351805,972000
1984-01-23,0.351805,0.357367,0.350415,0.351805,907200
1984-01-24,0.351805,0.354586,0.351805,0.354586,136800
1984-01-25,0.354586,0.357367,0.351805,0.357367,1264800
1984-01-26,0.354586,0.354586,0.351805,0.354586,357600
1984-01-27,0.354586,0.357367,0.350415,0.351805,4867200
1984-01-30,0.355472,0.355472,0.349830,0.352651,1300800
1984-01-31,0.352651,0.352651,0.349830,0.352651,1653600
1984-02-01,0.352651,0.362526,0.349830,0.356883,609600
1984-02-02,0.356883,0.356883,0.355473,0.355473,705600
1984-02-03,0.355473,0.362526,0.355473,0.355473,784800
1984-02-06,0.355473,0.355473,0.349830,0.355473,364800
1984-02-07,0.355473,0.362526,0.352651,0.362526,1377600
1984-02-08,0.362526,0.365347,0.356883,0.356883,2594400
1984-02-09,0.356883,0.362526,0.352651,0.356883,880800
1984-02-10,0.356883,0.356883,0.349830,0.356883,424800
1984-02-13,0.356883,0.362526,0.355473,0.355473,2978400
1984-02-14,0.356883,0.362526,0.356883,0.362526,523200
1984-02-15,0.362526,0.362526,0.362526,0.362526,444000
1984-02-16,0.362526,0.362526,0.362526,0.362526,410400
1984-02-17,0.362526,0.365347,0.362526,0.365347,184800
1984-02-21,0.362526,0.362526,0.355473,0.355473,1192800
1984-02-22,0.355473,0.356883,0.347009,0.347009,962400
1984-02-23,0.347009,0.347009,0.335724,0.338545,1260000
1984-02-24,0.338545,0.341366,0.335724,0.341366,554400
1984-02-27,0.341366,0.347009,0.338545,0.341366,684000
1984-02-28,0.338545,0.338545,0.332903,0.332903,1094400
1984-02-29,0.332903,0.341367,0.332903,0.338545,1108800
1984-03-01,0.338545,0.347009,0.338545,0.344188,650400
1984-03-02,0.344187,0.344187,0.338545,0.341366,1653600
1984-03-05,0.341367,0.344188,0.338545,0.338545,928800
1984-03-06,0.338545,0.344188,0.338545,0.344188,266400
1984-03-07,0.344187,0.347009,0.341366,0.341366,348000
1984-03-08,0.341367,0.344188,0.341367,0.344188,280800
1984-03-09,0.344187,0.347009,0.341366,0.341366,204000
1984-03-12,0.341367,0.341367,0.335724,0.338545,343200
1984-03-13,0.338545,0.349830,0.338545,0.347009,2395200
1984-03-14,0.347009,0.349830,0.344188,0.347009,2563200
1984-03-15,0.349830,0.352651,0.349830,0.352651,1111200
1984-03-16,0.352651,0.362526,0.352651,0.362526,5265600
1984-03-19,0.359704,0.359704,0.352651,0.352651,748800
1984-03-20,0.352651,0.362526,0.352651,0.362526,420000
1984-03-21,0.362526,0.362526,0.352651,0.362526,576000
1984-03-22,0.362526,0.362526,0.362526,0.362526,1696800
1984-03-23,0.362526,0.362526,0.356883,0.362526,134400
1984-03-26,0.362526,0.365347,0.356883,0.365347,302400
1984-03-27,0.362526,0.362526,0.356883,0.362526,451200
1984-03-28,0.362526,0.362526,0.356883,0.359704,513600
1984-03-29,0.356883,0.356883,0.349830,0.349830,153600
1984-03-30,0.352651,0.355472,0.352651,0.352651,74400
1984-04-02,0.352652,0.356883,0.347009,0.349830,374400
1984-04-03,0.347009,0.347009,0.341366,0.341366,520800
1984-04-04,0.341366,0.344187,0.341366,0.341366,1341600
1984-04-05,0.341367,0.341367,0.332903,0.332903,564000
1984-04-06,0.330082,0.330082,0.324439,0.327260,636000
1984-04-09,0.327260,0.332903,0.324439,0.332903,1036800
1984-04-10,0.332903,0.332903,0.327260,0.327260,153600
1984-04-11,0.327260,0.332903,0.327260,0.332903,590400
1984-04-12,0.332903,0.332903,0.327260,0.332903,223200
1984-04-13,0.332903,0.338545,0.332903,0.332903,648000
1984-04-16,0.332903,0.332903,0.327260,0.332903,475200
1984-04-17,0.338545,0.344188,0.338545,0.338545,338400
1984-04-18,0.338545,0.338545,0.330082,0.332903,122400
1984-04-19,0.332903,0.332903,0.324440,0.330082,156000
1984-04-23,0.330082,0.330082,0.324440,0.330082,1267200
1984-04-24,0.330082,0.330082,0.324439,0.327260,312000
1984-04-25,0.327261,0.327261,0.324439,0.324439,247200
1984-04-26,0.324440,0.330082,0.321618,0.330082,2088000
1984-04-27,0.330082,0.332903,0.324439,0.327260,931200
1984-04-30,0.326688,0.326688,0.319523,0.322389,520800
1984-05-01,0.322389,0.322389,0.316658,0.322389,1593600
1984-05-02,0.322389,0.343882,0.322389,0.335285,962400
1984-05-03,0.335284,0.338150,0.332419,0.332419,854400
1984-05-04,0.332419,0.332419,0.326687,0.332419,736800
1984-05-07,0.332419,0.335285,0.326688,0.335285,288000
1984-05-08,0.335284,0.335284,0.332419,0.332419,98400
1984-05-09,0.332419,0.343882,0.326687,0.343882,1644000
1984-05-10,0.343881,0.352479,0.341016,0.352479,2685600
1984-05-11,0.349613,0.349613,0.343882,0.343882,427200
1984-05-14,0.343881,0.343881,0.338150,0.338150,1240800
1984-05-15,0.338150,0.338150,0.332419,0.338150,998400
1984-05-16,0.338150,0.338150,0.325255,0.325255,688800
1984-05-17,0.325255,0.326687,0.322389,0.325255,1675200
1984-05-18,0.325255,0.325255,0.319523,0.322389,2071200
1984-05-21,0.322389,0.325255,0.322389,0.325255,91200
1984-05-22,0.325255,0.329553,0.322389,0.326688,360000
1984-05-23,0.326687,0.326687,0.322389,0.325255,465600
1984-05-24,0.325255,0.325255,0.308061,0.308061,748800
1984-05-25,0.310926,0.319523,0.310926,0.316658,955200
1984-05-29,0.316658,0.316658,0.310926,0.310926,372000
1984-05-30,0.313792,0.322389,0.313792,0.322389,340800
1984-05-31,0.313792,0.313792,0.310926,0.313792,2035200
1984-06-01,0.313792,0.313792,0.302329,0.302329,2251200
1984-06-04,0.302329,0.308061,0.299464,0.305195,1161600
1984-06-05,0.305195,0.305195,0.299463,0.299463,374400
1984-06-06,0.299464,0.299464,0.293732,0.293732,931200
1984-06-07,0.293732,0.293732,0.289433,0.293732,1068000
1984-06-08,0.293732,0.299463,0.293732,0.299463,139200
1984-06-11,0.299463,0.302329,0.299463,0.299463,499200
1984-06-12,0.299463,0.302329,0.299463,0.299463,2563200
1984-06-13,0.299463,0.299463,0.293732,0.299463,981600
1984-06-14,0.296598,0.296598,0.293732,0.293732,100800
1984-06-15,0.293732,0.299464,0.283702,0.283702,748800
1984-06-18,0.283702,0.292299,0.283702,0.289434,1166400
1984-06-19,0.289433,0.293732,0.289433,0.293732,211200
1984-06-20,0.293732,0.302329,0.292299,0.302329,494400
1984-06-21,0.302329,0.308061,0.302329,0.305195,314400
1984-06-22,0.305195,0.316658,0.302329,0.316658,295200
1984-06-25,0.316658,0.319523,0.313792,0.316658,144000
1984-06-26,0.316658,0.316658,0.313792,0.313792,3787200
1984-06-27,0.313792,0.316658,0.308061,0.308061,3513600
1984-06-28,0.308060,0.308060,0.293732,0.299463,292800
1984-06-29,0.299464,0.299464,0.289434,0.289434,792000
1984-07-02,0.289434,0.289434,0.277971,0.280836,2505600
1984-07-03,0.283702,0.289434,0.283702,0.289434,744000
1984-07-05,0.286568,0.286568,0.283702,0.283702,316800
1984-07-06,0.283702,0.286568,0.280836,0.280836,177600
1984-07-09,0.280836,0.280836,0.275105,0.275105,132000
1984-07-10,0.275105,0.277971,0.275105,0.277971,492000
1984-07-11,0.277971,0.277971,0.266508,0.272240,1593600
1984-07-12,0.272240,0.272240,0.269374,0.269374,784800
1984-07-13,0.272239,0.283702,0.272239,0.280836,1039200
1984-07-16,0.280836,0.286568,0.280836,0.286568,60000
1984-07-17,0.286568,0.292299,0.286568,0.286568,268800
1984-07-18,0.286568,0.292299,0.283702,0.289434,1044000
1984-07-19,0.289434,0.292299,0.280836,0.280836,2227200
1984-07-20,0.280836,0.283702,0.280836,0.283702,338400
1984-07-23,0.283702,0.283702,0.280836,0.280836,117600
1984-07-24,0.280837,0.280837,0.269374,0.269374,2805600
1984-07-25,0.269374,0.272240,0.266508,0.272240,1636800
1984-07-26,0.272239,0.277971,0.269374,0.277971,2275200
1984-07-27,0.277971,0.277971,0.269374,0.277971,352800
1984-07-30,0.275105,0.275105,0.272239,0.275105,156000
1984-07-31,0.275105,0.280836,0.272239,0.275105,2688000
1984-08-01,0.275105,0.277971,0.269374,0.269374,475200
1984-08-02,0.275105,0.289433,0.275105,0.286568,5776800
1984-08-03,0.286568,0.293732,0.275105,0.286568,2856000
1984-08-06,0.291821,0.291821,0.283066,0.291821,1286400
1984-08-07,0.291821,0.304953,0.288902,0.304953,1281600
1984-08-08,0.304953,0.313707,0.304953,0.304953,794400
1984-08-09,0.304953,0.328298,0.304953,0.316625,825600
1984-08-10,0.325380,0.344348,0.325380,0.335594,2378400
1984-08-13,0.332676,0.332676,0.328298,0.328298,686400
1984-08-14,0.328298,0.331217,0.322462,0.328298,345600
1984-08-15,0.328298,0.328298,0.322462,0.325380,1262400
1984-08-16,0.328298,0.338512,0.328298,0.331216,1507200
1984-08-17,0.331217,0.335594,0.331217,0.332676,609600
1984-08-20,0.332676,0.338512,0.328298,0.328298,1396800
1984-08-21,0.328298,0.328298,0.322462,0.325380,967200
1984-08-22,0.328298,0.331217,0.328298,0.328298,1137600
1984-08-23,0.328298,0.328298,0.325380,0.328298,2112000
1984-08-24,0.328298,0.331216,0.325380,0.331216,2808000
1984-08-27,0.328298,0.328298,0.325380,0.325380,139200
1984-08-28,0.325380,0.328298,0.322462,0.325380,201600
1984-08-29,0.325380,0.331217,0.325380,0.328298,458400
1984-08-30,0.328298,0.328298,0.304953,0.313707,8500800
1984-08-31,0.313707,0.313707,0.304953,0.307871,4156800
1984-09-04,0.307871,0.313707,0.307871,0.307871,2575200
1984-09-05,0.307871,0.313707,0.307871,0.307871,1771200
1984-09-06,0.307871,0.307871,0.302035,0.302035,6993600
1984-09-07,0.299116,0.299116,0.285984,0.288902,4322400
1984-09-10,0.288902,0.291821,0.285984,0.291821,5815200
1984-09-11,0.291821,0.302034,0.291821,0.299116,3108000
1984-09-12,0.299116,0.304953,0.299116,0.304953,614400
1984-09-13,0.304953,0.307871,0.304953,0.307871,1754400
1984-09-14,0.307871,0.325380,0.307871,0.325380,4735200
1984-09-17,0.325380,0.331216,0.325380,0.331216,3108000
1984-09-18,0.331216,0.332675,0.328298,0.331216,2829600
1984-09-19,0.331217,0.332676,0.328298,0.328298,1809600
1984-09-20,0.328298,0.328298,0.325380,0.328298,849600
1984-09-21,0.328298,0.328298,0.313707,0.313707,1850400
1984-09-24,0.313707,0.313707,0.307871,0.313707,950400
1984-09-25,0.313707,0.313707,0.304953,0.304953,1598400
1984-09-26,0.304953,0.313707,0.304953,0.313707,758400
1984-09-27,0.313707,0.319544,0.307871,0.319544,2392800
1984-09-28,0.319544,0.319544,0.313707,0.319544,216000
1984-10-01,0.319544,0.328298,0.319544,0.322462,645600
1984-10-02,0.322462,0.325380,0.322462,0.322462,561600
1984-10-03,0.322462,0.325380,0.319544,0.319544,1617600
1984-10-04,0.319544,0.325380,0.319544,0.322462,1533600
1984-10-05,0.322462,0.325380,0.322462,0.322462,1044000
1984-10-08,0.322462,0.322462,0.322462,0.322462,669600
1984-10-09,0.322462,0.322462,0.313707,0.313707,340800
1984-10-10,0.313707,0.313707,0.307871,0.307871,1586400
1984-10-11,0.313707,0.322462,0.313707,0.313707,1989600
1984-10-12,0.313707,0.313707,0.307871,0.307871,4550400
1984-10-15,0.307871,0.307871,0.299116,0.299116,609600
1984-10-16,0.299116,0.304953,0.299116,0.304953,926400
1984-10-17,0.304953,0.304953,0.297657,0.299116,3000000
1984-10-18,0.299116,0.304953,0.294739,0.304953,873600
1984-10-19,0.304953,0.313707,0.304953,0.307871,1960800
1984-10-22,0.307871,0.313707,0.304953,0.307871,4742400
1984-10-23,0.307871,0.310789,0.277230,0.280148,2733600
1984-10-24,0.274312,0.274312,0.255343,0.262639,5976000
1984-10-25,0.262639,0.274312,0.262639,0.265557,14160000
1984-10-26,0.265557,0.268475,0.262639,0.265557,7212000
1984-10-29,0.265557,0.280148,0.265557,0.277230,4176000
1984-10-30,0.277230,0.283066,0.277230,0.283066,2616000
1984-10-31,0.283066,0.285984,0.280148,0.283066,2193600
1984-11-01,0.281607,0.284525,0.280148,0.284525,1279200
1984-11-02,0.291363,0.291363,0.283931,0.286904,48768000
1984-11-05,0.292850,0.294336,0.289877,0.294336,1444800
1984-11-06,0.297310,0.301769,0.295823,0.300282,1116000
1984-11-07,0.300282,0.300282,0.294336,0.295823,5056800
1984-11-08,0.295823,0.295823,0.289877,0.292850,1996800
1984-11-09,0.292850,0.295823,0.291363,0.291363,2229600
1984-11-12,0.291363,0.294336,0.289877,0.294336,1617600
1984-11-13,0.294336,0.295823,0.289877,0.289877,2757600
1984-11-14,0.289877,0.291363,0.285417,0.288390,2474400
1984-11-15,0.288390,0.288390,0.285417,0.285417,1180800
1984-11-16,0.285417,0.286904,0.285417,0.285417,1262400
1984-11-19,0.285417,0.291363,0.285417,0.289877,806400
1984-11-20,0.285417,0.286903,0.283931,0.283931,4543200
1984-11-21,0.283931,0.285417,0.282444,0.283931,424800
1984-11-23,0.283931,0.288390,0.282444,0.288390,2385600
1984-11-26,0.288390,0.288390,0.282444,0.282444,1056000
1984-11-27,0.282444,0.282444,0.280957,0.280957,288000
1984-11-28,0.280957,0.282444,0.269065,0.270552,669600
1984-11-29,0.275011,0.277984,0.275011,0.275011,254400
1984-11-30,0.273525,0.273525,0.270552,0.273525,1848000
1984-12-03,0.273525,0.273525,0.272038,0.273525,2520000
1984-12-04,0.273524,0.273524,0.266092,0.266092,835200
1984-12-05,0.267579,0.269065,0.264605,0.264605,604800
1984-12-06,0.263119,0.264605,0.255686,0.263119,1636800
1984-12-07,0.264605,0.269065,0.263119,0.264605,2020800
1984-12-10,0.264605,0.267579,0.263119,0.263119,926400
1984-12-11,0.263119,0.266092,0.263119,0.266092,1636800
1984-12-12,0.267579,0.273525,0.266092,0.270552,2647200
1984-12-13,0.272038,0.275011,0.270552,0.275011,1605600
1984-12-14,0.275011,0.275011,0.270552,0.272038,1106400
1984-12-17,0.273525,0.275011,0.270552,0.272038,2143200
1984-12-18,0.270552,0.282444,0.270552,0.280957,5570400
1984-12-19,0.285417,0.295823,0.282444,0.285417,6079200
1984-12-20,0.285417,0.291363,0.282444,0.291363,830400
1984-12-21,0.286904,0.286904,0.276498,0.279471,1000800
1984-12-24,0.282444,0.282444,0.276498,0.276498,691200
1984-12-26,0.273525,0.275011,0.269065,0.273525,2517600
1984-12-27,0.273525,0.276498,0.270552,0.270552,964800
1984-12-28,0.273525,0.276498,0.272038,0.272038,1521600
1984-12-31,0.275011,0.275011,0.272038,0.273525,1111200
1985-01-02,0.273525,0.275011,0.272038,0.273525,1538400
1985-01-03,0.272038,0.285417,0.272038,0.285417,2380800
1985-01-04,0.282444,0.282444,0.273525,0.275011,1704000
1985-01-07,0.276498,0.285417,0.276498,0.279471,748800
1985-01-08,0.280957,0.280957,0.275011,0.277984,585600
1985-01-09,0.277984,0.285417,0.277984,0.285417,660000
1985-01-10,0.283931,0.285417,0.282444,0.283931,1708800
1985-01-11,0.285417,0.286904,0.282444,0.285417,1454400
1985-01-14,0.282444,0.288390,0.280958,0.285417,506400
1985-01-15,0.291363,0.297310,0.291363,0.292850,1132800
1985-01-16,0.292850,0.300282,0.291363,0.295823,1171200
1985-01-17,0.295823,0.295823,0.288390,0.291363,1711200
1985-01-18,0.292850,0.294336,0.289877,0.294336,1526400
1985-01-21,0.294336,0.295823,0.294336,0.295823,1819200
1985-01-22,0.297310,0.303256,0.291363,0.291363,1257600
1985-01-23,0.294336,0.306229,0.292850,0.306229,3079200
1985-01-24,0.307715,0.307715,0.291363,0.295823,6789600
1985-01-25,0.292850,0.298796,0.292850,0.298796,8378400
1985-01-28,0.302732,0.304245,0.301218,0.304245,876000
1985-01-29,0.308786,0.313327,0.307273,0.310300,1080000
1985-01-30,0.310300,0.320896,0.310300,0.319382,2196000
1985-01-31,0.319382,0.319382,0.314841,0.317868,7183200
1985-02-01,0.317868,0.337546,0.316355,0.320896,2529600
1985-02-04,0.319382,0.329978,0.316355,0.325437,2296800
1985-02-05,0.331491,0.333005,0.326950,0.328464,876000
1985-02-06,0.329977,0.329977,0.317868,0.317868,571200
1985-02-07,0.320896,0.325437,0.317868,0.325437,1089600
1985-02-08,0.323923,0.325437,0.319382,0.322409,3139200
1985-02-11,0.323923,0.323923,0.320896,0.320896,638400
1985-02-12,0.323923,0.325437,0.319382,0.322409,818400
1985-02-13,0.325437,0.326950,0.319382,0.322409,8858400
1985-02-14,0.323923,0.323923,0.319382,0.323923,751200
1985-02-15,0.325437,0.325437,0.320896,0.320896,614400
1985-02-19,0.322409,0.323923,0.322409,0.323923,580800
1985-02-20,0.322409,0.322409,0.314841,0.320896,2616000
1985-02-21,0.319382,0.322409,0.319382,0.322409,7392000
1985-02-22,0.323923,0.323923,0.319382,0.320896,900000
1985-02-25,0.319382,0.322409,0.317868,0.320896,2779200
1985-02-26,0.322409,0.322409,0.316355,0.319382,801600
1985-02-27,0.316355,0.317868,0.302732,0.310300,758400
1985-02-28,0.316355,0.317868,0.310300,0.314841,1084800
1985-03-01,0.317868,0.317868,0.308786,0.313327,1267200
1985-03-04,0.314840,0.314840,0.302731,0.311813,739200
1985-03-05,0.311814,0.313327,0.308786,0.310300,1108800
1985-03-06,0.313327,0.313327,0.305759,0.307273,4828800
1985-03-07,0.310300,0.311813,0.305759,0.311813,888000
1985-03-08,0.310300,0.314841,0.307273,0.314841,1418400
1985-03-11,0.311814,0.313327,0.308786,0.310300,340800
1985-03-12,0.307273,0.308786,0.302732,0.308786,448800
1985-03-13,0.311814,0.313327,0.308786,0.313327,506400
1985-03-14,0.310300,0.314841,0.310300,0.313327,1164000
1985-03-15,0.311814,0.316355,0.305759,0.308786,1231200
1985-03-18,0.305759,0.310300,0.304245,0.308786,393600
1985-03-19,0.310300,0.314840,0.308786,0.311813,672000
1985-03-20,0.314840,0.316354,0.310300,0.311813,7792800
1985-03-21,0.313327,0.314841,0.304245,0.308786,482400
1985-03-22,0.311813,0.311813,0.299704,0.299704,1552800
1985-03-25,0.302732,0.302732,0.299704,0.302732,244800
1985-03-26,0.307273,0.314841,0.302732,0.313327,1392000
1985-03-27,0.313327,0.323923,0.313327,0.322409,7701600
1985-03-28,0.322409,0.322409,0.314841,0.316355,1747200
1985-03-29,0.319382,0.319382,0.316355,0.319382,1689600
1985-04-01,0.319382,0.319382,0.316355,0.319382,362400
1985-04-02,0.317868,0.319382,0.317868,0.317868,1442400
1985-04-03,0.320896,0.322409,0.317868,0.322409,8558400
1985-04-04,0.320896,0.325437,0.319382,0.320896,436800
1985-04-08,0.317868,0.320896,0.310300,0.314841,669600
1985-04-09,0.313327,0.317868,0.311814,0.313327,184800
1985-04-10,0.316355,0.320896,0.314841,0.320896,15273600
1985-04-11,0.323923,0.326950,0.320896,0.326950,7773600
1985-04-12,0.329977,0.336032,0.326950,0.329977,451200
1985-04-15,0.334518,0.337545,0.333004,0.334518,559200
1985-04-16,0.334518,0.334518,0.323923,0.326950,422400
1985-04-17,0.328464,0.331491,0.325436,0.328464,840000
1985-04-18,0.329978,0.333005,0.325437,0.326950,4262400
1985-04-19,0.329978,0.329978,0.319382,0.319382,4010400
1985-04-22,0.317868,0.322409,0.317868,0.320896,324000
1985-04-23,0.322409,0.323923,0.320896,0.322409,223200
1985-04-24,0.320896,0.322409,0.320896,0.322409,290400
1985-04-25,0.320896,0.322409,0.320896,0.320896,1202400
1985-04-26,0.323923,0.323923,0.319382,0.319382,1430400
1985-04-29,0.319382,0.319382,0.311814,0.313327,333600
1985-04-30,0.314840,0.314840,0.308786,0.311813,710400
1985-05-01,0.311813,0.311813,0.304245,0.307273,338400
1985-05-02,0.307273,0.308786,0.304245,0.308786,1039200
1985-05-03,0.308786,0.311814,0.302732,0.308786,3748800
1985-05-06,0.311251,0.312793,0.309711,0.311251,688800
1985-05-07,0.311251,0.314333,0.308170,0.308170,4588800
1985-05-08,0.312793,0.312793,0.309711,0.311251,345600
1985-05-09,0.314333,0.317415,0.309711,0.311251,492000
1985-05-10,0.312792,0.315874,0.309711,0.309711,3403200
1985-05-13,0.312792,0.314333,0.311251,0.314333,2179200
1985-05-14,0.318956,0.320497,0.311251,0.314333,895200
1985-05-15,0.312793,0.318956,0.312793,0.318956,1324800
1985-05-16,0.322038,0.322038,0.317415,0.317415,381600
1985-05-17,0.320497,0.325119,0.318956,0.325119,631200
1985-05-20,0.326660,0.329742,0.322038,0.329742,2083200
1985-05-21,0.329742,0.329742,0.320497,0.328201,544800
1985-05-22,0.325119,0.325119,0.317415,0.322038,1348800
1985-05-23,0.320497,0.325119,0.315874,0.317415,4670400
1985-05-24,0.315874,0.318956,0.315874,0.317415,312000
1985-05-28,0.318956,0.320497,0.315874,0.317415,489600
1985-05-29,0.317415,0.318956,0.315874,0.317415,1406400
1985-05-30,0.315874,0.320497,0.315874,0.318956,1891200
1985-05-31,0.315874,0.317415,0.314333,0.317415,950400
1985-06-03,0.315874,0.317415,0.314333,0.317415,2755200
1985-06-04,0.317415,0.320497,0.317415,0.318956,1903200
1985-06-05,0.318956,0.325119,0.318956,0.320497,3520800
1985-06-06,0.320497,0.322038,0.318956,0.318956,1634400
1985-06-07,0.315874,0.318956,0.314333,0.315874,1387200
1985-06-10,0.318956,0.343609,0.317415,0.320497,1173600
1985-06-11,0.325119,0.329742,0.325119,0.328201,789600
1985-06-12,0.328201,0.332824,0.328201,0.328201,4984800
1985-06-13,0.326660,0.328201,0.325119,0.326660,660000
1985-06-14,0.329742,0.331283,0.326660,0.331283,691200
1985-06-17,0.331283,0.334364,0.328201,0.328201,1039200
1985-06-18,0.329742,0.332824,0.326660,0.328201,655200
1985-06-19,0.332823,0.332823,0.326660,0.331283,631200
1985-06-20,0.332823,0.332823,0.326660,0.332823,772800
1985-06-21,0.332823,0.335905,0.328201,0.335905,1176000
1985-06-24,0.335905,0.335905,0.331283,0.332823,412800
1985-06-25,0.331283,0.334364,0.331283,0.334364,614400
1985-06-26,0.332823,0.335905,0.332823,0.332823,2390400
1985-06-27,0.331283,0.335905,0.331283,0.332823,691200
1985-06-28,0.334364,0.335905,0.331283,0.335905,456000
1985-07-01,0.335905,0.337446,0.332823,0.332823,1936800
1985-07-02,0.332823,0.338987,0.332823,0.337446,556800
1985-07-03,0.343609,0.345150,0.340528,0.343609,974400
1985-07-05,0.343609,0.351314,0.340528,0.343609,777600
1985-07-08,0.345150,0.345150,0.338987,0.342068,1029600
1985-07-09,0.340528,0.340528,0.332823,0.335905,424800
1985-07-10,0.332823,0.338987,0.332823,0.338987,4495200
1985-07-11,0.340528,0.340528,0.335905,0.340528,4610400
1985-07-12,0.340528,0.345150,0.340528,0.345150,4862400
1985-07-15,0.342068,0.351314,0.342068,0.349773,1159200
1985-07-16,0.346691,0.349773,0.345151,0.348232,916800
1985-07-17,0.348232,0.349773,0.337446,0.338987,4394400
1985-07-18,0.340528,0.346691,0.337446,0.345150,5978400
1985-07-19,0.345150,0.351314,0.345150,0.349773,3722400
1985-07-22,0.348232,0.348232,0.345150,0.346691,2004000
1985-07-23,0.348232,0.351314,0.346691,0.348232,3468000
1985-07-24,0.348232,0.349773,0.346691,0.349773,4557600
1985-07-25,0.349773,0.352854,0.346691,0.349773,5265600
1985-07-26,0.349773,0.349773,0.342068,0.342068,2260800
1985-07-29,0.342068,0.343609,0.340528,0.342068,777600
1985-07-30,0.340528,0.345150,0.340528,0.345150,1646400
1985-07-31,0.348232,0.349773,0.346691,0.348232,5512800
1985-08-01,0.348232,0.351314,0.345151,0.351314,4236000
1985-08-02,0.348232,0.354395,0.348232,0.354395,2028000
1985-08-05,0.355335,0.356900,0.350639,0.355335,554400
1985-08-06,0.355335,0.355335,0.344377,0.349073,1368000
1985-08-07,0.347508,0.349073,0.342812,0.344377,1809600
1985-08-08,0.345942,0.345942,0.344377,0.345942,3840000
1985-08-09,0.345942,0.345942,0.342812,0.345942,504000
1985-08-12,0.345942,0.345942,0.344377,0.345942,552000
1985-08-13,0.345942,0.347508,0.344377,0.344377,367200
1985-08-14,0.344377,0.350638,0.344377,0.345942,868800
1985-08-15,0.349073,0.349073,0.342812,0.349073,357600
1985-08-16,0.345943,0.349073,0.339681,0.341246,499200
1985-08-19,0.342812,0.342812,0.328723,0.328723,2121600
1985-08-20,0.330289,0.334985,0.330289,0.331854,1024800
1985-08-21,0.334985,0.338116,0.328723,0.328723,609600
1985-08-22,0.331854,0.331854,0.320897,0.327158,374400
1985-08-23,0.324028,0.324028,0.319332,0.324028,916800
1985-08-26,0.324028,0.324028,0.320897,0.324028,472800
1985-08-27,0.320897,0.325593,0.320897,0.322462,386400
1985-08-28,0.322462,0.325593,0.320897,0.320897,662400
1985-08-29,0.322462,0.324028,0.320897,0.324028,861600
1985-08-30,0.313070,0.322462,0.313070,0.313070,1255200
1985-09-03,0.314636,0.320897,0.313070,0.320897,2073600
1985-09-04,0.324028,0.324028,0.314636,0.319332,1358400
1985-09-05,0.322462,0.322462,0.316201,0.316201,3657600
1985-09-06,0.317767,0.319332,0.314636,0.319332,772800
1985-09-09,0.316201,0.319331,0.309939,0.309939,840000
1985-09-10,0.313070,0.316201,0.306809,0.309939,336000
1985-09-11,0.309940,0.311505,0.300547,0.300547,444000
1985-09-12,0.300547,0.303678,0.297417,0.298982,242400
1985-09-13,0.300547,0.300547,0.294286,0.298982,3981600
1985-09-16,0.300547,0.306809,0.297417,0.303678,4255200
1985-09-17,0.305243,0.306809,0.300547,0.306809,1240800
1985-09-18,0.306809,0.306809,0.297417,0.298982,780000
1985-09-19,0.297417,0.303678,0.297417,0.300547,1065600
1985-09-20,0.303678,0.303678,0.298982,0.300547,4123200
1985-09-23,0.303678,0.305244,0.300547,0.303678,4353600
1985-09-24,0.305243,0.306809,0.300547,0.302112,708000
1985-09-25,0.300547,0.300547,0.298982,0.298982,336000
1985-09-26,0.302113,0.303678,0.300547,0.300547,561600
1985-09-30,0.300547,0.302112,0.300547,0.302112,4461600
1985-10-01,0.300547,0.302113,0.295851,0.295851,4658400
1985-10-02,0.294286,0.303678,0.294286,0.303678,540000
1985-10-03,0.300547,0.303678,0.298982,0.303678,681600
1985-10-04,0.300547,0.303678,0.298982,0.302112,384000
1985-10-07,0.298982,0.303678,0.298982,0.303678,5104800
1985-10-08,0.302112,0.305243,0.300547,0.302112,3873600
1985-10-09,0.303678,0.303678,0.294286,0.294286,1192800
1985-10-10,0.297417,0.297417,0.289590,0.294286,513600
1985-10-11,0.295851,0.295851,0.280198,0.286459,1291200
1985-10-14,0.286459,0.294286,0.286459,0.292721,734400
1985-10-15,0.295851,0.297417,0.294286,0.294286,1291200
1985-10-16,0.297417,0.300547,0.294286,0.298982,724800
1985-10-17,0.300547,0.303678,0.295851,0.303678,1624800
1985-10-18,0.306809,0.317766,0.303678,0.317766,768000
1985-10-21,0.314635,0.316201,0.311505,0.313070,7363200
1985-10-22,0.314635,0.314635,0.309939,0.311505,436800
1985-10-23,0.308374,0.309939,0.303678,0.306809,1382400
1985-10-24,0.309939,0.309939,0.297417,0.298982,1190400
1985-10-25,0.302113,0.303678,0.300547,0.303678,470400
1985-10-28,0.305243,0.305243,0.300547,0.302112,592800
1985-10-29,0.302113,0.305244,0.298982,0.300547,1824000
1985-10-30,0.303678,0.311505,0.300547,0.311505,420000
1985-10-31,0.313070,0.319331,0.311505,0.313070,362400
1985-11-01,0.303678,0.317766,0.302113,0.303678,1411200
1985-11-04,0.314205,0.315799,0.304635,0.314205,1140000
1985-11-05,0.317394,0.323774,0.317394,0.322179,544800
1985-11-06,0.334939,0.334939,0.328559,0.331749,2858400
1985-11-07,0.333344,0.334939,0.331749,0.333344,1488000
1985-11-08,0.333344,0.336534,0.333344,0.334939,429600
1985-11-11,0.334939,0.339724,0.333344,0.339724,1084800
1985-11-12,0.338129,0.347699,0.338129,0.344509,1776000
1985-11-13,0.346103,0.349293,0.341319,0.344509,4519200
1985-11-14,0.344509,0.346103,0.339724,0.342914,1504800
1985-11-15,0.342914,0.342914,0.334939,0.342914,818400
1985-11-18,0.342914,0.342914,0.331749,0.334939,1552800
1985-11-19,0.339724,0.341319,0.338129,0.339724,1401600
1985-11-20,0.341319,0.346103,0.339724,0.346103,1089600
1985-11-21,0.347699,0.357268,0.347699,0.357268,712800
1985-11-22,0.354078,0.358863,0.352483,0.355673,499200
1985-11-25,0.358863,0.360458,0.354078,0.354078,470400
1985-11-26,0.355673,0.362053,0.354078,0.358863,304800
1985-11-27,0.362053,0.362053,0.354078,0.357268,1356000
1985-11-29,0.357268,0.358863,0.352484,0.354078,1159200
1985-12-02,0.354078,0.354078,0.349293,0.349293,1164000
1985-12-03,0.352484,0.355673,0.350888,0.354078,559200
1985-12-04,0.354078,0.357268,0.352484,0.357268,532800
1985-12-05,0.357268,0.362053,0.357268,0.358863,1320000
1985-12-06,0.355673,0.360458,0.352483,0.358863,2467200
1985-12-09,0.358863,0.363648,0.357268,0.363648,1135200
1985-12-10,0.363648,0.366838,0.362053,0.363648,602400
1985-12-11,0.366838,0.368433,0.358863,0.362053,806400
1985-12-12,0.365243,0.365243,0.360458,0.363648,501600
1985-12-13,0.363648,0.382787,0.363648,0.382787,1653600
1985-12-16,0.379597,0.401927,0.379597,0.389167,2253600
1985-12-17,0.390762,0.393952,0.382787,0.384382,3902400
1985-12-18,0.384382,0.387572,0.384382,0.385977,1284000
1985-12-19,0.385977,0.387572,0.384382,0.385977,2313600
1985-12-20,0.384382,0.389167,0.384382,0.389167,3225600
1985-12-23,0.387572,0.392357,0.387572,0.389167,4536000
1985-12-24,0.389167,0.389167,0.385977,0.389167,4096800
1985-12-26,0.390762,0.393952,0.389167,0.389167,367200
1985-12-27,0.390762,0.397142,0.389167,0.395547,285600
1985-12-30,0.393952,0.398736,0.390762,0.395547,794400
1985-12-31,0.395547,0.398737,0.390762,0.398737,4497600
1986-01-02,0.393952,0.400332,0.392357,0.400332,6028800
1986-01-03,0.400332,0.409901,0.400332,0.405117,1128000
1986-01-06,0.408307,0.409902,0.405117,0.408307,1207200
1986-01-07,0.411496,0.413091,0.408306,0.411496,864000
1986-01-08,0.414687,0.414687,0.408307,0.408307,4603200
1986-01-09,0.405117,0.405117,0.395547,0.401927,5311200
1986-01-10,0.401927,0.401927,0.397142,0.400332,662400
1986-01-13,0.400332,0.401927,0.390762,0.398737,717600
1986-01-14,0.395547,0.397142,0.379597,0.381192,2090400
1986-01-15,0.381192,0.385977,0.379597,0.382787,5272800
1986-01-16,0.384382,0.385977,0.376408,0.376408,4977600
1986-01-17,0.376408,0.378003,0.366838,0.371623,770400
1986-01-20,0.374812,0.376408,0.371623,0.374812,470400
1986-01-21,0.376408,0.378003,0.368433,0.368433,1084800
1986-01-22,0.368433,0.368433,0.357268,0.362053,2164800
1986-01-23,0.358863,0.366838,0.358863,0.363648,595200
1986-01-24,0.365243,0.376408,0.363648,0.376408,736800
1986-01-27,0.376408,0.379597,0.376408,0.379597,295200
1986-01-28,0.376408,0.382787,0.376408,0.382787,703200
1986-01-29,0.382788,0.389167,0.381193,0.387572,996000
1986-01-30,0.385977,0.393952,0.378002,0.381192,2445600
1986-01-31,0.382787,0.390762,0.379597,0.390762,600000
1986-02-03,0.393352,0.394971,0.386877,0.393352,916800
1986-02-04,0.393352,0.394971,0.385258,0.386877,1752000
1986-02-05,0.388496,0.391733,0.385258,0.388496,4732800
1986-02-06,0.388496,0.388496,0.383639,0.386877,4540800
1986-02-07,0.386877,0.386877,0.382021,0.383640,890400
1986-02-10,0.382021,0.386877,0.380402,0.385259,2251200
1986-02-11,0.385258,0.391733,0.383640,0.391733,2025600
1986-02-12,0.388496,0.393352,0.388496,0.390115,619200
1986-02-13,0.390115,0.404683,0.388496,0.404683,2608800
1986-02-14,0.401446,0.412777,0.401446,0.412777,1293600
1986-02-18,0.411158,0.419252,0.407921,0.417633,1180800
1986-02-19,0.416015,0.424108,0.416015,0.424108,1101600
1986-02-20,0.422489,0.433820,0.417633,0.433820,1089600
1986-02-21,0.433820,0.438676,0.424108,0.428964,1977600
1986-02-24,0.427345,0.433820,0.424108,0.427345,1941600
1986-02-25,0.428964,0.430583,0.424108,0.428964,1432800
1986-02-26,0.427345,0.430583,0.411158,0.417633,1425600
1986-02-27,0.414395,0.433820,0.412777,0.428964,4447200
1986-02-28,0.427346,0.427346,0.411158,0.420871,14236800
1986-03-03,0.427345,0.432201,0.420870,0.432201,5220000
1986-03-04,0.433820,0.453245,0.428964,0.441914,4932000
1986-03-05,0.438676,0.440295,0.427345,0.428964,3859200
1986-03-06,0.432202,0.445152,0.432202,0.441914,3014400
1986-03-07,0.445152,0.448389,0.441914,0.441914,2128800
1986-03-10,0.441914,0.456483,0.441914,0.456483,4046400
1986-03-11,0.466195,0.488857,0.466195,0.475907,4555200
1986-03-12,0.479145,0.492094,0.475907,0.485620,3304800
1986-03-13,0.488857,0.488857,0.482382,0.487238,2757600
1986-03-14,0.487239,0.487239,0.469433,0.480764,3412800
1986-03-17,0.477526,0.477526,0.466195,0.466195,1639200
1986-03-18,0.466195,0.479145,0.466195,0.477526,1276800
1986-03-19,0.477526,0.477526,0.471051,0.474289,1939200
1986-03-20,0.471051,0.475907,0.469433,0.475907,3088800
1986-03-21,0.475908,0.477526,0.466195,0.472670,2085600
1986-03-24,0.472670,0.475907,0.469433,0.469433,5152800
1986-03-25,0.469433,0.472670,0.462958,0.462958,4826400
1986-03-26,0.466195,0.475908,0.454864,0.467814,1639200
1986-03-27,0.469432,0.475907,0.466195,0.471051,2241600
1986-03-31,0.466195,0.477526,0.462958,0.477526,1404000
1986-04-01,0.479145,0.479145,0.469433,0.472670,5445600
1986-04-02,0.471051,0.474289,0.469432,0.471051,5301600
1986-04-03,0.471051,0.477526,0.471051,0.472670,979200
1986-04-04,0.472670,0.475908,0.472670,0.472670,1005600
1986-04-07,0.472670,0.474289,0.471051,0.472670,1125600
1986-04-08,0.469433,0.475907,0.462957,0.475907,4368000
1986-04-09,0.474289,0.477526,0.427346,0.462958,4250400
1986-04-10,0.464577,0.472670,0.462958,0.467814,307200
1986-04-11,0.467814,0.480764,0.466195,0.477526,2073600
1986-04-14,0.475907,0.477526,0.474289,0.475907,463200
1986-04-15,0.482382,0.482382,0.472670,0.472670,5107200
1986-04-16,0.475908,0.479145,0.469433,0.472670,4497600
1986-04-17,0.479145,0.482382,0.475908,0.482382,1255200
1986-04-18,0.479145,0.485620,0.477526,0.480764,1624800
1986-04-21,0.479145,0.485620,0.477526,0.485620,1557600
1986-04-22,0.484001,0.498570,0.484001,0.490476,5647200
1986-04-23,0.492095,0.498570,0.488857,0.495332,5150400
1986-04-24,0.492095,0.500189,0.488858,0.493714,964800
1986-04-25,0.492095,0.498570,0.487238,0.492095,2707200
1986-04-28,0.495332,0.495332,0.490476,0.490476,758400
1986-04-29,0.492094,0.493713,0.482382,0.485620,4742400
1986-04-30,0.488857,0.492095,0.484001,0.487238,4912800
1986-05-01,0.484001,0.487239,0.479145,0.480764,398400
1986-05-02,0.479145,0.480764,0.466195,0.467814,691200
1986-05-05,0.465519,0.475354,0.465519,0.465519,374400
1986-05-06,0.467159,0.467159,0.452406,0.458963,864000
1986-05-07,0.455685,0.458963,0.450767,0.458963,537600
1986-05-08,0.460602,0.460602,0.450767,0.452406,4176000
1986-05-09,0.457323,0.457323,0.447488,0.454045,1214400
1986-05-12,0.458962,0.458962,0.452406,0.455684,854400
1986-05-13,0.454045,0.457323,0.452406,0.457323,1365600
1986-05-14,0.457323,0.463880,0.455684,0.462241,1032000
1986-05-15,0.463880,0.463880,0.455685,0.458963,1632000
1986-05-16,0.458963,0.458963,0.454045,0.458963,592800
1986-05-19,0.462241,0.468797,0.458962,0.468797,1096800
1986-05-20,0.468797,0.485189,0.465519,0.485189,1176000
1986-05-21,0.481911,0.483550,0.475354,0.475354,501600
1986-05-22,0.475354,0.485189,0.475354,0.485189,472800
1986-05-23,0.491746,0.501581,0.488468,0.495024,919200
1986-05-27,0.495024,0.508137,0.493384,0.501580,986400
1986-05-28,0.508137,0.511415,0.501580,0.511415,1017600
1986-05-29,0.511415,0.511415,0.498302,0.511415,861600
1986-05-30,0.501581,0.501581,0.493385,0.495024,1142400
1986-06-02,0.498302,0.501580,0.491745,0.491745,2152800
1986-06-03,0.493385,0.496663,0.491746,0.495024,777600
1986-06-04,0.496663,0.496663,0.478632,0.481910,794400
1986-06-05,0.485189,0.488467,0.481911,0.488467,1360800
1986-06-06,0.485189,0.495024,0.481911,0.495024,595200
1986-06-09,0.495024,0.496663,0.488467,0.488467,892800
1986-06-10,0.485189,0.485189,0.475354,0.478632,1070400
1986-06-11,0.478632,0.481911,0.473715,0.480271,484800
1986-06-12,0.476993,0.481911,0.473715,0.478632,588000
1986-06-13,0.473715,0.481911,0.472076,0.480271,1394400
1986-06-16,0.483549,0.491745,0.478632,0.491745,1298400
1986-06-17,0.491745,0.495024,0.472076,0.475354,823200
1986-06-18,0.475354,0.486828,0.473714,0.485189,386400
1986-06-19,0.485189,0.488467,0.475354,0.475354,772800
1986-06-20,0.476993,0.478632,0.468797,0.478632,909600
1986-06-23,0.478632,0.483549,0.475354,0.481910,4687200
1986-06-24,0.478632,0.481910,0.475354,0.481910,4764000
1986-06-25,0.481910,0.486828,0.481910,0.481910,1404000
1986-06-26,0.481910,0.485189,0.478632,0.483550,379200
1986-06-27,0.486828,0.491745,0.483549,0.491745,902400
1986-06-30,0.491745,0.498302,0.485189,0.493384,4684800
1986-07-01,0.531085,0.531085,0.519611,0.524529,8580000
1986-07-02,0.521250,0.524529,0.519611,0.522889,1094400
1986-07-03,0.517972,0.521250,0.516333,0.517972,1017600
1986-07-07,0.519611,0.519611,0.504859,0.508137,700800
1986-07-08,0.504859,0.504859,0.490106,0.499941,4464000
1986-07-09,0.501580,0.504859,0.498302,0.499941,4459200
1986-07-10,0.503219,0.504858,0.498302,0.504858,1737600
1986-07-11,0.504858,0.514693,0.504858,0.513054,938400
1986-07-14,0.509776,0.509776,0.504858,0.504858,854400
1986-07-15,0.506498,0.508137,0.486828,0.488467,5145600
1986-07-16,0.488467,0.491746,0.485189,0.486828,4363200
1986-07-17,0.495024,0.511415,0.495024,0.499941,859200
1986-07-18,0.499941,0.501580,0.495024,0.498302,1545600
1986-07-21,0.496663,0.506498,0.496663,0.506498,969600
1986-07-22,0.508137,0.514694,0.506498,0.509776,4653600
1986-07-23,0.511416,0.513055,0.495024,0.495024,4507200
1986-07-24,0.498302,0.506498,0.498302,0.499941,2316000
1986-07-25,0.503219,0.511415,0.499941,0.509776,1190400
1986-07-28,0.509776,0.514693,0.501580,0.504858,2236800
1986-07-29,0.503219,0.506498,0.501580,0.506498,1454400
1986-07-30,0.504859,0.504859,0.498302,0.501580,1123200
1986-07-31,0.504859,0.504859,0.499941,0.503219,460800
1986-08-01,0.503219,0.508137,0.501580,0.501580,907200
1986-08-04,0.504234,0.507552,0.500917,0.504234,24720000
1986-08-05,0.507552,0.507552,0.500917,0.504234,1111200
1986-08-06,0.507552,0.512528,0.505893,0.505893,1024800
1986-08-07,0.509210,0.514186,0.505893,0.507551,892800
1986-08-08,0.505893,0.509210,0.500917,0.504234,2212800
1986-08-11,0.504234,0.507552,0.500917,0.502576,559200
1986-08-12,0.502575,0.505893,0.497599,0.499258,1228800
1986-08-13,0.490965,0.514186,0.490965,0.514186,996000
1986-08-14,0.515845,0.524138,0.514186,0.524138,696000
1986-08-15,0.524138,0.524138,0.520821,0.524138,568800
1986-08-18,0.524138,0.524138,0.517504,0.517504,302400
1986-08-19,0.517504,0.517504,0.500917,0.509210,928800
1986-08-20,0.505893,0.515845,0.505893,0.510869,705600
1986-08-21,0.514186,0.517503,0.510869,0.512527,580800
1986-08-22,0.514186,0.530773,0.514186,0.530773,1569600
1986-08-25,0.530773,0.532431,0.515845,0.529114,712800
1986-08-26,0.530773,0.534090,0.530773,0.532432,1212000
1986-08-27,0.534090,0.534090,0.530773,0.532432,1701600
1986-08-28,0.529114,0.532431,0.527455,0.530773,955200
1986-08-29,0.527455,0.530773,0.524138,0.524138,734400
1986-09-02,0.530773,0.530773,0.520821,0.520821,1075200
1986-09-03,0.524138,0.527455,0.517503,0.527455,1176000
1986-09-04,0.525797,0.547360,0.524138,0.545701,1867200
1986-09-05,0.545701,0.549018,0.537407,0.537407,4528800
1986-09-08,0.534090,0.537407,0.520821,0.529114,883200
1986-09-09,0.525797,0.534090,0.525797,0.527455,1816800
1986-09-10,0.527455,0.527455,0.517503,0.520821,1888800
1986-09-11,0.517504,0.517504,0.474378,0.474378,2241600
1986-09-12,0.477696,0.477696,0.452816,0.457792,2704800
1986-09-15,0.462768,0.466085,0.457792,0.464426,1303200
1986-09-16,0.462768,0.469402,0.457792,0.464426,1624800
1986-09-17,0.466085,0.472720,0.464426,0.469402,2364000
1986-09-18,0.474378,0.476037,0.467744,0.469402,2613600
1986-09-19,0.474378,0.494282,0.472720,0.490965,1305600
1986-09-22,0.487648,0.494282,0.482672,0.494282,741600
1986-09-23,0.490965,0.494282,0.485989,0.490965,1056000
1986-09-24,0.490965,0.492623,0.489306,0.490965,549600
1986-09-25,0.490965,0.490965,0.479354,0.485989,770400
1986-09-26,0.485989,0.494282,0.485989,0.485989,818400
1986-09-29,0.485989,0.487648,0.482672,0.484330,4108800
1986-09-30,0.481013,0.485989,0.476037,0.484330,4773600
1986-10-01,0.482672,0.487648,0.481013,0.481013,480000
1986-10-02,0.477696,0.477696,0.467744,0.469402,410400
1986-10-03,0.471061,0.474378,0.466085,0.472720,549600
1986-10-06,0.469402,0.469402,0.464426,0.466085,4080000
1986-10-07,0.466085,0.466085,0.447840,0.461109,5815200
1986-10-08,0.461109,0.462768,0.451157,0.456133,854400
1986-10-09,0.452816,0.466085,0.452816,0.464426,1956000
1986-10-10,0.464426,0.464426,0.459450,0.461109,573600
1986-10-13,0.459450,0.464426,0.457791,0.462767,1120800
1986-10-14,0.462768,0.462768,0.456133,0.456133,2234400
1986-10-15,0.456133,0.461109,0.452816,0.461109,4713600
1986-10-16,0.469402,0.474378,0.467744,0.471061,4252800
1986-10-17,0.471061,0.474378,0.459450,0.467743,1428000
1986-10-20,0.471061,0.471061,0.454474,0.454474,890400
1986-10-21,0.457792,0.461109,0.451157,0.461109,1728000
1986-10-22,0.461109,0.461109,0.457792,0.457792,4101600
1986-10-23,0.461109,0.467744,0.461109,0.464426,4413600
1986-10-24,0.464426,0.472720,0.464426,0.472720,964800
1986-10-27,0.469402,0.472719,0.464426,0.467743,453600
1986-10-28,0.466085,0.484330,0.466085,0.479354,792000
1986-10-29,0.481013,0.492624,0.481013,0.487648,1459200
1986-10-30,0.490965,0.490965,0.484330,0.485989,1442400
1986-10-31,0.484330,0.487648,0.484330,0.485989,1488000
1986-11-03,0.490355,0.493714,0.483638,0.490355,556800
1986-11-04,0.488675,0.502110,0.483638,0.502110,3064800
1986-11-05,0.498751,0.507148,0.498751,0.503789,1000800
1986-11-06,0.500431,0.503789,0.500431,0.503789,3091200
1986-11-07,0.505469,0.510507,0.503790,0.510507,895200
1986-11-10,0.507148,0.510507,0.500431,0.510507,439200
1986-11-11,0.510507,0.512186,0.507148,0.510507,273600
1986-11-12,0.510507,0.523941,0.507148,0.523941,2431200
1986-11-13,0.523941,0.528979,0.507148,0.507148,1912800
1986-11-14,0.508827,0.508827,0.505469,0.508827,283200
1986-11-17,0.507148,0.518903,0.503790,0.510507,388800
1986-11-18,0.513865,0.513865,0.471883,0.483638,1214400
1986-11-19,0.488676,0.488676,0.481959,0.483638,849600
1986-11-20,0.490355,0.498752,0.485317,0.498752,1708800
1986-11-21,0.497073,0.520583,0.497073,0.520583,1204800
1986-11-24,0.517224,0.522262,0.510506,0.517224,957600
1986-11-25,0.513865,0.530658,0.510507,0.527300,1137600
1986-11-26,0.523941,0.530658,0.517224,0.517224,439200
1986-11-28,0.512186,0.522262,0.510506,0.522262,468000
1986-12-01,0.518903,0.523941,0.510507,0.523941,849600
1986-12-02,0.523941,0.542413,0.522262,0.530658,2352000
1986-12-03,0.530658,0.539055,0.530658,0.537376,1022400
1986-12-04,0.534017,0.539054,0.527299,0.534017,1524000
1986-12-05,0.535696,0.539055,0.527300,0.530658,1713600
1986-12-08,0.528979,0.535696,0.523941,0.532337,703200
1986-12-09,0.528979,0.530658,0.518903,0.522262,1281600
1986-12-10,0.518903,0.523941,0.510507,0.523941,1490400
1986-12-11,0.520582,0.520582,0.510506,0.513865,1092000
1986-12-12,0.510507,0.517224,0.510507,0.515545,1711200
1986-12-15,0.515544,0.528979,0.508827,0.528979,3038400
1986-12-16,0.525620,0.537376,0.522262,0.537376,1689600
1986-12-17,0.534017,0.534017,0.517224,0.517224,1173600
1986-12-18,0.517224,0.523941,0.507148,0.517224,1490400
1986-12-19,0.513865,0.523941,0.510507,0.520583,2704800
1986-12-22,0.520582,0.532337,0.520582,0.532337,1884000
1986-12-23,0.532337,0.532337,0.503789,0.508827,3679200
1986-12-24,0.510506,0.520582,0.510506,0.517224,1771200
1986-12-26,0.517223,0.517223,0.510506,0.513865,98400
1986-12-29,0.515544,0.515544,0.503789,0.503789,2923200
1986-12-30,0.502110,0.502110,0.495393,0.497072,388800
1986-12-31,0.498751,0.498751,0.483638,0.488676,588000
1987-01-02,0.492034,0.498751,0.492034,0.493713,331200
1987-01-05,0.513865,0.517224,0.507148,0.515545,1756800
1987-01-06,0.515545,0.518903,0.497073,0.500431,955200
1987-01-07,0.503790,0.518903,0.503790,0.515545,2193600
1987-01-08,0.520582,0.534017,0.518903,0.530658,974400
1987-01-09,0.534016,0.537375,0.530658,0.535696,1492800
1987-01-12,0.535696,0.547451,0.532337,0.547451,1603200
1987-01-13,0.544093,0.547451,0.534017,0.542413,588000
1987-01-14,0.539055,0.557527,0.539055,0.557527,2157600
1987-01-15,0.557527,0.574320,0.550810,0.574320,1994400
1987-01-16,0.570961,0.570961,0.559206,0.559206,1795200
1987-01-19,0.555848,0.555848,0.540734,0.554168,681600
1987-01-20,0.552489,0.555848,0.544093,0.554168,1968000
1987-01-21,0.557527,0.564244,0.544093,0.544093,868800
1987-01-22,0.547451,0.555847,0.530658,0.547451,1233600
1987-01-23,0.547451,0.560885,0.513865,0.527300,2205600
1987-01-26,0.530658,0.537376,0.523941,0.537376,1344000
1987-01-27,0.537376,0.557527,0.537376,0.555848,12084000
1987-01-28,0.562565,0.564244,0.557527,0.559206,1881600
1987-01-29,0.562565,0.562565,0.554168,0.559206,595200
1987-01-30,0.559206,0.560885,0.550809,0.560885,444000
1987-02-02,0.550021,0.563602,0.546626,0.550021,888000
1987-02-03,0.550021,0.556811,0.548324,0.551719,619200
1987-02-04,0.553416,0.563602,0.550021,0.560207,4156800
1987-02-05,0.563602,0.566997,0.539835,0.556811,1850400
1987-02-06,0.556811,0.556811,0.550021,0.556811,549600
1987-02-09,0.556811,0.556811,0.543231,0.544928,331200
1987-02-10,0.543231,0.546626,0.539835,0.543231,3283200
1987-02-11,0.543231,0.553416,0.538138,0.553416,756000
1987-02-12,0.550021,0.550021,0.536440,0.541533,1106400
1987-02-13,0.543231,0.546626,0.539835,0.546626,2347200
1987-02-17,0.550021,0.555114,0.543231,0.555114,1939200
1987-02-18,0.556811,0.558509,0.550021,0.551719,1507200
1987-02-19,0.556811,0.570392,0.556811,0.565299,1358400
1987-02-20,0.566997,0.573788,0.566997,0.573788,3840000
1987-02-23,0.573788,0.575485,0.568695,0.573788,1742400
1987-02-24,0.573788,0.577183,0.570392,0.573788,1245600
1987-02-25,0.573787,0.573787,0.568694,0.570392,904800
1987-02-26,0.566997,0.566997,0.546626,0.560207,796800
1987-02-27,0.561904,0.561904,0.548324,0.550021,393600
1987-03-02,0.563602,0.568694,0.560206,0.566997,1276800
1987-03-03,0.570392,0.570392,0.563602,0.565299,1269600
1987-03-04,0.568694,0.568694,0.556811,0.566997,1411200
1987-03-05,0.565299,0.573787,0.563602,0.565299,592800
1987-03-06,0.565299,0.570392,0.560206,0.566997,487200
1987-03-09,0.566997,0.570392,0.553416,0.560207,566400
1987-03-10,0.556811,0.563602,0.556811,0.563602,698400
1987-03-11,0.560206,0.560206,0.544928,0.548323,902400
1987-03-12,0.551719,0.553416,0.544928,0.551719,561600
1987-03-13,0.550021,0.550021,0.538138,0.541533,940800
1987-03-16,0.543231,0.544928,0.536440,0.544928,432000
1987-03-17,0.541533,0.543231,0.538138,0.543231,960000
1987-03-18,0.541533,0.548323,0.531347,0.539835,986400
1987-03-19,0.536440,0.543231,0.536440,0.538138,508800
1987-03-20,0.543230,0.560206,0.543230,0.556811,2006400
1987-03-23,0.558509,0.561904,0.553416,0.553416,645600
1987-03-24,0.551718,0.558509,0.551718,0.553416,1341600
1987-03-25,0.553416,0.555114,0.550021,0.551719,2289600
1987-03-26,0.553416,0.556811,0.551719,0.551719,2647200
1987-03-27,0.555114,0.555114,0.538138,0.541533,1039200
1987-03-30,0.533045,0.536440,0.521162,0.521162,2383200
1987-03-31,0.524557,0.539835,0.519464,0.536440,1488000
1987-04-01,0.533045,0.536440,0.527952,0.536440,1716000
1987-04-02,0.534743,0.543231,0.534743,0.541533,2208000
1987-04-03,0.538138,0.550021,0.533045,0.550021,2138400
1987-04-06,0.546626,0.553416,0.546626,0.553416,909600
1987-04-07,0.551718,0.556811,0.544928,0.548323,998400
1987-04-08,0.546625,0.546625,0.533045,0.539835,996000
1987-04-09,0.536440,0.536440,0.502488,0.502488,2388000
1987-04-10,0.505884,0.512674,0.504186,0.512674,1711200
1987-04-13,0.519464,0.524557,0.499093,0.502488,1060800
1987-04-14,0.505883,0.505883,0.454955,0.468536,2119200
1987-04-15,0.477024,0.485512,0.471932,0.482117,1454400
1987-04-16,0.488908,0.505884,0.487210,0.505884,2174400
1987-04-20,0.516069,0.516069,0.509279,0.516069,900000
1987-04-21,0.512674,0.516069,0.502488,0.516069,1365600
1987-04-22,0.514372,0.519464,0.492303,0.495698,895200
1987-04-23,0.490605,0.495698,0.475327,0.492303,1324800
1987-04-24,0.495698,0.495698,0.488907,0.488907,1483200
1987-04-27,0.492303,0.497396,0.488908,0.494000,1072800
1987-04-28,0.497395,0.500790,0.494000,0.497395,1012800
1987-04-29,0.500791,0.505884,0.499093,0.505884,684000
1987-04-30,0.505883,0.512674,0.502488,0.509278,3381600
1987-05-01,0.509279,0.519464,0.505884,0.505884,1588800
1987-05-04,0.510351,0.518943,0.510351,0.510351,3501600
1987-05-05,0.510351,0.517224,0.508633,0.517224,4752000
1987-05-06,0.518943,0.524098,0.518943,0.518943,1569600
1987-05-07,0.517224,0.522379,0.515506,0.517224,496800
1987-05-08,0.518943,0.525817,0.515506,0.518943,580800
1987-05-11,0.522380,0.541282,0.522380,0.527535,3072000
1987-05-12,0.525816,0.525816,0.518943,0.525816,986400
1987-05-13,0.525816,0.536127,0.525816,0.530971,794400
1987-05-14,0.532690,0.536127,0.525816,0.530971,1286400
1987-05-15,0.527535,0.530971,0.525816,0.530971,756000
1987-05-18,0.530972,0.544718,0.529253,0.536127,1718400
1987-05-19,0.536126,0.536126,0.525816,0.527535,1308000
1987-05-20,0.527535,0.527535,0.524098,0.524098,1521600
1987-05-21,0.527535,0.530971,0.525816,0.527535,520800
1987-05-22,0.527535,0.537845,0.527535,0.534408,530400
1987-05-26,0.536126,0.543000,0.532690,0.537845,1180800
1987-05-27,0.549874,0.560184,0.539564,0.549874,3072000
1987-05-28,0.555028,0.555028,0.546436,0.546436,1360800
1987-05-29,0.549873,0.553310,0.546436,0.548155,984000
1987-06-01,0.551592,0.556747,0.548155,0.553310,1353600
1987-06-02,0.556747,0.561902,0.549874,0.558465,1012800
1987-06-03,0.563620,0.579085,0.561902,0.579085,1651200
1987-06-04,0.582522,0.584240,0.575649,0.577367,1255200
1987-06-05,0.577367,0.580804,0.573930,0.573930,1411200
1987-06-08,0.573930,0.577367,0.565339,0.577367,501600
1987-06-09,0.577367,0.591114,0.573930,0.582522,1300800
1987-06-10,0.582522,0.601424,0.579085,0.585959,614400
1987-06-11,0.585959,0.601424,0.585959,0.596269,549600
1987-06-12,0.597987,0.603142,0.591114,0.601424,960000
1987-06-15,0.603142,0.613452,0.594550,0.599705,1464000
1987-06-16,0.597987,0.610016,0.594551,0.608297,763200
1987-06-17,0.610015,0.615171,0.606579,0.611734,393600
1987-06-18,0.611734,0.613452,0.608297,0.611734,1876800
1987-06-19,0.618607,0.618607,0.611734,0.615170,1617600
1987-06-22,0.613452,0.616889,0.608297,0.611734,770400
1987-06-23,0.615170,0.615170,0.596269,0.603142,1048800
1987-06-24,0.603142,0.603142,0.587677,0.587677,700800
1987-06-25,0.591114,0.604861,0.591114,0.596269,1159200
1987-06-26,0.594550,0.596269,0.592832,0.592832,578400
1987-06-29,0.596269,0.599706,0.594550,0.597987,1401600
1987-06-30,0.596269,0.601424,0.582522,0.584240,1156800
1987-07-01,0.585959,0.585959,0.573930,0.579085,588000
1987-07-02,0.580804,0.585959,0.577367,0.580804,355200
1987-07-06,0.582522,0.582522,0.560184,0.563620,955200
1987-07-07,0.567057,0.580804,0.567057,0.580804,1017600
1987-07-08,0.582522,0.585959,0.580804,0.582522,1164000
1987-07-09,0.582522,0.585959,0.582522,0.582522,854400
1987-07-10,0.582522,0.587677,0.580804,0.580804,643200
1987-07-13,0.577367,0.577367,0.565339,0.568775,657600
1987-07-14,0.568775,0.577367,0.565339,0.577367,1430400
1987-07-15,0.577367,0.584240,0.575649,0.584240,897600
1987-07-16,0.594550,0.594550,0.587677,0.587677,1089600
1987-07-17,0.591114,0.591114,0.580804,0.589395,566400
1987-07-20,0.585959,0.587677,0.582522,0.587677,924000
1987-07-21,0.587677,0.597987,0.579085,0.579085,638400
1987-07-22,0.584240,0.585959,0.580804,0.585959,595200
1987-07-23,0.589395,0.594550,0.589395,0.594550,364800
1987-07-24,0.594550,0.596269,0.584240,0.587677,4576800
1987-07-27,0.584240,0.594550,0.584240,0.594550,1180800
1987-07-28,0.594551,0.594551,0.580804,0.585959,705600
1987-07-29,0.589395,0.589395,0.577367,0.580804,1334400
1987-07-30,0.584240,0.592832,0.580804,0.592832,1677600
1987-07-31,0.589395,0.594550,0.579085,0.579085,820800
1987-08-03,0.559285,0.578391,0.559285,0.559285,1759200
1987-08-04,0.562758,0.571443,0.562758,0.567969,1648800
1987-08-05,0.571443,0.583601,0.567969,0.578391,700800
1987-08-06,0.576654,0.604444,0.574917,0.599233,1660800
1987-08-07,0.611392,0.611392,0.594023,0.594023,1876800
1987-08-10,0.600970,0.620076,0.600970,0.620076,1994400
1987-08-11,0.614865,0.632234,0.614865,0.625287,6794400
1987-08-12,0.628761,0.646130,0.621813,0.639182,2236800
1987-08-13,0.642656,0.660025,0.640919,0.653077,1024800
1987-08-14,0.653078,0.653078,0.647867,0.651341,993600
1987-08-17,0.653077,0.666973,0.653077,0.666973,1512000
1987-08-18,0.663499,0.665236,0.649604,0.656551,2376000
1987-08-19,0.656551,0.663499,0.653077,0.661762,1214400
1987-08-20,0.661762,0.665236,0.653077,0.661762,1288800
1987-08-21,0.661762,0.665236,0.654815,0.663499,1497600
1987-08-24,0.663499,0.663499,0.646130,0.653077,540000
1987-08-25,0.656551,0.663499,0.654815,0.660025,1298400
1987-08-26,0.660025,0.660025,0.646130,0.653077,304800
1987-08-27,0.651341,0.651341,0.632234,0.642656,1490400
1987-08-28,0.639183,0.639183,0.618340,0.621813,1106400
1987-08-31,0.625287,0.632235,0.614866,0.632235,1348800
1987-09-01,0.639183,0.649604,0.621813,0.621813,1288800
1987-09-02,0.618340,0.620076,0.604444,0.620076,1356000
1987-09-03,0.628761,0.632235,0.625287,0.630498,2220000
1987-09-04,0.633972,0.639183,0.632235,0.637445,1468800
1987-09-08,0.637445,0.642656,0.635709,0.639182,1682400
1987-09-09,0.639183,0.644393,0.637445,0.640919,852000
1987-09-10,0.640919,0.642656,0.639182,0.639182,4708800
1987-09-11,0.639183,0.646130,0.639183,0.640919,468000
1987-09-14,0.640919,0.642656,0.635708,0.642656,765600
1987-09-15,0.642656,0.642656,0.635708,0.642656,1886400
1987-09-16,0.639183,0.642656,0.639183,0.640919,1228800
1987-09-17,0.642656,0.642656,0.640919,0.642656,1303200
1987-09-18,0.639182,0.642656,0.632235,0.632235,782400
1987-09-21,0.628761,0.635708,0.628761,0.628761,3132000
1987-09-22,0.632234,0.646130,0.621813,0.642656,2013600
1987-09-23,0.642656,0.642656,0.633972,0.639182,3410400
1987-09-24,0.635709,0.639182,0.633972,0.633972,1975200
1987-09-25,0.632235,0.632235,0.625287,0.628761,2066400
1987-09-28,0.632235,0.653078,0.632235,0.646130,1958400
1987-09-29,0.651341,0.651341,0.646130,0.647867,1406400
1987-09-30,0.646130,0.647867,0.633972,0.647867,5248800
1987-10-01,0.647867,0.654814,0.646130,0.654814,475200
1987-10-02,0.656551,0.660025,0.646130,0.649604,513600
1987-10-05,0.653078,0.653078,0.646130,0.646130,660000
1987-10-06,0.646130,0.651341,0.625287,0.628761,789600
1987-10-07,0.639182,0.642656,0.633972,0.639182,818400
1987-10-08,0.635709,0.639183,0.621813,0.623551,852000
1987-10-09,0.621813,0.628761,0.620076,0.621813,468000
1987-10-12,0.621813,0.628761,0.618339,0.625287,432000
1987-10-13,0.628761,0.649604,0.627024,0.646130,410400
1987-10-14,0.642656,0.642656,0.628761,0.628761,1298400
1987-10-15,0.618340,0.620077,0.604445,0.616603,1684800
1987-10-16,0.614866,0.614866,0.588812,0.614866,2440800
1987-10-19,0.611392,0.611392,0.524546,0.538442,6374400
1987-10-20,0.536705,0.552337,0.458544,0.475913,2090400
1987-10-21,0.479387,0.548863,0.479387,0.548863,1308000
1987-10-22,0.545389,0.559284,0.519336,0.548863,1893600
1987-10-23,0.540179,0.540179,0.514125,0.517599,2395200
1987-10-26,0.510651,0.510651,0.441175,0.441175,688800
1987-10-27,0.468965,0.482861,0.458544,0.468965,1828800
1987-10-28,0.468965,0.472439,0.455070,0.465491,1334400
1987-10-29,0.465492,0.486335,0.465492,0.486335,271200
1987-10-30,0.500230,0.517599,0.500230,0.500230,602400
1987-11-02,0.499526,0.513597,0.496008,0.506562,3542400
1987-11-03,0.496008,0.499526,0.488973,0.497767,3600000
1987-11-04,0.494250,0.506562,0.494250,0.506562,962400
1987-11-05,0.499526,0.513597,0.499526,0.513597,2090400
1987-11-06,0.513597,0.524151,0.506562,0.510080,1764000
1987-11-09,0.510080,0.510080,0.496009,0.499526,847200
1987-11-10,0.494250,0.496008,0.478420,0.487214,1536000
1987-11-11,0.490731,0.494249,0.488973,0.490731,427200
1987-11-12,0.487214,0.506562,0.487214,0.506562,3530400
1987-11-13,0.506562,0.506562,0.496009,0.496009,832800
1987-11-16,0.496008,0.501285,0.496008,0.497767,429600
1987-11-17,0.496009,0.497767,0.492491,0.496009,1015200
1987-11-18,0.497767,0.499526,0.494250,0.499526,2042400
1987-11-19,0.503044,0.510079,0.499526,0.504803,170400
1987-11-20,0.504803,0.504803,0.499526,0.503044,595200
1987-11-23,0.506562,0.520633,0.503044,0.520633,516000
1987-11-24,0.520633,0.531186,0.520633,0.531186,844800
1987-11-25,0.527669,0.534704,0.527669,0.534704,355200
1987-11-27,0.538222,0.538222,0.524150,0.524150,957600
1987-11-30,0.520633,0.520633,0.496008,0.503044,2047200
1987-12-01,0.506562,0.520633,0.506562,0.517115,780000
1987-12-02,0.513597,0.520633,0.513597,0.520633,1569600
1987-12-03,0.517115,0.517115,0.492491,0.496009,1269600
1987-12-04,0.492491,0.496009,0.474902,0.485455,1125600
1987-12-07,0.488973,0.504803,0.488973,0.504803,1132800
1987-12-08,0.501285,0.524150,0.501285,0.524150,619200
1987-12-09,0.520633,0.527668,0.520633,0.524150,1125600
1987-12-10,0.520633,0.524150,0.517115,0.524150,537600
1987-12-11,0.527668,0.527668,0.517115,0.520633,506400
1987-12-14,0.510080,0.520633,0.510080,0.520633,948000
1987-12-15,0.517115,0.534704,0.513597,0.520633,585600
1987-12-16,0.517115,0.534704,0.517115,0.534704,374400
1987-12-17,0.534704,0.545257,0.527668,0.527668,1886400
1987-12-18,0.548775,0.548775,0.534704,0.543499,2383200
1987-12-21,0.543498,0.548775,0.541739,0.545257,1161600
1987-12-22,0.547016,0.555811,0.541740,0.555811,350400
1987-12-23,0.559328,0.559328,0.545257,0.552293,1917600
1987-12-24,0.554052,0.554052,0.534704,0.547016,1303200
1987-12-28,0.536463,0.541740,0.531186,0.536463,235200
1987-12-29,0.534704,0.538222,0.532945,0.532945,141600
1987-12-30,0.525910,0.539981,0.525910,0.531186,1819200
1987-12-31,0.534704,0.538222,0.520633,0.520633,700800
1988-01-04,0.527669,0.555811,0.527669,0.548776,710400
1988-01-05,0.552293,0.562846,0.552293,0.552293,1046400
1988-01-06,0.550534,0.571641,0.545258,0.566365,1908000
1988-01-07,0.555811,0.566365,0.552294,0.566365,1312800
1988-01-08,0.562846,0.564605,0.524150,0.524150,667200
1988-01-11,0.522392,0.534704,0.517115,0.532945,1358400
1988-01-12,0.529427,0.536463,0.518874,0.536463,940800
1988-01-13,0.536463,0.539981,0.524151,0.531186,424800
1988-01-14,0.527668,0.545257,0.527668,0.545257,2061600
1988-01-15,0.548775,0.566364,0.548775,0.555811,684000
1988-01-18,0.552293,0.554052,0.541740,0.547016,1077600
1988-01-19,0.547016,0.569882,0.545257,0.559329,3314400
1988-01-20,0.561087,0.562846,0.557570,0.562846,1502400
1988-01-21,0.559329,0.559329,0.552294,0.554052,974400
1988-01-22,0.555811,0.573400,0.555811,0.569882,8104800
1988-01-25,0.571641,0.601542,0.571641,0.594507,722400
1988-01-26,0.590988,0.594506,0.587471,0.589230,424800
1988-01-27,0.598024,0.605060,0.580435,0.583953,1238400
1988-01-28,0.583953,0.589230,0.580435,0.587471,4752000
1988-01-29,0.583953,0.587471,0.582194,0.587471,2692800
1988-02-01,0.586759,0.592094,0.583203,0.590316,5260800
1988-02-02,0.590316,0.592094,0.584982,0.592094,8181600
1988-02-03,0.592094,0.600984,0.584982,0.590316,5076000
1988-02-04,0.590316,0.609874,0.590316,0.606318,1807200
1988-02-05,0.606318,0.622321,0.606318,0.622321,1732800
1988-02-08,0.618765,0.625877,0.613431,0.625877,2464800
1988-02-09,0.624099,0.625877,0.622321,0.625877,856800
1988-02-10,0.625876,0.643657,0.625876,0.640101,2016000
1988-02-11,0.638324,0.640101,0.625877,0.627655,2596800
1988-02-12,0.629433,0.636545,0.622321,0.625877,1800000
1988-02-16,0.627655,0.627655,0.616987,0.618765,211200
1988-02-17,0.616987,0.618765,0.600984,0.600984,655200
1988-02-18,0.604540,0.608096,0.595650,0.595650,1024800
1988-02-19,0.597428,0.604540,0.593872,0.604540,1490400
1988-02-22,0.602762,0.611652,0.597428,0.608096,2642400
1988-02-23,0.608096,0.620543,0.604540,0.615208,3465600
1988-02-24,0.615208,0.616987,0.613430,0.615208,3456000
1988-02-25,0.615208,0.632989,0.615208,0.622321,967200
1988-02-26,0.622321,0.634767,0.622321,0.632989,590400
1988-02-29,0.634767,0.634767,0.631211,0.632989,434400
1988-03-01,0.636545,0.640101,0.618764,0.624099,2356800
1988-03-02,0.627655,0.627655,0.608096,0.611652,1653600
1988-03-03,0.611652,0.615208,0.600984,0.613430,4077600
1988-03-04,0.618765,0.622321,0.615208,0.622321,2637600
1988-03-07,0.620542,0.622321,0.618765,0.618765,1574400
1988-03-08,0.622321,0.625877,0.620543,0.625877,2740800
1988-03-09,0.625877,0.625877,0.615208,0.620542,2020800
1988-03-10,0.616987,0.616987,0.600984,0.602762,748800
1988-03-11,0.602762,0.602762,0.586760,0.595650,902400
1988-03-14,0.599206,0.608096,0.599206,0.602762,650400
1988-03-15,0.604540,0.604540,0.597428,0.600984,619200
1988-03-16,0.604540,0.604540,0.599206,0.602762,523200
1988-03-17,0.600985,0.611653,0.599206,0.609875,376800
1988-03-18,0.611652,0.618764,0.608096,0.616987,1485600
1988-03-21,0.613431,0.613431,0.602762,0.602762,842400
1988-03-22,0.600984,0.606318,0.600984,0.606318,578400
1988-03-23,0.609874,0.629433,0.608097,0.625877,1584000
1988-03-24,0.636545,0.636545,0.629433,0.631211,3172800
1988-03-25,0.631211,0.634767,0.629433,0.631211,876000
1988-03-28,0.625877,0.625877,0.620542,0.620542,784800
1988-03-29,0.618764,0.618764,0.615208,0.616987,936000
1988-03-30,0.616987,0.616987,0.604540,0.604540,244800
1988-03-31,0.600984,0.602762,0.597428,0.600984,492000
1988-04-04,0.597428,0.599206,0.583203,0.586760,772800
1988-04-05,0.583204,0.597428,0.583204,0.597428,1663200
1988-04-06,0.595650,0.615208,0.592094,0.615208,2575200
1988-04-07,0.615208,0.618765,0.613430,0.615208,1255200
1988-04-08,0.613430,0.620542,0.609874,0.618765,1219200
1988-04-11,0.618765,0.620542,0.611652,0.618765,760800
1988-04-12,0.615208,0.618764,0.611652,0.616987,1838400
1988-04-13,0.616987,0.618764,0.615208,0.616987,266400
1988-04-14,0.613431,0.615209,0.593872,0.593872,1058400
1988-04-15,0.588538,0.600984,0.586760,0.600984,765600
1988-04-18,0.595650,0.595650,0.590316,0.593872,854400
1988-04-19,0.593872,0.599206,0.590316,0.590316,2294400
1988-04-20,0.586760,0.593872,0.586760,0.586760,1286400
1988-04-21,0.597428,0.597428,0.583203,0.586760,926400
1988-04-22,0.586759,0.590316,0.584982,0.590316,1029600
1988-04-25,0.588538,0.597428,0.588538,0.597428,1917600
1988-04-26,0.590316,0.599206,0.590316,0.597428,535200
1988-04-27,0.597428,0.597428,0.595650,0.595650,532800
1988-04-28,0.595650,0.599206,0.595650,0.599206,266400
1988-04-29,0.595650,0.595650,0.590316,0.592094,4116000
1988-05-02,0.592094,0.601092,0.590294,0.593893,343200
1988-05-03,0.597493,0.606491,0.597493,0.606491,496800
1988-05-04,0.604692,0.606491,0.601092,0.601092,955200
1988-05-05,0.601092,0.601092,0.593893,0.593893,645600
1988-05-06,0.595693,0.604691,0.595693,0.602892,595200
1988-05-09,0.601092,0.608291,0.599293,0.606491,1202400
1988-05-10,0.610091,0.611890,0.604692,0.608291,1202400
1988-05-11,0.608291,0.608291,0.597493,0.601092,662400
1988-05-12,0.597493,0.601092,0.595693,0.595693,324000
1988-05-13,0.595693,0.608291,0.595693,0.608291,516000
1988-05-16,0.604692,0.606491,0.599293,0.601092,1380000
1988-05-17,0.601092,0.602892,0.595693,0.595693,444000
1988-05-18,0.597493,0.597493,0.593893,0.595693,880800
1988-05-19,0.593894,0.601092,0.590294,0.601092,984000
1988-05-20,0.597493,0.597493,0.586695,0.590294,1516800
1988-05-23,0.590294,0.592094,0.586695,0.590294,1771200
1988-05-24,0.586695,0.590294,0.584895,0.590294,1411200
1988-05-25,0.590294,0.597493,0.590294,0.595693,2191200
1988-05-26,0.595693,0.599292,0.595693,0.597493,3369600
1988-05-27,0.599292,0.599292,0.595693,0.597493,957600
1988-05-31,0.601092,0.608291,0.601092,0.608291,3628800
1988-06-01,0.608291,0.622688,0.608291,0.620888,3595200
1988-06-02,0.620889,0.620889,0.615490,0.617289,1027200
1988-06-03,0.617289,0.624488,0.617289,0.624488,1860000
1988-06-06,0.626288,0.628087,0.624488,0.626288,1996800
1988-06-07,0.626288,0.629887,0.619089,0.619089,597600
1988-06-08,0.619089,0.644284,0.619089,0.644284,3223200
1988-06-09,0.640685,0.649683,0.640685,0.644284,2443200
1988-06-10,0.644285,0.662282,0.642485,0.656883,1252800
1988-06-13,0.656882,0.667680,0.656882,0.662281,2184000
1988-06-14,0.665880,0.680278,0.665880,0.674879,2292000
1988-06-15,0.671279,0.671279,0.664081,0.667680,1920000
1988-06-16,0.667680,0.667680,0.651483,0.662281,1293600
1988-06-17,0.665880,0.665880,0.655082,0.655082,3108000
1988-06-20,0.651483,0.651483,0.640685,0.644284,969600
1988-06-21,0.644284,0.651483,0.638885,0.649683,1464000
1988-06-22,0.651483,0.669480,0.647884,0.665881,3336000
1988-06-23,0.669480,0.669480,0.665880,0.667680,2373600
1988-06-24,0.671279,0.687476,0.671279,0.676678,5671200
1988-06-27,0.671280,0.676679,0.662281,0.662281,2244000
1988-06-28,0.658682,0.664081,0.653283,0.658682,1084800
1988-06-29,0.662281,0.671279,0.658682,0.669480,2224800
1988-06-30,0.669480,0.689277,0.669480,0.683878,1144800
1988-07-01,0.682978,0.688377,0.658682,0.669480,715200
1988-07-05,0.664081,0.680278,0.661381,0.680278,1035200
1988-07-06,0.680278,0.680278,0.664081,0.669480,3724800
1988-07-07,0.664081,0.672179,0.664081,0.664081,1478400
1988-07-08,0.664081,0.664081,0.658682,0.658682,1569600
1988-07-11,0.664081,0.669480,0.661382,0.666781,806400
1988-07-12,0.666780,0.669480,0.658682,0.664081,836800
1988-07-13,0.666780,0.666780,0.661381,0.664081,1105600
1988-07-14,0.664081,0.674879,0.664081,0.674879,1745600
1988-07-15,0.674879,0.680278,0.672180,0.677579,1052800
1988-07-18,0.677579,0.680278,0.666781,0.669480,376000
1988-07-19,0.669480,0.685677,0.669480,0.685677,699200
1988-07-20,0.685677,0.688376,0.677578,0.688376,843200
1988-07-21,0.688377,0.691076,0.685677,0.685677,753600
1988-07-22,0.685677,0.691076,0.682978,0.682978,793600
1988-07-25,0.682978,0.685677,0.674879,0.685677,347200
1988-07-26,0.685677,0.685677,0.677579,0.677579,876800
1988-07-27,0.677579,0.677579,0.669480,0.669480,1792000
1988-07-28,0.669480,0.688376,0.669480,0.688376,788800
1988-07-29,0.691076,0.712672,0.691076,0.696475,2428800
1988-08-01,0.695537,0.717357,0.692809,0.714630,419200
1988-08-02,0.714630,0.720085,0.703720,0.703720,1646400
1988-08-03,0.714630,0.725540,0.709175,0.720085,1379200
1988-08-04,0.722813,0.752816,0.722813,0.752816,4064000
1988-08-05,0.752816,0.769182,0.752816,0.763726,3545600
1988-08-08,0.763727,0.769182,0.758271,0.760999,3524800
1988-08-09,0.763727,0.763727,0.725540,0.730995,1574400
1988-08-10,0.728268,0.728268,0.706447,0.709175,536000
1988-08-11,0.714630,0.720085,0.711902,0.717357,1206400
1988-08-12,0.720085,0.720085,0.709175,0.717357,1689600
1988-08-15,0.714630,0.717358,0.703720,0.703720,1140800
1988-08-16,0.698264,0.717358,0.692809,0.711903,2884800
1988-08-17,0.714630,0.720085,0.711902,0.717357,2449600
1988-08-18,0.714630,0.722813,0.714630,0.717357,1593600
1988-08-19,0.720085,0.722813,0.714630,0.722813,1070400
1988-08-22,0.722813,0.722813,0.717357,0.717357,654400
1988-08-23,0.717357,0.720085,0.717357,0.720085,1736000
1988-08-24,0.720085,0.730995,0.720085,0.730995,1024000
1988-08-25,0.728268,0.728268,0.720085,0.728268,1747200
1988-08-26,0.728268,0.733723,0.728268,0.730995,2724800
1988-08-29,0.733723,0.747361,0.733723,0.741906,2035200
1988-08-30,0.736450,0.747361,0.736450,0.744633,3836800
1988-08-31,0.747360,0.750088,0.739178,0.739178,2272000
1988-09-01,0.736451,0.736451,0.717358,0.725541,2078400
1988-09-02,0.720085,0.741906,0.720085,0.741906,2504000
1988-09-06,0.741906,0.750089,0.741906,0.747361,1870400
1988-09-07,0.750089,0.752816,0.739178,0.741906,787200
1988-09-08,0.741906,0.750089,0.741906,0.750089,3121600
1988-09-09,0.747361,0.758271,0.741906,0.755544,1996800
1988-09-12,0.760999,0.763727,0.755544,0.758272,892800
1988-09-13,0.755544,0.760999,0.755544,0.760999,1492800
1988-09-14,0.760999,0.769182,0.758271,0.769182,1459200
1988-09-15,0.763726,0.769181,0.760999,0.766454,1403200
1988-09-16,0.763726,0.763726,0.758271,0.763726,1520000
1988-09-19,0.760999,0.763726,0.752816,0.763726,864000
1988-09-20,0.769182,0.769182,0.755544,0.760999,1020800
1988-09-21,0.755544,0.755544,0.750089,0.750089,715200
1988-09-22,0.744634,0.744634,0.717358,0.722813,1720000
1988-09-23,0.717358,0.736451,0.711903,0.725541,2380800
1988-09-26,0.728268,0.736451,0.722813,0.730995,721600
1988-09-27,0.730995,0.739178,0.730995,0.733723,1017600
1988-09-28,0.736451,0.741906,0.736451,0.741906,1300800
1988-09-29,0.736451,0.744634,0.725541,0.725541,1867200
1988-09-30,0.730995,0.741906,0.728268,0.736451,1590400
1988-10-03,0.741906,0.741906,0.725540,0.730995,979200
1988-10-04,0.733723,0.744633,0.725540,0.739178,630400
1988-10-05,0.744633,0.755544,0.739178,0.752816,1272000
1988-10-06,0.747361,0.750089,0.741906,0.747361,436800
1988-10-07,0.747361,0.750089,0.741906,0.750089,1134400
1988-10-10,0.750088,0.750088,0.739178,0.739178,934400
1988-10-11,0.736451,0.741906,0.725540,0.741906,569600
1988-10-12,0.739178,0.739178,0.711902,0.714630,2472000
1988-10-13,0.709175,0.720085,0.706447,0.717357,2241600
1988-10-14,0.714630,0.725540,0.714630,0.720085,1534400
1988-10-17,0.722813,0.722813,0.717357,0.717357,657600
1988-10-18,0.722813,0.722813,0.709175,0.711903,1856000
1988-10-19,0.711902,0.714630,0.692809,0.706447,2257600
1988-10-20,0.706447,0.709174,0.700992,0.706447,1520000
1988-10-21,0.706447,0.709175,0.700992,0.703720,4926400
1988-10-24,0.690082,0.700992,0.690082,0.698264,1824000
1988-10-25,0.700992,0.706447,0.698264,0.703720,2947200
1988-10-26,0.703720,0.709175,0.700992,0.709175,7107200
1988-10-27,0.706447,0.711902,0.695537,0.698264,2366400
1988-10-28,0.698264,0.703720,0.695537,0.703720,849600
1988-10-31,0.702771,0.711039,0.700015,0.708283,2182400
1988-11-01,0.705527,0.733087,0.705527,0.730331,2555200
1988-11-02,0.724820,0.727575,0.719308,0.719308,1755200
1988-11-03,0.722063,0.724819,0.716551,0.716551,888000
1988-11-04,0.716551,0.727575,0.716551,0.716551,2752000
1988-11-07,0.716551,0.716551,0.708283,0.711039,980800
1988-11-08,0.716551,0.719307,0.711039,0.713795,2488000
1988-11-09,0.716551,0.722063,0.711039,0.713795,1113600
1988-11-10,0.713796,0.724820,0.711040,0.722063,769600
1988-11-11,0.716551,0.719307,0.700015,0.705527,470400
1988-11-14,0.705527,0.711039,0.700015,0.708283,1825600
1988-11-15,0.708283,0.713795,0.708283,0.711039,1684800
1988-11-16,0.708283,0.711039,0.700015,0.702772,1443200
1988-11-17,0.705527,0.705527,0.691747,0.694503,1388800
1988-11-18,0.700015,0.702772,0.697260,0.702772,872000
1988-11-21,0.700015,0.705527,0.700015,0.705527,1153600
1988-11-22,0.705527,0.705527,0.697260,0.702772,761600
1988-11-23,0.705527,0.705527,0.697259,0.705527,2019200
1988-11-25,0.705527,0.708283,0.702771,0.708283,763200
1988-11-28,0.705527,0.711039,0.705527,0.708283,731200
1988-11-29,0.708283,0.711039,0.708283,0.708283,848000
1988-11-30,0.708283,0.716551,0.705527,0.713795,1528000
1988-12-01,0.713795,0.716551,0.702771,0.705527,2288000
1988-12-02,0.705527,0.705527,0.700015,0.702772,2252800
1988-12-05,0.702772,0.705527,0.700015,0.702772,1462400
1988-12-06,0.702771,0.713795,0.702771,0.705527,3035200
1988-12-07,0.708283,0.716551,0.708283,0.713795,1907200
1988-12-08,0.711039,0.724819,0.711039,0.724819,1460800
1988-12-09,0.722063,0.727575,0.722063,0.727575,1305600
1988-12-12,0.727575,0.733087,0.724819,0.727575,1966400
1988-12-13,0.733087,0.733087,0.727575,0.730331,1611200
1988-12-14,0.733087,0.733087,0.713796,0.719308,632000
1988-12-15,0.719307,0.719307,0.705527,0.711039,1910400
1988-12-16,0.705527,0.713795,0.702771,0.713795,1566400
1988-12-19,0.708284,0.722063,0.708284,0.722063,856000
1988-12-20,0.722063,0.722063,0.702772,0.702772,3150400
1988-12-21,0.705527,0.705527,0.691748,0.691748,2948800
1988-12-22,0.691748,0.697260,0.691748,0.697260,3444800
1988-12-23,0.700015,0.705527,0.700015,0.702772,230400
1988-12-27,0.708283,0.711039,0.705527,0.705527,1468800
1988-12-28,0.708283,0.708283,0.697260,0.702772,232000
1988-12-29,0.705527,0.711039,0.705527,0.705527,1947200
1988-12-30,0.705527,0.711039,0.705527,0.708283,411200
1989-01-03,0.708283,0.708283,0.702771,0.705527,363200
1989-01-04,0.705527,0.716551,0.705527,0.716551,2483200
1989-01-05,0.719307,0.719307,0.713796,0.716551,1984000
1989-01-06,0.716552,0.722063,0.716552,0.722063,1617600
1989-01-09,0.722063,0.724819,0.719307,0.724819,884800
1989-01-10,0.724819,0.733087,0.722063,0.724819,1289600
1989-01-11,0.719308,0.719308,0.711040,0.719308,1372800
1989-01-12,0.724819,0.727575,0.722063,0.724819,1268800
1989-01-13,0.727575,0.733087,0.724820,0.733087,1209600
1989-01-16,0.733087,0.733087,0.727575,0.730331,1214400
1989-01-17,0.730331,0.735843,0.727575,0.735843,1195200
1989-01-18,0.735843,0.738599,0.727575,0.738599,1187200
1989-01-19,0.735843,0.760647,0.735843,0.760647,846400
1989-01-20,0.760647,0.760647,0.752379,0.760647,1366400
1989-01-23,0.766159,0.768915,0.760647,0.760647,2752000
1989-01-24,0.763403,0.766159,0.760647,0.766159,1163200
1989-01-25,0.768915,0.777182,0.763403,0.777182,1908800
1989-01-26,0.774427,0.782694,0.774427,0.777182,1257600
1989-01-27,0.782694,0.785451,0.774427,0.779939,2174400
1989-01-30,0.779827,0.790968,0.779827,0.790968,1182400
1989-01-31,0.785397,0.807678,0.779827,0.802108,4129600
1989-02-01,0.807678,0.807678,0.802108,0.807678,1465600
1989-02-02,0.802108,0.810463,0.799323,0.799323,2164800
1989-02-03,0.802108,0.804893,0.796538,0.796538,1078400
1989-02-06,0.799323,0.802108,0.796538,0.799323,955200
1989-02-07,0.802108,0.802108,0.796537,0.802108,5296000
1989-02-08,0.799323,0.807678,0.796537,0.802108,1068800
1989-02-09,0.796537,0.802108,0.796537,0.802108,2166400
1989-02-10,0.799323,0.804893,0.799323,0.802108,932800
1989-02-13,0.807678,0.810464,0.796538,0.804893,899200
1989-02-14,0.802108,0.807678,0.796538,0.796538,352000
1989-02-15,0.793753,0.799323,0.790968,0.799323,2864000
1989-02-16,0.799323,0.802108,0.790967,0.793753,1040000
1989-02-17,0.793753,0.804893,0.793753,0.802108,1324800
1989-02-21,0.799323,0.802108,0.796538,0.796538,1958400
1989-02-22,0.796538,0.796538,0.788182,0.788182,987200
1989-02-23,0.788182,0.790967,0.788182,0.788182,728000
1989-02-24,0.790968,0.793753,0.788183,0.790968,1286400
1989-02-27,0.790967,0.790967,0.779827,0.782612,576000
1989-02-28,0.779827,0.788182,0.774257,0.788182,1836800
1989-03-01,0.790968,0.790968,0.785397,0.785397,1294400
1989-03-02,0.788182,0.796538,0.779827,0.796538,11139200
1989-03-03,0.790968,0.793753,0.785398,0.790968,385600
1989-03-06,0.796537,0.807678,0.793752,0.807678,14528000
1989-03-07,0.807678,0.807678,0.793753,0.793753,1118400
1989-03-08,0.793753,0.802108,0.790968,0.790968,654400
1989-03-09,0.802108,0.802108,0.799323,0.802108,976000
1989-03-10,0.802108,0.802108,0.793753,0.802108,622400
1989-03-13,0.802108,0.810464,0.799323,0.804893,584000
1989-03-14,0.804893,0.804893,0.793753,0.799323,547200
1989-03-15,0.802108,0.802108,0.790968,0.799323,563200
1989-03-16,0.802108,0.813248,0.799323,0.807678,1323200
1989-03-17,0.785397,0.804893,0.785397,0.799323,2204800
1989-03-20,0.793753,0.802108,0.790967,0.802108,1761600
1989-03-21,0.807678,0.813248,0.802108,0.813248,1787200
1989-03-22,0.813248,0.816033,0.810463,0.813248,1632000
1989-03-23,0.816033,0.816033,0.813248,0.813248,1988800
1989-03-27,0.810463,0.829958,0.810463,0.829958,1598400
1989-03-28,0.829959,0.835529,0.824389,0.824389,2203200
1989-03-29,0.824389,0.829959,0.818818,0.818818,537600
1989-03-30,0.818818,0.821603,0.813248,0.813248,2598400
1989-03-31,0.816033,0.827174,0.816033,0.818818,2483200
1989-04-03,0.818818,0.829958,0.813248,0.821603,1080000
1989-04-04,0.821604,0.827174,0.818818,0.818818,651200
1989-04-05,0.821604,0.827174,0.818818,0.818818,468800
1989-04-06,0.810463,0.824389,0.804893,0.818818,652800
1989-04-07,0.813248,0.824389,0.810463,0.824389,512000
1989-04-10,0.824388,0.832744,0.824388,0.832744,902400
1989-04-11,0.838314,0.838314,0.835529,0.838314,928000
1989-04-12,0.838314,0.838314,0.816033,0.821603,841600
1989-04-13,0.821603,0.821603,0.799323,0.807678,1067200
1989-04-14,0.813248,0.813248,0.807678,0.813248,736000
1989-04-17,0.810463,0.821603,0.810463,0.821603,2276800
1989-04-18,0.818818,0.835529,0.818818,0.835529,1660800
1989-04-19,0.832744,0.841099,0.832744,0.841099,494400
1989-04-20,0.835529,0.841099,0.832744,0.835529,1329600
1989-04-21,0.835529,0.855025,0.835529,0.852240,873600
1989-04-24,0.852239,0.852239,0.846669,0.849455,2144000
1989-04-25,0.849455,0.849455,0.835529,0.835529,678400
1989-04-26,0.835529,0.849455,0.835529,0.846669,707200
1989-04-27,0.846669,0.846669,0.841099,0.843885,891200
1989-04-28,0.843884,0.846669,0.835529,0.846669,547200
1989-05-01,0.843744,0.846557,0.838119,0.846557,867200
1989-05-02,0.849369,0.849369,0.835307,0.835307,620800
1989-05-03,0.832494,0.832494,0.821244,0.826869,2304000
1989-05-04,0.829682,0.832494,0.821244,0.826869,1014400
1989-05-05,0.832495,0.832495,0.821245,0.821245,886400
1989-05-08,0.824057,0.824057,0.815620,0.824057,448000
1989-05-09,0.824057,0.824057,0.821245,0.824057,1545600
1989-05-10,0.821245,0.824057,0.812807,0.821245,1435200
1989-05-11,0.821245,0.821245,0.815620,0.818433,3867200
1989-05-12,0.821244,0.829682,0.821244,0.829682,3718400
1989-05-15,0.832494,0.852182,0.829682,0.849369,3001600
1989-05-16,0.849369,0.849369,0.843744,0.843744,1046400
1989-05-17,0.846557,0.846557,0.843744,0.846557,544000
1989-05-18,0.846557,0.863432,0.843744,0.863432,7670400
1989-05-19,0.866244,0.871869,0.866244,0.871869,2728000
1989-05-22,0.883119,0.888744,0.874682,0.877494,1430400
1989-05-23,0.888744,0.888744,0.860619,0.863432,1054400
1989-05-24,0.863432,0.894369,0.857807,0.883119,1827200
1989-05-25,0.885932,0.888744,0.871870,0.874682,558400
1989-05-26,0.871869,0.883119,0.871869,0.880306,942400
1989-05-30,0.880307,0.883119,0.860619,0.866244,472000
1989-05-31,0.869057,0.880307,0.866244,0.871869,414400
1989-06-01,0.877494,0.894369,0.874682,0.888744,1708800
1989-06-02,0.891556,0.902806,0.891556,0.902806,1153600
1989-06-05,0.902806,0.911244,0.899994,0.902806,504000
1989-06-06,0.908431,0.922494,0.902806,0.908431,1008000
1989-06-07,0.911244,0.925307,0.908432,0.925307,382400
1989-06-08,0.925307,0.933744,0.922494,0.933744,489600
1989-06-09,0.933744,0.942181,0.928119,0.936556,582400
1989-06-12,0.933744,0.936556,0.925306,0.936556,608000
1989-06-13,0.930931,0.936556,0.928119,0.933744,932800
1989-06-14,0.933744,0.944994,0.933744,0.942181,937600
1989-06-15,0.942181,0.950619,0.939369,0.939369,2376000
1989-06-16,0.936557,0.959056,0.936557,0.953431,2363200
1989-06-19,0.953431,0.959056,0.944994,0.953431,528000
1989-06-20,0.947807,0.961869,0.947807,0.956244,1670400
1989-06-21,0.956244,0.967494,0.953431,0.953431,2291200
1989-06-22,0.953432,0.984369,0.950619,0.978744,2811200
1989-06-23,0.978744,1.009681,0.978744,1.001243,3646400
1989-06-26,0.995619,1.023743,0.992806,1.023743,2996800
1989-06-27,1.018118,1.026556,0.998431,1.012493,3406400
1989-06-28,1.012494,1.012494,0.973119,0.973119,1806400
1989-06-29,0.973118,0.973118,0.944994,0.944994,1587200
1989-06-30,0.939368,0.947806,0.922493,0.947806,1940800
1989-07-03,0.944994,0.947806,0.942181,0.944994,670400
1989-07-05,0.944994,0.961869,0.942182,0.961869,2300800
1989-07-06,0.964682,0.978744,0.964682,0.973119,3116800
1989-07-07,0.975932,0.995619,0.956244,0.973119,2697600
1989-07-10,0.973119,0.981556,0.973119,0.978744,1136000
1989-07-11,0.981557,0.987182,0.973119,0.973119,1056000
1989-07-12,0.975931,0.978744,0.970306,0.978744,584000
1989-07-13,0.984368,0.984368,0.961868,0.967493,833600
1989-07-14,0.973118,0.981555,0.961868,0.981555,1336000
1989-07-17,0.987181,0.987181,0.961869,0.961869,739200
1989-07-18,0.961869,0.964682,0.944994,0.950619,1504000
1989-07-19,0.950619,0.956244,0.942182,0.953431,908800
1989-07-20,0.956244,0.956244,0.944994,0.953431,2328000
1989-07-21,0.947806,0.961869,0.939369,0.961869,2529600
1989-07-24,0.967494,0.978744,0.944994,0.950619,1463200
1989-07-25,0.956244,0.956244,0.939369,0.950619,391200
1989-07-26,0.956244,0.961869,0.950619,0.956244,1108800
1989-07-27,0.961869,0.961869,0.950619,0.961869,924800
1989-07-28,0.961869,0.961869,0.944994,0.950619,1020000
1989-07-31,0.953342,0.976041,0.953342,0.964692,1544000
1989-08-01,0.970367,0.998740,0.953343,0.970367,3108000
1989-08-02,0.970367,0.987391,0.970367,0.981716,1193600
1989-08-03,0.987391,1.010089,0.981716,0.981716,1906400
1989-08-04,0.987391,0.987391,0.964692,0.981716,1295200
1989-08-07,0.987390,1.021438,0.981716,1.021438,2254400
1989-08-08,1.021438,1.032788,1.004414,1.027113,1487200
1989-08-09,1.015764,1.044137,1.010089,1.010089,1081600
1989-08-10,1.015764,1.055486,1.010089,1.021438,1139200
1989-08-11,1.015764,1.038462,0.964692,0.987390,2299200
1989-08-14,0.987391,1.004415,0.987391,0.993065,1246400
1989-08-15,1.004415,1.010089,0.987391,0.993065,610400
1989-08-16,0.987391,1.010090,0.987391,0.998740,1277600
1989-08-17,0.998740,1.015764,0.976041,0.981716,624800
1989-08-18,0.981716,0.981716,0.970367,0.981716,1447200
1989-08-21,0.976041,0.981715,0.964692,0.964692,838400
1989-08-22,0.970367,0.976041,0.953343,0.970367,684800
1989-08-23,0.959017,0.964692,0.947668,0.947668,2121600
1989-08-24,0.959018,0.993065,0.959018,0.993065,998400
1989-08-25,1.004415,1.010090,0.998740,0.998740,748000
1989-08-28,0.998740,1.021438,0.998740,1.021438,813600
1989-08-29,1.021438,1.021438,1.004414,1.010089,1361600
1989-08-30,1.004414,1.015764,1.004414,1.004414,918400
1989-08-31,1.004414,1.010089,0.998740,1.010089,1393600
1989-09-01,0.998740,1.021438,0.998740,1.021438,812800
1989-09-05,1.010089,1.032788,1.004414,1.021438,1727200
1989-09-06,1.021438,1.021438,0.987390,1.004414,633600
1989-09-07,0.993065,0.998740,0.987390,0.987390,507200
1989-09-08,0.998739,1.021438,0.981715,1.015763,573600
1989-09-11,1.010089,1.021438,0.998739,1.015763,594400
1989-09-12,1.010089,1.027113,1.010089,1.015763,435200
1989-09-13,1.004414,1.027113,1.004414,1.010089,1691200
1989-09-14,1.004414,1.015764,1.004414,1.010089,430400
1989-09-15,1.010089,1.021438,1.010089,1.010089,1354400
1989-09-18,1.015764,1.021438,1.010089,1.021438,530400
1989-09-19,1.021438,1.021438,1.010089,1.015763,784000
1989-09-20,1.010089,1.032788,1.010089,1.032788,1242400
1989-09-21,1.032788,1.038462,1.021438,1.021438,491200
1989-09-22,1.027113,1.032788,1.021438,1.027113,400000
1989-09-25,1.032788,1.038462,1.021438,1.027113,585600
1989-09-26,1.027113,1.055486,1.027113,1.027113,1336000
1989-09-27,1.021438,1.032788,1.015764,1.027113,747200
1989-09-28,1.027113,1.044137,1.015763,1.038462,2688000
1989-09-29,1.044137,1.044137,1.021438,1.044137,694400
1989-10-02,1.038463,1.089534,1.032788,1.083860,611200
1989-10-03,1.083860,1.083860,1.072511,1.072511,1121600
1989-10-04,1.078185,1.078185,1.044137,1.044137,755200
1989-10-05,1.055486,1.061161,1.049812,1.061161,820800
1989-10-06,1.061161,1.061161,1.044137,1.049812,1229600
1989-10-09,1.061161,1.061161,1.038462,1.061161,705600
1989-10-10,1.066836,1.095209,1.066836,1.083860,627200
1989-10-11,1.078185,1.083860,1.044137,1.061161,646400
1989-10-12,1.049811,1.055486,1.021438,1.044137,940800
1989-10-13,1.049812,1.055486,0.993065,1.021438,1639200
1989-10-16,0.981716,1.038462,0.976041,1.021438,2220800
1989-10-17,1.027113,1.049811,1.021438,1.038462,816000
1989-10-18,1.038462,1.038462,1.027113,1.027113,590400
1989-10-19,1.038462,1.044137,1.027113,1.032788,1014400
1989-10-20,1.032788,1.044137,1.021438,1.032788,1185600
1989-10-23,1.027113,1.027113,1.004414,1.010089,1600000
1989-10-24,0.998740,1.021439,0.987391,0.998740,1263200
1989-10-25,1.004414,1.027113,1.004414,1.021438,402400
1989-10-26,1.021438,1.038462,1.004414,1.021438,778400
1989-10-27,1.027114,1.027114,0.993066,0.998740,2308800
1989-10-30,0.985222,0.996678,0.973766,0.996678,731200
1989-10-31,0.996678,0.996678,0.979494,0.996678,573600
1989-11-01,1.002406,1.008134,0.990950,0.996678,896800
1989-11-02,0.996677,0.996677,0.962309,0.973765,672800
1989-11-03,0.968037,0.985221,0.968037,0.973765,330400
1989-11-06,0.985221,0.985221,0.962309,0.973765,3476800
1989-11-07,0.973765,0.979493,0.950853,0.973765,1814400
1989-11-08,0.973766,0.985222,0.968038,0.979494,1450400
1989-11-09,0.979493,0.979493,0.950853,0.950853,1206400
1989-11-10,0.956581,0.962309,0.945125,0.950853,493600
1989-11-13,0.950853,0.973765,0.945125,0.973765,700000
1989-11-14,0.985222,0.985222,0.956581,0.968037,704000
1989-11-15,0.956581,0.990949,0.950853,0.985221,458400
1989-11-16,0.996677,0.996677,0.968037,0.973765,547200
1989-11-17,0.968037,0.979493,0.950853,0.956581,592800
1989-11-20,0.950853,0.962309,0.945125,0.956581,172800
1989-11-21,0.962310,0.962310,0.950853,0.962310,324800
1989-11-22,0.956582,0.979494,0.950854,0.979494,440800
1989-11-24,0.968038,0.968038,0.950853,0.962310,422400
1989-11-27,0.962310,0.979494,0.956582,0.962310,1066400
1989-11-28,0.956581,0.973765,0.950853,0.968037,522400
1989-11-29,0.973765,0.990949,0.962309,0.985221,658400
1989-11-30,0.985222,1.002406,0.968038,0.990950,674400
1989-12-01,1.002406,1.076870,1.002406,1.025318,1637600
1989-12-04,1.042502,1.042502,1.019590,1.019590,489600
1989-12-05,1.025318,1.025318,0.996678,1.008134,844000
1989-12-06,1.008134,1.008134,0.950853,0.956581,1399200
1989-12-07,0.968037,0.979493,0.956581,0.973765,824800
1989-12-08,0.985222,0.990950,0.950853,0.968037,892800
1989-12-11,0.962309,0.985221,0.950853,0.973765,816000
1989-12-12,0.973766,0.985222,0.962310,0.979494,925600
1989-12-13,0.973765,0.979493,0.939397,0.939397,1072000
1989-12-14,0.933669,0.939397,0.905029,0.905029,1086400
1989-12-15,0.927941,0.927941,0.864933,0.882117,1794400
1989-12-18,0.887845,0.893573,0.870661,0.870661,1657600
1989-12-19,0.876389,0.905029,0.870661,0.882117,1809600
1989-12-20,0.893573,0.933670,0.887845,0.916486,4448800
1989-12-21,0.927941,0.956581,0.922213,0.950853,3148000
1989-12-22,0.945125,0.973765,0.945125,0.968037,1098400
1989-12-26,0.962310,1.008134,0.962310,1.002406,914400
1989-12-27,1.002406,1.036774,1.002406,1.025318,840800
1989-12-28,1.031045,1.053958,1.031045,1.048230,503200
1989-12-29,1.048230,1.048230,1.025318,1.031046,255200
1990-01-02,1.031045,1.036773,1.008133,1.036773,1236000
1990-01-03,1.036774,1.036774,0.979494,0.990950,1460000
1990-01-04,0.996678,0.996678,0.945126,0.979494,2081600
1990-01-05,0.990949,0.996677,0.950853,0.950853,701600
1990-01-08,0.945126,0.979494,0.945126,0.979494,904000
1990-01-09,0.979493,0.979493,0.950853,0.950853,1457600
1990-01-10,0.962310,0.973766,0.939397,0.962310,1818400
1990-01-11,0.962310,0.973766,0.950853,0.962310,970400
1990-01-12,0.945126,0.950854,0.922214,0.945126,612000
1990-01-15,0.927941,0.939397,0.916485,0.939397,718400
1990-01-16,0.927941,0.950853,0.927941,0.950853,407200
1990-01-17,0.962309,0.979493,0.945125,0.968037,811200
1990-01-18,0.968037,0.990950,0.956581,0.968037,856000
1990-01-19,0.962309,0.979493,0.962309,0.968037,855200
1990-01-22,0.979494,0.990950,0.945126,0.945126,696800
1990-01-23,0.956582,0.968038,0.933670,0.945126,436800
1990-01-24,0.916486,0.939398,0.893573,0.933670,1344800
1990-01-25,0.945125,0.962309,0.933669,0.939397,874400
1990-01-26,0.933669,0.956581,0.910757,0.956581,1131200
1990-01-29,0.960284,0.966069,0.942929,0.954499,1144800
1990-01-30,0.954499,0.954499,0.919790,0.931360,707200
1990-01-31,0.919790,0.960284,0.919790,0.960284,1205600
1990-02-01,0.948714,0.948714,0.925575,0.942929,582400
1990-02-02,0.942929,0.948714,0.931360,0.942929,353600
1990-02-05,0.954499,0.954499,0.914005,0.914005,479200
1990-02-06,0.919790,0.919790,0.873511,0.873511,868800
1990-02-07,0.879296,0.885081,0.873511,0.879296,2052800
1990-02-08,0.873511,0.879296,0.838802,0.879296,2019200
1990-02-09,0.890866,0.902435,0.885081,0.896650,501600
1990-02-12,0.890866,0.890866,0.867726,0.873511,2667200
1990-02-13,0.867726,0.879296,0.861941,0.879296,1977600
1990-02-14,0.879296,0.885081,0.873511,0.879296,894400
1990-02-15,0.879296,0.914005,0.879296,0.914005,884800
1990-02-16,0.914005,0.914005,0.902436,0.914005,1166400
1990-02-20,0.902435,0.902435,0.873511,0.879296,551200
1990-02-21,0.867726,0.885081,0.856157,0.873511,1487200
1990-02-22,0.867726,0.902435,0.867726,0.885080,912000
1990-02-23,0.873511,0.890865,0.867726,0.885080,640800
1990-02-26,0.879296,0.902435,0.879296,0.902435,345600
1990-02-27,0.902435,0.908220,0.890865,0.902435,789600
1990-02-28,0.902435,0.908220,0.896650,0.902435,368800
1990-03-01,0.896650,0.896650,0.879296,0.890866,1470400
1990-03-02,0.890866,0.902435,0.879296,0.890866,1444800
1990-03-05,0.885080,0.902435,0.885080,0.885080,600000
1990-03-06,0.885081,0.896650,0.885081,0.890866,1964000
1990-03-07,0.879296,0.890865,0.873511,0.885080,1704800
1990-03-08,0.885081,0.896650,0.885081,0.896650,446400
1990-03-09,0.902435,0.908220,0.896650,0.902435,970400
1990-03-12,0.896650,0.919790,0.896650,0.919790,2607200
1990-03-13,0.914005,0.919790,0.908220,0.919790,1587200
1990-03-14,0.919790,0.919790,0.908220,0.914005,832000
1990-03-15,0.919790,0.919790,0.908220,0.914005,1306400
1990-03-16,0.902435,0.925575,0.902435,0.925575,1838400
1990-03-19,0.914005,0.914005,0.902435,0.908220,1504000
1990-03-20,0.908220,0.914005,0.896650,0.908220,1930400
1990-03-21,0.902435,0.908220,0.896650,0.896650,822400
1990-03-22,0.890866,0.890866,0.867726,0.873511,2044800
1990-03-23,0.873511,0.902435,0.873511,0.902435,1048000
1990-03-26,0.890865,0.908220,0.890865,0.908220,940000
1990-03-27,0.902435,0.931360,0.902435,0.931360,1013600
1990-03-28,0.931360,0.954499,0.931360,0.954499,2592800
1990-03-29,0.948714,0.954499,0.908220,0.919790,790400
1990-03-30,0.914005,0.919790,0.896651,0.914005,1043200
1990-04-02,0.890866,0.896650,0.879296,0.879296,656000
1990-04-03,0.879296,0.908220,0.879296,0.902435,1364000
1990-04-04,0.902435,0.902435,0.885081,0.896650,1122400
1990-04-05,0.896650,0.896650,0.885080,0.885080,3284000
1990-04-06,0.885081,0.890866,0.850372,0.861941,3757600
1990-04-09,0.861942,0.861942,0.838803,0.850372,9525600
1990-04-10,0.850372,0.873511,0.844587,0.873511,2980800
1990-04-11,0.861941,0.885080,0.861941,0.885080,1959200
1990-04-12,0.890866,0.896651,0.873511,0.873511,1835200
1990-04-16,0.879296,0.890866,0.879296,0.879296,2680800
1990-04-17,0.879296,0.902435,0.873511,0.902435,1186400
1990-04-18,0.902436,0.902436,0.873511,0.873511,1343200
1990-04-19,0.873511,0.908220,0.873511,0.873511,2536800
1990-04-20,0.873511,0.879296,0.850372,0.867727,1968800
1990-04-23,0.867726,0.879296,0.867726,0.873511,761600
1990-04-24,0.873511,0.879296,0.856156,0.861941,867200
1990-04-25,0.867727,0.873511,0.856157,0.856157,1279200
1990-04-26,0.861942,0.867727,0.844587,0.850372,1782400
1990-04-27,0.844587,0.850372,0.827232,0.827232,1111200
1990-04-30,0.830977,0.848533,0.825125,0.842681,780000
1990-05-01,0.842682,0.860237,0.836830,0.854385,1776000
1990-05-02,0.854386,0.877793,0.848534,0.877793,810400
1990-05-03,0.883645,0.895349,0.877793,0.889497,1643200
1990-05-04,0.895349,0.912905,0.883645,0.895349,1152000
1990-05-07,0.895349,0.907053,0.889497,0.901201,1051200
1990-05-08,0.901201,0.912905,0.901201,0.912905,542400
1990-05-09,0.912905,0.924609,0.907053,0.918757,1708000
1990-05-10,0.912905,0.930461,0.912905,0.918757,1539200
1990-05-11,0.930460,0.959720,0.924609,0.959720,1532000
1990-05-14,0.959721,1.000684,0.953869,1.000684,2942400
1990-05-15,0.988981,1.041648,0.988981,1.029944,1345600
1990-05-16,1.006537,1.024093,0.994833,1.024093,1216800
1990-05-17,1.024093,1.029944,1.012389,1.012389,1329600
1990-05-18,1.012388,1.012388,1.000684,1.006536,2372000
1990-05-21,1.000685,1.012389,1.000685,1.012389,1764000
1990-05-22,1.012388,1.024092,0.983128,0.994832,1133600
1990-05-23,0.994832,0.994832,0.977277,0.988980,1049600
1990-05-24,0.988981,1.000684,0.983129,1.000684,1503200
1990-05-25,0.994833,1.006536,0.988981,1.000684,1549600
1990-05-29,1.006537,1.024093,0.994833,1.024093,2258400
1990-05-30,1.035796,1.065056,1.029944,1.065056,2001600
1990-05-31,1.059204,1.070907,1.047500,1.047500,1849600
1990-06-01,1.065056,1.076760,1.053352,1.070908,1334400
1990-06-04,1.076760,1.088464,1.070908,1.070908,1808800
1990-06-05,1.076760,1.106020,1.070908,1.094316,2535200
1990-06-06,1.094316,1.094316,1.070908,1.070908,2169600
1990-06-07,1.082612,1.088464,1.065056,1.070908,1948800
1990-06-08,1.065056,1.070908,1.041648,1.053352,570400
1990-06-11,1.047500,1.065056,1.041648,1.053352,1016800
1990-06-12,1.035796,1.059204,1.035796,1.059204,624000
1990-06-13,1.059204,1.059204,1.041648,1.053352,276800
1990-06-14,1.047500,1.053352,1.029944,1.047500,1923200
1990-06-15,1.041648,1.047500,1.024092,1.029944,2339200
1990-06-18,1.041648,1.041648,1.006536,1.006536,722400
1990-06-19,1.000685,1.024093,0.983129,1.012389,2532000
1990-06-20,1.006536,1.018240,0.983129,1.006536,712000
1990-06-21,1.006536,1.012388,0.988980,1.006536,799200
1990-06-22,1.006536,1.006536,0.965573,0.977277,1204000
1990-06-25,0.983128,0.983128,0.948017,0.977277,1339200
1990-06-26,0.994832,1.012388,0.977276,0.994832,2577600
1990-06-27,1.000685,1.018241,0.988981,1.018241,1666400
1990-06-28,1.012389,1.024093,1.000685,1.018241,377600
1990-06-29,1.018241,1.018241,1.012389,1.018241,1339200
1990-07-02,1.018240,1.018240,0.983128,0.994832,1008000
1990-07-03,1.006537,1.018241,0.994833,1.018241,3272000
1990-07-05,1.012389,1.024093,1.006537,1.018241,1539200
1990-07-06,1.012389,1.035797,1.012389,1.024093,1830400
1990-07-09,1.035796,1.035796,1.029944,1.035796,521600
1990-07-10,1.035796,1.041648,0.988980,0.988980,2440800
1990-07-11,0.971425,0.971425,0.936313,0.948017,2352800
1990-07-12,0.942165,0.953869,0.912905,0.953869,1804000
1990-07-13,0.948017,0.983128,0.948017,0.977277,1237600
1990-07-16,0.971425,0.994833,0.971425,0.983129,1533600
1990-07-17,0.983128,0.983128,0.965573,0.977277,504000
1990-07-18,0.971425,0.977277,0.936313,0.936313,3139200
1990-07-19,0.936312,0.936312,0.930460,0.930460,3241600
1990-07-20,0.930461,0.971425,0.924609,0.948017,1793600
1990-07-23,0.936313,0.953869,0.912905,0.936313,1054400
1990-07-24,0.924609,0.936312,0.912905,0.930460,894400
1990-07-25,0.924609,0.953869,0.924609,0.953869,676800
1990-07-26,0.936313,0.936313,0.901201,0.912905,3113600
1990-07-27,0.924609,0.930460,0.918757,0.930460,1673600
1990-07-30,0.924609,0.930460,0.918757,0.930460,560000
1990-07-31,0.924609,0.930460,0.912905,0.930460,1788800
1990-08-01,0.924609,0.924609,0.889497,0.912905,3044000
1990-08-02,0.901201,0.912905,0.895349,0.907053,2852000
1990-08-03,0.901201,0.901201,0.871941,0.877793,3350400
1990-08-06,0.851997,0.851997,0.828330,0.846080,1841600
1990-08-07,0.857913,0.899330,0.851997,0.881580,3251200
1990-08-08,0.893413,0.917080,0.881580,0.899330,2186400
1990-08-09,0.905247,0.905247,0.881580,0.893414,1488000
1990-08-10,0.887497,0.893413,0.875663,0.875663,1326400
1990-08-13,0.887497,0.887497,0.875663,0.887497,1470400
1990-08-14,0.875663,0.893413,0.875663,0.881580,1514400
1990-08-15,0.875664,0.881580,0.869747,0.869747,1622400
1990-08-16,0.869747,0.881580,0.840163,0.840163,1380800
1990-08-17,0.816497,0.863830,0.804664,0.863830,1946400
1990-08-20,0.857913,0.869747,0.857913,0.863830,1379200
1990-08-21,0.851997,0.851997,0.834247,0.846080,546400
1990-08-22,0.857913,0.863830,0.840163,0.840163,1654400
1990-08-23,0.828331,0.840164,0.804664,0.810581,1627200
1990-08-24,0.822414,0.822414,0.804664,0.822414,1144800
1990-08-27,0.840163,0.851997,0.828330,0.834247,1325600
1990-08-28,0.840163,0.840163,0.828330,0.834247,1005600
1990-08-29,0.828330,0.875664,0.822414,0.869747,1775200
1990-08-30,0.857913,0.857913,0.828330,0.828330,440800
1990-08-31,0.816497,0.863830,0.816497,0.840163,567200
1990-09-04,0.840163,0.851997,0.822413,0.840163,533600
1990-09-05,0.840163,0.846080,0.834247,0.834247,804800
1990-09-06,0.834247,0.834247,0.822413,0.828330,831200
1990-09-07,0.828330,0.846080,0.828330,0.834247,588000
1990-09-10,0.840163,0.857913,0.840163,0.840163,424800
1990-09-11,0.846080,0.846080,0.834247,0.834247,540000
1990-09-12,0.834247,0.840163,0.816497,0.834247,1177600
1990-09-13,0.834246,0.834246,0.810580,0.816496,704000
1990-09-14,0.810580,0.816497,0.792830,0.792830,1023200
1990-09-17,0.798747,0.804663,0.786913,0.798747,896800
1990-09-18,0.792830,0.804663,0.792830,0.798747,565600
1990-09-19,0.798747,0.798747,0.786914,0.792830,1070400
1990-09-20,0.780997,0.780997,0.739580,0.757330,1916800
1990-09-21,0.745497,0.757330,0.721831,0.745497,1328800
1990-09-24,0.745497,0.745497,0.692247,0.715914,1019200
1990-09-25,0.727747,0.739580,0.721830,0.739580,1502400
1990-09-26,0.733664,0.757330,0.715914,0.733664,2620000
1990-09-27,0.733664,0.733664,0.698164,0.704080,2134400
1990-09-28,0.668581,0.704080,0.668581,0.704080,3204800
1990-10-01,0.709997,0.733664,0.692247,0.715914,1653600
1990-10-02,0.721831,0.733664,0.709997,0.709997,2286400
1990-10-03,0.709997,0.709997,0.668581,0.668581,1443200
1990-10-04,0.662664,0.686330,0.638997,0.686330,1629600
1990-10-05,0.662664,0.715914,0.650831,0.709997,2249600
1990-10-08,0.715914,0.721831,0.709997,0.709997,151200
1990-10-09,0.709997,0.709997,0.686331,0.692247,463200
1990-10-10,0.692247,0.698163,0.674497,0.680413,1744000
1990-10-11,0.674497,0.680414,0.662664,0.668581,1077600
1990-10-12,0.692247,0.727747,0.680414,0.715914,1376000
1990-10-15,0.721830,0.733664,0.709997,0.727747,1098400
1990-10-16,0.721830,0.745497,0.698164,0.698164,1639200
1990-10-17,0.704081,0.739580,0.698164,0.733664,1538400
1990-10-18,0.745497,0.757330,0.745497,0.751414,1502400
1990-10-19,0.757330,0.769164,0.751414,0.757330,1285600
1990-10-22,0.757330,0.775080,0.751414,0.775080,927200
1990-10-23,0.769164,0.769164,0.751414,0.757330,2197600
1990-10-24,0.745497,0.757330,0.739580,0.745497,1723200
1990-10-25,0.745497,0.763247,0.739580,0.763247,2236000
1990-10-26,0.757330,0.775080,0.757330,0.769164,888000
1990-10-29,0.751414,0.757330,0.715914,0.721830,484000
1990-10-30,0.721830,0.757330,0.715914,0.751414,948800
1990-10-31,0.745497,0.757330,0.715914,0.715914,804800
1990-11-01,0.721830,0.751414,0.721830,0.751414,756800
1990-11-02,0.751414,0.786914,0.751414,0.786914,1411200
1990-11-05,0.815952,0.827951,0.809952,0.827951,1706400
1990-11-06,0.821951,0.851950,0.815952,0.815952,1850400
1990-11-07,0.809952,0.833951,0.803953,0.809952,934400
1990-11-08,0.821951,0.827951,0.791953,0.815952,4228000
1990-11-09,0.803953,0.839951,0.803953,0.833952,1882400
1990-11-12,0.839950,0.863948,0.839950,0.863948,1602400
1990-11-13,0.857949,0.863948,0.845950,0.863948,950400
1990-11-14,0.863949,0.887948,0.851950,0.875949,2991200
1990-11-15,0.857949,0.875948,0.857949,0.863948,2024000
1990-11-16,0.863948,0.881947,0.851949,0.863948,1189600
1990-11-19,0.875948,0.887948,0.869949,0.887948,1474400
1990-11-20,0.887947,0.887947,0.839950,0.839950,3547200
1990-11-21,0.803953,0.833952,0.803953,0.833952,1280000
1990-11-23,0.821952,0.839950,0.821952,0.827951,169600
1990-11-26,0.815951,0.863948,0.803952,0.863948,1132800
1990-11-27,0.875948,0.905947,0.875948,0.899947,2412000
1990-11-28,0.887948,0.911946,0.875948,0.887948,3883200
1990-11-29,0.887947,0.893947,0.863949,0.869949,1698400
1990-11-30,0.869949,0.893948,0.863950,0.881948,1784800
1990-12-03,0.881948,0.887948,0.863949,0.875949,859200
1990-12-04,0.881948,0.923946,0.881948,0.923946,3047200
1990-12-05,0.923946,1.013941,0.905947,1.013941,4174400
1990-12-06,1.025939,1.055937,0.989941,0.995941,3826400
1990-12-07,0.995941,1.019940,0.971943,1.019940,1901600
1990-12-10,1.001941,1.007940,0.983942,0.989941,714400
1990-12-11,0.989942,0.989942,0.953944,0.959943,1284000
1990-12-12,0.959943,0.965943,0.941945,0.959943,1248800
1990-12-13,0.959943,0.977942,0.941944,0.953944,629600
1990-12-14,0.953944,0.953944,0.887948,0.911946,1710400
1990-12-17,0.899947,0.917946,0.893947,0.911946,363200
1990-12-18,0.917946,0.935945,0.911946,0.929945,1194400
1990-12-19,0.959944,0.977942,0.953944,0.977942,2431200
1990-12-20,0.965943,0.995941,0.959943,0.995941,1431200
1990-12-21,1.043938,1.043938,0.989942,1.019940,2232800
1990-12-24,1.007940,1.007940,0.989941,0.995941,369600
1990-12-26,1.007941,1.031939,1.007941,1.025940,556800
1990-12-27,1.025940,1.031940,0.983942,1.013941,661600
1990-12-28,1.001941,1.013941,0.977943,1.013941,1323200
1990-12-31,1.013940,1.013940,0.989941,0.995941,254400
1991-01-02,0.995941,0.995941,0.977942,0.977942,1085600
1991-01-03,0.971943,0.983942,0.971943,0.977942,912800
1991-01-04,0.971943,0.995941,0.971943,0.977942,1030400
1991-01-07,0.941945,0.971943,0.929945,0.935945,858400
1991-01-08,0.941945,0.947944,0.929945,0.941945,740800
1991-01-09,0.941944,0.965943,0.911946,0.911946,1496000
1991-01-10,0.923946,0.947944,0.911946,0.941945,1133600
1991-01-11,0.941945,0.947944,0.923946,0.941945,423200
1991-01-14,0.923946,0.935945,0.899947,0.923946,1362400
1991-01-15,0.917946,0.941945,0.917946,0.935945,944800
1991-01-16,0.923946,0.965943,0.923946,0.959943,1880800
1991-01-17,1.001941,1.019939,0.989941,0.995941,3204000
1991-01-18,0.995941,1.007941,0.977943,1.007941,1864800
1991-01-21,1.001941,1.007940,0.983942,1.001941,1770400
1991-01-22,1.001941,1.019940,0.995941,1.001941,2428000
1991-01-23,1.001941,1.031939,1.001941,1.025940,2847200
1991-01-24,1.025939,1.031939,1.007940,1.019940,1600000
1991-01-25,1.019940,1.043938,1.019940,1.043938,2383200
1991-01-28,1.042969,1.055096,1.042969,1.049032,849600
1991-01-29,1.055096,1.061160,1.042968,1.055096,2020000
1991-01-30,1.055096,1.115734,1.055096,1.067224,3882400
1991-01-31,1.067223,1.091478,1.067223,1.079351,2217600
1991-02-01,1.085415,1.091479,1.049032,1.091479,2744800
1991-02-04,1.103606,1.182435,1.103606,1.182435,4720800
1991-02-05,1.182435,1.237009,1.176371,1.206690,6456000
1991-02-06,1.200625,1.206689,1.188498,1.200625,2640800
1991-02-07,1.206690,1.212754,1.176371,1.188498,5860000
1991-02-08,1.188498,1.194562,1.176371,1.188498,1639200
1991-02-11,1.200626,1.224881,1.188499,1.224881,4059200
1991-02-12,1.237009,1.237009,1.218818,1.224881,3865600
1991-02-13,1.224881,1.230945,1.127861,1.164244,4432000
1991-02-14,1.170308,1.188499,1.152116,1.170308,5727200
1991-02-15,1.170307,1.182434,1.158179,1.176371,2277600
1991-02-19,1.176371,1.188498,1.158179,1.176371,1782400
1991-02-20,1.182435,1.182435,1.158180,1.164244,1879200
1991-02-21,1.176371,1.218817,1.152116,1.218817,3540000
1991-02-22,1.224881,1.255200,1.218817,1.237009,2827200
1991-02-25,1.230945,1.243073,1.206690,1.206690,1705600
1991-02-26,1.206689,1.212753,1.182434,1.200625,14552000
1991-02-27,1.200626,1.224881,1.194562,1.224881,2649600
1991-02-28,1.230945,1.230945,1.212753,1.218817,2338400
1991-03-01,1.212753,1.249136,1.212753,1.249136,3138400
1991-03-04,1.261264,1.261264,1.237009,1.249136,2040000
1991-03-05,1.249136,1.279455,1.249136,1.261264,3026400
1991-03-06,1.267328,1.279455,1.224881,1.230945,1996800
1991-03-07,1.230945,1.230945,1.212754,1.230945,1907200
1991-03-08,1.218818,1.230945,1.218818,1.224881,2265600
1991-03-11,1.224881,1.230945,1.218818,1.224881,2643200
1991-03-12,1.218817,1.224881,1.176371,1.176371,1877600
1991-03-13,1.176370,1.200625,1.176370,1.200625,2058400
1991-03-14,1.206690,1.206690,1.188499,1.194563,1336000
1991-03-15,1.194562,1.194562,1.164243,1.176371,3042400
1991-03-18,1.170308,1.176372,1.164244,1.170308,1687200
1991-03-19,1.170307,1.176371,1.164244,1.164244,1072000
1991-03-20,1.164243,1.182434,1.164243,1.176371,1457600
1991-03-21,1.182435,1.188498,1.176371,1.188498,996800
1991-03-22,1.182435,1.182435,1.170308,1.182435,908000
1991-03-25,1.194562,1.194562,1.176371,1.176371,1124800
1991-03-26,1.176371,1.218817,1.176371,1.218817,4910400
1991-03-27,1.267328,1.285519,1.255200,1.267328,3801600
1991-03-28,1.261264,1.273391,1.243072,1.249136,2252800
1991-04-01,1.243072,1.255200,1.237009,1.237009,1003200
1991-04-02,1.243072,1.255200,1.230945,1.237009,2067200
1991-04-03,1.237009,1.267328,1.230945,1.267328,2889600
1991-04-04,1.267328,1.273391,1.249136,1.261264,3437600
1991-04-05,1.255200,1.273391,1.224881,1.224881,1952000
1991-04-08,1.230945,1.249136,1.230945,1.249136,706400
1991-04-09,1.237009,1.243072,1.218817,1.218817,1828800
1991-04-10,1.218817,1.237009,1.206690,1.237009,1176000
1991-04-11,1.285520,1.303711,1.267328,1.303711,6512000
1991-04-12,1.370412,1.370412,1.303711,1.303711,3044800
1991-04-15,1.309774,1.327965,1.303710,1.315838,2928000
1991-04-16,1.321901,1.340093,1.303710,1.340093,2589600
1991-04-17,1.346157,1.491687,1.340093,1.437113,4368800
1991-04-18,1.412858,1.412858,1.340092,1.358284,2344000
1991-04-19,1.370412,1.376476,1.321902,1.321902,1446400
1991-04-22,1.303710,1.309774,1.285518,1.291582,4514400
1991-04-23,1.303710,1.315837,1.279455,1.291582,3258400
1991-04-24,1.303711,1.309774,1.279455,1.285519,2836000
1991-04-25,1.285519,1.334029,1.273391,1.327965,2609600
1991-04-26,1.321902,1.321902,1.303710,1.315838,1523200
1991-04-29,1.327966,1.334029,1.273392,1.273392,1401600
1991-04-30,1.315838,1.334029,1.267327,1.279455,2460800
1991-05-01,1.315838,1.340093,1.309774,1.327965,2560000
1991-05-02,1.364348,1.406794,1.340093,1.376476,3790400
1991-05-03,1.388604,1.400732,1.340094,1.364349,1080000
1991-05-06,1.351142,1.375597,1.332801,1.369483,2859200
1991-05-07,1.369484,1.381711,1.357256,1.381711,2380000
1991-05-08,1.381711,1.412280,1.363370,1.400053,2047200
1991-05-09,1.393939,1.448963,1.393939,1.412280,2506400
1991-05-10,1.412280,1.418394,1.363370,1.363370,895200
1991-05-13,1.375598,1.406166,1.345029,1.400053,1422400
1991-05-14,1.400052,1.400052,1.351142,1.357256,1124800
1991-05-15,1.357256,1.393938,1.357256,1.387824,2780000
1991-05-16,1.400053,1.406166,1.375598,1.381711,1738400
1991-05-17,1.375597,1.381711,1.351142,1.357256,1328800
1991-05-20,1.375598,1.375598,1.363370,1.375598,763200
1991-05-21,1.381712,1.381712,1.351143,1.375598,1365600
1991-05-22,1.387825,1.406166,1.375598,1.381711,1715200
1991-05-23,1.381711,1.406166,1.375597,1.387824,1308800
1991-05-24,1.387825,1.418394,1.381711,1.418394,1568000
1991-05-28,1.406166,1.424508,1.406166,1.412280,2522400
1991-05-29,1.424507,1.448962,1.412279,1.442848,2279200
1991-05-30,1.448962,1.448962,1.424507,1.436735,1615200
1991-05-31,1.436735,1.436735,1.375597,1.418394,4676800
1991-06-03,1.424507,1.430621,1.412280,1.424507,1204000
1991-06-04,1.418393,1.455076,1.412279,1.442848,1378400
1991-06-05,1.455077,1.479532,1.448963,1.467304,3292000
1991-06-06,1.473418,1.473418,1.455076,1.455076,1154400
1991-06-07,1.442848,1.455076,1.406166,1.424507,1492000
1991-06-10,1.436735,1.448963,1.418394,1.448963,776000
1991-06-11,1.467303,1.485645,1.448962,1.461190,1910400
1991-06-12,1.461190,1.461190,1.393939,1.418394,2617600
1991-06-13,1.430621,1.430621,1.393939,1.406166,1740800
1991-06-14,1.412280,1.418393,1.381711,1.393938,2984800
1991-06-17,1.393938,1.393938,1.363369,1.369483,1535200
1991-06-18,1.393938,1.412279,1.357256,1.387824,2276800
1991-06-19,1.387825,1.400052,1.375597,1.393938,1118400
1991-06-20,1.406166,1.418394,1.393939,1.400053,3108000
1991-06-21,1.412280,1.412280,1.393939,1.406166,1813600
1991-06-24,1.393938,1.400052,1.369483,1.393938,1664000
1991-06-25,1.412280,1.412280,1.375598,1.381711,1328800
1991-06-26,1.387825,1.387825,1.363369,1.369483,2320000
1991-06-27,1.369484,1.393939,1.357256,1.357256,2567200
1991-06-28,1.363370,1.363370,1.308346,1.345029,3206400
1991-07-01,1.326687,1.418394,1.326687,1.351142,1864000
1991-07-02,1.351142,1.387824,1.345028,1.387824,1875200
1991-07-03,1.375597,1.375597,1.345028,1.351142,1540800
1991-07-05,1.338915,1.369483,1.338915,1.351142,504000
1991-07-08,1.345029,1.369484,1.314460,1.338915,1482400
1991-07-09,1.381711,1.412279,1.363369,1.387824,2524000
1991-07-10,1.393939,1.418394,1.381711,1.400053,1678400
1991-07-11,1.406166,1.418394,1.369484,1.381711,1837600
1991-07-12,1.381711,1.406166,1.375598,1.381711,2168800
1991-07-15,1.387825,1.424507,1.387825,1.418394,1713600
1991-07-16,1.436735,1.442849,1.387825,1.406166,3892000
1991-07-17,1.412279,1.461190,1.412279,1.461190,2987200
1991-07-18,1.461190,1.503987,1.442849,1.503987,2785600
1991-07-19,1.479531,1.491759,1.467304,1.491759,2396800
1991-07-22,1.497872,1.510099,1.442848,1.442848,932000
1991-07-23,1.442849,1.442849,1.400052,1.430621,1995200
1991-07-24,1.418393,1.424507,1.387824,1.387824,1452800
1991-07-25,1.412280,1.418394,1.393939,1.412280,2487200
1991-07-26,1.400052,1.436735,1.400052,1.436735,1750400
1991-07-29,1.442848,1.448962,1.424507,1.424507,1088000
1991-07-30,1.442849,1.473418,1.442849,1.467304,2147200
1991-07-31,1.473418,1.516214,1.455077,1.516214,1897600
1991-08-01,1.491758,1.491758,1.461190,1.461190,2481600
1991-08-02,1.473418,1.485645,1.467304,1.479531,1634400
1991-08-05,1.478546,1.490867,1.460064,1.466225,1361600
1991-08-06,1.460064,1.503188,1.429261,1.497028,2424000
1991-08-07,1.503189,1.527831,1.453904,1.478546,2244800
1991-08-08,1.460063,1.472385,1.453903,1.472385,1951200
1991-08-09,1.466224,1.472385,1.453903,1.460064,2233600
1991-08-12,1.466224,1.490867,1.453903,1.490867,1058400
1991-08-13,1.490866,1.521669,1.478545,1.509348,4174400
1991-08-14,1.521670,1.614079,1.521670,1.564795,5288000
1991-08-15,1.552472,1.595597,1.552472,1.589436,4164800
1991-08-16,1.601758,1.614079,1.570955,1.607919,4473600
1991-08-19,1.558634,1.577115,1.490867,1.540152,2165600
1991-08-20,1.577115,1.583276,1.552473,1.583276,2406400
1991-08-21,1.614078,1.651042,1.601757,1.620239,3636000
1991-08-22,1.614078,1.614078,1.558633,1.589436,2557600
1991-08-23,1.583276,1.620239,1.570955,1.614079,1967200
1991-08-26,1.577116,1.601758,1.558634,1.601758,892000
1991-08-27,1.583276,1.601758,1.564795,1.564795,1608000
1991-08-28,1.564794,1.577116,1.558634,1.570955,1154400
1991-08-29,1.583277,1.601759,1.564795,1.577116,1572800
1991-08-30,1.577116,1.583276,1.552473,1.570955,622400
1991-09-03,1.564795,1.589437,1.552473,1.564795,1902400
1991-09-04,1.552473,1.558633,1.497027,1.503188,1172000
1991-09-05,1.509348,1.527830,1.497027,1.509348,1853600
1991-09-06,1.503188,1.527831,1.490867,1.527831,1364800
1991-09-09,1.527831,1.527831,1.515510,1.527831,500000
1991-09-10,1.527830,1.527830,1.497027,1.503188,532800
1991-09-11,1.515510,1.540152,1.515510,1.515510,2138400
1991-09-12,1.527830,1.564794,1.521669,1.552472,1511200
1991-09-13,1.552473,1.601758,1.552473,1.558634,1433600
1991-09-16,1.552473,1.577116,1.552473,1.564795,1331200
1991-09-17,1.564795,1.577116,1.558634,1.564795,1744800
1991-09-18,1.564795,1.589437,1.558634,1.577116,1561600
1991-09-19,1.583277,1.651043,1.577116,1.651043,3288800
1991-09-20,1.651042,1.675685,1.638721,1.663364,3830400
1991-09-23,1.632561,1.638722,1.601758,1.601758,1311200
1991-09-24,1.607917,1.632560,1.601757,1.626399,1620800
1991-09-25,1.632561,1.632561,1.607918,1.614079,702400
1991-09-26,1.607918,1.632561,1.601758,1.614079,1028800
1991-09-27,1.620239,1.620239,1.601758,1.614079,1410400
1991-09-30,1.614080,1.651043,1.601758,1.651043,1978400
1991-10-01,1.651043,1.675686,1.651043,1.669525,695200
1991-10-02,1.669525,1.681846,1.657204,1.669525,1304800
1991-10-03,1.657203,1.669525,1.651043,1.657203,414400
1991-10-04,1.644882,1.644882,1.614079,1.614079,640000
1991-10-07,1.626401,1.626401,1.589437,1.601758,583200
1991-10-08,1.614078,1.620239,1.570954,1.589436,1385600
1991-10-09,1.589437,1.589437,1.533991,1.558634,2115200
1991-10-10,1.564794,1.570955,1.533991,1.570955,1744800
1991-10-11,1.570955,1.601758,1.570955,1.595598,1222400
1991-10-14,1.595597,1.620239,1.595597,1.614079,791200
1991-10-15,1.626399,1.626399,1.601757,1.620239,2520800
1991-10-16,1.626401,1.669525,1.620240,1.651043,2058400
1991-10-17,1.657203,1.694167,1.651043,1.675685,1909600
1991-10-18,1.688006,1.688006,1.669525,1.675685,1214400
1991-10-21,1.681846,1.681846,1.663364,1.675685,262400
1991-10-22,1.669525,1.675685,1.651043,1.657203,721600
1991-10-23,1.657204,1.663365,1.632561,1.651043,991200
1991-10-24,1.644883,1.657204,1.638722,1.651043,1589600
1991-10-25,1.644883,1.651043,1.589437,1.595598,896800
1991-10-28,1.607919,1.644882,1.607919,1.644882,1128800
1991-10-29,1.644883,1.669525,1.638722,1.651043,1764000
1991-10-30,1.663364,1.663364,1.644882,1.657203,500000
1991-10-31,1.657203,1.675685,1.651042,1.663364,1557600
1991-11-01,1.657204,1.700328,1.638722,1.669525,1070400
1991-11-04,1.694350,1.694350,1.657111,1.694350,535200
1991-11-05,1.700556,1.700556,1.675731,1.694350,1262400
1991-11-06,1.700557,1.700557,1.663319,1.681938,1550400
1991-11-07,1.675731,1.681937,1.657111,1.675731,1780000
1991-11-08,1.681937,1.681937,1.669524,1.675731,1200000
1991-11-11,1.675731,1.681937,1.669524,1.675731,735200
1991-11-12,1.675732,1.688144,1.663319,1.681938,1090400
1991-11-13,1.681938,1.681938,1.663319,1.669525,690400
1991-11-14,1.681937,1.706762,1.663318,1.706762,968800
1991-11-15,1.675731,1.700556,1.588841,1.588841,1269600
1991-11-18,1.588841,1.595047,1.570222,1.582634,1602400
1991-11-19,1.557809,1.557809,1.508158,1.514364,1940000
1991-11-20,1.526777,1.532983,1.470919,1.483332,2722400
1991-11-21,1.470919,1.532983,1.464713,1.514364,1704000
1991-11-22,1.514364,1.545396,1.495745,1.539190,1244000
1991-11-25,1.526777,1.526777,1.495745,1.508158,919200
1991-11-26,1.520570,1.539190,1.464713,1.514364,2035200
1991-11-27,1.514364,1.539190,1.495745,1.514364,1513600
1991-11-29,1.477126,1.489539,1.439888,1.489539,1996000
1991-12-02,1.458506,1.501951,1.427474,1.501951,2223200
1991-12-03,1.489538,1.514364,1.489538,1.514364,1236000
1991-12-04,1.514364,1.526777,1.495745,1.520570,2084000
1991-12-05,1.520570,1.520570,1.495745,1.514364,1188800
1991-12-06,1.489539,1.532984,1.483333,1.508158,1794400
1991-12-09,1.508158,1.588841,1.508158,1.551603,1491200
1991-12-10,1.551602,1.613666,1.551602,1.601254,2252000
1991-12-11,1.607460,1.613667,1.588841,1.595047,1508000
1991-12-12,1.588841,1.638493,1.588841,1.626080,1772000
1991-12-13,1.638492,1.675731,1.638492,1.657112,1741600
1991-12-16,1.650904,1.657111,1.638491,1.638491,1661600
1991-12-17,1.632286,1.694350,1.626079,1.675731,1785600
1991-12-18,1.688144,1.706763,1.663318,1.663318,4115200
1991-12-19,1.663318,1.663318,1.619873,1.632286,2746400
1991-12-20,1.675731,1.700556,1.663318,1.688144,3230400
1991-12-23,1.719176,1.731589,1.675731,1.725383,1844800
1991-12-24,1.737795,1.830892,1.737795,1.768827,1536000
1991-12-26,1.787446,1.812272,1.781240,1.812272,2161600
1991-12-27,1.824684,1.830890,1.775032,1.787445,2819200
1991-12-30,1.781240,1.812272,1.781240,1.812272,1548800
1991-12-31,1.781240,1.812272,1.781240,1.812272,1209600
1992-01-02,1.793653,1.812272,1.744001,1.812272,1843200
1992-01-03,1.806065,1.812271,1.775033,1.799859,2675200
1992-01-06,1.799859,1.806066,1.775033,1.781240,1779200
1992-01-07,1.768827,1.781240,1.744002,1.768827,1700800
1992-01-08,1.756414,1.756414,1.719175,1.744001,2988000
1992-01-09,1.731589,1.737795,1.712970,1.725383,2807200
1992-01-10,1.712970,1.712970,1.650906,1.681938,1972000
1992-01-13,1.669524,1.719175,1.669524,1.706762,1471200
1992-01-14,1.688143,1.744001,1.681937,1.744001,2323200
1992-01-15,1.737795,1.762620,1.700556,1.762620,2378400
1992-01-16,1.775032,1.775032,1.731588,1.750207,1638400
1992-01-17,1.731589,1.744002,1.700557,1.719177,1508800
1992-01-20,1.744001,1.756414,1.719175,1.744001,1297600
1992-01-21,1.737796,1.793654,1.712970,1.712970,3755200
1992-01-22,1.725382,1.750207,1.700556,1.744001,3696800
1992-01-23,1.737796,1.737796,1.712970,1.712970,2161600
1992-01-24,1.731588,1.737794,1.712969,1.737794,1729600
1992-01-27,1.700557,1.719177,1.700557,1.719177,1047200
1992-01-28,1.719177,1.731589,1.706764,1.719177,1877600
1992-01-29,1.712969,1.756414,1.712969,1.737794,2960800
1992-01-30,1.731589,1.750208,1.725382,1.731589,1688800
1992-01-31,1.731589,1.737796,1.700557,1.712970,1848800
1992-02-03,1.700466,1.750479,1.694214,1.744228,999200
1992-02-04,1.731724,1.769234,1.731724,1.762982,1032000
1992-02-05,1.769235,1.794242,1.762983,1.794242,2466400
1992-02-06,1.781737,1.812996,1.781737,1.812996,3128800
1992-02-07,1.831751,1.844255,1.794241,1.812996,1510400
1992-02-10,1.819248,1.825499,1.800492,1.819248,1529600
1992-02-11,1.819248,1.819248,1.806744,1.812996,1458400
1992-02-12,1.812996,1.831751,1.800492,1.819248,3440000
1992-02-13,1.806744,1.825499,1.806744,1.812996,1239200
1992-02-14,1.806745,1.869262,1.800493,1.850507,1862400
1992-02-18,1.850507,1.881765,1.844255,1.875514,1944000
1992-02-19,1.869261,1.875513,1.819248,1.819248,2132000
1992-02-20,1.812997,1.888017,1.806745,1.888017,3567200
1992-02-21,1.881766,1.906772,1.856759,1.863010,2965600
1992-02-24,1.875514,1.900521,1.875514,1.888017,1210400
1992-02-25,1.869262,1.875514,1.831752,1.850507,797600
1992-02-26,1.838004,1.869262,1.812997,1.869262,1476800
1992-02-27,1.869263,1.875515,1.831753,1.838004,312000
1992-02-28,1.875513,1.888017,1.850507,1.881765,1568800
1992-03-02,1.881765,1.888017,1.856758,1.881765,1053600
1992-03-03,1.869262,1.894269,1.863010,1.875514,899200
1992-03-04,1.888017,1.900521,1.850507,1.850507,1556000
1992-03-05,1.844256,1.844256,1.800494,1.806745,1313600
1992-03-06,1.806744,1.831751,1.737975,1.762982,2376800
1992-03-09,1.775486,1.781738,1.750479,1.756731,2208800
1992-03-10,1.762983,1.769234,1.750479,1.756731,3079200
1992-03-11,1.750479,1.769234,1.744227,1.762982,1658400
1992-03-12,1.762984,1.762984,1.712970,1.731725,2174400
1992-03-13,1.750480,1.750480,1.719222,1.737977,1347200
1992-03-16,1.744228,1.744228,1.725473,1.731725,1424000
1992-03-17,1.737976,1.762983,1.737976,1.756731,1414400
1992-03-18,1.756731,1.819248,1.756731,1.812996,1616000
1992-03-19,1.819249,1.825501,1.800494,1.806745,1691200
1992-03-20,1.794241,1.800493,1.769234,1.787989,2163200
1992-03-23,1.787989,1.787989,1.756731,1.756731,936000
1992-03-24,1.781738,1.794241,1.750479,1.750479,1135200
1992-03-25,1.781738,1.800493,1.762983,1.794242,1420800
1992-03-26,1.800492,1.819248,1.787989,1.819248,2548000
1992-03-27,1.812997,1.812997,1.787990,1.794242,1699200
1992-03-30,1.794242,1.800494,1.769235,1.769235,1089600
1992-03-31,1.762982,1.819248,1.762982,1.819248,2243200
1992-04-01,1.819249,1.838004,1.787991,1.838004,2168800
1992-04-02,1.794242,1.819249,1.756732,1.781739,1392800
1992-04-03,1.775486,1.781738,1.762983,1.775486,1612000
1992-04-06,1.775485,1.800492,1.775485,1.800492,2540000
1992-04-07,1.806745,1.806745,1.769234,1.775486,1378400
1992-04-08,1.762983,1.781738,1.737976,1.750479,2715200
1992-04-09,1.787989,1.787989,1.750479,1.787989,2040000
1992-04-10,1.794240,1.812995,1.794240,1.800492,2470400
1992-04-13,1.812995,1.812995,1.781737,1.800492,1140000
1992-04-14,1.806745,1.906772,1.800493,1.894269,3319200
1992-04-15,1.894269,1.913024,1.869262,1.900521,4564800
1992-04-16,1.875514,1.913024,1.863010,1.888017,3401600
1992-04-20,1.825500,1.900521,1.825500,1.888017,2130400
1992-04-21,1.888017,1.906772,1.888017,1.900521,1769600
1992-04-22,1.913024,1.975541,1.888017,1.925528,4072000
1992-04-23,1.925527,1.938031,1.900521,1.931779,2917600
1992-04-24,1.931779,1.938031,1.875514,1.875514,1702400
1992-04-27,1.863010,1.888017,1.825500,1.875514,2380000
1992-04-28,1.875514,1.875514,1.850507,1.875514,846400
1992-04-29,1.888017,1.931779,1.869262,1.931779,2008000
1992-04-30,1.938030,1.938030,1.919275,1.938030,2264000
1992-05-01,1.938031,1.938031,1.875514,1.900521,3326400
1992-05-04,1.900521,1.919401,1.900521,1.913107,1024000
1992-05-05,1.913107,1.925694,1.900521,1.913107,2052800
1992-05-06,1.919400,1.963452,1.919400,1.957159,2042400
1992-05-07,1.950865,1.950865,1.919400,1.944572,1311200
1992-05-08,1.950866,1.963452,1.925693,1.931986,1300800
1992-05-11,1.931986,2.001210,1.925693,1.988624,1279200
1992-05-12,1.963452,2.001211,1.944573,1.957159,1694400
1992-05-13,1.988625,1.988625,1.950866,1.963452,1883200
1992-05-14,1.950865,1.950865,1.906814,1.919400,1635200
1992-05-15,1.906814,1.913107,1.875348,1.875348,1832000
1992-05-18,1.881642,1.919401,1.875349,1.913107,1118400
1992-05-19,1.919400,1.944573,1.919400,1.931986,1565600
1992-05-20,1.931986,1.944572,1.906813,1.906813,2770400
1992-05-21,1.906813,1.913106,1.894227,1.894227,1143200
1992-05-22,1.900521,1.931987,1.900521,1.913107,1662400
1992-05-26,1.894228,1.894228,1.850176,1.875348,1717600
1992-05-27,1.875348,1.906813,1.875348,1.894227,1718400
1992-05-28,1.894228,1.894228,1.881642,1.887935,2771200
1992-05-29,1.887935,1.894228,1.881642,1.881642,1784000
1992-06-01,1.869056,1.881642,1.843883,1.881642,1485600
1992-06-02,1.887935,1.894228,1.869056,1.869056,1390400
1992-06-03,1.881642,1.887935,1.869056,1.881642,2390400
1992-06-04,1.875349,1.881642,1.856469,1.862762,2012000
1992-06-05,1.875348,1.900521,1.869055,1.900521,1804800
1992-06-08,1.875349,1.900521,1.869056,1.881642,1415200
1992-06-09,1.881641,1.881641,1.837589,1.837589,1614400
1992-06-10,1.837590,1.862762,1.825004,1.862762,1271200
1992-06-11,1.850176,1.856469,1.837590,1.843883,2267200
1992-06-12,1.856470,1.869056,1.850176,1.856470,3087200
1992-06-15,1.837590,1.862762,1.837590,1.850176,3265600
1992-06-16,1.850176,1.887935,1.850176,1.862762,1785600
1992-06-17,1.856469,1.887935,1.850176,1.850176,2525600
1992-06-18,1.850176,1.875349,1.837590,1.862762,2360800
1992-06-19,1.869055,1.881642,1.843883,1.850176,1905600
1992-06-22,1.862763,1.862763,1.843883,1.856470,2150400
1992-06-23,1.850176,1.881642,1.850176,1.862762,1378400
1992-06-24,1.862762,1.869055,1.850176,1.850176,1530400
1992-06-25,1.856469,1.869056,1.856469,1.869056,2916800
1992-06-26,1.862762,1.881642,1.862762,1.881642,2088800
1992-06-29,1.881642,1.894228,1.875349,1.887935,2526400
1992-06-30,1.906814,1.913107,1.900521,1.913107,566400
1992-07-01,1.913107,1.931986,1.900521,1.931986,2328800
1992-07-02,1.938279,1.950865,1.925693,1.944572,1724800
1992-07-06,1.944572,1.950866,1.919400,1.938279,1109600
1992-07-07,1.938280,1.950866,1.881642,1.887935,1604000
1992-07-08,1.887934,1.925693,1.887934,1.906813,2916800
1992-07-09,1.900520,1.931986,1.894227,1.919400,1853600
1992-07-10,1.925693,1.963452,1.925693,1.950866,1168000
1992-07-13,1.944573,1.988624,1.931986,1.950866,2566400
1992-07-14,1.963453,1.982332,1.957159,1.982332,2645600
1992-07-15,1.982331,1.988624,1.938279,1.950866,1260800
1992-07-16,1.931986,1.938279,1.900520,1.906813,1724000
1992-07-17,1.906814,1.938279,1.887935,1.931986,2421600
1992-07-20,1.931986,1.931986,1.900521,1.931986,2540000
1992-07-21,1.919401,1.925694,1.900521,1.913107,2014400
1992-07-22,1.925693,1.938279,1.913107,1.938279,2444000
1992-07-23,1.938280,1.957159,1.931987,1.957159,1116800
1992-07-24,1.944572,1.944572,1.906813,1.925693,1021600
1992-07-27,1.919400,1.944572,1.919400,1.938279,1096800
1992-07-28,1.938279,1.982331,1.938279,1.976038,1973600
1992-07-29,1.982331,1.994917,1.963452,1.976038,1255200
1992-07-30,1.957159,1.976038,1.931986,1.976038,942400
1992-07-31,1.963452,1.976038,1.963452,1.976038,680000
1992-08-03,1.959047,1.984407,1.952707,1.959047,1884800
1992-08-04,1.965387,1.965387,1.933687,1.965387,1107200
1992-08-05,1.965386,1.965386,1.921007,1.940026,788000
1992-08-06,1.946367,1.965387,1.940027,1.965387,1832800
1992-08-07,1.965385,1.978065,1.933686,1.952706,1146400
1992-08-10,1.952706,1.952706,1.933686,1.940026,1264000
1992-08-11,1.946368,1.978067,1.946368,1.971727,1278400
1992-08-12,1.971727,1.978067,1.952707,1.959047,1319200
1992-08-13,1.971727,1.984407,1.959047,1.984407,1140000
1992-08-14,1.984407,2.003427,1.971727,1.971727,1631200
1992-08-17,1.971726,1.971726,1.940026,1.940026,790400
1992-08-18,1.940027,1.965387,1.940027,1.959047,1024000
1992-08-19,1.959048,1.959048,1.889308,1.895648,4948800
1992-08-20,1.908327,1.908327,1.870287,1.876627,3268000
1992-08-21,1.889306,1.914666,1.882966,1.908326,1313600
1992-08-24,1.895648,1.895648,1.863948,1.870288,932800
1992-08-25,1.870287,1.870287,1.800547,1.813227,5391200
1992-08-26,1.806887,1.851267,1.806887,1.838587,2352000
1992-08-27,1.851268,1.895647,1.851268,1.889307,1368800
1992-08-28,1.882969,1.908328,1.882969,1.901989,1128000
1992-08-31,1.901987,1.901987,1.857608,1.857608,1129600
1992-09-01,1.851267,1.882967,1.851267,1.882967,1256800
1992-09-02,1.870288,1.870288,1.825908,1.857608,3158400
1992-09-03,1.851268,1.876628,1.851268,1.863948,1948800
1992-09-04,1.870288,1.889308,1.857608,1.863948,1221600
1992-09-08,1.863947,1.863947,1.844927,1.851267,1152000
1992-09-09,1.844927,1.857607,1.838587,1.851267,1768800
1992-09-10,1.851268,1.863948,1.838588,1.863948,1696800
1992-09-11,1.870288,1.882968,1.863948,1.870288,1483200
1992-09-14,1.889307,1.921007,1.889307,1.914667,2280000
1992-09-15,1.921006,1.921006,1.876626,1.908326,2124800
1992-09-16,1.901988,1.927348,1.889308,1.895648,1680800
1992-09-17,1.908328,1.908328,1.863948,1.863948,1122400
1992-09-18,1.876627,1.889307,1.870287,1.876627,3139200
1992-09-21,1.876627,1.876627,1.863947,1.876627,1973600
1992-09-22,1.870288,1.876628,1.857608,1.863948,1765600
1992-09-23,1.870287,1.882967,1.857607,1.876627,2013600
1992-09-24,1.870287,1.889307,1.870287,1.876627,4276000
1992-09-25,1.876628,1.914668,1.876628,1.895648,2636800
1992-09-28,1.895648,1.895648,1.876628,1.895648,2139200
1992-09-29,1.895647,1.933687,1.895647,1.927347,3108000
1992-09-30,1.921007,1.978067,1.921007,1.978067,2586400
1992-10-01,1.978067,1.990747,1.965387,1.984407,1713600
1992-10-02,1.978067,1.984407,1.971727,1.978067,861600
1992-10-05,1.959046,1.965386,1.895647,1.927347,1432800
1992-10-06,1.914668,1.933688,1.895648,1.895648,2217600
1992-10-07,1.914667,1.914667,1.889307,1.889307,1625600
1992-10-08,1.901987,1.921007,1.895647,1.914667,1104000
1992-10-09,1.914668,1.921008,1.901989,1.901989,2380000
1992-10-12,1.921007,1.940027,1.914667,1.933687,1488000
1992-10-13,1.933687,1.940027,1.921007,1.927347,1176000
1992-10-14,1.940027,1.959047,1.933687,1.959047,963200
1992-10-15,1.952707,1.990747,1.946367,1.984407,1236000
1992-10-16,1.984407,1.997087,1.978067,1.997087,696000
1992-10-19,2.003426,2.028786,1.997086,2.022446,981600
1992-10-20,2.028786,2.060486,2.016106,2.022446,3621600
1992-10-21,2.022446,2.022446,2.003426,2.016106,2964800
1992-10-22,2.016107,2.047807,2.016107,2.041467,2173600
1992-10-23,2.041466,2.085846,2.041466,2.073166,2065600
1992-10-26,2.092187,2.104866,2.079507,2.079507,1532800
1992-10-27,2.104866,2.123885,2.092186,2.104866,2650400
1992-10-28,2.092187,2.098527,2.066827,2.079507,1715200
1992-10-29,2.054147,2.117546,2.054147,2.098526,2076000
1992-10-30,2.123887,2.142907,2.104867,2.130227,2157600
1992-11-02,2.138654,2.183342,2.132269,2.170574,5607200
1992-11-03,2.164189,2.183341,2.157805,2.176957,2348800
1992-11-04,2.170573,2.176957,2.151421,2.164189,2524800
1992-11-05,2.151420,2.170573,2.151420,2.157804,1392800
1992-11-06,2.145037,2.151421,2.132269,2.138653,843200
1992-11-09,2.138653,2.183341,2.138653,2.138653,1624800
1992-11-10,2.132269,2.157805,2.132269,2.138653,871200
1992-11-11,2.145036,2.151420,2.138652,2.151420,990400
1992-11-12,2.164189,2.164189,2.132268,2.145036,1212000
1992-11-13,2.157804,2.189724,2.157804,2.189724,1865600
1992-11-16,2.176957,2.176957,2.157804,2.157804,612800
1992-11-17,2.164189,2.176957,2.157805,2.164189,758400
1992-11-18,2.157804,2.189724,2.157804,2.189724,1299200
1992-11-19,2.189725,2.189725,2.170573,2.183341,1226400
1992-11-20,2.176957,2.196109,2.157805,2.176957,2016800
1992-11-23,2.183342,2.183342,2.151422,2.170574,2244800
1992-11-24,2.183340,2.196108,2.176956,2.189724,4499200
1992-11-25,2.196109,2.196109,2.145036,2.145036,4040000
1992-11-27,2.151420,2.157804,2.145036,2.151420,1538400
1992-11-30,2.157805,2.164189,2.145037,2.164189,4022400
1992-12-01,2.164189,2.164189,2.138652,2.145036,1211200
1992-12-02,2.151420,2.170573,2.145036,2.157804,1259200
1992-12-03,2.151421,2.183341,2.151421,2.183341,2475200
1992-12-04,2.189725,2.208877,2.176957,2.208877,2558400
1992-12-07,2.221646,2.228030,2.196110,2.215262,2135200
1992-12-08,2.215261,2.215261,2.202493,2.208877,1078400
1992-12-09,2.202492,2.208876,2.183340,2.189724,1047200
1992-12-10,2.176958,2.176958,2.151422,2.170574,2808000
1992-12-11,2.170572,2.183340,2.151420,2.151420,852000
1992-12-14,2.151421,2.176957,2.151421,2.176957,718400
1992-12-15,2.170573,2.189725,2.164189,2.176957,1614400
1992-12-16,2.176958,2.176958,2.157806,2.170574,1825600
1992-12-17,2.170572,2.189724,2.164188,2.189724,2508000
1992-12-18,2.196110,2.215262,2.183342,2.215262,3604800
1992-12-21,2.196109,2.202493,2.189725,2.196109,990400
1992-12-22,2.202492,2.208876,2.183340,2.189724,2092800
1992-12-23,2.202493,2.208877,2.196109,2.202493,1737600
1992-12-24,2.215261,2.234414,2.208877,2.228029,1098400
1992-12-28,2.221646,2.247182,2.221646,2.247182,1671200
1992-12-29,2.247181,2.259949,2.228029,2.240797,1326400
1992-12-30,2.240798,2.247182,2.221645,2.228029,595200
1992-12-31,2.228030,2.234414,2.202493,2.202493,1607200
1993-01-04,2.208877,2.215262,2.196109,2.202493,982400
1993-01-05,2.202493,2.208877,2.189725,2.202493,1895200
1993-01-06,2.215261,2.240798,2.202493,2.208877,2461600
1993-01-07,2.208878,2.208878,2.151422,2.170574,1239200
1993-01-08,2.151420,2.157805,2.125884,2.145036,1744000
1993-01-11,2.132268,2.138652,2.113116,2.132268,792800
1993-01-12,2.132268,2.145036,2.106732,2.132268,2693600
1993-01-13,2.125884,2.164188,2.113116,2.151420,2573600
1993-01-14,2.157806,2.176958,2.145038,2.170574,1845600
1993-01-15,2.183342,2.215262,2.176958,2.215262,1720800
1993-01-18,2.202493,2.202493,2.170573,2.176957,1533600
1993-01-19,2.176958,2.228030,2.164190,2.215262,4872000
1993-01-20,2.221645,2.228029,2.196109,2.196109,1270400
1993-01-21,2.202493,2.234413,2.202493,2.234413,2149600
1993-01-22,2.240798,2.285486,2.234414,2.272718,2871200
1993-01-25,2.272718,2.279102,2.259950,2.272718,1861600
1993-01-26,2.285486,2.298254,2.272718,2.272718,1157600
1993-01-27,2.266335,2.311023,2.259951,2.304639,1215200
1993-01-28,2.304639,2.311023,2.298255,2.304639,1445600
1993-01-29,2.304638,2.311022,2.291870,2.298254,764800
1993-02-01,2.293884,2.351713,2.293884,2.351713,1240800
1993-02-02,2.345287,2.345287,2.319585,2.326011,968000
1993-02-03,2.351714,2.383841,2.351714,2.383841,2243200
1993-02-04,2.370990,2.415968,2.370990,2.409543,1824000
1993-02-05,2.396691,2.422393,2.364564,2.390265,2060800
1993-02-08,2.390265,2.396691,2.364564,2.390265,1648800
1993-02-09,2.383842,2.383842,2.364566,2.370991,1248000
1993-02-10,2.377415,2.383840,2.338862,2.351713,1942400
1993-02-11,2.358139,2.383840,2.358139,2.377415,3296000
1993-02-12,2.377416,2.383841,2.338863,2.345289,1940800
1993-02-16,2.358139,2.358139,2.300310,2.319587,1580800
1993-02-17,2.306736,2.313161,2.236056,2.236056,2991200
1993-02-18,2.268183,2.274609,2.216780,2.236056,3266400
1993-02-19,2.255332,2.281034,2.242482,2.261758,2192800
1993-02-22,2.287459,2.319586,2.287459,2.300309,5768800
1993-02-23,2.319586,2.351713,2.313160,2.338862,5315200
1993-02-24,2.332437,2.390266,2.332437,2.383841,3061600
1993-02-25,2.383841,2.403117,2.377416,2.403117,2743200
1993-02-26,2.403116,2.415967,2.370989,2.390265,2236000
1993-03-01,2.390265,2.422392,2.390265,2.415966,2364000
1993-03-02,2.403116,2.454520,2.390265,2.454520,2300800
1993-03-03,2.454521,2.467372,2.435245,2.467372,1508800
1993-03-04,2.467372,2.473797,2.390267,2.403117,3350400
1993-03-05,2.415969,2.441671,2.403118,2.435246,2524800
1993-03-08,2.448094,2.512349,2.448094,2.512349,3789600
1993-03-09,2.518774,2.570178,2.518774,2.570178,3562400
1993-03-10,2.557329,2.608733,2.544478,2.602307,2140000
1993-03-11,2.608730,2.672985,2.608730,2.615156,4936800
1993-03-12,2.615158,2.615158,2.589456,2.602307,3488000
1993-03-15,2.608732,2.634434,2.602307,2.628009,2623200
1993-03-16,2.621583,2.634434,2.583031,2.595881,3788800
1993-03-17,2.583028,2.602305,2.538050,2.538050,3392800
1993-03-18,2.544476,2.570177,2.525199,2.531625,4095200
1993-03-19,2.544477,2.550903,2.525201,2.525201,4538400
1993-03-22,2.525200,2.563753,2.525200,2.563753,2736800
1993-03-23,2.570178,2.589455,2.550902,2.557328,1816000
1993-03-24,2.538052,2.570179,2.538052,2.550903,2472000
1993-03-25,2.550901,2.570178,2.544476,2.570178,2152000
1993-03-26,2.570177,2.595879,2.531625,2.531625,3503200
1993-03-29,2.544477,2.576604,2.544477,2.563753,2261600
1993-03-30,2.570179,2.576604,2.544477,2.563753,2460000
1993-03-31,2.576604,2.576604,2.557328,2.563753,1310400
1993-04-01,2.595880,2.595880,2.563752,2.570178,2405600
1993-04-02,2.570178,2.589454,2.557327,2.570178,1767200
1993-04-05,2.570178,2.595880,2.570178,2.576604,4148000
1993-04-06,2.589454,2.634432,2.589454,2.621581,1808800
1993-04-07,2.634434,2.672986,2.634434,2.672986,4008800
1993-04-08,2.679411,2.769367,2.679411,2.769367,3539200
1993-04-12,2.827196,2.865749,2.795069,2.865749,4552000
1993-04-13,2.904303,2.917154,2.859325,2.885026,2436000
1993-04-14,2.865750,2.865750,2.788644,2.814346,3304800
1993-04-15,2.795070,2.801496,2.730816,2.756518,3105600
1993-04-16,2.756516,2.756516,2.679411,2.685836,3005600
1993-04-19,2.685838,2.692264,2.660136,2.679413,1717600
1993-04-20,2.692262,2.692262,2.602306,2.647284,1874400
1993-04-21,2.660136,2.660136,2.550903,2.595881,4407200
1993-04-22,2.595881,2.679412,2.595881,2.595881,3360000
1993-04-23,2.608730,2.608730,2.557327,2.570178,2383200
1993-04-26,2.563753,2.589455,2.480222,2.505924,4570400
1993-04-27,2.493073,2.576604,2.467371,2.576604,5163200
1993-04-28,2.589455,2.615157,2.538051,2.563753,2552800
1993-04-29,2.576605,2.628009,2.570180,2.628009,2435200
1993-04-30,2.628007,2.692261,2.628007,2.640858,3325600
1993-05-03,2.657932,2.683800,2.619130,2.683800,1807200
1993-05-04,2.677332,2.703200,2.664398,2.677332,2127200
1993-05-05,2.690265,2.716133,2.657930,2.657930,1731200
1993-05-06,2.657931,2.657931,2.580327,2.593261,1360000
1993-05-07,2.593261,2.599728,2.573860,2.586794,1474400
1993-05-10,2.580328,2.619130,2.541526,2.541526,3310400
1993-05-11,2.560927,2.619130,2.560927,2.619130,1617600
1993-05-12,2.606196,2.644998,2.586795,2.619130,1658400
1993-05-13,2.599727,2.606194,2.554458,2.554458,3519200
1993-05-14,2.567394,2.567394,2.502724,2.509191,3251200
1993-05-17,2.509191,2.535059,2.463922,2.509191,1624800
1993-05-18,2.515658,2.547993,2.515658,2.535059,1359200
1993-05-19,2.528592,2.625597,2.470389,2.619130,2619200
1993-05-20,2.625597,2.657932,2.593263,2.612664,1932000
1993-05-21,2.612662,2.625596,2.586794,2.586794,1854400
1993-05-24,2.586795,2.606196,2.560927,2.580328,1053600
1993-05-25,2.580327,2.593261,2.573860,2.593261,1159200
1993-05-26,2.593261,2.677332,2.580327,2.664398,2237600
1993-05-27,2.664399,2.683800,2.599729,2.619130,2577600
1993-05-28,2.593261,2.606195,2.560927,2.567394,1340800
1993-06-01,2.567394,2.599729,2.567394,2.580328,2789600
1993-06-02,2.567394,2.580328,2.528592,2.535059,5634400
1993-06-03,2.554459,2.554459,2.522124,2.528591,2244800
1993-06-04,2.522124,2.528591,2.425119,2.438053,4879200
1993-06-07,2.450988,2.450988,2.366917,2.379851,2601600
1993-06-08,2.379851,2.405719,2.373384,2.379851,4916000
1993-06-09,2.392786,2.450989,2.386319,2.425121,1673600
1993-06-10,2.438053,2.450987,2.425119,2.431586,2700000
1993-06-11,2.438053,2.476855,2.438053,2.470388,2640000
1993-06-14,2.470389,2.541526,2.470389,2.535059,3258400
1993-06-15,2.560925,2.593260,2.547991,2.554458,3051200
1993-06-16,2.554459,2.573860,2.522124,2.547992,1816000
1993-06-17,2.560927,2.593262,2.560927,2.580328,3464800
1993-06-18,2.580328,2.593262,2.567394,2.573861,2059200
1993-06-21,2.586794,2.612662,2.580327,2.593261,1386400
1993-06-22,2.612662,2.638530,2.606195,2.625596,1836000
1993-06-23,2.612664,2.625597,2.599730,2.612664,2885600
1993-06-24,2.612662,2.657931,2.599728,2.644997,1976800
1993-06-25,2.657932,2.703201,2.657932,2.690267,2221600
1993-06-28,2.690266,2.800204,2.690266,2.800204,3543200
1993-06-29,2.793737,2.819605,2.767869,2.819605,4401600
1993-06-30,2.819606,2.832540,2.767870,2.832540,2578800
1993-07-01,2.832540,2.832540,2.767870,2.780804,1839200
1993-07-02,2.780803,2.780803,2.703199,2.729067,1280400
1993-07-06,2.729067,2.793737,2.716133,2.754935,1304000
1993-07-07,2.742002,2.832539,2.742002,2.819605,3074400
1993-07-08,2.819607,2.897211,2.819607,2.897211,2437600
1993-07-09,2.897210,2.897210,2.806672,2.832540,1890000
1993-07-12,2.832539,2.871341,2.819605,2.819605,2336400
1993-07-13,2.858408,2.871342,2.780804,2.780804,1859200
1993-07-14,2.819605,2.832539,2.742002,2.742002,3398400
1993-07-15,2.754936,2.793737,2.754936,2.767869,1464000
1993-07-16,2.780804,2.884276,2.767870,2.793738,3818800
1993-07-19,2.845474,2.897210,2.832540,2.832540,3566400
1993-07-20,2.845473,2.884275,2.819605,2.819605,1756400
1993-07-21,2.819605,2.845473,2.780803,2.819605,2512800
1993-07-22,2.845474,2.858408,2.767870,2.793738,2384800
1993-07-23,2.793738,2.832540,2.793738,2.832540,1294000
1993-07-26,2.819605,2.858407,2.806671,2.819605,3218800
1993-07-27,2.819605,2.845473,2.806671,2.819605,1744800
1993-07-28,2.819605,2.819605,2.716133,2.716133,2655200
1993-07-29,2.729067,2.729067,2.703199,2.729067,3237600
1993-07-30,2.729067,2.729067,2.703199,2.716133,1441200
1993-08-02,2.720299,2.772362,2.720299,2.746330,1587600
1993-08-03,2.746330,2.759346,2.720299,2.746330,1893200
1993-08-04,2.746330,2.746330,2.681251,2.681251,1282000
1993-08-05,2.681252,2.707284,2.668237,2.694268,2033200
1993-08-06,2.681252,2.694268,2.681252,2.694268,1458400
1993-08-09,2.694267,2.707283,2.681251,2.681251,1200000
1993-08-10,2.681252,2.733316,2.681252,2.720300,2647600
1993-08-11,2.707283,2.759347,2.707283,2.733315,2315600
1993-08-12,2.733314,2.772361,2.733314,2.772361,2834800
1993-08-13,2.772361,2.798393,2.759346,2.785377,1534400
1993-08-16,2.785378,2.798394,2.746331,2.759346,2403600
1993-08-17,2.759347,2.759347,2.720299,2.733315,2553200
1993-08-18,2.733315,2.759347,2.720299,2.733315,3091200
1993-08-19,2.733315,2.746330,2.720299,2.746330,3306800
1993-08-20,2.746331,2.772362,2.733315,2.759346,2822000
1993-08-23,2.759346,2.759346,2.733315,2.746330,953600
1993-08-24,2.759347,2.824425,2.733315,2.824425,2702400
1993-08-25,2.811409,2.824425,2.785377,2.785377,2313200
1993-08-26,2.785377,2.798393,2.759346,2.785377,1467600
1993-08-27,2.785377,2.785377,2.746330,2.785377,2114800
1993-08-30,2.759346,2.785378,2.746331,2.759346,508000
1993-08-31,2.746331,2.759346,2.720299,2.759346,1581600
1993-09-01,2.746330,2.759346,2.707283,2.746330,2247600
1993-09-02,2.746332,2.746332,2.694268,2.707284,1910800
1993-09-03,2.733315,2.759346,2.694267,2.746330,1798000
1993-09-07,2.759347,2.785378,2.720299,2.733315,998400
1993-09-08,2.746330,2.798393,2.733314,2.785377,1362400
1993-09-09,2.772362,2.837441,2.759347,2.824425,2599600
1993-09-10,2.837441,2.876488,2.811409,2.837441,2426000
1993-09-13,2.837441,2.876488,2.824425,2.863472,1522000
1993-09-14,2.811410,2.850457,2.798394,2.824425,968400
1993-09-15,2.798393,2.798393,2.759345,2.772361,1525600
1993-09-16,2.772362,2.785378,2.733315,2.759346,1030000
1993-09-17,2.733315,2.785378,2.733315,2.759346,3038400
1993-09-20,2.759347,2.785378,2.720299,2.733315,1524400
1993-09-21,2.746331,2.746331,2.668237,2.720300,1232000
1993-09-22,2.733316,2.746331,2.694268,2.720300,1399600
1993-09-23,2.720300,2.733316,2.694268,2.720300,1623600
1993-09-24,2.694268,2.772362,2.694268,2.759346,3180000
1993-09-27,2.850456,2.876488,2.798393,2.850456,1481600
1993-09-28,2.863472,2.863472,2.785378,2.837441,1652000
1993-09-29,2.837441,2.850456,2.785377,2.811409,4975200
1993-09-30,2.811410,2.876489,2.811410,2.876489,2362000
1993-10-01,2.863474,2.915537,2.850458,2.889505,3136400
1993-10-04,2.889505,2.993631,2.889505,2.941568,2932000
1993-10-05,2.941569,2.941569,2.863474,2.889505,1716000
1993-10-06,2.928552,2.928552,2.876489,2.902520,1361200
1993-10-07,2.902520,2.941567,2.889504,2.915536,2313200
1993-10-08,2.915536,2.993631,2.902520,2.954584,2976400
1993-10-11,2.967599,2.967599,2.889504,2.915536,1023200
1993-10-12,2.941567,2.967598,2.928551,2.967598,1220000
1993-10-13,2.967598,3.019661,2.954582,2.980614,1896000
1993-10-14,2.993632,3.006647,2.876490,2.889505,1711200
1993-10-15,2.928552,2.928552,2.889504,2.902520,2402400
1993-10-18,2.902520,2.928552,2.798394,2.824425,3706000
1993-10-19,2.837441,2.863473,2.733315,2.733315,3987200
1993-10-20,2.785379,2.798394,2.720300,2.720300,3472400
1993-10-21,2.733316,2.772363,2.720300,2.720300,2015600
1993-10-22,2.746331,2.785379,2.694268,2.694268,3074400
1993-10-25,2.707284,2.707284,2.668237,2.694268,3395200
1993-10-26,2.694268,2.720300,2.655221,2.707284,2635200
1993-10-27,2.694268,2.720300,2.616173,2.720300,4474000
1993-10-28,2.720300,2.733316,2.668237,2.707284,3460800
1993-10-29,2.707283,2.733314,2.655220,2.681251,2902000
1993-11-01,2.672344,2.711643,2.659244,2.698543,3005600
1993-11-02,2.724742,2.737842,2.672343,2.672343,3696400
1993-11-03,2.685442,2.698542,2.541346,2.619944,4710400
1993-11-04,2.593744,2.593744,2.436547,2.462746,5036400
1993-11-05,2.462748,2.593746,2.449649,2.528247,4434000
1993-11-08,2.528247,2.541346,2.475848,2.488947,2299600
1993-11-09,2.528247,2.593746,2.528247,2.554446,3479600
1993-11-10,2.515146,2.515146,2.475847,2.502046,4140400
1993-11-11,2.515145,2.528245,2.449647,2.462746,3365600
1993-11-12,2.449649,2.502047,2.449649,2.475848,1362800
1993-11-15,2.502046,2.502046,2.436547,2.462746,1170000
1993-11-16,2.462748,2.488948,2.449649,2.475848,2666800
1993-11-17,2.475847,2.488947,2.423448,2.436548,2736000
1993-11-18,2.423448,2.423448,2.357950,2.371049,3722800
1993-11-19,2.371050,2.410349,2.357950,2.410349,3377200
1993-11-22,2.410349,2.410349,2.357950,2.410349,1833200
1993-11-23,2.397249,2.449647,2.397249,2.436548,4248400
1993-11-24,2.436549,2.449648,2.384150,2.384150,2646800
1993-11-26,2.410349,2.410349,2.384150,2.384150,742800
1993-11-29,2.410349,2.449648,2.397249,2.410349,3160000
1993-11-30,2.410350,2.423449,2.384150,2.397250,1718400
1993-12-01,2.436549,2.475848,2.423449,2.449649,3970400
1993-12-02,2.436549,2.449649,2.384151,2.423450,2042800
1993-12-03,2.423449,2.423449,2.384149,2.410349,2803600
1993-12-06,2.397249,2.436548,2.384149,2.410349,5326000
1993-12-07,2.410350,2.436549,2.397250,2.423450,3402800
1993-12-08,2.423447,2.462746,2.423447,2.462746,3450000
1993-12-09,2.462746,2.502046,2.449647,2.462746,2900400
1993-12-10,2.488948,2.515148,2.475849,2.515148,4125600
1993-12-13,2.502048,2.502048,2.449649,2.449649,1283200
1993-12-14,2.488948,2.488948,2.436549,2.475848,1976000
1993-12-15,2.449649,2.462749,2.423450,2.423450,2101600
1993-12-16,2.449649,2.515148,2.449649,2.515148,2781200
1993-12-17,2.541347,2.606846,2.528248,2.593746,4271200
1993-12-20,2.554446,2.606845,2.541347,2.580646,1761200
1993-12-21,2.580646,2.593746,2.528247,2.580646,1659600
1993-12-22,2.567547,2.580646,2.515148,2.567547,1764400
1993-12-23,2.554447,2.633045,2.554447,2.593746,1823600
1993-12-27,2.606844,2.672343,2.580645,2.619944,1376400
1993-12-28,2.606847,2.646146,2.606847,2.646146,1222400
1993-12-29,2.633045,2.646144,2.554446,2.580646,4198800
1993-12-30,2.567545,2.619944,2.567545,2.619944,1610800
1993-12-31,2.580646,2.593746,2.541347,2.554446,1778000
1994-01-03,2.541346,2.554445,2.488947,2.502046,2335600
1994-01-04,2.502046,2.515146,2.475847,2.502046,1930400
1994-01-05,2.502047,2.502047,2.449648,2.488947,3471600
1994-01-06,2.488946,2.488946,2.436547,2.462746,2846800
1994-01-07,2.488947,2.541346,2.475848,2.541346,2923600
1994-01-10,2.515148,2.606846,2.515148,2.593746,3095200
1994-01-11,2.606844,2.619944,2.554445,2.619944,3088400
1994-01-12,2.619944,2.633044,2.580645,2.619944,1586000
1994-01-13,2.619946,2.619946,2.567547,2.593746,1466800
1994-01-14,2.580646,2.593746,2.541347,2.554446,2359200
1994-01-17,2.554446,2.606845,2.488948,2.580646,3674800
1994-01-18,2.580646,2.580646,2.515147,2.528247,2270400
1994-01-19,2.528248,2.593746,2.475849,2.593746,5842000
1994-01-20,2.593744,2.659243,2.567545,2.619944,4232800
1994-01-21,2.659246,2.659246,2.593747,2.646146,3771200
1994-01-24,2.646144,2.646144,2.619944,2.633044,2648800
1994-01-25,2.633045,2.698544,2.619945,2.685444,3278800
1994-01-26,2.685444,2.711643,2.659244,2.711643,1329200
1994-01-27,2.711642,2.764041,2.685442,2.750941,2272800
1994-01-28,2.764042,2.790241,2.672344,2.698543,4457200
1994-01-31,2.731267,2.797240,2.731267,2.784045,2989200
1994-02-01,2.770849,2.823627,2.744460,2.810432,4982000
1994-02-02,2.810433,2.889600,2.810433,2.889600,3910000
1994-02-03,2.863213,2.863213,2.770851,2.784045,4456400
1994-02-04,2.784044,2.863211,2.704876,2.718071,5698800
1994-02-07,2.678487,2.704876,2.625709,2.704876,4386800
1994-02-08,2.704877,2.704877,2.638904,2.638904,1388800
1994-02-09,2.665293,2.691682,2.652098,2.652098,1241600
1994-02-10,2.678489,2.691684,2.652100,2.665295,1223200
1994-02-11,2.638904,2.704877,2.612515,2.638904,2074400
1994-02-14,2.638903,2.638903,2.559736,2.599320,1723200
1994-02-15,2.599321,2.612516,2.559738,2.559738,1535200
1994-02-16,2.572932,2.612515,2.546542,2.572932,2783600
1994-02-17,2.586127,2.625711,2.506960,2.559738,2477200
1994-02-18,2.599320,2.599320,2.506958,2.520153,1962400
1994-02-22,2.520154,2.559738,2.520154,2.559738,2526400
1994-02-23,2.559736,2.572931,2.493764,2.520153,1958800
1994-02-24,2.520152,2.520152,2.454180,2.467374,1896400
1994-02-25,2.480570,2.520154,2.454181,2.493765,2251600
1994-02-28,2.533348,2.546542,2.454181,2.480570,3963200
1994-03-01,2.454180,2.480569,2.427791,2.467374,2167600
1994-03-02,2.414597,2.493765,2.375014,2.454181,3105600
1994-03-03,2.427792,2.467375,2.414597,2.454181,3593600
1994-03-04,2.454181,2.493764,2.427792,2.440986,2019200
1994-03-07,2.467375,2.493764,2.427792,2.440986,1686000
1994-03-08,2.454181,2.467376,2.401403,2.427792,2080400
1994-03-09,2.414598,2.454181,2.401403,2.427792,2095600
1994-03-10,2.427791,2.454180,2.348624,2.375013,2340400
1994-03-11,2.401403,2.440986,2.348625,2.414597,1935200
1994-03-14,2.440986,2.467375,2.427792,2.454181,2536400
1994-03-15,2.467376,2.480570,2.388209,2.427792,3893600
1994-03-16,2.440987,2.506959,2.427792,2.493765,1670400
1994-03-17,2.493763,2.572930,2.480569,2.546541,3948400
1994-03-18,2.559737,2.599321,2.520153,2.572932,4959200
1994-03-21,2.546542,2.599320,2.533347,2.599320,2410000
1994-03-22,2.586125,2.638903,2.586125,2.612514,2549200
1994-03-23,2.625709,2.638903,2.612514,2.612514,1042400
1994-03-24,2.625709,2.652098,2.612515,2.652098,2502000
1994-03-25,2.625711,2.652100,2.546543,2.559738,1840800
1994-03-28,2.625710,2.625710,2.546542,2.625710,3156000
1994-03-29,2.612514,2.625708,2.572930,2.586125,1488000
1994-03-30,2.533347,2.559736,2.520153,2.520153,1651200
1994-03-31,2.520153,2.546542,2.467375,2.520153,2494000
1994-04-04,2.480570,2.493765,2.440986,2.454181,3907200
1994-04-05,2.493765,2.533349,2.467376,2.533349,5457200
1994-04-06,2.506959,2.520154,2.467376,2.506959,2467600
1994-04-07,2.533349,2.559738,2.493765,2.559738,2081200
1994-04-08,2.546542,2.652099,2.533348,2.638904,3226800
1994-04-11,2.652099,2.757655,2.625710,2.744460,3461200
1994-04-12,2.731266,2.744460,2.691682,2.731266,2056000
1994-04-13,2.744460,2.770849,2.704877,2.731266,4595200
1994-04-14,2.704878,2.784045,2.691684,2.784045,2411600
1994-04-15,2.784043,2.850016,2.757654,2.810432,4706400
1994-04-18,2.810435,2.836824,2.757656,2.784045,1818400
1994-04-19,2.770850,2.836822,2.770850,2.836822,2113600
1994-04-20,2.823628,2.836822,2.757655,2.770849,3102000
1994-04-21,2.784045,2.797240,2.757656,2.784045,3120000
1994-04-22,2.784044,2.797239,2.757655,2.770849,3777600
1994-04-25,2.784044,2.784044,2.691682,2.718071,2308400
1994-04-26,2.731266,2.731266,2.678487,2.718071,2626000
1994-04-28,2.691684,2.691684,2.559739,2.665295,4155600
1994-04-29,2.638904,2.731266,2.612515,2.718071,1662400
1994-05-02,2.737743,2.737743,2.658002,2.684582,2275200
1994-05-03,2.711160,2.751030,2.684580,2.724450,3002000
1994-05-04,2.711160,2.737740,2.684580,2.737740,2383200
1994-05-05,2.724450,2.737740,2.697870,2.724450,1666400
1994-05-06,2.671291,2.684581,2.644711,2.644711,2352400
1994-05-09,2.644712,2.724453,2.644712,2.684582,2288400
1994-05-10,2.671290,2.751030,2.671290,2.724450,1760400
1994-05-11,2.711160,2.737740,2.684580,2.697870,2206000
1994-05-12,2.697871,2.724451,2.671291,2.711161,1993600
1994-05-13,2.751030,2.764320,2.711160,2.737740,1710800
1994-05-16,2.711160,2.751030,2.711160,2.724450,1946800
1994-05-17,2.724451,2.724451,2.658001,2.711161,6139200
1994-05-18,2.737740,2.751030,2.711160,2.724450,4482000
1994-05-19,2.751030,2.804190,2.724450,2.777610,1795600
1994-05-20,2.751030,2.804190,2.751030,2.764320,2014800
1994-05-23,2.777610,2.777610,2.658000,2.671290,2302400
1994-05-24,2.711160,2.790900,2.711160,2.777610,2977600
1994-05-25,2.777612,2.830772,2.764322,2.804192,2942000
1994-05-26,2.804189,2.883929,2.790899,2.844059,3669600
1994-05-27,2.857351,2.870641,2.817481,2.857351,2012400
1994-05-31,2.844059,2.870639,2.830769,2.844059,1582000
1994-06-01,2.844062,2.870642,2.817482,2.870642,1904400
1994-06-02,2.870642,2.897222,2.817482,2.883932,1613200
1994-06-03,2.870640,2.897220,2.830770,2.897220,1507200
1994-06-06,2.897220,2.937090,2.897220,2.923800,1784800
1994-06-07,2.897220,2.950380,2.883930,2.937090,1668800
1994-06-08,2.950380,2.963670,2.910510,2.937090,1403600
1994-06-09,2.937090,2.937090,2.910510,2.923800,2420400
1994-06-10,2.923800,2.950380,2.910510,2.923800,1341200
1994-06-13,2.923800,2.963670,2.870640,2.963670,1562800
1994-06-14,2.963670,3.003540,2.950380,2.976960,2472800
1994-06-15,2.990250,2.990250,2.923800,2.937090,1563600
1994-06-16,2.937090,2.950380,2.883930,2.937090,1493200
1994-06-17,2.963670,2.963670,2.883930,2.950380,4279600
1994-06-20,2.910510,2.910510,2.883930,2.897220,1680400
1994-06-21,2.883929,2.883929,2.830769,2.844059,1435600
1994-06-22,2.857352,2.897222,2.844062,2.870642,1445200
1994-06-23,2.883931,2.883931,2.830771,2.857351,876400
1994-06-24,2.844062,2.844062,2.764322,2.804192,1528800
1994-06-27,2.777609,2.844059,2.737739,2.844059,1586400
1994-06-28,2.857350,2.857350,2.790900,2.817480,1210000
1994-06-29,2.830772,2.883932,2.817482,2.883932,1872000
1994-06-30,2.910510,2.923800,2.764320,2.777610,2634400
1994-07-01,2.790902,2.870642,2.764322,2.870642,2583600
1994-07-05,2.857349,2.897219,2.844059,2.844059,1084800
1994-07-06,2.817482,2.817482,2.764322,2.804192,1849200
1994-07-07,2.830771,2.830771,2.790901,2.790901,1166400
1994-07-08,2.764320,2.790900,2.751030,2.764320,2985200
1994-07-11,2.777610,2.777610,2.711160,2.751030,1039200
1994-07-12,2.751031,2.751031,2.697871,2.711161,1429600
1994-07-13,2.724450,2.724450,2.697870,2.697870,990000
1994-07-14,2.724450,2.777610,2.724450,2.764320,2138400
1994-07-15,2.751030,2.777610,2.737740,2.764320,1401200
1994-07-18,2.817480,2.817480,2.764320,2.777610,3442800
1994-07-19,2.764320,2.764320,2.724450,2.724450,1569200
1994-07-20,2.737740,2.737740,2.697870,2.724450,1791200
1994-07-21,2.697870,2.724450,2.658000,2.724450,2197200
1994-07-22,2.751031,2.751031,2.711161,2.711161,1678400
1994-07-25,2.711161,2.737741,2.697871,2.711161,437600
1994-07-26,2.711161,2.724451,2.684581,2.711161,868000
1994-07-27,2.737740,2.751030,2.697870,2.737740,949200
1994-07-28,2.711160,2.751030,2.711160,2.737740,887200
1994-07-29,2.751030,2.790900,2.737740,2.777610,1871200
1994-08-01,2.784035,2.810804,2.743880,2.770650,1738000
1994-08-02,2.784035,2.810804,2.757265,2.757265,2316800
1994-08-03,2.757265,2.770650,2.717111,2.770650,1665200
1994-08-04,2.770650,2.810805,2.757266,2.810805,1427600
1994-08-05,2.784035,2.797420,2.757266,2.797420,1186800
1994-08-08,2.824190,2.824190,2.797420,2.810805,1128800
1994-08-09,2.824189,2.837573,2.810804,2.837573,1054800
1994-08-10,2.837574,2.837574,2.810805,2.810805,1476000
1994-08-11,2.797420,2.810805,2.757266,2.810805,1784400
1994-08-12,2.837573,2.850958,2.824189,2.837573,1019600
1994-08-15,2.837574,2.850959,2.810805,2.810805,1088800
1994-08-16,2.837575,2.877729,2.810805,2.877729,2329600
1994-08-17,2.824188,2.877727,2.824188,2.864342,1665200
1994-08-18,2.837575,2.850960,2.797421,2.824191,1174800
1994-08-19,2.837574,2.837574,2.810805,2.810805,2120400
1994-08-22,2.784035,2.810804,2.757265,2.770650,1401600
1994-08-23,2.770650,2.850958,2.770650,2.850958,2258400
1994-08-24,2.837573,2.864342,2.824188,2.864342,2565600
1994-08-25,2.864345,2.891114,2.864345,2.877729,1675600
1994-08-26,2.891115,2.917885,2.877730,2.904500,1618000
1994-08-29,2.917885,2.944654,2.904500,2.904500,1413600
1994-08-30,2.917884,2.917884,2.850960,2.877729,1544000
1994-08-31,2.850958,2.864343,2.837574,2.850958,1866400
1994-09-01,2.824189,2.850958,2.797419,2.837573,2580000
1994-09-02,2.850959,2.864344,2.810805,2.810805,1578800
1994-09-06,2.810805,2.810805,2.770650,2.797420,1241600
1994-09-07,2.784036,2.824191,2.757267,2.824191,1312000
1994-09-08,2.797420,2.864344,2.770650,2.810805,1637200
1994-09-09,2.730495,2.797419,2.717111,2.784034,1421600
1994-09-12,2.784035,2.797420,2.757266,2.797420,1794400
1994-09-13,2.850958,2.877728,2.824189,2.837573,3504000
1994-09-14,2.824191,2.824191,2.797421,2.824191,2454000
1994-09-15,2.797421,2.824191,2.784036,2.824191,1869600
1994-09-16,2.824190,2.824190,2.784035,2.797420,3688800
1994-09-19,2.810804,2.810804,2.743880,2.770650,1730800
1994-09-20,2.743881,2.743881,2.717111,2.717111,2257600
1994-09-21,2.717111,2.743881,2.703726,2.717111,2890400
1994-09-22,2.743881,2.757266,2.717111,2.730496,1931600
1994-09-23,2.730496,2.743881,2.717111,2.717111,2490000
1994-09-26,2.717110,2.743880,2.717110,2.743880,1326000
1994-09-27,2.717111,2.743881,2.676957,2.690341,5514400
1994-09-28,2.690343,2.703728,2.690343,2.703728,1807600
1994-09-29,2.690341,2.703726,2.650187,2.676956,1827600
1994-09-30,2.676957,2.676957,2.650187,2.650187,1278800
1994-10-03,2.650188,2.663573,2.583264,2.596649,2841200
1994-10-04,2.596648,2.596648,2.529724,2.543109,3568800
1994-10-05,2.556495,2.610034,2.543110,2.596649,5152800
1994-10-06,2.583263,2.596647,2.569878,2.583263,1888400
1994-10-07,2.583263,2.636802,2.569878,2.583263,3869600
1994-10-10,2.583263,2.596647,2.543108,2.556493,2311600
1994-10-11,2.583264,2.610033,2.529725,2.529725,4223200
1994-10-12,2.556494,2.610033,2.543109,2.610033,1683200
1994-10-13,2.623416,2.636801,2.610031,2.623416,1356400
1994-10-14,2.610033,2.650187,2.596648,2.650187,999600
1994-10-17,2.636802,2.676957,2.636802,2.663572,1162800
1994-10-18,2.650187,2.676957,2.650187,2.663572,2948400
1994-10-19,2.623417,2.676957,2.610033,2.663572,4670000
1994-10-20,2.650187,2.663572,2.623417,2.636802,2802800
1994-10-21,2.623419,2.623419,2.583264,2.596649,4618800
1994-10-24,2.596650,2.636805,2.569881,2.569881,2009600
1994-10-25,2.556496,2.583266,2.543111,2.569881,1428800
1994-10-26,2.583264,2.596649,2.529725,2.529725,3563200
1994-10-27,2.543109,2.610033,2.543109,2.610033,2550800
1994-10-28,2.623417,2.676956,2.610033,2.676956,2429200
1994-10-31,2.686134,2.699633,2.645640,2.645640,1284800
1994-11-01,2.659139,2.686136,2.638892,2.672637,1802800
1994-11-02,2.645641,2.672638,2.618645,2.632143,3588000
1994-11-03,2.605146,2.632143,2.591648,2.605146,1642400
1994-11-04,2.632142,2.632142,2.537655,2.537655,947200
1994-11-07,2.551153,2.551153,2.510659,2.537655,1580800
1994-11-08,2.537657,2.645642,2.524159,2.618646,2476400
1994-11-09,2.632145,2.645643,2.537658,2.591650,1314800
1994-11-10,2.591648,2.591648,2.524157,2.537655,1091200
1994-11-11,2.524157,2.537655,2.470164,2.510659,2167600
1994-11-14,2.524157,2.564651,2.483662,2.510659,3805600
1994-11-15,2.510660,2.524158,2.443169,2.483663,2326800
1994-11-16,2.497162,2.537656,2.443169,2.456667,1161200
1994-11-17,2.483663,2.497161,2.443169,2.483663,3400800
1994-11-18,2.483663,2.483663,2.416172,2.429671,2895600
1994-11-21,2.456667,2.456667,2.416172,2.416172,1509600
1994-11-22,2.429670,2.443168,2.348681,2.348681,3322800
1994-11-23,2.321685,2.497161,2.281190,2.497161,4909200
1994-11-25,2.497161,2.524157,2.483662,2.510659,473200
1994-11-28,2.510659,2.510659,2.389176,2.416172,1741600
1994-11-29,2.429671,2.470165,2.402674,2.456667,1598000
1994-11-30,2.456666,2.456666,2.335183,2.348681,4218400
1994-12-01,2.335184,2.362180,2.267693,2.281191,4191600
1994-12-02,2.281191,2.375679,2.267693,2.375679,6084400
1994-12-05,2.375678,2.416172,2.362180,2.402674,2496000
1994-12-06,2.402674,2.416172,2.375678,2.402674,2062000
1994-12-07,2.375678,2.443169,2.375678,2.429671,2602800
1994-12-08,2.402675,2.429672,2.348683,2.389177,2681600
1994-12-09,2.375678,2.416172,2.348681,2.416172,1684800
1994-12-12,2.402674,2.429671,2.362180,2.429671,1914800
1994-12-13,2.416172,2.483663,2.416172,2.429671,3678800
1994-12-14,2.429670,2.524157,2.416172,2.497161,3049200
1994-12-15,2.497161,2.551153,2.497161,2.510659,3000800
1994-12-16,2.551153,2.564651,2.510659,2.510659,4442400
1994-12-19,2.497161,2.551153,2.497161,2.537655,972800
1994-12-20,2.537655,2.551153,2.510659,2.510659,1774800
1994-12-21,2.524158,2.564653,2.456667,2.456667,1762000
1994-12-22,2.456667,2.470165,2.389176,2.443169,2298800
1994-12-23,2.443168,2.510659,2.443168,2.470165,1391600
1994-12-27,2.483663,2.497161,2.429671,2.483663,872400
1994-12-28,2.470164,2.537655,2.470164,2.524157,1168000
1994-12-29,2.510660,2.524158,2.483663,2.483663,1762800
1994-12-30,2.483663,2.537655,2.470164,2.524157,1915600
1995-01-03,2.483662,2.510659,2.470164,2.510659,1245200
1995-01-04,2.497161,2.524157,2.456666,2.470165,1427200
1995-01-05,2.497161,2.524157,2.470165,2.497161,3066800
1995-01-06,2.483662,2.537655,2.483662,2.510659,1538400
1995-01-09,2.497161,2.497161,2.470165,2.470165,810000
1995-01-10,2.470165,2.497161,2.456666,2.470165,1624000
1995-01-11,2.483663,2.497161,2.443168,2.470165,1147600
1995-01-12,2.470165,2.510660,2.456667,2.483663,792800
1995-01-13,2.510659,2.551153,2.470164,2.537655,2256800
1995-01-16,2.510659,2.618644,2.510659,2.605146,3164400
1995-01-17,2.591648,2.605146,2.564652,2.578150,1868400
1995-01-18,2.578151,2.591649,2.551155,2.564653,1102400
1995-01-19,2.564653,2.578151,2.537656,2.551154,1175600
1995-01-20,2.551153,2.564651,2.537655,2.537655,1613200
1995-01-23,2.510659,2.632143,2.510659,2.605146,2058800
1995-01-24,2.591650,2.632145,2.578152,2.591650,2172000
1995-01-25,2.605148,2.632144,2.591650,2.618646,3462400
1995-01-26,2.605148,2.618646,2.605148,2.618646,1512400
1995-01-27,2.632143,2.645641,2.618645,2.632143,3312800
1995-01-30,2.627787,2.641402,2.600556,2.641402,725200
1995-01-31,2.627787,2.641402,2.600556,2.614171,1300400
1995-02-01,2.614171,2.627786,2.559709,2.559709,2906400
1995-02-02,2.559708,2.600554,2.546092,2.600554,2109200
1995-02-03,2.627786,2.709479,2.627786,2.695863,4176400
1995-02-06,2.682248,2.709479,2.668633,2.709479,2689600
1995-02-07,2.709479,2.709479,2.668633,2.695863,1348000
1995-02-08,2.682249,2.695864,2.655018,2.668633,905600
1995-02-09,2.668631,2.682247,2.614170,2.655016,1358000
1995-02-10,2.668633,2.668633,2.600556,2.641402,1068000
1995-02-13,2.641400,2.668631,2.627785,2.655016,1050400
1995-02-14,2.668631,2.668631,2.600554,2.627785,1842800
1995-02-15,2.641400,2.682247,2.600554,2.655016,1548400
1995-02-16,2.682248,2.723095,2.668633,2.709479,2546400
1995-02-17,2.695864,2.723094,2.682248,2.723094,1956400
1995-02-21,2.709480,2.736711,2.655018,2.668633,919600
1995-02-22,2.668633,2.723094,2.668633,2.695863,935200
1995-02-23,2.750325,2.763941,2.709479,2.723094,1400400
1995-02-24,2.736710,2.750325,2.709479,2.750325,1067200
1995-02-27,2.736710,2.763941,2.723094,2.723094,944400
1995-02-28,2.750325,2.804786,2.736709,2.804786,2440800
1995-03-01,2.804787,2.845634,2.777556,2.832018,3861200
1995-03-02,2.818403,2.859249,2.804787,2.832018,1419600
1995-03-03,2.818402,2.818402,2.763940,2.791171,1475600
1995-03-06,2.791171,2.804786,2.736709,2.804786,1619200
1995-03-07,2.804788,2.804788,2.736710,2.763941,1780000
1995-03-08,2.763941,2.763941,2.723095,2.736710,1633600
1995-03-09,2.723094,2.763941,2.723094,2.750325,1659200
1995-03-10,2.763941,2.832018,2.750326,2.832018,1861600
1995-03-13,2.832017,2.832017,2.763940,2.791171,851200
1995-03-14,2.791171,2.818402,2.750325,2.791171,1409200
1995-03-15,2.791172,2.791172,2.709479,2.723094,3789200
1995-03-16,2.736709,2.777555,2.709478,2.777555,3996800
1995-03-17,2.791172,2.791172,2.736710,2.736710,2259200
1995-03-20,2.736710,2.750325,2.709479,2.723094,1912800
1995-03-21,2.723094,2.750325,2.709479,2.723094,1077200
1995-03-22,2.723094,2.736710,2.695864,2.723094,736400
1995-03-23,2.709478,2.729901,2.655016,2.682247,2148400
1995-03-24,2.695864,2.736710,2.668633,2.709479,3902800
1995-03-27,2.723094,2.736710,2.709479,2.723094,1180000
1995-03-28,2.723094,2.723094,2.709479,2.723094,1489600
1995-03-29,2.723094,2.804786,2.723094,2.777555,2458800
1995-03-30,2.818403,2.818403,2.750326,2.763941,1284000
1995-03-31,2.763941,2.777557,2.736710,2.763941,1470800
1995-04-03,2.763940,2.818402,2.750325,2.777555,1472000
1995-04-04,2.791171,2.818402,2.791171,2.804786,1240400
1995-04-05,2.804787,2.845634,2.791172,2.832018,1670000
1995-04-06,2.845633,2.886479,2.832018,2.886479,2180400
1995-04-07,2.886479,2.913710,2.859248,2.913710,2114800
1995-04-10,2.886481,2.900096,2.832019,2.872865,1503200
1995-04-11,2.872865,2.886480,2.818403,2.832018,1040400
1995-04-12,2.859249,2.872865,2.818403,2.859249,1764400
1995-04-13,2.886481,2.886481,2.859250,2.872865,1058800
1995-04-17,2.872866,2.872866,2.804788,2.818404,1678800
1995-04-18,2.832018,2.845634,2.791172,2.832018,1246800
1995-04-19,2.832017,2.845633,2.791171,2.804786,1474400
1995-04-20,2.804788,2.832019,2.777557,2.818404,1175600
1995-04-21,2.832017,2.832017,2.777556,2.791171,2546800
1995-04-24,2.777556,2.872865,2.763941,2.832018,1843200
1995-04-25,2.818403,2.859249,2.777556,2.832018,2295200
1995-04-26,2.832018,2.845634,2.818403,2.845634,932800
1995-04-27,2.818402,2.927325,2.818402,2.927325,2550400
1995-04-28,2.900095,2.913710,2.872864,2.886479,1534000
1995-05-01,2.895812,2.909536,2.813466,2.827191,1302800
1995-05-02,2.813468,2.854640,2.813468,2.854640,2711600
1995-05-03,2.854638,2.923259,2.840914,2.909535,7277600
1995-05-04,2.936986,3.005607,2.895813,2.978158,3200800
1995-05-05,2.950710,2.991883,2.950710,2.964434,1808000
1995-05-08,2.978158,3.005607,2.950710,3.005607,1281600
1995-05-09,3.005607,3.046779,2.950710,3.046779,2863200
1995-05-10,3.046780,3.101676,3.033055,3.101676,7755200
1995-05-11,3.087952,3.101676,3.033055,3.046779,2430800
1995-05-12,3.046780,3.115401,3.033055,3.101676,3072800
1995-05-15,3.101675,3.101675,3.087951,3.087951,1381600
1995-05-16,3.115399,3.115399,3.005605,3.033054,5905600
1995-05-17,3.033055,3.046779,3.019331,3.046779,2736000
1995-05-18,3.033057,3.033057,2.978160,2.991884,1754800
1995-05-19,2.909537,3.005607,2.909537,2.964434,3319600
1995-05-22,2.978160,3.005609,2.964436,2.991884,1439200
1995-05-23,2.991883,3.101676,2.978158,3.101676,2922400
1995-05-24,3.101674,3.101674,3.046777,3.074226,2647600
1995-05-25,3.060502,3.074226,3.005605,3.033054,1416800
1995-05-26,3.033055,3.060504,3.019331,3.046779,904400
1995-05-30,3.046779,3.087951,3.046779,3.087951,888000
1995-05-31,3.087953,3.115401,3.074228,3.115401,1839200
1995-06-01,3.087952,3.129124,3.060503,3.129124,2478800
1995-06-02,3.101675,3.197745,3.060503,3.170296,3540400
1995-06-05,3.184021,3.184021,3.156572,3.170296,2265200
1995-06-06,3.170296,3.170296,3.129123,3.142847,2323600
1995-06-07,3.129124,3.156573,3.115400,3.129124,3180800
1995-06-08,3.129125,3.142849,3.101677,3.115401,2058800
1995-06-09,3.101676,3.129124,3.005606,3.129124,4322000
1995-06-12,3.101675,3.101675,3.060503,3.087951,2172800
1995-06-13,3.101676,3.142849,3.087952,3.129124,2433600
1995-06-14,3.115401,3.129125,3.074228,3.115401,1540000
1995-06-15,3.115400,3.129124,3.087952,3.129124,2098800
1995-06-16,3.129125,3.129125,3.087953,3.115401,3182400
1995-06-19,3.129124,3.142849,3.115400,3.129124,1505200
1995-06-20,3.142848,3.170296,3.101675,3.170296,3244800
1995-06-21,3.170296,3.184020,3.129123,3.142847,1968000
1995-06-22,3.156572,3.170296,3.142848,3.156572,1984400
1995-06-23,3.156573,3.197746,3.156573,3.197746,2714800
1995-06-26,3.184021,3.225194,3.170297,3.197746,1976000
1995-06-27,3.184021,3.197745,3.170296,3.170296,1969200
1995-06-28,3.184021,3.211470,3.170297,3.197746,2432000
1995-06-29,3.197747,3.197747,3.170298,3.184023,2424400
1995-06-30,3.197745,3.225193,3.142848,3.156572,3081200
1995-07-03,3.156572,3.170296,3.129124,3.156572,556800
1995-07-05,3.156571,3.170296,3.129123,3.142847,1879200
1995-07-06,3.156572,3.170296,3.101675,3.170296,1638800
1995-07-07,3.184022,3.238919,3.184022,3.225195,3628800
1995-07-10,3.211470,3.252643,3.184021,3.238918,1387200
1995-07-11,3.238918,3.252643,3.170297,3.211470,2655200
1995-07-12,3.197746,3.211470,3.142849,3.211470,5097600
1995-07-13,3.197746,3.238918,3.184021,3.238918,1801200
1995-07-14,3.225195,3.252644,3.170298,3.184023,2073600
1995-07-17,3.170296,3.170296,3.129124,3.156572,1079200
1995-07-18,3.115399,3.156571,3.060502,3.142847,1468000
1995-07-19,3.129123,3.184020,3.019329,3.074226,3026000
1995-07-20,3.074226,3.087950,2.991881,3.074226,5012800
1995-07-21,3.074227,3.170297,3.074227,3.129124,2178400
1995-07-24,3.142849,3.142849,3.101676,3.101676,2103600
1995-07-25,3.101676,3.142849,3.101676,3.129124,2436800
1995-07-26,3.129124,3.170297,3.129124,3.129124,1804800
1995-07-27,3.156571,3.170296,3.115399,3.142847,1757200
1995-07-28,3.156573,3.156573,3.087952,3.101676,1447200
1995-07-31,3.074228,3.101676,3.046780,3.101676,2988400
1995-08-01,3.087950,3.101674,3.046777,3.074226,2901600
1995-08-02,3.100807,3.114650,3.003907,3.031593,5398400
1995-08-03,2.990063,3.017749,2.976220,3.017749,3437200
1995-08-04,3.045434,3.073120,3.017748,3.045434,2524400
1995-08-07,3.073120,3.086963,3.059277,3.086963,1723200
1995-08-08,3.086962,3.114648,3.073120,3.100805,5283200
1995-08-09,3.100805,3.128491,3.100805,3.100805,1649200
1995-08-10,3.086963,3.142335,3.073120,3.114649,2587200
1995-08-11,3.128491,3.142334,3.073120,3.086963,2764400
1995-08-14,3.086963,3.114649,3.059278,3.114649,2394800
1995-08-15,3.086963,3.156178,3.073120,3.114649,1474000
1995-08-16,3.100806,3.128492,3.073120,3.128492,5104800
1995-08-17,3.128492,3.156178,3.114649,3.114649,2207600
1995-08-18,3.142335,3.170021,3.114649,3.114649,3098000
1995-08-21,3.142335,3.197707,3.142335,3.156178,3254000
1995-08-22,3.170021,3.253078,3.156178,3.225393,2146000
1995-08-23,3.225391,3.225391,3.183862,3.183862,1874400
1995-08-24,3.197707,3.225393,3.183864,3.225393,990400
1995-08-25,3.225392,3.266921,3.225392,3.266921,1421200
1995-08-28,3.294606,3.377663,3.294606,3.377663,4138400
1995-08-29,3.405349,3.405349,3.294606,3.308449,3883200
1995-08-30,3.308448,3.336134,3.294605,3.336134,2377600
1995-08-31,3.322291,3.349977,3.308448,3.336134,1567200
1995-09-01,3.336135,3.363821,3.336135,3.363821,1134800
1995-09-05,3.363820,3.405349,3.308449,3.377663,1743600
1995-09-06,3.377664,3.433035,3.377664,3.405349,5037600
1995-09-07,3.405349,3.419191,3.349977,3.391506,3151600
1995-09-08,3.419193,3.433035,3.391507,3.419193,1974000
1995-09-11,3.391507,3.405349,3.370742,3.405349,2381200
1995-09-12,3.405349,3.446878,3.391506,3.433035,3044800
1995-09-13,3.433035,3.446878,3.377663,3.377663,2403200
1995-09-14,3.419191,3.446877,3.405348,3.446877,2962400
1995-09-15,3.474564,3.488407,3.446878,3.488407,3611200
1995-09-18,3.460719,3.460719,3.391505,3.446877,3170800
1995-09-19,3.433034,3.446877,3.405348,3.446877,1615200
1995-09-20,3.474563,3.474563,3.446877,3.460720,2413600
1995-09-21,3.474562,3.474562,3.419191,3.446877,1443600
1995-09-22,3.433034,3.446877,3.405348,3.446877,1817600
1995-09-25,3.460721,3.529935,3.433035,3.516092,2945600
1995-09-26,3.529934,3.529934,3.488406,3.529934,2609200
1995-09-27,3.516092,3.529935,3.474564,3.516092,2236400
1995-09-28,3.529934,3.599148,3.516091,3.585305,3604400
1995-09-29,3.585307,3.626835,3.543778,3.599150,2148800
1995-10-02,3.626834,3.640677,3.543777,3.557620,2421600
1995-10-03,3.557619,3.585305,3.529934,3.585305,1762000
1995-10-04,3.585307,3.640678,3.557621,3.599150,1755600
1995-10-05,3.612991,3.640677,3.599148,3.626834,2054000
1995-10-06,3.612993,3.640679,3.599150,3.612993,3537600
1995-10-09,3.585306,3.599149,3.557621,3.571464,1450400
1995-10-10,3.571464,3.585306,3.502249,3.571464,1892000
1995-10-11,3.571464,3.571464,3.529936,3.543779,2129200
1995-10-12,3.557620,3.626834,3.557620,3.626834,1548000
1995-10-13,3.640679,3.654522,3.612993,3.612993,1957600
1995-10-16,3.626835,3.737579,3.557621,3.709893,2936400
1995-10-17,3.709893,3.779107,3.709893,3.751422,3447600
1995-10-18,3.765264,3.792950,3.696050,3.723735,3322800
1995-10-19,3.723734,3.723734,3.529934,3.585305,3800000
1995-10-20,3.543779,3.543779,3.502250,3.543779,3188000
1995-10-23,3.543779,3.543779,3.488407,3.543779,2730000
1995-10-24,3.543779,3.543779,3.363821,3.419193,3206800
1995-10-25,3.349977,3.363820,3.253077,3.336134,8158800
1995-10-26,3.377664,3.377664,3.239235,3.363821,4362400
1995-10-27,3.349977,3.405348,3.266920,3.336134,4158800
1995-10-30,3.336135,3.349978,3.294606,3.322292,5105600
1995-10-31,3.322293,3.349978,3.266921,3.266921,4356400
1995-11-01,3.279760,3.349542,3.265804,3.335586,3055200
1995-11-02,3.349543,3.461194,3.349543,3.447238,4592000
1995-11-03,3.447238,3.475151,3.405369,3.447238,4119600
1995-11-06,3.489108,3.600760,3.489108,3.572847,3543200
1995-11-07,3.572845,3.586802,3.517019,3.586802,2189600
1995-11-08,3.586802,3.600758,3.558889,3.586802,1618800
1995-11-09,3.586802,3.642627,3.586802,3.628671,2030800
1995-11-10,3.600758,3.642627,3.558889,3.628671,1189600
1995-11-13,3.614714,3.628670,3.517019,3.558888,1594800
1995-11-14,3.558889,3.572846,3.530976,3.544933,987200
1995-11-15,3.530976,3.530976,3.489107,3.530976,2120800
1995-11-16,3.558888,3.600757,3.523997,3.558888,1821200
1995-11-17,3.558888,3.572845,3.530975,3.558888,2420400
1995-11-20,3.558889,3.572846,3.517020,3.544933,1626000
1995-11-21,3.530975,3.572845,3.530975,3.558888,3914400
1995-11-22,3.558887,3.558887,3.489105,3.489105,5802000
1995-11-24,3.517019,3.572845,3.517019,3.558888,4503200
1995-11-27,3.558890,3.600760,3.530978,3.572847,3887600
1995-11-28,3.572846,3.642628,3.558890,3.642628,2207200
1995-11-29,3.642629,3.642629,3.544934,3.572847,3322000
1995-11-30,3.600759,3.684497,3.586802,3.684497,5875600
1995-12-01,3.684497,3.712410,3.642628,3.684497,3267600
1995-12-04,3.712410,3.810105,3.698454,3.782192,3938000
1995-12-05,3.796147,3.824060,3.782190,3.810103,2359200
1995-12-06,3.824061,3.879887,3.796148,3.865931,2794400
1995-12-07,3.824060,3.824060,3.768234,3.796147,2420000
1995-12-08,3.796147,3.796147,3.740321,3.796147,2931200
1995-12-11,3.796147,3.796147,3.698452,3.698452,2256400
1995-12-12,3.684495,3.712408,3.684495,3.712408,1521200
1995-12-13,3.712411,3.782193,3.712411,3.768236,1596400
1995-12-14,3.782192,3.796149,3.768236,3.782192,2493600
1995-12-15,3.782194,3.782194,3.698456,3.754282,5548000
1995-12-18,3.684496,3.726365,3.628670,3.698452,3315200
1995-12-19,3.698452,3.824060,3.698452,3.810103,4286400
1995-12-20,3.824059,3.851972,3.670538,3.712408,3243600
1995-12-21,3.726364,3.768233,3.656582,3.712408,2231200
1995-12-22,3.712410,3.768235,3.712410,3.726366,1145600
1995-12-26,3.740321,3.754278,3.726365,3.740321,1353200
1995-12-27,3.740322,3.740322,3.698453,3.726366,1599200
1995-12-28,3.726366,3.768235,3.712410,3.726366,1565200
1995-12-29,3.712410,3.712410,3.656584,3.684497,2766400
1996-01-02,3.698453,3.698453,3.614714,3.670540,3491200
1996-01-03,3.670541,3.698454,3.656584,3.684497,2568000
1996-01-04,3.684497,3.698453,3.614715,3.628671,2606400
1996-01-05,3.600758,3.670540,3.600758,3.670540,3019200
1996-01-08,3.670540,3.684497,3.614714,3.670540,1520800
1996-01-09,3.670540,3.684497,3.614715,3.660074,3386000
1996-01-10,3.572844,3.586800,3.405367,3.461193,4187200
1996-01-11,3.461193,3.558888,3.419324,3.558888,2956000
1996-01-12,3.558889,3.586802,3.461194,3.586802,2808000
1996-01-15,3.544934,3.544934,3.475152,3.503065,1744800
1996-01-16,3.530976,3.614714,3.461194,3.586802,3180800
1996-01-17,3.572846,3.600759,3.530977,3.600759,3096800
1996-01-18,3.628668,3.642625,3.489104,3.517017,2420000
1996-01-19,3.447239,3.586803,3.447239,3.572847,3157600
1996-01-22,3.600758,3.642627,3.558889,3.628671,2194400
1996-01-23,3.600759,3.628672,3.572846,3.614715,1824800
1996-01-24,3.642627,3.642627,3.600758,3.628671,2429200
1996-01-25,3.614715,3.614715,3.572846,3.600759,2518400
1996-01-26,3.572846,3.628672,3.572846,3.614715,1676000
1996-01-29,3.600758,3.656584,3.572845,3.628671,2314800
1996-01-30,3.656583,3.810103,3.642626,3.796147,4110400
1996-01-31,3.795024,3.865302,3.795024,3.865302,5780400
1996-02-01,3.865303,3.865303,3.809081,3.809081,2090400
1996-02-02,3.823134,3.837190,3.752856,3.752856,1706400
1996-02-05,3.710689,3.752856,3.696633,3.752856,1996800
1996-02-06,3.752855,3.851244,3.696632,3.837189,2320800
1996-02-07,3.823135,3.921525,3.823135,3.907469,3620400
1996-02-08,3.921526,4.146417,3.907471,4.076138,4556800
1996-02-09,4.048026,4.090193,3.977747,4.048026,2788400
1996-02-12,4.048027,4.090194,4.033972,4.076138,1884400
1996-02-13,4.076137,4.132360,4.048026,4.090193,2458400
1996-02-14,4.062083,4.104250,4.048028,4.062083,1299600
1996-02-15,3.963692,4.033970,3.963692,4.019914,1812800
1996-02-16,4.019913,4.019913,3.977747,3.991802,3260400
1996-02-20,3.935580,3.977747,3.921524,3.935580,2527600
1996-02-21,3.963691,3.991802,3.935580,3.991802,2294000
1996-02-22,4.005860,4.118305,4.005860,4.104249,3387600
1996-02-23,4.076138,4.104249,4.033971,4.104249,4350000
1996-02-26,4.104248,4.132360,4.076137,4.090193,2379600
1996-02-27,4.076138,4.090194,4.033972,4.076138,3072000
1996-02-28,4.104248,4.160471,4.076137,4.090193,2317200
1996-02-29,4.076138,4.132361,4.062083,4.104249,3281600
1996-03-01,4.118304,4.132359,4.019914,4.118304,2676000
1996-03-04,4.118304,4.146416,4.076137,4.146416,2173600
1996-03-05,4.118304,4.160471,4.118304,4.160471,2276000
1996-03-06,4.160471,4.160471,4.118304,4.118304,2191200
1996-03-07,4.104248,4.118304,4.005859,4.033970,2300800
1996-03-08,3.879359,3.977748,3.851247,3.879359,4429200
1996-03-11,3.795022,3.837189,3.724744,3.837189,6292400
1996-03-12,3.780966,3.865300,3.724744,3.837189,4754400
1996-03-13,3.851246,3.851246,3.780968,3.795023,3094000
1996-03-14,3.809078,3.893412,3.809078,3.851245,2102400
1996-03-15,3.865302,3.935580,3.837191,3.907469,3826800
1996-03-18,3.977747,4.033970,3.949636,4.019914,2648800
1996-03-19,4.104248,4.132359,4.019914,4.033970,2654400
1996-03-20,4.062082,4.076138,3.963693,3.963693,3526400
1996-03-21,3.977747,3.977747,3.851246,3.907469,3530400
1996-03-22,3.949637,3.963693,3.879359,3.963693,3434800
1996-03-25,4.005860,4.090194,4.005860,4.076138,1579200
1996-03-26,4.048026,4.090193,4.048026,4.090193,1724800
1996-03-27,4.090193,4.132360,4.076137,4.090193,2778000
1996-03-28,4.076137,4.146416,4.062082,4.146416,3078400
1996-03-29,4.146415,4.174526,4.118304,4.132360,2921200
1996-04-01,4.146416,4.202638,4.146416,4.202638,2864000
1996-04-02,4.202638,4.216694,4.160471,4.216694,2409200
1996-04-03,4.202638,4.202638,4.118304,4.160471,3298800
1996-04-04,4.146416,4.202638,4.146416,4.160471,2645200
1996-04-08,3.963692,4.048026,3.963692,4.033970,3154000
1996-04-09,4.048027,4.118305,4.048027,4.076138,3989600
1996-04-10,4.048026,4.062082,3.991804,4.005859,2352000
1996-04-11,4.005858,4.005858,3.865302,3.935580,4192400
1996-04-12,3.949636,4.062081,3.935580,4.048026,3676000
1996-04-15,4.104248,4.146415,4.062081,4.132360,2217200
1996-04-16,4.118304,4.118304,4.076137,4.090193,2728400
1996-04-17,4.076137,4.076137,4.005859,4.048026,1820800
1996-04-18,4.033970,4.048026,3.991803,4.048026,2800800
1996-04-19,4.076138,4.104249,4.033971,4.104249,4150000
1996-04-22,4.132359,4.174526,4.118304,4.118304,2260400
1996-04-23,4.104248,4.132359,4.076137,4.118304,1775200
1996-04-24,4.118304,4.132360,4.076137,4.090193,1190800
1996-04-25,4.048026,4.076137,3.963692,4.048026,1980400
1996-04-26,4.062082,4.104248,4.062082,4.090193,2379200
1996-04-29,4.019915,4.104248,4.019915,4.090193,1309600
1996-04-30,4.048028,4.090195,4.019916,4.062083,1592800
1996-05-01,4.033972,4.062083,4.033972,4.062083,1327200
1996-05-02,3.977747,4.019914,3.865302,3.893413,2076000
1996-05-03,3.907469,3.963691,3.893413,3.935580,2834000
1996-05-06,3.851247,3.893414,3.780969,3.879359,2446400
1996-05-07,3.837192,3.893414,3.766913,3.879359,4112000
1996-05-08,3.839124,3.994955,3.824957,3.980789,2878800
1996-05-09,3.966623,4.009123,3.952457,3.966623,2477200
1996-05-10,4.023289,4.023289,3.980790,4.023289,2366000
1996-05-13,4.023290,4.065789,3.994957,4.065789,1624800
1996-05-14,4.079955,4.108288,4.023289,4.051622,2105600
1996-05-15,4.108289,4.108289,4.023290,4.065789,2087600
1996-05-16,3.994956,4.079955,3.994956,4.051622,2158800
1996-05-17,4.094121,4.094121,4.051622,4.079955,1660000
1996-05-20,4.094121,4.122454,4.065788,4.079955,2594400
1996-05-21,4.079955,4.122454,4.051622,4.079955,2141600
1996-05-22,4.065789,4.136621,4.065789,4.122455,2268400
1996-05-23,4.122456,4.179122,4.079957,4.094123,2787200
1996-05-24,4.079956,4.179121,4.079956,4.164955,2214400
1996-05-28,4.179121,4.193288,4.065789,4.065789,2903600
1996-05-29,4.065789,4.108289,4.037456,4.065789,2822800
1996-05-30,4.051624,4.079957,4.023291,4.037457,4082400
1996-05-31,4.037457,4.037457,3.938291,3.952458,2812000
1996-06-03,3.895791,3.980790,3.881624,3.966623,2824400
1996-06-04,4.037457,4.051624,3.980791,3.994957,3746400
1996-06-05,4.009124,4.023290,3.966624,3.994957,2418000
1996-06-06,4.037456,4.079955,4.023289,4.051622,8765600
1996-06-07,3.881624,3.966623,3.881624,3.966623,1486800
1996-06-10,3.966624,3.966624,3.924125,3.938291,1914400
1996-06-11,3.938291,4.009124,3.924125,3.952458,2834000
1996-06-12,3.966623,3.994956,3.909957,3.924123,2882000
1996-06-13,3.938290,3.952456,3.881624,3.924123,2818000
1996-06-14,3.938291,3.966624,3.909958,3.938291,4960800
1996-06-17,3.924123,3.924123,3.881624,3.881624,2032400
1996-06-18,3.867457,3.938290,3.853291,3.924123,3174400
1996-06-19,3.924121,3.980788,3.853289,3.867455,3349200
1996-06-20,3.867458,3.867458,3.739960,3.853292,5629200
1996-06-21,3.881626,3.881626,3.796627,3.839126,4662000
1996-06-24,3.839124,3.895790,3.824957,3.881624,4792000
1996-06-25,3.909957,3.924123,3.895790,3.924123,2393600
1996-06-26,3.924123,3.938290,3.853290,3.881624,1428800
1996-06-27,3.881625,3.938291,3.853292,3.938291,1892400
1996-06-28,3.938291,3.952458,3.909958,3.952458,2948400
1996-07-01,3.952457,3.980790,3.924124,3.966623,2287200
1996-07-02,3.966623,3.966623,3.867457,3.881624,3456800
1996-07-03,3.867459,3.924125,3.810793,3.909959,3676400
1996-07-05,3.796624,3.839124,3.768291,3.782458,1210800
1996-07-08,3.725793,3.754126,3.654960,3.683293,2139600
1996-07-09,3.697459,3.810791,3.697459,3.782458,2448400
1996-07-10,3.768292,3.839125,3.754126,3.824958,1767600
1996-07-11,3.824959,3.839125,3.683294,3.739960,3834400
1996-07-12,3.711625,3.782458,3.697459,3.711625,1723200
1996-07-15,3.725791,3.768291,3.697458,3.725791,1862000
1996-07-16,3.725791,3.796624,3.626626,3.725791,2919600
1996-07-17,3.768291,3.796624,3.725792,3.782458,2048800
1996-07-18,3.796626,3.909958,3.796626,3.853292,3833200
1996-07-19,3.881626,3.881626,3.810793,3.839126,4328800
1996-07-22,3.839125,3.839125,3.796625,3.796625,1575200
1996-07-23,3.810791,3.810791,3.725792,3.754125,5106000
1996-07-24,3.711627,3.782459,3.683294,3.739960,2903200
1996-07-25,3.739959,3.810792,3.739959,3.796625,3886800
1996-07-26,3.810789,3.867455,3.768290,3.867455,2248400
1996-07-29,3.839126,3.867459,3.824960,3.839126,1243200
1996-07-30,3.867459,3.952458,3.867459,3.952458,1950800
1996-07-31,3.924124,4.023289,3.924124,4.023289,2735200
1996-08-01,3.994958,4.115373,3.994958,4.094123,1779200
1996-08-02,4.136622,4.193288,4.136622,4.193288,3796000
1996-08-05,4.164955,4.164955,4.108289,4.136622,1876400
1996-08-06,4.108289,4.136622,4.094123,4.136622,1860000
1996-08-07,4.153176,4.195992,4.124632,4.181720,3119200
1996-08-08,4.167450,4.253083,4.167450,4.253083,2516400
1996-08-09,4.253081,4.253081,4.224537,4.238809,2305200
1996-08-12,4.210265,4.267353,4.210265,4.267353,1050400
1996-08-13,4.267355,4.295899,4.224539,4.253083,2180800
1996-08-14,4.281626,4.281626,4.224537,4.224537,2481200
1996-08-15,4.238809,4.281625,4.195993,4.267353,1544800
1996-08-16,4.295896,4.367257,4.281624,4.367257,2490400
1996-08-19,4.338714,4.367258,4.295898,4.352986,1175200
1996-08-20,4.367257,4.395802,4.338713,4.395802,1548000
1996-08-21,4.395803,4.410075,4.338714,4.352986,1942800
1996-08-22,4.367258,4.395802,4.352986,4.381530,2264800
1996-08-23,4.352988,4.381532,4.338716,4.338716,1429600
1996-08-26,4.338714,4.352986,4.295898,4.352986,1418400
1996-08-27,4.352985,4.424346,4.352985,4.395802,1663200
1996-08-28,4.381532,4.410077,4.367260,4.410077,1109600
1996-08-29,4.395803,4.395803,4.324442,4.352986,2286000
1996-08-30,4.338716,4.352988,4.295900,4.295900,6231600
1996-09-03,4.238809,4.338714,4.195993,4.310170,2653600
1996-09-04,4.295896,4.367257,4.295896,4.367257,2482800
1996-09-05,4.338714,4.410075,4.324442,4.352986,3128000
1996-09-06,4.352988,4.452893,4.352988,4.410077,2679600
1996-09-09,4.438620,4.452892,4.410076,4.452892,1487200
1996-09-10,4.438621,4.452893,4.395805,4.410077,2038400
1996-09-11,4.410073,4.438617,4.381529,4.438617,2180400
1996-09-12,4.438618,4.495706,4.424346,4.481434,2052000
1996-09-13,4.567067,4.652699,4.567067,4.609883,2588400
1996-09-16,4.638430,4.681246,4.567069,4.595613,2148800
1996-09-17,4.595611,4.595611,4.509979,4.524251,1538000
1996-09-18,4.524251,4.552795,4.495707,4.524251,1430000
1996-09-19,4.509978,4.581339,4.495706,4.567067,1015600
1996-09-20,4.595611,4.595611,4.538523,4.567067,2750000
1996-09-23,4.538522,4.624155,4.509978,4.624155,1032400
1996-09-24,4.595610,4.652699,4.567066,4.624155,2159600
1996-09-25,4.666971,4.666971,4.595610,4.624155,2872800
1996-09-26,4.652696,4.666969,4.638424,4.638424,955600
1996-09-27,4.666971,4.666971,4.581338,4.624155,1212800
1996-09-30,4.609886,4.681247,4.595614,4.652702,1373600
1996-10-01,4.666971,4.795420,4.666971,4.795420,3573600
1996-10-02,4.781150,4.881055,4.766878,4.823967,3309200
1996-10-03,4.809694,4.838238,4.795422,4.809694,3018400
1996-10-04,4.809693,4.938142,4.809693,4.881053,3741600
1996-10-07,4.838237,4.852509,4.809693,4.852509,3852400
1996-10-08,4.852510,4.866782,4.809694,4.838238,1578800
1996-10-09,4.838239,4.838239,4.766878,4.823967,1846800
1996-10-10,4.795422,4.838239,4.781150,4.823967,1284400
1996-10-11,4.852509,4.852509,4.823965,4.852509,744400
1996-10-14,4.838238,4.852510,4.809694,4.838238,1562800
1996-10-15,4.838238,4.838238,4.752605,4.838238,2381600
1996-10-16,4.838238,4.838238,4.781149,4.838238,1028400
1996-10-17,4.838237,4.895326,4.795421,4.895326,1810000
1996-10-18,4.952414,4.966686,4.923870,4.923870,1957600
1996-10-21,4.938142,4.980959,4.923870,4.938142,1280000
1996-10-22,4.909598,4.923870,4.852509,4.895326,2852000
1996-10-23,4.895326,4.909598,4.838237,4.895326,2393200
1996-10-24,4.895325,4.895325,4.852509,4.852509,985600
1996-10-25,4.852509,4.909598,4.838237,4.895326,1272800
1996-10-28,4.909598,4.909598,4.823966,4.838238,2690000
1996-10-29,4.795421,4.995231,4.795421,4.938142,4228400
1996-10-30,4.952414,4.952414,4.923869,4.952414,1316400
1996-10-31,4.952414,5.016638,4.952414,5.009502,1632400
1996-11-01,5.023774,5.052318,4.952414,4.980958,2612000
1996-11-04,4.980959,5.038047,4.952415,5.023775,1856000
1996-11-05,5.080864,5.152225,5.066592,5.095136,5856800
1996-11-06,5.083074,5.111792,5.039997,5.097433,3881200
1996-11-07,5.097432,5.097432,5.039996,5.083073,2915200
1996-11-08,5.083072,5.083072,4.982560,5.011278,4410800
1996-11-11,5.011278,5.011278,4.953842,4.982560,1800800
1996-11-12,4.968199,4.968199,4.910763,4.939481,3513600
1996-11-13,4.939485,4.939485,4.882049,4.925126,2003600
1996-11-14,4.896408,5.025639,4.882049,5.025639,2962800
1996-11-15,5.068714,5.083072,4.996919,5.011278,4454400
1996-11-18,5.011277,5.011277,4.853328,4.996918,2122800
1996-11-19,4.996919,5.183585,4.996919,5.169226,4088800
1996-11-20,5.169228,5.169228,5.054356,5.097433,2882400
1996-11-21,5.140509,5.140509,5.083073,5.083073,3841600
1996-11-22,5.054357,5.212306,5.054357,5.212306,2654800
1996-11-25,5.212305,5.327177,5.169228,5.298459,3940400
1996-11-26,5.298455,5.384609,5.284096,5.312814,4145200
1996-11-27,5.341536,5.341536,5.226664,5.226664,2047200
1996-11-29,5.269740,5.370253,5.255381,5.370253,776000
1996-12-02,5.370253,5.370253,5.241022,5.327176,2696000
1996-12-03,5.327178,5.370255,5.197947,5.212306,1784000
1996-12-04,5.054355,5.097432,5.011278,5.083073,4433600
1996-12-05,5.054356,5.068715,5.011279,5.054356,2305200
1996-12-06,4.882048,5.083074,4.853330,5.054356,2977600
1996-12-09,5.068716,5.183588,5.068716,5.183588,969200
1996-12-10,5.169228,5.197946,5.126152,5.126152,1534000
1996-12-11,4.939483,5.025637,4.939483,5.011278,2218400
1996-12-12,5.039993,5.054352,4.896404,4.939481,2336400
1996-12-13,4.896406,4.968201,4.838970,4.910765,2386000
1996-12-16,4.939484,4.982561,4.824612,4.824612,3247200
1996-12-17,4.681020,4.982558,4.681020,4.939481,2592800
1996-12-18,4.996920,5.054356,4.925125,4.968202,2321600
1996-12-19,5.011278,5.169226,5.011278,5.169226,1881200
1996-12-20,5.341537,5.341537,5.197947,5.284101,5680000
1996-12-23,5.284101,5.284101,5.154870,5.212306,1226000
1996-12-24,5.226665,5.226665,5.183588,5.212306,1053200
1996-12-26,5.226663,5.255381,5.226663,5.255381,932800
1996-12-27,5.255383,5.255383,5.197947,5.212306,696400
1996-12-30,5.212304,5.255381,5.183586,5.197945,1042000
1996-12-31,5.197943,5.226661,4.996918,4.996918,1760800
1997-01-02,5.025638,5.068715,4.925125,4.968202,2258400
1997-01-03,5.025637,5.083073,4.968201,5.068714,2239600
1997-01-06,5.097431,5.126149,4.996919,5.011278,1820000
1997-01-07,4.982560,5.068714,4.910766,5.068714,1946400
1997-01-08,5.097433,5.140510,5.054356,5.097433,3850000
1997-01-09,5.097433,5.126151,5.068715,5.097433,2275600
1997-01-10,4.996919,5.039996,4.953842,5.039996,3166000
1997-01-13,5.083073,5.197945,5.083073,5.197945,3342400
1997-01-14,5.197947,5.312819,5.197947,5.284101,3003200
1997-01-15,5.255381,5.327176,5.169227,5.327176,2666400
1997-01-16,5.327173,5.327173,5.212301,5.312814,1805600
1997-01-17,5.197944,5.355893,5.197944,5.341534,2414400
1997-01-20,5.355891,5.370250,5.269737,5.312814,2964800
1997-01-21,5.226665,5.355896,5.226665,5.355896,1851200
1997-01-22,5.355894,5.413330,5.327176,5.370253,4532800
1997-01-23,5.470766,5.470766,5.298459,5.298459,2659200
1997-01-24,5.284098,5.284098,5.140508,5.169226,4318800
1997-01-27,5.154868,5.255381,5.111791,5.197945,2471600
1997-01-28,5.312816,5.370252,5.197945,5.255381,2836400
1997-01-29,5.284099,5.370253,5.269740,5.327176,5280800
1997-01-30,5.355892,5.513841,5.327174,5.513841,1910400
1997-01-31,5.513839,5.528198,5.442044,5.470762,4010800
1997-02-03,5.470764,5.485123,5.384610,5.485123,3714000
1997-02-04,5.485124,5.542560,5.427688,5.528201,2694800
1997-02-05,5.548430,5.620675,5.461735,5.490633,3173200
1997-02-06,5.490634,5.533981,5.461736,5.519532,1846000
1997-02-07,5.548429,5.649572,5.548429,5.635123,6076400
1997-02-10,5.649575,5.721820,5.620677,5.649575,4128000
1997-02-11,5.664024,5.678473,5.548431,5.649575,1738800
1997-02-12,5.649571,5.750714,5.591774,5.750714,2469600
1997-02-13,5.750716,5.938554,5.736267,5.938554,4116400
1997-02-14,6.010796,6.010796,5.909653,5.924102,3108400
1997-02-18,5.924107,5.967454,5.851862,5.967454,2201600
1997-02-19,5.953003,6.025248,5.924105,5.981901,3743200
1997-02-20,5.924102,5.924102,5.779612,5.851857,3811600
1997-02-21,5.851861,5.851861,5.750717,5.794065,2050000
1997-02-24,5.779615,5.924105,5.779615,5.880758,1926000
1997-02-25,5.938555,6.010800,5.909657,6.010800,1901200
1997-02-26,6.068594,6.111941,5.779614,5.953002,4749200
1997-02-27,5.924104,5.924104,5.794063,5.837410,2002800
1997-02-28,5.794061,5.808510,5.736265,5.750714,2236000
1997-03-03,5.678469,5.822959,5.678469,5.822959,2768800
1997-03-04,5.837408,5.909653,5.750714,5.851857,1245200
1997-03-05,5.837411,5.909656,5.808513,5.880758,1745600
1997-03-06,5.909657,5.953004,5.866309,5.909657,2056400
1997-03-07,5.967453,6.083045,5.953004,6.010800,3064400
1997-03-10,6.039694,6.155286,5.981898,6.126388,2270000
1997-03-11,6.155289,6.155289,6.025247,6.068594,3759600
1997-03-12,6.039700,6.068598,5.938556,5.967454,1910800
1997-03-13,5.953001,5.953001,5.736266,5.736266,3037600
1997-03-14,5.808510,5.837408,5.721816,5.822959,2526800
1997-03-17,5.822961,5.822961,5.562878,5.707368,5104000
1997-03-18,5.736266,5.736266,5.591776,5.635123,2350400
1997-03-19,5.620674,5.692919,5.562878,5.635123,2576800
1997-03-20,5.635124,5.736267,5.577327,5.692920,2608800
1997-03-21,5.707369,5.837411,5.678471,5.765165,4048000
1997-03-24,5.779615,5.938555,5.779615,5.909657,3359200
1997-03-25,5.909655,5.981900,5.822961,5.837410,2609200
1997-03-26,5.837408,5.837408,5.692918,5.750714,3001200
1997-03-27,5.794062,5.808512,5.490633,5.533980,3178400
1997-03-31,5.490633,5.490633,5.317245,5.346143,5137200
1997-04-01,5.259449,5.476185,5.259449,5.461736,3691200
1997-04-02,5.375042,5.375042,5.259449,5.302796,3002800
1997-04-03,5.245001,5.346144,5.245001,5.288348,7938000
1997-04-04,5.245002,5.389492,5.230553,5.360594,2669200
1997-04-07,5.389492,5.476187,5.360594,5.447289,2160400
1997-04-08,5.432834,5.577324,5.403936,5.577324,2466000
1997-04-09,5.591777,5.591777,5.447287,5.461736,2051600
1997-04-10,5.447289,5.447289,5.375043,5.389493,2251600
1997-04-11,5.288348,5.331695,5.172755,5.172755,5111200
1997-04-14,5.187202,5.230549,5.129406,5.230549,2854000
1997-04-15,5.288348,5.375042,5.288348,5.331695,3671600
1997-04-16,5.331695,5.331695,5.216103,5.331695,3144000
1997-04-17,5.346144,5.519532,5.288348,5.476185,4317200
1997-04-18,5.476184,5.476184,5.375041,5.375041,1725600
1997-04-21,5.389491,5.403940,5.288348,5.331695,1730800
1997-04-22,5.302797,5.505083,5.273899,5.476185,2198400
1997-04-23,5.505085,5.519534,5.418391,5.418391,1965600
1997-04-24,5.432835,5.476182,5.389488,5.403937,1847200
1997-04-25,5.403937,5.461733,5.389488,5.403937,1592000
1997-04-28,5.389491,5.519532,5.389491,5.476185,2622400
1997-04-29,5.635121,5.707366,5.635121,5.678468,2745200
1997-04-30,5.664022,5.779614,5.664022,5.765165,2074800
1997-05-01,5.779615,5.837412,5.750717,5.794065,2366400
1997-05-02,5.822959,5.895205,5.808510,5.895205,2049600
1997-05-05,5.895206,5.981900,5.851859,5.953002,2580000
1997-05-06,5.953001,6.111941,5.938552,6.054144,3423200
1997-05-07,6.074494,6.089026,5.871042,5.885574,1994800
1997-05-08,5.827444,6.118090,5.812912,6.045428,4594800
1997-05-09,6.059959,6.147153,6.045427,6.132621,6398000
1997-05-12,6.147152,6.234346,6.103556,6.219814,2320400
1997-05-13,6.234344,6.234344,6.147150,6.161683,2504800
1997-05-14,6.190749,6.292475,6.190749,6.277943,2763200
1997-05-15,6.277941,6.277941,6.161683,6.234344,2286000
1997-05-16,6.248879,6.248879,6.045428,6.103557,1922400
1997-05-19,6.074492,6.147153,6.016363,6.132621,1516000
1997-05-20,6.045424,6.248876,6.001828,6.234344,2129600
1997-05-21,6.219816,6.234348,5.972767,6.045428,2766400
1997-05-22,6.132622,6.132622,6.001832,6.059961,1924800
1997-05-23,6.118086,6.190747,6.089021,6.161683,1258000
1997-05-27,6.103557,6.176218,6.074492,6.103557,1265200
1997-05-28,6.074488,6.161682,6.059956,6.089020,1724400
1997-05-29,6.190750,6.190750,6.059959,6.074492,1880800
1997-05-30,6.045427,6.234346,6.001830,6.219814,1520000
1997-06-02,6.248878,6.248878,6.074491,6.190749,1941600
1997-06-03,6.132620,6.263410,6.103555,6.190749,2609200
1997-06-04,6.190747,6.248876,6.176215,6.234344,2018400
1997-06-05,6.234346,6.321539,6.205281,6.277943,1832800
1997-06-06,6.263409,6.466861,6.263409,6.394200,3333600
1997-06-09,6.394200,6.510458,6.321538,6.394200,2231600
1997-06-10,6.481394,6.524991,6.423265,6.423265,1976000
1997-06-11,6.423264,6.466861,6.408732,6.466861,1442400
1997-06-12,6.554055,6.655781,6.510458,6.641249,2478400
1997-06-13,6.684847,6.786573,6.655782,6.742976,2706400
1997-06-16,6.742976,6.742976,6.612185,6.684846,2729200
1997-06-17,6.626716,6.772039,6.568587,6.728442,2551200
1997-06-18,6.728447,6.786576,6.684850,6.786576,2327200
1997-06-19,6.801106,6.888300,6.699380,6.844703,2081600
1997-06-20,6.844701,6.859233,6.757507,6.772039,4225200
1997-06-23,6.742975,6.757507,6.641249,6.670314,2242000
1997-06-24,6.655783,6.844702,6.641251,6.757509,3812800
1997-06-25,6.757507,6.801104,6.655782,6.670314,2839200
1997-06-26,6.677582,6.742977,6.568590,6.612187,2076800
1997-06-27,6.626716,6.699377,6.575853,6.590385,1831200
1997-06-30,6.597650,6.612183,6.495924,6.539521,2250400
1997-07-01,6.554058,6.713913,6.539525,6.626719,3343600
1997-07-02,6.641251,6.772041,6.626718,6.757509,2528800
1997-07-03,6.844702,6.946427,6.844702,6.939161,3258400
1997-07-07,6.946425,6.990022,6.844699,6.851965,3758400
1997-07-08,6.830168,6.931893,6.815635,6.924627,3747600
1997-07-09,6.924629,6.946427,6.808371,6.888298,2992000
1997-07-10,6.888300,7.033623,6.873767,7.011824,3615600
1997-07-11,6.975495,7.069955,6.946430,6.997293,2592400
1997-07-14,6.968226,7.033621,6.851968,6.939161,5732800
1997-07-15,6.990024,7.106282,6.902830,7.106282,2925600
1997-07-16,7.091749,7.469588,7.033620,7.469588,3742000
1997-07-17,7.440524,7.476855,7.244338,7.287935,4840400
1997-07-18,7.338802,7.353334,7.084487,7.164414,3529200
1997-07-21,7.091755,7.280675,7.040892,7.135352,2512800
1997-07-22,7.091750,7.309735,7.048154,7.295202,2907600
1997-07-23,7.411459,7.411459,7.208007,7.244338,2277600
1997-07-24,7.273401,7.338796,7.237070,7.316998,3144000
1997-07-25,7.331536,7.338802,7.164415,7.171681,3190800
1997-07-28,7.208011,7.317003,7.164414,7.164414,2207600
1997-07-29,7.178944,7.266138,7.171678,7.266138,3910800
1997-07-30,7.280670,7.360598,7.273404,7.331533,3615600
1997-07-31,7.324267,7.382396,7.302468,7.331533,3126000
1997-08-01,7.317002,7.317002,7.099018,7.200744,3110400
1997-08-04,7.200742,7.338798,7.178943,7.287935,1898400
1997-08-05,7.258872,7.266138,7.178944,7.215275,1198000
1997-08-06,7.213817,7.352545,7.199214,7.337942,1910000
1997-08-07,7.337940,7.418256,7.170007,7.184610,3178800
1997-08-08,7.096991,7.111594,6.834139,6.980168,3206000
1997-08-11,6.892553,7.082390,6.885252,7.082390,2630000
1997-08-12,7.082389,7.096992,6.863346,6.870647,1902400
1997-08-13,6.936361,6.994772,6.775729,6.907155,2846400
1997-08-14,6.921759,6.994773,6.804936,6.856046,3744000
1997-08-15,6.826838,6.907154,6.717316,6.841441,2841200
1997-08-18,6.841440,6.856043,6.673507,6.775727,3099600
1997-08-19,6.834138,6.936358,6.790329,6.929057,2604000
1997-08-20,7.002075,7.067788,6.980171,7.067788,2052400
1997-08-21,7.053183,7.053183,6.775728,6.885250,1568000
1997-08-22,6.731919,6.834139,6.710014,6.775727,2354400
1997-08-25,6.877950,6.892553,6.731921,6.819539,1320800
1997-08-26,6.790330,6.863344,6.717316,6.739220,1604800
1997-08-27,6.768427,6.783030,6.651604,6.724618,2141200
1997-08-28,6.673509,6.819538,6.637002,6.710016,1669600
1997-08-29,6.666208,6.863346,6.600495,6.710016,1844400
1997-09-02,6.731923,7.016679,6.731923,7.002076,3689600
1997-09-03,7.060480,7.067782,6.870643,6.936356,3462000
1997-09-04,6.907155,7.096993,6.877950,7.053184,1801200
1997-09-05,7.140798,7.170004,6.958263,6.972866,2402400
1997-09-08,7.053183,7.177307,7.053183,7.111594,2014400
1997-09-09,7.060484,7.177307,7.009374,7.126197,2082400
1997-09-10,7.038581,7.140801,7.016677,7.053184,2925600
1997-09-11,7.009378,7.031282,6.885253,6.892555,2266800
1997-09-12,6.965564,6.994770,6.892550,6.958262,2128000
1997-09-15,6.980171,7.118898,6.936362,7.060486,2286000
1997-09-16,7.170007,7.352543,7.118897,7.330638,3386000
1997-09-17,7.316032,7.396348,7.301430,7.352540,2681200
1997-09-18,7.403655,7.447464,7.345244,7.345244,3272000
1997-09-19,7.381749,7.389050,7.272227,7.316036,3225600
1997-09-22,7.316037,7.381750,7.250324,7.272228,2259600
1997-09-23,7.264925,7.374446,7.140800,7.323336,3328400
1997-09-24,7.294131,7.374447,7.155404,7.184610,3102400
1997-09-25,7.126199,7.177309,7.045883,7.060486,2376000
1997-09-26,7.126197,7.264925,7.126197,7.155403,3739200
1997-09-29,7.126196,7.213813,7.126196,7.213813,2375600
1997-09-30,7.184609,7.228417,7.148102,7.155403,2052000
1997-10-01,7.184609,7.294131,7.155404,7.264925,2382800
1997-10-02,7.257622,7.418253,7.221115,7.418253,3072800
1997-10-03,7.593487,7.695707,7.505870,7.586186,5252000
1997-10-06,7.651905,7.703015,7.593493,7.695714,5452800
1997-10-07,7.688404,7.943954,7.673801,7.929351,4041600
1997-10-08,7.841739,7.907452,7.681107,7.732217,2771600
1997-10-09,7.688405,7.710309,7.586185,7.644597,2390400
1997-10-10,7.535075,7.637295,7.498568,7.629994,2023600
1997-10-13,7.695711,7.710313,7.629998,7.666505,978800
1997-10-14,7.943954,7.943954,7.681103,7.929351,3180000
1997-10-15,7.885547,7.885547,7.695709,7.724915,2110800
1997-10-16,7.783330,7.958565,7.549684,7.622699,1915400
1997-10-17,7.564286,7.578889,7.257626,7.462066,2151600
1997-10-20,7.549679,7.666502,7.418253,7.593487,1350200
1997-10-21,7.535077,7.856340,7.505872,7.856340,1917000
1997-10-22,7.856338,7.856338,7.710310,7.710310,1452800
1997-10-23,7.535078,7.710312,7.491269,7.651901,1862000
1997-10-24,7.827132,7.827132,7.681104,7.710310,2105800
1997-10-27,7.651899,7.651899,7.096990,7.257622,2288200
1997-10-28,6.950961,7.622693,6.950961,7.520473,4963400
1997-10-29,7.564281,7.681104,7.418253,7.520473,2219800
1997-10-30,7.374450,7.535081,7.301435,7.345244,2360400
1997-10-31,7.593489,7.637297,7.447460,7.491269,2460800
1997-11-03,7.797929,7.797929,7.651900,7.739517,1665400
1997-11-04,7.710316,7.768728,7.593493,7.695714,1333800
1997-11-05,7.793164,7.822517,7.690429,7.734458,1392400
1997-11-06,7.602370,7.646399,7.514312,7.646399,2404000
1997-11-07,7.602366,7.661071,7.294162,7.558337,2779600
1997-11-10,7.719780,7.719780,7.573016,7.587693,2006000
1997-11-11,7.734455,7.734455,7.514309,7.543662,1302600
1997-11-12,7.484960,7.705106,7.367549,7.382226,2382000
1997-11-13,7.411573,7.543660,7.367544,7.455602,2213800
1997-11-14,7.514312,7.690429,7.455606,7.646399,2687200
1997-11-17,7.749131,7.866542,7.719778,7.822513,2534000
1997-11-18,7.851865,7.925247,7.749130,7.837189,3089200
1997-11-19,7.807831,8.116035,7.778478,8.086682,4469400
1997-11-20,8.204097,8.482948,8.189421,8.336185,4747200
1997-11-21,8.512301,8.512301,8.277479,8.424243,4184800
1997-11-24,8.409566,8.453595,8.189420,8.218773,2479200
1997-11-25,8.277478,8.571005,8.174743,8.541653,2999200
1997-11-26,8.688423,8.688423,8.556336,8.600365,2529600
1997-11-28,8.747124,8.849858,8.673742,8.791153,1351400
1997-12-01,8.791152,9.143385,8.791152,9.084680,4540000
1997-12-02,8.937917,9.187415,8.908564,8.996622,3086000
1997-12-03,9.158060,9.158060,8.893885,8.923238,2921600
1997-12-04,8.981946,8.996623,8.732448,8.732448,3563800
1997-12-05,8.688419,8.776478,8.571008,8.688419,4477400
1997-12-08,8.688418,8.835182,8.688418,8.791153,3493400
1997-12-09,8.908564,8.937917,8.747124,8.791153,2895600
1997-12-10,8.703096,8.791154,8.571008,8.688419,2067800
1997-12-11,8.453598,8.688420,8.365540,8.644391,3178200
1997-12-12,8.703095,8.864536,8.629713,8.805830,3177400
1997-12-15,8.805830,9.128711,8.747125,9.128711,3032400
1997-12-16,9.275475,9.275475,8.688419,8.688419,2812800
1997-12-17,8.703097,8.893890,8.688421,8.864537,4417200
1997-12-18,8.805829,8.879211,8.659065,8.820505,2367800
1997-12-19,8.659066,8.835182,8.409567,8.791153,3546000
1997-12-22,8.849860,8.937918,8.512303,8.629714,2748000
1997-12-23,8.600364,8.776481,8.380218,8.394895,2717600
1997-12-24,8.380216,8.453598,8.130718,8.248129,2010200
1997-12-26,8.306836,8.438924,8.277483,8.394895,1161600
1997-12-29,8.438918,8.659063,8.438918,8.556329,2623000
1997-12-30,8.747126,8.893889,8.659067,8.893889,2681000
1997-12-31,8.864535,9.114033,8.747123,9.099357,3448400
1998-01-02,8.981946,9.055328,8.923241,8.967270,2031800
1998-01-05,8.967272,9.143388,8.761802,8.879213,2519800
1998-01-06,8.864535,8.923240,8.692087,8.791153,2799200
1998-01-07,8.571009,8.644391,8.292158,8.644391,5725000
1998-01-08,8.688418,8.820506,8.629713,8.791153,4574800
1998-01-09,8.747127,8.761804,8.248130,8.380218,2976600
1998-01-12,8.218779,8.629717,8.160073,8.600365,2852800
1998-01-13,8.835182,8.835182,8.453596,8.497625,3232800
1998-01-14,8.688422,8.776480,8.526981,8.761804,2694400
1998-01-15,8.776478,8.805830,8.673743,8.688419,2031000
1998-01-16,8.747123,8.791152,8.673741,8.703094,2357000
1998-01-20,8.791154,8.835183,8.659067,8.835183,3157000
1998-01-21,8.835183,8.835183,8.468273,8.526978,3919600
1998-01-22,8.512305,8.512305,8.277483,8.482952,2637000
1998-01-23,8.482948,8.482948,8.189420,8.350861,2361400
1998-01-26,8.336186,8.556332,8.321509,8.365539,1924200
1998-01-27,8.306833,8.585684,8.306833,8.512302,2110800
1998-01-28,8.659068,8.747126,8.556333,8.585686,2827200
1998-01-29,8.615038,8.776479,8.556333,8.644391,2410600
1998-01-30,8.673740,8.673740,8.468271,8.556329,2606800
1998-02-02,8.747127,8.835186,8.629716,8.761804,3278200
1998-02-03,8.717775,9.025979,8.688422,9.025979,4764200
1998-02-04,9.020673,9.109111,8.858537,9.079632,2896000
1998-02-05,9.064888,9.182805,8.902751,9.050148,1721400
1998-02-06,9.109108,9.241765,9.064889,9.153327,3194200
1998-02-09,9.168067,9.168067,8.961712,9.123848,2224400
1998-02-10,9.182804,9.256502,9.094366,9.256502,3152400
1998-02-11,9.315462,9.374421,9.227025,9.374421,2714600
1998-02-12,9.256502,9.374419,9.123845,9.344940,1866600
1998-02-13,9.374418,9.374418,9.197543,9.300720,1705800
1998-02-17,9.330202,9.418640,9.271244,9.389161,1724600
1998-02-18,9.403903,9.477601,9.330204,9.433382,2391600
1998-02-19,9.285985,9.330204,9.212287,9.330204,1967600
1998-02-20,9.418637,9.418637,9.109105,9.300720,2127200
1998-02-23,9.256504,9.433380,9.256504,9.389161,2114600
1998-02-24,9.389164,9.389164,9.197549,9.315466,2043200
1998-02-25,9.418638,9.521816,9.374419,9.492336,2363000
1998-02-26,9.875566,9.875566,9.462856,9.683950,2595800
1998-02-27,9.669214,9.669214,9.477599,9.669214,2539200
1998-03-02,9.639731,9.846087,9.624992,9.683950,2230200
1998-03-03,9.742907,9.787126,9.610250,9.772387,2232800
1998-03-04,9.772387,9.905043,9.683949,9.772387,2845400
1998-03-05,9.742908,9.905044,9.698689,9.860826,3316800
1998-03-06,9.934528,10.273540,9.934528,10.229321,2802400
1998-03-09,10.214585,10.229325,10.081928,10.126147,1927200
1998-03-10,10.140884,10.303020,10.126144,10.229321,1846600
1998-03-11,10.244064,10.258803,10.155626,10.214584,2211200
1998-03-12,10.111406,10.229323,10.096666,10.185104,2384400
1998-03-13,10.199845,10.214585,10.022969,10.140886,1751000
1998-03-16,10.317760,10.317760,10.140884,10.244061,4025400
1998-03-17,10.244064,10.244064,10.140886,10.214584,3287600
1998-03-18,10.214582,10.229322,10.096665,10.155623,3607400
1998-03-19,10.185103,10.317759,10.081925,10.229321,2949200
1998-03-20,10.347239,10.347239,10.199842,10.229321,3014800
1998-03-23,10.111404,10.214582,9.964008,10.022966,3059000
1998-03-24,10.081928,10.214585,10.081928,10.126147,2708000
1998-03-25,10.214580,10.214580,9.742912,9.875568,3467200
1998-03-26,9.816610,9.919787,9.757651,9.875568,2292000
1998-03-27,9.949264,9.949264,9.580773,9.683950,2758400
1998-03-30,9.683951,9.728170,9.536554,9.610252,2121000
1998-03-31,9.610254,9.905047,9.610254,9.801869,3697200
1998-04-01,9.801866,9.816606,9.551292,9.654469,2548000
1998-04-02,9.610251,9.890305,9.566033,9.860826,3639600
1998-04-03,9.905048,10.126143,9.831350,10.008225,4131000
1998-04-06,10.081926,10.170364,9.993488,9.993488,2794800
1998-04-07,9.993486,10.111403,9.919787,10.037704,3145200
1998-04-08,10.096669,10.111409,9.654479,9.698698,2565800
1998-04-09,9.757651,9.993485,9.742911,9.905047,2313600
1998-04-13,10.140880,10.229318,9.964004,10.170360,5597000
1998-04-14,10.229323,10.317761,9.905050,9.993488,3841800
1998-04-15,10.008223,10.170360,9.860827,10.170360,3267200
1998-04-16,10.170365,10.170365,9.964010,9.978749,2719400
1998-04-17,9.978751,10.096668,9.875573,10.081928,2999400
1998-04-20,10.081923,10.081923,9.787130,9.905047,2225400
1998-04-21,9.905051,9.919791,9.669217,9.742915,2417200
1998-04-22,9.801872,9.905050,9.698695,9.728174,2097800
1998-04-23,9.728170,9.728170,9.359679,9.418637,2731800
1998-04-24,9.359686,9.403905,9.094372,9.227029,3184200
1998-04-27,8.784838,9.005933,8.725879,9.005933,3670000
1998-04-28,9.138591,9.138591,8.740620,8.888017,3624800
1998-04-29,8.991191,9.285984,8.858534,9.153327,3434000
1998-04-30,9.285980,9.507075,9.256501,9.403897,2885200
1998-05-01,9.418639,9.595515,9.403899,9.536556,2260600
1998-05-04,9.551296,9.551296,9.241763,9.285982,1897800
1998-05-05,9.300720,9.300720,9.109105,9.300720,2311600
1998-05-06,9.354601,9.354601,8.999363,9.102974,2579600
1998-05-07,9.162180,9.162180,8.880950,8.895752,3490600
1998-05-08,8.910553,9.191783,8.895751,9.088172,2361200
1998-05-11,9.088177,9.221392,8.940162,8.969765,2060200
1998-05-12,9.028966,9.117776,8.851347,9.073371,2596400
1998-05-13,9.043768,9.088172,8.940156,9.028966,1573200
1998-05-14,8.984567,9.132582,8.940162,9.014170,1330200
1998-05-15,9.014170,9.014170,8.895757,9.014170,2445400
1998-05-18,8.969760,9.102975,8.836546,8.910554,2259000
1998-05-19,8.969760,9.265791,8.969760,9.102974,2514200
1998-05-20,9.295394,9.399005,9.206584,9.399005,3080000
1998-05-21,9.413808,9.532221,9.310197,9.473015,2545000
1998-05-22,9.487814,9.517417,9.362001,9.384203,939400
1998-05-26,9.354600,9.354600,9.058568,9.147378,1767200
1998-05-27,9.132580,9.132580,8.925358,9.117779,2283200
1998-05-28,9.102975,9.295396,9.014166,9.265793,2721600
1998-05-29,9.250993,9.325000,9.191786,9.206588,2420000
1998-06-01,9.354602,9.428610,9.191785,9.265793,1755000
1998-06-02,9.443413,9.443413,9.250992,9.310199,1743200
1998-06-03,9.280592,9.310195,9.132576,9.147378,1524400
1998-06-04,8.999366,9.250993,8.836548,9.250993,2192800
1998-06-05,9.236188,9.413807,9.221386,9.399005,2477000
1998-06-08,9.147378,9.384203,8.644124,8.718132,15914600
1998-06-09,8.658924,8.747733,8.214877,8.510908,11063600
1998-06-10,8.525711,8.584917,8.466504,8.584917,8773000
1998-06-11,8.644122,8.718130,8.392496,8.407297,6429400
1998-06-12,8.496109,8.525712,8.052061,8.303688,5806600
1998-06-15,8.111267,8.244481,8.066862,8.111267,5460000
1998-06-16,8.229681,8.259284,8.052062,8.140871,4483800
1998-06-17,8.170478,8.570121,8.170478,8.481312,6195600
1998-06-18,8.436900,8.510908,8.392495,8.422098,2873400
1998-06-19,8.466507,8.481309,8.200079,8.229682,6180000
1998-06-22,8.274085,8.407299,8.096466,8.377696,4645200
1998-06-23,8.466504,8.540512,8.407297,8.525710,4438600
1998-06-24,8.555316,8.688530,8.451705,8.688530,3113000
1998-06-25,8.688529,8.762537,8.644125,8.703331,3725600
1998-06-26,8.747736,8.762537,8.658926,8.703331,2100800
1998-06-29,8.762540,8.866151,8.732937,8.851350,3540000
1998-06-30,8.806944,8.969761,8.777341,8.880952,3794400
1998-07-01,8.925354,9.132576,8.895751,9.132576,4383200
1998-07-02,9.132577,9.132577,8.984561,9.073371,2317200
1998-07-06,9.014163,9.162179,8.954957,9.162179,2772400
1998-07-07,9.117774,9.162179,8.969759,9.132576,2099800
1998-07-08,9.073372,9.265793,9.028967,9.265793,3177800
1998-07-09,9.206588,9.250993,9.117779,9.117779,2239400
1998-07-10,9.117778,9.236191,9.073373,9.206588,2608000
1998-07-13,9.236188,9.265791,9.028966,9.028966,2032800
1998-07-14,9.236189,9.339800,9.206586,9.324999,2687400
1998-07-15,9.399008,9.413810,9.206588,9.206588,2802200
1998-07-16,9.221388,9.324999,9.147380,9.324999,2914200
1998-07-17,9.384207,9.384207,9.221390,9.250993,2465600
1998-07-20,9.250992,9.265793,9.147381,9.176984,1971400
1998-07-21,9.221388,9.265792,8.851348,8.925356,1975800
1998-07-22,8.999363,9.043768,8.925355,9.043768,3369000
1998-07-23,9.102976,9.102976,8.851349,8.880952,3788000
1998-07-24,8.880950,8.880950,8.599720,8.747736,3782400
1998-07-27,8.747738,8.940158,8.584920,8.880952,2571800
1998-07-28,8.880952,8.895753,8.525714,8.658928,3448600
1998-07-29,8.718138,8.806948,8.644131,8.673734,3117600
1998-07-30,8.644127,8.762540,8.555318,8.762540,3272800
1998-07-31,8.703329,8.732932,8.466503,8.510908,2796800
1998-08-03,8.422105,8.525717,8.348097,8.481312,3638600
1998-08-04,8.451703,8.525711,8.052061,8.111267,5381800
1998-08-05,8.095791,8.185083,7.872561,8.095791,4945000
1998-08-06,8.095785,8.140431,7.946966,8.110667,4203200
1998-08-07,8.080909,8.229729,8.036263,8.140437,2798000
1998-08-10,8.080908,8.125554,7.946970,7.976734,2308600
1998-08-11,7.976737,7.991619,7.664216,7.887445,4936400
1998-08-12,7.917205,8.080906,7.902323,8.021379,4561600
1998-08-13,8.036260,8.080906,7.917205,8.021379,3522800
1998-08-14,8.021388,8.021388,7.693984,7.768394,4444000
1998-08-17,7.768387,7.902325,7.708859,7.857679,2348400
1998-08-18,7.917207,8.199964,7.887443,8.170200,4810600
1998-08-19,8.140437,8.214846,7.946971,8.066027,2132400
1998-08-20,8.066029,8.080911,7.872563,7.887445,3135600
1998-08-21,7.813035,7.813035,7.515396,7.634451,4193600
1998-08-24,7.619567,7.857678,7.619567,7.664213,3616000
1998-08-25,7.798151,7.902325,7.485630,7.560040,3548000
1998-08-26,7.173109,7.589805,7.173109,7.589805,4863200
1998-08-27,7.589805,7.589805,7.202874,7.321929,6475000
1998-08-28,7.381456,7.440984,7.128463,7.217754,3722400
1998-08-31,7.232638,7.381458,6.875471,7.083818,4385600
1998-09-01,7.024288,7.381455,6.548065,7.307045,6949200
1998-09-02,7.307048,7.589806,7.217757,7.381458,4437200
1998-09-03,7.098698,7.455865,7.098698,7.292164,4085800
1998-09-04,7.277282,7.321928,6.994524,7.113580,3561200
1998-09-08,7.440986,7.783271,7.440986,7.634451,7253200
1998-09-09,7.649330,7.768385,7.530274,7.574920,5524400
1998-09-10,7.202872,7.351691,7.143344,7.351691,5328600
1998-09-11,7.351695,7.738627,7.292167,7.693981,9104800
1998-09-14,7.693978,8.080910,7.693978,7.827916,7407200
1998-09-15,7.842799,8.080910,7.783271,8.006500,7826400
1998-09-16,8.066027,8.170200,7.917207,8.170200,5144800
1998-09-17,7.798149,8.110670,7.798149,8.080906,3405200
1998-09-18,7.902326,7.976736,7.857680,7.917208,7762400
1998-09-21,7.768388,8.110673,7.649332,8.095791,4209400
1998-09-22,8.095789,8.467838,8.095789,8.452956,6258800
1998-09-23,8.452962,8.780365,8.423198,8.720838,5788800
1998-09-24,8.720832,8.720832,8.482720,8.572012,5108200
1998-09-25,8.333902,8.691070,8.274374,8.691070,5347200
1998-09-28,8.691070,8.869654,8.572014,8.735716,6939200
1998-09-29,8.795243,8.884534,8.720833,8.825006,5726600
1998-09-30,8.691068,8.720832,8.229727,8.572012,3163400
1998-10-01,8.348787,8.452961,8.214849,8.214849,4937200
1998-10-02,8.229729,8.408312,8.006499,8.229729,4926200
1998-10-05,8.229730,8.229730,7.693979,8.006500,4634000
1998-10-06,8.021384,8.229732,7.783272,7.798154,3815000
1998-10-07,7.798150,7.917206,7.321927,7.545156,4747200
1998-10-08,7.336811,7.604686,7.187991,7.530276,5015800
1998-10-09,7.738620,8.125551,7.604683,8.125551,4820200
1998-10-12,8.244611,8.274374,7.574922,7.738624,11206000
1998-10-13,7.783270,7.857680,7.679096,7.827916,5714600
1998-10-14,7.768385,8.066024,7.679093,7.946969,4066200
1998-10-15,7.946972,8.586897,7.783271,8.482723,7710200
1998-10-16,9.107764,9.107764,8.572013,8.586895,11618600
1998-10-19,8.572012,8.795241,8.527366,8.750595,3434400
1998-10-20,8.929184,9.092885,8.914302,9.018476,10155600
1998-10-21,9.048239,9.063121,8.929183,9.033357,3944600
1998-10-22,8.914300,9.033355,8.691070,8.884536,4032200
1998-10-23,8.780362,8.899418,8.705953,8.810126,2712000
1998-10-26,8.810124,8.854770,8.765478,8.765478,2021000
1998-10-27,8.780364,8.780364,8.572016,8.616662,3057000
1998-10-28,8.675894,8.780603,8.616061,8.780603,2814400
1998-10-29,8.765645,8.855395,8.616060,8.840437,3842200
1998-10-30,8.900272,8.930189,8.810522,8.900272,5054400
1998-11-02,8.960106,9.004981,8.885314,8.900272,3917600
1998-11-03,9.004978,9.139604,8.960103,9.049853,8193800
1998-11-04,9.154561,9.214395,9.049852,9.094728,9283400
1998-11-05,9.274233,9.513568,9.214399,9.513568,17867200
1998-11-06,9.483653,9.633237,9.438777,9.573403,13024400
1998-11-09,9.573403,9.573403,9.304151,9.349027,7773600
1998-11-10,9.408858,9.588359,9.349024,9.498609,9698000
1998-11-11,9.573403,9.573403,9.349026,9.408860,4343200
1998-11-12,9.349025,9.423817,9.259274,9.289191,4985800
1998-11-13,9.259277,9.289194,9.109692,9.199443,6504200
1998-11-16,9.214400,9.363984,9.079774,9.304151,7394000
1998-11-17,9.349030,9.782825,9.289196,9.722991,10246600
1998-11-18,9.722987,9.752904,9.513569,9.678112,6493800
1998-11-19,9.633230,9.782815,9.498604,9.603313,4788600
1998-11-20,9.693065,9.693065,9.498606,9.543481,7089800
1998-11-23,9.558443,9.678110,9.334066,9.393900,10600400
1998-11-24,9.304151,9.319110,9.109691,9.139608,10244800
1998-11-25,9.124650,9.184484,9.049858,9.124650,4789800
1998-11-27,9.124652,9.124652,8.855400,8.930192,2352600
1998-11-30,8.930188,8.930188,8.526310,8.645978,9447000
1998-12-01,8.556232,8.780609,8.511357,8.765651,7936600
1998-12-02,8.675896,8.915231,8.645979,8.900272,7325600
1998-12-03,8.855393,8.885310,8.511349,8.511349,7468400
1998-12-04,8.675891,8.915226,8.616057,8.885309,5111800
1998-12-07,8.885315,8.915232,8.750689,8.825481,3469600
1998-12-08,8.616063,8.645980,8.376728,8.391686,9176800
1998-12-09,8.421605,8.526314,8.212187,8.257062,7890400
1998-12-10,8.272016,8.451517,8.077556,8.376725,9155600
1998-12-11,8.376724,8.675893,8.197223,8.675893,6273200
1998-12-14,8.391689,8.526315,8.242104,8.316896,5565400
1998-12-15,8.316893,8.346810,8.107475,8.272017,13916600
1998-12-16,8.361767,8.511352,8.182266,8.466476,7607800
1998-12-17,8.885313,9.393900,8.675895,9.274233,16230600
1998-12-18,9.259273,9.319106,9.154564,9.259273,11877400
1998-12-21,9.259276,9.289193,9.094733,9.154567,8008800
1998-12-22,9.154570,9.184486,8.900276,8.945151,5877200
1998-12-23,8.945151,9.019944,8.900276,8.945151,5651200
1998-12-24,8.975061,9.034895,8.915227,9.034895,2630200
1998-12-28,9.079775,9.229359,9.064816,9.124650,5004400
1998-12-29,9.244317,9.438777,9.094733,9.408860,5451000
1998-12-30,9.363983,9.453734,9.244316,9.393900,6087800
1998-12-31,9.453731,9.558440,9.319105,9.558440,8804800
1999-01-04,9.558439,9.633231,9.438772,9.543481,11181200
1999-01-05,9.543483,9.618275,9.438773,9.618275,7928800
1999-01-06,9.588361,9.678112,9.498610,9.528527,11730800
1999-01-07,9.378939,9.558440,9.349022,9.558440,9755400
1999-01-08,9.573403,9.588361,9.498610,9.528527,8163400
1999-01-11,9.528524,9.543482,9.064812,9.169521,10866200
1999-01-12,9.049857,9.094732,8.855397,8.900272,6643200
1999-01-13,8.496399,8.855401,8.466482,8.765651,10818800
1999-01-14,8.496397,8.660940,8.466480,8.556231,9038200
1999-01-15,8.511353,8.975064,8.511353,8.975064,11092000
1999-01-19,8.750689,8.945149,8.645980,8.810523,8472200
1999-01-20,8.795567,8.945151,8.586149,8.945151,11843600
1999-01-21,8.855392,8.930185,8.675891,8.885309,10401400
1999-01-22,8.840435,8.930186,8.690851,8.795560,8229600
1999-01-25,8.735732,8.780608,8.586148,8.690857,6459200
1999-01-26,8.660940,8.660940,8.436563,8.571189,8690200
1999-01-27,8.526310,8.616060,8.361767,8.376725,7858400
1999-01-28,8.436557,8.541266,8.376723,8.511349,10133000
1999-01-29,8.466476,8.466476,8.242099,8.376725,10618200
1999-02-01,8.346810,8.346810,8.062600,8.137392,10385400
1999-02-02,8.346810,8.361768,8.032683,8.182267,14191400
1999-02-03,8.211745,8.332064,8.061347,8.061347,11180600
1999-02-04,8.091427,8.211746,8.076388,8.181666,16733200
1999-02-05,8.151589,8.271908,8.076390,8.271908,9501200
1999-02-08,8.301982,8.347101,8.226782,8.317021,8448400
1999-02-09,8.286945,8.286945,7.820711,7.956069,14991200
1999-02-10,7.925986,7.971105,7.745508,7.880867,11472600
1999-02-11,7.910949,8.301985,7.730472,8.181666,13356600
1999-02-12,8.166624,8.271903,7.971106,8.211743,10268000
1999-02-16,8.422303,8.482462,8.317024,8.437343,8878000
1999-02-17,8.437343,8.828379,8.392224,8.783259,12792400
1999-02-18,8.828376,8.933655,8.783256,8.903575,9672000
1999-02-19,8.903580,8.903580,8.798301,8.813341,5730200
1999-02-22,8.858459,9.053976,8.843419,9.038937,5643000
1999-02-23,9.023890,9.114129,8.903571,8.933651,5599000
1999-02-24,8.993818,9.069017,8.617822,8.662942,5960000
1999-02-25,8.602780,8.903576,8.542620,8.888536,6735800
1999-02-26,8.918614,8.963734,8.738137,8.843415,7216200
1999-03-01,8.843412,8.918612,8.693014,8.918612,6550600
1999-03-02,8.993816,9.234453,8.963736,9.023895,12225600
1999-03-03,9.008854,9.114132,8.798296,8.903575,6249600
1999-03-04,9.084054,9.174293,9.023895,9.129173,9633800
1999-03-05,9.384850,9.429969,9.144213,9.339730,8567600
1999-03-08,9.204372,9.384850,9.144213,9.339730,3815400
1999-03-09,9.354771,9.384850,9.084054,9.129173,7321200
1999-03-10,9.159255,9.369813,8.993817,9.369813,5638600
1999-03-11,9.369812,9.505171,9.294613,9.505171,8827200
1999-03-12,9.565331,9.565331,9.294614,9.354774,5252400
1999-03-15,9.174292,9.505169,9.144213,9.294611,7726800
1999-03-16,9.324692,9.354772,8.888537,9.008856,8311800
1999-03-17,8.948696,8.963736,8.602780,8.723099,6698800
1999-03-18,8.708055,9.354768,8.693016,9.324688,7744400
1999-03-19,9.384853,9.414933,9.234455,9.279574,10638000
1999-03-22,9.264534,9.399893,9.249494,9.369813,5718600
1999-03-23,9.339732,9.580369,8.933656,9.023895,6386000
1999-03-24,8.933653,8.993813,8.873494,8.948693,5185000
1999-03-25,9.053975,9.159254,8.918617,8.963737,6612400
1999-03-26,8.813334,8.873493,8.723095,8.768214,5681200
1999-03-29,8.768220,9.038937,8.768220,9.038937,5366000
1999-03-30,8.783260,9.008857,8.662941,8.693021,6666200
1999-03-31,8.798298,8.843418,8.437343,8.437343,10187000
1999-04-01,8.497501,8.828377,8.271903,8.828377,8848200
1999-04-05,8.873497,9.053975,8.828377,8.993815,7035000
1999-04-06,9.053977,9.234455,8.963738,9.114137,6516800
1999-04-07,9.189335,9.384853,9.174295,9.369813,7226400
1999-04-08,9.505171,9.535250,9.445012,9.505171,11306000
1999-04-09,9.520207,9.565327,9.445008,9.565327,5253000
1999-04-12,9.505169,9.625487,9.460049,9.595407,6198600
1999-04-13,9.550289,9.595409,9.445010,9.475090,6293200
1999-04-14,9.595409,9.821006,9.475090,9.475090,17781400
1999-04-15,9.505170,9.730768,9.445011,9.670609,7337200
1999-04-16,9.685646,9.730765,9.520208,9.730765,6437200
1999-04-19,9.745809,10.031565,9.745809,9.896207,14633400
1999-04-20,10.076685,10.227083,9.956366,10.197003,13837600
1999-04-21,10.197002,10.287241,10.001484,10.212042,11038000
1999-04-22,10.181964,10.287243,9.986447,10.272203,9098800
1999-04-23,10.242121,10.332360,10.181961,10.287240,4410200
1999-04-26,10.302283,10.437642,10.227084,10.272203,7516400
1999-04-27,10.272200,10.618116,10.181961,10.588037,8627600
1999-04-28,10.588033,10.723392,10.452675,10.557954,8368400
1999-04-29,10.588036,10.798594,10.377479,10.527877,7768400
1999-04-30,10.557957,10.708355,10.212041,10.392519,7558400
1999-05-03,10.332361,10.572998,10.242122,10.572998,5627600
1999-05-04,10.482757,10.557956,10.166921,10.542916,8648000
1999-05-05,10.530829,10.621482,10.379741,10.606373,6595000
1999-05-06,10.545937,10.545937,10.304197,10.425067,4680200
1999-05-07,10.409958,10.591264,10.334414,10.425067,3529400
1999-05-10,10.455289,10.455289,10.183331,10.198440,3845600
1999-05-11,10.213547,10.425070,10.138003,10.334417,4089400
1999-05-12,10.394851,10.530831,10.092676,10.379743,5056600
1999-05-13,10.470396,10.621484,10.394852,10.485505,4077800
1999-05-14,10.258870,10.349523,10.122891,10.153109,4725000
1999-05-17,10.153112,10.183330,9.850936,9.881154,6373600
1999-05-18,9.790502,9.986917,9.639414,9.714958,5292800
1999-05-19,9.941588,10.017132,9.850935,9.971806,4681200
1999-05-20,10.092676,10.092676,9.941588,9.971806,4757000
1999-05-21,9.971803,10.062456,9.926477,10.062456,5517600
1999-05-24,10.047343,10.047343,9.714950,9.896255,5041000
1999-05-25,9.866043,9.911370,9.186147,9.276800,8771800
1999-05-26,9.518542,10.002024,9.367454,10.002024,9266600
1999-05-27,9.699845,9.896260,9.427887,9.488322,10371200
1999-05-28,9.548759,9.775391,9.503432,9.669629,5094400
1999-06-01,9.699845,9.745172,9.458105,9.654519,4648000
1999-06-02,9.714957,9.714957,9.533651,9.594087,4336400
1999-06-03,9.578974,9.654518,9.548757,9.609192,3804800
1999-06-04,9.669629,9.714955,9.503432,9.669629,3230000
1999-06-07,9.609189,9.926473,9.609189,9.896255,4567000
1999-06-08,9.881153,9.971806,9.760283,9.835827,3210800
1999-06-09,9.805607,9.911369,9.730063,9.775390,3720400
1999-06-10,9.533649,9.624302,9.458105,9.548758,4949400
1999-06-11,9.548757,9.699845,9.548757,9.699845,4792800
1999-06-14,9.730066,9.730066,9.563869,9.594087,4363200
1999-06-15,9.624305,9.835829,9.624305,9.714958,6125400
1999-06-16,9.911367,10.017129,9.896258,9.956694,9535000
1999-06-17,9.926479,10.334416,9.926479,10.273981,7505400
1999-06-18,10.273984,10.334419,10.183331,10.311756,8164600
1999-06-21,10.319308,10.334417,10.183329,10.243764,4168200
1999-06-22,10.213545,10.334415,10.198436,10.304197,4044200
1999-06-23,10.304199,10.304199,10.062458,10.243764,5132600
1999-06-24,10.168218,10.273979,10.062456,10.122891,6576200
1999-06-25,10.273984,10.364637,10.273984,10.349528,7233000
1999-06-28,10.394849,10.500610,10.364631,10.394849,7914400
1999-06-29,10.409957,10.636589,10.334413,10.636589,7595400
1999-06-30,10.576158,10.576158,10.168221,10.334417,15400200
1999-07-01,10.349525,10.561048,10.183328,10.545939,8561400
1999-07-02,10.530828,10.666807,10.515719,10.651698,7001400
1999-07-06,10.651696,10.848110,10.651696,10.833001,5865600
1999-07-07,10.772566,10.863219,10.666804,10.833001,5771600
1999-07-08,10.787680,10.908551,10.712136,10.817898,8239600
1999-07-09,10.848116,10.953878,10.817899,10.923660,4321000
1999-07-12,10.848115,10.848115,10.500612,10.561048,6266800
1999-07-13,10.500612,10.636591,10.440177,10.576156,4098200
1999-07-14,10.591263,10.621481,10.334414,10.394849,5667200
1999-07-15,10.440175,10.470393,10.304196,10.394849,4295000
1999-07-16,10.394849,10.470393,10.213544,10.425067,5794000
1999-07-19,10.394852,10.409961,10.273982,10.319308,7098600
1999-07-20,10.273980,10.289089,10.092675,10.168219,5837400
1999-07-21,10.137994,10.243756,10.032233,10.107777,5007000
1999-07-22,10.168220,10.304199,10.047350,10.138002,6442800
1999-07-23,10.153110,10.183328,9.881152,10.077566,5930600
1999-07-26,9.926480,10.032242,9.881154,9.881154,5854400
1999-07-27,10.002016,10.032233,9.820710,9.926472,5083200
1999-07-28,9.926480,9.956698,9.790501,9.866045,3633600
1999-07-29,9.684737,9.760281,9.563867,9.745173,6334000
1999-07-30,9.745171,9.745171,9.322124,9.427886,5630000
1999-08-02,9.609193,9.609193,9.291908,9.337234,4158600
1999-08-03,9.397672,9.442999,9.140823,9.442999,11838000
1999-08-04,9.491592,9.491592,9.218234,9.218234,8219000
1999-08-05,9.172677,9.324542,8.853759,9.263796,8843400
1999-08-06,9.203056,9.203056,8.975258,9.081564,6143800
1999-08-09,9.081557,9.370102,9.081557,9.263796,5991800
1999-08-10,9.233421,9.294168,9.081556,9.111929,4580800
1999-08-11,9.187862,9.446033,9.172675,9.400474,9598000
1999-08-12,9.461219,9.582711,9.203048,9.203048,4994000
1999-08-13,9.370100,9.704204,9.339727,9.673831,4171200
1999-08-16,9.613088,9.764953,9.537155,9.719394,4528000
1999-08-17,10.144619,10.174992,9.962380,10.053499,7612400
1999-08-18,10.053496,10.068682,9.916817,10.023123,4220800
1999-08-19,9.901634,10.053499,9.871261,10.053499,6103400
1999-08-20,10.007933,10.266105,9.977560,10.266105,6135000
1999-08-23,10.205358,10.478716,10.205358,10.463530,4872800
1999-08-24,10.433156,10.691327,10.357223,10.509089,4565800
1999-08-25,10.357228,10.721705,10.205363,10.660959,8078000
1999-08-26,10.600209,10.767261,10.326852,10.342038,5729800
1999-08-27,10.448346,10.448346,10.099055,10.159801,5529600
1999-08-30,10.114243,10.174989,9.734579,9.780139,4475200
1999-08-31,9.780137,9.886443,9.567525,9.673831,6566400
1999-09-01,9.689021,9.901633,9.628275,9.871260,5447600
1999-09-02,9.719392,9.764952,9.430848,9.582713,5842800
1999-09-03,9.780138,10.083869,9.764952,10.068683,7701000
1999-09-07,10.083870,10.099056,9.719392,9.749765,3990200
1999-09-08,9.704202,9.719388,9.537150,9.704202,4604600
1999-09-09,9.704205,9.704205,9.294168,9.552340,6496800
1999-09-10,9.597901,9.795326,9.521968,9.689020,5492600
1999-09-13,9.628274,9.719394,9.446036,9.719394,4468800
1999-09-14,9.597900,9.597900,9.187863,9.263796,8363800
1999-09-15,9.446036,9.567528,9.263797,9.294170,7900200
1999-09-16,9.248609,9.324541,9.020810,9.187862,5073400
1999-09-17,9.187863,9.461221,9.157490,9.309356,6949200
1999-09-20,9.354916,9.370103,9.005625,9.142304,3877000
1999-09-21,9.020810,9.203048,8.975250,9.111929,7874400
1999-09-22,9.203051,9.430849,9.172678,9.354917,6055800
1999-09-23,9.415662,9.689020,9.278983,9.324543,5986200
1999-09-24,9.294165,9.764948,9.294165,9.704202,7411800
1999-09-27,9.643461,9.719394,9.294170,9.354917,5704400
1999-09-28,9.354916,9.658647,9.233424,9.446035,5210600
1999-09-29,9.491591,9.506778,9.248607,9.370099,5475800
1999-09-30,9.506777,9.764948,9.370098,9.628269,5557400
1999-10-01,9.506782,9.582714,9.324543,9.506782,6588800
1999-10-04,9.628274,9.947192,9.613088,9.901632,6418200
1999-10-05,9.932002,10.205360,9.780137,9.932002,8901600
1999-10-06,9.932005,10.174990,9.916818,10.114244,5719200
1999-10-07,10.129431,10.129431,9.886446,9.901632,5056400
1999-10-08,9.840882,10.326852,9.795323,10.326852,6063000
1999-10-11,10.311665,10.402785,10.266106,10.326852,4233400
1999-10-12,10.205364,10.205364,10.038312,10.129432,3970600
1999-10-13,10.068680,10.174986,9.461218,9.643456,4730400
1999-10-14,9.628271,9.916816,9.613085,9.856070,6496800
1999-10-15,9.415656,9.689014,9.339723,9.476402,7528400
1999-10-18,9.461220,9.643459,9.354915,9.597899,5041000
1999-10-19,9.840886,10.205363,9.810512,10.114244,10397000
1999-10-20,10.235731,10.539462,10.220544,10.509089,10086400
1999-10-21,10.357225,10.645770,10.326852,10.478718,7838600
1999-10-22,10.691333,10.934318,10.600213,10.873571,14942400
1999-10-25,10.812823,10.858383,10.660958,10.767263,7817600
1999-10-26,10.873568,11.040620,10.797635,10.858381,11607400
1999-10-27,10.964692,11.298796,10.903945,11.298796,11327200
1999-10-28,11.693644,12.134054,11.602524,11.921442,24287800
1999-10-29,11.784766,11.921445,11.481035,11.632900,11853400
1999-11-01,11.420280,11.465840,11.253228,11.389907,10083800
1999-11-02,11.344351,11.678455,11.298791,11.511403,9976400
1999-11-03,11.514461,11.544963,11.255195,11.255195,8204400
1999-11-04,11.377200,11.544960,11.377200,11.468705,8867000
1999-11-05,11.712721,11.804227,11.377201,11.422954,10887600
1999-11-08,11.224687,11.499204,11.163683,11.499204,10665800
1999-11-09,11.499204,11.514455,10.980673,11.087429,9146000
1999-11-10,10.858659,11.087423,10.736652,10.965416,8180800
1999-11-11,10.980673,11.163684,10.858665,11.087429,6002600
1999-11-12,11.255190,11.682216,11.163684,11.651714,9694400
1999-11-15,11.682214,11.697465,11.407698,11.529705,6402600
1999-11-16,11.483953,11.773720,11.483953,11.743218,6193000
1999-11-17,11.712717,11.712717,11.468702,11.499204,5176400
1999-11-18,11.636459,11.727965,11.514452,11.697463,7075800
1999-11-19,11.697466,11.743219,11.590710,11.590710,6718600
1999-11-22,11.422954,11.697471,11.361950,11.422954,6893000
1999-11-23,11.468702,11.529706,11.178934,11.270440,6234600
1999-11-24,11.224689,11.377199,11.224689,11.224689,4649400
1999-11-26,11.285693,11.300944,11.209438,11.209438,2080400
1999-11-29,11.133183,11.178936,10.980674,10.980674,6207600
1999-11-30,10.980673,11.453452,10.980673,11.346696,9559800
1999-12-01,11.316187,11.483947,11.285685,11.438194,6687800
1999-12-02,11.377191,11.590704,11.377191,11.483948,6159600
1999-12-03,11.651709,11.865222,11.514451,11.514451,9667400
1999-12-06,11.575459,11.621212,11.087429,11.163684,8465400
1999-12-07,10.980671,11.117930,10.721405,10.751907,12428800
1999-12-08,10.629902,10.736659,10.599401,10.664217,11425000
1999-12-09,10.629901,10.980673,10.629901,10.919669,8081200
1999-12-10,11.087429,11.102680,10.950171,10.950171,7153800
1999-12-13,10.797661,10.873915,10.706155,10.786222,5467400
1999-12-14,10.706156,10.812913,10.507894,10.614651,5938600
1999-12-15,10.507890,10.599395,10.157119,10.202871,9130200
1999-12-16,9.409828,9.913109,9.394577,9.623342,17140200
1999-12-17,9.623337,9.897853,9.577584,9.745344,13563600
1999-12-20,9.745346,9.989361,9.730095,9.920732,7313400
1999-12-21,9.836857,10.080872,9.638594,9.760602,10431400
1999-12-22,9.760595,9.928355,9.760595,9.867352,5534200
1999-12-23,9.958864,10.141875,9.836856,10.126624,5432200
1999-12-27,10.019864,10.248628,9.958861,9.974112,5081200
1999-12-28,10.035115,10.111369,9.943609,10.050365,4976400
1999-12-29,10.065614,10.111367,9.821599,9.897854,4406000
1999-12-30,9.913109,10.035116,9.882607,9.913109,2657600
1999-12-31,9.897853,9.913104,9.791097,9.867352,2356800
2000-01-03,9.836852,9.852103,9.272567,9.547084,9037000
2000-01-04,9.089557,9.196314,8.784539,9.074306,15237200
2000-01-05,9.028553,9.211565,8.799789,8.982800,8228200
2000-01-06,9.043806,9.516585,9.013304,9.379327,8326800
2000-01-07,9.577586,9.684342,9.409825,9.547084,7711200
2000-01-10,9.364075,9.425079,9.211565,9.242067,8953200
2000-01-11,9.226817,9.272570,9.043806,9.089559,6170800
2000-01-12,9.104808,9.425077,9.104808,9.348823,7030000
2000-01-13,9.730093,9.882602,9.684340,9.867352,11077000
2000-01-14,10.675654,10.675654,10.035114,10.172373,11497400
2000-01-18,9.699595,9.821603,9.394576,9.486082,12744000
2000-01-19,9.364075,9.501333,8.906547,8.967550,17140600
2000-01-20,8.982797,9.104804,8.738782,8.876040,14965200
2000-01-21,8.906549,9.181066,8.799792,8.937051,14016600
2000-01-24,9.028551,9.135307,8.647278,8.754034,9540000
2000-01-25,8.738785,9.272567,8.738785,9.181062,10701000
2000-01-26,9.135308,9.394574,9.028552,9.272567,14587200
2000-01-27,9.425072,9.699589,9.318316,9.516578,10255000
2000-01-28,9.486080,9.547083,9.318319,9.455578,8089000
2000-01-31,9.348827,9.760602,9.348827,9.760602,9267400
2000-02-01,9.760595,9.928355,9.714842,9.867352,9528800
2000-02-02,9.921326,9.936660,9.568636,9.568636,6637600
2000-02-03,9.645313,9.721985,9.338626,9.537972,10805600
2000-02-04,9.599308,9.599308,9.430630,9.461299,7146800
2000-02-07,9.384629,9.476636,9.323292,9.369295,8873200
2000-02-08,9.399966,9.706653,9.399966,9.553309,8445000
2000-02-09,9.430633,9.476636,9.261955,9.292624,9003600
2000-02-10,9.292622,9.338625,9.001269,9.016603,14250800
2000-02-11,9.246620,9.476636,9.108611,9.292624,11174800
2000-02-14,9.415293,9.476630,9.231281,9.277284,8303800
2000-02-15,9.169949,9.307959,9.016606,9.246621,7574600
2000-02-16,9.261952,9.261952,8.832590,8.832590,7861000
2000-02-17,9.093272,9.108607,8.433895,8.571904,9629000
2000-02-18,8.525903,8.525903,8.035203,8.219215,20619200
2000-02-22,8.280552,8.587239,8.035202,8.587239,10546000
2000-02-23,8.403228,8.510568,8.035203,8.341890,8786200
2000-02-24,8.127213,8.234553,7.851194,8.065875,9797200
2000-02-25,8.142550,8.311228,7.912534,8.019875,8026800
2000-02-28,8.188544,8.479897,8.096538,8.372557,8663600
2000-02-29,8.372562,8.387896,8.004537,8.111877,11133400
2000-03-01,8.111877,8.571908,8.111877,8.510571,11305800
2000-03-02,8.725252,8.755920,8.203883,8.326558,10556200
2000-03-03,8.495236,8.587242,8.357227,8.510571,8831400
2000-03-06,8.510569,8.709915,8.449231,8.449231,7545400
2000-03-07,8.510571,8.510571,8.004537,8.111877,8782600
2000-03-08,8.050537,8.326555,7.605840,7.605840,9310400
2000-03-09,8.418560,8.418560,7.912526,8.050535,9146600
2000-03-10,8.096543,8.157881,7.851194,7.897197,8554000
2000-03-13,7.789855,8.081207,7.697848,8.004536,8542400
2000-03-14,7.958532,7.989201,7.805189,7.820523,7903800
2000-03-15,7.851191,8.832590,7.851191,8.832590,15288600
2000-03-16,8.801920,9.507300,8.709914,9.445963,19621600
2000-03-17,9.353957,9.706647,9.338622,9.445963,14195400
2000-03-20,9.445967,9.461301,9.169948,9.307958,10822200
2000-03-21,9.246617,9.798654,9.246617,9.706648,12409200
2000-03-22,9.675984,9.875331,9.614647,9.813993,10333800
2000-03-23,9.783320,10.289354,9.752652,10.166679,12593200
2000-03-24,10.151349,10.458036,9.998005,10.059342,12729000
2000-03-27,10.028667,10.258682,9.875323,10.036334,14213400
2000-03-28,9.936666,10.120678,9.875328,9.982669,11255800
2000-03-29,9.875331,9.982672,9.522641,9.675984,10821000
2000-03-30,9.875326,10.013335,9.614642,9.614642,9668200
2000-03-31,9.675981,10.136012,9.507303,9.998003,10090800
2000-04-03,10.044010,10.887400,9.967338,10.718722,15408800
2000-04-04,10.718716,11.163413,10.304689,10.611376,16863600
2000-04-05,10.657378,10.657378,10.212682,10.412028,8731200
2000-04-06,10.182012,10.304687,9.721982,9.936663,13575200
2000-04-07,9.813990,9.921330,9.721983,9.752652,9817800
2000-04-10,9.323292,9.844660,9.292623,9.691317,15029600
2000-04-11,9.645314,10.151348,9.645314,9.905998,11059400
2000-04-12,10.105343,10.488702,10.044005,10.304689,13893800
2000-04-13,10.381358,10.381358,10.105340,10.243349,9115200
2000-04-14,10.243356,10.258690,9.384631,9.813993,13311200
2000-04-17,9.476632,9.829322,9.476632,9.660645,9401200
2000-04-18,9.537971,10.166680,9.522637,10.013336,8063600
2000-04-19,10.013337,10.074675,9.859994,9.998003,6159400
2000-04-20,10.151343,10.366024,10.044002,10.258683,7525800
2000-04-24,10.258687,10.580709,10.228019,10.488703,7880200
2000-04-25,10.550038,10.933397,10.550038,10.565372,8943000
2000-04-26,10.565372,10.795388,10.565372,10.565372,7376000
2000-04-27,10.320025,10.412032,10.212685,10.320025,9294800
2000-04-28,10.381358,10.473364,10.074671,10.074671,9847000
2000-05-01,10.090010,10.289356,9.982669,10.090010,9475400
2000-05-02,10.074675,10.289356,9.998004,10.151347,7786800
2000-05-03,10.159362,10.313525,9.958949,10.005198,8711600
2000-05-04,10.020612,10.128527,9.758535,9.804784,6629600
2000-05-05,9.773952,9.974364,9.681454,9.835617,5063400
2000-05-08,9.773958,10.298113,9.743125,10.174783,5539600
2000-05-09,10.205611,10.406023,10.143946,10.236444,5631800
2000-05-10,10.236444,10.344359,10.159363,10.251861,7265400
2000-05-11,10.452266,10.729760,10.421434,10.483099,6144800
2000-05-12,10.436856,10.991844,10.390607,10.776015,8653800
2000-05-15,10.837685,11.099762,10.791436,11.068930,6668600
2000-05-16,11.099755,11.099755,10.698931,10.760596,7645800
2000-05-17,10.621849,10.776013,10.483102,10.591017,4750200
2000-05-18,10.621856,10.930183,10.575607,10.652689,4738000
2000-05-19,10.575603,10.714350,10.406023,10.637268,4993000
2000-05-22,10.729766,10.914762,10.544770,10.822264,3989000
2000-05-23,10.822267,11.130593,10.776018,10.806850,7234200
2000-05-24,11.053507,11.253919,10.899344,10.976425,14351200
2000-05-25,10.991843,10.991843,10.544770,10.822264,7388800
2000-05-26,10.791430,11.115172,10.745181,10.945593,5937800
2000-05-30,11.053513,11.099762,10.806852,11.068930,6055000
2000-05-31,11.099759,11.223090,10.976429,11.161425,7610600
2000-06-01,11.161425,11.562250,11.084344,11.331005,13134000
2000-06-02,11.593075,11.778070,11.531409,11.778070,8794200
2000-06-05,11.500582,11.639329,11.068925,11.130590,8318000
2000-06-06,11.146004,11.146004,10.760596,11.084339,5388200
2000-06-07,11.022679,11.346422,10.976430,11.223091,4832200
2000-06-08,11.161423,11.192256,10.806847,11.053509,3962800
2000-06-09,11.146012,11.146012,10.560191,10.652689,4697000
2000-06-12,10.791436,10.945599,10.729771,10.845393,3423000
2000-06-13,10.760601,10.837682,10.621854,10.791433,4721200
2000-06-14,10.791435,11.038096,10.698937,10.991847,5241800
2000-06-15,10.760601,10.883932,10.190197,10.375193,14971200
2000-06-16,10.298112,10.298112,9.203552,9.450213,24845200
2000-06-19,9.450211,9.974367,9.419379,9.928118,11854000
2000-06-20,9.897286,10.005200,9.558126,9.650624,9436600
2000-06-21,9.666042,9.681458,9.388548,9.450213,7338600
2000-06-22,9.619793,9.835622,9.527295,9.820206,6969200
2000-06-23,9.835621,9.943536,9.696874,9.727707,4174400
2000-06-26,9.820207,10.036036,9.758542,9.912705,4371400
2000-06-27,10.113111,10.328939,10.051445,10.113111,7662600
2000-06-28,10.113112,10.452271,10.051446,10.136236,6948600
2000-06-29,10.113120,10.174785,9.989789,10.051455,7680000
2000-06-30,9.989784,10.082282,9.554272,9.558126,9739200
2000-07-03,9.928117,10.066864,9.835619,10.036032,3664000
2000-07-05,10.174779,10.421441,10.113114,10.221028,6442800
2000-07-06,10.298103,10.575597,10.020609,10.483099,5954600
2000-07-07,10.591021,10.853099,10.529356,10.529356,8476800
2000-07-10,10.606436,10.760599,10.513938,10.513938,5502400
2000-07-11,10.513935,10.698931,10.452270,10.591017,5370800
2000-07-12,10.745182,10.868513,10.544770,10.637268,5943200
2000-07-13,10.668105,10.776019,10.375194,10.560190,5538200
2000-07-14,10.544770,10.837681,10.513938,10.776015,5323200
2000-07-17,10.822262,10.853095,10.606434,10.698932,4846400
2000-07-18,10.483107,10.513940,10.282695,10.375193,8181800
2000-07-19,10.375188,10.452269,10.313522,10.406020,5291200
2000-07-20,10.421439,10.714349,10.421439,10.683517,6919800
2000-07-21,10.683523,10.729772,10.359780,10.452278,5734000
2000-07-24,10.436858,10.575605,10.313527,10.313527,5403000
2000-07-25,10.483107,10.483107,10.205613,10.313527,3706600
2000-07-26,10.020612,10.190191,10.020612,10.097693,6996000
2000-07-27,10.190196,10.421441,10.143947,10.359776,5093800
2000-07-28,10.143942,10.328938,10.036027,10.328938,4904200
2000-07-31,10.344358,10.359774,10.128529,10.236444,5609200
2000-08-01,10.298111,10.313527,10.097698,10.159364,5604400
2000-08-02,10.275919,10.322416,10.151926,10.275919,4760600
2000-08-03,10.260414,10.926876,10.213917,10.895878,11149800
2000-08-04,10.957878,11.097370,10.895882,10.942379,11625200
2000-08-07,11.019866,11.128360,10.818378,11.035365,7151200
2000-08-08,11.112865,11.112865,10.802883,10.988873,4539800
2000-08-09,10.973374,11.174863,10.709889,10.973374,7885400
2000-08-10,11.128369,11.298860,10.988877,11.128369,6813800
2000-08-11,11.081866,11.252357,11.035369,11.159362,4652600
2000-08-14,11.128364,11.283355,10.957873,11.221358,3103800
2000-08-15,11.128366,11.159364,10.818383,11.019872,8870400
2000-08-16,10.973377,11.128368,10.895882,10.942379,4519400
2000-08-17,10.988879,11.159370,10.911384,11.066375,4973800
2000-08-18,11.019872,11.081868,10.957875,10.973374,4659400
2000-08-21,10.911381,11.035374,10.880382,11.004375,3630600
2000-08-22,11.019880,11.360861,10.957884,11.298864,7736400
2000-08-23,11.221361,11.345354,11.097368,11.205862,4628800
2000-08-24,11.205871,11.252368,11.050879,11.097377,5806600
2000-08-25,11.097375,11.143872,10.973382,11.050878,3158600
2000-08-28,10.957873,11.128364,10.911376,10.926875,4723400
2000-08-29,10.864881,10.895879,10.678891,10.725389,5046200
2000-08-30,10.818391,10.895887,10.632401,10.787393,5169600
2000-08-31,10.771887,11.019873,10.709890,10.713765,9050600
2000-09-01,10.911375,10.926874,10.632391,10.647890,4796400
2000-09-05,10.632396,10.849383,10.585898,10.833884,7394400
2000-09-06,10.895879,11.128366,10.849381,11.019872,6623600
2000-09-07,11.159362,11.236857,11.081866,11.159362,7081000
2000-09-08,11.221364,11.453851,11.159367,11.380230,8199600
2000-09-11,11.531351,11.655344,11.422857,11.469355,8977800
2000-09-12,11.608840,11.608840,11.314357,11.484847,5598000
2000-09-13,11.484847,11.686336,11.422851,11.593341,7851400
2000-09-14,11.438350,11.453849,11.112868,11.267859,9321000
2000-09-15,11.267858,11.438348,11.143865,11.368602,12601800
2000-09-18,11.314356,11.314356,11.066370,11.081869,5782200
2000-09-19,11.128367,11.531344,11.097369,11.531344,4933600
2000-09-20,11.283355,11.283355,11.019870,11.221358,4428000
2000-09-21,11.174869,11.205867,11.004378,11.066375,5139400
2000-09-22,11.128364,11.283355,11.019870,11.221358,5389000
2000-09-25,11.376360,11.593348,11.236868,11.469355,6322800
2000-09-26,11.531343,11.546843,11.376352,11.438349,7108800
2000-09-27,11.298858,11.531344,11.236861,11.484847,6116200
2000-09-28,11.531344,11.670836,11.453849,11.593341,7742000
2000-09-29,11.500344,11.670835,11.329854,11.391850,8937800
2000-10-02,11.407350,11.670835,11.252359,11.670835,5985600
2000-10-03,11.748328,11.965316,11.748328,11.841323,11755400
2000-10-04,11.903328,11.980824,11.577846,11.686340,8140600
2000-10-05,11.732825,11.965312,11.732825,11.825820,7490200
2000-10-06,11.856825,11.872324,11.298857,11.546843,8500400
2000-10-09,11.360853,11.593340,11.329855,11.438349,4751000
2000-10-10,11.438347,11.438347,11.066368,11.112865,7073800
2000-10-11,11.035366,11.143860,10.756382,10.880375,9278600
2000-10-12,10.942378,10.973376,10.399909,10.601398,9932600
2000-10-13,10.539402,10.957878,10.539402,10.756390,6378400
2000-10-16,10.895885,10.895885,10.663398,10.802890,4907400
2000-10-17,10.787385,10.802884,10.275914,10.337911,9422600
2000-10-18,10.322414,10.616898,9.826442,10.477406,10616000
2000-10-19,10.306911,10.709888,10.275913,10.585896,6453600
2000-10-20,10.585897,10.709890,10.415407,10.492903,5206000
2000-10-23,10.585895,10.585895,10.415404,10.461902,4377800
2000-10-24,10.694394,10.864884,10.632398,10.740891,4931400
2000-10-25,10.787383,11.004371,10.523898,10.539397,11271000
2000-10-26,10.616896,10.725389,10.353411,10.663393,7076200
2000-10-27,10.616897,10.926879,10.601397,10.833884,5074400
2000-10-30,10.988879,11.360858,10.926882,11.360858,8299200
2000-10-31,11.391852,11.546844,11.174865,11.484847,8056600
2000-11-01,11.420036,11.560255,11.373297,11.560255,6476000
2000-11-02,11.560252,11.684891,11.482353,11.591412,4501800
2000-11-03,11.482353,11.684891,11.451193,11.591412,3911800
2000-11-06,11.622573,11.700472,11.529094,11.669312,4985800
2000-11-07,11.622571,11.638151,11.466773,11.591412,3487000
2000-11-08,11.591416,11.716055,11.342138,11.700475,6702800
2000-11-09,11.700464,11.949742,11.684884,11.918582,6499600
2000-11-10,11.918595,11.965334,11.747216,11.747216,4548400
2000-11-13,11.591412,11.793950,11.326554,11.466773,5718600
2000-11-14,11.482351,11.762789,11.420032,11.622570,7114200
2000-11-15,11.404462,11.466781,11.046125,11.155184,10217400
2000-11-16,10.983795,11.201912,10.921475,11.092854,4731000
2000-11-17,11.061705,11.201923,10.843586,11.155184,5826800
2000-11-20,11.186339,11.186339,10.905901,10.968221,4793000
2000-11-21,10.968217,11.295394,10.921478,11.217495,5374600
2000-11-22,11.092856,11.201915,10.718939,10.781259,5991400
2000-11-24,10.843580,10.890319,10.765680,10.812420,2258600
2000-11-27,10.874737,11.139594,10.827997,11.046115,4418000
2000-11-28,11.061695,11.451192,10.999376,11.388872,6074000
2000-11-29,11.451197,11.716055,11.388878,11.700475,6381600
2000-11-30,11.731629,11.871848,11.560251,11.825109,9917400
2000-12-01,11.918583,12.043222,11.731625,11.809525,8246000
2000-12-04,11.793953,11.840693,11.544675,11.653734,8332600
2000-12-05,11.653734,11.980911,11.591415,11.980911,10351800
2000-12-06,11.747210,12.479463,11.747210,12.089967,23037000
2000-12-07,12.089966,12.432722,12.089966,12.354823,7328600
2000-12-08,12.448309,12.463889,12.214611,12.323670,8260600
2000-12-11,12.152293,12.526209,12.152293,12.401570,10510400
2000-12-12,12.463887,12.463887,12.276929,12.448307,9119000
2000-12-13,12.463892,12.604111,12.354833,12.463892,6930000
2000-12-14,12.339251,12.463889,12.121132,12.432730,7244000
2000-12-15,12.432726,12.604104,12.354827,12.572945,22609400
2000-12-18,12.775480,13.196136,12.728741,13.133817,15455200
2000-12-19,13.149396,13.414254,13.040337,13.164976,15054400
2000-12-20,12.978021,13.289618,12.822223,13.196139,10098600
2000-12-21,13.274039,13.336358,13.009181,13.196139,13507000
2000-12-22,13.258458,13.538896,13.227298,13.445416,10058800
2000-12-26,13.445415,13.710272,13.383096,13.694693,5180000
2000-12-27,13.710272,13.788172,13.585634,13.788172,5982200
2000-12-28,13.788168,13.990706,13.694689,13.897227,5018000
2000-12-29,14.006293,14.053032,13.819334,13.881654,6043000
2001-01-02,13.570055,13.663534,13.305198,13.445416,10616400
2001-01-03,13.180562,13.461000,12.463889,13.242882,25444200
2001-01-04,12.993601,13.289618,12.635264,12.962441,17224200
2001-01-05,12.791063,13.118240,12.448306,13.055921,14437000
2001-01-08,12.868963,13.118240,12.822223,12.931282,9123600
2001-01-09,12.853386,13.040344,12.276931,12.323670,11326800
2001-01-10,11.918590,12.370406,11.887431,12.136708,15362600
2001-01-11,12.339245,12.604102,12.183446,12.276925,11738200
2001-01-12,12.479465,12.479465,12.012069,12.136708,8525000
2001-01-16,12.152290,12.510626,11.903012,12.448307,14995200
2001-01-17,12.619684,12.666424,12.308087,12.308087,9124200
2001-01-18,12.401563,12.401563,12.043226,12.074386,8346600
2001-01-19,12.089964,12.370401,11.980905,12.230183,9148400
2001-01-22,12.230190,12.495048,12.121131,12.370409,6294200
2001-01-23,12.385989,12.572947,12.292510,12.370409,9064800
2001-01-24,12.448307,12.650846,12.339248,12.510627,7102800
2001-01-25,12.526203,12.682002,12.385984,12.619682,10620000
2001-01-26,12.728741,12.931279,12.604102,12.837800,9104000
2001-01-29,12.900119,13.032236,12.625914,12.745567,7106200
2001-01-30,12.867712,12.987365,12.615942,12.940002,8707400
2001-01-31,12.884907,12.972559,12.697081,12.899933,6828200
2001-02-01,12.784736,12.992598,12.459170,12.621953,9373200
2001-02-02,12.509254,12.672037,12.484210,12.581881,5189000
2001-02-05,12.742161,12.899934,12.634473,12.862370,5201000
2001-02-06,12.712109,12.817293,12.589396,12.744666,5214800
2001-02-07,12.747173,12.902443,12.646999,12.707104,4983400
2001-02-08,12.759691,12.907448,12.754682,12.797256,6306200
2001-02-09,12.797257,12.822301,12.584387,12.689569,6213800
2001-02-12,12.814795,12.887421,12.672046,12.722134,5967400
2001-02-13,12.734642,12.769703,12.459163,12.519268,7284400
2001-02-14,12.659516,12.767203,12.509255,12.591898,4532600
2001-02-15,12.609434,12.677052,12.421608,12.449156,4475400
2001-02-16,12.446647,12.697083,12.421603,12.549326,6796000
2001-02-20,12.659520,12.662025,12.133606,12.191206,7583000
2001-02-21,12.191205,12.321432,11.970822,12.025918,7599000
2001-02-22,12.045947,12.121079,11.625216,12.058470,9636600
2001-02-23,12.028423,12.171172,11.732909,12.138616,6664400
2001-02-26,12.138611,12.441638,11.965810,12.416595,7720200
2001-02-27,12.416603,12.604430,12.311420,12.539316,7209600
2001-02-28,12.667029,12.667029,12.278853,12.431619,7045400
2001-03-01,12.431625,12.464182,12.166164,12.411591,8979600
2001-03-02,12.446645,12.644489,12.371515,12.564349,6782000
2001-03-05,12.501745,12.551833,12.208736,12.479207,5492800
2001-03-06,12.646995,12.702091,12.206229,12.389047,7346400
2001-03-07,12.389047,12.832318,12.371517,12.832318,9027400
2001-03-08,12.832321,12.950025,12.584389,12.950025,6455400
2001-03-09,12.772214,12.772214,12.446648,12.644492,5289800
2001-03-12,12.484211,12.519273,11.945775,11.970819,7622400
2001-03-13,12.183689,12.406576,11.930748,12.384037,8839000
2001-03-14,12.048457,12.108561,11.550090,11.660282,13686400
2001-03-15,11.750436,12.243794,11.672801,12.201221,8754200
2001-03-16,11.970823,12.151137,11.895693,11.993362,11874600
2001-03-19,11.923239,12.106057,11.737916,12.028421,7919800
2001-03-20,11.970821,12.058474,11.710368,11.732907,7481200
2001-03-21,11.732913,11.800531,11.344738,11.374790,9634200
2001-03-22,11.344735,11.394822,10.656037,11.019169,13750400
2001-03-23,10.898954,11.422364,10.848867,11.377286,11197200
2001-03-26,11.515029,11.727900,11.482473,11.570126,7449800
2001-03-27,11.667791,12.208732,11.489982,12.168662,10969800
2001-03-28,12.146123,12.241289,11.955792,12.186193,7249800
2001-03-29,12.020909,12.126091,11.960804,12.028421,7696600
2001-03-30,12.146124,12.389047,12.063480,12.389047,9081600
2001-04-02,12.394053,12.561844,12.301391,12.444139,10105000
2001-04-03,12.521776,12.521776,12.088522,12.258819,10468600
2001-04-04,12.126087,12.196209,11.277111,11.517529,23293200
2001-04-05,11.682818,11.930749,11.665287,11.928245,13356400
2001-04-06,11.858127,11.990859,11.254577,11.582648,18965400
2001-04-09,11.772976,11.772976,11.344731,11.510018,10633800
2001-04-10,11.645251,11.945774,11.620208,11.830574,12543600
2001-04-11,12.053459,12.053459,11.745423,11.745423,8601200
2001-04-12,11.828068,12.121078,11.695338,11.963304,9682800
2001-04-16,12.121080,12.206228,11.640244,11.808036,8370400
2001-04-17,11.745428,11.745428,11.292139,11.444905,13214200
2001-04-18,11.444901,12.221250,11.332205,11.920728,17955400
2001-04-19,11.858129,12.078513,11.833086,12.013400,10824200
2001-04-20,12.013387,12.058465,11.790500,12.003369,7679600
2001-04-23,12.003378,12.003378,11.757952,11.908213,5536400
2001-04-24,11.983344,12.098545,11.808040,11.995867,6943200
2001-04-25,11.878160,11.900699,11.697846,11.782994,6480600
2001-04-26,11.772977,11.833082,11.510020,11.552594,11525200
2001-04-27,11.745432,11.978337,11.697848,11.975832,8284200
2001-04-30,12.013389,12.058468,11.707858,11.762954,9137200
2001-05-01,11.767970,11.855622,11.662787,11.855622,5564200
2001-05-02,11.754932,12.064537,11.709624,11.981472,7599600
2001-05-03,11.868202,11.983989,11.777585,11.943715,6950400
2001-05-04,11.717178,11.938685,11.717178,11.905962,7003200
2001-05-07,11.966373,11.966373,11.780106,11.916031,5607400
2001-05-08,11.956305,11.961340,11.681939,11.699559,6982600
2001-05-09,11.649212,11.739829,11.518322,11.578733,7697600
2001-05-10,11.679420,11.729762,11.488119,11.558598,9582000
2001-05-11,11.697044,11.697044,11.425195,11.452884,6646000
2001-05-14,11.452884,11.563637,11.435264,11.478055,6260000
2001-05-15,11.480573,11.513295,11.327028,11.372336,9133200
2001-05-16,11.384921,11.578739,11.213756,11.503225,14915000
2001-05-17,11.427709,11.629078,11.392468,11.430225,11077600
2001-05-18,11.430223,11.644178,11.389950,11.573699,7878600
2001-05-21,11.553569,11.636634,11.490641,11.629083,7747800
2001-05-22,11.578733,12.014194,11.558595,11.880787,9575000
2001-05-23,11.973921,12.079640,11.870719,12.067054,10593400
2001-05-24,12.031817,12.132502,11.999095,12.031817,7135000
2001-05-25,12.094747,12.094747,11.787660,11.797728,4358000
2001-05-29,11.900926,11.918546,11.752416,11.770036,5863000
2001-05-30,11.770038,11.966374,11.732282,11.754936,5305800
2001-05-31,11.729763,11.850585,11.634113,11.850585,5687200
2001-06-01,11.805280,11.946238,11.709629,11.910998,5162600
2001-06-04,11.910992,12.205495,11.848064,12.170255,5919800
2001-06-05,12.265908,12.308700,12.124950,12.275977,6752000
2001-06-06,12.180328,12.180328,11.999095,12.041886,4745200
2001-06-07,11.704589,12.031814,11.593836,11.996574,14696200
2001-06-08,11.996579,11.999096,11.631597,11.689490,8630600
2001-06-11,11.639153,11.749906,11.505745,11.518331,7682400
2001-06-12,11.518322,11.530908,11.301851,11.427707,9551600
2001-06-13,11.427712,11.437780,11.090418,11.168448,11809800
2001-06-14,11.024968,11.120619,10.946938,10.987212,9041000
2001-06-15,10.748095,10.949464,10.748095,10.861365,18058800
2001-06-18,10.944424,10.946941,10.735503,10.891564,10234600
2001-06-19,10.989733,11.269133,10.851292,10.951976,9249800
2001-06-20,10.936869,11.276679,10.916732,11.203683,13837600
2001-06-21,11.198656,11.651737,11.183553,11.629083,12615400
2001-06-22,11.729767,11.729767,11.480573,11.624048,10060000
2001-06-25,11.729760,11.729760,11.329538,11.420155,7090000
2001-06-26,11.231371,11.515805,11.231371,11.405052,10162400
2001-06-27,11.392469,11.666835,11.389952,11.523359,9044200
2001-06-28,11.503223,11.762486,11.503223,11.681938,7782400
2001-06-29,11.593844,11.686977,11.405060,11.686977,9856800
2001-07-02,11.699552,11.868200,11.606419,11.837994,6752400
2001-07-03,11.900924,11.900924,11.749897,11.863168,3416400
2001-07-05,11.863172,11.908480,11.707110,11.717178,6159000
2001-07-06,11.719696,11.727247,11.528395,11.581254,5944800
2001-07-09,11.581257,11.598878,11.465470,11.533432,6449800
2001-07-10,11.533428,11.568668,11.316956,11.384918,9161400
2001-07-11,11.415125,11.495672,11.304372,11.400023,8643400
2001-07-12,11.475537,11.540981,11.400023,11.498191,6791800
2001-07-13,11.465467,11.747384,11.435262,11.702077,10058400
2001-07-16,11.770038,11.890860,11.563634,11.586288,7194200
2001-07-17,11.377370,11.956306,11.316958,11.956306,12713200
2001-07-18,11.830447,11.860652,11.644180,11.817862,8047000
2001-07-19,11.843036,11.953790,11.712146,11.855621,6523400
2001-07-20,11.679423,11.767521,11.553567,11.639149,10919800
2001-07-23,11.639148,11.684455,11.467984,11.553566,6682000
2001-07-24,11.457922,11.566159,11.374857,11.432751,10021000
2001-07-25,11.432745,11.503225,11.314441,11.483088,8885000
2001-07-26,11.478051,11.503223,11.301854,11.445330,6434400
2001-07-27,11.465465,11.551047,11.417640,11.430225,6456000
2001-07-30,11.493157,11.563636,11.415126,11.528397,6092400
2001-07-31,11.561120,11.671873,11.427713,11.593843,6465400
2001-08-01,11.674388,11.754936,11.581254,11.724730,5098200
2001-08-02,11.749895,11.802755,11.692002,11.764998,4054400
2001-08-03,11.812828,11.812828,11.681938,11.762486,4689800
2001-08-06,11.767521,11.827932,11.586288,11.616494,4540400
2001-08-07,11.616494,11.681939,11.596357,11.613976,5449000
2001-08-08,11.613974,11.682322,11.540564,11.553221,7005400
2001-08-09,11.530441,11.555755,11.457030,11.535503,6629000
2001-08-10,11.517780,11.679788,11.457027,11.644349,5654200
2001-08-13,11.631696,11.829143,11.631696,11.796235,5371400
2001-08-14,11.872183,11.940529,11.796240,11.808898,6971600
2001-08-15,11.864584,12.013935,11.846864,11.917744,9982400
2001-08-16,11.869645,11.917741,11.621569,11.722825,7254000
2001-08-17,11.727887,11.768389,11.601318,11.662070,4681000
2001-08-20,11.657014,11.948123,11.657014,11.922809,6973400
2001-08-21,11.960778,12.226573,11.927870,11.975966,11383800
2001-08-22,11.975963,12.143035,11.879771,12.079750,11856200
2001-08-23,12.079756,12.102539,12.008877,12.041785,10167400
2001-08-24,12.074686,12.115188,12.021527,12.087342,8429400
2001-08-27,12.049376,12.074690,11.958247,12.029125,5956200
2001-08-28,12.029126,12.110130,11.846866,11.859523,5504600
2001-08-29,11.897492,11.943056,11.530441,11.631697,11094000
2001-08-30,11.631692,11.755729,11.581064,11.606378,7629000
2001-08-31,11.606379,11.768388,11.570940,11.646881,6280000
2001-09-04,11.634229,11.836739,11.467157,11.763330,9052200
2001-09-05,11.649414,11.770920,11.631694,11.687384,9127400
2001-09-06,11.712704,11.712704,11.459566,11.482348,8969000
2001-09-07,11.340583,11.489935,11.282362,11.322864,10804200
2001-09-10,11.138073,11.441839,11.138073,11.201358,13139400
2001-09-17,10.416633,11.135545,10.403975,11.011507,16636800
2001-09-18,10.948220,11.135543,10.900124,11.077320,8840400
2001-09-19,11.163391,11.284898,10.993789,11.165923,17373000
2001-09-20,11.074792,11.095043,10.862156,10.879875,15555400
2001-09-21,10.252093,11.046946,10.252093,10.745712,18068600
2001-09-24,10.905190,11.049479,10.884939,10.927972,10362000
2001-09-25,10.783686,11.087452,10.783686,11.024167,9074600
2001-09-26,11.150736,11.163393,10.958352,11.054543,9244800
2001-09-27,11.125419,11.198830,10.998850,11.062135,8625200
2001-09-28,11.125425,11.287433,11.077328,11.251994,9836600
2001-10-01,11.289959,11.426653,11.178578,11.254519,8452600
2001-10-02,11.226677,11.317807,11.143142,11.289962,10523400
2001-10-03,11.289964,11.403876,11.219086,11.327935,7716800
2001-10-04,11.391211,11.391211,11.138073,11.201358,8609400
2001-10-05,11.264645,11.277302,10.884938,10.897594,15874200
2001-10-08,10.882410,10.884941,10.467262,10.548266,12941400
2001-10-09,10.522954,10.743184,10.517891,10.550799,10571000
2001-10-10,10.505232,10.884939,10.495106,10.662177,7682000
2001-10-11,10.669769,10.717865,10.530543,10.593827,11925800
2001-10-12,10.378663,10.500169,10.290065,10.398914,12979800
2001-10-15,10.366009,10.454607,10.252097,10.320444,12088200
2001-10-16,10.252092,10.631800,10.125523,10.173619,21640200
2001-10-17,10.302722,10.416634,9.682533,9.834415,26714000
2001-10-18,9.834416,9.948329,9.809103,9.890107,17166000
2001-10-19,9.852136,10.120463,9.763538,9.872388,10701200
2001-10-22,9.776195,10.069835,9.776195,10.057178,13127800
2001-10-23,10.125528,10.186282,9.862264,10.125528,9877800
2001-10-24,10.130588,10.264751,10.079960,10.201467,9114000
2001-10-25,10.201468,10.479920,10.100213,10.479920,11633400
2001-10-26,10.505237,10.505237,10.373605,10.403981,7794000
2001-10-29,10.340695,10.371073,10.112872,10.125528,7799600
2001-10-30,10.125528,10.196406,9.910361,10.087557,8184800
2001-10-31,10.221715,10.221715,9.960982,9.998953,7331000
2001-11-01,10.001483,10.196400,9.935668,10.148304,9210200
2001-11-02,10.125525,10.186279,10.004019,10.145777,8267000
2001-11-05,10.188810,10.429292,10.188810,10.348288,10875000
2001-11-06,10.429286,10.758365,10.393846,10.733051,13233600
2001-11-07,10.733055,10.990303,10.646457,10.850217,11535600
2001-11-08,10.862946,10.975014,10.806912,10.822194,8803400
2001-11-09,10.824744,10.921531,10.773804,10.786539,5584000
2001-11-12,10.692302,10.934267,10.623533,10.855309,5304800
2001-11-13,10.946997,10.995389,10.761066,10.809459,8029200
2001-11-14,10.873141,10.921535,10.733056,10.783997,9591000
2001-11-15,10.812015,10.857861,10.656648,10.661742,10692400
2001-11-16,10.725421,10.840036,10.684669,10.789096,9248800
2001-11-19,10.870600,10.918992,10.740702,10.789096,5770000
2001-11-20,10.837482,10.862953,10.763619,10.776355,6327600
2001-11-21,10.819654,10.837483,10.763619,10.781449,4114400
2001-11-23,10.773809,10.944458,10.773809,10.916441,2339600
2001-11-26,10.947002,11.166044,10.850216,11.046335,8319200
2001-11-27,11.003035,11.104914,10.952095,10.980112,7542800
2001-11-28,11.018323,11.094734,10.865503,10.865503,8893600
2001-11-29,10.862955,10.987757,10.824749,10.975022,7298800
2001-11-30,10.997948,11.041247,10.875693,10.901162,7603400
2001-12-03,10.850218,10.921535,10.783996,10.812014,8713000
2001-12-04,10.875689,10.954645,10.814560,10.947004,5067400
2001-12-05,10.926626,11.138026,10.921532,11.048882,9762800
2001-12-06,11.104921,11.211895,11.056528,11.110015,9747000
2001-12-07,11.110018,11.158412,11.033608,11.135489,4769400
2001-12-10,11.135481,11.158404,11.074353,11.115105,6443400
2001-12-11,11.155863,11.155863,11.041248,11.064171,5572200
2001-12-12,11.143124,11.150764,11.008133,11.053979,6212000
2001-12-13,11.015773,11.104917,10.852765,10.880782,7771600
2001-12-14,10.862949,10.997939,10.824743,10.868042,8530200
2001-12-17,10.944461,11.008136,10.868050,10.936819,10301400
2001-12-18,10.952099,11.102372,10.913894,11.092184,8150400
2001-12-19,11.079449,11.168593,11.018320,11.104918,10032600
2001-12-20,11.155861,11.191518,11.028511,11.140579,9970800
2001-12-21,11.140579,11.168595,10.990306,10.990306,12932600
2001-12-24,10.990300,11.076898,10.990300,11.028504,2042200
2001-12-26,11.028506,11.053977,10.995395,10.995395,5103800
2001-12-27,10.995397,11.053979,10.995397,11.053979,4380200
2001-12-28,11.053979,11.104918,11.015774,11.104918,5330600
2001-12-31,11.104918,11.155858,11.056526,11.071808,6421200
2002-01-02,11.048889,11.074359,10.926634,11.064171,8024000
2002-01-03,11.064167,11.138030,11.015774,11.104918,7569600
2002-01-04,11.143124,11.201705,11.041243,11.132936,10441600
2002-01-07,11.194065,11.229723,11.140578,11.150765,7019800
2002-01-08,11.194065,11.194065,11.018321,11.107467,6435000
2002-01-09,11.084545,11.148220,11.031058,11.051434,7803400
2002-01-10,11.066714,11.115106,11.041243,11.071808,8272400
2002-01-11,11.092179,11.104914,11.018316,11.028504,6401600
2002-01-14,11.028511,11.064169,10.957195,10.957195,8383800
2002-01-15,11.092181,11.550641,11.076900,11.543000,31319800
2002-01-16,11.543004,11.767140,11.448765,11.550645,22628600
2002-01-17,11.614316,11.649975,11.499702,11.616863,13061800
2002-01-18,11.576113,11.728932,11.522626,11.558284,11003200
2002-01-22,11.685638,11.886850,11.601587,11.886850,13581800
2002-01-23,11.886847,11.970899,11.805343,11.960711,8640600
2002-01-24,11.970895,12.082962,11.879202,12.009100,13785800
2002-01-25,12.072782,12.085517,11.945432,11.996371,9167200
2002-01-28,12.047304,12.082962,11.945425,12.009100,9839000
2002-01-29,12.047310,12.082967,11.588850,11.644884,13977400
2002-01-30,11.647445,11.847247,11.544982,11.811385,13714200
2002-01-31,11.847244,11.908722,11.737097,11.883106,11925800
2002-02-01,11.819070,11.988133,11.788331,11.962518,8014800
2002-02-04,11.860055,11.901040,11.680745,11.708922,8374800
2002-02-05,11.714046,11.821632,11.593652,11.619268,10872000
2002-02-06,11.655126,11.655126,11.463009,11.593648,11505200
2002-02-07,11.642319,11.744782,11.532172,11.629512,8991000
2002-02-08,11.626949,11.765273,11.578279,11.726850,7558800
2002-02-11,11.726853,11.911287,11.665376,11.877986,7149000
2002-02-12,11.877980,11.908720,11.813941,11.890788,5224400
2002-02-13,11.926652,12.011183,11.824189,11.957391,6251200
2002-02-14,11.957394,12.034241,11.865177,11.929216,7218800
2002-02-15,11.911287,11.936902,11.798579,11.829317,7943000
2002-02-19,11.783211,11.808826,11.603901,11.655132,8382200
2002-02-20,11.642319,11.808821,11.552664,11.767836,8893200
2002-02-21,11.737101,11.813948,11.652570,11.719171,8521200
2002-02-22,11.655129,11.798577,11.632075,11.798577,7471800
2002-02-25,11.783206,11.972762,11.780644,11.936899,6903600
2002-02-26,11.988138,12.026562,11.924099,11.944592,7349800
2002-02-27,11.975325,12.052172,11.957394,12.000940,10255200
2002-02-28,12.039361,12.139261,12.003499,12.013745,10739000
2002-03-01,12.077782,12.267338,12.052166,12.254530,9953400
2002-03-04,12.287839,12.620842,12.275030,12.587542,12935800
2002-03-05,12.574729,12.628522,12.428720,12.454335,9145400
2002-03-06,12.518379,12.633650,12.295523,12.577295,8114800
2002-03-07,12.541433,12.695128,12.436409,12.523502,8174600
2002-03-08,12.590104,12.718182,12.467148,12.564487,9083800
2002-03-11,12.523500,12.730987,12.464584,12.628524,6522200
2002-03-12,12.577286,12.795020,12.523494,12.782212,7780800
2002-03-13,12.782216,12.802708,12.615714,12.705368,8510800
2002-03-14,12.654140,12.692563,12.567047,12.654140,7939600
2002-03-15,12.769416,12.987150,12.741240,12.935919,14391600
2002-03-18,12.999953,12.999953,12.746357,12.851381,8553200
2002-03-19,12.869315,12.910300,12.779660,12.856506,5410200
2002-03-20,12.802710,12.802710,12.679755,12.687439,5943600
2002-03-21,12.666947,12.679755,12.495322,12.602908,6433000
2002-03-22,12.602909,12.789903,12.528623,12.692563,6153600
2002-03-25,12.692560,12.725860,12.538866,12.561920,5643000
2002-03-26,12.500450,12.672075,12.485081,12.590105,8390800
2002-03-27,12.654142,12.774535,12.590102,12.713058,8353400
2002-03-28,12.654140,12.795026,12.474831,12.654140,8175200
2002-04-01,12.428724,12.554241,12.390301,12.533749,6828800
2002-04-02,12.533744,12.597783,12.462020,12.556798,6786800
2002-04-03,12.531181,12.564482,12.326256,12.372364,7095400
2002-04-04,12.513249,12.561919,12.449210,12.487634,7476800
2002-04-05,12.526056,12.579849,12.474825,12.543987,6191000
2002-04-08,12.500448,12.677197,12.423601,12.587542,6803400
2002-04-09,12.705367,12.707929,12.556797,12.625959,8887400
2002-04-10,12.677192,12.725861,12.628521,12.705368,9301200
2002-04-11,12.705374,12.736113,12.577295,12.577295,8053200
2002-04-12,12.674631,12.805272,12.602908,12.802710,10741000
2002-04-15,12.802709,12.848818,12.679754,12.702808,9128600
2002-04-16,12.836011,12.994828,12.820642,12.833449,16496200
2002-04-17,12.871871,13.120343,12.782216,13.089603,12843000
2002-04-18,13.153641,13.217680,12.935909,13.151080,13243200
2002-04-19,13.217682,13.281721,13.063989,13.087043,8679400
2002-04-22,13.087042,13.130588,12.820639,12.864186,7963600
2002-04-23,12.871879,12.974342,12.705377,12.764294,8796000
2002-04-24,12.820639,13.020442,12.795023,12.930786,8428000
2002-04-25,12.789907,13.084488,12.769414,13.012763,8732000
2002-04-26,13.015324,13.192072,12.941038,13.063993,9536000
2002-04-29,13.063989,13.153643,12.907733,12.953841,6949400
2002-04-30,13.012757,13.192067,12.876994,13.102412,8700800
2002-05-01,13.153640,13.153640,12.933346,13.066546,6948400
2002-05-02,13.066552,13.320148,13.063991,13.315024,8021200
2002-05-03,13.315022,13.320146,13.176698,13.250983,6907000
2002-05-06,13.294531,13.427732,13.002512,13.058867,6818000
2002-05-07,13.204877,13.358571,13.089606,13.140838,7718800
2002-05-08,13.393247,13.429305,13.318553,13.341734,8439200
2002-05-09,13.187194,13.282492,13.058413,13.117652,7068400
2002-05-10,13.174322,13.176898,12.893579,12.929638,6125400
2002-05-13,12.968268,13.194923,12.937360,13.182045,5337800
2002-05-14,13.328859,13.444762,13.187199,13.439610,6726800
2002-05-15,13.439611,13.555514,13.413855,13.460216,5762400
2002-05-16,13.496271,13.609598,13.341733,13.565812,7594400
2002-05-17,13.625050,13.681713,13.558083,13.594142,7286200
2002-05-20,13.625053,13.625053,13.444759,13.455062,4911000
2002-05-21,13.573543,13.728080,13.524605,13.547786,6987400
2002-05-22,13.470515,13.503999,13.315978,13.419003,8826200
2002-05-23,13.547785,13.712625,13.421580,13.704898,9953200
2002-05-24,13.712623,13.764135,13.573539,13.622476,4077000
2002-05-28,13.740962,13.740962,13.419009,13.576122,7123800
2002-05-29,13.576122,13.671421,13.475673,13.506580,6064600
2002-05-30,13.419008,13.524608,13.346890,13.485974,7538600
2002-05-31,13.431882,13.599297,13.367492,13.496273,10294400
2002-06-03,13.498848,13.599297,13.122807,13.264466,7838200
2002-06-04,13.014630,13.161440,13.009479,13.130533,10335400
2002-06-05,13.200083,13.261898,13.058424,13.148570,10160800
2002-06-06,13.153713,13.156290,12.787975,12.787975,9129000
2002-06-07,12.787978,12.965696,12.718436,12.867822,9628800
2002-06-10,12.803428,12.945087,12.793125,12.880696,7992400
2002-06-11,12.945089,12.994027,12.749342,12.749342,6794600
2002-06-12,12.800849,12.934782,12.695249,12.875543,10175000
2002-06-13,12.875549,12.911608,12.672074,12.672074,8296000
2002-06-14,12.646321,12.924489,12.556175,12.834343,12004400
2002-06-17,12.942513,13.264466,12.919333,13.264466,9524200
2002-06-18,13.109928,13.328856,13.109928,13.300524,6969400
2002-06-19,13.236137,13.310830,13.135688,13.187201,7381800
2002-06-20,13.161445,13.287651,13.115083,13.135689,8580600
2002-06-21,13.071294,13.290222,13.063568,13.164017,16664200
2002-06-24,13.200073,13.225829,12.826608,12.957965,14744800
2002-06-25,12.975996,13.112504,12.906454,12.955391,9037800
2002-06-26,12.813729,12.888422,12.556167,12.798275,16741000
2002-06-27,12.813733,12.919333,12.708132,12.919333,11778600
2002-06-28,12.878123,13.058417,12.787977,12.893578,12269200
2002-07-01,12.852368,12.911608,12.700406,12.705558,9762000
2002-07-02,12.775096,12.829185,12.607681,12.787975,14744000
2002-07-03,12.739038,12.775096,12.447993,12.643740,13743800
2002-07-05,12.775102,12.983728,12.697834,12.983728,4200200
2002-07-08,13.001751,13.107352,12.921907,13.102201,7629600
2002-07-09,13.174329,13.321139,12.937370,12.945097,12826600
2002-07-10,12.955392,13.019783,12.605107,12.641167,14560200
2002-07-11,12.569048,12.638590,12.293457,12.556170,17987600
2002-07-12,12.620564,12.630867,12.298611,12.388758,9587600
2002-07-15,12.195581,12.285729,11.883931,12.144070,17750000
2002-07-16,12.144067,12.337239,11.976651,12.156945,14775800
2002-07-17,12.285728,12.620559,12.205884,12.303758,13051600
2002-07-18,12.182705,12.314062,11.950899,11.976655,13068000
2002-07-19,11.525921,11.783484,11.513044,11.598039,17629800
2002-07-22,11.461526,11.680453,11.203963,11.438345,17813800
2002-07-23,11.438347,11.538796,10.853680,10.979886,22872600
2002-07-24,10.714595,11.806660,10.688839,11.703634,20172400
2002-07-25,11.577434,12.077105,11.500166,11.961202,17818600
2002-07-26,12.079678,12.301181,11.853023,12.285728,11880000
2002-07-29,12.543296,12.769952,12.429968,12.762224,10152800
2002-07-30,12.723586,12.849791,12.466024,12.800855,11834000
2002-07-31,12.813732,13.109929,12.754493,13.099627,15298400
2002-08-01,13.006904,13.058417,12.684951,12.710707,11505000
2002-08-02,12.710707,12.800854,12.491779,12.597380,8447000
2002-08-05,12.661774,12.661774,12.314065,12.386182,10656800
2002-08-06,12.460873,12.842066,12.414512,12.617987,12256800
2002-08-07,12.706054,12.949555,12.573943,12.921061,14257000
2002-08-08,12.957327,13.335529,12.941784,13.322577,19427400
2002-08-09,13.250050,13.454693,13.154203,13.418427,11624600
2002-08-12,13.107574,13.343303,13.068718,13.275952,8247400
2002-08-13,13.107576,13.418428,12.998778,13.014321,10995600
2002-08-14,13.014322,13.366620,12.900343,13.353668,12231600
2002-08-15,13.418430,13.509095,13.268185,13.379574,10649200
2002-08-16,13.211196,13.423611,13.138664,13.314814,6705000
2002-08-19,13.353666,13.661928,13.301857,13.638614,8840000
2002-08-20,13.457287,13.547952,13.278547,13.374393,8667400
2002-08-21,13.483189,13.501322,13.216375,13.343306,7666600
2002-08-22,13.343297,13.516857,13.262995,13.452096,8270800
2002-08-23,13.431376,13.470233,13.265588,13.376977,7248200
2002-08-26,13.465058,13.661931,13.338127,13.599760,6745000
2002-08-27,13.664519,13.695604,13.542769,13.651567,7863000
2002-08-28,13.599762,13.638619,13.384756,13.483192,7654800
2002-08-29,13.366621,13.480600,13.288908,13.379574,7825200
2002-08-30,13.379567,13.726684,13.338120,13.519449,8733200
2002-09-03,13.418421,13.418421,13.146426,13.237091,11763800
2002-09-04,13.263003,13.327764,13.068721,13.206014,9849800
2002-09-05,13.058359,13.216376,12.900343,13.174929,9031400
2002-09-06,13.301859,13.428790,13.242279,13.340715,7936200
2002-09-09,13.237095,13.431377,13.146430,13.384749,9971800
2002-09-10,13.319988,13.340712,13.128297,13.273361,7986600
2002-09-11,13.496142,13.496142,13.107578,13.159387,6538000
2002-09-12,13.094626,13.102398,12.708653,12.755280,8877400
2002-09-13,12.589493,12.895164,12.563589,12.713835,10982800
2002-09-16,12.970282,12.970282,12.586898,12.698287,8244400
2002-09-17,12.913296,12.921068,12.382258,12.493647,11450400
2002-09-18,12.291593,12.377077,12.221651,12.283821,11710000
2002-09-19,12.071404,12.226831,11.915979,11.921160,9755200
2002-09-20,11.923752,12.162072,11.921162,12.146529,15796000
2002-09-23,12.071405,12.711242,11.975560,12.594672,14509400
2002-09-24,12.459963,12.783767,12.358936,12.434059,20429000
2002-09-25,12.615393,12.719010,12.343398,12.576536,12179000
2002-09-26,12.667201,12.731961,12.532498,12.687923,13444800
2002-09-27,12.687927,12.853714,12.454789,12.550634,11286400
2002-09-30,12.548047,12.625761,12.187977,12.475515,10973600
2002-10-01,12.498827,12.664614,12.265688,12.643891,15629600
2002-10-02,12.511777,12.589490,12.268277,12.382256,12162000
2002-10-03,12.384843,12.421109,11.817538,11.960011,18281600
2002-10-04,11.957421,12.019592,11.553314,11.620666,14555200
2002-10-07,11.428979,11.734649,11.216563,11.276143,16140200
2002-10-08,11.397895,11.910800,11.387533,11.721699,15130600
2002-10-09,11.506691,11.786458,11.457473,11.553319,15472400
2002-10-10,11.553316,11.890072,11.462651,11.708742,14916800
2002-10-11,11.900436,12.307134,11.838267,12.136166,11239400
2002-10-14,12.045502,12.343402,12.022188,12.234603,8763800
2002-10-15,12.952152,12.952152,12.693109,12.895163,18327000
2002-10-16,12.897751,13.001367,12.706058,12.879618,10577200
2002-10-17,13.128298,13.133479,12.817446,12.856303,11441800
2002-10-18,12.856303,13.107574,12.786361,13.045404,13328800
2002-10-21,13.045399,13.270766,12.866659,13.138655,11164200
2002-10-22,13.081674,13.159387,12.954743,13.076493,8038800
2002-10-23,13.076491,13.133481,12.796725,13.133481,9393200
2002-10-24,13.185291,13.263004,12.900343,13.003961,9436600
2002-10-25,12.952151,13.231918,12.902934,13.216375,7804600
2002-10-28,13.348484,13.366617,12.965101,13.063538,7745400
2002-10-29,13.060945,13.066126,12.809674,12.991004,6844000
2002-10-30,13.081670,13.275952,13.045404,13.115346,9557800
2002-10-31,13.206005,13.325164,12.975457,13.073894,9471600
2002-11-01,12.926247,13.159386,12.869258,13.128301,10212200
2002-11-04,13.288908,13.288908,12.952152,12.975466,9027400
2002-11-05,12.978053,12.991006,12.757867,12.946968,9698200
2002-11-06,12.946966,12.973016,12.498902,12.673439,16112800
2002-11-07,12.452017,12.504118,12.183700,12.298321,13636200
2002-11-08,12.243609,12.332180,11.644454,11.842435,16543400
2002-11-11,11.904961,12.092522,11.876306,11.977901,11946600
2002-11-12,11.980505,12.347813,11.980505,12.087311,13274800
2002-11-13,12.089918,12.332186,11.897146,12.108153,10564400
2002-11-14,12.295715,12.452016,12.194119,12.373865,9526200
2002-11-15,12.376471,12.556218,12.194120,12.509328,9583400
2002-11-18,12.511929,12.626551,12.274872,12.334787,7016800
2002-11-19,12.178488,12.246218,12.035212,12.069077,10124600
2002-11-20,12.087312,12.371260,12.079496,12.243613,9423400
2002-11-21,12.295716,12.491093,12.295716,12.399917,12106200
2002-11-22,12.402521,12.558822,12.350420,12.373865,10849400
2002-11-25,12.376463,12.569235,12.188902,12.272263,8006000
2002-11-26,12.274872,12.274872,11.876304,11.878908,13247200
2002-11-27,12.061259,12.290501,11.983108,12.222770,9161800
2002-11-29,12.243610,12.248820,12.009158,12.037813,5778600
2002-12-02,12.243611,12.293106,11.962268,12.048234,14492800
2002-12-03,12.035208,12.082098,11.904956,11.954452,12106600
2002-12-04,11.957057,12.227979,11.884116,12.100333,10899600
2002-12-05,12.139410,12.152436,11.902353,11.912773,8556800
2002-12-06,11.839838,12.123786,11.792948,11.996140,9534800
2002-12-09,11.962269,12.074285,11.904959,11.944034,9552600
2002-12-10,11.946646,12.217569,11.946646,12.199334,11073200
2002-12-11,12.201935,12.267060,12.061263,12.165464,8384800
2002-12-12,12.165467,12.178492,12.035215,12.074290,6521200
2002-12-13,12.076890,12.149831,11.944034,11.983109,7844400
2002-12-16,11.957061,12.251428,11.957061,12.243613,10313400
2002-12-17,12.295714,12.360840,12.196723,12.196723,8005400
2002-12-18,12.152440,12.204540,11.988323,12.053449,7874000
2002-12-19,11.944035,12.178487,11.920589,12.027395,9277400
2002-12-20,12.152434,12.280080,12.105544,12.261845,11699000
2002-12-23,12.217570,12.347822,12.170680,12.259251,6969600
2002-12-24,12.178485,12.269660,12.157644,12.222770,3172200
2002-12-26,12.282696,12.436392,12.139419,12.201940,5230800
2002-12-27,12.139413,12.222773,12.053447,12.061262,4898000
2002-12-30,12.165463,12.347815,12.079496,12.264454,8349000
2002-12-31,12.329584,12.329584,12.071686,12.209752,6651400
2003-01-02,12.282689,12.686468,12.256638,12.652602,9904200
2003-01-03,12.517145,12.668237,12.475465,12.475465,7808000
2003-01-06,12.452021,12.798490,12.452021,12.722944,8097400
2003-01-07,12.725548,12.790673,12.613532,12.644793,6556200
2003-01-08,12.647389,12.655205,12.402517,12.465037,8071000
2003-01-09,12.530168,12.668235,12.483278,12.582269,7303400
2003-01-10,12.584868,12.673439,12.444197,12.522347,6924600
2003-01-13,12.634369,12.683864,12.506722,12.595293,6844000
2003-01-14,12.582268,12.683864,12.504117,12.665628,4946000
2003-01-15,12.673446,12.683865,12.394708,12.423363,9694800
2003-01-16,12.452015,12.491091,12.217563,12.243613,10748400
2003-01-17,12.243613,12.313949,12.220168,12.313949,12866000
2003-01-21,12.295714,12.452015,12.243614,12.274874,11285800
2003-01-22,12.277473,12.371254,12.230582,12.251422,13986200
2003-01-23,12.269665,12.498907,12.269665,12.433782,9740400
2003-01-24,12.436381,12.436381,12.214953,12.256634,8663000
2003-01-27,12.178485,12.373862,12.139409,12.178485,10985800
2003-01-28,12.217561,12.264451,12.061259,12.139409,8859000
2003-01-29,12.142022,12.319164,11.957065,12.207148,9431800
2003-01-30,12.209752,12.298323,12.009165,12.074290,8219000
2003-01-31,12.076888,12.373860,12.009156,12.339994,12092200
2003-02-03,12.342605,12.501512,12.306135,12.436386,9390000
2003-02-04,12.438984,12.438984,12.152432,12.251422,8473400
2003-02-05,12.295996,12.364161,11.758537,11.881760,24868800
2003-02-06,11.968280,12.109854,11.871275,12.023336,15605600
2003-02-07,12.099367,12.125584,11.889626,11.915844,8705000
2003-02-10,11.902736,12.033823,11.876518,12.012849,9184600
2003-02-11,12.015469,12.191125,11.863407,11.955168,9601600
2003-02-12,11.955171,12.057420,11.837193,11.887006,7323800
2003-02-13,11.887003,12.031199,11.745428,11.955168,7551800
2003-02-14,11.955170,12.146559,11.829326,12.146559,9624000
2003-02-18,12.204235,12.316970,12.141313,12.248805,7765000
2003-02-19,12.256669,12.256669,12.083634,12.170151,7186600
2003-02-20,12.170159,12.204242,12.023342,12.081020,7330000
2003-02-21,12.178017,12.319591,12.020711,12.170151,8050000
2003-02-24,12.046935,12.104613,11.824086,11.860791,11751400
2003-02-25,11.776891,11.968280,11.627452,11.952549,11364000
2003-02-26,11.934199,11.952551,11.740189,11.818842,10174800
2003-02-27,11.855547,12.086261,11.782138,11.921091,9866600
2003-02-28,11.947307,12.054799,11.845059,11.889628,8556600
2003-03-03,12.023338,12.125586,11.845059,11.889628,9663800
2003-03-04,11.923708,11.942060,11.797864,11.797864,7871400
2003-03-05,11.758533,11.994491,11.750668,11.965652,9381800
2003-03-06,11.866031,11.991876,11.787379,11.805731,8006400
2003-03-07,11.808353,12.007605,11.656291,11.942061,9359000
2003-03-10,11.852924,11.889628,11.575019,11.606480,8976400
2003-03-11,11.653671,11.810975,11.580261,11.624831,14933600
2003-03-12,11.577636,11.690372,11.344301,11.575015,15308400
2003-03-13,11.810978,12.015476,11.719218,11.994501,12215600
2003-03-14,12.018097,12.073153,11.889631,11.994501,9872200
2003-03-17,11.994496,12.282887,11.889625,12.282887,12542000
2003-03-18,12.316972,12.358920,12.099367,12.238319,9989400
2003-03-19,12.238317,12.387757,12.180638,12.343187,10041000
2003-03-20,12.343189,12.372027,12.060039,12.282887,12145600
2003-03-21,12.282885,12.400863,12.164907,12.390376,17074400
2003-03-24,12.217349,12.248811,11.963040,11.994501,8941600
2003-03-25,12.012848,12.251427,11.968278,12.180639,9429800
2003-03-26,12.217348,12.230458,11.984013,12.033827,9091600
2003-03-27,12.033824,12.049554,11.855545,11.947306,8638600
2003-03-28,11.947305,11.997118,11.850301,11.973522,7925200
2003-03-31,11.797866,11.889627,11.758540,11.795245,10307000
2003-04-01,11.837196,12.164915,11.800491,12.138697,12404000
2003-04-02,12.322218,12.466414,12.264539,12.408736,9647200
2003-04-03,12.437574,12.440196,12.227834,12.269782,9848200
2003-04-04,12.322213,12.387757,12.256669,12.343187,6755800
2003-04-07,12.571288,12.613236,12.275030,12.277653,8060800
2003-04-08,12.277648,12.503117,12.219969,12.440196,7799000
2003-04-09,12.225211,12.372028,12.151801,12.159667,15648800
2003-04-10,12.159666,12.316970,12.159666,12.298618,8348800
2003-04-11,12.322214,12.387758,12.083635,12.122962,11391400
2003-04-14,12.217347,12.269782,12.088882,12.269782,9591000
2003-04-15,12.191130,12.461170,12.191130,12.440196,11768000
2003-04-16,12.474270,12.479513,12.198986,12.254044,8953800
2003-04-17,12.309107,12.453303,12.243564,12.453303,8242200
2003-04-21,12.505740,12.558175,12.269782,12.309109,9030600
2003-04-22,12.282884,12.594872,12.222584,12.539816,9204000
2003-04-23,12.518847,12.644691,12.490007,12.628960,8420400
2003-04-24,12.628955,12.628955,12.340563,12.474273,7770800
2003-04-25,12.518841,12.571276,12.335318,12.432323,6212800
2003-04-28,12.453310,12.649942,12.448067,12.566046,8081600
2003-04-29,12.618473,12.670908,12.445438,12.618473,8034000
2003-04-30,12.571279,12.765288,12.479517,12.652553,15248800
2003-05-01,12.652556,12.767914,12.432330,12.684018,7313800
2003-05-02,12.684017,12.872782,12.649934,12.846565,10511000
2003-05-05,12.846564,12.846564,12.563415,12.597498,9132800
2003-05-06,12.657798,12.704990,12.568659,12.686638,9888400
2003-05-07,12.720924,12.781601,12.536257,12.596933,10194600
2003-05-08,12.478224,12.596938,12.396443,12.420186,7764000
2003-05-09,12.491414,12.552092,12.354234,12.509881,9554600
2003-05-12,12.562646,12.713018,12.478227,12.689275,7797800
2003-05-13,12.660252,12.715652,12.612766,12.641785,6535800
2003-05-14,12.702458,12.710372,12.512514,12.596933,8090800
2003-05-15,12.683996,12.765777,12.631234,12.697186,7987600
2003-05-16,12.697191,12.839648,12.647067,12.765781,7951600
2003-05-19,12.765783,12.765783,12.530992,12.546821,7418400
2003-05-20,12.504608,12.610131,12.399083,12.499331,7575800
2003-05-21,12.504612,12.610136,12.449211,12.478230,8739600
2003-05-22,12.517796,12.623319,12.406995,12.420186,7760200
2003-05-23,12.465040,12.530993,12.438660,12.478230,6243800
2003-05-27,12.425463,12.731483,12.364787,12.726208,11612200
2003-05-28,12.726201,12.776324,12.557361,12.596933,9306600
2003-05-29,12.570565,12.670812,12.472954,12.549459,8581400
2003-05-30,12.578479,12.773699,12.557374,12.742042,9508600
2003-06-02,12.800077,13.040144,12.800077,12.900325,11376600
2003-06-03,12.926707,13.008489,12.879221,12.997936,7185800
2003-06-04,12.953094,13.298686,12.953094,13.253839,12591600
2003-06-05,13.253830,13.375182,13.071800,13.348801,9637600
2003-06-06,13.422670,13.493899,13.269660,13.269660,11218200
2003-06-09,13.182602,13.190516,13.066525,13.137753,8694800
2003-06-10,13.211623,13.354080,13.090270,13.354080,10066400
2003-06-11,13.414754,13.570402,13.282849,13.567764,12302800
2003-06-12,13.652183,13.673289,13.454326,13.594145,8754600
2003-06-13,13.607335,13.652182,13.404201,13.406838,9191800
2003-06-16,13.559850,13.681203,13.512364,13.665374,8123400
2003-06-17,13.929184,13.929184,13.612612,13.665374,8703800
2003-06-18,13.612610,13.718135,13.591506,13.718135,7542800
2003-06-19,13.718137,13.718137,13.470156,13.480707,8296800
2003-06-20,13.559848,13.691753,13.472790,13.507086,11199400
2003-06-23,13.459600,13.528190,13.361990,13.391008,7211000
2003-06-24,13.391007,13.514998,13.348797,13.441132,7142400
2003-06-25,13.443777,13.549301,13.351443,13.367271,8100800
2003-06-26,13.351440,13.588868,13.322420,13.578317,8371200
2003-06-27,13.591507,13.644269,13.388373,13.467516,6301400
2003-06-30,13.493898,13.562489,13.282849,13.296041,13174000
2003-07-01,13.296038,13.409476,13.158856,13.377818,12115800
2003-07-02,13.422669,13.454326,13.375183,13.446412,6411400
2003-07-03,13.446411,13.507087,13.335610,13.375182,4653800
2003-07-07,13.533466,13.591505,13.459600,13.491257,9007000
2003-07-08,13.375192,13.441144,13.288134,13.401572,12915600
2003-07-09,13.401560,13.488618,13.306588,13.409475,10478200
2003-07-10,13.409479,13.559851,13.124563,13.446412,11292400
2003-07-11,13.554571,13.704942,13.514999,13.686476,10195800
2003-07-14,13.955564,14.169250,13.915992,13.989859,16287600
2003-07-15,13.198434,13.886980,13.198434,13.699675,15105000
2003-07-16,13.699674,13.757712,13.586235,13.702312,12979400
2003-07-17,13.586227,13.638989,13.383093,13.441132,8912600
2003-07-18,13.493893,13.580950,13.396283,13.554569,9549200
2003-07-21,13.541383,13.541383,13.375182,13.517640,10789600
2003-07-22,13.536109,13.770900,13.507090,13.710224,15919000
2003-07-23,13.715495,13.718133,13.562485,13.689114,8581800
2003-07-24,13.847404,13.847404,13.562488,13.573041,11521000
2003-07-25,13.586228,13.778809,13.525551,13.741876,9315000
2003-07-28,13.797280,13.797280,13.662737,13.691756,8817400
2003-07-29,13.704943,13.744514,13.586228,13.668010,9267600
2003-07-30,13.668016,13.731330,13.525559,13.541388,7621800
2003-07-31,13.660105,13.689125,13.282856,13.330342,18053600
2003-08-01,13.330332,13.332970,13.063884,13.216893,14218600
2003-08-04,13.216892,13.306588,13.026950,13.261741,13498200
2003-08-05,13.164138,13.309234,13.114014,13.127204,10965200
2003-08-06,13.177786,13.414720,13.159151,13.302909,11039000
2003-08-07,13.284273,13.334854,13.183110,13.300245,6976400
2003-08-08,13.316217,13.398745,13.297582,13.377447,5834000
2003-08-11,13.350824,13.364135,13.180444,13.297581,9716400
2003-08-12,13.422698,13.422698,13.273617,13.406726,9455000
2003-08-13,13.444003,13.457313,13.286934,13.324204,8282800
2003-08-14,13.364139,13.475950,13.247002,13.438680,8520600
2003-08-15,13.438667,13.449316,13.342829,13.449316,4480000
2003-08-18,13.475944,13.475944,13.345498,13.401403,6399200
2003-08-19,13.364135,13.481270,13.310891,13.412054,8947400
2003-08-20,13.412054,13.412054,13.257648,13.297581,7819200
2003-08-21,13.310889,13.350822,13.151159,13.220375,12390200
2003-08-22,13.231023,13.239009,13.076616,13.079279,20987600
2003-08-25,13.079284,13.231028,13.018054,13.228365,11111400
2003-08-26,13.119214,13.231026,13.028700,13.209728,11373000
2003-08-27,13.164471,13.204403,13.124538,13.177782,7616000
2003-08-28,13.239013,13.329527,13.127202,13.329527,12132200
2003-08-29,13.329529,13.348165,13.201745,13.348165,8146800
2003-09-02,13.603729,13.651648,13.348160,13.617041,13974200
2003-09-03,13.617043,13.710219,13.521204,13.702232,11943600
2003-09-04,13.702233,13.710219,13.537177,13.550488,8012800
2003-09-05,13.550486,13.638337,13.446660,13.478607,7545400
2003-09-08,13.545159,13.654308,13.483929,13.633010,6763800
2003-09-09,13.606391,13.627688,13.502566,13.574445,7444200
2003-09-10,13.577109,13.577109,13.289593,13.321540,14559200
2003-09-11,13.366795,13.428025,13.257646,13.257646,10128400
2003-09-12,13.260304,13.420034,13.228357,13.382764,11594000
2003-09-15,13.337512,13.374784,13.284270,13.321540,6167000
2003-09-16,13.326865,13.467960,13.326865,13.430690,7905600
2003-09-17,13.430690,13.497244,13.412055,13.473285,6629400
2003-09-18,13.518537,13.771444,13.513213,13.736835,10407200
2003-09-19,13.763453,13.768777,13.646316,13.755466,8166800
2003-09-22,13.755478,13.755478,13.425369,13.603734,8084200
2003-09-23,13.606393,13.651650,13.526528,13.582434,7792200
2003-09-24,13.617043,13.633015,13.462636,13.507894,8368800
2003-09-25,13.510554,13.633014,13.497243,13.566460,9983000
2003-09-26,13.566468,13.710226,13.566468,13.683604,11414400
2003-09-29,13.683592,13.776768,13.603726,13.766119,8787600
2003-09-30,13.766127,13.798074,13.603734,13.710221,10413200
2003-10-01,13.758142,14.093576,13.758142,14.082928,13211000
2003-10-02,14.003053,14.117526,13.981756,14.098891,9913600
2003-10-03,14.216027,14.327838,14.130838,14.170770,13604200
2003-10-06,14.162790,14.258628,14.077600,14.200060,5550600
2003-10-07,14.200059,14.436993,14.149478,14.415696,10259600
2003-10-08,14.389076,14.442320,14.277265,14.413035,10473800
2003-10-09,14.413037,14.508876,14.362456,14.429010,9937600
2003-10-10,14.434334,14.548808,14.421022,14.522185,8590400
2003-10-13,14.575420,14.697880,14.535487,14.655285,8136200
2003-10-14,14.623345,14.886900,14.588736,14.687237,7854800
2003-10-15,14.716525,14.716525,14.586079,14.649971,7890200
2003-10-16,14.649962,14.687233,14.389069,14.657949,9076800
2003-10-17,14.657952,14.665938,14.578086,14.641978,9685000
2003-10-20,14.641981,14.740481,14.588737,14.740481,9140400
2003-10-21,14.618021,14.852293,14.471601,14.775089,13084800
2003-10-22,14.633997,14.684578,14.530173,14.570105,10225600
2003-10-23,14.570102,14.703211,14.490237,14.697886,9824200
2003-10-24,14.615357,14.641978,14.447639,14.641978,8945200
2003-10-27,14.695221,14.743140,14.383746,14.492895,11773800
2003-10-28,14.274594,14.626001,14.274594,14.618015,10847800
2003-10-29,14.618023,14.628672,14.484914,14.612699,6985200
2003-10-30,14.626008,14.743145,14.535494,14.743145,9436600
2003-10-31,14.721851,15.097218,14.697891,14.993393,15241800
2003-11-03,14.993388,15.161106,14.993388,15.142470,10957400
2003-11-04,15.142469,15.142469,14.815021,14.900210,14114000
2003-11-05,14.935098,14.978038,14.800910,14.945832,9903200
2003-11-06,14.945832,15.004875,14.682824,14.961935,7944400
2003-11-07,15.002193,15.058552,14.736501,14.921679,8379000
2003-11-10,14.835807,14.935107,14.782133,14.897533,6480000
2003-11-11,14.897528,15.088075,14.897528,15.010246,6900800
2003-11-12,15.055872,15.283992,14.961941,15.224949,12063800
2003-11-13,15.224948,15.394025,15.109546,15.340349,8532600
2003-11-14,15.340347,15.340347,15.120279,15.173954,5838000
2003-11-17,15.061228,15.179314,15.031706,15.179314,5597600
2003-11-18,15.216899,15.230318,15.042455,15.069293,6774000
2003-11-19,14.916311,15.168584,14.908259,15.136379,6238400
2003-11-20,15.096130,15.329616,15.053190,15.125651,8750000
2003-11-21,15.224940,15.238359,15.098803,15.163214,11042800
2003-11-24,15.297414,15.321568,15.163226,15.219584,9088400
2003-11-25,15.249096,15.426224,15.149798,15.337661,7275400
2003-11-26,15.391338,15.426227,15.286671,15.394022,6826400
2003-11-28,15.361822,15.431599,15.361822,15.385976,2296200
2003-12-01,15.504048,15.528202,15.377911,15.498680,7023400
2003-12-02,15.498686,15.498686,15.305456,15.343028,9908800
2003-12-03,15.310819,15.372545,15.198102,15.230307,10740600
2003-12-04,15.267887,15.321562,15.147118,15.275938,6545400
2003-12-05,15.251787,15.308146,15.163223,15.243735,7458200
2003-12-08,15.216903,15.402082,15.214219,15.353774,5691200
2003-12-09,15.289360,15.292043,15.106864,15.144437,9056600
2003-12-10,15.147115,15.184688,14.951201,15.139064,8662000
2003-12-11,15.114913,15.361819,15.114913,15.270572,8577200
2003-12-12,15.283978,15.318868,15.235671,15.300080,6116400
2003-12-15,15.364498,15.364498,15.045131,15.050499,8744600
2003-12-16,15.074652,15.345712,15.074652,15.337661,9446800
2003-12-17,15.337667,15.399394,15.243735,15.377923,8430000
2003-12-18,15.404756,15.517473,15.340345,15.509422,6580000
2003-12-19,15.541632,15.614094,15.485273,15.587256,14301600
2003-12-22,15.584570,15.606041,15.474536,15.563101,6117400
2003-12-23,15.563095,15.667761,15.544308,15.662394,5548000
2003-12-24,15.659716,15.697289,15.614093,15.638247,2174800
2003-12-26,15.638243,15.724123,15.624824,15.665080,1783600
2003-12-29,15.646297,15.780485,15.638246,15.775117,5795000
2003-12-30,15.759016,15.831478,15.708024,15.818058,5547600
2003-12-31,15.818056,15.882466,15.681184,15.804637,6413000
2004-01-02,15.699972,15.804638,15.552365,15.611407,8243200
2004-01-05,15.686556,15.750965,15.547000,15.686556,8846000
2004-01-06,15.606041,15.686553,15.595305,15.635561,8381600
2004-01-07,15.504057,15.565783,15.431595,15.477219,10670600
2004-01-08,15.479909,15.520166,15.329618,15.471858,11367000
2004-01-09,15.391335,15.659711,15.388652,15.399387,6712000
2004-01-12,15.399387,15.399387,15.227627,15.286669,8059400
2004-01-13,15.238368,15.254471,15.020985,15.104180,12016400
2004-01-14,15.163222,15.179325,15.047820,15.117599,10535800
2004-01-15,15.171265,15.289351,15.020975,15.163214,15305000
2004-01-16,15.163226,15.359140,15.149807,15.348405,9213200
2004-01-20,15.332295,15.485268,15.227628,15.391336,9566000
2004-01-21,15.308145,15.538948,15.300093,15.522845,7570600
2004-01-22,15.485269,15.536260,15.297406,15.324244,8899800
2004-01-23,15.364495,15.455743,15.211521,15.254461,10300600
2004-01-26,15.243729,15.576515,15.238361,15.576515,8958000
2004-01-27,15.576516,15.673131,15.385970,15.407439,8306400
2004-01-28,15.404759,15.681185,15.286673,15.313511,10035800
2004-01-29,15.367187,15.549682,15.294726,15.522845,10798200
2004-01-30,15.522841,15.555046,15.396704,15.407439,7398200
2004-02-02,15.469169,15.538947,15.308144,15.447700,7022200
2004-02-03,15.490641,15.619461,15.418180,15.555051,7382400
2004-02-04,15.492837,15.549637,15.403580,15.444151,7239200
2004-02-05,15.463085,15.482019,15.330552,15.433333,5446400
2004-02-06,15.533414,15.676765,15.530708,15.676765,5921600
2004-02-09,15.579392,15.644307,15.533412,15.603735,5014400
2004-02-10,15.565870,15.625375,15.490137,15.571280,6998800
2004-02-11,15.536113,15.784951,15.414400,15.741675,8056600
2004-02-12,15.714632,15.757908,15.363014,15.525300,8569000
2004-02-13,15.552344,15.647010,15.433335,15.517181,6506600
2004-02-17,15.582100,15.647013,15.503661,15.525300,5892800
2004-02-18,15.525302,15.579396,15.398178,15.403587,8460200
2004-02-19,15.444156,15.682174,15.368423,15.571280,9603800
2004-02-20,15.573981,15.595618,15.384648,15.387352,9448800
2004-02-23,15.484726,15.506365,15.371127,15.379241,8201000
2004-02-24,15.346786,15.392766,15.271052,15.341376,9742600
2004-02-25,15.319733,15.506362,15.317029,15.479314,7902600
2004-02-26,15.471203,15.536117,15.441451,15.484727,8698600
2004-02-27,15.254818,15.611846,15.254818,15.511769,7829000
2004-03-01,15.619961,15.641600,15.552342,15.587504,6058800
2004-03-02,15.606435,15.665939,15.503654,15.503654,6699800
2004-03-03,15.503654,15.625369,15.487425,15.619959,5293800
2004-03-04,15.633490,15.768728,15.628080,15.720042,6447200
2004-03-05,15.720034,15.949938,15.665938,15.793062,7519600
2004-03-08,15.782243,15.931006,15.779539,15.849862,6900000
2004-03-09,15.782251,15.820119,15.728157,15.806594,5969800
2004-03-10,15.806594,15.925604,15.779547,15.806594,8683200
2004-03-11,15.741682,15.952653,15.606445,15.609149,10775200
2004-03-12,15.655125,15.768724,15.592916,15.665943,8047400
2004-03-15,15.638894,15.782246,15.609141,15.628075,7935000
2004-03-16,15.687586,15.755205,15.587510,15.706519,6649600
2004-03-17,15.755203,15.885031,15.741679,15.787660,5768000
2004-03-18,15.776835,15.903958,15.692987,15.771425,7002800
2004-03-19,15.771432,15.822822,15.568575,15.571280,7688200
2004-03-22,15.571286,15.571286,15.284582,15.363020,9654400
2004-03-23,15.417105,15.473905,15.311620,15.314324,6730200
2004-03-24,15.349488,15.360307,15.230479,15.300802,8322600
2004-03-25,15.349485,15.492837,15.292685,15.454970,6925400
2004-03-26,15.452273,15.484730,15.384654,15.403587,6393800
2004-03-29,15.471201,15.514477,15.403582,15.463086,6838000
2004-03-30,15.465791,15.468496,15.333258,15.371125,10068800
2004-03-31,15.349488,15.381945,15.257526,15.327849,11330400
2004-04-01,15.341375,15.541527,15.338670,15.484727,7028400
2004-04-02,15.530702,15.533408,15.241294,15.311618,10338000
2004-04-05,15.295390,15.330553,15.233181,15.317029,9280800
2004-04-06,15.308920,15.465796,15.284577,15.465796,6654200
2004-04-07,15.430629,15.476610,15.344077,15.349486,8556000
2004-04-08,15.403582,15.408991,15.330553,15.384648,5838800
2004-04-12,15.463082,15.573978,15.368416,15.425216,6158200
2004-04-13,15.390061,15.392765,14.987052,15.051967,13803400
2004-04-14,14.949181,15.146628,14.808533,14.941067,15814400
2004-04-15,14.957304,14.997876,14.765267,14.859933,11567600
2004-04-16,14.876153,15.227771,14.862629,15.165562,13420600
2004-04-19,15.087133,15.149343,15.049267,15.122295,7029800
2004-04-20,15.124987,15.314320,14.973521,14.973521,11589400
2004-04-21,14.965412,15.211545,14.951888,15.203430,10267000
2004-04-22,15.203429,15.411696,15.173677,15.349486,9568800
2004-04-23,15.349481,15.352185,15.146625,15.254815,8337600
2004-04-26,15.314328,15.400880,15.203433,15.252119,7256600
2004-04-27,15.349487,15.549640,15.317031,15.441449,10814000
2004-04-28,15.376531,15.376531,15.222360,15.227770,10569000
2004-04-29,15.268341,15.484721,15.184493,15.260226,8325000
2004-04-30,15.308921,15.400882,15.252121,15.271054,7787600
2004-05-03,15.287280,15.414403,15.230480,15.408994,8294800
2004-05-04,15.354901,15.549643,15.298101,15.430634,12521200
2004-05-05,15.430632,15.506968,15.351571,15.436085,9762000
2004-05-06,15.340664,15.414273,15.256149,15.307949,7010400
2004-05-07,15.267050,15.280682,14.912637,15.018961,12484000
2004-05-10,14.926272,15.021691,14.809043,14.937178,11726600
2004-05-11,14.937171,15.048948,14.885372,15.021685,9078200
2004-05-12,15.008062,15.291593,14.882654,15.239795,10987000
2004-05-13,15.171627,15.400633,15.160722,15.294308,11970800
2004-05-14,15.294311,15.610557,15.294311,15.536949,14996400
2004-05-17,15.351567,15.605110,15.337935,15.515142,10223600
2004-05-18,15.566941,15.779590,15.534227,15.771411,12647200
2004-05-19,15.801391,16.030397,15.700520,15.730509,16055600
2004-05-20,15.730516,15.850471,15.708705,15.812304,8893400
2004-05-21,15.866831,15.962249,15.730518,15.825936,9670600
2004-05-24,15.921361,15.981338,15.828668,15.902277,7335600
2004-05-25,15.902278,16.033139,15.836848,16.016781,7672400
2004-05-26,16.016780,16.153093,15.929539,16.117651,8815400
2004-05-27,16.234875,16.281222,15.989512,16.098562,12676400
2004-05-28,16.084934,16.125829,15.937716,16.030409,7927600
2004-06-01,16.041304,16.044030,15.902265,15.984053,7136400
2004-06-02,16.030404,16.052215,15.839566,15.954069,8642400
2004-06-03,15.954066,15.956792,15.834111,15.891362,5910200
2004-06-04,16.030407,16.079480,15.929536,15.973156,5023600
2004-06-07,16.027677,16.120370,16.011319,16.087654,5949400
2004-06-08,16.052219,16.117649,15.973158,16.030409,6064200
2004-06-09,16.030404,16.038584,15.812304,15.812304,8827400
2004-06-10,15.934991,15.986789,15.880465,15.978611,4057000
2004-06-14,15.948614,15.948614,15.779586,15.823206,5563800
2004-06-15,15.975885,16.022232,15.845025,15.880466,7573200
2004-06-16,15.883188,15.945893,15.839568,15.866831,3873600
2004-06-17,15.820490,16.011329,15.787775,15.924088,4553600
2004-06-18,15.962251,16.082208,15.910453,15.975883,6649400
2004-06-21,15.956795,16.052215,15.891365,15.954069,6777000
2004-06-22,15.954079,16.044045,15.926815,16.019508,6935200
2004-06-23,16.003144,16.123099,15.962249,16.098562,6696400
2004-06-24,16.016776,16.087658,15.989513,16.000418,5938200
2004-06-25,15.921357,15.978608,15.684172,15.684172,9109800
2004-06-28,15.752331,15.880466,15.667818,15.744153,8043600
2004-06-29,15.539677,15.684168,15.487878,15.635096,9438800
2004-06-30,15.689622,15.708706,15.490605,15.602382,10297200
2004-07-01,15.586028,15.651458,15.406095,15.427905,9435400
2004-07-02,15.457890,15.744147,15.449711,15.602382,7302000
2004-07-06,15.534232,15.580579,15.498790,15.517874,6609200
2004-07-07,15.517867,15.697801,15.512416,15.602382,5369200
2004-07-08,15.526048,15.675992,15.476975,15.523321,5526200
2004-07-09,15.547853,15.586020,15.425172,15.545127,4247800
2004-07-12,15.476987,15.738708,15.476987,15.695087,8098200
2004-07-13,15.599654,15.831385,15.599654,15.749598,9360000
2004-07-14,15.711427,15.812298,15.610555,15.675985,5591600
2004-07-15,15.744143,15.793216,15.648725,15.648725,7250800
2004-07-16,15.806848,15.839563,15.643273,15.787765,7385400
2004-07-19,15.839572,16.016779,15.787774,15.934992,8440600
2004-07-20,15.853205,15.902278,15.591483,15.828669,9717800
2004-07-21,15.853201,15.948619,15.607837,15.607837,6557200
2004-07-22,15.526048,15.621467,15.471523,15.564216,6238800
2004-07-23,15.534233,15.545138,15.408825,15.441540,4856400
2004-07-26,15.422445,15.528769,15.411540,15.490602,4780000
2004-07-27,15.520603,15.703262,15.479708,15.656916,5767400
2004-07-28,15.588759,15.716894,15.485161,15.656916,11086600
2004-07-29,15.744151,15.790497,15.670542,15.738698,4770000
2004-07-30,15.708703,15.744145,15.575117,15.651452,4319800
2004-08-02,15.635105,15.790502,15.569676,15.774145,4417200
2004-08-03,15.730513,15.817753,15.656904,15.670535,5360200
2004-08-04,15.670540,15.758515,15.585314,15.744769,4578800
2004-08-05,15.711778,15.739270,15.461600,15.475346,4978200
2004-08-06,15.464349,15.640299,15.428609,15.494591,6861200
2004-08-09,15.483589,15.601805,15.483589,15.502833,3747600
2004-08-10,15.579812,15.706277,15.535825,15.670537,6003200
2004-08-11,15.670539,15.851988,15.610056,15.827245,7909600
2004-08-12,15.720031,15.851994,15.709034,15.714533,5312400
2004-08-13,15.728271,15.851986,15.684283,15.818995,4730000
2004-08-16,15.819005,15.942720,15.769519,15.884986,5742000
2004-08-17,15.906969,15.945458,15.854734,15.912468,4968600
2004-08-18,15.906975,15.967458,15.862987,15.934466,7171600
2004-08-19,15.928971,15.970210,15.813504,15.931721,5589200
2004-08-20,15.945464,15.997698,15.879482,15.959209,6390600
2004-08-23,15.945459,16.060926,15.895973,15.915217,5378000
2004-08-24,15.983952,16.038936,15.950961,15.992199,4428400
2004-08-25,15.992200,16.143407,15.978454,16.096670,6052800
2004-08-26,16.058175,16.228626,16.036182,16.126905,5945200
2004-08-27,16.165394,16.181890,16.069172,16.126905,3820600
2004-08-30,16.077428,16.146158,16.049936,16.052685,3788400
2004-08-31,16.052683,16.151655,16.011446,16.151655,5632400
2004-09-01,16.157149,16.228629,16.044431,16.173645,6109200
2004-09-02,16.206639,16.357846,16.170899,16.341351,5853800
2004-09-03,16.352354,16.443079,16.275376,16.294621,5437800
2004-09-07,16.423822,16.456812,16.349593,16.418324,6942200
2004-09-08,16.385333,16.412826,16.198387,16.220381,7577400
2004-09-09,16.261633,16.275379,16.165410,16.217646,5227000
2004-09-10,16.245125,16.280866,16.113163,16.256123,5215600
2004-09-13,16.294617,16.344103,16.234134,16.272623,6076000
2004-09-14,16.302857,16.349595,16.184641,16.184641,5136600
2004-09-15,16.187395,16.374342,16.184645,16.247877,5384200
2004-09-16,16.256121,16.322102,16.212134,16.283613,3803200
2004-09-17,16.330356,16.377092,16.267123,16.313860,4705200
2004-09-20,16.297365,16.344102,16.159904,16.231384,4437600
2004-09-21,16.264369,16.300109,16.115911,16.239626,5512600
2004-09-22,16.102171,16.195644,16.036190,16.137911,9074400
2004-09-23,16.165401,16.187395,15.959210,15.981204,7255000
2004-09-24,15.950963,16.184646,15.950963,16.121414,5944400
2004-09-27,16.124170,16.297370,16.113173,16.225891,8448800
2004-09-28,16.247878,16.346850,16.118666,16.313860,6589200
2004-09-29,16.234124,16.313852,16.157147,16.308353,7159200
2004-09-30,16.371595,16.429328,16.247880,16.393589,8665200
2004-10-01,16.404581,16.561288,16.366092,16.547541,8296000
2004-10-04,16.605276,16.690501,16.558538,16.610773,8433400
2004-10-05,16.561288,16.674006,16.533795,16.588779,5706000
2004-10-06,16.564029,16.673998,16.558530,16.673998,5235800
2004-10-07,16.619022,16.679504,16.536546,16.561289,4187000
2004-10-08,16.583280,16.682252,16.550290,16.627268,5289000
2004-10-11,16.632768,16.671257,16.586032,16.619022,3050400
2004-10-12,16.564034,16.632764,16.533792,16.621767,5274000
2004-10-13,16.674007,16.674007,16.478811,16.561289,6339200
2004-10-14,16.550290,16.575033,16.247876,16.352346,11385400
2004-10-15,16.418331,16.536547,16.396336,16.509054,8162000
2004-10-18,16.495308,16.632769,16.454069,16.536547,7029000
2004-10-19,16.399080,16.418324,16.165396,16.316603,10124000
2004-10-20,16.220381,16.223129,16.016938,16.170895,9220000
2004-10-21,16.110412,16.198387,15.884976,16.088419,9433000
2004-10-22,16.110411,16.170894,15.912468,15.912468,7261200
2004-10-25,15.876735,15.909726,15.821751,15.904227,7155600
2004-10-26,15.939967,16.137911,15.939967,16.137911,6989200
2004-10-27,16.082922,16.316605,16.003194,16.261621,7275200
2004-10-28,16.253367,16.487051,16.179138,16.448563,8527000
2004-10-29,16.412825,16.481555,16.316602,16.418324,6797200
2004-11-01,16.476061,16.489806,16.412829,16.470562,6785200
2004-11-02,16.415584,16.561293,16.355102,16.440327,8276600
2004-11-03,16.628778,16.711922,16.559491,16.711922,9490200
2004-11-04,16.720239,17.041729,16.673124,17.022327,9776600
2004-11-05,17.044504,17.111020,16.955817,17.044504,9630600
2004-11-08,17.044501,17.135960,17.011244,17.074987,5946000
2004-11-09,17.141503,17.149818,17.005702,17.058359,5036000
2004-11-10,17.061133,17.152591,17.038961,17.044504,4833600
2004-11-11,17.113796,17.260683,17.083310,17.224655,6919200
2004-11-12,17.263450,17.341051,17.183078,17.341051,5939400
2004-11-15,17.302253,17.349367,17.224652,17.335510,6858800
2004-11-16,17.332729,17.343815,17.227413,17.232956,5777200
2004-11-17,17.363223,17.385394,17.224649,17.310564,6291000
2004-11-18,17.321654,17.371540,17.263453,17.307796,4514000
2004-11-19,17.293934,17.343821,17.019559,17.058359,7879200
2004-11-22,17.127641,17.241271,17.044498,17.196928,6130400
2004-11-23,17.196930,17.293932,17.147044,17.293932,7367000
2004-11-24,17.291167,17.343826,17.274539,17.307796,4962400
2004-11-26,17.299477,17.385393,17.285620,17.321650,1774000
2004-11-29,17.382624,17.413111,17.199708,17.238508,7622200
2004-11-30,17.177536,17.224651,17.105478,17.119335,8465800
2004-12-01,17.224645,17.426962,17.196930,17.426962,9401200
2004-12-02,17.426966,17.443595,17.327194,17.368765,5129600
2004-12-03,17.341046,17.374304,17.232959,17.293932,5045400
2004-12-06,17.285626,17.332742,17.219112,17.316113,4943000
2004-12-07,17.313330,17.313330,17.122098,17.133184,6421400
2004-12-08,17.252358,17.346588,17.180301,17.299473,7434000
2004-12-09,17.238500,17.454674,17.210785,17.449131,7549000
2004-12-10,17.748449,17.748449,17.343815,17.465759,5739200
2004-12-13,17.487940,17.565542,17.471312,17.529512,6795600
2004-12-14,17.529505,17.543362,17.435275,17.446362,5706600
2004-12-15,17.440819,17.487933,17.307789,17.329960,7763800
2004-12-16,17.329960,17.415876,17.213559,17.393703,11531400
2004-12-17,17.183069,17.338272,17.152583,17.183069,13108000
2004-12-20,17.280075,17.288390,17.169217,17.205246,6759200
2004-12-21,17.199708,17.291166,17.158136,17.238508,7022200
2004-12-22,17.202480,17.293939,17.141507,17.263453,7197800
2004-12-23,17.280074,17.382619,17.266217,17.296703,4441000
2004-12-27,17.349359,17.410332,17.268988,17.268988,4545400
2004-12-28,17.293934,17.374306,17.271762,17.343821,3614000
2004-12-29,17.293932,17.363219,17.227416,17.293932,3506400
2004-12-30,17.316109,17.349366,17.238508,17.238508,3413200
2004-12-31,17.255140,17.313342,17.224655,17.224655,2721400
2005-01-03,17.246814,17.274529,17.113783,17.158127,8168200
2005-01-04,17.169211,17.321641,17.119324,17.171982,9241400
2005-01-05,17.205243,17.390931,17.169214,17.191385,7694600
2005-01-06,17.210793,17.266222,17.127649,17.252365,8887600
2005-01-07,17.277304,17.338276,17.199703,17.230188,6573200
2005-01-10,17.196940,17.307799,17.086082,17.219112,7685200
2005-01-11,17.196925,17.232954,17.099924,17.185839,7490800
2005-01-12,17.147041,17.169213,16.933638,16.955811,11469200
2005-01-13,16.961357,17.019557,16.756268,16.806154,10710000
2005-01-14,16.803387,16.864358,16.717471,16.820015,10155000
2005-01-18,16.670350,17.047268,16.656492,17.033411,10051000
2005-01-19,17.016783,17.041726,16.894838,16.905924,6215400
2005-01-20,16.750729,16.850502,16.714701,16.778444,6901800
2005-01-21,16.742417,16.789533,16.631558,16.662045,6870600
2005-01-24,16.662044,16.795074,16.573357,16.614929,7968800
2005-01-25,16.614922,16.761809,16.614922,16.720238,7470600
2005-01-26,16.767354,16.928099,16.756268,16.869898,7278400
2005-01-27,16.759043,16.897617,16.681442,16.747957,6116000
2005-01-28,16.736865,16.864352,16.686978,16.772894,6079000
2005-01-31,16.922549,17.016779,16.880976,16.989063,6569800
2005-02-01,17.058349,17.232952,17.008463,17.127636,8031800
2005-02-02,17.108093,17.108093,16.909779,16.976814,8393000
2005-02-03,16.940507,17.052233,16.906988,17.052233,5671600
2005-02-04,17.066196,17.068990,16.920953,17.032679,5937600
2005-02-07,17.038257,17.189088,16.912565,17.155569,7077800
2005-02-08,17.314788,17.314788,17.113680,17.161163,7216800
2005-02-09,17.191890,17.200270,17.013128,17.013128,5659000
2005-02-10,17.080159,17.122056,16.873465,16.879051,8304000
2005-02-11,16.912578,16.951682,16.820404,16.842749,9075200
2005-02-14,17.032680,17.124855,17.021507,17.124855,6347800
2005-02-15,17.177917,17.200262,17.105295,17.122053,7888200
2005-02-16,17.094122,17.099708,16.954464,16.971222,6526800
2005-02-17,16.954469,16.993573,16.870674,16.870674,5904000
2005-02-18,16.884645,16.895818,16.680745,16.705883,8970000
2005-02-22,16.675152,16.722636,16.418181,16.432148,10694800
2005-02-23,16.549472,16.647232,16.510368,16.616508,10419800
2005-02-24,16.739392,16.756151,16.613700,16.672356,11462600
2005-02-25,16.675149,16.800841,16.610906,16.731012,6639200
2005-02-28,16.675151,16.736599,16.532699,16.585770,10207800
2005-03-01,16.661192,16.812022,16.661192,16.717054,7323600
2005-03-02,16.689124,16.770126,16.619295,16.619295,8147600
2005-03-03,16.703087,16.750572,16.594154,16.594154,7258600
2005-03-04,16.744976,16.929325,16.691906,16.898600,7183200
2005-03-07,16.898608,17.071784,16.890229,16.962851,6901600
2005-03-08,16.906980,17.018707,16.851118,16.979603,6662000
2005-03-09,16.865085,16.893016,16.672357,16.686323,8224600
2005-03-10,16.719838,16.893014,16.714252,16.817598,6687600
2005-03-11,16.856707,16.898604,16.644427,16.703083,6568800
2005-03-14,16.703092,16.834370,16.694713,16.786886,7924200
2005-03-15,16.884634,16.943290,16.736596,16.753355,6888400
2005-03-16,16.675147,16.733803,16.608111,16.627663,8023800
2005-03-17,16.563432,16.731022,16.555053,16.647226,6721000
2005-03-18,16.731014,16.742186,16.493595,16.585770,15738800
2005-03-21,16.585772,16.624876,16.479632,16.532701,7827200
2005-03-22,16.569010,16.669564,16.306454,16.306454,10154400
2005-03-23,16.284110,16.488010,16.242213,16.407009,9915800
2005-03-24,16.404221,16.535500,16.309254,16.309254,6903800
2005-03-28,16.367902,16.549458,16.367902,16.443317,6785400
2005-03-29,16.446114,16.591358,16.409802,16.460079,6835400
2005-03-30,16.471248,16.697493,16.471248,16.675148,7839000
2005-03-31,16.744981,16.856707,16.700290,16.703083,8826400
2005-04-01,16.800849,16.834366,16.552257,16.599741,10740000
2005-04-04,16.630464,16.742189,16.535496,16.714258,9716000
2005-04-05,16.714258,16.772914,16.663981,16.669567,5439400
2005-04-06,16.697495,16.786876,16.675150,16.686323,6572400
2005-04-07,16.686322,16.839945,16.663976,16.725426,6693600
2005-04-08,16.795261,16.800848,16.636051,16.636051,7322600
2005-04-11,16.739399,16.795263,16.686330,16.758951,5838200
2005-04-12,16.703083,17.010331,16.686325,16.934916,9482200
2005-04-13,16.965633,17.004737,16.781285,16.820389,8400000
2005-04-14,16.876264,16.876264,16.686331,16.717054,8100800
2005-04-15,16.717050,16.770121,16.515944,16.515944,9987200
2005-04-18,16.535493,16.772911,16.535493,16.622080,11165000
2005-04-19,16.619289,16.644428,16.460079,16.460079,10071000
2005-04-20,16.404221,16.507567,16.233838,16.242218,9099200
2005-04-21,16.339970,16.393040,16.136070,16.387453,10482400
2005-04-22,16.345556,16.490801,16.239416,16.387453,6322400
2005-04-25,16.451701,16.557840,16.412596,16.521530,6318800
2005-04-26,16.521527,16.630460,16.404213,16.420973,6901200
2005-04-27,16.412593,16.689116,16.331592,16.622080,8934400
2005-04-28,16.624874,16.778498,16.549459,16.630461,8910800
2005-04-29,16.652801,16.750562,16.529902,16.742182,9182000
2005-05-02,16.781293,16.946088,16.761740,16.870674,10383600
2005-05-03,16.887439,16.985201,16.784093,16.839956,8389200
2005-05-04,16.842761,17.093347,16.808975,17.082085,8421000
2005-05-05,17.048294,17.118683,16.839942,16.963827,6642000
2005-05-06,16.966653,16.980732,16.808982,16.825874,7046600
2005-05-09,16.828682,17.006064,16.792080,16.955383,6331200
2005-05-10,16.865282,16.946933,16.789262,16.814602,6476600
2005-05-11,16.803344,16.955386,16.749849,16.907520,5759800
2005-05-12,16.958210,17.020153,16.803354,16.842772,5820200
2005-05-13,16.747043,16.851219,16.611896,16.682285,7528000
2005-05-16,16.710441,16.963843,16.682286,16.896269,7479200
2005-05-17,16.837131,17.034221,16.794898,17.022959,6099600
2005-05-18,17.135578,17.194705,17.093344,17.166550,8407200
2005-05-19,17.236947,17.256656,17.129955,17.253839,5630600
2005-05-20,17.279179,17.312967,17.158109,17.267918,7065400
2005-05-23,17.287626,17.400249,17.256655,17.287626,6383600
2005-05-24,17.217238,17.315783,17.101800,17.183451,6047600
2005-05-25,17.118699,17.158117,17.034232,17.144039,4333400
2005-05-26,17.172185,17.191894,17.101795,17.158106,4074200
2005-05-27,17.132774,17.152483,17.090541,17.115881,5001400
2005-05-31,17.096164,17.118688,17.008881,17.008881,7182800
2005-06-01,17.048301,17.346752,17.034223,17.315781,9600200
2005-06-02,17.377721,17.380536,17.301700,17.324224,7398200
2005-06-03,17.338311,17.346757,17.220056,17.273552,6123000
2005-06-06,17.251017,17.321407,17.208783,17.298882,4051600
2005-06-07,17.369281,17.484719,17.270736,17.279182,5839800
2005-06-08,17.366461,17.408695,17.273547,17.315781,6303000
2005-06-09,17.315782,17.352385,17.253839,17.267918,5360200
2005-06-10,17.301701,17.518500,17.152475,17.262283,4914000
2005-06-13,17.225683,17.315781,17.129953,17.203157,4074200
2005-06-14,17.175005,17.256657,17.144034,17.217239,5180000
2005-06-15,17.234134,17.276368,17.191901,17.273552,5105600
2005-06-16,17.265104,17.312969,17.203161,17.301706,4433200
2005-06-17,17.467825,17.467825,17.293258,17.341124,9063600
2005-06-20,17.315783,17.422775,17.248209,17.360832,5869400
2005-06-21,17.360830,17.383355,17.265100,17.312965,4980600
2005-06-22,17.400251,17.476271,17.374910,17.374910,6314600
2005-06-23,17.366455,17.383348,17.177811,17.177811,6583200
2005-06-24,17.127142,17.175006,16.893449,17.096170,8934600
2005-06-27,17.082085,17.172184,17.045483,17.062376,5039000
2005-06-28,17.107427,17.312965,17.056748,17.270731,5376800
2005-06-29,17.431211,17.490338,17.366453,17.439657,9936400
2005-06-30,17.456560,17.498794,17.273547,17.338306,12656800
2005-07-01,17.400249,17.434036,17.183450,17.251024,6923400
2005-07-05,17.222868,17.315783,17.180635,17.231316,5957800
2005-07-06,17.197533,17.242583,17.121513,17.129959,7746600
2005-07-07,17.090533,17.107426,16.963832,17.073639,10395800
2005-07-08,17.070828,17.279180,17.070828,17.251024,8564600
2005-07-11,17.279176,17.400246,17.242575,17.380537,7286600
2005-07-12,17.372091,17.419955,17.265099,17.329857,7835400
2005-07-13,17.329857,17.448111,17.312964,17.380537,5686800
2005-07-14,17.428399,17.591701,17.380533,17.588886,9578600
2005-07-15,17.625498,17.701519,17.518507,17.701519,7989400
2005-07-18,17.693062,17.693062,17.442477,17.453739,7942600
2005-07-19,17.512865,17.541021,17.355193,17.408689,10659200
2005-07-20,17.380542,17.588895,17.338309,17.515690,7015600
2005-07-21,17.453747,17.476271,17.284812,17.394619,7499200
2005-07-22,17.349565,17.414323,17.208786,17.386168,7391200
2005-07-25,17.358017,17.479087,17.352386,17.411512,6154000
2005-07-26,17.450931,17.541029,17.369279,17.456562,6649800
2005-07-27,17.459378,17.476272,17.343940,17.400251,5821400
2005-07-28,17.414317,17.507231,17.391793,17.439657,5843200
2005-07-29,17.414325,17.462190,17.256653,17.270731,7598000
2005-08-01,17.301701,17.383353,17.287624,17.327042,4878200
2005-08-02,17.327038,17.431213,17.301697,17.377718,5580400
2005-08-03,17.377725,17.417478,17.306737,17.391922,5798000
2005-08-04,17.391918,17.391918,17.255622,17.309572,6358400
2005-08-05,17.269818,17.272658,17.090929,17.142040,7680200
2005-08-08,17.144883,17.190315,17.036982,17.139204,4739600
2005-08-09,17.170444,17.201678,17.116492,17.161924,7410400
2005-08-10,17.173282,17.309578,17.062542,17.125011,8688600
2005-08-11,17.125001,17.201668,17.102285,17.167593,6420800
2005-08-12,17.130682,17.164756,17.036978,17.085249,4704200
2005-08-15,17.085252,17.278338,17.051179,17.247105,6040200
2005-08-16,17.264141,17.298215,17.025623,17.025623,6524000
2005-08-17,17.025624,17.102291,16.977353,17.039822,6829800
2005-08-18,17.042666,17.161924,17.017110,17.133530,5449800
2005-08-19,17.215876,17.284023,17.176123,17.215876,5422400
2005-08-22,17.269817,17.386237,17.178953,17.227224,6036200
2005-08-23,17.207352,17.221550,17.022785,17.051180,8539400
2005-08-24,17.036976,17.065371,16.889322,16.889322,10031200
2005-08-25,16.895016,16.946127,16.832546,16.914892,5754400
2005-08-26,16.914886,17.022787,16.690565,16.693405,10717000
2005-08-29,16.594026,16.841064,16.525879,16.832544,9488200
2005-08-30,16.832540,16.832540,16.656491,16.693405,9986200
2005-08-31,16.755870,16.934758,16.647969,16.929079,9824800
2005-09-01,16.929079,17.102289,16.761549,16.960314,11171000
2005-09-02,17.036988,17.039827,16.835384,16.835384,5735200
2005-09-06,16.931925,17.107974,16.900691,17.105135,5899800
2005-09-07,17.105134,17.105134,16.994393,17.056862,5596000
2005-09-08,16.838206,16.997218,16.824009,16.980181,8651200
2005-09-09,16.980197,17.034148,16.963161,16.985876,13154600
2005-09-12,17.008576,17.019933,16.894996,16.980181,8940400
2005-09-13,16.951798,16.994390,16.838218,16.923403,10214000
2005-09-14,16.923401,16.977353,16.801303,16.806982,10502400
2005-09-15,16.639458,16.704767,16.582669,16.642298,15864800
2005-09-16,16.755876,17.031308,16.747358,17.028469,20939000
2005-09-19,16.980193,16.983033,16.875132,16.923403,7762200
2005-09-20,16.931924,17.031306,16.789950,16.818344,11905000
2005-09-21,16.707597,16.781424,16.582660,16.585499,14770400
2005-09-22,16.497473,16.735990,16.491795,16.696238,12277000
2005-09-23,16.699084,16.815504,16.659331,16.744516,6879000
2005-09-26,16.801298,16.838212,16.616732,16.647966,7148800
2005-09-27,16.667855,16.716126,16.616744,16.633781,10178600
2005-09-28,16.639452,16.721798,16.503157,16.503157,9702000
2005-09-29,16.497477,16.789946,16.469082,16.755871,10643600
2005-09-30,16.701923,16.707602,16.585504,16.630936,8148000
2005-10-03,16.611062,16.662173,16.511680,16.596865,7618000
2005-10-04,16.599704,16.724643,16.395261,16.406618,9730600
2005-10-05,16.406620,16.540077,16.389584,16.417978,9008800
2005-10-06,16.383901,16.628098,16.369704,16.540073,9648200
2005-10-07,16.713281,16.770072,16.557109,16.630936,7177000
2005-10-10,16.616738,16.628096,16.420813,16.426491,10048000
2005-10-11,16.440694,16.531558,16.400940,16.432175,9535400
2005-10-12,16.426492,16.574146,16.361183,16.435011,9155000
2005-10-13,16.378226,16.682052,16.372547,16.622423,8234600
2005-10-14,16.704772,16.815512,16.650821,16.747364,7975400
2005-10-17,16.781424,16.855251,16.670683,16.792782,7193200
2005-10-18,16.792778,16.858086,16.696235,16.724630,10685200
2005-10-19,16.625253,16.988709,16.611056,16.951796,9381600
2005-10-20,16.951801,16.977356,16.713283,16.787109,12349200
2005-10-21,16.923405,17.002912,16.727480,16.798468,15356400
2005-10-24,16.923400,17.031301,16.895006,17.031301,9054600
2005-10-25,16.954639,17.036984,16.926244,17.000071,7473800
2005-10-26,16.957475,17.028462,16.929079,16.960314,7888200
2005-10-27,16.937606,17.054025,16.920568,16.920568,9985600
2005-10-28,16.948960,17.224392,16.937603,17.224392,10868000
2005-10-31,17.221558,17.224397,17.039829,17.093781,13614800
2005-11-01,17.042663,17.088094,16.948959,17.005749,11941200
2005-11-02,17.014343,17.211984,17.005749,17.080223,8252000
2005-11-03,17.057311,17.174750,16.977109,17.042990,10389800
2005-11-04,17.114605,17.126063,17.031538,17.106012,8273000
2005-11-07,17.189075,17.300786,17.160431,17.269278,6431000
2005-11-08,17.183341,17.243492,17.143239,17.232035,6620800
2005-11-09,17.223437,17.383841,17.209116,17.309368,6741000
2005-11-10,17.312234,17.641637,17.306505,17.601536,10906600
2005-11-11,17.630174,17.810629,17.544243,17.802036,12150800
2005-11-14,17.782000,17.896574,17.744762,17.870794,10287200
2005-11-15,17.882247,17.896569,17.529930,17.618725,10838600
2005-11-16,17.618717,17.730428,17.418212,17.469770,9411800
2005-11-17,17.458326,17.882252,17.458326,17.870794,9780400
2005-11-18,17.873650,17.968174,17.733296,17.905157,12561600
2005-11-21,17.867927,18.117127,17.850740,18.105669,11281200
2005-11-22,18.002553,18.300448,18.002553,18.283262,11893000
2005-11-23,18.231703,18.532460,18.203058,18.406429,9218600
2005-11-25,18.406429,18.429342,18.337683,18.429342,2334400
2005-11-28,18.429346,18.486634,18.268942,18.268942,10322600
2005-11-29,18.374921,18.415022,18.277532,18.286125,9595800
2005-11-30,18.294710,18.303304,17.930935,18.002544,12234400
2005-12-01,18.160091,18.188734,17.999686,18.025465,7817800
2005-12-02,18.045512,18.074155,17.930936,17.988224,5053600
2005-12-05,17.988224,18.088477,17.873650,18.079884,5347400
2005-12-06,18.223113,18.257486,18.005421,18.028336,9467800
2005-12-07,18.016867,18.045511,17.770532,17.902292,7394800
2005-12-08,17.928076,18.034058,17.744757,17.816366,8688000
2005-12-09,17.853602,18.051243,17.793449,17.933804,6037600
2005-12-12,17.933805,17.985364,17.787722,17.859331,6328200
2005-12-13,17.824955,18.220237,17.816362,18.102798,7883800
2005-12-14,18.171544,18.354865,18.151494,18.337677,9934400
2005-12-15,18.334816,18.369187,18.220241,18.248884,7543200
2005-12-16,18.357731,18.469443,18.248886,18.260344,12464800
2005-12-19,18.260340,18.392101,18.197324,18.231697,7165600
2005-12-20,18.174404,18.217369,18.117117,18.162947,5788000
2005-12-21,18.288989,18.389242,18.162957,18.240295,8066200
2005-12-22,18.254614,18.326223,18.162955,18.326223,5297400
2005-12-23,18.366326,18.374919,18.294716,18.340546,3630400
2005-12-27,18.343410,18.423612,18.177276,18.217377,4331800
2005-12-28,18.220235,18.263200,18.079880,18.088474,5146000
2005-12-29,18.094209,18.177276,18.045516,18.062702,4514600
2005-12-30,17.996819,18.065563,17.882243,17.996819,5242800
2006-01-03,18.102802,18.317630,17.870788,18.274664,11016400
2006-01-04,18.217377,18.228835,17.968178,18.062702,10870000
2006-01-05,18.045518,18.077026,17.936672,18.042654,10158000
2006-01-06,18.091344,18.203055,17.979634,18.148632,8403800
2006-01-09,18.145775,18.231707,18.077031,18.145775,5619600
2006-01-10,18.074159,18.151497,18.014008,18.131447,7157800
2006-01-11,18.131443,18.271797,18.088478,18.225967,8047000
2006-01-12,18.162955,18.211650,18.005415,18.014008,10763600
2006-01-13,18.074161,18.214515,18.051246,18.117126,6365600
2006-01-17,18.022600,18.088482,17.873654,17.930941,10690400
2006-01-18,17.933805,18.243156,17.930940,18.217377,10780800
2006-01-19,18.220240,18.228833,17.913753,17.933804,8713400
2006-01-20,17.936680,17.936680,17.615871,17.615871,18166000
2006-01-23,17.618723,17.741891,17.615859,17.647367,7047400
2006-01-24,17.658826,17.744757,17.564302,17.641640,8232000
2006-01-25,17.664556,17.796318,17.604405,17.759081,8580800
2006-01-26,17.896569,18.045516,17.865060,17.922348,8598000
2006-01-27,17.922350,18.102805,17.779132,17.959587,7640000
2006-01-30,17.959586,17.968178,17.845011,17.893705,5756400
2006-01-31,17.830684,17.928072,17.819226,17.862192,11763400
2006-02-01,17.879525,17.899744,17.763987,17.862194,8224200
2006-02-02,17.807313,17.847751,17.677333,17.706217,9830600
2006-02-03,17.576239,17.746658,17.509805,17.631121,7532400
2006-02-06,17.576243,17.677339,17.524251,17.634012,7290000
2006-02-07,17.619566,17.723550,17.590682,17.657116,8095000
2006-02-08,17.619559,17.749539,17.558901,17.714878,5924400
2006-02-09,17.680222,17.801537,17.622453,17.685999,7052600
2006-02-10,17.697560,17.891086,17.660010,17.830429,6501200
2006-02-13,17.778431,17.836200,17.677335,17.807316,5401400
2006-02-14,17.879527,18.246359,17.844865,18.096161,8263600
2006-02-15,18.096159,18.338789,18.090382,18.338789,10144800
2006-02-16,18.298358,18.486108,18.200151,18.471666,8282600
2006-02-17,18.474541,18.497649,18.307011,18.373446,6829000
2006-02-21,18.428334,18.439888,18.223254,18.344568,6424800
2006-02-22,18.428336,18.659412,18.402340,18.598755,8381400
2006-02-23,18.572760,18.717183,18.405229,18.598755,8148800
2006-02-24,18.670963,18.725844,18.578532,18.650743,7995600
2006-02-27,18.647857,18.757620,18.587200,18.627638,6128800
2006-02-28,18.584305,18.642076,18.419665,18.543867,9832000
2006-03-01,18.616070,18.711389,18.575632,18.685394,8469600
2006-03-02,18.607408,18.610297,18.356113,18.439878,7875800
2006-03-03,18.399444,18.543865,18.318566,18.434105,6991800
2006-03-06,18.396554,18.454323,18.315678,18.405220,7712200
2006-03-07,18.405228,18.665189,18.327240,18.627638,10496800
2006-03-08,18.572753,18.725841,18.448549,18.604527,6629200
2006-03-09,18.587199,18.647857,18.428335,18.460108,5337200
2006-03-10,18.457222,18.604534,18.399452,18.558317,6338800
2006-03-13,18.561206,18.665190,18.532322,18.590090,5802800
2006-03-14,18.555429,18.774953,18.538099,18.751844,9241000
2006-03-15,18.702740,18.772062,18.613198,18.746067,5446200
2006-03-16,18.774948,18.881822,18.688293,18.757618,6533800
2006-03-17,18.858704,18.867369,18.760496,18.792269,9776600
2006-03-20,18.798059,18.852938,18.717183,18.812500,3767200
2006-03-21,18.832718,18.896265,18.685409,18.740288,8162200
2006-03-22,18.486102,18.922259,18.486102,18.881821,7438200
2006-03-23,18.832705,18.841372,18.668063,18.766272,5277400
2006-03-24,18.725849,18.800947,18.673857,18.769176,5661600
2006-03-27,18.673850,18.786500,18.673850,18.754726,4370400
2006-03-28,18.737401,18.737401,18.442778,18.503435,12745600
2006-03-29,18.480322,18.653630,18.399446,18.543867,8398400
2006-03-30,18.543868,18.630523,18.454327,18.523649,7766800
2006-03-31,18.566974,18.607412,18.419663,18.448547,7081600
2006-04-03,18.480322,18.688290,18.462991,18.581419,8248200
2006-04-04,18.581423,18.850050,18.561204,18.737400,7475600
2006-04-05,18.780727,18.896265,18.737402,18.812500,6983200
2006-04-06,18.734510,18.774948,18.639190,18.757618,4383200
2006-04-07,18.757615,18.847157,18.503430,18.592974,6489800
2006-04-10,18.642076,18.766279,18.578529,18.604527,4753800
2006-04-11,18.653630,18.702733,18.549645,18.595860,6077400
2006-04-12,18.630528,18.676744,18.523654,18.598755,4091200
2006-04-13,18.598749,18.708509,18.538091,18.673849,5030000
2006-04-17,18.630527,18.746065,18.529431,18.618973,6532600
2006-04-18,18.546751,18.826931,18.428324,18.792269,10444200
2006-04-19,18.792280,18.792280,18.653635,18.696962,6701600
2006-04-20,18.688288,18.899146,18.662293,18.783607,7559400
2006-04-21,18.902035,18.904922,18.688288,18.783607,7587400
2006-04-24,18.783608,18.867374,18.694067,18.803827,5664800
2006-04-25,18.774952,18.847164,18.711406,18.800947,9045600
2006-04-26,18.818276,18.954034,18.818276,18.948256,8547800
2006-04-27,18.890478,19.517272,18.867370,19.401733,14258200
2006-04-28,19.355529,19.962104,19.309313,19.840790,17036400
2006-05-01,19.887003,19.887003,19.601047,19.641485,13684800
2006-05-02,19.661701,19.733912,19.546162,19.609709,9664400
2006-05-03,19.609714,19.665017,19.490372,19.603891,6397400
2006-05-04,19.676652,19.871672,19.676652,19.845476,7822400
2006-05-05,19.932805,20.072519,19.903696,20.046324,7290600
2006-05-08,20.002658,20.154016,19.851298,19.906603,6428800
2006-05-09,19.877498,19.973553,19.851300,19.880409,5520200
2006-05-10,19.906606,19.970642,19.691211,19.778532,7143800
2006-05-11,19.740694,19.775624,19.510744,19.641729,7774600
2006-05-12,19.647546,19.758154,19.522384,19.548582,7781200
2006-05-15,19.560224,19.793085,19.551492,19.694120,9386200
2006-05-16,19.720308,19.828007,19.635897,19.769791,5938800
2006-05-17,19.662101,19.763977,19.254596,19.347740,10174000
2006-05-18,19.274979,19.356480,19.114887,19.114887,10211200
2006-05-19,19.126522,19.339007,19.126522,19.228397,11928600
2006-05-22,19.228399,19.574778,19.210935,19.397223,11066200
2006-05-23,19.507825,19.699935,19.426324,19.469986,9861800
2006-05-24,19.414685,19.670832,19.376846,19.502008,13867600
2006-05-25,19.644629,19.644629,19.356465,19.528198,7225400
2006-05-26,19.638818,19.647550,19.458351,19.574781,7154800
2006-05-30,19.446696,19.493269,19.263320,19.283695,8249600
2006-05-31,19.368109,19.426323,19.146891,19.318626,14804400
2006-06-01,19.356473,19.705761,19.318634,19.694120,11070400
2006-06-02,19.761063,19.883314,19.699938,19.833832,11030600
2006-06-05,19.761065,19.862941,19.589332,19.600973,7216600
2006-06-06,19.627181,19.708681,19.405963,19.691217,10172200
2006-06-07,19.702849,20.098710,19.697026,19.860029,12921000
2006-06-08,19.734868,20.180212,19.647545,20.162746,16089400
2006-06-09,20.235525,20.285009,19.996844,20.119097,9589400
2006-06-12,20.119097,20.290830,19.973559,20.145292,8986000
2006-06-13,20.052145,20.055056,19.429245,19.522388,18554200
2006-06-14,19.504921,19.551492,19.021736,19.365204,15514400
2006-06-15,19.382670,19.528208,19.210937,19.478725,13550800
2006-06-16,19.376849,19.478724,19.269150,19.400135,11961200
2006-06-19,19.458352,19.531121,19.274976,19.344833,7249400
2006-06-20,19.260416,19.472902,19.260416,19.350651,7897200
2006-06-21,19.350652,19.571867,19.344829,19.397223,7764800
2006-06-22,19.289532,19.371034,19.225497,19.330284,6289000
2006-06-23,19.184746,19.187655,18.989724,19.068316,10360000
2006-06-26,19.094502,19.205112,18.998447,19.167271,7111000
2006-06-27,19.152716,19.152716,18.960606,18.960606,8223400
2006-06-28,19.193463,19.362284,19.138158,19.283695,11937000
2006-06-29,19.283704,19.729048,18.995541,19.618441,9938800
2006-06-30,19.624271,19.769809,19.519484,19.525307,7969400
2006-07-03,19.534026,19.641724,19.475812,19.630081,2963400
2006-07-05,19.589338,19.592247,19.417603,19.467085,6975600
2006-07-06,19.484549,19.653371,19.475818,19.647551,6018600
2006-07-07,19.659195,19.941538,19.589338,19.825108,9838000
2006-07-10,19.894960,19.944442,19.842566,19.889139,4874200
2006-07-11,19.851305,20.046327,19.726143,20.040504,7012400
2006-07-12,20.040502,20.124914,19.801821,19.816376,10465800
2006-07-13,19.737779,19.944442,19.729047,19.790173,12563400
2006-07-14,19.790176,19.833838,19.647550,19.726139,7958800
2006-07-17,19.729042,20.069599,19.720310,19.953171,9472000
2006-07-18,19.807640,20.046321,19.749424,19.865854,11284600
2006-07-19,20.025944,20.637200,19.967727,20.616825,23302400
2006-07-20,20.657570,20.954466,20.605177,20.605177,15528000
2006-07-21,20.520771,20.855507,20.520771,20.721613,18395400
2006-07-24,20.733257,20.814757,20.576076,20.628469,9715800
2006-07-25,20.526586,20.637196,20.430533,20.578979,9140800
2006-07-26,20.514955,20.689599,20.477114,20.625563,9591400
2006-07-27,20.683774,20.739079,20.357772,20.395611,9789400
2006-07-28,20.578985,21.126207,20.578985,21.076725,14244400
2006-07-31,20.945743,21.120388,20.910813,21.056351,11020400
2006-08-01,21.047615,21.155313,20.887525,21.114563,7252400
2006-08-02,21.152703,21.316973,21.023633,21.237772,9775200
2006-08-03,21.237763,21.372699,21.123361,21.311098,9832400
2006-08-04,21.466578,21.642581,21.360975,21.413776,10971600
2006-08-07,21.413776,21.416710,21.167372,21.231905,7244000
2006-08-08,21.234836,21.319904,20.871095,20.964964,12422400
2006-08-09,21.008969,21.079370,20.387088,20.454557,15922800
2006-08-10,20.387080,20.390014,20.123074,20.372412,13050800
2006-08-11,20.275619,20.439888,20.225749,20.413486,6047800
2006-08-14,20.850562,20.879896,20.240416,20.328419,6539400
2006-08-15,21.026563,21.032429,20.504419,20.516153,8049500
2006-08-16,20.709755,20.756691,20.580687,20.668688,7873400
2006-08-17,20.733223,20.762556,20.568954,20.680422,5339700
2006-08-18,20.733227,20.985499,20.533756,20.615891,6990000
2006-08-21,20.604151,20.703887,20.539616,20.656952,6733700
2006-08-22,20.721496,20.721496,20.457490,20.463358,8289800
2006-08-23,20.469216,20.516151,20.287347,20.480949,7197400
2006-08-24,20.533750,20.674554,20.516150,20.656952,7025200
2006-08-25,20.592420,20.656955,20.410551,20.475086,4387700
2006-08-28,20.533758,20.662828,20.469223,20.604158,4224000
2006-08-29,20.610021,20.610021,20.310813,20.445749,6449700
2006-08-30,20.404690,20.533760,20.351889,20.351889,5045600
2006-08-31,20.469214,20.475082,20.351878,20.387079,11055800
2006-09-01,20.463357,20.475091,20.322554,20.428156,6150900
2006-09-05,20.451621,20.557223,20.387086,20.434021,6165500
2006-09-06,20.434020,20.674559,20.357752,20.557222,8283200
2006-09-07,20.557224,20.615891,20.281484,20.340151,6723800
2006-09-08,20.592415,20.592415,20.246275,20.522015,6596700
2006-09-11,20.592422,20.598290,20.070278,20.557222,5197800
2006-09-12,20.645218,20.797756,20.557218,20.733221,8839300
2006-09-13,20.727357,20.850559,20.615886,20.815357,6318700
2006-09-14,20.815355,20.938557,20.686285,20.909224,7104900
2006-09-15,21.073494,21.132164,20.956160,21.044161,12860300
2006-09-18,20.985503,21.108705,20.797766,20.991369,7045800
2006-09-19,21.032432,21.108701,20.903364,21.102835,4750900
2006-09-20,21.120433,21.355106,21.120433,21.296436,7031200
2006-09-21,21.360971,21.407907,21.050032,21.179100,6262000
2006-09-22,21.284700,21.284700,21.067630,21.126297,3550400
2006-09-25,21.290570,21.407906,21.149766,21.337503,6484300
2006-09-26,21.402036,21.402036,21.267101,21.390303,6973500
2006-09-27,21.384430,21.390296,21.173225,21.226027,5727500
2006-09-28,21.267103,21.331638,21.161501,21.190834,5447100
2006-09-29,21.208427,21.378562,21.179091,21.226027,5432100
2006-10-02,21.308167,21.308167,21.020695,21.149763,4577500
2006-10-03,21.149760,21.448967,21.149760,21.407900,6904600
2006-10-04,21.284705,21.548711,21.226038,21.490044,7836700
2006-10-05,21.472437,21.542840,21.355103,21.419636,4114600
2006-10-06,21.337508,21.384443,21.237773,21.319908,4834400
2006-10-09,21.272969,21.366837,21.226036,21.360971,2392000
2006-10-10,21.360969,21.454838,21.255367,21.284700,4296700
2006-10-11,21.284701,21.343371,21.132166,21.249502,4630000
2006-10-12,21.337504,21.378571,21.202568,21.296436,5446500
2006-10-13,21.255366,21.390302,21.214299,21.314035,6359300
2006-10-16,21.314041,21.325772,21.114570,21.237772,7133700
2006-10-17,21.237771,21.519377,20.973765,21.402040,8750900
2006-10-18,21.548703,21.677773,21.407901,21.595638,6670400
2006-10-19,21.507642,21.601510,21.296437,21.554577,7139800
2006-10-20,21.654313,21.701248,21.407909,21.490044,11002100
2006-10-23,21.390296,21.560434,21.314030,21.513498,4544800
2006-10-24,21.413769,21.472436,21.249500,21.384436,7779500
2006-10-25,21.384445,21.437246,21.138038,21.349243,7103600
2006-10-26,21.314037,21.402037,21.167367,21.372704,6275300
2006-10-27,21.372702,21.484170,21.267099,21.308167,8199100
2006-10-30,21.396177,21.431376,21.243639,21.319908,5850600
2006-10-31,21.407904,21.548705,21.226032,21.290567,11531700
2006-11-01,21.462035,21.462035,21.148678,21.278751,7279600
2006-11-02,21.207785,21.343770,21.125011,21.207785,6738800
2006-11-03,21.266920,21.420642,21.243270,21.284657,6358200
2006-11-06,21.343787,21.521161,21.296489,21.485685,7950800
2006-11-07,21.491599,21.621673,21.402914,21.515249,6877000
2006-11-08,21.544805,21.828601,21.491594,21.757652,6838200
2006-11-09,21.816779,21.816779,21.633493,21.716267,5831000
2006-11-10,21.722171,21.769469,21.568447,21.680782,5366300
2006-11-13,21.704433,21.846332,21.515236,21.574362,6552100
2006-11-14,21.598019,21.828603,21.396998,21.704443,5911000
2006-11-15,21.657142,21.710354,21.355608,21.420645,9744200
2006-11-16,21.645319,21.657144,21.491595,21.580282,7102800
2006-11-17,21.462029,21.580277,21.438378,21.444292,11406500
2006-11-20,21.444284,21.467935,21.308299,21.379248,5877200
2006-11-21,21.379263,21.402913,21.148679,21.154591,7766300
2006-11-22,21.083644,21.178242,20.935834,20.994957,9128900
2006-11-24,20.894437,21.125021,20.858962,21.030422,3660000
2006-11-27,20.965398,21.030434,20.782114,20.811676,10366100
2006-11-28,20.758451,20.782102,20.634292,20.758451,9385700
2006-11-29,20.788023,20.989045,20.782112,20.965395,5941700
2006-11-30,20.965383,20.977208,20.687502,20.835312,6475300
2006-12-01,20.947642,20.983117,20.699320,20.829393,8862600
2006-12-04,20.829404,21.059987,20.811667,20.983128,8880800
2006-12-05,20.989029,21.030416,20.876695,21.000854,8803800
2006-12-06,21.059978,21.095453,20.994941,21.000854,5104800
2006-12-07,21.077726,21.166411,20.935827,20.983128,5952900
2006-12-08,20.929914,21.036338,20.817577,20.947651,8873800
2006-12-11,20.947654,21.054077,20.888531,20.924004,7216500
2006-12-12,20.882613,20.971300,20.805751,20.894438,12805500
2006-12-13,20.900349,20.983124,20.864876,20.900349,10873500
2006-12-14,20.941735,21.095459,20.870787,21.030422,14117700
2006-12-15,21.048159,21.148671,20.947649,21.077723,19638400
2006-12-18,21.130935,21.172321,21.006772,21.142757,10313500
2006-12-19,21.113196,21.326043,21.107285,21.219620,10087800
2006-12-20,21.237359,21.314221,21.195972,21.213711,6413300
2006-12-21,21.219620,21.320132,21.201883,21.219620,5323400
2006-12-22,21.166410,21.284658,21.000863,21.190060,4564000
2006-12-26,21.142758,21.266920,21.119110,21.249182,5115000
2006-12-27,21.272828,21.379252,21.255092,21.314215,5199700
2006-12-28,21.314216,21.337866,21.184145,21.237354,4328300
2006-12-29,21.178241,21.231452,20.977219,21.024519,5992100
2007-01-03,21.243274,21.290572,20.912179,21.130939,12447600
2007-01-04,21.130928,21.296474,21.012679,21.166401,11060500
2007-01-05,21.160502,21.184152,20.994953,21.048164,10329200
2007-01-08,21.054083,21.219630,20.924009,20.989046,11650400
2007-01-09,21.036333,21.195965,20.977207,21.042244,10159800
2007-01-10,20.941736,21.077723,20.912174,20.977211,9801800
2007-01-11,20.959470,21.071805,20.959470,21.012682,7089700
2007-01-12,21.012696,21.119119,20.929922,20.994957,10251800
2007-01-16,21.172325,21.580280,21.136850,21.420645,15186000
2007-01-17,21.467942,21.568452,21.314218,21.444292,11854100
2007-01-18,21.444291,21.515239,21.367429,21.402905,8292400
2007-01-19,21.456124,21.479774,21.207801,21.308313,10649900
2007-01-22,21.261016,21.320142,21.036346,21.136856,13683900
2007-01-23,21.166404,21.314214,21.024507,21.290564,8460900
2007-01-24,21.266921,21.657140,21.255096,21.615753,10893500
2007-01-25,21.556625,21.663048,21.296480,21.331955,8555000
2007-01-26,21.361511,21.420634,21.184139,21.302385,10103800
2007-01-29,21.231446,21.355606,21.195971,21.255096,13256200
2007-01-30,21.337867,21.349692,21.172321,21.225533,9689100
2007-01-31,21.142111,21.451973,21.136153,21.404301,8536500
2007-02-01,21.410254,21.505596,21.225528,21.374500,7875600
2007-02-02,21.374507,21.481767,21.314919,21.368549,6222200
2007-02-05,21.326835,21.362586,21.249368,21.267244,15495800
2007-02-06,21.326834,21.463888,21.302998,21.392382,9657100
2007-02-07,21.398337,21.475803,21.308953,21.380461,9411400
2007-02-08,21.338763,21.338763,21.070613,21.189791,11147500
2007-02-09,21.106360,21.362592,20.993142,21.070608,12378900
2007-02-12,21.142108,21.231492,21.076560,21.213614,8153500
2007-02-13,21.213610,21.469842,21.195734,21.374500,10409500
2007-02-14,21.380466,21.571150,21.344712,21.457930,10671900
2007-02-15,21.583068,21.666492,21.440054,21.457930,6591900
2007-02-16,21.612858,21.618816,21.183818,21.308954,11446000
2007-02-20,21.314918,21.434096,21.213616,21.416218,7986600
2007-02-21,21.416213,21.618815,21.344707,21.559227,12414900
2007-02-22,21.529433,21.589021,21.416213,21.577103,10513900
2007-02-23,21.553275,21.577111,21.177867,21.231497,15818200
2007-02-26,21.302992,21.344704,21.106348,21.255320,11862000
2007-02-27,20.945464,21.154024,20.141014,20.492588,15744000
2007-02-28,20.558140,20.868003,20.379375,20.677319,19013100
2007-03-01,20.558142,20.802456,20.385334,20.653484,18585400
2007-03-02,20.617721,20.856077,20.498545,20.522379,14720900
2007-03-05,20.260195,20.647523,20.248277,20.278070,15652700
2007-03-06,20.528348,20.707114,20.379376,20.653484,14467900
2007-03-07,20.570050,20.695186,20.432997,20.450872,10505800
2007-03-08,20.629648,20.724990,20.528348,20.564100,9772400
2007-03-09,20.724990,20.760744,20.546224,20.558142,10890000
2007-03-12,20.385328,20.581972,20.272110,20.576012,8307700
2007-03-13,20.415120,20.522380,19.914574,19.944370,21867900
2007-03-14,19.950332,20.188688,19.670264,20.051634,26108800
2007-03-15,20.033756,20.587932,19.974168,20.319782,20471200
2007-03-16,20.337662,20.587934,20.206566,20.230402,21731600
2007-03-19,20.313824,20.522384,20.313824,20.409166,12432400
2007-03-20,20.409170,20.659441,20.379376,20.623690,10092400
2007-03-21,20.653481,21.189781,20.456839,21.142109,16124700
2007-03-22,20.885878,21.195740,20.629646,20.850126,13373700
2007-03-23,20.867997,20.957379,20.742861,20.832243,9270700
2007-03-26,20.760745,20.856087,20.510471,20.665403,11924600
2007-03-27,20.558138,20.826288,20.492590,20.498550,14390400
2007-03-28,20.450878,20.522384,20.307867,20.343618,18239700
2007-03-29,20.558138,20.665398,20.397248,20.581974,10156800
2007-03-30,20.558144,20.724992,20.355542,20.516432,12506300
2007-04-02,20.510475,20.528353,20.218491,20.266161,19070700
2007-04-03,20.319786,20.587936,20.319786,20.564100,11247100
2007-04-04,20.587929,20.587929,20.438957,20.462793,8783800
2007-04-05,20.379367,20.546215,20.373407,20.522379,8935200
2007-04-09,20.504505,20.516423,20.391287,20.480669,10389300
2007-04-10,20.492587,20.546217,20.432999,20.504505,10856200
2007-04-11,20.516426,20.581974,20.361494,20.361494,16288300
2007-04-12,20.361491,20.516423,20.278067,20.462793,13058300
2007-04-13,20.349573,20.701147,20.319777,20.635599,11352900
2007-04-16,20.736906,21.159986,20.677319,21.159986,16418600
2007-04-17,21.267244,21.362586,20.909712,21.005054,15190100
2007-04-18,21.094442,21.499646,20.945470,21.422180,17211900
2007-04-19,21.362579,21.583059,21.213607,21.535387,11740400
2007-04-20,21.702241,21.743956,21.463887,21.630735,20674700
2007-04-23,21.672444,21.702238,21.457924,21.463884,9400400
2007-04-24,21.422179,21.451973,21.207659,21.320877,11667100
2007-04-25,21.350670,21.648615,21.350670,21.618818,17424400
2007-04-26,21.177865,21.666493,21.177865,21.493685,15068300
2007-04-27,21.434096,21.499644,21.332794,21.416218,8692500
2007-04-30,21.541357,21.589027,21.368549,21.386425,19273800
2007-05-01,21.469841,21.541350,21.285118,21.475801,10277400
2007-05-02,21.475796,21.577892,21.403731,21.433758,8231300
2007-05-03,21.451789,21.607932,21.439778,21.523855,6225100
2007-05-04,21.595914,21.679992,21.469799,21.571892,8103300
2007-05-07,21.571896,21.722034,21.565891,21.661980,8388900
2007-05-08,21.541863,21.661974,21.457785,21.505831,9384100
2007-05-09,21.469797,21.752058,21.451781,21.685997,11187600
2007-05-10,21.637957,21.637957,21.259609,21.259609,11804500
2007-05-11,21.331675,21.499829,21.271618,21.331675,13532500
2007-05-14,21.385721,21.499826,21.169521,21.199549,12078800
2007-05-15,21.289634,21.523850,21.199550,21.265612,11736100
2007-05-16,21.421759,21.758070,21.277627,21.752066,13810700
2007-05-17,21.649964,21.800102,21.619937,21.764071,9456600
2007-05-18,21.824126,21.884181,21.788092,21.872169,11731400
2007-05-21,21.890189,21.914212,21.698012,21.806112,15405800
2007-05-22,21.776085,21.812119,21.601926,21.619942,12812300
2007-05-23,21.655976,21.734047,21.559888,21.673992,14520200
2007-05-24,21.655972,21.866165,21.613934,21.643961,14604100
2007-05-25,21.661975,21.704014,21.559882,21.698009,7717100
2007-05-29,21.710022,21.800104,21.637954,21.710022,9657300
2007-05-30,21.655979,21.770083,21.589918,21.758072,9801600
2007-05-31,21.728042,21.800108,21.613938,21.673992,10211900
2007-06-01,21.673983,21.902194,21.649960,21.860155,9860900
2007-06-04,21.860161,21.860161,21.704015,21.740049,7486000
2007-06-05,21.686006,21.716034,21.469807,21.565895,13274400
2007-06-06,21.523853,21.523853,21.319665,21.373714,11550300
2007-06-07,21.355695,21.457788,21.043407,21.055418,12456600
2007-06-08,21.049411,21.247594,21.043406,21.223572,10598900
2007-06-11,21.181536,21.433767,21.145502,21.307652,7012700
2007-06-12,21.205562,21.409750,21.109473,21.127489,12201500
2007-06-13,21.199550,21.607927,21.145500,21.583904,10914500
2007-06-14,21.289640,21.679998,21.265617,21.553883,7805400
2007-06-15,21.619939,21.902200,21.589912,21.601923,13530400
2007-06-18,21.698002,21.776072,21.559875,21.704006,8271400
2007-06-19,21.710016,21.884174,21.637947,21.848143,10029000
2007-06-20,21.890186,21.896190,21.421752,21.427759,11947500
2007-06-21,21.427761,21.487815,21.217568,21.397734,9491900
2007-06-22,21.301639,21.361693,21.025382,21.031389,18177800
2007-06-25,21.019381,21.265608,21.001365,21.067427,14861400
2007-06-26,21.205556,21.271615,21.025388,21.055418,11361000
2007-06-27,20.905275,21.241584,20.833207,21.217564,13528900
2007-06-28,21.217568,21.403738,21.043407,21.187538,9297300
2007-06-29,21.319661,21.710022,20.989357,21.121477,14624700
2007-07-02,21.271618,21.409748,21.199553,21.325668,6758900
2007-07-03,21.463793,21.559882,21.337675,21.427759,3654400
2007-07-05,21.361707,21.463803,21.085453,21.211569,7500800
2007-07-06,21.163514,21.259602,21.103457,21.217564,8711000
2007-07-09,21.259608,21.373713,21.067431,21.091452,10523600
2007-07-10,21.019386,21.019386,20.617016,20.683075,21159600
2007-07-11,20.659054,21.019386,20.623020,20.971340,16253500
2007-07-12,21.109468,21.307649,20.971338,21.283627,18310100
2007-07-13,21.223564,21.385714,21.193537,21.343676,9719500
2007-07-16,21.409752,21.625949,21.289640,21.289640,10034300
2007-07-17,21.499830,21.607930,21.259610,21.373714,15446500
2007-07-18,21.289643,21.313665,21.013388,21.253609,19774000
2007-07-19,21.343676,21.469791,21.121469,21.343676,14956400
2007-07-20,21.127491,21.415756,20.809198,20.851236,21416100
2007-07-23,20.989357,21.109468,20.851230,20.929300,15077800
2007-07-24,20.689089,20.833221,20.316746,20.376801,23414300
2007-07-25,20.653050,20.941316,20.508919,20.761150,22049700
2007-07-26,20.328750,20.641038,20.064507,20.208641,30408300
2007-07-27,20.232657,20.635029,20.058498,20.154587,26603700
2007-07-30,20.280702,20.851229,20.022464,20.785168,23790300
2007-07-31,20.851227,21.043404,20.226651,20.280701,21447300
2007-08-01,20.274697,20.755142,20.136569,20.707096,29218200
2007-08-02,20.232658,20.911285,20.232658,20.671062,19716100
2007-08-03,20.484894,20.713105,19.614090,19.704174,34723700
2007-08-06,19.704168,20.905276,19.704168,20.875246,36005500
2007-08-07,20.568973,21.199554,20.568973,20.953327,29253000
2007-08-08,20.983635,21.359316,20.777616,21.201773,27057900
2007-08-09,20.541293,21.335070,19.832344,20.698835,25370300
2007-08-10,20.304978,21.141173,20.298920,20.844265,24789400
2007-08-13,21.013925,21.092697,20.480699,20.541294,13300800
2007-08-14,20.565524,20.741247,20.323151,20.395863,18934300
2007-08-15,20.407979,21.019975,20.129249,20.341326,22875600
2007-08-16,20.038359,21.789519,19.935351,21.450195,44702200
2007-08-17,22.443929,23.019570,21.759219,22.565117,49846400
2007-08-20,22.552994,22.601468,22.025827,22.480280,29025800
2007-08-21,22.377281,22.886268,22.213677,22.643892,27153000
2007-08-22,22.668130,22.868091,22.044015,22.237915,25721000
2007-08-23,22.286392,22.419699,21.904653,22.086433,17197600
2007-08-24,22.086432,22.201559,21.910709,22.159143,16806800
2007-08-27,22.037947,22.165195,21.862226,21.892523,18149200
2007-08-28,21.631977,21.741046,21.286593,21.329008,19522200
2007-08-29,21.419898,21.880412,21.213879,21.801640,15912900
2007-08-30,21.692570,21.868293,21.510790,21.656216,14342300
2007-08-31,22.044013,22.286386,21.874349,22.140963,15133700
2007-09-04,22.104605,22.353040,21.953121,22.171259,12123600
2007-09-05,21.819811,22.031890,21.359299,21.747099,13896400
2007-09-06,21.722863,21.813754,21.310825,21.601677,15233800
2007-09-07,21.250236,21.571382,21.153286,21.329008,17034300
2007-09-10,21.413840,21.516848,21.032099,21.292652,13618400
2007-09-11,21.359302,21.941001,21.256294,21.886467,16563400
2007-09-12,21.789518,21.844052,21.595618,21.619856,13375900
2007-09-13,21.656208,21.819809,21.595613,21.698624,14613700
2007-09-14,21.547148,21.698632,21.438079,21.607740,12095900
2007-09-17,21.486552,21.686513,21.438079,21.607740,11573500
2007-09-18,21.492611,22.571180,21.486551,22.534822,20974500
2007-09-19,22.649955,23.019577,22.534825,22.601479,21376400
2007-09-20,22.486344,22.674183,21.965238,22.147018,17721400
2007-09-21,22.116724,22.365158,21.886467,21.959181,23788600
2007-09-24,21.959181,21.989477,21.734982,21.789516,15541500
2007-09-25,21.547151,21.965247,21.547151,21.856178,15990400
2007-09-26,21.934944,21.965240,21.601678,21.722864,14538500
2007-09-27,21.765277,21.928881,21.541081,21.825872,13663600
2007-09-28,21.728922,21.801634,21.486546,21.583496,15879300
2007-10-01,21.329005,22.256089,21.329005,22.207615,19206300
2007-10-02,22.292446,22.316684,21.953120,22.195496,14569000
2007-10-03,22.104605,22.492405,22.019774,22.419693,16787300
2007-10-04,22.419700,22.722669,22.419700,22.583303,12525700
2007-10-05,22.716606,22.892326,22.401518,22.704487,11630000
2007-10-08,22.692365,22.728720,22.274266,22.395454,9408300
2007-10-09,22.480288,22.565121,22.298507,22.492407,10259500
2007-10-10,22.486344,22.486344,21.983415,22.189434,13995900
2007-10-11,22.213677,22.419696,21.801639,22.007658,16334300
2007-10-12,22.086426,22.183376,21.801635,21.837992,13902700
2007-10-15,21.795578,21.953121,21.559262,21.783459,14955400
2007-10-16,21.250228,21.250228,20.729122,20.935141,34443800
2007-10-17,21.122983,21.171457,20.456451,20.765480,29190300
2007-10-18,20.432213,20.547341,20.177718,20.298906,28606400
2007-10-19,20.214083,20.450398,19.911114,19.911114,25084800
2007-10-22,19.832341,20.553406,19.789925,20.492813,23442600
2007-10-23,20.662480,20.704895,20.298918,20.456461,13762300
2007-10-24,20.304971,20.807900,19.917171,20.626120,31495500
2007-10-25,20.692776,20.704893,20.214085,20.486757,30605800
2007-10-26,20.898786,20.989675,20.420095,20.935141,18356600
2007-10-29,21.026035,21.074509,20.656413,20.680651,13636300
2007-10-30,20.607939,20.753365,20.510989,20.601881,12756900
2007-10-31,20.892734,20.916972,20.238322,20.607943,21564500
2007-11-01,20.105012,20.238319,19.414244,19.456659,32112000
2007-11-02,19.602086,19.826285,19.311237,19.577850,32732300
2007-11-05,19.390003,19.668734,19.111272,19.347588,28996500
2007-11-06,19.390009,19.995947,19.359713,19.965651,31844600
2007-11-07,19.996228,20.198088,18.809545,18.815662,49881300
2007-11-08,19.201030,19.372304,18.699442,19.256083,41754200
2007-11-09,19.041989,19.837190,18.748377,19.366186,33082100
2007-11-12,19.292786,20.357130,19.292786,19.788256,28380000
2007-11-13,20.179733,20.754723,19.861653,20.730255,22352300
2007-11-14,20.895418,20.974938,20.253141,20.338778,18661800
2007-11-15,19.959529,20.271491,19.372304,19.555811,34812300
2007-11-16,19.384539,19.482409,18.852366,19.048107,39530300
2007-11-19,18.968589,19.035875,18.246791,18.674976,40613800
2007-11-20,18.515935,18.950236,18.167271,18.607689,38990900
2007-11-21,18.418064,18.699442,18.246789,18.301842,41541600
2007-11-23,18.644384,19.048101,18.509812,18.864594,12297700
2007-11-26,18.901297,18.974701,18.008227,18.038811,27166400
2007-11-27,18.460892,18.460892,17.916486,18.246799,39726300
2007-11-28,18.405833,19.353956,18.344663,18.791199,54712600
2007-11-29,18.791199,18.834018,18.381365,18.681095,24391500
2007-11-30,19.678151,20.797550,19.103161,19.837193,51608600
2007-12-03,20.032924,20.032924,19.378413,19.476284,19735700
2007-12-04,19.396771,19.543579,19.072575,19.427357,22999900
2007-12-05,19.751552,19.898356,19.476289,19.818838,18992400
2007-12-06,19.537464,20.448886,19.286670,19.935064,25330600
2007-12-07,20.014583,20.167506,19.305019,19.396772,22086200
2007-12-10,19.427360,20.124690,19.427360,19.965649,19879600
2007-12-11,19.941181,19.941181,18.760615,18.821785,35948300
2007-12-12,19.182679,19.500758,18.246789,18.760611,41219400
2007-12-13,18.369132,18.742264,18.197858,18.693329,27845000
2007-12-14,18.583227,18.858489,18.259030,18.393602,21069200
2007-12-17,18.350784,18.889073,18.044938,18.393602,21773800
2007-12-18,18.534284,18.766728,18.136684,18.546518,20313700
2007-12-19,18.589334,19.139858,18.479229,18.730024,23568800
2007-12-20,18.907414,18.944115,18.307956,18.577101,17637400
2007-12-21,18.760608,18.821778,18.277370,18.577101,35344200
2007-12-24,18.626041,19.201031,18.595455,19.084810,9505400
2007-12-26,19.097045,19.225501,18.815667,19.121513,11876900
2007-12-27,18.815668,18.895187,18.479236,18.534288,18016800
2007-12-28,18.668858,18.705560,18.289608,18.405830,12907200
2007-12-31,18.405824,18.699436,18.197848,18.466993,12947700
2008-01-02,18.644388,18.644388,17.726849,17.800253,24387800
2008-01-03,17.892006,17.965410,17.231378,17.445471,26313100
2008-01-04,17.280314,17.323133,16.509582,16.815428,50818700
2008-01-07,16.943886,17.151862,16.582987,16.931652,25887100
2008-01-08,17.047872,17.194678,16.130333,16.209852,41495200
2008-01-09,16.209860,16.589110,15.775558,16.540174,37293300
2008-01-10,16.246555,17.408770,16.209854,17.072340,44359200
2008-01-11,16.950008,17.518883,16.607461,17.249739,32925100
2008-01-14,17.359840,17.384308,16.919421,17.255852,22667200
2008-01-15,16.644152,16.754256,16.179266,16.203733,36283900
2008-01-16,16.943882,17.194676,16.344422,16.742023,43681900
2008-01-17,16.827668,16.937773,15.904011,15.983531,34795200
2008-01-18,16.307718,16.509577,15.304543,15.585921,49848000
2008-01-22,14.913064,17.292549,14.913064,16.485115,60889400
2008-01-23,16.032458,18.411943,16.026342,17.971523,88250400
2008-01-24,18.350789,19.231627,18.026591,19.060352,65278700
2008-01-25,19.292788,19.598634,18.369132,18.754498,57728300
2008-01-28,18.601577,19.531351,18.515941,19.451830,36801500
2008-01-29,19.574165,20.081871,19.182682,19.941179,44412500
2008-01-30,19.867774,20.797547,19.690383,20.039047,62076900
2008-01-31,19.702616,20.950470,19.433473,20.846483,60276300
2008-02-01,20.344900,21.140102,20.271497,20.583462,44720500
2008-02-04,19.812723,19.910594,19.023640,19.201031,39734200
2008-02-05,18.705554,18.944114,18.485344,18.638268,33198700
2008-02-06,19.058502,19.151198,18.384903,18.588837,30586300
2008-02-07,18.440521,19.077040,18.347824,18.823668,31932500
2008-02-08,18.761869,18.829846,17.952315,18.218046,34869000
2008-02-11,18.477599,18.477599,17.816361,18.255127,23042800
2008-02-12,18.403441,18.755689,18.174788,18.489958,28865800
2008-02-13,18.669167,18.947258,18.304560,18.829842,34892200
2008-02-14,18.873107,18.934904,18.230408,18.286026,25116200
2008-02-15,18.180967,18.409620,17.766921,18.347822,26386700
2008-02-19,18.848392,19.015246,18.205692,18.452885,29717800
2008-02-20,18.255125,19.046139,18.082090,18.941082,28800700
2008-02-21,19.046141,19.256254,18.916365,18.996702,28937100
2008-02-22,19.070857,19.515802,18.730967,19.429285,28788100
2008-02-25,19.280974,19.688841,18.971984,19.583784,42232900
2008-02-26,19.521978,19.762990,19.163550,19.404562,30393300
2008-02-27,19.058496,19.966927,18.947259,19.614677,30550200
2008-02-28,19.423111,19.423111,18.873109,18.885468,27700300
2008-02-29,18.700080,18.786597,17.939965,18.063560,33507400
2008-03-03,18.069735,18.075915,17.439396,17.841084,25951400
2008-03-04,17.575349,17.964676,17.204561,17.816360,30441700
2008-03-05,18.082092,18.539397,17.668046,17.909058,32727100
2008-03-06,17.668042,17.803998,17.148939,17.198378,33668800
2008-03-07,16.982088,18.162430,16.765795,17.371416,48327100
2008-03-10,17.600069,17.643327,16.957370,17.235460,33698100
2008-03-11,18.465237,19.046139,17.766921,19.046139,51189600
2008-03-12,18.798949,19.521985,18.193329,18.255127,39549000
2008-03-13,17.797820,18.428159,17.223099,18.218046,51569200
2008-03-14,18.384897,18.576470,17.303433,17.581524,51388600
2008-03-17,16.839952,18.112990,16.747255,17.785461,54665200
2008-03-18,18.601194,19.515804,18.323102,19.491085,55149600
2008-03-19,19.583781,20.041086,18.718610,18.897823,46917900
2008-03-20,19.132659,20.269743,19.002884,20.115248,47658600
2008-03-24,20.016370,20.720867,19.775358,19.830976,45234500
2008-03-25,19.800070,20.071980,19.373663,19.812429,27482600
2008-03-26,19.645582,19.645582,18.632094,19.039961,36599400
2008-03-27,19.280975,19.280975,18.570297,18.700073,26998000
2008-03-28,18.792769,18.860747,18.051193,18.137711,28854000
2008-03-31,18.162425,18.384898,17.865795,17.983212,34976200
2008-04-01,18.743329,19.484906,18.607374,19.460186,36070500
2008-04-02,19.596141,19.620861,18.730970,18.866926,37101500
2008-04-03,18.681530,19.157375,18.539395,19.027599,20045200
2008-04-04,19.039957,19.243890,18.774225,19.114115,25087100
2008-04-07,19.441645,19.633219,19.015239,19.027599,20142300
2008-04-08,18.706249,18.743327,18.329281,18.496136,33757900
2008-04-09,18.545575,18.632092,17.946135,18.199507,29806200
2008-04-10,18.112990,18.267485,17.550628,17.624786,45453800
2008-04-11,17.451744,17.822532,17.241631,17.284889,44211800
2008-04-14,17.087140,17.247815,16.734892,16.809050,36081500
2008-04-15,16.982087,17.291077,16.759615,17.186020,29674500
2008-04-16,18.508500,18.749512,17.606249,17.927599,69841500
2008-04-17,17.736021,18.483776,17.661863,18.360180,32575200
2008-04-18,18.928724,19.182097,18.693892,18.786589,37941600
2008-04-21,18.459054,18.502313,17.958490,18.088266,24365800
2008-04-22,18.038829,18.286021,17.890514,18.156244,22788100
2008-04-23,18.193327,18.316922,17.661864,17.871977,24533400
2008-04-24,17.896694,18.625911,17.779279,18.446697,28973100
2008-04-25,18.576479,19.033784,18.267489,18.904009,25805400
2008-04-28,18.848388,18.959625,18.613557,18.749512,17222000
2008-04-29,18.749514,18.805132,18.378726,18.465242,19367400
2008-04-30,18.471422,18.904008,18.273668,18.384905,21492200
2008-05-01,18.397266,19.633226,18.384906,19.268618,38326900
2008-05-02,19.645582,20.022551,19.120299,19.243895,25950200
2008-05-05,19.231528,19.398382,18.947257,19.250067,18618000
2008-05-06,18.928724,19.521985,18.854567,19.324232,21163200
2008-05-07,19.486512,19.511479,18.587712,18.662611,27670800
2008-05-08,18.768713,18.793681,18.150788,18.338037,24230300
2008-05-09,18.256902,18.693820,18.100860,18.306835,16056300
2008-05-12,18.412940,18.662607,18.344281,18.575224,13503000
2008-05-13,18.593955,18.700062,18.038445,18.082136,27224800
2008-05-14,18.182002,18.369253,17.957302,18.044685,25831600
2008-05-15,18.088380,18.475365,17.919855,18.475365,27903900
2008-05-16,18.500329,18.506571,17.857437,18.069654,25883600
2008-05-19,18.100862,18.375496,17.726361,17.776295,28571900
2008-05-20,17.657703,17.682670,17.320652,17.507902,31462700
2008-05-21,17.445488,17.720121,17.145886,17.289446,32859800
2008-05-22,17.320654,17.751330,17.195820,17.420521,26221400
2008-05-23,17.370581,17.432998,17.133398,17.276957,23920700
2008-05-27,17.251996,17.489180,16.946154,17.202063,27493300
2008-05-28,17.295687,17.395555,16.621586,17.145887,39715000
2008-05-29,17.077225,17.557834,17.008567,17.464209,25225100
2008-05-30,17.657705,17.657705,17.164612,17.208303,19411300
2008-06-02,17.145884,17.189577,16.671517,16.921185,23179200
2008-06-03,17.014810,17.127161,16.596618,16.715210,30363600
2008-06-04,16.609101,16.852526,16.353192,16.627825,33490000
2008-06-05,16.740172,17.145880,16.609097,16.977356,26962600
2008-06-06,16.727693,16.740177,15.803926,15.866343,57724400
2008-06-09,16.053592,16.147218,15.491842,15.772717,40108200
2008-06-10,15.629168,16.534211,15.485608,16.172194,43539900
2008-06-11,16.297016,16.328224,15.916273,15.947481,48023600
2008-06-12,16.059839,16.746424,15.972456,16.240849,40700800
2008-06-13,16.415614,16.602865,15.785205,16.278297,32367300
2008-06-16,16.247082,16.840041,15.991174,16.465540,33166500
2008-06-17,16.690246,16.977364,15.772720,15.853861,40682000
2008-06-18,15.604196,16.134739,15.460637,15.872588,42211000
2008-06-19,15.897548,16.041107,15.335797,15.997415,47029900
2008-06-20,15.329559,15.853860,14.980026,15.292109,62647400
2008-06-23,15.373246,15.473114,14.905120,15.142304,36638600
2008-06-24,15.117340,16.034867,14.917606,15.729025,50002700
2008-06-25,15.835137,16.565413,15.741510,15.853861,41995500
2008-06-26,15.473114,15.797680,15.023712,15.023712,59131200
2008-06-27,15.129834,15.348293,14.742850,14.998759,49640300
2008-06-30,15.048689,15.186005,14.642979,14.823988,42295500
2008-07-01,14.649213,15.117339,14.380822,15.054923,58147900
2008-07-02,15.117344,15.466879,14.699152,14.724119,34038500
2008-07-03,14.917614,15.242182,14.580564,14.930098,28348800
2008-07-07,15.104857,15.292107,14.043772,14.680423,58126600
2008-07-08,14.786533,15.466876,14.287198,15.398217,61171700
2008-07-09,15.435663,15.710297,14.705387,14.799012,52656700
2008-07-10,14.561840,15.073658,14.293448,14.736608,61009300
2008-07-11,14.081224,14.842709,13.800349,14.355858,82338800
2008-07-14,14.892641,14.973783,13.413364,13.463297,56418100
2008-07-15,13.113763,14.243507,12.770471,12.801680,122587000
2008-07-16,14.842705,17.052257,14.480688,16.996082,206249200
2008-07-17,16.833807,17.932343,15.941248,17.370592,115206800
2008-07-18,17.526631,17.670189,16.509238,17.389315,71649800
2008-07-21,17.507903,17.851196,17.039778,17.189579,70613600
2008-07-22,17.033537,19.105774,16.621585,18.993423,100898900
2008-07-23,18.799943,19.954653,18.637659,19.005919,122201200
2008-07-24,19.161951,19.230609,18.100866,18.194490,70564700
2008-07-25,18.306834,18.731268,17.795017,18.157034,55525300
2008-07-28,18.100864,18.519056,17.351862,17.433004,46645300
2008-07-29,17.582806,19.012150,17.308172,19.012150,62303400
2008-07-30,19.349196,19.661279,18.643887,19.474030,65749100
2008-07-31,19.168188,19.498997,18.731271,18.893555,48107500
2008-08-01,18.893551,19.124492,18.544016,19.037109,40425300
2008-08-04,18.787438,19.205631,18.375488,18.837372,46627900
2008-08-05,19.068325,19.779878,18.874834,19.686253,45806300
2008-08-06,19.433862,19.541127,18.992184,19.124687,42199300
2008-08-07,18.872297,19.332904,18.014178,18.304424,57510900
2008-08-08,18.317044,19.250878,18.115132,19.036348,45857600
2008-08-11,19.055278,20.235190,19.055278,19.944944,55278900
2008-08-12,19.560055,19.888160,18.985873,19.168854,54318600
2008-08-13,19.017421,19.137306,18.298116,18.481098,53459400
2008-08-14,18.411689,19.257188,18.266566,19.036348,40937100
2008-08-15,18.809193,19.238252,18.455851,18.777645,43611700
2008-08-18,18.847067,18.847067,18.020496,18.171928,38157700
2008-08-19,17.982635,17.982635,17.275948,17.534647,45428100
2008-08-20,17.673460,18.304430,17.143446,18.247643,52813300
2008-08-21,17.774407,18.096201,17.692381,17.944769,37272800
2008-08-22,18.436934,18.714561,18.108831,18.525270,44892000
2008-08-25,18.247640,18.443240,18.007872,18.089897,30517900
2008-08-26,18.102510,18.462163,17.723929,18.102510,33048100
2008-08-27,18.127753,18.386450,17.906913,18.241327,25864700
2008-08-28,18.518958,19.206715,18.285499,19.200405,36971300
2008-08-29,19.036350,19.288738,18.828130,19.099447,29295400
2008-09-02,19.698866,19.995423,19.377072,19.692556,37648600
2008-09-03,19.635769,19.806130,19.295045,19.566362,38035000
2008-09-04,19.282426,19.528505,18.657766,18.720863,46546500
2008-09-05,18.657770,19.774586,18.165614,19.686251,52598700
2008-09-08,20.973434,21.427731,20.083766,21.175344,97528900
2008-09-09,20.866164,21.295224,19.661012,19.667322,68945200
2008-09-10,19.875541,20.506511,18.992184,20.001736,57747600
2008-09-11,19.370766,21.415106,19.257191,21.358318,76365300
2008-09-12,20.986050,21.768453,20.803070,21.635950,63888200
2008-09-15,20.613769,22.083929,19.560051,19.560051,100858600
2008-09-16,19.686254,22.159653,19.560059,22.039770,115545500
2008-09-17,21.326773,22.241680,20.758902,21.093315,98504500
2008-09-18,21.629637,24.954847,20.361389,23.345875,166561000
2008-09-19,27.951941,28.235878,23.352174,25.112579,96587700
2008-09-22,24.702451,24.733999,21.642248,22.197502,54381000
2008-09-23,22.115482,23.087176,21.471893,21.560228,32709700
2008-09-24,22.147019,22.557150,21.503433,21.623316,26497100
2008-09-25,22.241671,22.588704,21.465579,21.528675,38564000
2008-09-26,20.992359,24.134588,20.821997,23.541477,56079000
2008-09-29,22.714894,24.235530,20.979729,20.979729,67567100
2008-09-30,22.311084,23.976843,21.957740,23.680286,46865200
2008-10-01,23.333251,24.355421,23.024077,23.156580,47778200
2008-10-02,23.345879,23.762319,22.090248,22.184895,39351300
2008-10-03,23.964219,24.576260,21.768446,21.806305,81074700
2008-10-06,21.011285,22.386799,20.140548,21.225815,59028000
2008-10-07,21.516057,22.077621,19.307665,19.307665,45277800
2008-10-08,18.897538,21.301530,18.436929,20.127928,57472800
2008-10-09,20.859847,20.866156,16.518777,17.193914,122764600
2008-10-10,16.045550,18.632525,15.774233,17.862741,122081300
2008-10-13,19.339215,19.560055,17.389519,19.181473,69324000
2008-10-14,20.803049,21.560210,20.052196,21.150082,96432200
2008-10-15,20.380312,22.102858,20.203641,21.042830,95036300
2008-10-16,20.752589,21.648567,18.954327,21.389870,73953600
2008-10-17,21.074385,21.730592,20.045904,20.228886,67021500
2008-10-20,20.651628,20.821990,19.623149,20.336143,52147200
2008-10-21,19.926019,21.452966,19.900781,20.594847,52862300
2008-10-22,20.090070,20.506510,18.815511,19.749346,65131500
2008-10-23,19.692559,20.127929,18.399072,19.768276,63126100
2008-10-24,18.323359,20.191028,18.298119,19.503271,50050200
2008-10-27,19.194092,20.285670,19.093137,19.452789,48569000
2008-10-28,20.033283,21.743210,19.276119,21.743210,62933400
2008-10-29,21.490826,21.585470,20.096383,20.260435,69966000
2008-10-30,20.916640,20.979736,20.014352,20.090069,57908900
2008-10-31,19.938638,21.806308,19.900780,21.484512,63355800
2008-11-03,21.553920,21.749522,21.080693,21.326771,37362400
2008-11-04,21.755830,22.241677,21.402486,22.153341,47060300
2008-11-05,22.064142,22.299883,19.948838,20.184580,53767600
2008-11-06,18.974014,19.732210,17.839906,18.330503,119014900
2008-11-07,17.457626,18.795620,17.234627,18.795620,291576400
2008-11-10,19.075952,19.133294,17.865387,18.234928,80723300
2008-11-11,17.808052,18.814733,17.801681,18.368734,64961800
2008-11-12,18.043788,18.744642,17.393906,17.393906,64430300
2008-11-13,17.527704,18.693669,16.406338,18.534384,86007600
2008-11-14,17.967334,19.044099,17.604164,18.305017,69123200
2008-11-17,17.960961,18.305016,17.030737,17.731590,64412800
2008-11-18,17.820785,18.075642,16.457307,17.330189,81619800
2008-11-19,17.266475,17.330190,15.463371,15.546199,86670000
2008-11-20,15.214892,16.208830,14.017070,14.354754,110888100
2008-11-21,14.603236,14.979149,12.672703,13.864155,139652100
2008-11-24,14.641460,16.667563,14.494918,16.578363,99328200
2008-11-25,17.190018,18.101127,15.941225,17.170904,78431300
2008-11-26,16.788623,18.349614,16.457311,18.254044,56597700
2008-11-28,18.075646,18.483415,17.534077,18.406958,28138600
2008-12-01,17.865387,17.865387,14.565005,14.915431,76566300
2008-12-02,15.399658,16.648450,14.380234,16.495537,80340500
2008-12-03,15.839288,18.158475,15.769202,17.903620,72932900
2008-12-04,17.546820,18.578985,17.062594,17.553190,60716600
2008-12-05,17.266480,19.114184,16.935167,19.075956,69302900
2008-12-08,19.521951,20.853573,19.254353,20.808973,70930700
2008-12-09,20.477667,20.872693,19.369044,19.432758,56791300
2008-12-10,19.470983,19.623896,18.254047,18.598103,51041700
2008-12-11,17.980074,18.145731,16.380854,16.501911,72244500
2008-12-12,15.826541,17.119934,15.718227,17.024363,51372900
2008-12-15,17.190021,17.221878,16.266169,16.610224,37629900
2008-12-16,16.865085,18.999503,16.852343,18.974018,64931200
2008-12-17,18.604472,19.464610,18.394216,19.101440,57126400
2008-12-18,19.279835,20.012545,18.610838,18.891180,62937100
2008-12-19,19.171525,19.228867,18.158473,18.706413,88618600
2008-12-22,18.547132,18.668187,17.381166,17.470366,41191700
2008-12-23,17.814415,17.897244,17.196390,17.196390,28140900
2008-12-24,17.393904,17.636017,17.113563,17.508589,11211400
2008-12-26,17.565930,17.750701,17.298332,17.527702,12384400
2008-12-29,17.769818,17.782561,17.393906,17.731590,20971000
2008-12-30,17.718855,18.349623,17.591427,18.349623,28636600
2008-12-31,18.279532,19.426382,17.967334,18.782871,45109700
2009-01-02,18.591731,19.413640,18.266790,19.114185,36522300
2009-01-05,18.948526,18.980384,17.878132,17.878132,43614200
2009-01-06,18.266795,18.362365,17.387542,17.546827,54222900
2009-01-07,17.253730,17.317444,15.049229,16.482792,52631000
2009-01-08,16.157851,16.610219,15.998566,16.387220,52580100
2009-01-09,16.533773,16.552886,15.922118,16.017689,43187900
2009-01-12,16.049536,16.132364,14.998257,15.163912,57566500
2009-01-13,14.966400,15.807424,14.915429,15.533454,65413600
2009-01-14,14.883578,15.106576,14.463066,14.698807,71135600
2009-01-15,14.647837,14.666952,12.124765,12.844732,178862300
2009-01-16,13.271617,13.564701,10.850487,11.901767,173589900
2009-01-20,10.684829,10.844114,8.805267,9.066494,203896600
2009-01-21,9.557091,10.723056,8.754295,10.608371,188824400
2009-01-22,10.219720,10.570146,9.608065,10.060434,94501600
2009-01-23,9.512491,10.296172,9.359577,10.111402,84417000
2009-01-26,10.321659,10.761284,9.837432,9.862918,75464000
2009-01-27,10.066805,10.602002,10.034948,10.315289,77306500
2009-01-28,12.112020,13.666641,11.729736,13.500984,203219500
2009-01-29,12.634476,13.207901,11.933622,11.965480,127527600
2009-01-30,12.328645,12.583501,11.704249,12.041932,97576800
2009-02-02,11.729739,12.411478,11.595940,12.252193,81939400
2009-02-03,12.519789,12.577131,11.118083,11.806193,95285100
2009-02-04,12.007397,12.526635,11.215558,11.325896,89512300
2009-02-05,11.183106,11.293445,9.521542,10.560020,206588100
2009-02-06,11.260992,12.585050,11.098729,12.422788,118216200
2009-02-09,12.435770,12.721352,12.052831,12.370865,74538100
2009-02-10,12.228073,12.370863,10.430208,10.611942,136825300
2009-02-11,10.871566,11.410277,10.618438,11.358353,74251900
2009-02-12,10.735266,10.910508,9.910974,10.904017,144748600
2009-02-13,10.611948,10.657381,10.099199,10.229009,88502000
2009-02-17,9.463129,9.774672,8.885475,8.885475,122235400
2009-02-18,9.300868,9.346302,7.827528,8.470086,190592400
2009-02-19,8.379217,8.924418,7.749640,7.795074,129429500
2009-02-20,7.184967,7.399153,5.718118,7.081120,372764600
2009-02-23,7.632812,8.405180,6.853954,7.159006,225178200
2009-02-24,7.392665,8.509029,7.236893,8.470086,187177900
2009-02-25,8.411671,9.138606,7.639303,8.723214,209935600
2009-02-26,9.469618,9.761689,8.969850,9.346298,170145000
2009-02-27,8.145561,9.625391,7.704207,7.853489,186832300
2009-03-02,7.126556,7.418628,6.665732,7.035689,162697700
2009-03-03,7.451080,7.639305,6.776069,6.925351,156370200
2009-03-04,7.347229,7.347229,5.802493,6.269808,237467700
2009-03-05,5.770043,5.802495,5.062580,5.270275,274724600
2009-03-06,5.666196,6.159473,5.198881,5.588310,256312500
2009-03-09,5.614270,6.944820,5.516913,6.471014,209041300
2009-03-10,7.256367,7.756134,6.944823,7.665268,233377400
2009-03-11,8.061186,8.262391,7.347232,7.710700,190297200
2009-03-12,7.490021,9.093171,7.373192,9.054228,194211600
2009-03-13,9.398223,9.742220,8.379217,9.047737,197054500
2009-03-16,9.352791,9.891502,8.885476,8.891967,183999100
2009-03-17,8.807589,9.515052,8.398688,9.515052,144894400
2009-03-18,9.346302,11.235034,9.190531,11.176620,232658000
2009-03-19,11.332386,11.423253,9.846065,10.008327,175963000
2009-03-20,9.988854,10.040778,9.054224,9.080186,167275700
2009-03-23,10.319875,11.468691,9.878522,11.248014,186689100
2009-03-24,10.741756,11.377824,10.014822,10.060255,167873500
2009-03-25,10.579492,11.157146,9.651353,10.657378,217755200
2009-03-26,10.936470,10.968922,10.040782,10.352325,163404200
2009-03-27,9.969387,10.793679,9.936935,10.118669,129904000
2009-03-30,9.541016,9.813616,8.677781,8.677781,148010900
2009-03-31,9.093171,9.573467,8.924418,9.242452,145973500
2009-04-01,8.904947,9.696786,8.859514,9.398224,156839200
2009-04-02,10.332851,10.547037,9.677312,9.949912,206881200
2009-04-03,9.846070,10.605457,9.690299,10.605457,130556900
2009-04-06,10.047275,10.151123,9.761694,9.897994,119301700
2009-04-07,9.579958,9.995349,9.417696,9.638372,117192300
2009-04-08,9.800637,9.846071,9.352793,9.664337,91295200
2009-04-09,12.877126,12.948522,11.306428,12.727845,376577100
2009-04-13,12.234571,12.948525,12.013895,12.766791,173737800
2009-04-14,12.513659,12.675921,11.715328,11.858120,154442900
2009-04-15,11.663405,12.740826,11.423258,12.688902,119185500
2009-04-16,12.760294,12.974480,12.104755,12.623995,129565500
2009-04-17,12.598035,13.623532,12.254039,13.149727,166941600
2009-04-20,12.312453,12.494187,11.020847,11.033828,162271800
2009-04-21,10.748246,12.208606,10.475646,12.208606,185041900
2009-04-22,11.819176,13.344441,11.780234,11.799706,248215300
2009-04-23,12.085291,13.162712,12.072310,13.039392,206481900
2009-04-24,13.389869,14.259594,13.013421,13.889637,222241900
2009-04-27,13.279532,13.779299,13.149723,13.175684,134002500
2009-04-28,12.578567,13.058864,12.513663,12.643472,107394300
2009-04-29,12.877125,13.428817,12.559092,12.961501,142750100
2009-04-30,13.214631,14.253108,12.916068,12.987464,115836200
2009-05-01,12.967993,13.227612,12.559092,12.727845,96730100
2009-05-04,13.266561,15.739437,13.149732,15.739437,294065000
2009-05-05,15.337018,15.674523,14.752874,15.103361,175576000
2009-05-06,15.942434,17.457973,15.870885,17.457973,256184300
2009-05-07,18.179969,18.433642,15.760308,16.105045,236941900
2009-05-08,15.630223,18.329575,15.500133,18.329575,478736600
2009-05-11,17.685634,18.505197,17.256340,17.256340,188439600
2009-05-12,17.392934,17.620591,15.799342,16.716471,189795100
2009-05-13,16.053016,16.482310,15.714783,15.740802,135710100
2009-05-14,15.773327,16.709970,15.526158,16.709970,122509300
2009-05-15,16.638414,16.989655,15.987968,16.176598,94467400
2009-05-18,16.924617,17.529533,16.436782,17.516523,107543400
2009-05-19,17.575056,17.614083,16.521333,16.553856,96754700
2009-05-20,16.820539,17.009167,15.792834,15.909913,122873300
2009-05-21,15.252965,16.436777,15.246460,16.287174,98832400
2009-05-22,16.313193,16.391247,15.812349,15.812349,59379300
2009-05-26,15.760316,16.755500,15.662750,16.683950,92738800
2009-05-27,16.814037,16.846558,15.643233,15.662746,110028600
2009-05-28,15.721283,16.111551,15.103359,16.111551,128903700
2009-05-29,16.124564,16.586380,15.695268,16.586380,121275800
2009-06-01,16.755497,16.944126,16.261158,16.540850,122370300
2009-06-02,16.157083,16.228633,15.682258,15.864382,102133000
2009-06-03,15.805836,16.026988,15.532649,15.695260,82289300
2009-06-04,15.864385,16.326202,15.467613,16.326202,75247800
2009-06-05,16.566868,16.709967,16.059520,16.079033,79067200
2009-06-08,16.000976,16.651422,15.935931,16.514828,65703100
2009-06-09,16.586381,16.709966,16.339212,16.690453,70525600
2009-06-10,16.748987,16.781509,15.987965,16.202612,88999800
2009-06-11,16.222136,16.521341,15.766823,16.274172,63676900
2009-06-12,16.209117,16.586375,16.118055,16.573366,49000500
2009-06-15,16.404253,16.586378,16.033499,16.072525,59908800
2009-06-16,15.805843,16.332705,15.805843,15.870888,62161500
2009-06-17,15.714778,15.766814,14.947251,15.018801,100761400
2009-06-18,14.979773,15.565174,14.030121,15.415572,73968300
2009-06-19,15.610707,16.391243,15.051323,15.734292,101330400
2009-06-22,15.467606,15.734289,14.622026,14.641540,82122000
2009-06-23,14.739109,15.155394,14.413885,14.901720,83126100
2009-06-24,15.077344,15.285487,14.869202,15.070840,69038200
2009-06-25,15.005795,15.487125,14.472429,15.480620,64436000
2009-06-26,15.441593,15.662745,15.285486,15.526152,62738900
2009-06-29,15.584692,16.026995,15.350532,15.955447,60701400
2009-06-30,15.909916,16.248148,15.727791,15.779827,75007300
2009-07-01,15.773319,16.020488,15.636726,15.701770,57186500
2009-07-02,15.435085,15.539157,14.999287,15.012296,52546200
2009-07-06,14.927744,15.233453,14.452917,15.025311,77596200
2009-07-07,15.057829,15.506637,14.960262,15.174910,64747000
2009-07-08,15.174907,15.331014,14.361850,14.901720,93891900
2009-07-09,15.096855,15.337521,14.706588,15.142387,53836900
2009-07-10,15.005796,15.181417,14.836680,14.875708,53700500
2009-07-13,15.207430,16.131063,15.168403,16.131063,86119200
2009-07-14,16.079030,16.150580,15.578188,15.870888,67883400
2009-07-15,16.079027,16.566861,16.033496,16.456285,90990200
2009-07-16,16.306693,16.508331,15.981470,16.293684,61519900
2009-07-17,16.306689,16.475805,15.987970,16.261158,54724600
2009-07-20,16.313190,16.898591,16.105047,16.599386,64893800
2009-07-21,16.768504,16.846556,16.131065,16.488811,64544500
2009-07-22,15.409069,16.176595,15.233448,15.903408,150692300
2009-07-23,15.857880,15.968456,15.623720,15.779827,99923300
2009-07-24,15.630221,15.643229,15.070837,15.265970,93905100
2009-07-27,15.298497,15.825358,15.207434,15.753809,62487900
2009-07-28,15.604203,16.026993,15.545663,15.948940,62683700
2009-07-29,15.799341,16.105050,15.714782,15.857880,48075900
2009-07-30,16.033499,16.462793,15.955446,16.176598,54517400
2009-07-31,16.196110,16.215624,15.896905,15.909913,54880800
2009-08-03,16.196103,16.801018,16.176590,16.781504,66231200
2009-08-04,16.709967,17.555547,16.404256,17.269350,82298700
2009-08-05,17.406198,18.279441,17.334515,18.259892,87411700
2009-08-06,18.611796,18.892016,17.901472,18.227308,85642200
2009-08-07,18.514048,19.126622,18.246862,18.742134,71572200
2009-08-10,18.572693,18.892013,18.344607,18.663927,43352200
2009-08-11,18.442360,18.455394,17.523500,17.523500,72918200
2009-08-12,17.412715,17.921021,17.347549,17.705969,53521000
2009-08-13,17.947095,18.181697,16.976100,18.168663,49493800
2009-08-14,18.116526,18.305512,17.790690,18.070910,45055900
2009-08-17,17.432265,17.588666,17.106428,17.139011,51950300
2009-08-18,17.295418,17.432269,17.080365,17.165083,36659900
2009-08-19,16.956548,17.503954,16.832730,17.341036,46441900
2009-08-20,17.399679,18.064385,17.393162,17.907984,48097300
2009-08-21,18.188209,18.298994,17.999225,18.207760,51137800
2009-08-24,18.357645,18.598765,17.725522,17.803722,51642300
2009-08-25,17.966637,18.292474,17.790685,17.810236,42789000
2009-08-26,17.686421,18.064392,17.608221,17.999226,43310800
2009-08-27,17.953607,18.149109,17.829790,18.077425,35292800
2009-08-28,18.253373,18.253373,17.732033,17.790684,35405800
2009-08-31,17.575636,17.986191,17.445302,17.934057,35614100
2009-09-01,17.816760,18.096980,16.819699,17.080368,87353300
2009-09-02,17.008674,17.399678,16.871822,17.002157,53902400
2009-09-03,17.158559,17.543046,17.145525,17.536530,39465400
2009-09-04,17.516979,17.582146,17.308444,17.536530,31552900
2009-09-08,17.732032,17.784167,17.334512,17.582148,31736000
2009-09-09,17.614739,18.083943,17.582154,18.038326,47483700
2009-09-10,17.921022,18.214275,17.790686,18.155624,40938900
2009-09-11,18.129560,18.305513,17.836308,17.875408,33802300
2009-09-14,17.705970,18.240342,17.660353,18.194725,32056200
2009-09-15,18.201245,18.826851,18.110011,18.624832,50756800
2009-09-16,18.748653,19.263475,18.487984,19.165724,49675000
2009-09-17,19.054936,19.185271,18.605281,18.755167,36872000
2009-09-18,18.950667,18.950667,18.396744,18.566179,42749200
2009-09-21,18.501011,18.696514,18.344609,18.435844,34390700
2009-09-22,18.657411,19.250435,18.455393,19.152683,45230300
2009-09-23,19.113588,19.165722,18.709550,18.742134,38182200
2009-09-24,18.833364,19.022350,18.194724,18.540112,46650900
2009-09-25,18.422802,18.533587,18.109999,18.370668,34479100
2009-09-28,18.448881,18.833368,18.253379,18.833368,31319700
2009-09-29,18.703031,18.878982,18.442361,18.474945,29705900
2009-09-30,18.527081,18.689999,18.175177,18.364162,39190600
2009-10-01,18.285965,18.285965,17.288905,17.334522,56454900
2009-10-02,16.969579,17.393166,16.936994,17.125980,52060900
2009-10-05,17.881920,18.442358,17.816753,18.305508,56118100
2009-10-06,18.468428,18.931116,18.448878,18.676964,59068600
2009-10-07,18.566178,19.094033,18.481461,19.067966,41824100
2009-10-08,19.002803,19.178755,18.839884,18.931118,45338900
2009-10-09,18.905051,19.113587,18.807300,19.035385,29218700
2009-10-12,19.224373,19.902115,18.970221,19.732679,52504500
2009-10-13,19.537170,19.771773,19.302569,19.589304,38648600
2009-10-14,20.006374,20.482095,19.804355,20.423445,62894600
2009-10-15,20.201877,20.547264,20.149743,20.449512,39072700
2009-10-16,19.928171,19.960754,19.439416,19.563234,57472400
2009-10-19,19.778292,19.823909,19.400322,19.595823,32327500
2009-10-20,19.537173,19.967277,19.452456,19.849976,41722700
2009-10-21,19.615377,20.280085,18.794268,18.833368,113718800
2009-10-22,18.761683,19.732676,18.644381,19.660992,74918700
2009-10-23,19.667501,19.667501,18.931109,19.107061,49377700
2009-10-26,19.100550,19.113584,18.422810,18.540112,55207900
2009-10-27,18.514050,18.709552,18.272932,18.501017,49819400
2009-10-28,18.396738,18.422805,17.855849,17.894949,57274600
2009-10-29,18.233825,18.650897,18.044841,18.618313,47894800
2009-10-30,18.468429,18.572697,17.823273,17.934057,66430300
2009-11-02,18.155621,18.403256,17.425746,17.992702,55576000
2009-11-03,17.673388,18.272928,17.601704,18.077425,37878400
2009-11-04,18.292864,18.358149,17.444158,17.509443,46075800
2009-11-05,17.640016,17.842399,17.300534,17.816286,53391400
2009-11-06,17.444158,17.842397,17.352760,17.705299,37610100
2009-11-09,17.953376,18.540941,17.705294,18.540941,44419900
2009-11-10,18.443018,18.573589,18.234106,18.345091,35216700
2009-11-11,18.521359,19.017524,18.443017,18.802084,40085800
2009-11-12,18.789028,18.867370,18.351619,18.423431,34730700
2009-11-13,18.325507,18.377735,17.868513,18.070896,36576600
2009-11-16,18.227582,18.723749,18.136184,18.416908,45256000
2009-11-17,18.403849,18.599704,18.266750,18.521362,29199400
2009-11-18,18.469142,18.886966,18.456085,18.841267,27288800
2009-11-19,18.664988,18.691101,18.371205,18.488718,30848000
2009-11-20,18.416903,18.462603,18.057836,18.194935,41877900
2009-11-23,18.423432,18.508303,18.201462,18.325504,32738800
2009-11-24,18.207993,18.325506,17.940324,18.188408,29019100
2009-11-25,18.286338,18.364680,18.051312,18.168825,22882000
2009-11-27,17.600848,18.012144,17.561677,17.718361,23176800
2009-11-30,17.809755,18.345092,17.790169,18.305922,36739300
2009-12-01,18.377729,18.534413,18.181875,18.273273,33169200
2009-12-02,18.201471,18.266756,17.809761,17.920746,35368000
2009-12-03,17.966429,18.221040,17.241765,17.293993,66620600
2009-12-04,17.640008,17.907676,17.339696,17.600836,63916000
2009-12-07,17.672654,17.829338,17.091618,17.209131,35764600
2009-12-08,16.967578,17.274417,16.915350,16.993692,42682400
2009-12-09,17.072032,17.202603,16.856592,16.947990,35697000
2009-12-10,17.091616,17.143844,16.484465,16.530165,62139500
2009-12-11,16.380016,16.745612,16.327788,16.588928,48496300
2009-12-14,16.582391,16.915345,16.380008,16.641148,43877900
2009-12-15,16.987172,17.183027,16.321264,16.752146,254575800
2009-12-16,17.032859,17.111200,16.686848,16.869646,87439800
2009-12-17,16.739086,17.091626,16.726030,17.019812,80733500
2009-12-18,17.222191,17.626958,17.091621,17.483332,145756600
2009-12-21,17.620429,17.946854,17.529030,17.848927,47240800
2009-12-22,17.796700,17.822813,17.411518,17.731415,45699700
2009-12-23,17.803229,17.809758,17.444161,17.529032,25516800
2009-12-24,17.600842,17.718355,17.542086,17.685713,10481200
2009-12-28,17.679188,17.757530,17.326649,17.463747,19753100
2009-12-29,17.444155,17.548611,17.333170,17.418041,18586500
2009-12-30,17.300531,17.509443,17.261361,17.509443,19087700
2009-12-31,17.457214,17.783639,17.424572,17.620426,28942400
2010-01-04,17.640018,17.940329,17.509447,17.835873,39335700
2010-01-05,17.803225,18.436489,17.783639,18.325504,55416000
2010-01-06,18.299394,18.495248,18.142710,18.351622,33237000
2010-01-07,18.358149,19.213382,18.227578,19.017527,61649000
2010-01-08,18.867380,19.161163,18.671525,18.841267,35508700
2010-01-11,18.991411,19.043639,18.658457,18.802084,24387800
2010-01-12,18.586650,18.638878,17.953386,18.332039,39795000
2010-01-13,18.273283,18.775978,18.149241,18.658464,36715300
2010-01-14,18.606232,19.069755,18.606232,18.926128,31540700
2010-01-15,18.815148,18.867376,18.201468,18.332039,47255900
2010-01-19,18.234110,18.586649,18.025199,18.462608,40815800
2010-01-20,18.292861,18.704156,18.083949,18.162291,75712300
2010-01-21,18.266751,18.606233,17.744471,18.279808,90151500
2010-01-22,18.260217,18.547471,17.737937,17.796694,69506900
2010-01-25,17.920739,18.312448,17.750997,18.057837,48319700
2010-01-26,17.920738,18.508303,17.574727,17.620426,66590800
2010-01-27,17.561671,18.436491,17.548614,18.410378,63074200
2010-01-28,18.462607,18.782503,18.097010,18.573591,62109300
2010-01-29,18.567060,19.043641,18.527888,18.560532,88783700
2010-02-01,18.671520,18.991417,18.612764,18.886961,45240000
2010-02-02,18.906544,19.017529,18.612762,18.795561,50306600
2010-02-03,18.684386,18.821724,18.298534,18.403172,44597600
2010-02-04,18.278912,18.363929,17.657624,17.696863,68235300
2010-02-05,17.853816,18.121950,17.409107,17.932295,68479000
2010-02-08,17.808035,17.925753,17.265227,17.284847,43425800
2010-02-09,17.585682,17.749178,17.245610,17.467964,46845300
2010-02-10,17.402571,18.023857,17.363331,17.775343,42104800
2010-02-11,17.755723,17.814581,17.467968,17.709944,35821600
2010-02-12,17.520288,17.683784,17.311011,17.579145,45333600
2010-02-16,17.781883,17.912680,17.618387,17.912680,36097500
2010-02-17,18.043474,18.076173,17.716481,17.873438,50109700
2010-02-18,17.853816,18.030393,17.762259,17.879976,30287900
2010-02-19,17.709935,17.971529,17.703395,17.899591,32174300
2010-02-22,17.971529,18.409700,17.906130,18.318142,41852200
2010-02-23,18.278915,18.311614,17.775345,17.847284,38755100
2010-02-24,17.951924,18.161199,17.775347,18.089260,35782300
2010-02-25,17.768797,17.971532,17.683779,17.945374,34185600
2010-02-26,17.978074,17.984614,17.611842,17.879976,50819700
2010-03-01,17.951917,18.043475,17.755721,17.886518,34311000
2010-03-02,17.919211,18.448939,17.899592,18.226585,45592200
2010-03-03,18.278907,18.605900,18.272367,18.442404,35902200
2010-03-04,18.540508,18.684385,18.448949,18.592827,30891500
2010-03-05,18.723623,19.142175,18.671304,19.063696,40554100
2010-03-08,19.050616,19.194494,18.847881,18.893660,31311900
2010-03-09,18.821718,19.109471,18.618982,18.952515,31292400
2010-03-10,19.050608,19.508398,19.030989,19.338362,42568300
2010-03-11,19.312209,19.462626,19.122552,19.462626,32127400
2010-03-12,19.508405,19.580344,19.286050,19.377607,36671500
2010-03-15,19.279511,19.547646,19.135635,19.547646,26911900
2010-03-16,19.573805,19.828859,19.449547,19.802700,40201400
2010-03-17,19.887715,20.057752,19.789618,19.979273,33176200
2010-03-18,19.926955,19.985814,19.521484,19.809238,33984900
2010-03-19,19.868099,19.972738,19.593425,19.868099,53781800
2010-03-22,19.678435,20.005428,19.652275,19.887711,28594000
2010-03-23,19.926950,20.352042,19.868091,20.325882,39320200
2010-03-24,20.168929,20.456683,20.057751,20.182009,36135600
2010-03-25,20.293184,20.921010,20.208166,20.312803,47424300
2010-03-26,20.410904,20.777137,20.273568,20.417444,36079700
2010-03-29,20.502463,20.567862,20.208169,20.338966,25280200
2010-03-30,20.338967,20.469763,20.142770,20.168930,26937900
2010-03-31,19.998890,20.378202,19.998890,20.352043,28384000
2010-04-01,20.535162,20.665959,20.358585,20.515543,33041400
2010-04-05,20.594020,20.764056,20.443603,20.607100,30821900
2010-04-06,20.509010,21.182615,20.502470,21.110676,39500100
2010-04-07,21.110660,21.247999,20.777129,20.921005,34514700
2010-04-08,20.790218,21.195688,20.639800,21.077971,32203600
2010-04-09,21.189149,21.352645,20.875235,21.123749,27106200
2010-04-12,21.189143,21.385339,21.104125,21.202221,25108400
2010-04-13,21.032198,21.084518,20.750984,21.025660,38042000
2010-04-14,21.228388,21.856214,21.156449,21.764656,54445900
2010-04-15,21.731952,22.163583,21.660014,21.915068,47891800
2010-04-16,21.718874,21.745035,20.705197,21.293785,89843800
2010-04-19,21.333026,21.751577,21.012574,21.594622,54879400
2010-04-20,21.705792,22.163583,21.581536,22.032785,46816100
2010-04-21,21.313393,22.399009,21.261073,21.588066,96214600
2010-04-22,21.385338,22.052404,21.293780,21.960846,49765400
2010-04-23,22.039334,22.098193,21.712341,21.895456,30999200
2010-04-26,21.816977,21.875836,21.313407,21.398426,36186000
2010-04-27,21.058356,21.627324,20.698663,20.744442,52674300
2010-04-28,20.973330,21.352643,20.907931,21.221846,39027300
2010-04-29,21.444192,21.843124,21.404952,21.731945,31021400
2010-04-30,21.745038,22.117810,21.568462,21.653481,53446100
2010-05-03,21.725417,22.294384,21.718875,22.157047,37442300
2010-05-04,21.849668,22.215901,21.398418,21.542294,53828300
2010-05-05,21.372001,21.732239,20.775968,21.391649,45183200
2010-05-06,21.247557,21.450602,19.197470,20.422283,78743100
2010-05-07,20.225784,20.795617,19.780398,20.186485,66958000
2010-05-10,21.123115,21.666750,21.064167,21.594702,67195800
2010-05-11,21.293410,22.053187,21.234461,21.555403,47883200
2010-05-12,21.732244,22.144883,21.653648,22.046635,39616100
2010-05-13,21.941839,22.157983,21.666748,21.666748,33791100
2010-05-14,21.457155,21.535754,20.802176,20.985571,57390600
2010-05-17,21.011768,21.116564,20.396085,20.939718,47043700
2010-05-18,21.142756,21.188605,19.878646,20.035841,56666700
2010-05-19,19.616662,19.832805,19.053379,19.701809,72538500
2010-05-20,19.282617,19.649406,18.765182,18.791382,78027500
2010-05-21,18.372198,19.845904,18.372198,19.721458,88191700
2010-05-24,19.367767,19.485664,18.686588,18.804483,64867000
2010-05-25,18.149503,18.935480,17.972660,18.928930,55196200
2010-05-26,19.145068,19.217116,18.142949,18.365643,62366800
2010-05-27,18.804481,19.308816,18.666936,19.262968,48871900
2010-05-28,19.302266,19.321915,18.693135,18.791382,40885500
2010-06-01,18.784835,19.125425,18.463895,18.490093,39475500
2010-06-02,18.706226,19.125414,18.549031,19.112314,32478900
2010-06-03,19.230221,19.308818,18.680038,18.902731,30888500
2010-06-04,18.522845,18.634191,18.110206,18.195354,50696800
2010-06-07,18.346000,18.411498,17.854765,17.874414,36969800
2010-06-08,17.985754,18.214998,17.461771,18.182249,47134900
2010-06-09,18.306691,18.313240,17.618961,17.704109,37988200
2010-06-10,18.025060,18.496645,17.946461,18.424597,41612900
2010-06-11,18.169146,18.306692,17.913704,18.234644,39468100
2010-06-14,18.208447,18.319793,17.887507,17.946455,45506200
2010-06-15,18.070899,18.293593,18.011951,18.280493,45128400
2010-06-16,18.175698,18.503188,18.123300,18.418041,28707100
2010-06-17,18.404943,18.463891,18.031604,18.293596,30739400
2010-06-18,18.365642,18.490087,18.169147,18.385290,39496700
2010-06-21,18.627640,18.666939,18.201903,18.300150,30005400
2010-06-22,18.359096,18.555589,17.966107,17.985756,33694800
2010-06-23,17.933359,18.182252,17.782713,17.894060,36030500
2010-06-24,17.717207,17.749957,17.212874,17.592762,66950600
2010-06-25,17.782711,18.084002,17.586217,17.717213,78977700
2010-06-28,17.841654,17.907153,17.566563,17.704109,31717000
2010-06-29,17.402822,17.461770,16.891938,16.983635,55568200
2010-06-30,17.062238,17.324232,16.715100,16.767498,37501000
2010-07-01,16.728192,16.990184,16.112511,16.492399,58947800
2010-07-02,16.636496,16.819891,16.217309,16.295906,32231100
2010-07-06,16.675789,16.793686,16.236954,16.472746,37248300
2010-07-07,16.557910,17.507631,16.466212,17.461782,48830500
2010-07-08,17.723755,17.723755,17.094975,17.448664,38228800
2010-07-09,17.356975,17.710665,17.291477,17.684465,24905000
2010-07-12,17.638618,17.769613,17.396274,17.723764,18761700
2010-07-13,17.926811,18.391847,17.894062,18.300150,31658500
2010-07-14,18.142956,18.195355,17.848215,18.116756,31305800
2010-07-15,18.241196,18.444240,17.697563,18.214996,48127100
2010-07-16,17.972659,17.992307,17.134283,17.186682,55456400
2010-07-19,17.206334,17.291481,16.780597,17.042589,34667100
2010-07-20,16.682344,16.977085,16.570997,16.970535,47672300
2010-07-21,18.031610,18.077459,17.009840,17.068789,70914600
2010-07-22,17.435575,18.005407,17.389725,17.939909,53000300
2010-07-23,17.900610,18.044705,17.684467,17.959558,25737000
2010-07-26,17.979203,18.287043,17.835106,18.280493,22724200
2010-07-27,18.607981,18.843774,18.496634,18.594881,38411500
2010-07-28,18.503187,18.693132,18.287043,18.385290,23935100
2010-07-29,18.549041,18.660388,17.998858,18.136404,30045500
2010-07-30,17.861311,18.332896,17.848211,18.162601,27490900
2010-08-02,18.529390,18.719334,18.306697,18.712784,28005100
2010-08-03,18.634185,18.660383,18.300145,18.418041,29544200
2010-08-04,18.483657,18.536148,18.175268,18.326181,28936700
2010-08-05,18.181834,18.345871,18.083412,18.293379,21881200
2010-08-06,18.037480,18.221202,17.873443,18.208078,38637900
2010-08-09,18.306501,18.549276,18.057166,18.523029,29199300
2010-08-10,18.332740,18.418039,18.050597,18.221195,29837400
2010-08-11,17.886562,17.971861,17.230415,17.256660,39624100
2010-08-12,17.059814,17.315711,16.974516,17.059814,31944800
2010-08-13,17.053256,17.256661,16.935149,16.954834,25494200
2010-08-16,16.843284,17.000759,16.744863,16.849846,24593600
2010-08-17,17.033571,17.066379,16.541461,16.626760,49481000
2010-08-18,16.600518,16.843293,16.462727,16.653009,38076300
2010-08-19,16.469285,16.639884,15.924684,16.029667,51516800
2010-08-20,16.029667,16.213388,15.924684,16.141212,40025600
2010-08-23,16.311816,16.324938,15.872197,15.898442,33766900
2010-08-24,15.721283,15.780336,15.445703,15.511316,55658300
2010-08-25,15.360403,15.517878,15.104506,15.485071,55554200
2010-08-26,15.570367,15.813141,15.353838,15.412891,41212900
2010-08-27,15.511311,15.747524,15.399766,15.747524,45099500
2010-08-30,15.701593,15.734400,15.242290,15.255413,37964800
2010-08-31,15.209484,15.537558,15.111063,15.452258,35713300
2010-09-01,15.688472,16.239635,15.590050,16.180582,53882000
2010-09-02,16.193704,16.475848,16.154336,16.469286,38196400
2010-09-03,16.895781,17.145116,16.790797,16.954834,42741400
2010-09-07,16.777670,16.849847,16.344614,16.351175,30986700
2010-09-08,16.423354,16.666128,16.423354,16.548021,22687800
2010-09-09,16.869541,17.066385,16.548029,16.856419,28728700
2010-09-10,16.948272,17.040132,16.843289,16.895781,19893500
2010-09-13,17.302586,17.578167,17.223847,17.387884,39588200
2010-09-14,17.256667,17.276352,16.987647,17.099192,29814000
2010-09-15,16.876096,17.348522,16.803921,17.282907,32614200
2010-09-16,17.164807,17.243545,16.994208,17.099192,28999400
2010-09-17,17.302597,17.302597,16.974523,17.066383,34400600
2010-09-20,17.118869,17.486311,17.007324,17.427258,30529000
2010-09-21,17.473195,17.689724,17.250106,17.309158,32217500
2010-09-22,17.302591,17.374767,16.876095,16.935148,32251200
2010-09-23,16.600513,16.843288,16.429916,16.429916,59315100
2010-09-24,16.705495,16.882655,16.620196,16.790794,46480600
2010-09-27,16.876096,17.007325,16.725182,16.751429,28381000
2010-09-28,16.784241,16.974524,16.475852,16.633327,38697900
2010-09-29,16.541460,16.646445,16.344617,16.429916,37676000
2010-09-30,16.561145,16.817042,16.416794,16.482409,37365700
2010-10-01,16.600510,16.856408,16.482405,16.771109,32117900
2010-10-04,16.738309,16.922031,16.548026,16.653009,25645400
2010-10-05,16.843293,17.289473,16.666133,17.223858,42788700
2010-10-06,17.204169,17.381329,17.145115,17.256660,31852900
2010-10-07,17.368203,17.440379,16.954831,17.059814,27293900
2010-10-08,17.184487,17.223855,16.876097,17.027012,29467900
2010-10-11,17.033577,17.125438,16.705503,16.830172,24637400
2010-10-12,16.692381,17.086069,16.600519,17.046700,37344700
2010-10-13,17.210730,17.282906,16.817042,16.935148,41846800
2010-10-14,16.698936,16.725181,15.878752,16.219948,117397100
2010-10-15,16.403675,16.403675,15.334155,15.471946,144985700
2010-10-18,15.544117,16.324931,15.511309,16.318371,66672500
2010-10-19,16.187144,16.613639,16.003423,16.108406,72213100
2010-10-20,15.924690,17.040139,15.859075,16.797365,101499400
2010-10-21,16.908904,17.328837,15.662225,17.079502,52489800
2010-10-22,17.079501,17.223852,16.895779,17.131992,26633200
2010-10-25,17.302597,17.335404,16.744872,16.876101,36779700
2010-10-26,16.797358,17.053255,16.718620,17.000763,30595600
2010-10-27,16.856412,17.059817,16.797359,16.895781,35352000
2010-10-28,16.954836,17.033573,16.803922,17.020451,23976400
2010-10-29,16.941717,17.145122,16.843295,17.099192,24018000
2010-11-01,17.079502,17.125432,16.797359,17.013887,24764600
2010-11-02,17.059821,17.092628,16.915469,17.040136,25101700
2010-11-03,16.921801,17.421435,16.888931,17.395138,32381400
2010-11-04,17.625231,18.078846,17.506897,18.052549,57381100
2010-11-05,18.118286,19.301630,18.111712,19.209591,79752600
2010-11-08,19.005800,19.249044,18.742836,19.091265,35734000
2010-11-09,19.091260,19.137279,18.433847,18.493013,37178800
2010-11-10,18.460143,18.815146,18.328660,18.788849,37250900
2010-11-11,18.644218,18.782274,18.394400,18.532457,23280400
2010-11-12,18.414128,18.433851,18.013106,18.105145,27040000
2010-11-15,18.157736,18.545609,18.124865,18.177458,23160300
2010-11-16,18.078849,18.164312,17.651531,17.875051,45295900
2010-11-17,17.868472,18.032825,17.592359,17.658100,31956700
2010-11-18,17.907917,18.216900,17.822454,18.085419,30765200
2010-11-19,18.032829,18.111718,17.809308,18.072273,24750900
2010-11-22,17.921064,17.986805,17.605506,17.717266,24825700
2010-11-23,17.513472,17.717271,17.441158,17.618658,30165900
2010-11-24,17.697551,17.842182,17.585791,17.822460,22038200
2010-11-26,17.697546,17.848751,17.520044,17.520044,9239700
2010-11-29,17.474020,17.980228,17.428002,17.881617,31181000
2010-11-30,17.671243,18.032821,17.651522,17.888189,33064700
2010-12-01,18.131448,18.276078,17.881631,18.098577,35338900
2010-12-02,18.164310,18.920336,18.138014,18.920336,43197400
2010-12-03,18.637647,19.150428,18.604776,19.097836,36853100
2010-12-06,18.972925,19.130704,18.887461,18.894035,27255700
2010-12-07,19.124136,19.229322,18.683669,18.716539,30166400
2010-12-08,18.769133,19.308212,18.736263,19.308212,31376300
2010-12-09,19.426542,19.794693,19.387097,19.768396,45744200
2010-12-10,19.932744,20.090523,19.827558,19.899874,40143400
2010-12-13,20.044508,20.097101,19.722376,19.867006,30423700
2010-12-14,19.807838,19.945895,19.498854,19.604040,26799300
2010-12-15,19.577746,19.807839,19.492281,19.584320,36800800
2010-12-16,19.617185,19.959040,19.525148,19.735519,34396900
2010-12-17,19.715808,19.880161,19.531732,19.696085,37736800
2010-12-20,19.735527,19.906455,19.623767,19.788120,22290400
2010-12-21,19.801266,20.307472,19.761820,20.261454,25481400
2010-12-22,20.300898,20.780810,20.287751,20.583586,29063200
2010-12-23,20.530990,20.616454,20.287748,20.373211,16954800
2010-12-27,20.320624,20.603311,20.235161,20.517847,13823700
2010-12-28,20.419238,20.577017,20.379793,20.511276,14863300
2010-12-29,20.530997,20.563868,20.366643,20.392941,12280700
2010-12-30,20.406085,20.458678,20.182565,20.261454,11675700
2010-12-31,20.195709,20.399508,20.156265,20.373211,12108400
2011-01-03,20.577008,20.813677,20.484970,20.761084,34397100
2011-01-04,20.807106,20.997756,20.701920,20.807106,30341100
2011-01-05,20.649331,21.365911,20.642757,21.280447,43245600
2011-01-06,21.135815,21.346186,21.116091,21.135815,32500000
2011-01-07,21.188403,21.188403,20.143117,20.708492,81572300
2011-01-10,20.491553,20.675629,20.360070,20.511276,30263400
2011-01-11,20.833412,20.833412,20.406093,20.642761,27230700
2011-01-12,20.859699,21.135814,20.787384,21.043774,29181000
2011-01-13,21.122670,21.129243,20.839982,20.964890,25139400
2011-01-14,20.918866,21.569706,20.918866,21.530260,34358900
2011-01-18,21.549990,21.688049,21.076655,21.359343,35506000
2011-01-19,21.076645,21.543407,20.807105,20.912291,51635900
2011-01-20,21.037205,21.300171,20.787389,20.964890,34435600
2011-01-21,21.214699,21.503960,21.070067,21.372477,35549000
2011-01-24,21.365910,21.503966,21.333040,21.497393,27472000
2011-01-25,21.379058,21.503966,21.030629,21.497393,28232300
2011-01-26,21.523689,21.582856,21.306741,21.333038,25866200
2011-01-27,21.175269,21.398789,21.083231,21.365919,23077200
2011-01-28,21.425076,21.563132,20.899146,20.932016,30345800
2011-01-31,21.024054,21.365909,20.859701,21.313314,23646400
2011-02-01,21.438220,22.016744,21.385626,21.983871,31359000
2011-02-02,21.825866,21.904873,21.516419,21.542755,24766100
2011-02-03,21.503248,21.707352,21.397905,21.562504,18950200
2011-02-04,21.536172,21.654684,21.312317,21.569092,18236900
2011-02-07,21.727097,22.089215,21.687593,21.937784,21356800
2011-02-08,21.918036,22.550096,21.858780,22.451336,39820700
2011-02-09,21.878528,22.161638,21.555914,21.812689,71834200
2011-02-10,21.773190,22.010213,21.562503,21.727102,31174900
2011-02-11,21.523005,22.313082,21.496671,22.227489,40581700
2011-02-14,22.141890,22.425001,22.115554,22.299904,17735100
2011-02-15,22.345994,22.510594,22.108974,22.174812,24395000
2011-02-16,22.194566,22.240654,21.384738,21.924623,86403000
2011-02-17,21.766602,21.858777,21.648090,21.694178,26621100
2011-02-18,21.733686,21.773191,21.292561,21.490080,43900100
2011-02-22,21.048956,21.226725,20.495902,20.660501,59143100
2011-02-23,20.686832,20.858016,20.278625,20.739504,38562600
2011-02-24,20.462981,20.798764,20.370806,20.700005,35604200
2011-02-25,21.292563,21.555923,21.233307,21.332067,46480100
2011-02-28,21.411068,21.509826,21.095038,21.239883,30717000
2011-03-01,21.292561,21.371568,20.805347,20.838266,34960100
2011-03-02,20.673665,21.035785,19.633398,20.772425,31044700
2011-03-03,21.035780,21.417649,21.022612,21.338642,31246600
2011-03-04,21.253061,21.305734,20.785600,21.009455,39680800
2011-03-07,21.193804,21.312315,20.811935,20.884357,23555800
2011-03-08,21.035781,21.582249,20.969941,21.404482,33966900
2011-03-09,21.384734,21.707350,21.220135,21.595421,24760800
2011-03-10,21.272817,21.450584,21.075295,21.108217,29742100
2011-03-11,21.042365,21.384732,21.029198,21.318893,22893500
2011-03-14,21.062122,21.226722,20.897522,21.134544,27021900
2011-03-15,20.706584,21.272806,20.541985,21.246469,42774600
2011-03-16,21.259641,21.318897,20.476148,20.561739,48008900
2011-03-17,20.818515,20.871186,20.166700,20.647331,50554400
2011-03-18,20.963364,21.312313,20.818517,20.956779,63760300
2011-03-21,21.226717,21.233300,20.713166,20.989693,32893300
2011-03-22,20.963363,20.976531,20.739508,20.746092,24174100
2011-03-23,20.699999,20.752671,20.357632,20.706583,25385700
2011-03-24,20.601006,20.858355,20.495428,20.812164,20992300
2011-03-25,20.785760,21.260864,20.713175,21.076101,23474900
2011-03-28,21.135495,21.142095,20.851754,20.858353,17533000
2011-03-29,20.858361,20.858361,20.627408,20.845163,21738700
2011-03-30,20.990330,21.168495,20.851758,21.056316,19395700
2011-03-31,20.858356,20.983729,20.805566,20.924341,21679800
2011-04-01,21.175095,21.293871,20.996931,21.155300,24788900
2011-04-04,21.102510,21.201491,20.798972,20.983734,24425900
2011-04-05,20.963932,21.293865,20.858354,21.109102,23086800
2011-04-06,21.194890,21.458837,21.029925,21.379654,34716200
2011-04-07,21.359850,21.531417,21.135496,21.227877,30236500
2011-04-08,21.445639,21.465434,20.825365,20.864958,25826800
2011-04-11,20.864959,20.990332,20.634006,20.719788,27145200
2011-04-12,20.561420,20.911149,20.469039,20.719788,22836800
2011-04-13,20.812171,20.845164,20.224890,20.244686,38994300
2011-04-14,20.158899,20.185294,19.861960,19.894953,39664600
2011-04-15,20.000534,20.106113,19.703595,19.723391,78436200
2011-04-18,19.466043,19.716791,19.367063,19.479240,44730100
2011-04-19,19.584816,19.894952,19.532027,19.842163,40190900
2011-04-20,19.314269,19.419847,18.614810,19.023928,143256200
2011-04-21,19.109710,19.162500,18.674198,18.832567,67291500
2011-04-25,18.806171,19.004130,18.779775,18.845762,32213300
2011-04-26,18.924952,19.070122,18.753387,19.050327,34600000
2011-04-27,19.096514,19.386854,19.037126,19.314270,31409900
2011-04-28,19.202093,19.380257,19.202093,19.314270,37234200
2011-04-29,19.274674,19.413247,19.129504,19.208689,27800000
2011-05-02,19.360466,19.373663,19.096520,19.221893,30771000
2011-05-03,19.063518,19.485833,19.037124,19.472635,31819500
2011-05-04,19.485888,19.578646,19.055224,19.068476,40496200
2011-05-05,19.022100,19.088357,18.399295,18.637815,53431000
2011-05-06,18.843206,18.942590,18.631187,18.717319,35833900
2011-05-09,18.598061,18.863085,18.584809,18.690819,21580100
2011-05-10,18.776949,18.935963,18.750446,18.902836,25331200
2011-05-11,18.856461,18.962472,18.571562,18.657694,28456300
2011-05-12,18.697445,18.737200,18.352915,18.704071,27282700
2011-05-13,18.737195,18.816701,18.452294,18.505299,32371800
2011-05-16,18.432417,18.776948,18.405915,18.458920,32320800
2011-05-17,18.405915,19.055223,18.386037,19.048597,40162800
2011-05-18,19.028725,19.174489,18.856459,19.161238,23852500
2011-05-19,19.220869,19.267248,18.856460,18.955845,25207600
2011-05-20,18.863088,18.955847,18.518558,18.551685,29293400
2011-05-23,18.280037,18.505308,18.233658,18.240284,28094700
2011-05-24,18.266777,18.372786,18.140890,18.306530,21103400
2011-05-25,18.174019,18.492047,18.174019,18.260151,20648700
2011-05-26,18.200521,18.439043,18.160768,18.352911,18407800
2011-05-27,18.372788,18.869708,18.359537,18.644438,24528200
2011-05-31,18.816707,18.929342,18.598062,18.796831,27428500
2011-06-01,18.790206,18.790206,17.836119,17.849371,46071600
2011-06-02,17.915624,18.121017,17.471709,17.995131,54133000
2011-06-03,17.670475,18.107765,17.630722,17.796362,31962700
2011-06-06,17.471707,17.723479,17.279564,17.398825,43207700
2011-06-07,17.471707,17.624096,17.027792,17.074171,43318200
2011-06-08,17.133799,17.345818,16.736263,16.802519,56130000
2011-06-09,16.888654,17.471707,16.795896,17.372322,43128400
2011-06-10,17.206690,17.590975,17.001297,17.412085,46257400
2011-06-13,17.650601,17.909000,17.511464,17.822866,41440900
2011-06-14,18.034884,18.299909,17.829490,17.902372,42166500
2011-06-15,17.670471,17.756603,17.286186,17.590963,43190200
2011-06-16,17.584344,17.869244,17.465083,17.756609,39935600
2011-06-17,18.015013,18.200529,17.955382,18.107771,46513800
2011-06-20,18.001750,18.101134,17.736727,17.855988,31769100
2011-06-21,17.981878,18.260154,17.855993,18.193897,29746600
2011-06-22,18.147516,18.498673,18.087886,18.134266,31172600
2011-06-23,17.829495,18.048140,17.617476,17.915628,46395300
2011-06-24,17.935499,18.167396,17.703603,18.061386,44103400
2011-06-27,18.015005,18.346285,18.008380,18.187271,30881900
2011-06-28,18.326411,18.352914,18.028258,18.213776,35223100
2011-06-29,18.485420,18.637808,18.240273,18.598055,38475600
2011-06-30,18.637815,18.750451,18.458925,18.591436,29556000
2011-07-01,18.604684,19.048599,18.525176,18.995594,30309400
2011-07-05,18.896210,18.922712,18.604684,18.829954,31275200
2011-07-06,18.531801,18.670939,18.313156,18.631186,29465000
2011-07-07,19.008847,19.174487,18.935965,18.988970,28868600
2011-07-08,18.737196,18.816703,18.591432,18.750446,24149500
2011-07-11,18.452297,18.558306,18.187273,18.280031,28903200
2011-07-12,18.127646,18.498679,18.121020,18.147522,25518600
2011-07-13,18.306539,18.617943,18.200529,18.240284,28163200
2011-07-14,18.339656,18.419163,18.041504,18.074633,27128100
2011-07-15,18.167403,18.240285,17.849374,18.008389,34385200
2011-07-18,17.908999,18.054762,17.471710,17.809614,49007200
2011-07-19,18.081258,18.975713,17.981873,18.823324,64679100
2011-07-20,18.929339,19.340127,18.916087,19.015472,44396200
2011-07-21,19.247368,19.631653,19.114857,19.466013,46306800
2011-07-22,19.472641,19.499144,19.200992,19.307001,25926400
2011-07-25,19.121474,19.240735,18.949209,19.181105,27127500
2011-07-26,19.181116,19.393135,19.035352,19.194366,22662900
2011-07-27,19.147982,19.247365,18.849830,18.935963,40987100
2011-07-28,18.988968,19.187736,18.684191,18.750446,26866800
2011-07-29,18.531803,18.896211,18.405917,18.511927,38011600
2011-08-01,18.796825,18.843204,18.200520,18.505299,31121600
2011-08-02,18.286664,18.425801,18.008389,18.008389,35543600
2011-08-03,18.028346,18.241306,17.828697,18.168100,33577000
2011-08-04,17.822048,18.028352,17.076689,17.129929,51507800
2011-08-05,17.396120,17.562494,16.577557,16.777206,58462000
2011-08-08,16.437808,16.996826,15.226600,15.259875,107020900
2011-08-09,16.204879,16.544283,15.073531,16.491043,104006100
2011-08-10,16.111708,16.171603,15.026947,15.226596,86503900
2011-08-11,15.439556,16.451113,15.379661,16.164949,73369600
2011-08-12,16.504354,16.790518,15.858821,16.058470,50527400
2011-08-15,16.344640,16.677389,16.337985,16.650770,35854000
2011-08-16,16.391218,16.590868,16.191569,16.337978,37863500
2011-08-17,16.544289,16.790523,16.377915,16.557598,30987300
2011-08-18,16.151640,16.271430,15.599276,15.785615,54908900
2011-08-19,15.559351,15.938687,15.319773,15.546042,56250900
2011-08-22,16.031849,16.051814,15.173356,15.233251,51264900
2011-08-23,15.333080,15.938683,15.066879,15.932028,45910400
2011-08-24,15.978610,16.511008,15.832201,16.258120,40816200
2011-08-25,16.877035,17.223093,16.198226,16.477736,57371600
2011-08-26,16.238149,16.557587,15.818885,16.364594,40700300
2011-08-29,16.577559,16.936929,16.570904,16.916964,28990900
2011-08-30,16.797173,17.043407,16.637453,16.903652,28148200
2011-08-31,17.103295,17.436044,16.976850,17.369493,40392400
2011-09-01,17.376163,17.462677,16.770559,16.790524,38742000
2011-09-02,16.278087,16.384568,16.005233,16.105059,42752900
2011-09-06,15.579310,15.998575,15.486141,15.918715,44239400
2011-09-07,16.271433,16.650767,16.051819,16.610836,35509900
2011-09-08,16.417840,16.524320,16.158296,16.238155,30515500
2011-09-09,16.011887,16.158297,15.592623,15.652518,46465800
2011-09-12,15.366356,16.071784,15.306461,16.038509,46200700
2011-09-13,16.198228,16.577562,16.078438,16.211538,34748500
2011-09-14,16.291401,16.610840,15.898757,16.431156,34475300
2011-09-15,16.657421,16.783865,16.444461,16.763901,31740600
2011-09-16,16.877034,16.910308,16.318015,16.604179,43811100
2011-09-19,16.198225,16.344635,16.005230,16.191570,34552600
2011-09-20,16.258122,16.750590,16.131677,16.417841,36200400
2011-09-21,16.504362,16.737287,15.765660,15.778969,66061000
2011-09-22,15.379658,15.579306,15.106804,15.419587,61762900
2011-09-23,15.266525,15.912058,15.246560,15.765649,46958000
2011-09-26,15.945339,16.564252,15.805585,16.497704,46418300
2011-09-27,16.897000,17.302955,16.457772,16.610836,50743100
2011-09-28,16.610830,16.857065,16.244807,16.271427,40277800
2011-09-29,16.690699,16.817144,16.045166,16.630804,42439200
2011-09-30,16.357945,16.684039,16.045162,16.051817,40205200
2011-10-03,16.005231,16.298051,15.412938,15.426249,44760600
2011-10-04,15.246564,16.151642,15.046915,16.111712,61000000
2011-10-05,16.051812,16.444455,15.712408,16.304701,41426500
2011-10-06,16.251466,16.943584,15.932027,16.883690,41514800
2011-10-07,16.976860,16.983515,16.331327,16.331327,42315700
2011-10-10,16.830450,17.396122,16.790519,17.389467,38967600
2011-10-11,17.249713,17.515912,17.083339,17.336227,33668700
2011-10-12,17.542525,18.327813,17.469320,17.935169,54694200
2011-10-13,17.688945,17.688945,17.076686,17.382816,41606200
2011-10-14,17.695601,17.828701,17.169856,17.748840,39545600
2011-10-17,16.797177,16.903657,16.171608,16.251469,77765400
2011-10-18,16.537628,17.436051,16.318014,17.209782,69467900
2011-10-19,17.163196,17.422740,16.704002,16.757242,42878200
2011-10-20,16.797177,17.243061,16.584217,17.143236,35366200
2011-10-21,17.362851,17.622395,17.243061,17.509260,49625100
2011-10-24,17.316266,17.795425,17.296301,17.649015,37427600
2011-10-25,17.436054,17.436054,16.916965,17.003479,39377100
2011-10-26,17.329576,17.362851,16.890346,17.143236,53053100
2011-10-27,17.941836,18.301206,17.529228,18.015041,66818300
2011-10-28,17.848661,18.208030,17.609081,18.021690,36000200
2011-10-31,17.549187,17.742181,17.223092,17.243057,41518700
2011-11-01,16.491043,17.043407,16.331324,16.484388,52809300
2011-11-02,16.798693,17.012689,16.658257,16.939127,39223800
2011-11-03,17.133073,17.320318,16.751891,17.260132,30803800
2011-11-04,17.052809,17.233369,16.838813,16.985935,27170400
2011-11-07,16.985942,17.099628,16.758571,16.999317,24587900
2011-11-08,17.079567,17.808490,17.072879,17.741617,42714300
2011-11-09,17.333686,17.420621,16.604762,16.711760,46938400
2011-11-10,16.865569,17.006004,16.618137,16.771946,30472200
2011-11-11,17.012693,17.220002,16.985943,17.153128,25833300
2011-11-14,17.072878,17.099627,16.685010,16.785320,29278000
2011-11-15,16.711762,17.032756,16.598076,16.912384,28387500
2011-11-16,16.751882,17.099626,16.598073,16.678322,36164200
2011-11-17,16.671635,16.899006,16.364015,16.497763,39889500
2011-11-18,16.551267,16.765263,16.464331,16.511143,31119100
2011-11-21,16.170082,16.357328,16.069772,16.170082,32214100
2011-11-22,16.136650,16.350647,15.989528,16.002903,37236500
2011-11-23,15.788905,15.849092,15.508035,15.521409,35928800
2011-11-25,15.588289,15.889222,15.568228,15.722037,14601000
2011-11-28,16.437578,16.437578,15.969461,16.150021,32648300
2011-11-29,16.183456,16.343953,15.982834,16.103207,27692400
2011-11-30,16.731820,17.353747,16.578011,17.293560,51597900
2011-12-01,17.133067,17.293564,16.939132,17.146441,25810900
2011-12-02,17.246752,17.701493,17.206627,17.433998,36436400
2011-12-05,17.668056,18.015800,17.534307,17.882051,34440500
2011-12-06,17.748309,17.975678,17.688122,17.821869,22431700
2011-12-07,17.688119,18.196359,17.621245,18.089361,28082500
2011-12-08,17.848615,17.955613,17.427309,17.514246,29405800
2011-12-09,17.607867,18.062609,17.581118,17.995735,28607100
2011-12-12,17.808495,17.841933,17.434002,17.581125,24916000
2011-12-13,17.754995,17.775058,17.032758,17.246756,31517500
2011-12-14,16.979252,17.520931,16.979252,17.293560,33698900
2011-12-15,17.480811,17.594497,17.092943,17.126381,32596500
2011-12-16,17.260130,17.460752,17.220006,17.373816,43828300
2011-12-19,17.480813,17.520938,16.838825,16.925760,28759600
2011-12-20,17.286878,17.848618,17.199941,17.721558,37826000
2011-12-21,17.761679,17.982363,17.527621,17.982363,28577200
2011-12-22,17.995734,18.289979,17.989046,18.223104,38975400
2011-12-23,18.330109,18.704602,18.316734,18.584230,27457800
2011-12-27,18.530729,18.651102,18.463856,18.463856,14090300
2011-12-28,18.450484,18.537419,18.109427,18.129490,18306800
2011-12-29,18.223112,18.610980,18.203050,18.564169,20122000
2011-12-30,18.483915,18.577539,18.423729,18.430416,15071100
2012-01-03,18.684533,19.072401,18.684533,19.012215,40071200
2012-01-04,18.952037,19.186096,18.751416,19.099159,27519200
2012-01-05,19.059025,19.781262,18.891840,19.406769,48435100
2012-01-06,19.286403,19.446900,19.032282,19.353277,32303500
2012-01-09,19.493710,19.647520,19.393400,19.594021,25720100
2012-01-10,19.888271,19.928395,19.513778,19.667587,29860100
2012-01-11,19.560584,19.848142,19.446899,19.808018,30908700
2012-01-12,19.908330,20.022016,19.553899,19.801332,29175900
2012-01-13,19.326528,19.821394,19.293091,19.801332,43051100
2012-01-17,20.042077,20.523569,19.834768,19.948454,50040400
2012-01-18,19.801327,20.256069,19.727766,20.222631,42454000
2012-01-19,20.302883,20.356382,20.055449,20.162447,33156700
2012-01-20,20.149072,20.443317,20.035387,20.423256,37193700
2012-01-23,20.423260,20.757629,20.356386,20.677380,35272800
2012-01-24,20.363069,20.496816,20.169135,20.423256,28199400
2012-01-25,20.276134,20.336321,20.035388,20.195887,34173600
2012-01-26,20.343006,20.343006,19.259650,19.426834,54668100
2012-01-27,19.313149,19.894952,19.239589,19.794641,31196200
2012-01-30,19.560585,19.614084,19.413463,19.560585,22814800
2012-01-31,19.727769,19.727769,19.380025,19.533834,31203600
2012-02-01,19.896446,20.205335,19.842726,20.071035,34825000
2012-02-02,20.131459,20.212039,19.936726,20.077740,24624600
2012-02-03,20.440356,20.621659,20.379922,20.567940,46264900
2012-02-06,20.420211,20.487361,20.198618,20.279198,23337800
2012-02-07,20.158322,20.473925,20.144892,20.319481,25436800
2012-02-08,20.346346,20.567940,20.232191,20.567940,31639700
2012-02-09,20.668661,20.715665,20.339628,20.534361,29693200
2012-02-10,20.265761,20.413490,20.198611,20.319481,20049600
2012-02-13,20.547796,20.648520,20.447071,20.561226,21961600
2012-02-14,20.366491,20.500791,20.158327,20.426926,23510000
2012-02-15,20.561232,20.628381,20.178478,20.259058,27140300
2012-02-16,20.319484,20.460497,20.111320,20.393349,26470800
2012-02-17,20.520935,20.903688,20.373207,20.876829,35720000
2012-02-21,20.910397,21.131991,20.688804,20.789528,29334500
2012-02-22,20.682092,20.755957,20.480644,20.541079,29074600
2012-02-23,20.581377,20.601522,20.332924,20.581377,23327000
2012-02-24,20.440357,20.588086,20.158329,20.265768,21604000
2012-02-27,20.178473,20.903689,20.138183,20.836540,36242500
2012-02-28,20.823111,21.125283,20.802965,21.064850,30734800
2012-02-29,21.098423,21.420741,20.964124,21.011129,33656100
2012-03-01,21.192428,21.320013,21.024554,21.178999,27218100
2012-03-02,21.246152,21.299871,20.964123,21.004414,22716500
2012-03-05,20.917123,20.923838,20.614950,20.796253,21920400
2012-03-06,20.487362,20.520936,20.138183,20.218763,29644200
2012-03-07,20.326199,20.641802,20.265764,20.420208,23750200
2012-03-08,20.722384,21.145426,20.621658,21.084991,28442300
2012-03-09,21.145426,21.420740,21.011128,21.259581,24042700
2012-03-12,21.219288,21.252863,20.870110,21.158854,23677000
2012-03-13,21.380447,22.548852,21.273007,22.380978,62583800
2012-03-14,22.407839,22.461560,21.897503,22.407839,53025300
2012-03-15,22.495139,22.884608,22.233255,22.877892,45009500
2012-03-16,22.918176,22.918176,22.582427,22.757015,39886400
2012-03-19,22.656298,23.227069,22.501852,22.998760,36658700
2012-03-20,22.871175,23.173346,22.656296,23.045763,34156500
2012-03-21,23.166625,23.180055,22.830877,22.844307,29346900
2012-03-22,22.541246,22.763492,22.379610,22.467163,30065600
2012-03-23,22.487369,22.689412,22.420023,22.581656,25470400
2012-03-26,22.837578,23.160847,22.689413,23.160847,27043300
2012-03-27,23.167575,23.214718,22.844305,22.898184,24979000
2012-03-28,22.830846,23.214727,22.830846,23.214727,29445400
2012-03-29,23.140638,23.181045,22.588388,22.857777,31559500
2012-03-30,23.019423,23.019423,22.736561,22.992483,26891100
2012-04-02,22.783698,23.295538,22.763492,23.241659,24606100
2012-04-03,23.133900,23.261862,22.979001,23.221453,26009000
2012-04-04,22.958806,23.093502,22.642272,22.817377,26655600
2012-04-05,22.750024,22.911659,22.649004,22.716351,19563100
2012-04-09,22.265119,22.716347,22.211240,22.507568,22890500
2012-04-10,22.480642,22.675949,22.123698,22.170841,34674500
2012-04-11,22.568186,22.837578,22.507573,22.642269,29673900
2012-04-12,22.689411,23.005945,22.574921,22.911659,31469600
2012-04-13,22.716352,22.810638,22.090019,22.116959,41933000
2012-04-16,22.345939,22.527777,22.002464,22.325735,30129800
2012-04-17,22.440224,22.750023,22.413285,22.682676,23724900
2012-04-18,22.534514,22.723089,22.446964,22.608597,19718500
2012-04-19,22.696144,22.743287,22.150628,22.305527,25355100
2012-04-20,22.379615,22.440228,22.157370,22.224716,23511000
2012-04-23,21.988995,22.069811,21.840829,22.015932,27262400
2012-04-24,22.090019,22.325738,22.049612,22.271858,19978200
2012-04-25,22.426755,22.541247,22.137160,22.460428,20489000
2012-04-26,22.426754,22.797166,22.366141,22.790432,23413600
2012-04-27,22.837580,22.884723,22.635538,22.743294,19831300
2012-04-30,22.729817,22.743287,22.292056,22.507568,20361100
2012-05-01,22.595122,23.100229,22.494102,22.958799,25970300
2012-05-02,22.843571,22.904577,22.565652,22.755449,19156700
2012-05-03,22.904581,22.904581,22.531764,22.633440,18647800
2012-05-04,22.531764,22.653775,22.206394,22.389414,27154400
2012-05-07,22.226731,22.809683,22.219951,22.708004,28211800
2012-05-08,22.457195,22.741891,22.267395,22.470753,27069000
2012-05-09,22.240286,22.308070,22.003037,22.118273,27552100
2012-05-10,22.511421,22.707998,22.301289,22.497864,24902300
2012-05-11,22.145378,22.775779,22.043702,22.579205,36384600
2012-05-14,22.287734,22.335183,21.948808,21.969143,29761900
2012-05-15,21.881024,22.179280,21.759011,21.853912,28625200
2012-05-16,21.989480,22.179280,21.670891,21.670891,28226100
2012-05-17,21.664108,21.799678,21.304848,21.311626,46067300
2012-05-18,21.331966,21.406530,20.776128,20.972706,53576100
2012-05-21,20.965928,21.331967,20.688009,21.284517,30865500
2012-05-22,21.386189,21.996255,21.264177,21.467531,30213700
2012-05-23,21.352298,21.555653,20.999816,21.514982,30587800
2012-05-24,21.589544,21.609879,21.257397,21.562429,23765100
2012-05-25,21.569212,21.792904,21.535320,21.596327,18935300
2012-05-29,21.759009,21.867465,21.664110,21.860687,20188900
2012-05-30,21.623439,21.718339,21.365856,21.487869,28690800
2012-05-31,21.535319,21.935251,21.270957,21.725117,31879900
2012-06-01,21.284516,21.325187,20.335525,20.443981,50519500
2012-06-04,20.606663,20.606663,20.199953,20.369415,37812600
2012-06-05,20.301633,20.728678,20.247405,20.688007,24618000
2012-06-06,20.857469,20.999817,20.586329,20.993038,38718500
2012-06-07,21.318407,21.406527,21.108273,21.135387,28903000
2012-06-08,21.148948,21.304853,20.850693,21.304853,33927700
2012-06-11,21.453977,21.650554,20.986260,21.006596,26855900
2012-06-12,21.094712,21.270952,20.565988,21.216724,32437000
2012-06-13,21.189611,21.670884,21.115047,21.406523,30209200
2012-06-14,21.453978,21.860689,21.372637,21.711561,31265500
2012-06-15,21.792905,22.064044,21.548878,21.996260,39130600
2012-06-18,21.914914,22.186053,21.826793,22.003033,20933700
2012-06-19,22.172502,22.518207,22.030154,22.341965,30620000
2012-06-20,22.382630,22.477529,21.908134,22.240282,29557200
2012-06-21,22.308067,22.463972,21.874243,21.921692,31928700
2012-06-22,22.145381,22.430079,22.064039,22.240282,34799300
2012-06-25,22.003028,22.030143,21.691217,21.840345,20175000
2012-06-26,21.894578,22.009814,21.725115,21.914915,19167400
2012-06-27,22.091154,22.267394,21.955583,22.186052,17072700
2012-06-28,21.969146,22.064045,21.630221,22.016596,29698300
2012-06-29,22.477527,22.667324,22.348736,22.667324,30171700
2012-07-02,22.823229,22.863901,22.511419,22.741888,19654600
2012-07-03,22.728335,22.857128,22.606321,22.694443,13531500
2012-07-05,22.545312,22.613099,22.369072,22.457193,21927700
2012-07-06,22.199607,22.491083,22.111486,22.402962,17957600
2012-07-09,22.396182,22.755442,22.396182,22.545307,19708700
2012-07-10,22.701220,22.830011,22.199610,22.348738,21878400
2012-07-11,22.267393,22.626656,22.213166,22.552092,23266200
2012-07-12,22.382631,22.450415,22.125047,22.267395,29956400
2012-07-13,22.172502,23.019816,22.138610,22.985924,39549100
2012-07-16,22.992693,23.284169,22.863903,23.060480,29744300
2012-07-17,23.175715,23.216387,22.775783,23.128265,21711600
2012-07-18,22.992699,23.135050,22.870688,23.019814,23349300
2012-07-19,23.074043,23.277398,23.019814,23.148607,22687500
2012-07-20,23.019811,23.243503,22.884240,22.918135,24839600
2012-07-23,22.518199,22.850344,22.457192,22.667324,26461300
2012-07-24,22.707991,22.748663,22.335174,22.524971,24927200
2012-07-25,22.613100,22.646992,22.362296,22.477530,25968000
2012-07-26,22.823235,22.938471,22.558873,22.897799,22763000
2012-07-27,22.958807,23.304513,22.945250,23.148607,25808800
2012-07-30,23.148607,23.318070,22.985922,23.019814,19113800
2012-07-31,22.924912,23.046925,22.857128,22.918135,19404300
2012-08-01,22.992690,23.589199,22.911349,22.979136,41075800
2012-08-02,22.796122,22.830014,22.260619,22.599545,31475000
2012-08-03,22.884237,23.318063,22.796118,23.277391,25066400
2012-08-06,23.351952,23.426516,23.040142,23.046919,16959300
2012-08-07,23.182499,23.318070,23.019814,23.019814,16834400
2012-08-08,22.944758,23.163084,22.842416,23.074389,12444400
2012-08-09,23.026630,23.183552,22.931112,23.074389,13025800
2012-08-10,22.910645,23.163085,22.883354,23.081213,11408500
2012-08-13,22.965232,23.217671,22.917473,23.169912,11385300
2012-08-14,23.272254,23.347304,23.108508,23.169912,13204200
2012-08-15,23.204024,23.320011,23.081217,23.176735,13766800
2012-08-16,23.279074,23.333657,23.047102,23.285898,19596400
2012-08-17,23.367763,23.401876,23.169904,23.217663,16927000
2012-08-20,23.217666,23.333653,23.183553,23.244957,18147600
2012-08-21,23.360943,23.715722,23.265423,23.456461,25280400
2012-08-22,23.422349,23.511042,23.272249,23.320007,18862500
2012-08-23,23.306368,23.347305,23.115333,23.142622,17540600
2012-08-24,23.060743,23.340474,23.033452,23.224489,16677900
2012-08-27,23.258603,23.367766,23.142615,23.210844,13813000
2012-08-28,23.115327,23.367766,23.108503,23.265425,15936800
2012-08-29,23.265424,23.388233,23.244957,23.244957,12663500
2012-08-30,23.163090,23.231316,23.067573,23.108507,15140400
2012-08-31,23.204017,23.333650,23.149437,23.217663,16880100
2012-09-04,23.224489,23.285894,23.012985,23.060743,14717600
2012-09-05,23.088037,23.204022,23.019811,23.026632,16121100
2012-09-06,23.183556,23.845360,23.176735,23.770309,32143100
2012-09-07,23.852185,24.009107,23.702087,23.879477,26773900
2012-09-10,23.790772,23.838531,23.599737,23.599737,19616700
2012-09-11,23.285896,23.586094,23.265426,23.299541,28575700
2012-09-12,23.401880,23.504222,23.340476,23.422350,17146900
2012-09-13,23.429170,24.309300,23.292716,24.254717,35911100
2012-09-14,24.288824,24.971094,24.261535,24.650429,42005000
2012-09-17,24.336597,24.554926,24.090982,24.104628,32266600
2012-09-18,24.111450,24.275196,23.995463,24.179676,26286600
2012-09-19,24.322952,24.452583,24.043222,24.050043,25755900
2012-09-20,23.906765,24.036396,23.777132,24.015928,22245300
2012-09-21,24.166025,24.186495,23.743018,23.859005,67455100
2012-09-24,23.722556,24.029579,23.695265,23.947704,19628400
2012-09-25,24.029568,24.302475,23.688433,23.688433,31518500
2012-09-26,23.736201,23.743023,23.395066,23.483759,27547000
2012-09-27,23.545159,23.763488,23.463287,23.715727,21591600
2012-09-28,23.613385,23.783952,23.517867,23.558802,21511200
2012-10-01,23.729366,23.961338,23.613381,23.674786,18903300
2012-10-02,23.763490,23.790779,23.565631,23.756666,21664000
2012-10-03,23.865832,24.329776,23.811252,24.179676,29288800
2012-10-04,24.302473,24.561737,24.186488,24.541269,29103700
2012-10-05,24.629965,24.793711,24.316121,24.452576,26200600
2012-10-08,24.350237,24.520805,24.309302,24.425287,13882500
2012-10-09,24.466232,24.527636,23.859011,23.947704,40870500
2012-10-10,23.961342,24.131910,23.879470,24.036392,21229300
2012-10-11,24.282010,24.329769,23.927229,24.002279,23087800
2012-10-12,23.088035,23.483750,22.958404,23.367765,61315900
2012-10-15,23.258598,23.333648,22.876525,23.128967,50238300
2012-10-16,23.265425,23.285894,22.856063,23.012985,39858400
2012-10-17,23.149441,23.688436,23.115328,23.517868,34806200
2012-10-18,23.586088,23.770302,23.470103,23.586088,23132500
2012-10-19,23.613384,23.613384,23.210844,23.429171,27819800
2012-10-22,23.401885,23.565631,23.306367,23.538340,23043800
2012-10-23,23.224495,23.306366,22.951585,23.108507,29170300
2012-10-24,23.224495,23.374593,22.917472,23.006168,25150500
2012-10-25,23.265429,23.354125,23.012990,23.238140,18816500
2012-10-26,23.101685,23.258607,22.992522,23.176735,23257700
2012-10-31,23.326830,23.381413,22.958406,22.985695,24902700
2012-11-01,23.026635,23.238140,22.910650,23.238140,26179000
2012-11-02,23.429173,23.476932,22.965229,23.019812,19149600
2012-11-05,22.897000,23.244957,22.883354,23.210844,17548100
2012-11-06,23.231310,23.470106,23.204019,23.415524,18787700
2012-11-07,23.182063,23.182063,22.529726,22.598392,32189300
2012-11-08,22.783787,22.886789,22.193249,22.213848,28044300
2012-11-09,22.200117,22.454185,22.145182,22.213848,21637100
2012-11-12,22.282522,22.358056,22.124587,22.227587,14994700
2012-11-13,22.021581,22.351183,21.973514,21.987247,20615600
2012-11-14,22.028451,22.158918,21.458512,21.582113,30910400
2012-11-15,21.623308,21.918577,21.575241,21.678242,22953000
2012-11-16,21.712577,21.973512,21.561508,21.932312,25581200
2012-11-19,22.303120,22.392389,22.076520,22.248188,22655800
2012-11-20,22.248190,22.811261,22.158921,22.605257,23890300
2012-11-21,22.632726,22.660194,22.296258,22.378658,15861100
2012-11-23,22.557187,22.797523,22.474787,22.797523,8783100
2012-11-26,22.680786,22.694520,22.419852,22.591520,16967700
2012-11-27,22.529727,22.687662,22.371793,22.406126,18988300
2012-11-28,22.282516,22.557183,22.055913,22.529718,18115300
2012-11-29,22.680788,22.886791,22.618987,22.770056,21316700
2012-11-30,22.735714,22.811249,22.550313,22.667046,19535500
2012-12-03,22.783789,22.824990,22.481654,22.488520,19623300
2012-12-04,22.543448,22.550314,22.255044,22.481647,20296900
2012-12-05,22.605254,22.797525,22.447320,22.646456,27232100
2012-12-06,22.646450,22.838717,22.536582,22.756317,18833100
2012-12-07,22.859317,22.900515,22.660181,22.818115,18525200
2012-12-10,22.742590,22.893658,22.680789,22.694523,17977000
2012-12-11,22.735724,22.962325,22.694523,22.859325,20841900
2012-12-12,22.955450,23.291918,22.907383,23.003517,26297900
2012-12-13,22.996661,23.092795,22.797525,22.838724,18612400
2012-12-14,22.831857,22.879924,22.673923,22.763191,19231900
2012-12-17,22.831852,23.655859,22.831852,23.607792,43475600
2012-12-18,23.800062,24.163998,23.676461,24.006063,35083200
2012-12-19,24.012937,24.054136,23.758866,23.772600,33517600
2012-12-20,23.662731,24.074736,23.662731,24.074736,25128300
2012-12-21,23.820659,23.951128,23.484191,23.676458,37148300
2012-12-24,23.621532,24.033535,23.566597,23.635263,7911300
2012-12-26,23.669599,23.772598,23.484197,23.573465,14289700
2012-12-27,23.566587,23.648987,23.113383,23.470453,19264700
2012-12-28,23.271325,23.504794,23.257591,23.285059,15877700
2012-12-31,23.168318,23.518520,23.147717,23.470453,26697900
2013-01-02,24.054134,24.081601,23.855001,24.067867,30443000
2013-01-03,24.019801,24.061003,23.765733,23.868732,25374800
2013-01-04,23.752002,24.061005,23.655868,23.992336,31420300
2013-01-07,23.971731,24.012932,23.669596,23.875597,28135100
2013-01-08,23.813793,23.889328,23.642125,23.834393,20132600
2013-01-09,23.930526,24.136530,23.800059,23.834393,24589300
2013-01-10,24.054128,24.308199,23.957995,24.308199,37523100
2013-01-11,23.985467,24.157135,23.710797,24.102200,44149200
2013-01-14,24.026666,24.074733,23.703929,23.875597,23145600
2013-01-15,23.779462,24.170865,23.758860,24.109064,24837500
2013-01-16,24.012935,24.232670,23.971734,24.095335,16799200
2013-01-17,24.163998,24.184600,23.985464,24.054131,22912100
2013-01-18,24.026665,24.088466,23.690195,23.985464,31399000
2013-01-22,23.896193,24.067861,23.834392,24.060995,20931100
2013-01-23,24.054131,24.115932,23.944264,23.999199,18180200
2013-01-24,24.074740,24.349407,23.951138,24.143406,22090700
2013-01-25,24.225799,24.246401,23.999199,24.129665,19431600
2013-01-28,24.170865,24.205198,23.930528,24.109064,22067900
2013-01-29,24.102192,24.260129,24.067859,24.218927,16846900
2013-01-30,24.198187,24.232765,24.018376,24.184355,27810800
2013-01-31,24.108280,24.198186,24.059870,24.087534,16751600
2013-02-01,24.246596,24.377994,24.170522,24.295006,21009300
2013-02-04,24.156691,24.205101,23.942302,24.039122,22241600
2013-02-05,24.177440,24.274260,24.101366,24.101366,17534100
2013-02-06,24.087535,24.191269,24.004544,24.184355,24087000
2013-02-07,24.163615,24.170532,23.893901,23.969975,27095000
2013-02-08,23.990710,24.149771,23.983795,24.122110,18425800
2013-02-11,24.170519,24.474810,24.149770,24.384905,24198900
2013-02-12,24.433327,24.585472,24.357253,24.557808,19559000
2013-02-13,24.516309,24.564719,24.170522,24.295006,21344300
2013-02-14,24.218934,24.391828,24.142860,24.350332,22296200
2013-02-15,24.371085,24.454073,24.218938,24.315758,21105000
2013-02-19,24.322668,24.391827,24.260429,24.301922,25413400
2013-02-20,24.267345,24.426407,24.246599,24.274260,27539300
2013-02-21,24.239684,24.675377,24.218938,24.523230,38030800
2013-02-22,24.599297,24.779107,24.474813,24.772190,20521000
2013-02-25,24.786024,24.862098,24.046040,24.059872,27023500
2013-02-26,24.260440,24.274269,23.873157,24.032219,29601900
2013-02-27,24.080617,24.357248,23.928470,24.295006,32171300
2013-02-28,24.253512,24.460984,24.218934,24.260429,22097000
2013-03-01,24.163605,24.592382,24.101363,24.474813,20624800
2013-03-04,24.460987,24.813691,24.433326,24.792942,16880500
2013-03-05,24.889762,25.097234,24.765278,24.813688,23312000
2013-03-06,24.958915,24.993493,24.765275,24.931252,18491700
2013-03-07,24.986577,25.228627,24.951999,25.187132,21509700
2013-03-08,25.207886,25.325452,25.055739,25.242464,24042200
2013-03-11,25.297792,25.685072,25.263212,25.678158,18989900
2013-03-12,25.650494,25.712736,25.332371,25.353117,22688600
2013-03-13,25.408443,25.491431,25.263211,25.429190,15812000
2013-03-14,25.553669,25.608994,25.449932,25.567501,21874700
2013-03-15,25.837225,26.418148,25.795730,26.418148,56046200
2013-03-18,26.072351,26.210667,26.017024,26.113844,29754300
2013-03-19,26.224495,26.231412,25.816468,25.927120,23724800
2013-03-20,26.037778,26.169177,25.830304,25.892546,19049900
2013-03-21,25.698906,25.851053,25.657410,25.685074,24008300
2013-03-22,25.774974,25.851048,25.657405,25.726564,15646600
2013-03-25,25.830293,25.864874,25.546747,25.733473,20304500
2013-03-26,25.885638,25.899470,25.636671,25.795732,18635500
2013-03-27,25.650491,25.698901,25.449934,25.574417,14840800
2013-03-28,25.609000,25.615917,25.470687,25.581339,16967500
2013-04-01,25.602084,25.650494,25.415359,25.539843,10903800
2013-04-02,25.609003,25.657413,25.429194,25.505268,17094700
2013-04-03,25.498345,25.553672,25.277041,25.360029,26277200
2013-04-04,25.429184,25.920201,25.415353,25.878706,24102400
2013-04-05,25.456854,25.726568,25.325454,25.691990,24520900
2013-04-08,25.664331,25.664331,25.325458,25.602089,20087000
2013-04-09,25.691990,26.037777,25.574421,25.899462,21250100
2013-04-10,25.968615,26.176087,25.726565,25.982447,23566000
2013-04-11,25.996278,26.217581,25.691986,25.940950,30560000
2013-04-12,25.539833,25.878703,25.311612,25.733473,36662500
2013-04-15,25.602082,25.878710,25.270126,25.290873,23092300
2013-04-16,25.484509,25.740393,25.415353,25.629742,20352400
2013-04-17,25.456854,25.505264,25.069571,25.283960,31790200
2013-04-18,25.304710,25.339288,25.028079,25.083406,19322200
2013-04-19,25.180223,25.401527,25.097235,25.373863,18107000
2013-04-22,25.456845,25.491423,25.173300,25.401518,14432000
2013-04-23,25.484515,25.685072,25.387695,25.678158,19883100
2013-04-24,25.726569,25.899463,25.685074,25.823389,16740700
2013-04-25,25.913293,26.141511,25.816473,26.030859,14861200
2013-04-26,25.975540,26.196844,25.906381,26.196844,17814600
2013-04-29,26.245254,26.266000,26.113853,26.196844,16016500
2013-04-30,26.252156,26.307483,25.961696,26.265987,20585300
2013-05-01,26.210666,26.252159,25.788806,25.906372,17639200
2013-05-02,25.940952,26.037775,25.851049,25.871796,13205400
2013-05-03,26.100025,26.224506,26.003203,26.100025,15878400
2013-05-06,26.182999,26.272905,26.100011,26.210663,14228700
2013-05-07,26.293659,26.667109,26.217585,26.556458,23273300
2013-05-08,26.584334,26.953754,26.521602,26.800411,18741300
2013-05-09,26.793438,26.842230,26.333405,26.410078,27766600
2013-05-10,26.514632,26.598273,26.361286,26.507660,16390500
2013-05-13,26.514640,26.688895,26.368267,26.626163,12774700
2013-05-14,26.667977,27.037400,26.633127,27.016487,21730600
2013-05-15,26.974663,27.448637,26.911931,27.392874,25696800
2013-05-16,27.378933,27.699564,27.246500,27.364992,22959500
2013-05-17,27.476515,27.818056,27.413786,27.797146,24390400
2013-05-20,27.811097,28.082935,27.776244,28.020203,18939000
2013-05-21,28.110819,28.438416,27.999293,28.354774,23049200
2013-05-22,28.382649,28.647515,27.873825,27.950495,30388300
2013-05-23,27.462590,28.187489,27.462590,27.887770,24730000
2013-05-24,27.546223,28.089898,27.532283,28.048079,17121900
2013-05-28,28.438409,28.563873,28.166572,28.243244,20993200
2013-05-29,28.131710,28.508101,28.027156,28.403547,22848100
2013-05-30,28.431437,28.989052,28.368705,28.752066,22022700
2013-05-31,28.759046,28.821778,28.264162,28.264162,26904700
2013-06-03,28.459310,28.549921,27.873813,28.389606,23638000
2013-06-04,28.438407,28.696303,28.173538,28.187479,18708700
2013-06-05,28.048081,28.264155,27.643808,27.755331,21099300
2013-06-06,27.671684,28.410523,27.601981,28.382645,24721900
2013-06-07,28.738125,28.842679,28.445378,28.752066,23459300
2013-06-10,28.926313,29.058746,28.696295,28.765999,16340600
2013-06-11,28.424460,28.717210,28.292027,28.340818,18368500
2013-06-12,28.431443,28.542966,27.964439,28.068993,18320100
2013-06-13,28.082932,28.570847,28.020200,28.535994,17377700
2013-06-14,28.466299,28.619644,27.950503,27.992325,19475700
2013-06-17,28.292038,28.375680,28.117783,28.305979,15494200
2013-06-18,28.382650,28.556905,28.319918,28.466291,15784400
2013-06-19,28.424460,28.703269,28.312937,28.340818,20898800
2013-06-20,28.082939,28.340836,27.866862,27.943535,29302200
2013-06-21,28.326883,28.717215,27.985344,28.549929,38847800
2013-06-24,28.215358,28.229299,27.462578,27.741385,31047900
2013-06-25,27.992309,28.250206,27.804113,28.089891,22263000
2013-06-26,28.389615,28.786916,28.389615,28.591751,19405900
2013-06-27,28.842680,29.093607,28.682365,28.968143,18800400
2013-06-28,28.968135,29.009955,28.612654,28.765999,20249300
2013-07-01,28.968146,29.246952,28.766009,28.828741,16177100
2013-07-02,28.717217,28.982085,28.584781,28.731157,15558700
2013-07-03,28.563871,28.786918,28.431439,28.731157,8074400
2013-07-05,28.898439,29.323622,28.877530,29.323622,14933800
2013-07-08,29.525763,29.950945,29.476972,29.853363,22830100
2013-07-09,29.936996,30.027609,29.435141,29.762741,22540600
2013-07-10,29.658191,29.679103,29.093607,29.323622,25414800
2013-07-11,29.602431,29.637281,28.884499,29.198158,32231700
2013-07-12,29.693043,30.006702,29.414236,29.713955,35799500
2013-07-15,29.957916,30.222784,29.950947,30.215813,21926700
2013-07-16,30.215805,30.285509,29.867296,29.985790,21829100
2013-07-17,30.111259,30.585233,30.090347,30.327333,23959200
2013-07-18,30.473699,31.080105,30.438846,30.954641,23443500
2013-07-19,30.961620,31.198607,30.759486,30.982533,18904400
2013-07-22,31.003434,31.212540,30.857061,31.107988,18409400
2013-07-23,31.121938,31.219521,31.017384,31.066175,13431500
2013-07-24,31.142851,31.177702,30.843132,30.884954,17947800
2013-07-25,30.822214,30.822214,30.264597,30.424913,29467400
2013-07-26,30.355215,30.459769,30.111259,30.327333,18503800
2013-07-29,30.257624,30.320356,30.118220,30.146101,12402400
2013-07-30,30.313383,30.417935,30.104275,30.153067,18579200
2013-07-31,30.180956,30.703721,30.180956,30.320360,25488500
2013-08-01,30.801291,31.184654,30.752500,30.850082,19822300
2013-08-02,30.836150,31.052224,30.703714,31.010405,13506500
2013-08-05,30.996476,31.052236,30.822221,30.905863,14162200
2013-08-06,30.857069,30.891919,30.647964,30.689783,13788000
2013-08-07,30.416092,30.535397,30.366966,30.366966,18578700
2013-08-08,30.535386,30.577495,30.170451,30.331865,18704100
2013-08-09,30.324848,30.444156,30.177470,30.338884,10716100
2013-08-12,30.212552,30.479237,30.072191,30.317823,11087600
2013-08-13,30.352918,30.430117,30.219577,30.402044,12733900
2013-08-14,30.493271,30.549414,30.247639,30.247639,13772000
2013-08-15,30.107288,30.261682,30.044126,30.170450,17748800
2013-08-16,29.952890,30.303791,29.924817,30.002016,16238000
2013-08-19,30.149385,30.163421,29.798484,29.819540,15873700
2013-08-20,29.805515,29.945873,29.587956,29.889730,15113700
2013-08-21,29.791476,29.945870,29.566899,29.728313,14586200
2013-08-22,29.763399,29.917796,29.601985,29.812525,14037600
2013-08-23,29.952892,30.058164,29.721297,30.009035,12161600
2013-08-26,29.966930,30.058165,29.735334,29.749371,10107000
2013-08-27,29.398457,29.412494,28.801927,28.851053,19230000
2013-08-28,28.837016,29.180900,28.759818,28.949305,13927000
2013-08-29,28.815963,29.237043,28.794907,28.949305,10512600
2013-08-30,29.033528,29.068617,28.717717,28.830008,15031800
2013-09-03,29.230037,29.370395,28.815974,29.047567,15949300
2013-09-04,29.026512,29.300214,28.949313,29.124763,12465000
2013-09-05,29.159850,29.475661,29.124760,29.349337,11331000
2013-09-06,29.482683,29.489703,28.914226,29.075640,14548700
2013-09-09,29.138803,29.279163,28.696667,29.279163,27418600
2013-09-10,29.559889,29.798502,29.405494,29.791485,18702300
2013-09-11,29.819538,29.847608,29.651105,29.826555,14707900
2013-09-12,29.840599,29.938850,29.524787,29.658129,14499500
2013-09-13,29.559889,29.749375,29.524799,29.609015,9986500
2013-09-16,30.016063,30.226603,29.973954,30.100279,19286200
2013-09-17,30.156407,30.212550,29.875686,30.072189,16850300
2013-09-18,30.037103,30.752941,30.002014,30.395023,23921600
2013-09-19,30.759962,30.759962,29.994999,30.149393,15953300
2013-09-20,30.149388,30.247640,29.826560,30.072189,32062300
2013-09-23,29.770426,29.840607,29.517779,29.693230,16474300
2013-09-24,29.524797,29.686211,29.265131,29.286184,22392800
2013-09-25,29.356358,29.447590,28.977384,29.342321,19188200
2013-09-26,29.419520,29.616026,29.061603,29.201963,20495000
2013-09-27,29.173893,29.314254,29.131784,29.187929,20034100
2013-09-30,28.815971,29.152835,28.703683,28.998438,20358800
2013-10-01,29.033526,29.173887,28.837023,29.117744,12771100
2013-10-02,28.914221,28.956327,28.773860,28.956327,17782400
2013-10-03,28.928262,28.928262,28.521216,28.773865,19049600
2013-10-04,28.773864,28.984404,28.717718,28.984404,12329500
2013-10-07,28.626491,28.703689,28.507183,28.507183,15290200
2013-10-08,28.458051,28.612448,28.219438,28.240494,19256200
2013-10-09,28.373842,28.458058,28.121193,28.324717,17031000
2013-10-10,28.745789,29.103709,28.373835,29.082653,26580700
2013-10-11,28.380855,29.131782,28.282603,29.075640,46034600
2013-10-14,28.872129,29.405499,28.844056,29.300228,17183700
2013-10-15,29.377416,29.461631,29.068622,29.152840,17256600
2013-10-16,29.412520,29.917818,29.300232,29.623060,25931800
2013-10-17,29.503738,30.009033,29.475665,29.952890,18826200
2013-10-18,29.980963,30.135358,29.742350,29.952890,17581300
2013-10-21,29.924820,30.079217,29.840605,29.910784,16457100
2013-10-22,30.002021,30.212561,29.875697,30.135363,18654300
2013-10-23,30.114306,30.156415,29.966929,30.009035,13612900
2013-10-24,30.128339,30.163429,29.861654,29.959906,13956600
2013-10-25,29.924821,30.128344,29.875695,30.079218,19831600
2013-10-28,30.058168,30.170457,29.875698,30.058168,12704500
2013-10-29,30.184483,30.219575,29.945870,30.149393,13105700
2013-10-30,30.254658,30.458181,30.191496,30.247639,16039700
2013-10-31,30.205538,30.338879,29.952889,29.959906,18760200
2013-11-01,29.980971,30.205548,29.882719,29.945879,15538700
2013-11-04,30.002018,30.065180,29.847621,29.966928,11921600
2013-11-05,29.945875,30.051146,29.826570,29.917805,16603700
2013-11-06,30.122766,30.136902,29.875396,29.995546,14751500
2013-11-07,30.080365,30.108634,29.479605,29.479605,22432500
2013-11-08,29.486670,30.363070,29.479601,30.186377,23461300
2013-11-11,30.172244,30.292397,29.995550,30.214651,11764400
2013-11-12,30.165161,30.214635,29.734028,29.882450,13376800
2013-11-13,29.797646,30.242915,29.543207,30.221710,24062300
2013-11-14,30.306526,30.476151,30.094494,30.454948,17831300
2013-11-15,30.377204,30.843675,30.363068,30.772999,23401200
2013-11-18,30.801265,30.900214,30.645774,30.681112,13116600
2013-11-19,30.758863,30.970895,30.652845,30.787134,14700500
2013-11-20,30.907282,31.147586,30.730588,30.829536,15790600
2013-11-21,30.963813,31.373741,30.949677,31.154642,16441600
2013-11-22,31.098107,31.366683,31.048633,31.352547,11035100
2013-11-25,31.437361,31.606988,31.380820,31.437361,12363900
2013-11-26,31.472702,31.628193,31.303077,31.317213,13429900
2013-11-27,31.437368,31.437368,31.147591,31.288946,13655800
2013-11-29,31.373754,31.458566,31.069840,31.112247,9770200
2013-12-02,31.175860,31.437366,31.161724,31.225334,16740500
2013-12-03,31.147589,31.296012,30.794202,30.907286,22404100
2013-12-04,30.674053,31.147591,30.631645,30.921423,18009600
2013-12-05,30.829537,31.062775,30.539760,30.568031,19048900
2013-12-06,30.864880,31.232404,30.695256,31.175863,16909700
2013-12-09,31.197066,31.437369,31.197066,31.324286,14011200
2013-12-10,31.253609,31.409098,31.133456,31.175863,14352400
2013-12-11,31.147591,31.218268,30.730594,30.758865,18230100
2013-12-12,30.794208,30.942630,30.723531,30.744734,13744200
2013-12-13,30.758864,30.977965,30.737661,30.907286,14097300
2013-12-16,31.076922,31.197072,30.956768,31.083988,13254200
2013-12-17,30.928493,30.970900,30.737666,30.808342,13376100
2013-12-18,31.083974,31.847293,30.857806,31.755411,28008400
2013-12-19,31.536318,31.946249,31.451505,31.819029,17713600
2013-12-20,31.875573,31.946252,31.663541,31.776625,29401400
2013-12-23,31.889702,32.179480,31.875566,31.953312,13037300
2013-12-24,31.981588,32.130010,31.932114,32.080536,4355300
2013-12-26,32.158271,32.257219,32.108797,32.186543,7309800
2013-12-27,32.221885,32.250157,32.080530,32.158276,6843900
2013-12-30,32.207750,32.236021,32.038125,32.158276,11321400
2013-12-31,32.172413,32.193615,31.910907,32.087601,13243500
2014-01-02,31.910910,32.016925,31.741283,31.819029,17333100
2014-01-03,31.797826,32.144145,31.790757,32.045197,14693800
2014-01-06,32.179484,32.377383,32.059333,32.101738,18438900
2014-01-07,32.370309,32.370309,31.960381,32.087601,16897000
2014-01-08,32.087599,32.476325,32.052258,32.455120,20850700
2014-01-09,32.490466,32.653024,32.370312,32.624752,14229900
2014-01-10,32.554076,32.554076,32.250163,32.469261,15386700
2014-01-13,32.483392,32.589409,32.122938,32.200684,20950900
2014-01-14,32.144140,32.398580,31.748345,32.221886,28487500
2014-01-15,32.469254,33.034676,32.342034,32.794373,27394500
2014-01-16,32.723690,32.836774,32.561132,32.787300,12892600
2014-01-17,32.850910,32.907453,32.610606,32.787300,15168200
2014-01-21,32.872122,33.105359,32.681295,32.865055,15533900
2014-01-22,33.034683,33.098293,32.865056,32.985207,11817300
2014-01-23,32.794374,32.829712,32.511663,32.759033,19825200
2014-01-24,32.539933,32.624746,32.144138,32.144138,20115400
2014-01-27,32.179470,32.426843,31.967438,32.179470,21323600
2014-01-28,32.363244,32.681294,32.264296,32.483395,16117300
2014-01-29,32.250157,32.660086,32.151209,32.221886,20428800
2014-01-30,32.405641,32.653014,32.349101,32.546997,12623600
2014-01-31,32.094671,32.306703,31.967451,32.045197,27251200
2014-02-03,32.023984,32.243083,31.324276,31.402021,29540200
2014-02-04,31.500963,31.677657,31.260660,31.642319,20744800
2014-02-05,31.734836,31.756184,31.428872,31.471565,21998800
2014-02-06,31.571179,31.870028,31.500025,31.862911,21043100
2014-02-07,32.055029,32.304071,31.905605,32.282722,16773000
2014-02-10,32.296964,32.460619,32.176003,32.389465,12501500
2014-02-11,32.403692,32.795040,32.346767,32.709656,13561100
2014-02-12,32.702525,32.908873,32.595795,32.723873,12175700
2014-02-13,32.417919,32.780805,32.332532,32.716766,14597400
2014-02-14,32.752338,32.930224,32.595800,32.823494,11165300
2014-02-18,32.937341,32.965803,32.780800,32.823494,12120400
2014-02-19,32.766567,32.908877,32.360988,32.396564,16187900
2014-02-20,32.296948,32.624258,32.197333,32.467720,13388500
2014-02-21,32.460600,32.773681,32.360985,32.446369,15411100
2014-02-24,32.538880,33.036961,32.517535,32.787922,14106700
2014-02-25,32.873306,32.915997,32.695421,32.787922,13751600
2014-02-26,32.980041,33.036966,32.595810,32.766579,13910700
2014-02-27,32.695425,32.787927,32.453501,32.766579,13799700
2014-02-28,32.802137,33.193488,32.738098,33.029831,16347300
2014-03-03,32.809260,32.901762,32.702528,32.837723,16067600
2014-03-04,33.243310,33.300233,33.036962,33.257542,14881900
2014-03-05,33.314456,33.606188,33.221954,33.506573,13643700
2014-03-06,33.648891,33.798314,33.563504,33.684467,14726300
2014-03-07,33.983309,34.495621,33.869462,34.118504,20491600
2014-03-10,34.082925,34.353310,33.855231,34.260811,11810200
2014-03-11,34.396004,34.410235,33.954848,34.018887,13373600
2014-03-12,33.940621,34.246585,33.841005,34.239468,13497400
2014-03-13,34.317727,34.367535,33.969073,34.040226,14813900
2014-03-14,33.862354,34.203894,33.634660,33.727161,15347300
2014-03-17,33.940622,34.275046,33.855238,34.246586,11085700
2014-03-18,34.275044,34.474278,34.239468,34.438702,9757400
2014-03-19,34.424466,34.445811,33.784076,34.018887,28293000
2014-03-20,33.940612,35.121773,33.940612,34.886963,25208400
2014-03-21,35.427743,35.555821,34.894086,34.951008,30999100
2014-03-24,35.207159,35.214276,34.737540,34.851387,19677600
2014-03-25,35.043503,35.057734,34.801578,34.837154,14659400
2014-03-26,35.000821,35.007938,34.481395,34.509857,17399800
2014-03-27,35.228504,35.427738,34.616579,34.936771,29075100
2014-03-28,34.965243,35.299669,34.901204,35.071976,15008000
2014-03-31,35.399280,35.513127,35.192932,35.392166,17901800
2014-04-01,35.491791,35.527368,35.221404,35.413521,16397000
2014-04-02,35.413516,35.491786,35.228513,35.406399,13036800
2014-04-03,35.441961,35.498883,35.264075,35.456192,9598900
2014-04-04,35.612754,35.925835,35.264099,35.264099,18702400
2014-04-07,35.278324,35.342361,34.616589,34.623703,19653700
2014-04-08,34.623711,34.865636,34.467170,34.744675,19086900
2014-04-09,34.915426,34.936771,34.588117,34.936771,15928100
2014-04-10,35.022167,35.022167,33.947735,33.947735,24910800
2014-04-11,33.762737,34.773127,33.243310,34.211010,36426700
2014-04-14,34.417342,34.637921,33.755606,34.232342,24321400
2014-04-15,34.346201,34.780243,34.182547,34.709087,21749600
2014-04-16,34.908304,35.029265,34.602340,34.929649,17866000
2014-04-17,34.879854,35.071971,34.723314,34.815815,19399900
2014-04-21,34.922548,35.100434,34.837161,34.951008,12478000
2014-04-22,34.894093,35.214288,34.794477,35.029285,14203800
2014-04-23,35.007933,35.342357,35.007933,35.285435,13309900
2014-04-24,35.392172,35.392172,34.986590,35.093323,12617100
2014-04-25,35.057744,35.185822,34.865627,34.901203,16274500
2014-04-28,35.057721,35.100414,34.531178,34.822910,18411700
2014-04-29,35.057737,35.228506,34.958122,35.200047,14745800
2014-04-30,35.185815,35.399277,35.128890,35.321007,14982800
2014-05-01,35.392163,35.463316,35.185815,35.321007,11851000
2014-05-02,35.413509,35.584278,35.221392,35.278316,13369700
2014-05-05,35.064865,35.321021,34.936787,35.264099,9127000
2014-05-06,35.143112,35.171574,34.915418,34.929649,16213000
2014-05-07,35.115991,35.424152,35.022825,35.395485,15504500
2014-05-08,35.366820,35.467154,35.259324,35.352489,12901800
2014-05-09,35.309495,35.345327,35.051500,35.173332,15174600
2014-05-12,35.388322,35.725147,35.352490,35.660648,16450500
2014-05-13,35.674978,35.803976,35.574647,35.696480,9707100
2014-05-14,35.732314,35.732314,35.252155,35.323822,13262500
2014-05-15,35.187655,35.295154,34.872329,35.137489,17370900
2014-05-16,35.123164,35.209164,34.922502,35.173332,13923400
2014-05-19,35.001330,35.502988,34.986997,35.467155,10533800
2014-05-20,35.373984,35.445649,35.022823,35.087322,15095400
2014-05-21,35.244983,35.696475,35.230650,35.596142,12933500
2014-05-22,35.603318,35.861314,35.545984,35.825481,12159000
2014-05-23,35.768144,35.997473,35.667813,35.947308,13167200
2014-05-27,36.047632,36.334294,35.975968,36.226795,13322200
2014-05-28,36.212460,36.334292,36.061963,36.147961,12458400
2014-05-29,36.269800,36.269800,35.940141,36.026138,13026600
2014-05-30,36.061980,36.420306,36.061980,36.391640,15489200
2014-06-02,36.506293,36.671123,36.456128,36.613792,11828300
2014-06-03,36.463296,36.663958,36.370130,36.613792,9293500
2014-06-04,36.513466,36.599463,36.420300,36.577965,10129200
2014-06-05,36.628126,37.065285,36.563627,37.000786,11862900
2014-06-06,37.022289,37.280284,36.986457,37.251617,13152400
2014-06-09,37.194291,37.674447,37.179957,37.631447,11049600
2014-06-10,37.552615,37.717445,37.402116,37.688778,12331700
2014-06-11,37.516783,37.624283,37.308956,37.437954,11735400
2014-06-12,37.351944,37.466609,37.015119,37.058117,13420600
2014-06-13,37.187111,37.323276,37.079614,37.194279,11111900
2014-06-16,37.179949,37.187114,36.506293,36.613792,16310500
2014-06-17,36.570808,37.086800,36.534976,37.022301,15470800
2014-06-18,37.043787,37.366281,36.929122,37.294617,18077100
2014-06-19,37.265959,37.409290,37.215794,37.280293,16335000
2014-06-20,37.538279,37.918104,37.459446,37.903770,29836500
2014-06-23,37.767611,38.018439,37.645779,37.968273,13122500
2014-06-24,37.932430,37.975430,37.566935,37.617104,11226300
2014-06-25,37.473785,37.803445,37.316121,37.695946,12815300
2014-06-26,37.710272,37.738939,37.265948,37.531109,12545900
2014-06-27,37.430779,37.910938,37.373449,37.910938,16864500
2014-06-30,37.796276,37.810607,37.552614,37.667278,12914600
2014-07-01,37.789102,37.946766,37.710270,37.781937,12482600
2014-07-02,37.810609,37.867943,37.660113,37.738945,14436000
2014-07-03,37.903777,38.039942,37.860779,37.982609,8741500
2014-07-07,37.910937,37.968268,37.588443,37.624275,13551800
2014-07-08,37.480950,37.588449,37.337619,37.445118,17282100
2014-07-09,37.480943,37.480943,37.201449,37.402111,16116300
2014-07-10,37.108282,37.237280,36.929119,37.129784,20059900
2014-07-11,36.642468,37.029458,36.420304,36.900463,29998900
2014-07-14,36.843126,37.151287,36.649629,36.771461,21252400
2014-07-15,36.914797,37.022296,36.692636,36.800133,19293100
2014-07-16,36.964954,37.022285,36.585126,36.671124,21599400
2014-07-17,36.606628,36.635292,36.269800,36.319965,24398000
2014-07-18,36.527801,36.807295,36.398803,36.749962,15487400
2014-07-21,36.549297,36.656796,36.441798,36.585129,15236900
2014-07-22,36.692636,36.893298,36.585137,36.800133,11920800
2014-07-23,36.857454,36.993617,36.742789,36.785789,9109000
2014-07-24,36.871787,37.022284,36.850286,36.972118,9939600
2014-07-25,36.900457,37.101119,36.900457,36.979286,10040200
2014-07-28,36.771459,37.058118,36.671125,36.979286,13468000
2014-07-29,37.015127,37.373453,36.893294,36.936295,14511800
2014-07-30,37.072459,37.480951,37.043792,37.337620,11439600
2014-07-31,37.165624,37.179958,36.470470,36.477638,19638900
2014-08-01,36.190968,36.628127,35.997472,36.083469,18813700
2014-08-04,36.226804,36.570797,36.205306,36.542133,13380100
2014-08-05,36.355803,36.499134,36.018975,36.119308,12766000
2014-08-06,35.989404,36.458487,35.960540,36.126522,15271500
2014-08-07,36.328591,36.379107,35.794558,35.866726,14109100
2014-08-08,35.888376,36.112092,35.700744,36.083225,14563200
2014-08-11,36.140948,36.263630,35.924446,36.003830,14666400
2014-08-12,35.982200,36.278082,35.902816,35.924465,15219900
2014-08-13,36.097653,36.169818,35.967753,36.076004,12283100
2014-08-14,36.162610,36.436844,36.126528,36.357460,11904300
2014-08-15,36.444059,36.530658,35.989409,36.234776,13297200
2014-08-18,36.422405,36.610036,36.371889,36.581169,9913700
2014-08-19,36.638900,36.869832,36.624466,36.703850,8718400
2014-08-20,36.653338,36.761586,36.545087,36.696636,8402900
2014-08-21,36.804884,37.093551,36.732719,37.014168,10102200
2014-08-22,37.050254,37.230670,36.898705,36.934788,9210400
2014-08-25,37.151288,37.346137,37.100771,37.129639,8665600
2014-08-26,37.216234,37.302833,37.144069,37.209019,7025200
2014-08-27,37.273956,37.310039,36.999723,37.050240,8315800
2014-08-28,36.956426,37.006942,36.804877,36.913128,7718000
2014-08-29,36.999736,37.144069,36.934786,37.122417,8860700
2014-09-02,37.317261,37.317261,36.978081,37.216228,9990300
2014-09-03,37.346127,37.548192,37.093546,37.201794,7735500
2014-09-04,37.158497,37.468810,37.093547,37.216228,8306200
2014-09-05,37.079129,37.273979,36.920362,37.273979,12102500
2014-09-08,37.151281,37.331697,37.050249,37.144066,7746900
2014-09-09,36.970874,37.064691,36.804891,36.855408,10745000
2014-09-10,36.862625,37.252322,36.848192,37.180157,11381400
2014-09-11,37.093552,37.331700,37.035817,37.230667,8981900
2014-09-12,37.288411,37.548210,37.180163,37.310062,12523700
2014-09-15,37.331701,37.642017,37.281185,37.483250,10414800
2014-09-16,37.367779,37.872945,37.367779,37.750263,10524600
2014-09-17,37.808005,38.139970,37.649238,37.894604,16919100
2014-09-18,37.981205,38.522454,37.981205,38.421421,16388300
2014-09-19,38.681213,38.825546,38.406982,38.508015,22553800
2014-09-22,38.435849,38.609050,38.118318,38.176052,13445700
2014-09-23,38.139961,38.277079,37.591497,37.598713,20596500
2014-09-24,37.685323,37.735839,37.439957,37.620373,18245200
2014-09-25,37.598717,37.649233,37.100769,37.100769,16684900
2014-09-26,37.129634,37.468814,37.057466,37.432732,10753400
2014-09-29,37.288396,37.468812,37.079116,37.302830,9995300
2014-09-30,37.382215,37.656449,37.317265,37.432732,16669900
2014-10-01,37.411086,37.497685,36.949221,36.992519,16527000
2014-10-02,36.941996,37.172929,36.725497,37.093548,15434400
2014-10-03,37.367781,37.670881,37.223450,37.598713,14018800
2014-10-06,37.714181,37.858515,37.519334,37.548199,10872300
2014-10-07,37.411077,37.411077,36.848180,36.862614,11889700
2014-10-08,36.985301,37.663664,36.869835,37.634800,15267200
2014-10-09,37.569853,37.678102,36.826537,36.891487,18735700
2014-10-10,36.812109,37.338926,36.523444,36.545094,20211500
2014-10-13,36.523444,36.790459,36.191479,36.227562,19298900
2014-10-14,35.722390,35.982190,34.791442,35.238876,45851500
2014-10-15,34.733719,35.015167,33.514104,34.531651,38470600
2014-10-16,34.048122,35.130618,33.954305,34.733704,28973400
2014-10-17,34.993510,35.383206,34.935775,35.137840,28314000
2014-10-20,35.130627,35.534760,35.080110,35.491459,15018500
2014-10-21,35.816213,36.501795,35.772912,36.407978,17660200
2014-10-22,36.458502,36.581183,36.184268,36.205917,20078200
2014-10-23,36.631686,36.790453,36.436839,36.516220,14394500
2014-10-24,36.501795,36.985309,36.480143,36.949226,10888600
2014-10-27,37.028606,37.064689,36.812105,37.028606,11654500
2014-10-28,37.209026,37.375008,37.021392,37.367790,13267200
2014-10-29,37.411091,37.721407,37.295624,37.649239,16546900
2014-10-30,37.533771,37.973987,37.468821,37.858521,14107600
2014-10-31,38.277081,38.370895,38.089447,38.313164,21126300
2014-11-03,38.406992,38.681222,38.313175,38.515240,14349500
2014-11-04,38.522453,38.601837,38.183270,38.443069,14931500
2014-11-05,38.813546,38.900718,38.595615,38.886189,14496900
2014-11-06,38.900721,39.314790,38.849871,39.271206,15328100
2014-11-07,39.372899,39.409221,38.966094,39.111382,13312700
2014-11-10,38.995167,39.220364,38.951580,39.104134,11837300
2014-11-11,39.140443,39.300257,38.886188,38.922512,12520500
2014-11-12,38.719106,38.987887,38.653726,38.893452,10687900
2014-11-13,38.915251,38.987894,38.588354,38.784492,13494400
2014-11-14,38.784490,39.002421,38.668260,38.755432,9488400
2014-11-17,38.573816,38.857129,38.406736,38.820805,9657900
2014-11-18,38.573827,38.864403,38.522977,38.697323,12580400
2014-11-19,38.690046,38.799013,38.443057,38.762691,12490600
2014-11-20,38.617413,38.907989,38.559299,38.849873,10245900
2014-11-21,39.227618,39.292997,39.009687,39.089596,14587500
2014-11-24,39.271203,39.489134,39.176766,39.300259,11028000
2014-11-25,39.394698,39.431019,39.082329,39.140446,14390400
2014-11-26,39.365658,39.532739,39.205844,39.431038,11792500
2014-11-28,39.460079,39.765184,39.423758,39.576309,11054300
2014-12-01,39.532724,39.656220,39.009691,39.096863,13858500
2014-12-02,39.046006,39.547246,39.046006,39.387432,12925300
2014-12-03,39.351104,39.670739,39.300254,39.510921,14781300
2014-12-04,39.460096,39.692555,39.351129,39.590855,12310000
2014-12-05,39.874145,40.208305,39.845086,39.975845,14261400
2014-12-08,39.917723,40.063011,39.656206,39.786964,18939300
2014-12-09,39.438282,39.881409,39.263936,39.830559,12895800
2014-12-10,39.757911,40.019429,39.380164,39.416485,23309500
2014-12-11,39.656216,40.084814,39.496398,39.539986,17007700
2014-12-12,39.133186,39.670751,38.980635,39.009693,18792900
2014-12-15,39.234877,39.525453,38.617406,38.639198,24852800
2014-12-16,38.370428,39.060544,38.305048,38.334106,24243300
2014-12-17,38.530230,39.118642,38.457585,39.075058,19782600
2014-12-18,39.539982,40.106602,39.489131,40.106602,21404700
2014-12-19,39.881413,40.259158,39.554516,39.554516,36186100
2014-12-22,39.561778,39.932262,39.474606,39.932262,17395500
2014-12-23,40.012184,40.418987,39.997655,40.295494,13205700
2014-12-24,40.411710,40.491618,40.186513,40.201042,4297000
2014-12-26,40.251889,40.346327,40.142923,40.157452,5826000
2014-12-29,40.012176,40.644176,40.012176,40.469830,11385600
2014-12-30,40.331797,40.498877,40.244625,40.259151,8749400
2014-12-31,40.317289,40.440782,39.823311,39.823311,10090800
2015-01-02,40.033969,40.092083,39.365645,39.736130,11700900
2015-01-05,39.329315,39.489132,38.573820,38.646465,15000500
2015-01-06,38.755424,38.842599,37.665768,37.840115,20211200
2015-01-07,38.232403,38.239666,37.854655,38.065323,15714700
2015-01-08,38.501184,38.929782,38.472125,38.907990,16721600
2015-01-09,38.893467,38.929788,38.261464,38.268730,14550800
2015-01-12,38.196079,38.275985,37.564077,37.811066,16967500
2015-01-13,37.992669,38.159749,37.229910,37.665771,25080900
2015-01-14,37.048302,37.578601,36.626968,37.229912,37590100
2015-01-15,37.200855,37.440580,36.656027,36.844902,32144700
2015-01-16,36.706887,37.556820,36.692358,37.513233,23174900
2015-01-20,37.760209,37.992669,37.556808,37.774738,17691000
2015-01-21,37.767472,38.283242,37.564068,37.847378,17928300
2015-01-22,38.130693,39.096853,38.123427,39.060532,21488700
2015-01-23,39.031471,39.213080,38.675518,38.690044,17779700
2015-01-26,38.435798,38.937038,38.421269,38.922512,13429400
2015-01-27,38.450320,38.748159,38.188802,38.479378,14351600
2015-01-28,38.726380,38.762701,37.883713,37.890976,18775100
2015-01-29,37.949083,38.428532,37.702094,38.326828,16700000
2015-01-30,37.920037,38.334106,37.702107,37.716633,21754800
2015-02-02,37.912758,38.435794,37.767473,38.363152,17714500
2015-02-03,38.508445,38.886193,38.479390,38.828079,20258900
2015-02-04,38.776901,39.120578,38.681844,38.776901,14435600
2015-02-05,38.930449,39.369183,38.915824,39.244873,13281900
2015-02-06,39.573926,40.275904,39.361872,39.815231,19317000
2015-02-09,39.683615,39.815235,39.544683,39.639740,9739200
2015-02-10,39.939526,40.005337,39.647038,39.902966,12342500
2015-02-11,39.530051,39.676294,39.237560,39.413055,18296800
2015-02-12,39.625102,40.144274,39.464234,40.115025,20159500
2015-02-13,40.202779,40.626891,40.078472,40.458710,18809000
2015-02-17,40.444089,40.553771,40.180847,40.487961,11908600
2015-02-18,40.283211,40.363647,39.778667,39.866413,13231600
2015-02-19,39.785983,40.085785,39.581241,39.895668,10784600
2015-02-20,39.785985,40.173534,39.508119,40.093102,15049100
2015-02-23,39.983410,40.297837,39.683608,40.290524,13715000
2015-02-24,40.356340,40.612271,40.232033,40.487961,11957800
2015-02-25,40.502581,40.641516,40.392899,40.458710,10516900
2015-02-26,40.378277,40.473334,40.188157,40.327091,13579100
2015-02-27,40.085782,40.422146,40.063847,40.063847,12937000
2015-03-02,40.063860,40.626905,40.012675,40.619591,12988500
2015-03-03,40.546463,40.641523,40.319782,40.546463,11759600
2015-03-04,40.341720,40.363659,39.976108,40.085793,16653300
2015-03-05,40.173528,40.224714,39.961475,40.100407,9576100
2015-03-06,40.202772,40.575699,39.859096,39.917595,17298400
2015-03-09,40.056536,40.224718,39.946854,39.976101,11937900
2015-03-10,39.603172,39.610483,38.967007,38.967007,18723200
2015-03-11,39.391122,39.478871,39.193691,39.266815,16612900
2015-03-12,39.866412,40.685383,39.632420,40.648823,26266900
2015-03-13,40.575715,40.692711,40.232038,40.466030,17591400
2015-03-16,40.583016,40.817008,40.458709,40.751198,15505200
2015-03-17,40.583022,40.934010,40.407526,40.882824,13107700
2015-03-18,40.714634,41.153368,40.575702,41.072933,20000500
2015-03-19,40.912073,40.934009,40.392904,40.590332,14841100
2015-03-20,40.604956,41.102190,40.597645,40.955944,26487200
2015-03-23,40.970572,41.160692,40.751205,40.787766,16477400
2015-03-24,40.729266,40.853573,40.473335,40.473335,13927400
2015-03-25,40.407523,40.480647,39.881042,39.881042,15413700
2015-03-26,39.742118,40.034609,39.464254,39.851803,15038600
2015-03-27,39.881041,39.924913,39.456929,39.573925,13600300
2015-03-30,39.771355,40.232027,39.771355,40.049221,11706700
2015-03-31,39.829868,39.990736,39.625123,39.778683,13306200
2015-04-01,39.793298,39.793298,39.325314,39.442310,15436900
2015-04-02,39.449620,39.837168,39.354559,39.756733,13498900
2015-04-06,39.354561,39.756735,39.164444,39.544682,10786100
2015-04-07,39.690922,39.771358,39.471555,39.500805,10853700
2015-04-08,39.471566,39.749433,39.361884,39.486191,9828700
2015-04-09,39.530042,39.698223,39.288736,39.625099,10279400
2015-04-10,39.727483,39.837165,39.530052,39.720169,9531500
2015-04-13,39.727478,40.019966,39.690914,39.917595,14931600
2015-04-14,39.434982,39.829844,39.171740,39.625099,29289600
2015-04-15,39.756739,40.151601,39.625118,40.078480,16899900
2015-04-16,39.873735,40.268597,39.734803,40.078480,15643200
2015-04-17,39.785981,39.895666,39.471554,39.522739,17569700
2015-04-20,39.734799,39.976102,39.610489,39.749424,13327200
2015-04-21,39.888357,40.107724,39.625115,39.690926,10954200
2015-04-22,39.712862,40.151596,39.603177,39.976101,13563800
2015-04-23,39.785973,40.305142,39.785973,40.115025,14657800
2015-04-24,40.041907,40.158903,39.932225,39.998035,15268100
2015-04-27,40.063852,40.583021,40.005352,40.195473,19852400
2015-04-28,40.151592,40.531829,40.122342,40.517204,13028300
2015-04-29,40.341716,40.773139,40.275908,40.553772,18144500
2015-04-30,40.692700,40.692700,40.056532,40.290524,16577800
2015-05-01,40.407528,40.641523,40.188161,40.356342,12069400
2015-05-04,40.414835,40.780448,40.407521,40.751198,9981800
2015-05-05,40.751192,41.094869,40.656132,40.743881,17068100
2015-05-06,40.806461,40.931610,40.085005,40.431007,15670700
2015-05-07,40.460462,40.629783,40.202800,40.350037,14723100
2015-05-08,40.615058,41.262897,40.556165,41.262897,17477500
2015-05-11,41.167190,41.196638,40.813824,40.865356,12922100
2015-05-12,40.718126,40.961064,40.489909,40.835915,11705900
2015-05-13,40.835913,41.100938,40.762293,40.931614,11448100
2015-05-14,41.189271,41.321784,41.019950,41.255527,11025400
2015-05-15,41.255529,41.255529,40.710754,40.872715,13323200
2015-05-18,40.916893,41.211363,40.894805,41.042042,10637300
2015-05-19,41.152471,41.741415,41.145108,41.520561,17194100
2015-05-20,41.461670,41.498479,41.174560,41.284988,13292000
2015-05-21,41.159831,41.358600,41.100938,41.233448,13466700
2015-05-22,41.255537,41.395411,41.218729,41.226089,8568800
2015-05-26,41.203997,41.226082,40.828544,40.975780,15859100
2015-05-27,41.167198,41.454311,41.012601,41.277626,12526100
2015-05-28,41.307059,41.446933,41.145099,41.380676,10348700
2015-05-29,41.410133,41.417493,40.990510,41.196640,17291500
2015-06-01,41.402764,41.586809,41.078843,41.255527,15746200
2015-06-02,41.233449,41.557370,41.034682,41.358601,13148700
2015-06-03,41.483746,42.109500,41.483746,41.896008,16197700
2015-06-04,41.616265,41.881290,41.174558,41.329155,17627100
2015-06-05,41.991721,42.124234,41.520566,41.675163,16890300
2015-06-08,41.918102,41.918102,41.314434,41.314434,14248400
2015-06-09,41.395404,41.910730,41.226083,41.741409,14669900
2015-06-10,41.947531,42.381877,41.895998,42.116852,18622400
2015-06-11,42.153667,42.381884,42.013794,42.153667,13943300
2015-06-12,42.057963,42.175751,41.770853,42.028515,13439000
2015-06-15,41.704595,42.013789,41.579443,41.947533,12920600
2015-06-16,41.851837,42.138950,41.763496,42.124226,10476100
2015-06-17,42.190478,42.367159,42.035878,42.087410,17497700
2015-06-18,42.175766,42.580665,42.102147,42.477600,18299900
2015-06-19,42.271463,42.381891,41.999077,41.999077,36241100
2015-06-22,42.389253,42.727895,42.352441,42.632191,15111200
2015-06-23,42.698439,42.889844,42.521754,42.617458,13354200
2015-06-24,42.455496,42.808865,42.359795,42.359795,16166600
2015-06-25,42.514396,42.543844,42.057965,42.087410,14053600
2015-06-26,42.212573,42.389258,42.175765,42.286190,16975900
2015-06-29,41.815024,42.102134,41.233441,41.270252,19289700
2015-06-30,41.623624,41.873926,41.218726,41.402771,17346700
2015-07-01,42.028520,42.109500,41.675154,41.896008,12165300
2015-07-02,41.844468,42.065321,41.608891,41.770851,10106800
2015-07-06,41.299717,41.616275,41.233461,41.550018,11682100
2015-07-07,41.461658,41.572086,40.548796,41.410126,15831800
2015-07-08,41.108297,41.351235,40.644502,40.673950,12906600
2015-07-09,41.270244,41.336501,40.813811,40.857983,13623200
2015-07-10,41.469033,41.564735,41.123028,41.284988,13269600
2015-07-13,41.638339,41.785572,41.535271,41.770851,15521800
2015-07-14,41.564730,42.234654,41.513197,42.146313,20066300
2015-07-15,42.264094,42.816229,42.153666,42.536480,17159400
2015-07-16,42.875125,42.956102,42.683716,42.823589,13194500
2015-07-17,42.676369,42.735262,42.323003,42.654282,12963900
2015-07-20,42.691080,42.911933,42.610099,42.735249,10084900
2015-07-21,42.713173,42.970834,42.514404,42.661640,12504300
2015-07-22,42.749979,43.132793,42.691086,43.081261,14871100
2015-07-23,43.235841,43.265289,42.749963,42.853027,13582200
2015-07-24,42.830953,42.948742,42.477587,42.536480,13157300
2015-07-27,42.315645,42.580671,42.212580,42.396626,15495300
2015-07-28,42.499675,42.580655,42.080052,42.256737,16730600
2015-07-29,42.403966,42.794143,42.271453,42.668991,13718400
2015-07-30,42.588020,42.838321,42.492318,42.808876,9864800
2015-07-31,42.867770,42.882494,42.543852,42.602745,12369800
2015-08-03,42.749979,42.749979,42.330357,42.632191,13085900
2015-08-04,42.529117,42.816227,42.484945,42.565926,12324700
2015-08-05,42.836392,42.991998,42.591865,42.717834,12032500
2015-08-06,42.717838,42.940133,42.540000,42.628918,12556600
2015-08-07,42.658551,42.873438,42.265829,42.584454,13596200
2015-08-10,42.828990,42.962368,42.740073,42.932728,12397500
2015-08-11,42.406624,42.643739,42.221377,42.391804,15425500
2015-08-12,42.162099,42.199147,41.643408,42.028721,21663200
2015-08-13,42.050937,42.332512,41.962019,42.154675,11868600
2015-08-14,42.154674,42.510346,42.102805,42.480709,9742500
2015-08-17,42.251021,42.606693,42.184332,42.495544,11462500
2015-08-18,42.539997,42.769704,42.436259,42.636326,10581500
2015-08-19,42.443674,42.643740,42.199150,42.280659,13744600
2015-08-20,41.836065,41.924985,41.576721,41.584129,20857700
2015-08-21,40.998738,41.332180,39.983586,39.990997,31954400
2015-08-24,36.456497,39.450080,35.382067,37.975517,40198100
2015-08-25,39.679785,39.753885,37.049286,37.064106,31041800
2015-08-26,38.205227,38.835064,37.479062,38.753555,30235800
2015-08-27,39.598272,40.087323,39.183322,40.035454,26452500
2015-08-28,39.827989,39.961366,39.301889,39.672382,18342200
2015-08-31,39.568646,39.687203,39.316711,39.516777,13842200
2015-09-01,38.612779,38.768385,37.442019,37.782875,28031700
2015-09-02,38.894346,38.894346,37.990343,38.523853,20919600
2015-09-03,38.820255,39.272257,38.694289,38.849895,15719000
2015-09-04,38.383074,38.397894,37.612448,38.005173,22303800
2015-09-08,39.012904,39.257428,38.516442,39.220379,19685400
2015-09-09,39.724260,39.790949,38.546092,38.672058,16221500
2015-09-10,38.583140,39.168519,38.383073,38.946224,17996200
2015-09-11,38.783198,39.020313,38.553491,38.990673,12549400
2015-09-14,38.998096,39.183342,38.835078,39.101833,16225600
2015-09-15,39.301886,39.857625,39.138868,39.620510,14305500
2015-09-16,39.657562,39.931726,39.198151,39.805759,15218500
2015-09-17,39.790941,39.946547,38.553493,38.686871,25025800
2015-09-18,37.990346,38.145952,37.567984,37.819920,39561600
2015-09-21,38.175590,38.346016,37.923655,38.197819,16673300
2015-09-22,37.693951,37.901429,37.293821,37.560574,21761300
2015-09-23,37.701359,37.745816,37.419783,37.627258,12521200
2015-09-24,37.115988,37.553169,36.901101,37.456841,17064300
2015-09-25,38.057040,38.434942,37.842154,38.145958,18394800
2015-09-28,37.842146,38.012573,37.197490,37.323456,17647900
2015-09-29,37.397569,37.760651,37.049305,37.708782,20816400
2015-09-30,38.257103,38.323792,37.567986,38.049625,20514800
2015-10-01,38.168175,38.427522,37.730993,38.116306,15556600
2015-10-02,37.256767,38.005165,36.686208,37.982933,21630300
2015-10-05,38.316370,38.953618,38.160763,38.835060,15240700
2015-10-06,38.664639,38.931394,38.471981,38.553490,14490700
2015-10-07,38.894356,39.072191,38.464583,38.672058,13863500
2015-10-08,38.701690,38.968445,38.360837,38.931396,15384100
2015-10-09,39.287078,39.324127,38.516452,38.635010,16983100
2015-10-12,38.620182,38.849889,38.346018,38.664642,10639000
2015-10-13,38.546105,38.760992,38.316398,38.427547,16002200
2015-10-14,38.308964,38.457162,37.597619,38.160767,26269100
2015-10-15,38.516454,39.049964,38.353436,39.042553,18262400
2015-10-16,39.383397,39.413034,38.909164,39.183331,15676300
2015-10-19,39.094419,39.279666,38.864715,38.946224,15515700
2015-10-20,38.990680,39.487142,38.961042,39.331535,13583300
2015-10-21,39.301891,39.909499,39.294479,39.361168,17666700
2015-10-22,39.568639,40.346674,39.568639,40.057690,18263200
2015-10-23,40.265177,40.606030,40.094751,40.568981,16924800
2015-10-26,40.576380,40.613432,40.131790,40.228119,12661400
2015-10-27,39.998428,40.257774,39.879870,40.102165,12443900
2015-10-28,40.191073,41.124714,40.139202,41.087666,16681600
2015-10-29,41.043207,41.176584,40.687534,40.820911,11334900
2015-10-30,40.806099,40.806099,40.035473,40.116982,18450500
2015-11-02,40.168840,40.769039,40.109562,40.643070,10992300
2015-11-03,40.517100,40.865365,40.346674,40.702347,10709100
2015-11-04,40.706083,40.847837,40.571788,40.721004,12823600
2015-11-05,40.549399,41.094039,40.549399,40.929901,12263900
2015-11-06,41.810275,42.034098,41.452157,41.668518,22376800
2015-11-09,41.840122,41.944573,41.138806,41.385014,17609700
2015-11-10,41.258190,41.750602,41.205965,41.713299,13475900
2015-11-11,41.877437,41.907278,41.414866,41.631229,10808500
2015-11-12,41.422316,41.593914,41.161186,41.161186,17552200
2015-11-13,41.049275,41.302942,40.534482,40.713539,16550200
2015-11-16,40.646402,41.235806,40.586717,41.235806,11955400
2015-11-17,41.280568,41.399941,40.914988,41.004517,11331900
2015-11-18,41.079123,41.608839,41.011976,41.534229,16612600
2015-11-19,41.608844,41.832667,41.377558,41.758060,12167600
2015-11-20,41.974415,41.974415,41.571534,41.646141,16264100
2015-11-23,41.705828,41.810279,41.452161,41.482002,9638100
2015-11-24,41.138813,41.392480,40.952293,41.243263,14156500
2015-11-25,41.377548,41.422313,41.108959,41.198490,10034400
2015-11-27,41.288029,41.385020,41.019440,41.325333,4914000
2015-11-30,41.377567,41.549165,41.108978,41.108978,15998900
2015-12-01,41.414851,41.608834,41.235794,41.564068,15543400
2015-12-02,41.631207,41.631207,41.034345,41.094032,12779900
2015-12-03,41.131346,41.198493,40.310657,40.437492,15410100
2015-12-04,40.646396,41.690908,40.519564,41.534229,19647700
2015-12-07,41.370094,41.452163,41.049280,41.347710,17991600
2015-12-08,41.019440,41.191038,40.497184,40.586716,19949500
2015-12-09,40.377804,40.989588,40.071911,40.377804,18499600
2015-12-10,40.474792,41.026891,40.198743,40.541939,14075300
2015-12-11,39.877922,40.243500,39.534727,39.773472,17815700
2015-12-14,39.780943,39.967462,39.355678,39.691414,22055100
2015-12-15,40.161456,41.123896,40.146534,40.967220,19056700
2015-12-16,41.191028,41.810275,40.900057,41.668518,21086800
2015-12-17,41.862504,41.959495,41.385014,41.385014,18800500
2015-12-18,41.034355,41.146268,40.131599,40.131599,31468600
2015-12-21,40.512101,40.691161,39.952542,40.303200,12993400
2015-12-22,40.556861,40.661311,40.064449,40.541939,10318100
2015-12-23,40.735925,41.079123,40.631474,41.064201,13033600
2015-12-24,41.011991,41.101520,40.818009,40.900078,4999400
2015-12-28,40.698621,40.870219,40.415110,40.795612,8288800
2015-12-29,41.116426,41.295484,41.026898,41.250721,7894900
2015-12-30,41.235797,41.265641,40.877679,40.952286,8016900
2015-12-31,40.668784,40.997060,40.452423,40.556873,10929800
2016-01-04,39.609350,39.743645,39.019947,39.475056,25985400
2016-01-05,39.489976,39.743644,39.206466,39.460133,14759600
2016-01-06,38.885658,39.258697,38.669297,38.706600,20026400
2016-01-07,38.057500,38.191795,37.415874,37.602394,30425600
2016-01-08,37.900833,37.945599,36.901087,36.975697,22981400
2016-01-11,37.438264,37.550177,37.035380,37.371117,19046400
2016-01-12,37.960509,38.437999,37.639694,38.318626,28961500
2016-01-13,38.594674,38.646900,36.930918,37.102516,22013500
2016-01-14,37.363650,38.050041,37.005529,37.781452,24569800
2016-01-15,36.251998,37.035380,35.908802,36.423595,41090400
2016-01-19,36.744410,36.960774,35.804351,35.968487,29918500
2016-01-20,35.274626,35.998324,34.976196,35.714813,40241100
2016-01-21,35.834182,36.595183,35.744653,35.819260,24272900
2016-01-22,36.580259,36.759319,36.229604,36.572800,18298700
2016-01-25,36.490731,36.542956,35.528288,35.558132,23440800
2016-01-26,35.625284,36.229609,35.558137,36.005783,18895100
2016-01-27,36.035626,36.781706,35.908794,36.237068,20441500
2016-01-28,36.632498,36.856324,36.259458,36.498203,21306600
2016-01-29,36.774253,37.490489,36.684722,37.475567,25358300
2016-02-01,37.393496,37.438261,36.975693,37.259201,17385400
2016-02-02,36.751868,36.796634,36.393751,36.431057,25593200
2016-02-03,36.427293,36.472402,34.968695,35.788216,47149700
2016-02-04,35.637842,36.547584,35.615285,36.276917,30851700
2016-02-05,36.352106,36.585182,35.788216,35.983700,23733700
2016-02-08,35.419805,35.592731,34.630360,34.961174,31172100
2016-02-09,34.292023,35.156653,34.104060,34.923580,29896200
2016-02-10,35.246888,35.502518,34.667961,34.713070,19885500
2016-02-11,33.780760,34.231871,33.457463,33.953686,32570900
2016-02-12,34.555175,35.630326,34.532621,35.570179,28533900
2016-02-16,36.126544,36.397211,35.765655,36.269398,20410600
2016-02-17,36.577667,36.810740,36.081444,36.186703,18060500
2016-02-18,36.156627,36.194219,35.697996,35.885960,17162800
2016-02-19,35.637846,36.216771,35.592734,36.156624,18234900
2016-02-22,36.156624,37.096441,36.156624,36.983662,17572800
2016-02-23,36.743062,36.780654,36.073913,36.164135,15224700
2016-02-24,35.592737,35.848368,35.006293,35.795738,18595700
2016-02-25,35.870919,36.209253,35.870919,35.900993,16646200
2016-02-26,36.186699,36.494958,35.961143,36.141586,20325600
2016-02-29,36.111512,36.111512,35.269437,35.276955,24018100
2016-03-01,35.442365,36.630295,35.442365,36.630295,24758500
2016-03-02,36.720515,37.269367,36.547589,37.269367,18667700
2016-03-03,37.314476,37.434772,36.893437,37.419735,14268100
2016-03-04,37.600178,37.961070,37.352068,37.675365,18685600
2016-03-07,37.419724,37.712946,37.171611,37.645279,14386100
2016-03-08,37.299442,37.337034,36.780661,36.878403,18098200
2016-03-09,37.126512,37.216734,36.472398,36.682919,17920100
2016-03-10,36.795709,36.938563,36.058893,36.472412,18542700
2016-03-11,36.931018,37.690391,36.750575,37.645279,18318400
2016-03-14,37.570108,37.645292,37.171624,37.502441,12803900
2016-03-15,37.066365,37.585145,36.991181,37.577625,12945600
2016-03-16,37.404703,37.810705,37.051331,37.246815,16629700
2016-03-17,37.164097,37.540023,36.720503,37.389652,16002800
2016-03-18,37.923478,38.118961,37.540034,37.998665,35812100
2016-03-21,37.968588,38.156551,37.720475,38.096401,13543200
2016-03-22,37.750549,38.028737,37.592661,37.870846,13907000
2016-03-23,37.727988,37.840767,37.367099,37.412209,13648100
2016-03-24,36.855854,36.900966,36.479928,36.765633,20871100
2016-03-28,36.870872,36.870872,36.502463,36.615242,18478100
2016-03-29,36.555105,36.577662,35.968660,36.126549,24459500
2016-03-30,36.389700,36.961107,36.201737,36.577663,16794200
2016-03-31,36.540066,36.720512,36.291956,36.359623,16397600
2016-04-01,36.261879,36.525030,35.923545,36.427288,14321400
2016-04-04,36.404736,36.592699,36.239330,36.464886,12110200
2016-04-05,36.149110,36.156627,35.682958,35.720551,18297700
2016-04-06,35.630332,36.186705,35.502518,36.149113,17214400
2016-04-07,35.870918,35.923548,35.051398,35.284473,17593100
2016-04-08,35.600247,35.825805,35.314544,35.389729,12236500
2016-04-11,35.419807,35.870918,35.337103,35.359657,15113500
2016-04-12,35.442359,35.961139,35.299508,35.916027,18772600
2016-04-13,36.306995,37.028774,36.291958,36.863365,26311900
2016-04-14,36.314509,37.066362,36.216767,36.682919,30067900
2016-04-15,36.555101,36.795694,36.134065,36.276917,24885200
2016-04-18,36.276908,36.750576,36.021277,36.720501,18225800
2016-04-19,36.848327,37.532513,36.825772,37.502441,18673400
2016-04-20,37.577632,37.983633,37.412223,37.931004,22647700
2016-04-21,38.006179,38.179105,37.540031,37.630253,20255400
2016-04-22,37.630248,38.149028,37.630248,38.058804,16365700
2016-04-25,37.825736,38.043772,37.682882,37.976105,11689100
2016-04-26,37.976103,38.336995,37.930994,38.284363,13333500
2016-04-27,38.246777,38.652778,38.134001,38.291889,15342700
2016-04-28,37.976097,38.291877,37.743025,37.900913,15506300
2016-04-29,37.938514,37.938514,37.352070,37.577625,17887000
2016-05-02,37.803179,38.118959,37.705440,38.036255,14780300
2016-05-03,37.487408,37.690408,37.246815,37.592667,16246400
2016-05-04,37.168403,37.327501,36.880510,37.077488,22402500
2016-05-05,37.100214,37.266886,36.948691,37.092636,15953600
2016-05-06,36.903235,37.213856,36.857781,37.138096,14189600
2016-05-09,37.138086,37.289608,36.978988,37.032021,13877000
2016-05-10,37.122949,37.509330,37.122949,37.425995,14234400
2016-05-11,37.395686,37.668426,37.183556,37.183556,17344300
2016-05-12,37.380536,37.562364,37.160828,37.274471,13589600
2016-05-13,37.198708,37.448721,36.524435,36.547165,25251700
2016-05-16,36.456254,36.842637,36.319884,36.569897,19655300
2016-05-17,36.471400,36.494128,36.024410,36.077442,21495600
2016-05-18,36.122912,36.910828,36.077454,36.857796,30028200
2016-05-19,36.698680,37.092638,36.486550,36.653225,13604100
2016-05-20,36.835050,37.282041,36.789595,36.933540,13222800
2016-05-23,36.941108,37.032023,36.630487,36.895653,10644000
2016-05-24,37.160828,37.403264,36.888088,37.274471,16597700
2016-05-25,37.562345,38.509359,37.509310,38.259346,22478600
2016-05-26,38.274510,38.380575,38.183597,38.297237,14983300
2016-05-27,38.335118,38.532099,38.251783,38.524521,13430500
2016-05-31,38.653320,38.782112,38.251787,38.426037,19725000
2016-06-01,38.077535,38.668473,38.009350,38.638168,16774300
2016-06-02,38.607869,38.721512,38.418466,38.721512,14206700
2016-06-03,38.009334,38.115402,37.585074,38.024487,25452600
2016-06-06,38.062390,38.539683,38.024507,38.251793,14528500
2016-06-07,38.433602,38.433602,38.085102,38.085102,15310100
2016-06-08,38.069957,38.213902,37.683577,37.880554,18168500
2016-06-09,37.615395,37.638122,37.009304,37.229012,19464400
2016-06-10,36.736560,36.903232,36.494122,36.622917,16815300
2016-06-13,36.463823,36.751713,36.335028,36.342606,16150100
2016-06-14,36.259270,36.456248,35.236493,35.516811,25311700
2016-06-15,35.812271,36.031979,35.410738,35.441040,20142000
2016-06-16,35.206193,35.501661,34.819810,35.494083,15619300
2016-06-17,35.494090,35.607733,35.244080,35.304688,25661300
2016-06-20,35.978955,36.289575,35.547114,35.554691,19490100
2016-06-21,35.827433,35.865312,35.433474,35.781975,11731600
2016-06-22,35.721366,36.047139,35.554690,35.584995,17072100
2016-06-23,36.092606,36.297161,35.903203,36.297161,16270000
2016-06-24,34.668282,35.584993,34.304629,34.630402,46744100
2016-06-27,34.244015,34.342505,33.713687,34.100067,35030100
2016-06-28,34.766768,34.933443,34.350082,34.925865,27525700
2016-06-29,35.327407,35.600148,34.963754,35.584995,20856400
2016-06-30,35.789561,35.880474,35.251655,35.857746,22538800
2016-07-01,35.668338,35.819858,35.501662,35.630455,19013600
2016-07-05,35.380439,35.425894,34.706166,35.009209,22213000
2016-07-06,34.766770,35.350131,34.622825,35.342556,19024100
2016-07-07,35.289527,35.774398,35.183459,35.456200,17946200
2016-07-08,35.948650,36.304725,35.948650,36.206238,19775700
2016-07-11,36.441099,36.706264,36.319881,36.425949,16008700
2016-07-12,36.683530,36.842630,36.532010,36.630497,15067900
2016-07-13,36.600202,36.721420,36.350189,36.569897,14389600
2016-07-14,37.160826,37.236588,36.872933,37.077488,17578400
2016-07-15,37.009306,37.032036,35.918347,36.145630,35121000
2016-07-18,36.221386,36.615344,36.198656,36.577461,24139200
2016-07-19,36.425940,36.782015,36.403210,36.645645,15982900
2016-07-20,36.812335,36.888095,36.668390,36.827488,16569900
2016-07-21,36.857787,36.979004,36.585046,36.592621,15532000
2016-07-22,36.607769,36.638074,36.441094,36.607769,13588500
2016-07-25,36.547161,36.562311,36.251690,36.456245,12122200
2016-07-26,36.388060,36.494125,36.213810,36.342606,16130100
2016-07-27,36.327457,36.532013,36.198662,36.365337,17886800
2016-07-28,36.319870,36.532003,36.122892,36.463818,12562600
2016-07-29,36.327453,36.494125,36.327453,36.342606,13111700
2016-08-01,36.350178,36.403211,36.085016,36.221386,16026600
2016-08-02,36.107749,36.236544,35.903193,36.138054,17033100
2016-08-03,36.145687,36.382430,36.145687,36.328972,14913500
2016-08-04,36.351887,36.657366,36.328977,36.535175,14662600
2016-08-05,36.955209,37.191956,36.756650,37.176682,19064700
2016-08-08,37.253048,37.459246,37.222502,37.352329,14871600
2016-08-09,37.436340,37.535621,37.275965,37.367607,10449800
2016-08-10,37.283591,37.367598,36.718458,36.794827,16782700
2016-08-11,36.833010,37.039208,36.596264,36.840649,14614100
2016-08-12,36.695554,36.718467,36.527543,36.581001,13227500
2016-08-15,36.695546,36.917018,36.680272,36.863560,11758900
2016-08-16,36.779555,37.115580,36.703187,36.993389,13957600
2016-08-17,36.939946,37.161418,36.894126,37.123234,13062900
2016-08-18,37.039209,37.161400,36.909382,37.062119,12189200
2016-08-19,36.993396,37.214868,36.810111,37.153774,12557700
2016-08-22,37.146124,37.222496,37.039208,37.138489,9212600
2016-08-23,37.146124,37.230131,36.955200,36.970474,15430200
2016-08-24,37.039208,37.245406,36.924652,37.138489,16315800
2016-08-25,37.130848,37.184307,36.886466,36.947563,13643200
2016-08-26,37.100321,37.298881,36.871210,37.046860,15527300
2016-08-29,37.230142,37.993837,37.184319,37.848736,21201400
2016-08-30,37.978553,38.673516,37.940369,38.658241,25055800
2016-08-31,38.719336,38.887346,38.368037,38.795704,24533600
2016-09-01,38.887339,38.948436,38.268748,38.513130,17017100
2016-09-02,38.528414,38.688789,38.322216,38.604782,12684000
2016-09-06,38.612415,38.620050,37.902178,38.177109,21832200
2016-09-07,38.024372,38.207657,37.917455,38.009098,12437300
2016-09-08,38.039654,38.177120,37.848731,38.108387,14169200
2016-09-09,37.795271,38.077838,37.207226,37.207226,32147200
2016-09-12,36.939933,37.146132,36.642093,37.069763,35588400
2016-09-13,36.504625,36.550448,35.527096,35.863121,59000500
2016-09-14,35.954770,36.336618,35.511825,35.527100,44841700
2016-09-15,35.221613,35.397263,34.511376,35.244526,60827800
2016-09-16,34.900866,35.030693,34.557202,34.694668,51871400
2016-09-19,34.839763,35.351440,34.732846,35.137604,33562400
2016-09-20,36.008224,36.046408,35.221616,35.557644,51510400
2016-09-21,35.519451,35.542364,34.618294,35.000141,64530200
2016-09-22,35.000141,35.221610,34.648839,34.916134,36964400
2016-09-23,34.748112,35.061227,34.694654,34.931400,28710500
2016-09-26,34.648840,34.748122,34.098982,34.274632,30938000
2016-09-27,34.205897,34.442641,34.106616,34.435005,24359000
2016-09-28,34.641208,34.732850,34.335729,34.603024,28220300
2016-09-29,34.511377,34.564835,33.762956,33.885147,45266700
2016-09-30,33.854609,34.160085,33.678956,33.816422,54117700
2016-10-03,33.694232,33.724781,33.266565,33.472763,38197700
2016-10-04,33.312386,33.671323,33.258927,33.411667,44008300
2016-10-05,33.472764,34.427383,33.472764,34.358650,40459000
2016-10-06,34.503735,34.664110,34.236443,34.503735,29878200
2016-10-07,34.519020,34.709944,34.312822,34.618301,24893600
2016-10-10,34.900851,35.068862,34.702289,34.862667,21804900
2016-10-11,34.977234,34.992508,34.480834,34.709942,25442600
2016-10-12,34.755777,35.000162,34.610676,34.610676,21780500
2016-10-13,34.549562,34.549562,33.816413,34.175350,44174600
2016-10-14,34.496093,34.763388,33.846954,34.144794,45418600
2016-10-17,34.014977,34.182988,33.846963,33.984428,18861300
2016-10-18,34.175359,34.366282,33.915702,34.328098,23877600
2016-10-19,34.259347,34.771021,34.259347,34.564823,26977000
2016-10-20,34.343361,34.587743,34.106615,34.312813,27210600
2016-10-21,34.167713,34.595380,34.106616,34.435005,21490800
2016-10-24,34.709931,34.885581,34.587740,34.763390,19303800
2016-10-25,34.725210,34.977228,34.679387,34.916134,20402000
2016-10-26,34.717574,35.259797,34.702300,35.244526,25181900
2016-10-27,35.450720,35.748564,35.328529,35.443085,25661000
2016-10-28,35.565279,35.618737,35.038330,35.305622,20882000
2016-10-31,35.435447,35.557638,35.129968,35.137604,20115900
2016-11-01,35.221616,35.343807,34.824494,35.122337,20020200
2016-11-02,34.945229,35.045334,34.706510,34.837421,19566600
2016-11-03,34.906737,35.260963,34.845131,34.914436,14982700
2016-11-04,34.929823,34.976025,34.259874,34.344578,27391600
2016-11-07,34.822010,35.183935,34.814308,34.960621,25769400
2016-11-08,34.791214,35.284051,34.552495,35.068436,19462600
2016-11-09,35.676779,37.432509,35.422658,36.955074,67615000
2016-11-10,37.678923,39.989096,37.571116,39.758080,100988800
2016-11-11,39.342254,40.035307,39.065033,39.835091,46594900
2016-11-14,39.973699,41.629324,39.973699,40.982475,59154400
2016-11-15,40.335626,40.497337,39.688777,40.497337,39437900
2016-11-16,39.881296,40.173916,39.550171,39.796589,26996200
2016-11-17,39.573280,40.736069,39.242155,40.420345,29205900
2016-11-18,40.389533,40.797663,40.035307,40.674454,29673400
2016-11-21,40.697560,40.797668,40.058413,40.135418,23587200
2016-11-22,40.374129,40.489639,39.896694,40.212418,22816900
2016-11-23,40.389531,40.528142,40.004503,40.166214,19986800
2016-11-25,40.351028,40.520439,40.073807,40.520439,9635500
2016-11-28,40.135411,40.412632,39.573269,39.719582,26518500
2016-11-29,39.704191,40.143123,39.704191,39.935207,16267300
2016-11-30,40.412640,40.936280,40.274030,40.751465,26567200
2016-12-01,40.913171,41.945049,40.859267,41.844940,35623100
2016-12-02,41.767935,41.791036,41.051781,41.259697,21894700
2016-12-05,41.506107,41.991241,41.483003,41.852631,24793900
2016-12-06,41.929648,42.792112,41.752535,42.776711,30706700
2016-12-07,42.776699,44.116600,42.530281,44.108898,46617000
2016-12-08,44.116623,44.678765,43.669988,44.116623,39828600
2016-12-09,43.823993,44.078114,43.500570,44.001106,20331200
2016-12-12,43.508270,43.970303,42.776714,42.953827,27886200
2016-12-13,43.007722,43.284943,42.576492,43.000023,24355600
2016-12-14,42.152965,42.830614,41.606222,42.122162,54590600
2016-12-15,42.484091,43.315755,42.276178,42.499493,31345900
2016-12-16,42.730512,42.853721,42.291576,42.615002,33171800
2016-12-19,42.491791,42.715109,42.083662,42.522594,16801400
2016-12-20,42.715118,43.369666,42.468700,43.200253,19245300
2016-12-21,43.192540,43.192540,42.846014,42.899918,14058400
2016-12-22,42.938424,43.146340,42.738211,42.930725,14515500
2016-12-23,42.953835,43.107847,42.830626,43.092445,8313000
2016-12-27,43.046241,43.200250,43.000037,43.084743,8893900
2016-12-28,43.107840,43.184847,42.561099,42.599602,10609100
2016-12-29,42.499496,42.707412,41.952755,42.229977,15933500
2016-12-30,42.268472,42.630400,42.191467,42.437885,15095500
2017-01-03,42.869113,43.392753,42.707402,43.123234,22063800
2017-01-04,43.246439,43.361948,42.822907,43.161732,15036100
2017-01-05,42.730506,42.984623,41.952746,42.491787,18831600
2017-01-06,42.553394,42.792113,42.122164,42.383984,18715900
2017-01-09,42.106765,42.206873,41.721736,41.767941,21794100
2017-01-10,41.852642,42.491792,41.783337,42.060558,17978200
2017-01-11,42.045153,42.199165,41.367504,42.199165,21100600
2017-01-12,42.083657,42.183763,41.506114,41.968147,20566600
2017-01-13,42.437880,43.277243,42.083654,42.591892,37231600
2017-01-17,42.199179,42.322388,41.259710,41.413719,26974400
2017-01-18,41.413709,41.806440,41.074885,41.791039,21186700
2017-01-19,41.767931,42.176061,41.475308,42.029751,20906900
2017-01-20,42.160667,42.437888,42.060559,42.407085,24160800
2017-01-23,42.129864,42.353182,41.698634,41.775639,17227400
2017-01-24,41.860342,42.407082,41.683229,42.122162,18523300
2017-01-25,42.645815,43.762400,42.568807,43.600685,32252100
2017-01-26,43.592970,44.147412,43.577568,44.031902,23769800
2017-01-27,43.916404,43.978010,43.438969,43.577579,17186200
2017-01-30,43.215645,43.369657,42.930724,43.184845,15961400
2017-01-31,43.107832,43.415856,42.969221,43.377354,22409100
2017-02-01,43.834772,44.245674,43.237800,43.346340,21157700
2017-02-02,43.082742,43.385104,42.950944,43.222294,13044400
2017-02-03,44.098372,44.416240,43.749492,44.400734,19879800
2017-02-06,44.253434,44.509277,43.796014,43.842529,13940200
2017-02-07,44.082864,44.338708,43.625444,43.679714,14937400
2017-02-08,43.578926,43.578926,42.772626,43.129261,18592200
2017-02-09,43.129256,44.013083,43.129256,43.982071,15907800
2017-02-10,44.206916,44.222423,43.927812,44.082870,12268100
2017-02-13,44.245686,44.586812,44.106134,44.253441,15325300
2017-02-14,44.292205,44.966705,44.183665,44.951199,16382900
2017-02-15,45.044217,45.749729,44.881407,45.393097,25350400
2017-02-16,45.245789,45.245789,44.586793,45.059719,14694500
2017-02-17,44.641073,45.044220,44.540285,45.036469,15783200
2017-02-21,45.160519,45.455129,44.889169,45.160519,16916800
2017-02-22,44.966681,45.424101,44.966681,45.245785,12344200
2017-02-23,45.300070,45.424116,45.013214,45.346588,13841400
2017-02-24,44.734115,44.896925,44.439505,44.819397,16379100
2017-02-27,44.819388,45.160514,44.741858,45.013210,10101000
2017-02-28,44.958932,45.214775,44.757355,44.873650,15558900
2017-03-01,45.827252,46.509506,45.811746,46.307930,25912700
2017-03-02,46.346701,46.354455,45.408603,45.517143,17578600
2017-03-03,45.625684,45.928049,45.486132,45.656696,14740000
2017-03-06,45.385355,45.648953,45.106251,45.439625,13225500
2017-03-07,45.300064,45.369840,44.982196,45.199276,13099900
2017-03-08,45.703216,45.842768,45.098489,45.129501,14711300
2017-03-09,45.315577,45.641197,45.121755,45.509399,15721500
2017-03-10,45.726479,45.881537,45.369847,45.625690,15120200
2017-03-13,45.610188,45.765243,45.369847,45.509399,14063500
2017-03-14,45.346591,45.594683,45.160520,45.555916,10885000
2017-03-15,45.664450,45.982318,45.245794,45.517143,17777300
2017-03-16,45.633439,46.059846,45.555908,45.990070,18468200
2017-03-17,46.028843,46.059856,45.369850,45.486141,20985700
2017-03-20,45.331082,45.331082,44.672086,44.679840,17663200
2017-03-21,44.912420,44.935678,43.129259,43.299820,31766400
2017-03-22,43.051738,43.082750,42.524542,42.896683,27740900
2017-03-23,42.819142,43.408362,42.625320,42.834648,19000000
2017-03-24,43.028474,43.454882,42.811395,43.284321,21127500
2017-03-27,42.353982,43.090506,42.051620,42.943199,16854800
2017-03-28,42.912183,43.609943,42.826904,43.385109,14878900
2017-03-29,43.369595,43.485889,43.067233,43.160267,10329100
2017-03-30,43.168030,43.749496,43.113760,43.602192,12106500
2017-03-31,43.431619,43.555665,43.121503,43.152515,11864600
2017-04-03,43.183535,43.276569,42.478023,43.020725,14550700
2017-04-04,42.873411,42.896671,42.625319,42.795883,11937400
2017-04-05,43.253308,43.571176,42.586560,42.625324,17411700
2017-04-06,42.602065,43.144767,42.415995,42.927685,10387500
2017-04-07,42.594312,42.881171,42.338469,42.516785,15848800
2017-04-10,42.633071,42.834645,42.113627,42.284191,14607700
2017-04-11,42.043860,42.067117,41.299584,41.989590,28086800
2017-04-12,41.826783,41.881053,41.129022,41.183292,25601300
2017-04-13,40.159908,40.896432,39.811028,39.811028,47982000
2017-04-17,40.035864,40.904186,39.741254,40.873177,31959100
2017-04-18,40.594080,40.834418,40.384752,40.663857,22257500
2017-04-19,40.997227,41.198800,40.353736,40.431267,17414600
2017-04-20,40.873182,41.547681,40.648347,41.477905,31552900
2017-04-21,41.392621,41.741502,41.051496,41.090260,26177300
2017-04-24,41.981844,42.129148,41.547682,41.594200,23856700
2017-04-25,42.121386,42.710603,42.090374,42.299702,27061300
2017-04-26,42.330706,42.695093,42.144639,42.284191,15915500
2017-04-27,42.284192,42.369474,41.795760,42.206661,13978000
2017-04-28,42.121386,42.315207,41.656211,41.741493,16501900
2017-05-01,41.943075,42.447014,41.842290,42.222179,13915800
2017-05-02,42.222167,42.338461,41.912053,42.284191,15634900
2017-05-03,42.167091,42.854132,42.120250,42.822903,15737100
2017-05-04,43.150813,43.408451,42.838521,43.080547,17054100
2017-05-05,43.135196,43.244497,42.846327,43.025894,13078800
2017-05-08,43.033694,43.166419,42.744826,42.971237,14242800
2017-05-09,43.049320,43.228887,42.510619,42.690186,14402900
2017-05-10,42.494990,42.869738,42.440339,42.721401,15897200
2017-05-11,42.377886,42.487187,41.425400,41.956295,32200100
2017-05-12,41.612768,41.628383,41.019416,41.394165,29642300
2017-05-15,41.425407,41.706467,41.394177,41.628395,15245000
2017-05-16,41.690851,41.722078,41.339523,41.581547,12650100
2017-05-17,41.581534,41.581534,40.324565,40.785194,33173100
2017-05-18,40.839861,41.347333,40.558799,40.894512,19790100
2017-05-19,41.042842,41.644003,40.902311,41.425400,16895000
2017-05-22,41.589339,41.628375,40.988179,41.386349,13947000
2017-05-23,41.386375,41.815777,41.261458,41.683052,11751700
2017-05-24,41.761110,41.854797,41.222407,41.448818,11304400
2017-05-25,41.573734,41.573734,41.042839,41.206791,16643800
2017-05-26,41.089680,41.230211,40.886689,40.917919,14247700
2017-05-30,40.722748,40.988195,40.519760,40.722748,19379700
2017-05-31,40.777388,40.793003,39.684372,39.926395,30519700
2017-06-01,40.230887,40.761782,39.863947,40.660290,21001800
2017-06-02,40.340181,40.785199,40.230880,40.449486,19477300
2017-06-05,40.371422,40.738364,40.340192,40.379230,13663800
2017-06-06,40.066928,40.621244,40.004471,40.449486,14887500
2017-06-07,40.472917,40.839859,40.363615,40.668098,17022400
2017-06-08,40.668103,41.401986,40.504151,41.035046,22644200
2017-06-09,41.269253,42.120246,41.222408,42.003136,25750000
2017-06-12,42.143677,42.619921,42.112447,42.229557,22791400
2017-06-13,42.432538,42.697985,42.377887,42.510612,17966000
2017-06-14,42.229536,42.658936,41.823558,42.573055,16575000
2017-06-15,42.190520,42.510618,42.010953,42.081219,17232300
2017-06-16,42.104632,42.346659,41.886029,42.073402,23492700
2017-06-19,42.401307,42.658946,42.252967,42.346657,15367300
2017-06-20,42.206136,42.237363,41.714277,41.737698,13622200
2017-06-21,41.745511,41.753317,41.222422,41.362953,12653700
2017-06-22,41.222420,41.292686,40.769599,40.980396,15362200
2017-06-23,41.144336,41.245831,40.847659,40.949154,21868500
2017-06-26,41.167762,41.714272,41.058461,41.300488,12532800
2017-06-27,41.394162,41.893827,41.308282,41.503464,13496300
2017-06-28,41.854799,42.487186,41.784533,42.416924,20961700
2017-06-29,43.447484,44.189173,43.103962,43.548977,32552100
2017-06-30,43.744155,43.759770,43.064923,43.260105,16750700
2017-07-03,43.572401,44.072066,43.494326,43.548977,11825000
2017-07-05,43.697317,43.736353,43.205458,43.548977,14086900
2017-07-06,43.705120,43.970568,43.330372,43.377216,14481200
2017-07-07,43.548973,43.588012,43.135188,43.517746,11503500
2017-07-10,43.353794,43.572400,43.205457,43.400639,10979000
2017-07-11,43.455287,43.494323,42.799476,42.971237,14842700
2017-07-12,42.885369,43.127396,42.627728,43.072742,11951500
2017-07-13,43.143000,43.463098,42.986857,43.408447,14201800
2017-07-14,42.401310,43.096157,42.252970,42.932205,17949600
2017-07-17,42.861936,42.924393,42.502800,42.713596,14953600
2017-07-18,42.401308,42.877550,42.338849,42.783863,13603300
2017-07-19,42.783868,43.103966,42.697988,42.893169,12366200
2017-07-20,42.908789,43.182046,42.690186,42.846333,15123500
2017-07-21,42.494987,42.643324,42.237345,42.291996,17384500
2017-07-24,42.237369,42.479396,42.190527,42.370094,18489900
2017-07-25,42.940017,43.260116,42.869752,42.986862,20167800
2017-07-26,43.189845,43.197654,42.791676,42.869747,19686900
2017-07-27,42.830707,42.908778,42.463764,42.713596,17352600
2017-07-28,42.393501,42.604298,41.519087,41.612774,32590600
2017-07-31,41.706460,42.331044,41.690848,42.112438,20378100
2017-08-01,42.338848,42.463764,42.042171,42.221741,19350300
2017-08-02,42.103784,42.434070,42.033008,42.166695,19422100
2017-08-03,42.072333,42.198157,41.946509,41.993694,19374700
2017-08-04,42.206020,42.229614,40.821959,41.553310,44664600
2017-08-07,41.466794,41.639802,41.230875,41.317379,22673700
2017-08-08,41.144381,41.915052,41.065743,41.451077,24877800
2017-08-09,41.112920,41.529713,41.002824,41.513985,14631600
2017-08-10,41.199419,41.458932,40.829811,40.853405,18373000
2017-08-11,40.759042,41.057871,40.688266,40.845543,14714500
2017-08-14,41.183702,41.749910,41.160111,41.553310,16313200
2017-08-15,41.836414,41.962238,41.545447,41.561172,11028100
2017-08-16,41.686992,41.844272,41.254473,41.435345,11224400
2017-08-17,41.262339,41.388163,40.727588,40.735451,16814300
2017-08-18,40.601760,41.002822,40.405160,40.641079,17130600
2017-08-21,40.688257,40.821943,40.420881,40.751167,13503100
2017-08-22,40.853411,41.105058,40.829817,41.065739,12984100
2017-08-23,40.759036,41.270193,40.735442,40.916313,10019500
2017-08-24,41.042146,41.309521,40.924188,41.018555,12345000
2017-08-25,41.105060,41.340979,40.703995,40.711861,15307800
2017-08-28,40.853408,40.908456,40.436615,40.601761,12425900
2017-08-29,40.271464,40.499521,40.208554,40.436607,10715500
2017-08-30,40.468073,40.688267,40.263611,40.389435,11427500
2017-08-31,40.106325,40.295062,40.004093,40.161373,25231100
2017-09-01,40.153521,40.491672,40.051288,40.082745,16217700
2017-09-05,39.815368,39.846822,39.131199,39.398575,31251300
2017-09-06,39.516530,39.532258,38.973916,39.225563,26854000
2017-09-07,39.272745,39.272745,38.745860,39.068283,23367300
2017-09-08,39.013242,39.304208,38.871690,38.989651,18975700
2017-09-11,39.319928,39.949046,39.272743,39.838951,17987100
2017-09-12,39.988373,40.680404,39.980510,40.554581,17129500
2017-09-13,40.413020,40.507386,40.247877,40.468067,12617300
2017-09-14,40.530988,40.672540,40.169246,40.334389,13739400
2017-09-15,40.326526,40.641087,40.302935,40.625359,28494300
2017-09-18,40.633221,41.553309,40.586039,41.451077,20943400
2017-09-19,41.458940,42.143106,41.309522,41.962234,17047000
2017-09-20,41.985825,42.552033,41.899320,42.268929,21560400
2017-09-21,42.111646,42.654263,42.088055,42.512711,16210900
2017-09-22,42.402608,42.748625,42.268922,42.662121,18047800
2017-09-25,42.520581,42.725046,42.111653,42.489124,11595900
2017-09-26,42.544166,42.685718,42.276790,42.308247,12052500
2017-09-27,42.835130,42.882312,42.512707,42.630665,15840800
2017-09-28,42.693577,42.725034,42.261059,42.662121,14531700
2017-09-29,42.662128,43.432799,42.536305,43.369888,20872300
2017-10-02,43.377748,43.621532,43.141829,43.621532,11764400
2017-10-03,43.511439,43.739492,43.133965,43.708038,17405100
2017-10-04,43.495716,43.527169,43.173292,43.220474,14697800
2017-10-05,43.251933,43.857460,43.078924,43.558628,14560700
2017-10-06,43.629397,43.786677,43.424934,43.708038,11151200
2017-10-09,43.739501,43.802414,43.189021,43.362030,11377000
2017-10-10,43.542888,43.818129,43.369882,43.731625,12800500
2017-10-11,43.597945,43.810273,43.456393,43.770954,12843100
2017-10-12,43.794543,43.810272,43.299114,43.417072,15067500
2017-10-13,42.064460,42.237465,41.553299,42.221737,35310000
2017-10-16,42.190289,42.441936,42.009414,42.308247,22802400
2017-10-17,42.449804,42.465532,41.773501,41.828548,18614700
2017-10-18,42.001545,42.520568,41.930769,42.001545,21604000
2017-10-19,41.765634,42.410481,41.679130,42.268929,12669700
2017-10-20,42.630672,43.306975,42.496986,43.189014,28407700
2017-10-23,43.055317,43.283374,43.015998,43.181141,18102100
2017-10-24,43.251917,43.692301,43.251917,43.582203,18779400
2017-10-25,43.637273,43.708049,43.149704,43.448536,17096900
2017-10-26,43.605797,44.172001,43.605797,43.739483,15979200
2017-10-27,43.432794,44.069778,43.354155,43.936089,17258600
2017-10-30,43.605803,44.006865,43.495708,43.920361,12249200
2017-10-31,43.998996,44.447243,43.959677,44.148411,14619200
2017-11-01,44.289973,44.698900,44.187740,44.203468,11678300
2017-11-02,44.187632,44.757796,43.831280,44.726120,15630000
2017-11-03,44.543981,44.694439,44.266820,44.623169,10049200
2017-11-06,44.425199,44.686525,44.346011,44.488552,10414900
2017-11-07,44.480631,44.575661,43.292792,43.593712,18679100
2017-11-08,43.395740,43.546201,42.801820,42.968117,24047100
2017-11-09,42.683038,42.912685,42.136630,42.762226,24438800
2017-11-10,42.778052,42.865161,42.595917,42.611755,13671700
2017-11-13,42.382102,42.690940,42.294994,42.540482,13447000
2017-11-14,42.382115,42.841411,42.223736,42.793900,20830100
2017-11-15,42.469221,42.857247,42.358356,42.564247,18238600
2017-11-16,42.722629,43.443252,42.651359,43.237358,26361800
2017-11-17,42.928520,43.126493,42.738467,42.881008,15814800
2017-11-20,42.857243,42.928514,42.643432,42.801811,16943100
2017-11-21,42.825568,43.221514,42.754298,43.174000,13757000
2017-11-22,43.126490,43.253192,42.785976,42.809734,11421700
2017-11-24,42.912680,43.007710,42.762222,42.833492,5386500
2017-11-27,42.778054,43.126486,42.651351,42.722622,11066800
2017-11-28,42.659282,44.258906,42.540500,44.005501,25685200
2017-11-29,44.219301,45.335870,44.108436,44.884491,29631800
2017-11-30,45.161655,45.399225,44.646926,44.718197,30984400
2017-12-01,44.797390,45.280446,43.902550,44.504391,31242400
2017-12-04,45.351701,45.921865,45.296269,45.446728,28720400
2017-12-05,46.452446,47.046366,45.486336,46.365337,39754900
2017-12-06,46.468289,46.800882,46.024827,46.381180,26758300
2017-12-07,46.286145,47.513578,46.159442,47.006767,32990600
2017-12-08,46.967171,47.450223,46.840468,46.967171,22017100
2017-12-11,46.690007,46.959250,46.420763,46.618736,15876600
2017-12-12,46.492034,47.957037,46.492034,47.774902,25040400
2017-12-13,47.759075,47.909533,47.022614,47.038452,18227000
2017-12-14,47.157228,47.505663,46.887984,46.895905,14731000
2017-12-15,47.078043,48.028316,46.998852,47.410637,36467500
2017-12-18,47.862007,48.408415,47.806575,48.242115,19970900
2017-12-19,48.463850,48.519283,47.735307,47.798660,17062700
2017-12-20,48.210441,48.360900,47.561089,47.624439,16544500
2017-12-21,48.052071,49.192396,48.052071,48.788532,22130700
2017-12-22,49.097361,49.287417,48.455927,48.741009,11653200
2017-12-26,48.701420,48.875638,48.147094,48.408421,11662800
2017-12-27,48.384667,48.495534,48.036235,48.265884,10010800
2017-12-28,48.329230,48.550962,48.234203,48.543041,10550900
2017-12-29,48.669744,48.764773,48.044147,48.044147,10711400
2018-01-02,48.337153,48.590559,48.067909,48.376747,13819300
2018-01-03,48.479684,48.915225,48.384655,48.748928,14203700
2018-01-04,49.081516,49.928841,49.026084,49.358681,18740500
2018-01-05,49.699202,49.738799,49.168635,49.691284,14217900
2018-01-08,49.620013,49.675445,49.049849,49.129040,15569400
2018-01-09,49.334937,49.707128,49.152802,49.303261,15766500
2018-01-10,49.477484,50.206027,49.382457,49.984295,18107500
2018-01-11,50.403989,50.419824,49.643769,49.897175,22075000
2018-01-12,50.047645,50.206024,49.136967,49.532913,25886100
2018-01-16,49.722963,50.008044,49.239907,49.493313,17907800
2018-01-17,49.770476,50.712831,49.485397,50.586128,23892900
2018-01-18,50.578214,50.926646,50.570297,50.641567,16305900
2018-01-19,50.799937,50.887046,50.546532,50.855370,16524000
2018-01-22,50.681155,51.275074,50.657399,51.259239,12245200
2018-01-23,50.926631,51.354254,50.855363,51.069172,12937100
2018-01-24,51.433445,51.971932,51.314666,51.853153,20180300
2018-01-25,52.027369,52.146154,51.789804,51.987778,17568700
2018-01-26,52.177827,52.296612,51.671016,52.209503,16251900
2018-01-29,52.090745,52.510447,51.995721,52.122421,16105200
2018-01-30,51.813560,52.209506,51.694775,51.694775,16158900
2018-01-31,51.686846,52.344119,51.599744,52.090714,18147900
2018-02-01,52.074795,52.648354,51.827840,52.186321,15717600
2018-02-02,52.042926,52.202247,50.848002,51.039188,18905300
2018-02-05,46.761362,47.709334,45.805422,46.331188,103394400
2018-02-06,45.335426,46.602045,44.506944,45.630173,83076900
2018-02-07,45.359313,46.299320,45.207957,45.837284,45551000
2018-02-08,45.669999,45.757625,44.092697,44.132530,43569700
2018-02-09,44.722027,45.040674,43.590833,44.714062,48904600
2018-02-12,44.897286,45.502713,44.514911,45.008812,24401300
2018-02-13,44.658297,46.275427,44.570669,46.203732,24234200
2018-02-14,46.084229,47.478307,46.044399,47.438477,23681800
2018-02-15,47.653577,47.876628,47.119845,47.812901,22397300
2018-02-16,47.534079,48.139509,47.534079,47.757133,18661900
2018-02-20,47.685438,48.808666,47.621707,47.757133,18517600
2018-02-21,47.685443,48.187312,47.581882,47.581882,19987800
2018-02-22,47.701370,47.932387,46.745430,46.848991,17948600
2018-02-23,47.056109,47.191535,46.482544,47.135769,21099200
2018-02-26,47.597807,47.796961,46.960515,47.773064,16478300
2018-02-27,47.820854,48.179332,47.167629,47.167629,17024400
2018-02-28,47.374764,47.653578,46.458654,46.530350,17869100
2018-03-01,46.402890,46.952554,45.454918,45.654072,28491000
2018-03-02,45.343383,45.901015,44.945075,45.733727,22428500
2018-03-05,45.255765,46.179840,45.080509,45.877125,20560900
2018-03-06,45.972701,46.100160,45.120323,45.462868,23975900
2018-03-07,44.929138,45.199988,44.618456,45.088459,24788700
2018-03-08,45.207968,45.423055,44.793727,45.184071,16828400
2018-03-09,45.534576,46.418821,45.407118,46.386955,19051500
2018-03-12,46.418823,46.649843,46.171871,46.219669,12414800
2018-03-13,46.514412,46.538309,45.741693,45.853222,13810600
2018-03-14,46.092207,46.124072,44.968978,45.112370,12212900
2018-03-15,45.223896,45.502711,44.801691,45.271694,13277700
2018-03-16,45.399150,45.542538,44.506937,44.530838,37095000
2018-03-19,44.514910,44.602538,43.789989,44.196262,17982200
2018-03-20,44.427281,44.522874,43.543037,43.734226,26874600
2018-03-21,43.829824,44.275930,43.447449,43.646603,18997300
2018-03-22,43.184552,43.240315,41.567423,41.846237,32656300
2018-03-23,41.997594,42.021491,40.579615,40.611481,30975800
2018-03-26,41.384218,41.862186,41.041673,41.655067,26718000
2018-03-27,41.742688,42.061333,40.380472,40.707085,23669300
2018-03-28,40.754883,41.368278,40.587594,41.009800,23342500
2018-03-29,41.471830,42.021494,41.200981,41.750645,17706800
2018-04-02,41.718791,41.742692,40.165389,40.906242,23359800
2018-04-03,41.200988,41.575395,40.675221,41.487770,16646400
2018-04-04,40.730988,42.252525,40.635392,42.148964,15952700
2018-04-05,42.491503,42.985404,42.260484,42.427773,16488800
2018-04-06,41.941827,42.156910,41.392160,41.607246,22943800
2018-04-09,41.822350,42.483543,41.551500,41.623196,17032000
2018-04-10,42.212681,42.268444,41.519623,41.917931,14594700
2018-04-11,41.678954,41.798448,41.200986,41.368275,14673200
2018-04-12,41.551493,42.435737,41.447932,41.981667,19967800
2018-04-13,41.432004,41.663024,40.476067,40.539795,32054900
2018-04-16,40.300805,40.898267,40.077754,40.468094,31879100
2018-04-17,40.587589,40.754878,40.221146,40.284874,25507100
2018-04-18,40.452163,40.603522,40.037922,40.141483,21055700
2018-04-19,40.237081,41.113361,40.221152,41.057598,23678400
2018-04-20,41.368275,42.077263,41.280647,41.870144,31149300
2018-04-23,41.862171,42.093191,41.567424,41.909969,17723900
2018-04-24,42.180816,42.818108,41.567422,41.830303,23052100
2018-04-25,41.774554,42.611004,41.368281,42.308289,20978500
2018-04-26,42.212681,42.308274,41.631149,41.774540,17025800
2018-04-27,41.647092,42.172859,41.591329,41.710823,12304300
2018-04-30,41.870138,42.260478,41.392166,41.392166,17050500
2018-05-01,41.232849,41.902006,41.105390,41.870144,13903800
2018-05-02,41.726760,42.117101,41.471843,41.575401,16397200
2018-05-03,41.430926,41.567372,40.780811,41.366718,19216100
2018-05-04,41.069745,42.458269,40.989485,42.064987,16660500
2018-05-07,42.514448,42.530500,42.040906,42.265636,16259100
2018-05-08,42.313802,43.108388,42.241567,42.691029,20786200
2018-05-09,42.899694,43.325078,42.819431,43.148502,16286700
2018-05-10,43.445479,43.927046,43.044172,43.862839,20699000
2018-05-11,43.894946,44.087574,43.557849,43.702320,14424000
2018-05-14,43.967167,43.999272,43.605993,43.726383,12809100
2018-05-15,43.686264,44.368484,43.646134,43.943100,14991100
2018-05-16,43.902969,44.400588,43.790603,44.175858,16450200
2018-05-17,43.662186,43.878889,43.365217,43.517715,21622400
2018-05-18,43.461538,43.678241,43.092333,43.100361,21492700
2018-05-21,43.405354,43.846791,43.397326,43.774555,11491400
2018-05-22,43.846795,44.665462,43.694297,44.352440,17398200
2018-05-23,44.167840,45.090847,43.846796,45.090847,23566100
2018-05-24,44.842032,44.866112,43.694294,43.878895,24673400
2018-05-25,43.822717,44.135739,43.766534,44.063503,17741900
2018-05-29,43.373247,43.549820,42.249586,42.498398,31604000
2018-05-30,43.068260,43.694297,42.843529,43.525749,16416200
2018-05-31,43.509684,43.646130,43.180612,43.333111,17515900
2018-06-01,43.790602,44.159803,43.565868,43.894939,14100200
2018-06-04,43.975204,44.280195,43.822705,44.007309,10593700
2018-06-05,43.830739,44.087575,43.573903,43.742451,11883900
2018-06-06,43.919020,44.649398,43.870862,44.609268,15848200
2018-06-07,44.761764,44.938340,44.344405,44.649399,17299600
2018-06-08,44.593224,44.761772,44.127707,44.689537,12965900
2018-06-11,44.777819,45.034655,44.545061,44.553085,13518400
2018-06-12,44.657416,44.906228,44.215979,44.448738,13608300
2018-06-13,44.456772,44.890184,44.256118,44.272171,14901100
2018-06-14,44.408624,44.424673,43.726400,43.935081,18189100
2018-06-15,43.782569,44.440712,43.646126,44.127693,35715800
2018-06-18,43.750481,44.328364,43.686273,44.207973,17856700
2018-06-19,43.886927,44.328364,43.822716,44.207973,16654800
2018-06-20,44.512944,44.617285,43.694278,43.726383,16545600
2018-06-21,43.541802,43.951134,43.244836,43.638115,21191600
2018-06-22,44.111654,44.183890,43.164570,43.292988,24015000
2018-06-25,43.164566,43.453507,42.618788,43.309036,21069600
2018-06-26,43.260881,43.292983,42.554580,42.883652,14409100
2018-06-27,42.731169,43.292996,42.586698,42.763271,19520900
2018-06-28,42.979960,43.228771,42.554576,43.044170,13837300
2018-06-29,44.641381,45.845302,44.472833,44.496910,43888500
2018-07-02,44.304294,45.251378,44.199953,45.203220,21204900
2018-07-03,45.291497,45.452020,44.488883,44.593224,12830400
2018-07-05,44.882154,45.010576,44.183881,44.336380,16788600
2018-07-06,44.384547,45.050718,44.167841,44.858089,12389100
2018-07-09,45.098859,45.724900,44.954389,45.564377,16684000
2018-07-10,45.797148,45.813201,45.219266,45.443996,15581400
2018-07-11,45.267412,45.548326,44.930313,45.002548,15641400
2018-07-12,45.315568,45.331620,44.625320,44.970444,18236100
2018-07-13,43.935074,44.777818,43.044172,44.432693,34323400
2018-07-16,44.737685,45.933577,44.649397,45.740952,25538700
2018-07-17,45.708851,45.773058,45.291491,45.395832,21649000
2018-07-18,45.155039,45.604504,45.058726,45.403851,19913900
2018-07-19,45.155049,45.652672,44.962424,45.211235,22219400
2018-07-20,45.002555,45.476097,44.825979,45.275444,17250400
2018-07-23,45.259389,46.623833,45.187154,46.551598,24584100
2018-07-24,46.551595,47.105397,46.431201,46.832508,27245000
2018-07-25,46.631858,46.952905,46.431204,46.736198,15531100
2018-07-26,46.928825,47.137504,46.712119,46.800407,14165300
2018-07-27,46.856586,47.273946,46.680010,47.057240,17662900
2018-07-30,47.217778,47.570927,46.792390,46.944889,22699900
2018-07-31,47.041201,47.121461,45.909515,45.981750,21633800
2018-08-01,46.519492,46.776328,45.917531,46.270683,19192700
2018-08-02,45.813190,46.912769,45.813190,46.784351,13489100
2018-08-03,46.599757,47.298030,46.575676,47.217770,13720400
2018-08-06,47.017114,47.378288,46.704092,47.265923,13360500
2018-08-07,47.306049,47.482625,47.113423,47.209736,13810900
2018-08-08,47.161586,47.755521,47.161586,47.506710,13778600
2018-08-09,47.417770,47.619892,47.215649,47.247986,15859500
2018-08-10,46.391001,47.231825,46.391001,46.932686,16170100
2018-08-13,46.617366,46.981186,46.536519,46.576942,19541100
2018-08-14,46.625460,47.102468,46.625460,46.948856,14860400
2018-08-15,46.633546,47.094383,46.609292,46.884178,17378400
2018-08-16,47.005444,47.547132,46.932680,47.425858,19992500
2018-08-17,47.304575,47.733075,47.304575,47.587547,13737600
2018-08-20,47.547133,47.870526,47.433943,47.724998,11403400
2018-08-21,47.700744,48.129241,47.652234,47.668404,17943500
2018-08-22,47.733076,48.104979,47.563294,47.838177,20829600
2018-08-23,47.700739,47.741162,47.353089,47.393513,19655600
2018-08-24,47.619900,47.636067,47.433945,47.450115,14366600
2018-08-27,47.595634,48.088812,47.506700,47.781586,19915200
2018-08-28,47.854361,47.967552,47.692666,47.757343,19330200
2018-08-29,47.741168,47.846272,47.555216,47.668404,14436600
2018-08-30,47.433938,47.765421,47.239903,47.264156,14800900
2018-08-31,47.110553,47.328845,46.948855,47.280334,16720200
2018-09-04,47.256082,47.660325,46.948856,47.539051,19003700
2018-09-05,47.603730,47.862446,47.547136,47.660324,22332300
2018-09-06,47.627976,47.830098,46.835659,46.835659,20756900
2018-09-07,46.827584,46.948858,46.366746,46.407173,21482400
2018-09-10,46.585027,46.762895,46.334398,46.455669,15623000
2018-09-11,46.407158,46.536515,46.342477,46.390987,22160300
2018-09-12,46.350572,46.399079,45.113585,45.226772,23868800
2018-09-13,45.283364,45.477402,44.458710,44.466793,26954800
2018-09-14,44.620404,44.919547,44.224247,44.248501,20997600
2018-09-17,44.264669,44.272752,43.609793,43.908936,21959500
2018-09-18,43.860432,44.224251,43.690650,44.062553,22055200
2018-09-19,44.054469,44.830616,43.884685,44.644665,17046200
2018-09-20,44.976149,45.121677,44.458718,44.911469,20308000
2018-09-21,45.073155,45.121665,44.402109,44.458706,36158500
2018-09-24,44.305091,44.596147,43.852340,43.868507,19604700
2018-09-25,43.900859,44.216168,43.820011,43.844265,15207400
2018-09-26,43.965523,44.022117,42.865980,42.979168,22025100
2018-09-27,43.076196,43.334911,42.655782,42.704292,19991000
2018-09-28,42.599192,42.833654,42.372817,42.494091,18588600
2018-10-01,42.639614,42.688121,42.170690,42.243454,17209000
2018-10-02,42.235361,42.324292,41.944305,42.146427,17509600
2018-10-03,42.445578,42.785141,42.308137,42.566853,18444900
2018-10-04,42.631527,43.545118,42.631527,43.262146,21417500
2018-10-05,43.415763,43.545121,42.833652,43.003433,14793000
2018-10-08,42.833647,43.625964,42.833647,43.391502,12858200
2018-10-09,43.157053,43.634061,42.833657,43.278324,15918300
2018-10-10,43.415764,43.714903,42.372815,42.388985,21875900
2018-10-11,42.348569,42.720472,41.240939,41.588589,33147900
2018-10-12,42.122174,43.116616,41.127735,42.130260,32067300
2018-10-15,42.453667,43.650231,42.453667,43.043865,34118900
2018-10-16,43.100451,43.488524,42.469829,43.440014,28227200
2018-10-17,43.302576,44.474880,43.003433,44.030212,23524200
2018-10-18,43.795753,43.981708,42.655786,42.930672,22533300
2018-10-19,42.914506,43.359173,42.736637,42.760891,19521000
2018-10-22,42.906412,42.987260,41.685598,41.758362,17621500
2018-10-23,41.103492,42.000914,40.804353,41.685604,25529800
2018-10-24,41.483473,41.629000,40.440523,40.577965,31161500
2018-10-25,40.852853,42.534508,40.763919,41.928143,29366100
2018-10-26,41.491561,41.984739,41.063064,41.434967,30053800
2018-10-29,41.944314,42.971093,41.709852,42.227283,30541300
2018-10-30,42.405147,42.777050,41.936223,42.599182,24910900
2018-10-31,42.882167,43.682567,42.874080,43.035778,23667400
2018-11-01,43.197459,43.625956,42.971083,43.302563,17654800
2018-11-02,43.828101,44.167667,42.938766,43.343010,18285600
2018-11-05,43.440024,43.900862,41.362212,43.383430,18990000
2018-11-06,43.140876,43.423845,42.817479,43.294487,20696800
2018-11-07,43.512772,43.803828,42.680032,43.318737,20668500
2018-11-08,43.114976,43.685493,43.082374,43.326881,22429200
2018-11-09,43.269850,43.514358,42.976439,43.229099,18972200
2018-11-12,43.302442,43.669205,42.609666,42.666718,19003300
2018-11-13,42.886787,43.465459,42.886787,42.984592,28102000
2018-11-14,43.310592,43.432847,41.965797,42.503716,24788400
2018-11-15,42.006547,43.123134,41.794638,43.049782,23220100
2018-11-16,42.911235,43.343199,42.772678,43.147591,18872500
2018-11-19,43.172047,43.587710,42.870485,43.457306,20215500
2018-11-20,43.237250,43.392107,42.674881,42.821587,22999200
2018-11-21,42.886784,43.359502,42.601525,42.731930,16946300
2018-11-23,42.357012,42.617821,42.063601,42.242908,11139400
2018-11-26,42.650418,43.343190,42.650418,43.098682,20581700
2018-11-27,42.943831,43.457300,42.748226,43.351345,18044600
2018-11-28,43.318745,44.304928,42.854179,44.296776,23713300
2018-11-29,43.987080,44.353841,43.840375,44.044132,14978400
2018-11-30,44.076724,44.459785,43.905566,44.239727,18939000
2018-12-03,44.647243,44.859152,43.685510,44.207130,21261700
2018-12-04,43.970761,44.003363,41.982091,42.202148,33280500
2018-12-06,41.281175,41.680537,40.767706,41.639786,40310200
2018-12-07,41.476779,41.933196,40.792155,40.963310,28510500
2018-12-10,40.808455,40.808455,39.365855,39.773369,34524600
2018-12-11,40.270545,40.417250,38.754592,38.925747,32388600
2018-12-12,39.357704,39.365853,38.184062,38.909439,42820000
2018-12-13,39.096893,39.219145,38.249263,38.330765,35227100
2018-12-14,37.939553,38.705681,37.801000,37.931404,25913000
2018-12-17,37.670604,38.558985,37.589099,37.988464,29443300
2018-12-18,38.257414,38.730132,37.752098,37.915104,26740000
2018-12-19,37.809157,38.656787,36.920776,37.222336,34287600
2018-12-20,37.002278,38.118865,36.945226,37.523895,43969900
2018-12-21,37.157135,37.923260,36.619217,36.774071,55577900
2018-12-24,36.244309,36.757775,35.535233,35.535233,18049900
2018-12-26,35.730832,37.157131,35.062509,37.157131,27770000
2018-12-27,36.448052,37.108223,35.738976,37.108223,27005300
2018-12-28,37.230487,37.841758,37.108232,37.311989,23635000
2018-12-31,37.474999,37.882513,37.140837,37.556503,16544500
2019-01-02,37.108226,38.265568,37.010424,38.257416,20295200
2019-01-03,38.021060,38.591577,37.792850,37.955856,22262000
2019-01-04,38.648626,39.210997,38.469322,39.080593,23343600
2019-01-07,38.942045,39.308809,38.746440,38.827942,21858000
2019-01-08,39.039848,39.251754,38.241117,38.746437,19702900
2019-01-09,38.721985,39.105049,38.371525,38.958344,18837700
2019-01-10,38.713823,39.162087,38.558969,38.917580,16208400
2019-01-11,38.713821,39.194688,38.453013,39.015381,20006900
2019-01-14,38.721978,39.520708,38.632328,39.463654,23827600
2019-01-15,38.795339,39.325108,38.314472,38.852390,27447600
2019-01-16,39.243604,40.213487,39.113200,39.887474,32026400
2019-01-17,39.642970,40.229791,39.447365,40.123837,25738800
2019-01-18,40.017869,40.881800,39.822264,40.759544,36380300
2019-01-22,40.563946,40.832904,40.449843,40.637299,33975200
2019-01-23,40.751403,41.012211,40.343888,40.849205,16806700
2019-01-24,40.580242,41.028507,40.466138,40.735096,17862100
2019-01-25,41.077423,41.191526,40.718808,40.857365,20183400
2019-01-28,40.563963,40.669917,40.099397,40.604713,19913100
2019-01-29,40.572099,40.841059,40.523199,40.629150,11927600
2019-01-30,40.620996,41.036659,40.417239,40.824753,16885100
2019-01-31,40.528681,40.643819,40.018784,40.224388,24934700
2019-02-01,40.298406,40.364201,40.125699,40.224388,21123500
2019-02-04,40.175049,40.421777,40.059912,40.347759,17547800
2019-02-05,40.520470,40.561590,40.092813,40.520470,14784900
2019-02-06,40.372425,40.734287,40.355976,40.479340,12145700
2019-02-07,40.372429,40.545136,39.237494,39.541790,24189700
2019-02-08,39.426643,39.508887,38.702919,39.188145,20641200
2019-02-11,39.369074,39.443092,38.966092,39.188145,15995900
2019-02-12,39.484210,40.676714,39.484210,40.339523,22033000
2019-02-13,40.495790,40.882324,40.207942,40.314857,13770900
2019-02-14,39.994115,40.224390,39.500663,39.903648,16456500
2019-02-15,40.372425,40.643820,39.878976,40.479340,19346200
2019-02-19,40.323076,40.808302,40.150369,40.610924,15121700
2019-02-20,40.652042,41.022130,40.545127,40.964561,16742600
2019-02-21,40.923445,41.030360,40.602703,40.758965,16938800
2019-02-22,40.791857,40.915221,40.257289,40.314857,15848200
2019-02-25,40.512253,41.309998,40.504030,40.841221,16564100
2019-02-26,40.701390,41.235959,40.578026,40.783630,16997800
2019-02-27,40.783635,41.145498,40.594480,41.038586,17455000
2019-02-28,41.104379,41.227743,40.898775,41.030361,17786600
2019-03-01,41.309988,41.811663,41.013917,41.145504,19051400
2019-03-04,41.359335,41.861010,40.865883,41.211300,16697000
2019-03-05,41.145499,41.161948,40.569810,41.030361,14235400
2019-03-06,41.096169,41.301773,40.857667,40.972805,14211000
2019-03-07,40.882326,40.997464,40.536913,40.857655,19047300
2019-03-08,40.512239,41.038588,40.438221,40.956345,17400000
2019-03-11,41.120820,41.203061,40.816527,40.923439,19471500
2019-03-12,40.939901,41.161954,40.742522,40.832989,18299300
2019-03-13,41.013914,41.186624,40.800088,41.055035,21647300
2019-03-14,41.178400,41.770541,41.063263,41.408676,20160700
2019-03-15,41.301750,41.778750,41.120818,41.663612,46117300
2019-03-18,41.811648,42.823220,41.803425,42.543598,23843300
2019-03-19,43.111073,43.111073,42.222865,42.280434,19911900
2019-03-20,42.099509,42.412028,41.392233,41.449802,20632400
2019-03-21,41.104377,41.235963,40.438218,41.005688,24132800
2019-03-22,40.504024,40.684956,39.476003,39.730953,27975800
2019-03-25,39.821409,40.207945,39.352631,39.541790,17227600
2019-03-26,39.903654,40.331311,39.813188,40.306637,16989600
2019-03-27,40.249062,40.454666,39.846080,40.109253,16912000
2019-03-28,40.076366,40.479352,39.763847,40.372437,15881600
2019-03-29,40.956331,40.956331,39.311498,39.739155,53590800
2019-04-01,39.829636,40.216172,39.615805,40.142155,42015500
2019-04-02,39.944779,40.199729,39.443104,39.648708,35393600
2019-04-03,39.862531,40.191496,39.541789,40.183273,30366300
2019-04-04,40.257284,40.857647,40.199715,40.438213,19260100
2019-04-05,40.512245,40.635608,39.969450,40.117485,23734900
2019-04-08,40.002333,40.380644,39.952990,40.199715,18875200
2019-04-09,40.035239,40.051688,39.492444,39.591133,22903500
2019-04-10,39.541789,39.632252,38.982546,39.303288,30977800
2019-04-11,39.451320,39.689819,38.966095,39.262165,33662700
2019-04-12,39.270397,40.150383,37.880514,38.234154,70271400
2019-04-15,37.724255,38.702933,37.551549,38.464432,34954000
2019-04-16,38.554884,39.369074,38.546658,39.188145,25217100
2019-04-17,39.443102,39.443102,38.587788,39.105911,25144000
2019-04-18,39.015444,39.369083,38.752271,39.130585,22416800
2019-04-22,38.990776,39.064794,38.735826,38.867413,15972600
2019-04-23,38.818057,39.015435,38.612453,38.941418,16434300
2019-04-24,38.702930,39.221050,38.678256,39.048344,17831800
2019-04-25,38.793380,39.443090,38.579553,39.073002,23042800
2019-04-26,39.081238,39.459549,38.982549,39.443100,13035500
2019-04-29,39.451335,40.125716,39.443109,39.698059,16918700
2019-04-30,39.763844,39.936554,39.566466,39.813190,18525100
2019-05-01,39.739179,40.175059,39.467783,39.665161,17542100
2019-05-02,39.763849,39.878990,39.352641,39.722729,16883000
2019-05-03,39.903663,40.109267,39.763851,40.010578,16571300
2019-05-06,39.467773,40.076360,39.377307,39.829636,19279900
2019-05-07,39.517108,39.607574,38.579554,38.793381,23919100
2019-05-08,38.702930,38.908534,38.497325,38.653584,19814400
2019-05-09,38.196879,38.886085,38.014197,38.811352,23246900
2019-05-10,38.537329,39.334481,38.288220,39.151802,19983400
2019-05-13,38.429381,39.018944,38.412773,38.470901,23304700
2019-05-14,38.512415,38.969116,38.180267,38.603756,21267600
2019-05-15,38.213485,38.487504,37.773391,38.064018,20123300
2019-05-16,38.188579,38.636975,37.997592,38.113846,20764100
2019-05-17,37.731872,38.387863,37.706962,37.947769,22273500
2019-05-20,37.881334,38.122141,37.615617,37.740173,18854000
2019-05-21,37.881339,38.495811,37.798303,38.470901,18416300
2019-05-22,38.254997,38.454287,38.163656,38.279907,13155000
2019-05-23,38.055716,38.080626,37.424635,37.831516,17643700
2019-05-24,37.997589,38.487506,37.856428,38.338039,13425500
2019-05-28,38.255006,38.404472,37.848128,37.856430,19984600
2019-05-29,37.690358,37.931165,37.474464,37.765091,16058800
2019-05-30,37.939470,38.072328,37.266874,37.408035,13775900
2019-05-31,36.976235,37.250257,36.718823,36.843376,17540500
2019-06-03,36.735436,37.457854,36.702220,36.967937,20172500
2019-06-04,37.499365,37.997584,37.374809,37.931156,21082000
2019-06-05,38.088926,38.113839,37.615617,38.080624,13705400
2019-06-06,37.980992,38.354655,37.740185,38.130455,16020500
2019-06-07,38.113844,38.329738,37.823214,37.889645,14979900
2019-06-10,38.246701,38.869477,38.246701,38.421078,15242700
2019-06-11,38.064017,38.578843,38.005891,38.412769,15078300
2019-06-12,38.205185,38.421082,37.183834,37.291782,22470400
2019-06-13,37.449536,37.889632,37.300069,37.607307,15629400
2019-06-14,37.623928,38.022504,37.233655,37.856430,16147500
2019-06-17,37.848117,38.213477,37.482753,37.590702,13420400
2019-06-18,37.574097,38.520714,37.416328,38.279907,18611100
2019-06-19,38.595453,38.819652,37.889642,37.906250,17787600
2019-06-20,38.072318,38.188572,37.565797,38.080624,19205200
2019-06-21,38.064017,38.935902,38.022499,38.935902,39186200
2019-06-24,38.653579,38.769830,38.387862,38.421078,21854400
2019-06-25,38.304823,38.636968,37.723566,38.313126,20814000
2019-06-26,38.371250,38.429376,38.014192,38.030800,17106800
2019-06-27,38.379561,38.636973,38.288221,38.437687,13391600
2019-06-28,38.869472,39.608498,38.861166,39.292957,31030900
2019-07-01,39.757976,39.957263,39.359400,39.600204,15089100
2019-07-02,39.459038,39.691540,38.960816,39.218231,12107200
2019-07-03,39.276358,39.683239,39.010641,39.575291,10438400
2019-07-05,39.940653,40.015386,39.583595,39.666634,10801600
2019-07-08,39.359401,39.849317,39.284668,39.467346,13189300
2019-07-09,39.276349,39.766266,39.201616,39.716446,12595000
2019-07-10,39.583590,39.699844,39.060461,39.151802,12784900
2019-07-11,39.201619,39.508857,39.077066,39.143494,19751400
2019-07-12,39.126894,39.376003,38.960820,39.326183,12792600
2019-07-15,39.359401,39.400919,38.562246,38.786446,21338400
2019-07-16,38.794754,39.002346,37.549203,37.615631,37548300
2019-07-17,37.532580,37.989281,37.482757,37.540882,24502100
2019-07-18,37.549186,38.213479,37.524273,38.047405,19409100
2019-07-19,38.163669,38.537334,38.080633,38.221794,21847900
2019-07-22,38.105531,38.653573,38.005888,38.595448,17972100
2019-07-23,38.761534,39.517168,38.744926,39.193325,21150200
2019-07-24,39.276347,40.247878,39.259739,40.231270,29357200
2019-07-25,40.289397,40.472078,39.865908,39.932339,20562000
2019-07-26,39.982172,40.945397,39.915741,40.937092,21641500
2019-07-29,41.003520,41.161289,40.007079,40.090115,19148600
2019-07-30,39.865917,40.347531,39.766274,40.314316,14207000
2019-07-31,40.073503,40.671368,39.948950,40.198059,23422800
2019-08-01,40.198062,40.389046,38.985727,39.077068,22668600
2019-08-02,39.118582,39.533765,38.504109,39.392601,20159000
2019-08-05,38.612058,38.861168,38.072318,38.313126,27113500
2019-08-06,38.703395,39.052148,38.047405,38.969112,19446100
2019-08-07,38.255006,38.321437,37.557498,38.039112,27830000
2019-08-08,38.366602,39.164333,38.249043,38.962803,20671300
2019-08-09,38.643695,39.181113,38.416972,38.878815,19786100
2019-08-12,38.215434,38.551321,38.064288,38.148258,17364400
2019-08-13,38.299424,38.979591,38.005521,38.593323,16649100
2019-08-14,37.803984,37.871159,36.897090,36.922283,28786700
2019-08-15,37.199394,37.367337,36.393268,36.426857,27900000
2019-08-16,36.729158,37.400930,36.636789,37.274971,21196600
2019-08-19,37.896355,38.181858,37.728411,37.997120,15378100
2019-08-20,37.820780,37.820780,37.476497,37.518482,13345800
2019-08-21,37.753604,38.022313,37.627649,37.787193,13513700
2019-08-22,38.064304,38.484162,37.837581,38.307819,14703900
2019-08-23,37.955140,38.333012,37.023055,37.300159,21152500
2019-08-26,37.543677,37.787196,37.358942,37.770401,15973100
2019-08-27,37.980330,38.064303,37.308558,37.577267,15038200
2019-08-28,37.484900,38.442175,37.358945,38.181866,14740000
2019-08-29,38.626916,39.038378,38.442178,38.786461,16196600
2019-08-30,39.080347,39.382645,38.971183,39.105537,15250600
2019-09-03,38.887226,38.912417,38.190261,38.702488,17224200
2019-09-04,39.080346,39.214700,38.862018,39.046757,17123100
2019-09-05,39.726945,40.449098,39.718546,39.987255,19243400
2019-09-06,39.953664,40.113209,39.550598,39.592587,18846100
2019-09-09,39.735333,40.843757,39.374255,40.650623,27651400
2019-09-10,40.365125,41.087281,40.365125,40.566658,25822400
2019-09-11,40.549861,41.129264,40.130003,41.020100,19190000
2019-09-12,40.742994,41.213235,40.491080,40.852158,24305900
2019-09-13,41.154440,41.448342,40.860541,41.078865,25142400
2019-09-16,40.692616,41.146063,40.642235,41.129269,17759700
2019-09-17,40.894142,41.028496,40.566653,40.944523,18346100
2019-09-18,40.835374,41.322407,40.667430,41.087288,20511700
2019-09-19,41.137655,41.406364,41.036887,41.070477,16887500
2019-09-20,41.204827,41.397962,40.818559,40.835354,30229400
2019-09-23,40.575048,41.221629,40.566652,41.112465,20603400
2019-09-24,41.129262,41.330795,40.701009,40.852158,21629300
2019-09-25,40.919336,41.599506,40.852160,41.364384,21313100
2019-09-26,41.355992,41.456757,40.994914,41.036900,19984000
2019-09-27,42.321657,43.169768,42.195698,42.581966,59467400
2019-09-30,42.632351,42.699527,42.036154,42.355244,26897100
2019-10-01,42.531581,42.640742,41.146050,41.196434,27249300
2019-10-02,40.910933,41.179642,40.617031,40.701004,23515900
2019-10-03,40.558255,40.734594,39.735334,40.709404,20212200
2019-10-04,40.860549,41.355981,40.751385,41.322392,15779500
2019-10-07,41.104071,41.389574,40.936127,40.986511,15691900
2019-10-08,40.516275,40.600245,39.920078,40.155197,19734000
2019-10-09,40.449096,40.659025,40.373525,40.432304,13467800
2019-10-10,40.583449,41.204837,40.440696,40.852158,18267800
2019-10-11,41.532320,41.918589,41.272011,41.322392,23024600
2019-10-14,41.221635,41.523933,41.129265,41.372784,16870500
2019-10-15,41.381179,43.035419,40.961321,42.078144,38478400
2019-10-16,42.019367,42.220897,41.523935,41.641495,23728400
2019-10-17,41.968981,42.128526,41.549123,41.658287,20560100
2019-10-18,41.431557,42.170508,41.414763,41.960579,21199500
2019-10-21,42.220891,42.405629,42.136920,42.372040,19409100
2019-10-22,42.355248,42.842285,42.178909,42.506397,18526900
2019-10-23,42.590369,42.800298,42.464410,42.766708,14173700
2019-10-24,42.539977,42.993424,42.539977,42.909451,16695400
2019-10-25,42.892664,43.438477,42.825485,43.304123,17433300
2019-10-28,43.614811,43.707180,43.304117,43.371296,23914800
2019-10-29,43.245338,43.967493,43.245338,43.807945,21063000
2019-10-30,43.564432,43.900317,43.346105,43.690388,16155900
2019-10-31,43.472059,43.690384,42.951437,43.354500,18814700
2019-11-01,43.774364,43.908718,43.589625,43.816349,16359300
2019-11-04,44.152231,44.336966,43.866728,44.269791,17559900
2019-11-05,44.286590,44.924772,44.286590,44.756828,25965300
2019-11-06,44.748432,45.210275,44.647664,45.176685,22051100
2019-11-07,45.592092,46.117701,45.592092,45.778599,23452500
2019-11-08,45.634471,45.973570,45.405578,45.863361,14722100
2019-11-11,45.600566,45.897278,45.549700,45.820980,10659400
2019-11-12,45.566666,45.982066,45.456458,45.965111,15187600
2019-11-13,45.617520,45.693818,45.108867,45.176689,16846800
2019-11-14,45.117348,45.405583,45.015615,45.346241,16491400
2019-11-15,45.592080,45.727720,45.295368,45.609035,15225300
2019-11-18,45.642959,45.871852,45.481887,45.778599,14374600
2019-11-19,45.863366,46.058352,45.668384,45.804024,14434100
2019-11-20,45.549702,45.659910,45.142781,45.388630,14994700
2019-11-21,45.642956,45.719253,45.219080,45.405586,16186100
2019-11-22,45.693825,46.075311,45.617527,46.015968,13823400
2019-11-25,46.227903,46.227903,45.812507,45.956623,15561000
2019-11-26,45.871840,45.880316,45.549694,45.617516,18078900
2019-11-27,45.905762,46.117700,45.787074,46.066833,16352900
2019-11-29,45.837937,46.414409,45.837937,46.168560,10508600
2019-12-02,46.041402,46.151608,45.397109,45.456451,20252700
2019-12-03,44.939329,44.973240,44.227217,44.574799,25560700
2019-12-04,44.591733,45.337755,44.540870,45.134296,18867400
2019-12-05,45.278420,45.380149,45.015615,45.125824,13499700
2019-12-06,45.659903,46.126165,45.515783,46.092255,18325700
2019-12-09,45.922723,46.244870,45.702309,45.710785,15070800
2019-12-10,45.346241,45.668385,45.252988,45.515789,15959100
2019-12-11,45.558180,45.761639,44.990185,45.074959,16834200
2019-12-12,45.244514,46.244862,45.015621,46.083790,19119500
2019-12-13,45.820966,46.134633,45.295361,45.600552,19179300
2019-12-16,45.982066,46.253347,45.965111,45.965111,19793500
2019-12-17,45.871851,46.210950,45.770122,46.066833,16723400
2019-12-18,46.168557,46.168557,45.464925,45.498833,18857000
2019-12-19,45.558185,45.634483,45.286901,45.464931,18133300
2019-12-20,45.820985,45.820985,44.990188,45.210606,66318000
2019-12-23,45.219071,45.778587,45.142773,45.617516,17637700
2019-12-24,45.736204,45.812502,45.558177,45.625996,4635500
2019-12-26,45.820985,46.109220,45.736211,45.905762,12517100
2019-12-27,46.024455,46.049887,45.668398,45.710785,9892000
2019-12-30,45.922706,45.999003,45.354714,45.439487,10900500
2019-12-31,45.380142,45.625991,45.320800,45.609035,12566000
2020-01-02,45.651424,45.812499,45.363189,45.566650,16803100
2020-01-03,45.024091,45.456443,44.846064,45.286892,15608800
2020-01-06,44.710429,45.100394,44.693474,45.015617,13200300
2020-01-07,44.973231,44.973231,44.481537,44.642609,13278600
2020-01-08,44.795196,45.210595,44.761285,44.778240,16585600
2020-01-09,45.100394,45.100394,44.490012,44.701950,20817400
2020-01-10,44.752814,44.846068,44.490010,44.506966,13777600
2020-01-13,44.506965,44.506965,43.938973,44.176342,25197600
2020-01-14,42.582568,43.014923,41.751772,41.794159,56668300
2020-01-15,41.395719,41.404195,40.675128,40.963364,47148000
2020-01-16,41.082049,41.811116,40.556444,41.751774,37020200
2020-01-17,41.853504,41.895891,41.141392,41.692432,29669200
2020-01-21,41.616140,42.285864,41.370291,41.488976,30858300
2020-01-22,41.565273,41.616139,40.937939,41.166832,20367700
2020-01-23,41.022702,41.073568,40.675124,40.878586,17297900
2020-01-24,40.853154,40.870110,39.996926,40.327549,21239600
2020-01-27,39.751081,40.200388,39.623920,39.929108,18156200
2020-01-28,40.276690,40.514062,40.081707,40.158005,16673300
2020-01-29,40.200380,40.607304,40.064740,40.073219,16166300
2020-01-30,39.988450,40.649698,39.878244,40.615788,14760200
2020-01-31,40.200393,40.225828,39.632401,39.793472,23080400
2020-02-03,40.047789,40.454709,39.869759,39.946056,15471100
2020-02-04,40.437756,40.556441,40.056267,40.064743,14973300
2020-02-05,40.607321,41.031197,40.505588,40.954899,20141800
2020-02-06,41.503234,41.554643,40.997723,41.109108,18259200
2020-02-07,40.894914,41.126250,40.680715,40.989162,13174600
2020-02-10,40.843499,41.006292,40.629299,40.929180,18124800
2020-02-11,41.194791,41.417557,41.074837,41.117680,13686100
2020-02-12,41.314739,41.546074,40.920610,40.946316,16668100
2020-02-13,40.800667,41.280474,40.740691,41.229065,12530000
2020-02-14,41.246202,41.400425,40.912051,41.314747,15526400
2020-02-18,41.100548,41.229065,39.866758,40.260887,22423800
2020-02-19,40.483649,40.569327,40.252313,40.346561,15602500
2020-02-20,40.269453,40.620740,39.995279,40.560764,15965500
2020-02-21,40.680705,40.997719,40.355122,40.869202,21729100
2020-02-24,39.909597,40.226611,39.635419,39.746803,23075900
2020-02-25,39.661130,39.986711,38.521589,38.658676,31110100
2020-02-26,38.967112,39.112769,37.810438,37.819004,27372600
2020-02-27,37.116444,37.973241,36.353896,36.388168,41180000
2020-02-28,35.394270,35.874074,34.057666,35.000141,71703000
2020-03-02,35.111538,36.225373,33.809206,36.208237,44231200
2020-03-03,36.036880,36.756590,34.297580,34.725979,45091000
2020-03-04,35.137236,35.497093,34.237600,35.471390,33881500
2020-03-05,34.271870,34.280437,33.046651,33.329395,45037900
2020-03-06,31.701477,32.284099,31.127425,31.778589,56766500
2020-03-09,28.891190,29.542354,27.605994,27.828760,53277200
2020-03-10,29.670866,30.056425,27.657392,30.056425,40078700
2020-03-11,29.173927,29.362424,27.426061,27.700239,44769500
2020-03-12,25.541115,26.440753,23.236333,23.304876,68447600
2020-03-13,25.832422,27.211866,23.793247,26.466452,78365700
2020-03-16,22.568027,25.044169,22.533754,22.705114,57466700
2020-03-17,23.673293,26.235117,22.182467,25.386887,58112800
2020-03-18,23.733272,24.752859,23.047833,24.093126,51904100
2020-03-19,23.699000,24.941356,22.525189,24.238783,53123500
2020-03-20,24.572932,24.632907,22.430940,22.705114,73915800
2020-03-23,22.499486,23.022133,21.514170,21.634121,47064100
2020-03-24,23.099242,24.992764,22.559461,24.778564,48630300
2020-03-25,24.847108,25.960943,23.793248,24.821404,53341100
2020-03-26,25.129854,26.894855,24.915655,26.475025,45494700
2020-03-27,25.721038,26.809171,24.915649,25.943806,38942800
2020-03-30,26.012350,26.115165,24.752858,25.635359,41232800
2020-03-31,25.198396,25.489707,24.127400,24.590071,36920300
2020-04-01,23.150648,23.450527,22.448075,22.765089,48497400
2020-04-02,22.679411,23.587616,22.602299,23.322008,33113500
2020-04-03,23.133518,23.441965,22.199609,22.473783,32735800
2020-04-06,23.484799,24.701450,23.476231,24.530090,36056100
2020-04-07,26.346499,26.372203,24.598633,24.650042,39229900
2020-04-08,25.138416,26.115164,24.572931,25.943806,42213700
2020-04-09,26.663515,29.053977,26.646379,28.445652,62462000
2020-04-13,28.462790,28.479926,26.911987,26.929123,36068900
2020-04-14,27.511748,27.845898,25.326915,25.858130,64267100
2020-04-15,24.650045,24.941356,24.178806,24.367302,41883900
2020-04-16,24.230215,24.230215,22.842204,23.039267,52962100
2020-04-17,24.118832,24.658615,23.818953,24.315895,46985000
2020-04-20,23.416256,24.752858,23.064969,23.716135,45441600
2020-04-21,23.047835,23.347714,22.705116,22.996428,41918700
2020-04-22,23.561911,23.630455,22.876474,22.962152,28043300
2020-04-23,23.090674,23.313440,22.636572,22.730820,38331500
2020-04-24,22.962154,23.381986,22.593732,23.064970,35135900
2020-04-27,23.450531,24.487254,23.270602,24.341599,39606100
2020-04-28,25.361183,25.635357,24.495818,24.735722,35188000
2020-04-29,25.789587,26.098033,25.404028,25.703907,38515200
2020-04-30,25.121280,25.369751,24.504387,24.889944,29506100
2020-05-01,24.418710,24.444414,23.373418,23.639025,35197600
2020-05-04,23.099242,23.519073,22.790796,23.433393,34343900
2020-05-05,23.579053,23.818955,22.490920,22.550896,56753400
2020-05-06,22.670842,22.833634,21.762638,21.942566,57732900
2020-05-07,22.370926,22.816771,21.977533,22.056211,52387000
2020-05-08,22.414635,22.537025,22.056211,22.231052,53725300
2020-05-11,21.951311,22.056214,21.505465,21.662823,51444200
2020-05-12,21.820181,22.091186,20.980944,21.015913,53560500
2020-05-13,20.937228,20.937228,19.232526,19.695856,90209900
2020-05-14,19.346178,21.496726,19.250016,21.033396,87965500
2020-05-15,20.709938,20.832326,20.176671,20.421450,51616700
2020-05-18,21.461747,22.370921,21.278164,22.213564,55684400
2020-05-19,21.855149,21.986279,20.911006,20.937233,48234300
2020-05-20,21.409299,21.627851,21.295653,21.435526,45297100
2020-05-21,21.321874,21.724009,21.260680,21.383068,28376500
2020-05-22,21.365589,21.409298,20.911001,21.129553,30415300
2020-05-26,21.898856,23.175197,21.890115,22.956646,57720300
2020-05-27,24.302921,24.705057,23.463684,24.434053,61963000
2020-05-28,24.757506,24.801217,23.708460,23.795879,51490200
2020-05-29,23.166455,23.664752,22.808031,23.140228,51336900
2020-06-01,23.262614,24.119335,23.052804,23.682232,34201700
2020-06-02,24.110597,24.469021,23.743430,23.953239,39058000
2020-06-03,24.818697,25.518063,24.774988,25.203348,50814000
2020-06-04,25.771591,26.444730,25.037257,26.418503,61839200
2020-06-05,29.626832,29.626832,27.502512,27.686096,107651200
2020-06-08,28.761373,29.224701,28.210623,29.128538,69051300
2020-06-09,28.359238,28.918732,27.546228,28.525339,51480400
2020-06-10,28.236852,28.263080,25.920206,25.972658,82090000
2020-06-11,23.778401,24.853674,23.341299,23.419977,75621300
2020-06-12,24.477765,24.678832,23.909531,24.451538,51301200
2020-06-15,23.481173,24.818708,23.218911,24.661350,48311400
2020-06-16,25.727877,25.920202,24.276696,24.932350,52985600
2020-06-17,24.914868,24.958577,23.909531,23.996952,38660800
2020-06-18,23.690980,24.416571,23.542365,24.084372,33670200
2020-06-19,24.477762,24.521472,23.612299,24.128080,71903000
2020-06-22,23.839594,24.154307,23.507395,23.909531,32808300
2020-06-23,24.285437,24.731282,23.769655,23.804623,47279100
2020-06-24,23.568588,23.629784,22.720609,22.834257,57380900
2020-06-25,22.694383,23.961983,22.633189,23.927015,45102200
2020-06-26,22.816767,23.079028,22.073692,22.152370,81172300
2020-06-29,22.370931,22.641935,22.082443,22.467094,43769200
2020-06-30,22.038728,22.615705,22.003760,22.379669,46610000
2020-07-01,22.493316,22.694383,21.793952,21.933825,37509300
2020-07-02,22.510795,22.877961,21.942561,22.152370,37013300
2020-07-06,22.571992,22.746834,21.837659,22.283504,46983100
2020-07-07,22.029982,22.047465,21.278164,21.383068,36920500
2020-07-08,21.365590,21.662821,21.042134,21.461752,38413400
2020-07-09,21.418047,21.662825,20.727423,21.015913,38118900
2020-07-10,21.138293,22.318471,21.112067,22.266018,56483300
2020-07-13,22.571988,22.764314,21.802688,22.213564,51038800
2020-07-14,20.911004,21.321880,20.395222,21.199492,118952600
2020-07-15,21.837661,22.335958,21.715272,22.161118,61714300
2020-07-16,21.776470,22.808033,21.697791,22.257282,48676800
2020-07-17,22.283500,22.414631,21.732751,21.811430,39184100
2020-07-20,21.610365,21.750238,21.330620,21.479235,38682200
2020-07-21,21.636593,22.974128,21.601624,22.904192,58395200
2020-07-22,22.842998,23.035325,22.571995,22.956646,41030500
2020-07-23,22.869221,23.175193,22.467087,23.035320,50791000
2020-07-24,23.140228,23.472428,22.904194,22.956646,39357000
2020-07-27,22.746834,22.746834,22.073695,22.283504,34761000
2020-07-28,22.143630,22.467087,22.143630,22.318472,30505200
2020-07-29,22.248538,22.571993,21.855144,22.537025,31442100
2020-07-30,22.021243,22.064953,21.418041,21.549171,51019200
2020-07-31,21.418044,21.557917,21.050877,21.208235,45537900
2020-08-03,21.199490,21.418041,20.893518,21.234459,27863700
2020-08-04,21.155781,21.234459,21.007166,21.173264,28106900
2020-08-05,21.330624,21.636596,21.278172,21.330624,32935400
2020-08-06,21.242839,21.506179,21.172615,21.277950,44670300
2020-08-07,21.181401,22.138207,21.067287,22.006536,46272400
2020-08-10,22.138200,22.366429,21.260397,21.681744,50602600
2020-08-11,22.199650,22.945781,22.120647,22.225983,55000100
2020-08-12,22.805330,22.945778,21.699297,22.111866,42868500
2020-08-13,21.901199,22.146983,21.664191,21.962645,27387800
2020-08-14,21.760749,22.375211,21.629077,22.208427,26743400
2020-08-17,21.971416,22.067973,21.453512,21.479845,36661700
2020-08-18,21.435957,21.462291,21.076057,21.102392,29680700
2020-08-19,21.076055,21.409620,20.926829,21.128723,33667800
2020-08-20,20.839052,21.014613,20.716160,20.847830,36022100
2020-08-21,20.751268,20.988276,20.645933,20.751268,27198000
2020-08-24,20.891717,21.514959,20.724936,21.497402,36906700
2020-08-25,21.716851,21.848521,21.330617,21.602737,35077300
2020-08-26,21.514959,21.576405,21.102392,21.102392,28348200
2020-08-27,21.058502,21.751967,21.040945,21.585184,36706600
2020-08-28,21.725630,21.743186,21.374509,21.672962,25797300
2020-08-31,21.497403,21.514960,21.146282,21.198950,27615500
2020-09-01,21.084837,21.365734,20.839051,21.111170,30508800
2020-09-02,21.076058,21.646629,21.005833,21.567627,40334000
2020-09-03,21.769523,22.261094,21.330621,21.523739,42349300
2020-09-04,21.945080,22.111863,21.286728,21.760742,48745000
2020-09-08,21.313063,21.550069,20.839049,21.040943,49082900
2020-09-09,21.076059,21.128727,20.803940,20.926832,49427900
2020-09-10,21.093618,21.655412,20.944391,21.023394,54211700
2020-09-11,20.997059,21.348180,20.812720,21.304291,34861100
2020-09-14,21.400846,21.918750,21.269175,21.778301,49787100
2020-09-15,21.909971,21.980197,21.558850,21.839746,41954800
2020-09-16,21.830968,22.822885,21.725631,22.568321,51768200
2020-09-17,22.146979,22.322540,21.857304,22.041643,51531300
2020-09-18,21.892419,22.296208,21.857306,22.059200,115153200
2020-09-21,21.462291,21.523737,20.821494,21.102392,56188400
2020-09-22,21.049725,21.383291,20.654714,20.760050,39839500
2020-09-23,20.874165,21.181394,20.040251,20.040251,45697700
2020-09-24,20.154367,20.821498,19.803246,20.470377,43329100
2020-09-25,20.294812,20.812714,20.198253,20.751268,30229900
2020-09-28,21.058498,21.304283,20.856604,20.909271,41103500
2020-09-29,20.821496,20.821496,20.250924,20.417707,38416300
2020-09-30,20.505489,20.953169,20.408930,20.637159,43071500
2020-10-01,20.689824,20.900496,20.329925,20.681046,38879800
2020-10-02,20.321147,21.146283,20.259701,21.058502,26238600
2020-10-05,21.260398,21.593964,21.260398,21.462294,22607500
2020-10-06,21.664190,21.945087,21.102396,21.225288,30991300
2020-10-07,21.435958,21.883638,21.409624,21.778301,34647300
2020-10-08,21.839750,22.234762,21.655412,22.208427,26483400
2020-10-09,22.287430,22.392767,21.953865,22.208427,28211300
2020-10-12,22.120645,22.594658,22.076754,22.541990,25855600
2020-10-13,22.313763,22.383987,21.681745,21.716856,29939600
2020-10-14,21.304288,21.444736,20.391371,20.408928,75388100
2020-10-15,20.242143,20.268478,19.970025,20.145586,60328600
2020-10-16,20.198260,20.391376,19.847138,20.066589,43141200
2020-10-19,20.092916,20.110473,19.759352,19.785686,37423600
2020-10-20,19.952471,20.303592,19.917360,20.022696,34751200
2020-10-21,20.031470,20.145585,19.838353,19.926134,29528300
2020-10-22,19.891024,20.470374,19.847134,20.408928,32238300
2020-10-23,20.698599,20.707377,20.294810,20.435259,24558300
2020-10-26,20.163140,20.207031,19.838353,19.926134,34034100
2020-10-27,19.847133,19.847133,19.153667,19.153667,49636500
2020-10-28,18.635766,18.855217,18.258311,18.591877,54835900
2020-10-29,18.477756,18.767431,18.223194,18.556759,46184000
2020-10-30,18.521649,18.837657,18.293420,18.828880,34592400
2020-11-02,19.048331,19.294114,18.600651,19.223890,38401200
2020-11-03,19.583791,19.750574,19.302894,19.390675,38427000
2020-11-04,19.092221,19.803242,18.583096,19.206335,47203200
2020-11-05,19.303340,19.902987,19.276886,19.691347,38319700
2020-11-06,19.841256,19.902984,19.259246,19.320974,29502900
2020-11-09,21.190464,21.931204,20.546724,21.358011,102118900
2020-11-10,21.481472,21.490290,21.040555,21.331560,49029100
2020-11-11,21.366833,21.640202,21.172830,21.331560,38309200
2020-11-12,21.084642,21.296282,20.776000,20.996458,34505900
2020-11-13,21.084643,21.322739,20.925913,21.225737,30056100
2020-11-16,22.037022,22.072296,21.507922,21.957657,36954800
2020-11-17,21.631384,22.178120,21.622566,22.081120,29490400
2020-11-18,22.178120,22.883588,22.098755,22.098755,44318300
2020-11-19,22.213395,23.121683,22.019391,23.068773,44560000
2020-11-20,22.962950,23.130497,22.451485,22.469122,38469100
2020-11-23,22.883578,23.315677,22.813032,23.192219,40691400
2020-11-24,24.215155,25.335084,24.109336,25.229265,80523400
2020-11-25,24.982347,25.299808,24.691342,25.211624,38875500
2020-11-27,25.211624,25.246897,24.850073,25.096985,20281400
2020-11-30,25.070531,25.185169,24.056423,24.118151,48211000
2020-12-01,24.823618,25.290991,24.726618,24.744253,41924200
2020-12-02,24.682525,25.564359,24.559069,25.458540,35508000
2020-12-03,25.520267,26.005275,25.387992,25.714270,41264600
2020-12-04,26.014095,26.428556,25.873001,26.058186,47168800
2020-12-07,25.943544,26.128728,25.634902,25.872997,31713000
2020-12-08,25.599635,25.837728,25.044078,25.520269,32209500
2020-12-09,25.784818,25.784818,25.229264,25.617270,35276000
2020-12-10,25.326258,26.066998,25.167529,26.005270,31730200
2020-12-11,25.590811,25.917089,25.282169,25.643721,29779100
2020-12-14,26.049362,26.261002,25.141073,25.255711,28378000
2020-12-15,25.687811,26.252185,25.484990,26.216911,38866200
2020-12-16,26.137548,26.375643,25.996454,26.146366,35204800
2020-12-17,26.278640,26.366823,25.961181,25.987635,42870500
2020-12-18,25.987638,26.119914,25.396809,25.581995,53716400
2020-12-21,26.075823,26.358009,25.432084,26.058186,52731600
2020-12-22,26.146371,26.208099,25.529088,25.537905,25655900
2020-12-23,25.820091,26.887109,25.811272,26.763653,38383700
2020-12-24,26.710743,26.790106,26.155187,26.313917,14443700
2020-12-28,26.525562,26.878296,26.375651,26.393288,21658500
2020-12-29,26.587285,26.604922,26.234552,26.261007,19584400
2020-12-30,26.278643,26.490285,26.146369,26.234552,18519300
2020-12-31,26.234550,26.666649,26.164004,26.613739,21081200
2021-01-04,26.737196,26.843017,25.925909,26.190460,31421600
2021-01-05,26.534375,27.292753,26.296280,26.922382,37360000
2021-01-06,28.130495,29.100512,28.033494,28.827143,73507500
2021-01-07,29.611969,30.158705,29.382690,29.479692,50634100
2021-01-08,29.638431,29.673705,28.809505,29.268059,32324700
2021-01-11,28.783054,29.594343,28.500868,29.312157,33739300
2021-01-12,29.982339,30.440893,29.682516,29.929428,59146400
2021-01-13,29.823614,30.211620,29.656067,29.805977,35734800
2021-01-14,30.044070,30.952357,29.991158,30.643717,55856900
2021-01-15,29.171056,29.541424,28.059944,28.253948,91993100
2021-01-19,28.580225,29.135781,28.465585,28.774229,43806800
2021-01-20,28.906509,28.950604,28.483230,28.624323,29949800
2021-01-21,28.500862,28.597864,28.148129,28.218676,28240600
2021-01-22,27.636671,28.271592,27.469122,28.130497,24476100
2021-01-25,28.112855,28.527316,27.883579,28.430317,28515500
2021-01-26,28.650775,28.686046,27.654303,27.671938,28026500
2021-01-27,27.266299,27.363301,26.384465,26.604923,45074900
2021-01-28,26.922382,27.380934,26.728378,27.169294,28770200
2021-01-29,27.134019,27.504389,26.296276,26.349186,39500800
2021-02-01,26.578467,26.649013,26.172824,26.446192,23713400
2021-02-02,26.860654,27.504394,26.790107,27.116386,25302900
2021-02-03,27.089928,28.015854,26.992928,27.954126,28507800
2021-02-04,28.192971,29.059900,28.131046,28.891823,30825400
2021-02-05,29.192601,29.360678,28.759134,28.803368,24908100
2021-02-08,28.997984,29.696838,27.219891,29.546453,29223800
2021-02-09,29.378369,29.555295,29.112983,29.422600,23539800
2021-02-10,29.617214,29.802984,29.272211,29.369520,22687000
2021-02-11,29.369529,29.493376,28.635289,28.944910,22393200
2021-02-12,28.882981,29.741064,28.882981,29.661448,34473100
2021-02-16,30.139149,30.899926,30.077225,30.776079,36468200
2021-02-17,30.377996,33.129178,30.103761,32.368401,80157700
2021-02-18,32.235708,33.049564,32.005707,32.695713,43334700
2021-02-19,32.846102,33.483029,32.757638,33.465340,39023000
2021-02-22,33.323794,33.544950,32.819558,32.961098,34690000
2021-02-23,33.253020,33.412253,32.377241,32.854939,36792500
2021-02-24,32.943403,33.916488,32.854938,33.872257,42764300
2021-02-25,34.217268,34.217268,32.996486,33.226490,37233100
2021-02-26,32.819556,33.093790,31.784547,31.996855,39468000
2021-03-01,32.828404,33.102635,32.501094,32.810711,28066100
2021-03-02,32.863787,33.129173,32.722247,32.854939,19701200
2021-03-03,33.040723,34.199582,33.040723,33.341496,35365100
2021-03-04,33.279565,33.615723,32.164940,32.872639,42932500
2021-03-05,33.500714,33.721870,32.147240,33.111481,34558300
2021-03-08,33.730721,34.394190,33.412256,34.208416,38255200
2021-03-09,33.766099,34.323413,33.155710,33.730717,35854100
2021-03-10,34.217268,35.119586,33.863417,35.013432,38437200
2021-03-11,34.694964,35.022274,34.155343,34.394192,30598700
2021-03-12,34.942655,35.402659,34.871883,35.358429,28754000
2021-03-15,35.446893,35.588433,34.650730,35.119583,25892200
2021-03-16,34.827648,34.933806,34.252645,34.809956,24668300
2021-03-17,35.101891,35.774204,34.686117,35.243431,33537000
2021-03-18,35.517665,36.747292,35.517665,36.101517,57420600
2021-03-19,35.331887,35.446889,34.694960,35.057655,60291800
2021-03-22,34.748043,34.774585,34.164192,34.473812,32206000
2021-03-23,34.058038,34.544581,33.659956,33.828037,32494400
2021-03-24,33.934189,34.518041,33.713033,33.721878,24201700
2021-03-25,33.589180,34.818807,33.421099,34.765728,28773000
2021-03-26,35.296511,35.588435,34.650732,35.172661,29156100
2021-03-29,34.128806,34.809963,33.527261,34.004955,38426900
2021-03-30,34.093427,35.455749,34.031503,34.845356,36134200
2021-03-31,34.739197,35.057662,34.429576,34.562271,25832800
2021-04-01,34.464955,35.075348,34.429570,35.057655,22706900
2021-04-05,35.411508,35.676898,34.783425,34.924965,21293400
2021-04-06,34.871874,35.296496,34.730334,35.252262,20969600
2021-04-07,35.243430,35.464586,35.057660,35.376125,19393200
2021-04-08,35.269967,35.561895,34.792272,35.411507,20845000
2021-04-09,35.685742,36.083824,35.606126,35.827282,28363600
2021-04-12,35.791897,36.172286,35.738822,36.066132,21093000
2021-04-13,35.827278,35.836123,35.119580,35.199196,29333200
2021-04-14,35.119591,37.313459,34.553432,37.145382,64926900
2021-04-15,37.242681,37.384221,36.296133,37.366531,44146300
2021-04-16,37.746913,39.038467,37.667300,38.781925,57060200
2021-04-19,38.578465,39.277319,38.375002,38.817314,39124200
2021-04-20,38.392697,38.392697,37.463839,37.631920,29734000
2021-04-21,37.366532,38.357310,36.950757,38.251156,27258000
2021-04-22,38.268848,38.498852,37.755767,37.773460,24638300
2021-04-23,37.782291,39.082690,37.711523,38.799610,28024200
2021-04-26,39.038469,39.525012,38.914622,39.047314,24606600
2021-04-27,39.268465,40.002705,39.100388,39.887703,29130200
2021-04-28,39.940788,40.400789,39.746169,39.878864,20795100
2021-04-29,40.356564,41.037725,40.268102,40.905033,26880700
2021-04-30,40.515794,40.710412,39.684248,39.852325,34176500
2021-05-03,40.206174,40.383100,39.870016,40.232712,16522700
2021-05-04,40.038085,40.551169,39.516157,40.462708,26137600
2021-05-05,40.630792,40.869641,40.223866,40.639637,19620200
2021-05-06,40.879003,41.393203,40.515516,41.340012,34271500
2021-05-07,40.719432,41.331154,40.382541,41.260231,25140400
2021-05-10,41.526198,41.978339,41.304559,41.313423,28193100
2021-05-11,40.799230,41.561667,40.347085,40.533264,31478500
2021-05-12,41.517331,41.809893,40.320481,40.462330,33392900
2021-05-13,40.329348,41.481868,40.169768,41.136112,23553400
2021-05-14,41.313424,41.765568,41.198174,41.632584,17078500
2021-05-17,41.597109,42.536857,41.490723,42.465935,25212800
2021-05-18,42.465939,42.669846,41.517327,41.543922,24126000
2021-05-19,40.728298,41.065190,40.222963,40.932205,28911100
2021-05-20,40.843539,40.941060,40.134296,40.542110,26107000
2021-05-21,40.754896,41.047457,40.586449,40.675106,27312700
2021-05-24,40.781488,41.233629,40.568714,40.994263,25707400
2021-05-25,41.127252,41.685782,40.816959,40.861286,29415300
2021-05-26,40.879011,41.313420,40.426866,41.136112,26170600
2021-05-27,41.659175,42.004931,41.056318,41.455265,42572900
2021-05-28,41.535057,41.561656,41.029721,41.419807,15760100
2021-06-01,41.809890,42.031529,41.481866,41.898544,17878600
2021-06-02,42.004935,42.075858,41.295692,41.499599,18492600
2021-06-03,41.393211,41.668044,41.091783,41.189304,20206400
2021-06-04,41.721241,41.756701,41.233634,41.632584,18190300
2021-06-07,41.756689,41.827615,41.472992,41.765556,16644300
2021-06-08,41.437541,41.676908,41.047456,41.322289,21271700
2021-06-09,40.994260,41.082914,40.453462,40.710560,22617500
2021-06-10,41.198165,41.357745,39.903794,39.974720,21640000
2021-06-11,40.054514,40.506655,40.054514,40.497791,19389300
2021-06-14,40.435722,40.675092,39.753075,40.027908,25452300
2021-06-15,40.072247,40.533256,39.894936,40.302750,23865400
2021-06-16,39.850602,40.746020,39.292072,40.400265,38287700
2021-06-17,40.595316,40.746029,37.820401,37.935654,48910400
2021-06-18,36.951571,37.510101,36.765396,37.013630,61292200
2021-06-21,37.501241,38.396663,37.439183,38.370064,26444700
2021-06-22,38.485314,38.893128,37.997710,38.600567,26455200
2021-06-23,38.565102,39.283212,38.565102,38.972916,18778500
2021-06-24,39.238892,40.267295,39.194565,40.054523,27951000
2021-06-25,40.400271,41.357752,40.089979,41.118382,49074700
2021-06-28,40.781490,40.843548,39.974725,40.595314,27127500
2021-06-29,40.816944,41.118373,39.540304,39.708752,39534000
2021-06-30,39.558046,40.240693,39.407333,40.152039,18168100
2021-07-01,40.320481,40.462330,39.868340,40.258423,18658000
2021-07-02,40.160892,40.258414,39.753078,39.956985,13218500
2021-07-06,39.655565,39.735355,38.387793,38.556240,25486900
2021-07-07,38.370059,38.981784,38.228211,38.476448,21884000
2021-07-08,37.749473,38.077497,37.208674,37.518967,29148700
2021-07-09,38.281412,39.105908,37.988848,38.928596,25055900
2021-07-12,38.370069,39.230028,38.086372,39.150238,17618900
2021-07-13,38.822201,39.123629,38.130686,38.325729,25387800
2021-07-14,38.653762,40.010193,37.687418,39.850613,49618000
2021-07-15,39.531452,40.240695,39.336409,39.894939,33388100
2021-07-16,40.258426,40.364811,39.105906,39.256618,27838200
2021-07-19,37.864724,38.387791,37.492373,38.166153,43362200
2021-07-20,38.121826,40.027919,38.006573,39.753086,34556200
2021-07-21,40.152050,40.914487,40.081124,40.604191,29654600
2021-07-22,40.639638,40.737159,39.717621,39.921528,23309500
2021-07-23,39.983597,40.347084,39.380740,39.531456,23946500
2021-07-26,39.425064,40.107711,39.425064,39.903801,22976700
2021-07-27,39.531443,40.231821,39.247746,40.019047,22124500
2021-07-28,40.231823,40.816949,39.877200,40.347073,23252800
2021-07-29,40.683967,41.410941,40.497792,41.224766,24487400
2021-07-30,41.011995,41.535062,40.542123,40.728298,25794000
2021-08-02,40.816953,41.499600,40.400271,40.595314,23960700
2021-08-03,40.763761,41.614852,39.992460,41.517334,24050300
2021-08-04,41.020856,41.641445,40.816949,40.914471,22178000
2021-08-05,41.003517,41.849410,40.967900,41.840508,28092600
2021-08-06,42.294617,43.621334,42.250097,43.425442,33583900
2021-08-09,43.327483,43.932964,42.998032,43.318581,29795200
2021-08-10,43.389805,44.244600,43.354187,44.191177,28708100
2021-08-11,44.191187,45.170639,43.781594,45.108311,29203900
2021-08-12,45.197357,45.633660,45.019277,45.544621,21729900
2021-08-13,45.598049,45.776132,44.680924,44.850101,15843300
2021-08-16,44.458312,44.502832,43.576801,43.995296,22615500
2021-08-17,43.523385,43.959685,42.766532,43.372013,16887000
2021-08-18,43.060369,43.612424,42.650779,42.713108,16319300
2021-08-19,42.161050,42.695300,41.698038,42.072010,20259400
2021-08-20,41.965152,42.250084,41.706932,42.223370,15357400
2021-08-23,42.517212,42.730913,42.250089,42.392555,15551900
2021-08-24,42.517208,43.069263,42.481590,43.060360,15109100
2021-08-25,43.291876,44.182289,43.158316,43.888454,21357400
2021-08-26,44.102153,44.404893,43.532289,43.674755,21627600
2021-08-27,43.826120,44.387077,43.737076,44.351463,16873300
2021-08-30,44.306937,44.351461,43.051455,43.104881,16054100
2021-08-31,43.104882,43.621323,40.255560,40.691864,73514300
2021-09-01,40.691871,40.932283,38.528168,38.688442,84960500
2021-09-02,38.893240,39.961736,38.768583,39.685707,37629000
2021-09-03,39.614472,39.623374,39.017893,39.329536,21687500
2021-09-07,39.463100,40.032963,39.400771,39.454197,19733500
2021-09-08,39.285006,39.658982,38.848706,39.017883,21252400
2021-09-09,39.044598,39.819260,38.964461,39.498711,19776900
2021-09-10,40.068579,40.291182,39.347343,39.472004,23367400
2021-09-13,39.676796,40.789812,39.676796,40.745289,28027200
2021-09-14,40.976798,41.795976,40.745289,41.003510,36053200
2021-09-15,40.843232,41.751454,40.825424,41.528851,31535600
2021-09-16,41.760360,42.089812,40.967890,41.208302,24102400
2021-09-17,40.727490,41.573380,40.727490,41.377491,34912100
2021-09-20,40.095290,40.843237,39.926112,40.789814,30603100
2021-09-21,40.941179,41.279537,40.718576,40.825424,23049100
2021-09-22,41.395299,42.463792,41.377490,41.920643,29430700
2021-09-23,42.258993,42.891185,41.991870,42.561733,21852800
2021-09-24,42.543926,43.247353,42.499406,42.668583,20384700
2021-09-27,43.078172,43.576801,41.101455,42.348034,48927500
2021-09-28,41.858306,41.876115,40.130907,40.887756,49349100
2021-09-29,41.359680,41.982970,40.896665,41.876118,21730200
2021-09-30,41.974056,41.982962,41.065834,41.324055,22947500
2021-10-01,41.448715,42.125431,41.395293,41.867210,18021700
2021-10-04,41.867210,42.463785,41.555564,41.867210,22315200
2021-10-05,42.294612,43.140505,42.161048,42.704201,20250500
2021-10-06,42.365844,42.819953,41.902829,42.624062,17425700
2021-10-07,42.971322,43.265160,42.330227,42.526115,19272300
2021-10-08,42.624068,43.042563,42.437082,42.739822,14295400
2021-10-11,42.917894,43.149400,42.045290,42.098713,15387900
2021-10-12,42.107625,42.321323,41.422007,41.537762,18995700
2021-10-13,41.466525,41.466525,40.264469,41.003510,24150300
2021-10-14,41.564469,41.751455,39.917207,40.344604,53257700
2021-10-15,40.709680,43.398728,40.700774,43.078178,60096600
2021-10-18,42.908998,44.262426,42.864478,44.013111,33842700
2021-10-19,44.200090,44.832282,43.879541,44.823380,26500300
2021-10-20,44.689816,44.867900,44.262419,44.663105,24227900
2021-10-21,44.476122,45.054888,44.306941,44.814480,20448300
2021-10-22,45.001462,45.517900,44.956942,45.108311,21517200
2021-10-25,45.313109,45.517903,44.983657,45.072697,19330300
2021-10-26,45.170648,45.500100,44.841196,45.081608,18196300
2021-10-27,44.752145,45.402149,44.476119,44.565159,21988300
2021-10-28,44.859013,45.767234,44.832298,45.731617,26785500
2021-10-29,45.633657,45.980918,45.428863,45.553520,19788500
2021-11-01,45.909691,46.301472,45.651471,46.043251,18699000
2021-11-02,45.891877,46.052152,45.606946,45.678177,21672500
2021-11-03,45.446669,46.808999,45.428860,46.301464,24225700
2021-11-04,46.077997,46.212076,44.612082,45.246716,32005700
2021-11-05,45.586392,46.131642,45.050083,45.085835,23443200
2021-11-08,45.184160,45.917117,45.184160,45.470192,19509500
2021-11-09,45.139465,45.193097,43.986397,44.594215,28324800
2021-11-10,44.460141,45.380807,44.406509,45.014328,19827800
2021-11-11,45.067957,45.505945,44.889190,45.219913,16069700
2021-11-12,45.300355,45.586387,45.023260,45.550632,17124700
2021-11-15,45.756219,46.212084,45.568511,45.657898,20110200
2021-11-16,45.684717,45.747286,44.844495,45.023266,19244900
2021-11-17,45.067950,45.309290,44.272424,44.549519,17802700
2021-11-18,44.361813,44.853430,44.040026,44.603153,19198200
2021-11-19,43.798688,44.013214,42.699252,43.637794,30548400
2021-11-22,45.255662,45.684710,44.451195,44.996445,28549400
2021-11-23,45.327172,46.247841,45.318235,45.943932,28024400
2021-11-24,46.042251,46.247840,45.747282,45.863483,18901900
2021-11-26,43.888071,43.888071,42.627741,43.289192,29919300
2021-11-29,44.397562,44.486949,43.181928,43.941700,27677000
2021-11-30,43.003159,43.360698,42.297017,42.708187,40671700
2021-12-01,43.521599,44.200927,42.171886,42.198700,29365100
2021-12-02,42.663498,44.156231,42.466850,43.718243,29184900
2021-12-03,44.031091,44.031091,42.341713,42.681377,29221900
2021-12-06,43.780810,44.603154,43.539470,43.628857,31650100
2021-12-07,44.209854,45.157337,44.102593,44.915997,28370200
2021-12-08,44.853430,44.969632,44.084718,44.165165,19990300
2021-12-09,43.816554,44.719341,43.566277,44.415432,16927200
2021-12-10,44.951754,45.228846,44.317121,44.871307,20040900
2021-12-13,44.603160,44.656788,43.289198,43.405399,19598900
2021-12-14,43.450094,44.236683,43.441153,43.700371,17602900
2021-12-15,43.816570,44.040032,43.021043,43.745060,20284300
2021-12-16,44.442262,45.425496,44.075783,44.960693,32781100
2021-12-17,44.424384,44.451199,42.788636,42.860146,74833400
2021-12-20,42.064622,42.162943,41.340602,41.876911,29134900
2021-12-21,42.538356,43.029973,42.314893,42.735004,21249400
2021-12-22,42.672434,43.190866,42.565170,42.931648,15688000
2021-12-23,43.262371,43.736110,43.101477,43.226616,16025600
2021-12-27,43.396457,43.637797,42.976349,43.593105,11900400
2021-12-28,43.405396,43.968520,43.226625,43.280254,14320500
2021-12-29,43.441140,43.673543,43.235554,43.307064,14390700
2021-12-30,43.342822,43.718237,42.940588,42.994217,13701300
2021-12-31,42.931647,43.226619,42.761817,42.886955,12649300
2022-01-03,43.736120,45.416561,43.727180,45.345051,38978100
2022-01-04,46.104823,47.508169,46.051191,47.150627,43855100
2022-01-05,47.302576,47.499224,46.480235,46.739452,35072600
2022-01-06,47.508170,47.972969,47.070181,47.937218,29720800
2022-01-07,48.142803,49.331623,48.089171,48.956207,35149300
2022-01-10,49.608719,50.109277,48.696991,49.474640,34733500
2022-01-11,49.662347,50.171841,49.367374,50.109272,25073700
2022-01-12,50.422122,50.690277,49.841118,50.413185,34159400
2022-01-13,50.591958,51.110393,49.841123,50.055649,34037300
2022-01-14,50.815422,52.621001,50.404251,51.896984,56739600
2022-01-18,51.593066,51.941667,50.511504,50.672398,41689600
2022-01-19,51.047819,51.557313,49.581904,49.671288,34970200
2022-01-20,49.805363,50.395304,49.081342,49.161789,26972800
2022-01-21,48.714859,49.161784,47.490285,47.972961,38357600
2022-01-24,47.132754,47.812082,45.747286,47.660126,48451400
2022-01-25,47.079122,48.026605,46.078010,47.901466,40858700
2022-01-26,48.187489,49.090276,47.758441,48.393074,39687100
2022-01-27,48.804256,49.617660,47.579681,48.053421,34209200
2022-01-28,47.919339,48.464589,47.168504,48.437771,35519700
2022-01-31,48.107042,48.312627,47.400899,48.089165,34657500
2022-02-01,48.911511,49.885808,48.259000,49.698097,35870200
2022-02-02,49.403127,50.100330,49.126032,49.993069,29037100
2022-02-03,50.136727,50.540766,49.140097,49.535156,25227400
2022-02-04,50.316309,51.214173,49.804527,50.576691,33622100
2022-02-07,50.648515,51.977354,50.199583,51.474552,37480100
2022-02-08,52.076114,52.956020,51.896540,52.749512,39099600
2022-02-09,52.704620,53.315167,52.381388,53.027851,25883100
2022-02-10,53.467807,54.141205,52.794409,53.018875,36092000
2022-02-11,52.543001,54.087328,51.995303,52.354450,38650500
2022-02-14,52.534023,52.659727,51.339866,51.941433,32680500
2022-02-15,53.081722,53.261296,52.156924,52.417305,18224600
2022-02-16,51.995308,52.866237,51.672077,52.201817,22057200
2022-02-17,51.312934,51.654120,50.064900,50.415070,24946500
2022-02-18,50.415071,50.926853,49.714735,49.948181,22137900
2022-02-22,49.894304,50.388129,49.113163,49.633923,26887800
2022-02-23,50.145710,50.298348,48.269173,48.439770,21860700
2022-02-24,46.473452,47.434170,45.503760,47.326424,40917600
2022-02-25,47.739425,48.879713,47.667598,48.583420,27493500
2022-02-28,47.254581,47.945937,46.877477,47.918999,31094800
2022-03-01,47.083989,47.335393,44.902179,45.153584,54135500
2022-03-02,46.078392,47.425188,45.791075,46.886471,34894300
2022-03-03,47.003184,47.191738,45.737195,46.006557,24159700
2022-03-04,44.929120,44.947077,43.259092,43.806789,35871600
2022-03-07,43.618233,43.618233,41.095234,41.131149,56332500
2022-03-08,41.912302,43.277057,41.616006,41.714771,60018100
2022-03-09,43.806787,44.668736,43.411725,44.138996,34560200
2022-03-10,43.330924,44.507127,42.962800,44.004322,26178800
2022-03-11,44.596912,44.893209,43.483562,43.519478,23707100
2022-03-14,44.587925,45.234388,44.264693,44.767498,28166600
2022-03-15,45.036866,45.458864,44.291641,44.991974,25080600
2022-03-16,45.835971,46.886474,45.548655,46.329796,34672800
2022-03-17,45.809029,46.231026,45.099716,46.222046,29930300
2022-03-18,45.656385,46.275913,44.929117,46.168167,60963400
2022-03-21,46.383665,46.509365,45.440908,45.916775,23411500
2022-03-22,47.057063,48.664241,46.958298,47.936970,28625600
2022-03-23,47.371308,47.631689,45.880854,45.898811,27988700
2022-03-24,46.428546,46.527312,45.710256,46.087360,19677800
2022-03-25,46.213074,47.218681,46.159201,47.191746,19130900
2022-03-28,46.715873,46.787703,45.593542,46.518345,24115400
2022-03-29,47.640680,47.856166,46.257968,46.329796,20915000
2022-03-30,46.266939,46.401620,44.704658,44.991974,30913800
2022-03-31,44.668740,45.279288,43.483559,43.510494,31238500
2022-04-01,44.219806,44.417337,42.944841,43.734959,29989900
2022-04-04,43.501517,43.690068,42.747311,43.510494,23778300
2022-04-05,43.016672,43.905559,42.890972,43.205223,21757300
2022-04-06,42.819133,43.169303,42.558755,42.998707,26001200
2022-04-07,43.241138,43.366838,41.822514,42.864037,29486500
2022-04-08,43.097478,43.896576,43.034628,43.752918,23659800
2022-04-11,43.941464,45.063794,43.923506,44.291634,27041000
2022-04-12,44.605893,44.803425,43.097481,43.474583,25791900
2022-04-13,42.684465,43.654156,42.603657,43.582329,20645300
2022-04-14,41.202984,42.935862,40.430821,41.616001,65583200
2022-04-18,41.499285,42.720381,41.436434,42.352253,26120900
2022-04-19,42.549777,43.268068,42.495907,42.944839,19753300
2022-04-20,43.528445,44.327543,43.384787,43.681084,25893000
2022-04-21,44.130021,44.435294,42.738328,42.899944,19027600
2022-04-22,42.819129,43.025637,41.535183,41.607014,21676800
2022-04-25,41.086251,41.274805,39.981879,41.149105,30045500
2022-04-26,40.547542,41.301748,40.008825,40.026783,21527400
2022-04-27,39.874144,40.574477,39.631721,40.026783,19520900
2022-04-28,40.439806,40.682230,39.784366,40.556526,17431000
2022-04-29,40.439801,40.763033,39.066067,39.173813,27149400
2022-05-02,39.389294,39.541933,38.257987,39.209721,25009300
2022-05-03,39.416242,40.080659,39.200753,39.649685,21545300
2022-05-04,39.784352,41.418464,39.667629,41.283783,29468000
2022-05-05,40.624771,40.678939,39.225474,40.408104,29978600
2022-05-06,40.272689,40.516438,39.288666,40.218521,27035300
2022-05-09,39.694908,40.209488,39.026855,39.685879,27132700
2022-05-10,40.074083,40.362970,38.087982,38.891453,25276100
2022-05-11,38.918521,40.182400,38.358803,38.431023,25291600
2022-05-12,38.124082,38.286581,36.941448,37.744919,30171700
2022-05-13,38.322703,38.990753,38.169230,38.494228,21253200
2022-05-16,38.277559,38.521304,37.645617,38.106030,16837400
2022-05-17,38.810196,39.559495,38.783110,39.460190,23340500
2022-05-18,39.081023,39.099079,37.817140,38.015751,27351300
2022-05-19,37.645623,38.196315,37.528262,37.916454,25211900
2022-05-20,38.376859,38.629638,36.778955,37.618530,35410400
2022-05-23,38.575464,40.010873,38.575464,39.559486,27979100
2022-05-24,39.442131,39.514355,38.494221,39.081024,23996000
2022-05-25,38.900471,40.137269,38.846304,39.830326,22343900
2022-05-26,40.471288,41.310863,40.399065,41.166420,23502500
2022-05-27,41.256709,41.572678,41.031015,41.428234,19482600
2022-05-31,40.931708,41.771287,40.624765,41.319901,40727400
2022-06-01,41.491432,41.590738,40.083109,40.769215,20417900
2022-06-02,40.733099,41.012960,40.182407,40.922684,14633300
2022-06-03,40.471291,40.922677,40.272680,40.462261,12572400
2022-06-06,40.931712,41.428236,40.588657,40.733101,11867200
2022-06-07,40.408097,41.112262,40.290739,41.049068,13281600
2022-06-08,40.516430,40.687956,39.929627,40.290737,12364400
2022-06-09,40.245608,40.290746,38.494227,38.521309,20142400
2022-06-10,37.040756,37.410892,36.128957,36.183125,27619300
2022-06-13,35.190071,35.822012,35.000489,35.199100,27553800
2022-06-14,35.000491,35.478959,33.411609,33.790775,36817600
2022-06-15,34.305362,34.901192,33.700506,34.458832,31358100
2022-06-16,33.727586,34.061611,32.987313,33.989391,37991500
2022-06-17,34.151893,35.181053,33.853976,34.738693,59114300
2022-06-21,35.984512,36.056732,35.090765,35.199100,24884700
2022-06-22,34.657438,35.271323,34.585218,34.847019,18631700
2022-06-23,34.359528,34.630359,33.538005,34.215084,23143800
2022-06-24,34.919236,37.103944,34.765763,36.797001,39407700
2022-06-27,36.869230,37.004647,36.020625,36.327568,16996800
2022-06-28,36.986598,37.519234,36.183131,36.273407,18136600
2022-06-29,36.354644,36.589364,35.704647,35.849091,15778700
2022-06-30,35.271319,35.849093,34.558128,35.361595,20425700
2022-07-01,34.955353,36.183124,34.720630,36.038677,15333900
2022-07-05,35.208124,36.219228,34.765764,36.201172,19144500
2022-07-06,35.758825,36.137988,35.135909,35.659519,17014100
2022-07-07,36.300484,36.553263,35.867154,36.219234,21060400
2022-07-08,36.381739,36.742849,35.984520,36.273407,14437500
2022-07-11,35.812987,36.119929,35.424798,35.921322,13111600
2022-07-12,35.280352,36.535205,35.217154,35.749790,15127300
2022-07-13,35.280346,35.524092,34.675487,35.271317,14116800
2022-07-14,34.386608,34.982438,33.790778,34.973412,24355300
2022-07-15,35.569239,37.744920,35.415766,37.131035,40328300
2022-07-18,37.853261,38.629646,37.031738,37.185207,17991300
2022-07-19,37.808126,38.882424,37.690764,38.728954,25724200
2022-07-20,38.403953,38.846309,38.241453,38.566452,19111200
2022-07-21,38.349781,39.153248,38.169226,39.071999,17809000
2022-07-22,38.972698,39.297697,38.539368,38.972698,15965400
2022-07-25,39.297693,39.640747,39.008806,39.270611,20297900
2022-07-26,38.918536,39.433116,38.647705,38.728954,15446700
2022-07-27,38.801166,39.694913,38.539361,39.460190,19498400
2022-07-28,39.315742,39.568521,38.557413,39.108105,14527300
2022-07-29,39.099079,40.037960,39.099079,39.604630,17512700
2022-08-01,39.216441,39.866439,38.963666,39.306721,13668300
2022-08-02,39.261584,39.306722,38.692836,38.710892,17764000
2022-08-03,39.171302,40.236574,39.044914,39.622688,17359500
2022-08-04,39.540890,39.631787,38.759162,38.877331,15062800
2022-08-05,38.704618,40.268071,38.659166,39.777218,16021000
2022-08-08,39.968105,40.168080,39.204557,39.259094,12879700
2022-08-09,39.286360,39.804482,39.077294,39.449978,10489500
2022-08-10,40.031735,40.631665,40.031735,40.295341,14037600
2022-08-11,40.904364,41.458846,40.804375,41.131611,14038800
2022-08-12,41.377028,41.776981,41.077061,41.758801,10706000
2022-08-15,41.277042,41.649726,40.822550,41.586098,11070300
2022-08-16,41.431573,42.104220,41.222503,41.867886,12234100
2022-08-17,41.558829,42.095131,41.404300,41.940601,13151700
2022-08-18,41.940601,41.995142,41.595186,41.940601,7885900
2022-08-19,41.722449,41.831526,40.940720,41.222504,13142900
2022-08-22,40.540767,40.668028,40.104454,40.368061,12391400
2022-08-23,40.413501,40.867993,40.249883,40.331692,10475100
2022-08-24,40.295338,40.631662,40.013552,40.577122,11706700
2022-08-25,40.713468,41.377027,40.386232,41.258858,11783200
2022-08-26,41.431569,41.558826,39.940830,39.968102,13405200
2022-08-29,39.813580,40.286253,39.613605,39.922657,12504900
2022-08-30,40.231701,40.395318,39.586322,40.122623,14365000
2022-08-31,40.249891,40.531678,39.640872,39.731770,22609100
2022-09-01,39.686315,39.759036,38.904587,39.722675,13173000
2022-09-02,40.268066,40.722559,39.240911,39.431801,13025900
2022-09-06,39.731770,39.886300,38.504641,38.977314,14708700
2022-09-07,38.668257,39.913566,38.404650,39.849937,19475800
2022-09-08,39.649959,41.140695,39.395444,41.113426,18500300
2022-09-09,41.367941,41.640639,41.131606,41.204327,12875500
2022-09-12,41.522469,41.940602,41.140693,41.386120,12127900
2022-09-13,40.313513,40.477131,39.122744,39.286362,21124900
2022-09-14,39.313636,39.640871,38.404650,39.340904,15067800
2022-09-15,39.449976,40.622565,39.404524,40.122623,13173200
2022-09-16,39.722683,40.049919,39.386359,39.940838,21238800
2022-09-19,39.477243,40.549846,39.459063,40.286240,11324100
2022-09-20,39.895385,40.258981,39.168197,39.459072,19503900
2022-09-21,39.686322,39.822672,38.395564,38.422832,19207100
2022-09-22,38.622806,38.640983,37.668368,37.741089,15499000
2022-09-23,37.104801,37.250238,36.086738,36.732117,23316200
2022-09-26,36.486684,36.850280,35.759496,36.368515,21420000
2022-09-27,36.550314,36.895729,35.823126,36.386696,17541400
2022-09-28,36.268534,37.322957,36.268534,37.095711,16033500
2022-09-29,36.504868,36.986629,36.150364,36.813923,14811300
2022-09-30,36.941186,37.395679,36.523054,36.559414,21182200
2022-10-03,37.532021,37.995602,36.941179,37.795628,16827600
2022-10-04,38.322842,39.622692,38.322842,39.577244,18601300
2022-10-05,38.931851,39.577230,38.686425,39.368164,15873400
2022-10-06,38.968220,39.213646,38.368289,38.395561,15634800
2022-10-07,38.204670,38.286479,37.622919,37.986515,17186700
2022-10-10,38.122869,38.277398,37.404772,37.677467,10973700
2022-10-11,37.468402,37.559299,36.413978,36.568504,19135900
2022-10-12,36.577590,37.468396,36.323072,36.823013,16469900
2022-10-13,36.132182,38.786419,36.132182,38.522816,23808700
2022-10-14,39.813583,40.840738,39.204564,39.240921,33954200
2022-10-17,40.595302,41.077063,39.895382,39.959011,24507000
2022-10-18,41.004353,41.177059,39.831760,40.604397,24810400
2022-10-19,40.158997,40.468052,39.359088,39.649963,17876800
2022-10-20,39.704495,40.386235,39.540878,39.677227,17572700
2022-10-21,39.668141,40.795285,39.604512,40.749836,18632800
2022-10-24,40.858912,41.386122,40.749835,41.086159,16154300
2022-10-25,40.704379,41.449747,40.331695,41.240681,16362200
2022-10-26,41.504293,42.004234,41.331587,41.540653,15010800
2022-10-27,41.831517,42.258742,41.404293,41.495193,14655500
2022-10-28,41.731540,42.258754,41.331588,42.131493,14990400
2022-10-31,41.940602,42.286018,41.795165,41.804256,14000000
2022-11-01,42.340552,42.776865,42.049674,42.676876,22409100
2022-11-02,42.613247,43.222266,42.258743,42.613247,29246700
2022-11-03,42.265606,42.265606,41.542882,41.661812,17140100
2022-11-04,42.384544,42.915149,41.991162,42.759628,27082500
2022-11-07,43.116419,43.747657,42.823670,43.061527,17713300
2022-11-08,43.226197,43.427463,42.741333,43.162159,14842700
2022-11-09,42.814518,42.997487,42.036905,42.055202,18318700
2022-11-10,43.015787,44.012963,42.933451,43.866589,23091900
2022-11-11,44.003806,44.241666,43.299382,43.500645,18076600
2022-11-14,43.180454,43.518944,42.878555,42.878555,13929900
2022-11-15,43.345130,43.464057,42.302213,42.732185,19076000
2022-11-16,42.695591,42.860262,42.110093,42.274765,14713300
2022-11-17,41.826487,42.238162,41.597777,42.073494,11350900
2022-11-18,42.741332,42.787073,42.055202,42.540066,10515300
2022-11-21,42.430291,43.079826,42.430291,42.851116,11656800
2022-11-22,43.116419,43.363426,42.915153,43.098122,11684900
2022-11-23,43.107262,43.454902,42.988335,43.299381,10878500
2022-11-25,43.326831,43.582986,43.015786,43.400017,4913300
2022-11-28,43.107260,43.683610,42.924292,42.979183,12492600
2022-11-29,43.162153,43.592129,43.034076,43.518940,13344900
2022-11-30,43.290238,43.866589,42.210727,43.866589,26417000
2022-12-01,43.848287,44.076997,42.503471,42.878555,15980300
2022-12-02,42.439431,42.558361,41.058024,42.027752,29820400
2022-12-05,41.808200,41.972872,39.905331,39.941925,32574600
2022-12-06,39.960225,40.115746,39.027088,39.704071,25961400
2022-12-07,39.420458,39.649168,38.825811,38.834961,24114900
2022-12-08,39.072822,39.237494,38.523920,38.953896,17161400
2022-12-09,38.725189,39.264942,38.716039,38.880711,16023700
2022-12-12,38.972192,39.274091,38.523922,39.210052,18428900
2022-12-13,40.143187,40.326155,38.523919,38.990486,31496000
2022-12-14,38.963040,39.548537,38.377543,38.587955,22044400
2022-12-15,37.892677,38.157981,37.517592,37.846935,16766600
2022-12-16,37.535892,37.920127,37.371220,37.682266,29836200
2022-12-19,37.819495,38.340953,37.609082,38.258617,17454200
2022-12-20,37.773760,38.935608,37.481011,37.490158,25415400
2022-12-21,37.837788,38.093942,37.435256,37.618225,20170800
2022-12-22,37.243142,37.270590,36.611904,37.215698,17382700
2022-12-23,37.224854,37.508455,37.005294,37.490158,10167500
2022-12-27,37.517589,37.636519,37.151655,37.545036,10297400
2022-12-28,37.453554,37.856085,37.380368,37.618225,11889400
2022-12-29,37.645677,37.874387,37.563341,37.810349,11597100
2022-12-30,37.609075,37.901824,37.499295,37.773746,10021500
2023-01-03,38.066492,38.551356,37.920117,38.231163,15944300
2023-01-04,38.661150,39.393025,38.633706,39.017941,18943600
2023-01-05,38.953892,38.999633,38.359245,38.807514,12380700
2023-01-06,38.963043,39.338128,38.514770,39.155159,15247000
2023-01-09,39.447904,39.457054,38.569658,38.780071,21225600
2023-01-10,39.036230,39.228349,38.441586,38.752632,18348800
2023-01-11,38.770926,39.182605,38.441583,39.100269,18272100
2023-01-12,39.383864,39.841284,39.155154,39.182602,20940400
2023-01-13,37.856082,40.582304,37.014427,40.454227,41649700
2023-01-17,40.106593,40.591457,39.502799,40.362747,25473900
2023-01-18,40.216370,40.811017,39.612575,39.685764,20278000
2023-01-19,39.255791,39.521095,38.899004,39.292385,18565300
2023-01-20,39.411317,40.198076,39.118565,40.179779,23237200
2023-01-23,40.198076,41.332479,40.134037,41.195251,19692000
2023-01-24,41.085464,41.350769,40.591450,40.664639,13697200
2023-01-25,40.298710,41.552041,40.280413,41.478855,17285300
2023-01-26,41.652671,41.991164,41.314181,41.908829,16724600
2023-01-27,41.908827,42.421135,41.908827,42.192425,18161800
2023-01-30,42.000302,42.677285,41.908820,42.347942,19427400
2023-01-31,42.375394,42.887706,42.137537,42.878555,22840400
2023-02-01,42.686437,43.729354,42.512618,43.299381,21874600
2023-02-02,43.566374,43.796543,42.746973,43.483513,19058000
2023-02-03,43.271758,44.229262,43.225725,43.805752,17346900
2023-02-06,43.511130,43.971468,43.409859,43.897816,15948900
2023-02-07,43.676854,44.569910,43.593993,44.312122,21764800
2023-02-08,43.916236,44.754051,43.833375,44.422607,18070500
2023-02-09,44.625153,44.772461,43.722891,43.796543,17362100
2023-02-10,43.649240,43.925442,43.253349,43.741306,18929000
2023-02-13,43.584788,44.330536,43.391447,44.312122,16451700
2023-02-14,44.127986,44.965801,43.962264,44.652771,16844400
2023-02-15,44.118785,44.431815,43.916239,44.164822,12854000
2023-02-16,43.824170,44.017515,43.446693,43.474316,12631700
2023-02-17,43.354621,43.796545,43.290174,43.722893,13463800
2023-02-21,43.336207,43.336207,42.323465,42.572048,13652700
2023-02-22,42.305056,42.562844,42.065678,42.360294,13402900
2023-02-23,42.461564,42.756180,42.157743,42.581253,14783600
2023-02-24,42.203776,43.050796,42.074882,42.921902,16040300
2023-02-27,43.216522,43.667655,43.013976,43.069214,15468200
2023-02-28,42.967936,43.299379,42.848250,43.060005,18627200
2023-03-01,42.811424,43.198106,42.581255,42.977146,13382200
2023-03-02,42.774592,42.921900,41.780264,42.166946,19115000
2023-03-03,42.369504,43.253352,42.268229,43.133663,14947200
2023-03-06,43.161283,43.437485,42.820631,42.931114,14236000
2023-03-07,42.526016,42.599671,40.620217,40.924042,24056800
2023-03-08,40.749101,41.025307,40.141455,40.362419,14852000
2023-03-09,39.994156,40.077017,37.591195,37.867397,33599800
2023-03-10,37.361029,38.999831,36.578452,38.079155,55435400
2023-03-13,36.642902,37.333409,35.179027,35.363163,78806900
2023-03-14,38.208048,38.300114,36.247007,36.983547,52855100
2023-03-15,35.261882,35.887942,35.059336,35.768253,47324600
2023-03-16,35.565716,36.882283,35.123792,36.182568,40388800
2023-03-17,35.685389,35.685389,34.552958,34.764713,47403800
2023-03-20,35.096171,35.399996,34.479320,34.506939,34283700
2023-03-21,35.538092,35.869536,35.317132,35.427612,34664700
2023-03-22,35.639357,35.639357,34.239929,34.249138,22994400
2023-03-23,34.516132,34.654231,33.613867,33.705936,30239900
2023-03-24,33.144324,33.586248,32.453817,33.356079,35694800
2023-03-27,34.083414,34.700265,34.028172,34.497719,27454600
2023-03-28,34.396446,34.608201,33.945314,34.230724,15270000
2023-03-29,34.617401,34.994878,34.341199,34.958054,20789100
2023-03-30,35.261888,35.446023,34.221523,34.414867,22340400
2023-03-31,34.737103,34.939652,34.350420,34.414867,30287900
2023-04-03,34.543766,35.132998,34.433285,34.727901,21541000
2023-04-04,34.709477,34.801543,33.503390,33.890076,21942700
2023-04-05,33.604671,34.074214,33.392916,33.963734,15486900
2023-04-06,34.166281,35.077748,34.120248,34.893616,23484900
2023-04-10,34.709483,35.639364,34.626622,35.565712,27005800
2023-04-11,35.694601,36.403522,35.639360,36.247005,25116100
2023-04-12,36.293035,36.688926,35.805078,36.081280,20252900
2023-04-13,36.200978,36.532422,35.943189,36.514008,22397800
2023-04-14,36.596869,37.296581,36.016842,36.495594,40963100
2023-04-17,36.670519,38.023911,36.421937,38.023911,31445100
2023-04-18,37.941045,38.723621,37.876598,38.548691,27892300
2023-04-19,38.640768,39.045864,38.475046,38.889351,23310500
2023-04-20,38.548695,38.714417,38.162013,38.364559,19265500
2023-04-21,37.941047,38.115978,37.020371,37.968670,23975300
2023-04-24,37.867402,38.300117,37.784541,38.162018,17327800
2023-04-25,37.471511,37.802955,37.186100,37.333408,20728000
2023-04-26,37.047998,37.241339,36.127322,36.329868,26915600
2023-04-27,36.394319,36.624488,36.200978,36.514008,21695800
2023-04-28,36.136517,36.753368,35.869521,36.596855,20193000
2023-05-01,37.278158,37.913423,37.001953,37.186089,26564300
2023-05-02,36.836237,36.836237,35.280297,35.759048,36239500
2023-05-03,35.933980,36.523212,35.547298,35.584126,25202700
2023-05-04,34.962440,35.333593,33.774758,34.071678,53247000
2023-05-05,34.758301,35.519161,34.637679,35.203682,27039700
2023-05-08,35.658351,35.983107,35.398546,35.611958,22735400
2023-05-09,35.203685,35.881036,35.045948,35.760414,18999100
2023-05-10,36.372818,36.400654,35.166578,35.519169,17941600
2023-05-11,35.036666,35.704739,34.711910,35.565559,18536200
2023-05-12,35.686187,35.751139,34.498505,34.786148,17658600
2023-05-15,34.888216,36.280033,34.758313,35.973835,24405800
2023-05-16,35.890320,35.973830,35.556284,35.621235,21821200
2023-05-17,36.177961,37.681122,36.085171,37.541939,29241600
2023-05-18,37.412038,37.412038,36.716130,37.309971,27213900
2023-05-19,37.421322,37.541944,36.762526,37.142956,19774900
2023-05-22,37.300697,38.256410,37.207907,38.024441,27519400
2023-05-23,38.052274,39.082219,38.024439,38.237850,26116600
2023-05-24,37.940929,38.312081,37.746075,37.922371,21193700
2023-05-25,37.690399,38.312079,37.597612,37.950207,17691800
2023-05-26,37.950207,38.525490,37.820301,38.256405,17399400
2023-05-30,38.265691,38.432706,37.430599,38.024441,14752600
2023-05-31,37.384205,37.551223,36.465604,36.938824,27221100
2023-06-01,37.309967,37.606888,36.818193,37.170788,17079400
2023-06-02,37.690403,38.553330,37.467714,38.265690,16906100
2023-06-05,38.191454,38.191454,37.523381,37.532661,18443900
2023-06-06,37.486276,38.618285,37.356370,38.284248,18825100
2023-06-07,38.460544,39.100779,38.033721,39.035828,17781800
2023-06-08,38.692510,39.342025,38.562607,39.314186,17157300
2023-06-09,39.277072,39.406974,38.998706,39.091496,11098900
2023-06-12,39.072946,39.676064,38.423430,38.813141,19433400
2023-06-13,38.673955,40.214232,38.534772,39.573997,18864000
2023-06-14,39.666781,39.889474,38.961596,39.045105,14826100
2023-06-15,38.803850,39.360575,38.618274,39.304905,14188200
2023-06-16,39.509050,39.657510,39.026553,39.137897,36422100
2023-06-20,39.082220,39.100778,38.358477,38.868809,16679600
2023-06-21,38.831691,38.933758,38.534770,38.646118,11686500
2023-06-22,38.553321,38.627553,37.968757,38.098663,11504400
2023-06-23,37.606886,37.801743,37.393475,37.681118,18952000
2023-06-26,37.838867,38.247135,37.541946,37.662571,13618500
2023-06-27,37.690402,38.098671,37.430598,37.959488,11749600
2023-06-28,37.968766,37.987324,37.467714,37.690403,13959600
2023-06-29,38.488377,39.444091,38.386310,39.388420,23956300
2023-06-30,39.852357,40.102884,39.546156,39.601830,20062200
2023-07-03,39.787404,40.455474,39.657502,40.269901,9249100
2023-07-05,40.112162,40.474034,39.685339,40.344131,15722200
2023-07-06,40.102890,40.186399,39.193569,39.796688,14978600
2023-07-07,39.518319,40.297736,39.518319,39.685337,13506500
2023-07-10,39.629664,39.889472,39.230676,39.267792,16675800
2023-07-11,39.295630,39.833801,39.035825,39.657505,15401100
2023-07-12,40.186392,40.687444,39.908026,40.139996,13998300
2023-07-13,40.334856,40.603938,40.177115,40.557545,18034800
2023-07-14,41.522539,42.042152,40.177115,40.418365,30897600
2023-07-17,40.418367,41.875136,40.409087,41.513264,25173900
2023-07-18,41.541093,42.404020,41.383352,42.311230,24183200
2023-07-19,42.617432,43.211273,42.255560,42.923630,18932700
2023-07-20,43.025703,43.832959,42.877243,43.730892,18927200
2023-07-21,43.777287,43.805123,42.635998,42.645275,16215400
2023-07-24,42.654552,43.452527,42.645271,43.072094,12053200
2023-07-25,43.044255,43.276225,42.153493,42.199886,13537400
2023-07-26,43.127772,43.452532,42.784458,43.090656,19520900
2023-07-27,43.201996,43.767998,42.292676,42.468971,19509600
2023-07-28,42.728777,42.895796,42.283396,42.812286,12616400
2023-07-31,42.997863,43.313342,42.552482,42.830845,11696600
2023-08-01,42.691662,42.830845,42.069986,42.413300,12699200
2023-08-02,41.847298,41.912249,41.346246,41.847298,13911700
2023-08-03,41.809894,42.445786,41.622866,42.221355,12145400
2023-08-04,42.174587,42.735670,41.809885,41.940804,10840800
2023-08-07,42.249399,42.511236,42.006262,42.137184,10860300
2023-08-08,41.127239,41.660266,40.566160,41.594807,14520000
2023-08-09,41.351677,41.379730,40.743838,40.884109,11973800
2023-08-10,41.145941,41.510643,40.790589,40.837345,11982200
2023-08-11,40.687732,41.005678,40.566167,40.893463,7316000
2023-08-14,40.706428,41.061780,40.463295,40.902809,10677000
2023-08-15,40.332380,40.453945,39.761947,39.958324,13835900
2023-08-16,39.892858,39.958317,39.406587,39.481400,10076700
2023-08-17,39.715183,39.977020,39.518802,39.715183,12686000
2023-08-18,39.369189,40.014434,39.322433,39.743244,10797300
2023-08-21,39.883508,40.089235,39.387884,39.733887,12600400
2023-08-22,39.705838,39.808704,38.742650,38.808109,13634500
2023-08-23,38.864217,38.939026,38.546270,38.910973,11927400
2023-08-24,38.761352,39.444000,38.705243,38.742649,10363300
2023-08-25,38.939027,39.088649,38.125461,38.555622,12534700
2023-08-28,38.723945,39.341134,38.611730,39.163460,10314500
2023-08-29,39.154112,39.621680,38.948385,39.275681,14404800
2023-08-30,39.331787,39.397246,38.780057,38.845516,12536300
2023-08-31,38.976427,39.004480,38.443400,38.611725,21534900
2023-09-01,38.854864,39.266326,38.817458,38.948380,12890300
2023-09-05,38.948382,39.537514,38.630436,38.845516,14337200
2023-09-06,38.536912,38.714590,37.966479,38.359238,18775400
2023-09-07,38.088058,38.359248,37.685949,37.807518,13801000
2023-09-08,37.826214,38.452753,37.713999,38.340538,13921200
2023-09-11,38.695892,39.013838,38.536917,38.649136,15053800
2023-09-12,38.723947,40.182760,38.593029,39.780651,18393900
2023-09-13,39.939622,40.098597,39.387892,39.509460,15274200
2023-09-14,40.033134,40.575511,39.930269,40.257565,20764500
2023-09-15,39.902211,40.500700,39.846105,40.164051,47371800
2023-09-18,40.201461,40.771890,39.995730,40.612919,15849700
2023-09-19,40.725139,40.902817,40.117303,40.416546,15318100
2023-09-20,40.584861,40.884104,40.042481,40.089237,16788100
2023-09-21,39.977021,40.369776,39.546860,39.574913,14990500
2023-09-22,39.584273,39.640379,38.480813,38.555622,16780300
2023-09-25,38.228327,38.920325,38.125462,38.864220,10624000
2023-09-26,38.387297,38.630434,37.742055,38.013245,15219400
2023-09-27,37.994541,38.527568,37.835566,38.209621,11815500
2023-09-28,38.190915,38.527564,38.078700,38.256374,12454600
2023-09-29,38.527568,38.705242,37.947785,38.209621,13124500
2023-10-02,38.059992,38.116098,36.881720,37.040695,15102000
2023-10-03,36.825627,36.909789,35.974654,36.161678,19252900
2023-10-04,36.012050,36.573133,35.899835,36.442215,14343500
2023-10-05,36.245835,36.863024,36.096213,36.750809,11820600
2023-10-06,36.367405,37.302541,36.245837,37.115513,13976800
2023-10-09,36.573137,37.218379,36.563783,37.124866,12096600
2023-10-10,37.330588,37.760753,37.143564,37.237076,14429700
2023-10-11,37.414756,37.601784,36.704055,37.115513,14835900
2023-10-12,37.115514,37.414757,36.769515,37.162273,14878100
2023-10-13,38.181570,38.939027,37.844921,38.303135,28077900
2023-10-16,38.780055,39.434647,38.714596,38.948380,18419000
2023-10-17,38.742650,39.621675,38.742650,39.256973,16982300
2023-10-18,38.995130,39.219560,38.667830,38.836155,16053200
2023-10-19,38.789405,39.481407,38.490162,38.508865,16120300
2023-10-20,38.387291,38.424697,37.349290,37.657887,17498900
2023-10-23,37.648536,37.760755,36.863023,36.919132,13785800
2023-10-24,37.050051,37.246432,36.694703,36.732105,15097800
2023-10-25,36.535716,36.666635,36.077502,36.498310,13849000
2023-10-26,36.488970,37.386699,36.451564,37.078106,15480300
2023-10-27,36.825621,36.853674,36.114916,36.245834,13582800
2023-10-30,36.563783,37.022001,36.180378,36.872379,14141900
2023-10-31,37.068758,37.227733,36.694706,37.190327,11919200
2023-11-01,37.367991,37.386694,36.732099,37.040695,19850300
2023-11-02,37.493577,38.248354,37.163359,38.220047,19998500
2023-11-03,38.842725,39.493723,38.748380,39.267288,16147500
2023-11-06,39.427687,39.427687,38.823866,39.003124,15148600
2023-11-07,38.852163,38.871033,38.437037,38.720078,13796900
2023-11-08,38.748380,38.861596,38.144559,38.663467,19418700
2023-11-09,38.965379,39.040859,37.993604,38.116257,14006500
2023-11-10,38.333255,38.635166,38.078517,38.578556,14706600
2023-11-13,38.437040,38.738951,38.238909,38.465343,12159700
2023-11-14,39.154082,39.984339,39.116343,39.701298,20183800
2023-11-15,39.691854,40.597586,39.691854,40.418327,17268100
2023-11-16,40.399454,40.531540,39.616375,40.125847,16931200
2023-11-17,40.408899,40.559854,40.040942,40.531548,13893800
2023-11-20,40.437201,40.522114,40.106984,40.371159,10369100
2023-11-21,40.229634,40.314547,39.767335,40.191895,16078400
2023-11-22,40.248502,40.408894,40.003201,40.361717,11862200
2023-11-24,40.380586,40.673063,40.314543,40.493801,5287200
2023-11-27,40.229637,40.597591,40.116422,40.588158,15715000
2023-11-28,40.540987,40.993853,40.371161,40.918373,15332900
2023-11-29,41.220278,41.644841,41.163672,41.305191,16746000
2023-11-30,41.333502,42.220364,41.022154,42.069408,23247500
2023-12-01,41.993933,42.682670,41.871284,42.475105,18116100
2023-12-04,42.182619,42.767575,42.003361,42.569443,13424000
2023-12-05,42.409056,42.427926,41.899580,41.975060,14531700
2023-12-06,42.267530,42.692093,41.918447,41.984489,18923800
2023-12-07,42.258104,42.871358,42.126018,42.833622,18787800
2023-12-08,42.795874,43.720476,42.569440,43.494041,20238400
2023-12-11,43.305354,43.607265,42.994007,43.399700,21116900
2023-12-12,43.343093,44.116740,43.220445,43.843136,19787100
2023-12-13,43.871438,45.079081,43.729916,45.060211,26549100
2023-12-14,45.701772,47.692498,45.701772,47.654758,41115400
2023-12-15,47.267936,47.900064,47.098111,47.466068,44099200
2023-12-18,47.560414,47.626457,46.730158,46.852810,20531700
2023-12-19,46.862235,47.475493,46.522589,47.258495,20556400
2023-12-20,47.013202,47.711369,46.503727,46.550900,20481500
2023-12-21,46.815067,47.013199,46.352768,46.654678,11127700
2023-12-22,46.852803,47.041498,46.315024,46.399937,10450400
2023-12-26,46.381073,46.862242,46.258420,46.833939,8856600
2023-12-27,46.616938,46.767893,46.371637,46.541462,12536700
2023-12-28,46.362199,46.843372,46.315026,46.682980,9872600
2023-12-29,46.560328,46.777330,46.428243,46.437679,11733600
2024-01-02,46.277287,46.947151,46.060289,46.541462,14916000
2024-01-03,46.315027,46.315027,45.588553,45.928204,21653600
2024-01-04,46.060297,47.041509,46.013124,46.494293,15917500
2024-01-05,46.607504,47.617019,46.503722,47.098106,15074800
2024-01-08,46.588634,47.164153,46.371636,47.098106,15119700
2024-01-09,46.645242,46.664112,46.277288,46.503723,13625200
2024-01-10,46.230120,46.343335,45.862166,46.305599,11849800
2024-01-11,46.126334,46.305596,45.607426,46.267857,21049200
2024-01-12,45.239471,46.022550,44.343172,44.720562,30454100
2024-01-16,44.126175,44.399782,43.607266,44.173347,25209900
2024-01-17,43.626136,44.399783,43.597830,44.031826,17445600
2024-01-18,43.918613,43.984656,43.512920,43.814831,17901300
2024-01-19,43.994086,45.456466,43.758218,45.399857,25606900
2024-01-22,45.503641,46.164072,45.437599,45.786682,19372200
2024-01-23,45.899901,46.437680,45.664033,46.343330,16422100
2024-01-24,46.579194,47.258495,46.465979,46.692413,17776000
2024-01-25,46.871680,47.116981,46.701855,47.060375,17979600
2024-01-26,47.022625,47.645316,46.956582,47.475491,19211100
2024-01-29,47.324541,47.805710,47.164153,47.503799,16725200
2024-01-30,47.767976,48.371798,47.758539,48.296318,14736800
2024-01-31,48.126498,48.532191,47.324548,47.343418,20394400
2024-02-01,47.333913,47.476429,45.490723,46.298306,27566100
2024-02-02,46.079783,47.096388,45.661741,46.706848,19329000
2024-02-05,46.184297,46.478825,45.832761,46.269806,14202700
2024-02-06,46.098783,46.668840,45.614230,45.880260,13926600
2024-02-07,46.032278,46.174790,45.082179,46.060780,15839600
2024-02-08,45.775752,46.079784,45.661741,45.937267,10839200
2024-02-09,45.813755,45.861259,45.101181,45.661739,16594000
2024-02-12,45.604732,46.830360,45.490721,46.478821,14101900
2024-02-13,45.984775,46.279304,45.215194,45.832760,13660100
2024-02-14,46.174787,46.288801,45.566724,46.108280,12683400
2024-02-15,46.298303,49.832671,46.193791,49.443130,46473600
2024-02-16,49.348116,49.709155,48.759056,49.319614,24359700
2024-02-20,48.930076,49.633151,48.711554,49.186604,19839100
2024-02-21,49.063095,50.051198,48.578546,50.032196,18562500
2024-02-22,50.193710,51.219815,50.117700,50.706760,20467900
2024-02-23,50.858772,51.324322,50.754260,51.172306,20863500
2024-02-26,51.067795,51.837376,51.001288,51.428833,18099900
2024-02-27,51.571351,52.150911,51.533349,52.074905,19548200
2024-02-28,52.008405,52.654469,51.846887,51.989403,20045200
2024-02-29,52.293426,52.920490,52.198413,52.815979,28335600
2024-03-01,52.635461,52.967994,52.160412,52.312428,17761000
2024-03-04,52.131907,53.737575,51.998893,53.025002,19483500
2024-03-05,52.929990,54.250627,52.663964,53.775578,21786100
2024-03-06,53.984602,54.526158,53.462049,54.260132,25418600
2024-03-07,54.203125,54.801688,54.032107,54.155621,18116300
2024-03-08,54.355139,54.668674,54.041609,54.222126,17872500
2024-03-11,53.946591,54.488147,53.699567,54.241123,16622000
2024-03-12,54.393140,55.210225,54.250624,54.735176,23622800
2024-03-13,54.744676,55.523756,54.744676,54.934696,17444900
2024-03-14,54.982210,55.229237,54.269636,54.507160,24851100
2024-03-15,54.022605,55.390746,54.022605,54.640167,40782800
2024-03-18,54.725673,54.944199,54.260127,54.887192,16376500
2024-03-19,54.773181,55.048707,54.079606,54.165115,14504800
2024-03-20,53.794587,54.640175,53.471554,54.440655,22841600
2024-03-21,54.716179,55.219730,54.583166,54.963203,18141700
2024-03-22,54.925204,55.124724,54.269634,54.279137,13736600
2024-03-25,54.231623,54.469147,53.557050,53.899086,15028200
2024-03-26,54.288626,54.298129,53.766073,53.851582,11445900
2024-03-27,53.566555,54.763678,53.566555,54.735176,13762800
2024-03-28,54.782682,55.181725,54.687674,55.067711,14619000
2024-04-01,54.991703,54.991703,54.402639,54.735176,11039500
2024-04-02,54.497651,55.105713,54.336132,54.488148,14632900
2024-04-03,54.345643,55.067717,54.013107,54.279137,13226500
2024-04-04,54.849184,55.105711,53.718568,53.851582,12361900
2024-04-05,53.804083,54.744679,53.747076,54.535660,11081000
2024-04-08,54.516660,55.086718,54.450154,54.906200,15308800
2024-04-09,54.820691,55.096221,54.032108,54.706680,10643800
2024-04-10,53.956097,54.440646,53.604558,54.098610,16475200
2024-04-11,54.136617,54.155620,52.853986,53.861088,18995600
2024-04-12,53.177016,54.155616,52.578453,53.652065,27876700
2024-04-15,54.735180,55.086715,53.908595,54.127117,19407500
2024-04-16,54.060608,54.117612,52.882485,53.595058,25620000
2024-04-17,54.041608,54.754182,53.823086,54.326637,18867700
2024-04-18,54.754175,56.179322,54.364634,55.808784,24468500
2024-04-19,56.055820,57.813501,55.922806,57.338451,34334300
2024-04-22,57.385955,58.421563,57.328948,58.051022,21753400
2024-04-23,58.117528,58.678086,57.775496,57.899006,21731200
2024-04-24,57.575970,57.908506,57.053416,57.575970,19731600
2024-04-25,57.585471,57.918004,56.625869,56.939404,24002500
2024-04-26,56.796896,57.414462,56.416859,56.920410,18785900
2024-04-29,56.872902,57.290944,56.397853,56.815895,15338400
2024-04-30,56.625871,56.996412,56.340842,56.359844,18007700
2024-05-01,56.606873,57.148429,56.369348,56.549866,16365400
2024-05-02,57.119920,57.148426,56.359842,56.844395,15329500
2024-05-03,57.034419,57.252941,56.169829,56.948910,17298500
2024-05-06,57.452458,57.841998,56.853895,57.186428,16240100
2024-05-07,57.271947,57.585482,57.062928,57.252945,16268200
2024-05-08,57.148429,58.364554,57.100921,58.174534,18718400
2024-05-09,58.040759,58.642759,57.792311,58.556759,14224300
2024-05-10,58.728757,59.216095,58.728757,59.139648,14428200
2024-05-13,59.206540,59.407207,58.489870,58.537647,15203500
2024-05-14,58.824315,59.235207,58.308312,59.139648,14499600
2024-05-15,59.435875,59.770319,59.120538,59.569653,17489600
2024-05-16,59.674763,59.703429,58.260534,58.346535,21104100
2024-05-17,58.680983,58.891208,58.184091,58.365650,15795800
2024-05-20,58.270089,59.044094,57.897421,58.002533,15029000
2024-05-21,58.117202,58.958096,58.078978,58.728760,18422100
2024-05-22,58.575866,58.719201,57.820972,58.222309,10340500
2024-05-23,58.050316,58.078982,56.722087,57.027866,13056100
2024-05-24,57.371870,57.706314,57.209422,57.534313,9913000
2024-05-28,57.304973,57.505639,56.559633,56.836746,11276300
2024-05-29,56.253861,56.320750,55.823858,56.139194,12835000
2024-05-30,56.206079,56.750748,55.995854,56.578747,13580800
2024-05-31,56.636082,57.324087,56.349415,57.257195,25386600
2024-06-03,57.524755,57.524755,55.995856,56.702972,13206500
2024-06-04,56.206082,56.836752,55.747413,56.091415,12520700
2024-06-05,56.244305,56.301636,55.546746,56.072304,11199100
2024-06-06,56.167854,56.378079,54.944738,55.164516,18587400
2024-06-07,55.011631,56.072304,55.011631,55.766525,14466700
2024-06-10,55.326963,55.546742,54.820514,55.355629,12787500
2024-06-11,55.183633,55.183633,53.998736,54.591187,19197800
2024-06-12,55.690077,55.852524,54.619850,54.753628,16929800
2024-06-13,54.896965,55.059409,54.170737,54.724964,15963700
2024-06-14,54.457406,55.049853,54.103846,54.849186,15375400
2024-06-17,54.667625,55.661409,54.533848,55.651855,18361100
2024-06-18,55.623186,56.425858,55.326965,56.425858,15547400
2024-06-20,56.129634,56.569191,55.986299,56.339855,11985500
2024-06-21,55.709191,55.862080,54.772742,55.518078,62732600
2024-06-24,55.890746,56.817637,55.680521,56.387634,16198300
2024-06-25,56.158303,56.378082,54.638962,54.658073,26726900
2024-06-26,54.677183,55.231407,54.304515,54.476513,30425700
2024-06-27,53.903175,54.916071,53.826732,54.868290,13832200
2024-06-28,55.508520,56.808083,55.508520,56.750748,31074500
2024-07-01,56.960977,57.916538,56.922754,57.897427,14470200
2024-07-02,57.801868,58.461203,57.467419,58.260536,9543700
2024-07-03,58.289204,58.422982,57.486533,57.964314,6698800
2024-07-05,57.811422,57.964312,56.483193,56.970528,11436300
2024-07-08,57.304975,57.725421,56.053189,56.387634,12480000
2024-07-09,56.454531,57.734979,56.301638,57.218979,12233800
2024-07-10,56.894088,57.324091,56.741199,57.066090,12097200
2024-07-11,56.760310,58.012092,56.645640,57.486534,16852800
2024-07-12,53.702514,54.390515,53.129175,54.027405,53042800
2024-07-15,54.514735,55.651854,54.505181,55.164516,27277300
2024-07-16,55.460746,57.926091,54.973408,57.562981,25577300
2024-07-17,57.486535,58.289206,57.228533,58.203205,17371100
2024-07-18,57.926085,58.117198,56.368524,56.607414,17739000
2024-07-19,56.664747,57.113862,56.483192,56.597858,12362800
2024-07-22,56.626522,56.750746,55.938521,56.511856,13638600
2024-07-23,56.569192,57.247639,56.416302,57.018303,10927800
2024-07-24,57.113864,57.534309,56.731638,56.798527,10777100
2024-07-25,56.913192,58.031197,56.808080,57.046970,14119600
2024-07-26,57.190307,57.763645,56.922751,57.706310,12538900
2024-07-29,58.040764,58.126765,56.712532,56.941868,8986200
2024-07-30,57.773200,58.031202,57.228531,57.343197,11503900
2024-07-31,57.161641,57.448309,56.569194,56.702972,11535800
2024-08-01,56.626523,56.702969,54.008289,54.352291,17752700
2024-08-02,52.727840,53.100508,50.453605,50.893162,27642600
2024-08-05,49.020262,50.071381,47.921370,49.803822,28594000
2024-08-06,49.956707,50.606488,49.736928,50.033154,18723500
2024-08-07,50.788049,51.112940,49.832489,49.966267,18407500
2024-08-08,50.616049,50.950494,50.310270,50.415379,16176000
2024-08-09,50.357614,50.867933,50.136157,50.800529,11669000
2024-08-12,50.944952,51.484155,49.760634,50.126522,18090100
2024-08-13,50.415380,50.993095,49.885807,50.906437,12268600
2024-08-14,51.060500,51.782645,50.762015,51.667103,13217200
2024-08-15,52.475901,53.121015,52.408501,52.543301,16549400
2024-08-16,52.745505,53.371366,52.581821,53.275082,19173900
2024-08-19,53.294336,54.363112,53.207679,54.353485,12792900
2024-08-20,53.949075,54.613451,53.843160,54.064621,12533500
2024-08-21,54.343852,54.353483,53.149907,53.400249,13691700
2024-08-22,53.631334,54.276448,53.592818,53.881676,15683000
2024-08-23,54.324593,55.268199,54.228308,54.594196,17074400
2024-08-26,54.902314,55.027487,54.440142,54.613457,9478800
2024-08-27,54.603824,54.806024,54.074251,54.170536,7638500
2024-08-28,53.977967,55.229685,53.949079,54.950455,11905200
2024-08-29,55.181543,55.624458,54.411252,55.220055,9283300
2024-08-30,55.316344,56.404377,55.248944,56.298462,20377300
2024-09-03,56.442890,56.760636,55.749633,56.202175,15933600
2024-09-04,56.317717,56.808775,55.576314,55.961456,10985800
2024-09-05,56.442890,56.500663,54.440142,54.748257,18301000
2024-09-06,54.574939,54.671224,51.695984,51.994473,21853800
2024-09-09,52.697357,53.034361,52.408500,52.562557,17134800
2024-09-10,53.920191,54.016475,51.397497,51.946327,24650000
2024-09-11,51.724870,51.859670,50.482779,51.734497,17322000
2024-09-12,51.734503,52.321849,48.354864,49.654724,42594200
2024-09-13,49.933949,51.070124,49.828033,50.819778,24762000
2024-09-16,50.848675,51.927078,50.848675,51.792278,18066200
2024-09-17,51.965589,53.024734,51.965589,52.485531,15885200
2024-09-18,52.437389,53.140277,52.090758,52.244816,20109000
2024-09-19,52.966958,53.929819,52.620332,53.727619,21399000
2024-09-20,53.294330,54.199421,52.841788,54.199421,45276000
2024-09-23,54.170539,54.420885,52.861052,53.063251,14759300
2024-09-24,53.072874,53.140274,51.792272,52.148529,16365600
2024-09-25,52.264072,52.312218,51.426385,51.618958,10555700
2024-09-26,52.032990,54.988972,51.339730,54.295712,34463400
2024-09-27,54.517171,54.517171,53.727625,53.823914,13530400
2024-09-30,53.592818,54.420879,53.419503,54.391994,16284200
2024-10-01,53.920193,53.949078,53.149905,53.332848,11069400
2024-10-02,53.275077,53.737250,52.880301,53.246189,9007200
2024-10-03,53.034368,53.159537,52.389250,52.938080,8135300
2024-10-04,53.910564,55.008224,53.900933,54.844536,14582800
2024-10-07,55.104513,55.489659,54.690483,55.037113,11177800
2024-10-08,56.115520,56.115520,55.143032,55.171917,12073000
2024-10-09,55.191166,55.585938,54.950450,55.402996,12415300
2024-10-10,55.576317,56.221432,55.220056,55.605202,12744000
2024-10-11,57.733120,59.427757,57.694605,58.724869,37049200
2024-10-14,58.994468,60.997216,58.676723,59.851414,30758800
2024-10-15,60.573564,61.449767,59.918818,60.689106,24693400
2024-10-16,60.891305,61.700108,60.775759,61.517162,17412600
2024-10-17,62.094879,62.316341,61.141649,61.988964,15073500
2024-10-18,62.017857,62.374111,61.459396,61.969711,19234000
2024-10-21,62.085249,62.287448,61.546042,61.642326,15603400
2024-10-22,61.642328,62.788134,61.623074,62.402988,26164900
2024-10-23,62.364477,62.634084,61.488278,62.162277,18380900
2024-10-24,62.210424,63.134769,61.940824,62.999969,18393300
2024-10-25,63.404372,63.500656,61.863796,62.133396,14855500
2024-10-28,62.585941,63.308086,62.402995,63.173286,16158900
2024-10-29,63.057744,63.548805,62.817029,62.874805,13205500
2024-10-30,62.711102,63.933939,62.711102,62.980709,16021700
2024-10-31,62.682226,63.308087,62.229681,62.508911,12963200
2024-11-01,62.797774,63.144404,62.220059,62.277828,13313900
2024-11-04,62.162274,62.248935,60.708356,61.334217,12607400
2024-11-05,61.623079,62.104510,61.257191,61.690479,13447200
2024-11-06,70.577695,71.511664,67.352106,69.778519,63689100
2024-11-07,68.979335,69.008219,67.149898,67.226929,18681200
2024-11-08,67.798288,67.914492,67.168821,67.827339,14270900
2024-11-11,68.776388,70.935943,68.776388,70.267738,17117800
2024-11-12,70.480771,71.052136,69.831939,70.306458,17848200
2024-11-13,70.451735,71.623509,70.364582,70.471100,18823000
2024-11-14,70.548569,71.148985,70.219313,70.500153,13654800
2024-11-15,70.693822,72.059281,70.587296,71.991486,18837000
2024-11-18,72.146448,72.340127,71.391091,71.749397,18439600
2024-11-19,71.294252,71.817194,70.819727,71.110252,15412900
2024-11-20,71.342662,71.449187,70.141837,71.255508,14415400
2024-11-21,71.604143,73.637800,71.604143,72.466026,20068200
2024-11-22,72.214238,73.676537,72.194873,73.560326,14997400
2024-11-25,73.792736,74.867671,73.570006,74.470627,28636600
2024-11-26,75.051673,75.661768,73.947688,74.906410,19139100
2024-11-27,74.925785,75.332515,74.015478,74.770836,19793900
2024-11-29,75.235672,75.574614,73.734636,73.763687,9785000
2024-12-02,74.519043,74.519043,72.436970,72.901802,18274500
2024-12-03,73.415046,73.453783,71.681594,71.797806,15047900
2024-12-04,71.710660,71.904339,70.412989,70.751930,14301100
2024-12-05,71.081197,72.252970,70.790671,71.332985,17766700
2024-12-06,71.652556,72.359498,71.400775,71.981819,14798100
2024-12-09,71.962450,72.194873,70.132158,70.325844,15517500
2024-12-10,71.178031,71.178031,69.628579,69.773842,12277100
2024-12-11,70.296781,70.616358,69.192796,69.338058,11867400
2024-12-12,69.609207,69.783521,68.553645,68.563332,12446700
2024-12-13,68.611758,68.805444,67.807977,68.214714,16794500
2024-12-16,68.243756,70.006259,67.614289,69.706055,24602500
2024-12-17,68.805429,69.279947,68.156590,68.573006,15595900
2024-12-18,68.379338,69.241222,66.442521,66.587784,21201200
2024-12-19,67.207562,68.456810,66.500621,66.674934,16444600
2024-12-20,66.984823,68.795749,66.597458,68.117859,50113400
2024-12-23,67.517452,68.456809,67.420612,68.311546,11817000
2024-12-24,68.437427,69.328362,68.311537,69.328362,4442700
2024-12-26,69.173442,69.570486,68.863552,69.493019,6964300
2024-12-27,68.931329,69.473635,68.398701,68.863541,7219500
2024-12-30,68.185654,68.563332,67.565865,68.185654,8443800
2024-12-31,68.301866,68.679545,67.846713,68.021027,7031500
2025-01-02,68.253442,68.960376,67.556187,67.972603,8303300
2025-01-03,68.127549,69.163746,67.536819,69.057220,9152800
2025-01-06,69.657639,70.935938,69.270274,69.754478,15565600
2025-01-07,70.664770,70.819711,69.250894,69.328362,13522000
2025-01-08,69.250911,69.802904,68.815123,69.309013,16544700
2025-01-10,68.660177,68.689228,67.149454,67.749870,14466600
2025-01-13,67.691762,68.379331,67.362499,68.301857,10439800
2025-01-14,69.202477,69.202477,68.069440,68.941010,21909800
2025-01-15,72.979279,74.393155,71.323301,73.550636,33482900
2025-01-16,73.453797,74.025162,72.330447,73.550636,22897900
2025-01-17,73.579695,74.809571,73.114856,74.644943,20673700
2025-01-21,75.235668,75.816712,74.887041,75.390610,21057700
2025-01-22,75.119459,75.351875,74.431890,75.090408,11669500
2025-01-23,75.255032,75.826397,74.596514,74.983879,12981800
2025-01-24,74.567467,75.196934,74.567467,74.877357,10393200
2025-01-27,74.954834,75.574615,74.460943,75.477776,10637100
2025-01-28,75.409976,75.681129,74.732086,75.419655,11562000
2025-01-29,75.293772,76.484918,75.158195,75.894188,9175400
2025-01-30,76.649548,76.736701,75.613351,76.329971,11276000
2025-01-31,76.204082,76.785126,75.836082,76.310608,14980600
2025-02-03,74.790200,76.029762,74.586827,75.671448,12395200
2025-02-04,77.317749,77.327435,75.961982,76.959442,14665200
2025-02-05,77.143432,77.811629,76.678592,77.521111,17931000
2025-02-06,77.956882,78.925291,77.385525,78.847816,16988900
2025-02-07,79.091122,79.120324,76.969568,78.507210,17951400
2025-02-10,78.302840,78.409891,76.152092,76.979301,18357400
2025-02-11,76.658152,77.825984,75.723890,77.504829,16682800
2025-02-12,77.076620,77.582683,76.716544,77.125282,13440500
2025-02-13,77.300467,77.524304,76.502452,76.736015,10093400
2025-02-14,77.105832,78.186065,76.774943,77.835724,17521300
2025-02-18,77.845445,78.779706,77.358850,78.614265,15318300
2025-02-19,78.166591,78.487745,77.825976,78.195786,13917400
2025-02-20,77.962220,78.127661,75.928250,76.521896,14807100
2025-02-21,76.794404,77.319920,75.256763,75.422203,18205400
2025-02-24,75.879604,76.414854,74.361430,75.149712,12989700
2025-02-25,75.782277,75.947718,72.921097,73.962410,15683000
2025-02-26,74.303035,75.684963,74.225178,74.400352,13466800
2025-02-27,74.925871,75.830938,74.332225,74.565796,13744400
2025-02-28,74.974533,76.317532,74.536593,76.220215,24698800
2025-03-03,76.745737,76.862522,74.273834,74.964798,18013400
2025-03-04,73.446628,73.621803,69.427350,71.334808,28858200
2025-03-05,71.247211,72.629138,70.497858,72.171745,20422000
2025-03-06,71.811676,71.908993,69.709582,70.702240,19460400
2025-03-07,70.312959,70.312959,66.274220,69.145134,21256900
2025-03-10,67.685341,67.685341,63.763380,64.989601,27582900
2025-03-11,65.038279,66.186643,64.026161,65.476212,24310700
2025-03-12,66.955458,67.626954,65.884944,67.081970,18462300
2025-03-13,67.763195,67.850786,66.478585,66.624565,17471500
2025-03-14,67.597760,69.164596,67.393391,68.950493,15762300
2025-03-17,68.580675,69.641448,68.201131,68.940750,11185000
2025-03-18,69.106212,69.563612,68.502831,69.203529,11102100
2025-03-19,69.232718,71.850601,68.931032,70.809288,14453200
2025-03-20,69.913937,71.402924,69.855548,70.575706,12388300
2025-03-21,70.030723,70.828738,69.242441,70.575706,32647100
2025-03-24,71.665688,72.531826,71.373728,72.288528,10688900
2025-03-25,72.473440,72.658349,71.850599,72.249603,9499100
2025-03-26,72.395577,73.359032,71.159629,71.500244,10848100
2025-03-27,71.597563,71.597563,70.283759,70.342148,10457600
2025-03-28,70.332419,70.604918,68.074619,68.794785,13555200
2025-03-31,68.025967,70.137787,67.695079,69.865295,14855300
2025-04-01,68.940755,69.709576,68.230331,69.398155,10661000
2025-04-02,68.668266,70.527062,68.337385,70.322693,8854100
2025-04-03,65.962794,66.877594,63.656339,63.909363,25880300
2025-04-04,61.067658,61.865674,58.109160,59.345112,31050800
2025-04-07,59.062880,62.605294,56.853739,60.503201,41305800
2025-04-08,62.955649,63.870442,59.247794,60.415623,27374200
2025-04-09,59.014215,65.388610,57.836657,64.551666,42744800
2025-04-10,63.208669,63.257331,59.841437,61.418003,29026000
2025-04-11,59.890096,61.914329,58.050768,60.834087,33867000
2025-04-14,61.466661,62.293874,60.727038,61.408268,28057800
2025-04-15,61.739155,63.666070,61.602909,62.809666,20903300
2025-04-16,62.177092,63.237872,61.671033,62.264679,17351000
2025-04-17,62.653951,63.948295,62.352264,62.975105,18961800
2025-04-21,62.478778,63.413046,61.700230,62.293877,17859100
2025-04-22,62.975101,64.629528,62.975101,64.454353,17536600
2025-04-23,65.631913,67.636681,65.631913,66.118507,20678800
2025-04-24,65.884942,67.977302,65.690307,67.695076,18420900
2025-04-25,67.218211,68.308186,67.150088,67.860519,17775900
2025-04-28,67.938367,68.668259,66.828932,67.568558,16694100
2025-04-29,67.101427,69.427350,67.101427,69.193787,24563600
2025-04-30,67.802123,69.495479,67.471242,69.106201,23953000
2025-05-01,68.862906,70.527059,68.541751,69.884750,19672500
2025-05-02,71.042856,72.171760,70.916344,71.821411,18347400
2025-05-05,71.383461,72.882174,71.081775,71.870056,16070400
2025-05-06,71.179091,72.200943,70.614639,71.509979,18095100
2025-05-07,71.626763,72.308000,71.023390,71.218025,14310300
2025-05-08,71.714353,72.006305,70.682767,71.344536,19957500
2025-05-09,71.569589,71.667440,70.483421,70.894402,11136900
2025-05-12,73.379878,73.634298,72.479634,73.272240,20425500
2025-05-13,73.820220,74.935742,73.360310,74.358406,13635100
2025-05-14,74.603039,74.847672,74.201846,74.642181,14067100
2025-05-15,74.426897,74.877020,73.702788,73.966988,15303900
2025-05-16,73.937636,74.710675,73.751721,74.544327,13864600
2025-05-19,73.976773,74.769386,73.810425,74.426895,12720500
2025-05-20,73.859356,74.240982,73.458156,73.898491,10655600
2025-05-21,73.330956,73.516871,71.520671,71.618530,17711300
2025-05-22,71.569592,72.303489,70.923767,71.814224,9717000
2025-05-23,70.356226,71.618529,70.356226,71.266258,9260900
2025-05-27,72.029506,72.499196,71.481532,72.401344,11014100
2025-05-28,72.606837,72.763405,71.755521,72.146935,8711100
2025-05-29,72.812335,73.467948,71.755522,72.910187,14016600
2025-05-30,72.606829,73.193952,72.146927,73.174377,17042000
2025-06-02,72.665555,73.145032,71.696806,73.115677,11237500
2025-06-03,73.115671,74.201839,72.773188,74.025703,13193500
2025-06-04,76.031684,77.108072,73.761497,73.761497,29578000
2025-06-05,73.986564,74.133344,72.587267,73.291809,20138400
2025-06-06,74.514973,75.111876,74.201844,74.691109,10988000
2025-06-09,74.906385,75.053158,74.299695,74.818314,13453200
2025-06-10,74.524756,74.710672,73.516865,73.829994,14892900
2025-06-11,73.918062,74.094198,72.968888,73.321159,16442400
2025-06-12,72.734050,72.919966,71.598953,72.420921,14522500
2025-06-13,71.354317,72.205640,70.385575,70.806343,21168300
2025-06-16,71.824016,72.137145,71.364106,71.579384,16231500
2025-06-17,71.217331,71.638099,70.747641,70.943344,14156800
2025-06-18,71.090117,73.526652,71.011833,73.135239,23498300
2025-06-20,73.624506,74.152913,73.458158,73.781075,27677500
2025-06-23,73.516867,75.376074,73.213526,75.356506,17375700
2025-06-24,76.051259,77.059142,76.051259,76.432884,16342300
2025-06-25,76.599230,77.607113,76.315456,77.372269,13954500
2025-06-26,77.734332,78.380158,77.489700,78.243164,18214800
2025-06-27,78.282302,78.429083,77.264631,77.793037,21324200
2025-06-30,78.752005,79.358689,78.194244,78.399734,21685800
2025-07-01,78.331242,79.759893,78.194248,79.740318,20967100
2025-07-02,80.161089,80.630786,79.505477,80.591644,15195100
2025-07-03,80.865621,82.147492,80.728628,81.805008,11237300
2025-07-07,81.188530,81.795213,79.750091,80.572052,18156000
2025-07-08,80.532920,80.650338,79.290184,79.838158,18303400
2025-07-09,80.660132,80.748196,79.710958,80.033875,16135400
2025-07-10,79.857748,80.963483,79.857748,80.591644,14348100
2025-07-11,79.994731,80.904763,79.681602,80.777557,12583100
2025-07-14,80.435070,81.726728,80.356794,81.638664,20194200
2025-07-15,79.016197,79.339114,76.051256,77.166779,53938000
2025-07-16,77.196133,78.360585,76.530733,78.194237,30567500
2025-07-17,77.753903,78.918355,77.401632,77.998535,21837600
2025-07-18,78.135523,79.035768,77.186349,78.908562,21236000
2025-07-21,79.016199,79.710954,78.448651,78.556290,14506600
2025-07-22,78.556289,80.816689,78.556289,80.611198,22437000
2025-07-23,81.217895,82.127927,80.836270,81.902863,19379200
2025-07-24,82.039844,83.008593,81.335310,82.069206,19031200
2025-07-25,82.313849,82.646545,81.442959,82.509552,14072400
2025-07-28,82.509546,82.685681,80.934114,81.286385,10627100
2025-07-29,81.834366,81.902863,80.435070,80.875412,12478200
2025-07-30,81.208105,81.305956,79.564176,80.024086,15579100
2025-07-31,79.603315,80.170864,78.605219,78.898773,14813900
2025-08-01,77.489707,77.646268,75.738139,76.109978,16071300
2025-08-04,76.834081,76.843868,75.258656,75.914268,13892100
2025-08-05,76.657948,76.667736,74.524762,76.286110,15765100
2025-08-06,76.237188,77.127645,75.894697,75.943626,14157000
2025-08-07,76.599239,76.618814,75.131446,75.395653,13105600
2025-08-08,75.897629,76.950805,75.149576,76.625992,14123000
2025-08-11,76.783474,76.862210,76.015738,76.370071,14408100
2025-08-12,76.990178,78.309106,76.921279,78.230370,14365200
2025-08-13,78.427225,78.466597,75.887787,76.665367,14415100
2025-08-14,77.049230,78.328794,76.488192,78.161469,16051500
2025-08-15,78.289426,78.397697,75.799206,75.887787,15380400
2025-08-18,75.779513,76.379923,75.700777,76.222443,11660900
2025-08-19,75.946842,76.547244,75.818881,76.311020,10118500
2025-08-20,76.251976,77.246098,75.385807,76.931129,12101900
2025-08-21,76.655517,76.842532,75.868100,76.606308,9102700
2025-08-22,77.108278,78.063028,76.901581,77.856331,11282600
2025-08-25,77.639791,79.234323,77.629953,78.929199,12017000
2025-08-26,78.565016,80.346555,78.525644,80.228447,14936600
2025-08-27,79.982387,81.901725,79.962697,81.202888,15567700
2025-08-28,81.576907,81.822976,80.632001,80.691063,13963200
2025-08-29,80.681219,81.508009,80.513894,80.887917,12041200
2025-09-02,80.425303,80.533574,79.175274,80.494202,13326000
2025-09-03,80.444983,80.720579,78.761862,79.244164,11174000
2025-09-04,79.480398,80.838698,78.958732,80.543419,10822300
2025-09-05,80.356408,80.730431,77.462630,77.718544,20661400
2025-09-08,77.748071,78.535496,77.324831,77.895714,17107000
2025-09-09,78.063035,80.179233,77.757912,79.490242,17157300
2025-09-10,79.391816,79.962691,78.653608,79.037476,16460200
2025-09-11,78.939047,80.110340,78.525653,79.972542,17785800
2025-09-12,79.824889,80.356400,79.519766,80.179230,10498300
2025-09-15,80.326873,80.533570,79.854416,80.130020,9563200
2025-09-16,80.277654,80.326871,78.820928,80.110329,10705900
2025-09-17,79.943005,81.419421,79.273697,81.183197,14746100
2025-09-18,81.271786,82.206847,80.651694,82.187164,13021100
2025-09-19,82.511972,83.594676,81.626121,83.309235,36482400
2025-09-22,82.561179,83.939169,82.423381,83.821060,14545000
2025-09-23,83.811215,85.297476,82.354481,83.043480,14818500
2025-09-24,83.319085,84.027766,82.344653,82.787575,9478700
2025-09-25,82.374171,83.328921,82.246210,82.994263,8514900
2025-09-26,83.358455,84.293516,83.230494,83.673424,8502600
2025-09-29,83.368286,83.850587,82.718667,83.319077,9833700
2025-09-30,83.328918,83.781684,81.360363,82.502121,11429000
2025-10-01,81.793453,82.285592,79.500085,79.598518,16961900
2025-10-02,79.431182,79.775685,78.781563,79.234329,11420000
2025-10-03,79.746145,80.405617,79.175270,79.401649,10124900
2025-10-06,79.293388,80.179239,78.318955,79.421349,12837700
2025-10-07,79.598514,80.080808,79.273701,79.864265,10371300
2025-10-08,79.982384,80.051283,78.289425,78.476440,11277400
2025-10-09,78.653609,79.480398,78.171307,78.633919,8432200
2025-10-10,78.358322,79.175274,76.399612,76.399612,16004300
2025-10-13,77.501998,77.984300,77.049232,77.679169,14229300
2025-10-14,81.222565,84.706908,79.126057,83.230492,36260600
2025-10-15,83.830905,86.094746,83.821068,85.100624,22909400
2025-10-16,85.622286,86.055370,81.695021,82.679298,22715600
2025-10-17,83.122222,83.200966,81.015869,81.970619,18799000
2025-10-20,82.305274,84.785650,81.783601,84.667534,15777200
2025-10-21,84.765971,85.937256,83.328927,83.427353,20101100
2025-10-22,83.811224,83.821069,81.832825,82.561188,18955000
2025-10-23,82.984422,84.136032,82.433229,83.132065,14157800
2025-10-24,83.466727,85.514019,83.427355,85.051414,14011400
2025-10-27,85.533704,85.966781,84.952977,85.641975,11682000
2025-10-28,85.691179,85.927411,84.431306,85.533699,13201000
2025-10-29,85.454957,85.868352,84.323037,84.647850,16444400
2025-10-30,84.726597,85.888045,84.529737,84.638008,14830000
2025-10-31,84.136036,85.976630,83.673425,85.602608,14776700
2025-11-03,85.769926,86.508134,84.500207,85.927414,12769300
2025-11-04,85.632133,87.108549,84.529739,85.760086,16737700
2025-11-05,86.006148,86.911689,84.559267,85.582909,15609400
2025-11-06,85.533704,85.966781,84.175397,84.687225,16800200
2025-11-07,84.212286,85.181945,83.153572,85.132477,15612100
2025-11-10,85.379847,86.082357,84.548703,85.191849,13138200
2025-11-11,85.201741,86.141718,85.142376,85.280899,13851500
2025-11-12,85.399627,87.705052,85.033534,85.350159,16775200
2025-11-13,85.251217,85.973513,83.579040,83.806610,15708000
2025-11-14,83.559246,84.449755,82.084964,84.152924,15397300
2025-11-17,83.796724,84.152928,81.669400,82.540115,14457100
2025-11-18,82.540110,83.865980,82.055281,82.975471,14233900
2025-11-19,83.094207,83.925343,82.728107,83.272308,10959600
2025-11-20,84.162816,85.132482,81.451718,81.530876,12135800
2025-11-21,81.896965,82.747895,80.195114,82.233383,16169500
2025-11-24,82.213589,84.192494,81.540769,83.767036,27574500
2025-11-25,83.638405,84.637754,82.728111,84.202393,12966400
2025-11-26,84.519017,85.478787,84.232075,84.657539,9304300
2025-11-28,84.736697,85.607412,84.410176,84.944481,6545000
2025-12-01,84.924702,85.646998,84.271660,84.499237,9794000
2025-12-02,84.786171,85.874567,84.380492,85.409523,9484000
2025-12-03,85.350158,88.447141,85.350158,88.407562,14439300
2025-12-04,88.457038,89.674060,88.377880,89.258492,13433000
2025-12-05,89.040816,90.149005,88.605462,88.882507,11210900
2025-12-08,88.882499,90.059943,88.209672,89.110069,13267300
2025-12-09,89.288175,89.298071,87.843575,87.952415,17101700
2025-12-10,88.001887,89.911531,87.259798,89.733429,22729100
2025-12-11,89.585008,92.434628,89.268383,91.613380,15505100
2025-12-12,92.137797,92.434628,91.148344,91.781593,12532800
2025-12-15,92.592956,93.265784,91.514449,91.920128,13885200
2025-12-16,92.098225,92.187272,90.465627,91.217613,12981100
2025-12-17,91.781593,92.345581,91.494651,91.613380,14819000
2025-12-18,92.048745,92.899675,90.327100,90.515099,11844100
2025-12-19,90.643726,92.147691,90.633830,92.028961,37783900
2025-12-22,92.216950,93.394401,92.068539,93.285561,9512300
2025-12-23,93.245987,93.681348,93.038203,93.473564,8642100
2025-12-24,93.651662,94.839002,93.473560,94.294807,5506800
2025-12-26,94.354177,94.463018,93.720929,94.255234,5169400
2025-12-29,94.354169,94.601532,93.374614,93.523026,8624200
2025-12-30,93.730822,93.879234,92.998622,93.315247,6417800
2025-12-31,93.503240,93.681342,92.137799,92.216949,7919300
2026-01-02,92.315901,94.344274,91.831064,94.195854,9242600
2026-01-05,94.087017,96.728860,93.978184,95.363411,14384000
2026-01-06,94.393751,95.531622,94.067230,95.373306,12329200
2026-01-07,94.700484,94.878586,92.662215,93.295464,14589500
2026-01-08,93.265782,95.145743,93.196520,94.591644,12406000
2026-01-09,94.799427,95.551413,94.255233,94.937950,10261300
2026-01-12,93.829763,94.532273,92.899676,93.958389,15958100
2026-01-13,94.284914,94.740061,92.078432,92.573158,21998600
2026-01-14,89.792803,89.842278,87.131174,88.308624,33803900
2026-01-15,88.397664,88.961659,87.428005,88.021675,21738600
2026-01-16,88.021676,88.743980,87.150961,87.447792,26981600
2026-01-20,86.339611,87.705053,85.369944,85.745941,19353500
2026-01-21,85.587629,86.636446,85.122585,85.211639,17606700
2026-01-22,85.518363,88.061255,85.518363,87.111382,19668900
2026-01-23,86.577083,86.784867,85.122587,86.042778,15227500
2026-01-26,86.181300,87.358751,86.181300,87.121284,13047400
2026-01-27,87.220224,88.130518,86.557293,87.774315,15105000
2026-01-28,87.685275,88.120629,85.924043,87.101494,16395700
2026-01-29,87.754531,89.683960,87.606112,89.683960,21497000
2026-01-30,89.258500,90.089644,88.803353,89.535545,18306900
2026-02-02,89.209031,91.821184,88.951771,91.296768,13835200
2026-02-03,91.732124,93.790187,90.930670,91.336342,18099000
2026-02-04,91.672763,92.919475,91.554026,92.157593,12382800
2026-02-05,91.870649,92.078433,89.951117,91.039513,12641300
2026-02-06,92.222748,94.111949,92.033826,93.435814,13205700
2026-02-09,93.217062,94.549441,88.494064,94.072174,20544800
2026-02-10,93.773878,94.469904,89.239803,91.387527,20148400
2026-02-11,92.123315,92.550871,87.996905,88.444344,15461700
2026-02-12,88.802298,89.458550,85.342085,85.799469,16858200
2026-02-13,85.192937,86.952872,84.606287,86.485550,12425000
2026-02-17,87.330716,88.334969,86.813668,86.903160,12361900
2026-02-18,87.320773,88.891793,87.151741,88.056564,8250900
2026-02-19,87.340651,87.658839,86.107702,87.072189,10427300
2026-02-20,86.863384,88.205708,85.650318,88.195763,14255000
2026-02-23,87.668784,88.096340,83.303740,84.665955,20607000
2026-02-24,83.920217,84.705727,82.001188,84.089249,18817700
2026-02-25,84.705725,86.425886,84.486975,86.266800,16620700
2026-02-26,86.396060,87.817931,85.093509,85.809418,18768400
2026-02-27,84.188673,84.337822,79.992661,80.986977,29145000
2026-03-02,78.700063,82.597778,78.491258,82.110565,21834300
2026-03-03,80.539543,83.015386,79.396079,82.060844,19018600
2026-03-04,82.219940,83.562264,81.563688,83.452888,18061200
2026-03-05,83.174481,83.323630,80.728466,81.643234,20939200
2026-03-06,79.803751,80.111986,77.496939,79.962837,16798900
2026-03-09,78.978469,79.336424,76.423079,78.381882,24959500
2026-03-10,78.501195,79.346370,77.009722,77.854897,18481700
2026-03-11,77.606317,77.785294,76.065126,76.442963,17497300
2026-03-12,75.050923,75.110580,74.225640,74.822227,24794100
2026-03-13,75.219956,75.776770,73.609163,73.678764,15496900
2026-03-16,74.404621,75.458593,73.947237,75.319389,17836300
2026-03-17,76.065123,76.731313,75.388988,75.796661,18173400
2026-03-18,75.379045,76.452907,75.379045,75.756889,12951200
2026-03-19,75.249787,76.363422,74.255471,75.955750,18744400
2026-03-20,75.965692,77.477047,75.776769,77.158867,40461100
2026-03-23,79.038120,79.346363,77.675913,77.834999,15320800
2026-03-24,77.188693,80.012552,77.138981,79.157440,19134300
2026-03-25,79.058013,80.330735,78.879036,79.803749,17213400
2026-03-26,79.435850,79.843523,78.272503,78.570793,15430500
2026-03-27,78.173077,78.183014,76.423080,76.751205,13674900
2026-03-30,77.437273,77.775344,76.055176,76.363419,14311500
2026-03-31,77.387560,79.286698,77.009716,79.157440,19097600
2026-04-01,80.728462,81.235558,79.724202,80.111984,14979400
2026-04-02,78.958585,80.380449,78.242677,80.141815,10001800
2026-04-06,80.499765,81.404595,80.300905,81.384705,7069200
2026-04-07,80.947215,81.623342,80.440112,81.285278,8820900
2026-04-08,84.019647,85.242659,83.771069,84.178741,15130300
2026-04-09,83.969924,85.660264,83.959986,85.530998,10496100
2026-04-10,85.342084,85.411686,84.506855,84.914528,7946200
2026-04-13,84.109127,86.207133,83.592086,86.147476,14506600
2026-04-14,82.548053,82.687265,79.863405,81.235558,32845600
2026-04-15,80.459996,81.225623,79.694376,79.833580,31494000
2026-04-16,79.634707,81.404595,79.545222,80.788116,20713300
2026-04-17,81.663113,82.130442,80.569368,80.947212,24033900
2026-04-20,81.086418,81.941529,80.778175,81.504028,14240500
2026-04-21,81.683006,82.627602,80.738402,81.086418,17387300
2026-04-22,81.086420,81.414538,79.714260,80.121933,13724200
2026-04-23,80.102041,80.907442,79.286703,80.052330,13906500
2026-04-24,79.654601,79.913125,78.799489,78.968521,15419600
2026-04-27,78.938696,80.430169,78.888977,80.102043,20114400
2026-04-28,80.857720,81.484136,80.479883,81.036697,14826700
2026-04-29,80.778177,81.533859,80.241246,81.046646,19930700
2026-04-30,80.360562,82.160270,79.555169,81.762550,13535900
2026-05-01,81.782433,82.190106,80.350616,80.350616,14632700
2026-05-04,80.121932,80.410284,78.729889,78.729889,12968800
2026-05-05,78.948640,79.654603,78.560857,79.435852,11379900
2026-05-06,80.330737,81.016817,79.893235,79.962837,14347500
2026-05-07,80.231308,80.549489,78.242677,78.710007,19094800
2026-05-08,79.000000,79.029999,75.550003,75.639999,31062100
2026-05-11,75.669998,75.720001,73.190002,73.580002,25403900
2026-05-12,73.900002,75.250000,72.870003,75.180000,21003400
2026-05-13,74.150002,74.760002,73.279999,73.529999,16343900
2026-05-14,73.980003,74.489998,73.220001,73.790001,19388500
2026-05-15,73.940002,74.059998,72.779999,73.419998,16479000
2026-05-18,73.330002,74.769997,73.330002,74.370003,16934200
2026-05-19,74.480003,75.349998,73.849998,74.550003,18649800
2026-05-20,74.889999,76.300003,73.980003,75.809998,14695300
2026-05-21,75.589996,76.059998,74.910004,75.919998,9433400
2026-05-22,76.360001,76.849998,76.120003,76.400002,8728900
2026-05-26,76.910004,77.669998,76.769997,77.519997,21956700
2026-05-27,77.129997,77.709999,75.180000,76.110001,15575700
2026-05-28,75.839996,77.620003,75.349998,76.650002,14146700
2026-05-29,76.620003,77.750000,76.339996,77.540001,22322900
2026-06-01,76.750000,78.019997,76.500000,77.169998,15566900
2026-06-02,76.809998,79.540001,76.720001,79.440002,19447400
2026-06-03,78.879997,79.129997,77.400002,78.680000,15236600
2026-06-04,79.970001,81.889999,79.720001,81.620003,19452100
2026-06-05,82.150002,82.449997,81.449997,81.940002,15110600
2026-06-08,81.809998,82.540001,80.830002,80.959999,11481200
2026-06-09,81.250000,82.559998,80.930000,82.000000,15565500
2026-06-10,81.849998,83.180000,81.449997,81.970001,12580800
2026-06-11,82.550003,82.910004,80.830002,82.400002,10929900
2026-06-12,82.930000,84.099998,82.620003,83.730003,10526000
2026-06-15,84.419998,84.930000,83.029999,83.139999,14526900
2026-06-16,84.000000,85.059998,83.940002,85.050003,12400500
2026-06-17,85.129997,87.080002,83.589996,83.809998,19403500
2026-06-18,84.930000,85.570000,81.949997,82.199997,36738600
2026-06-22,82.720001,84.129997,82.690002,83.839996,18657600
2026-06-23,84.010002,84.330002,83.050003,84.129997,11612300
2026-06-24,84.190002,84.489998,83.510002,84.300003,11424900
2026-06-25,84.279999,86.300003,84.279999,84.739998,11403800
2026-06-26,84.830002,85.160004,83.099998,83.860001,20829300
2026-06-29,83.760002,84.580002,83.470001,83.510002,16658300
2026-06-30,83.699997,83.800003,82.519997,82.639999,17283400
2026-07-01,82.830002,86.050003,82.750000,85.940002,14670600
2026-07-02,86.610001,86.800003,85.089996,85.510002,10782000
2026-07-06,86.000000,87.629997,85.919998,87.449997,9914200
2026-07-07,88.029999,88.570000,86.889999,87.180000,10029500
2026-07-08,86.519997,86.769997,85.099998,85.559998,9978600
2026-07-09,85.849998,87.449997,85.650002,86.910004,13324900
2026-07-10,87.500000,87.839996,86.650002,87.160004,14054800
2026-07-13,87.889999,88.010002,86.110001,87.669998,15026800
2026-07-14,84.849998,88.680000,83.830002,85.290001,38943000
2026-07-15,85.940002,87.629997,85.699997,87.510002,28730300
2026-07-16,87.949997,88.900002,87.209999,88.070000,20161000
2026-07-17,87.739998,89.790001,86.500000,87.510002,22762700
2026-07-20,87.879997,88.570000,86.059998,86.330002,17536100
2026-07-21,86.680000,88.260002,85.889999,87.739998,17605300
2026-07-22,88.190002,88.190002,86.250000,86.419998,15478700
2026-07-23,85.779999,86.489998,85.099998,86.190002,11220700
2026-07-24,85.949997,86.949997,85.699997,86.309998,11871400
2026-07-27,87.300003,87.900002,86.900002,87.269997,10379300
2026-07-28,87.750000,88.220001,86.410004,86.870003,16570500
2026-07-29,86.849998,87.019997,83.709999,83.870003,18050400
